{"type":"FeatureCollection","name":"ADL Außengrenze","features":[{"type":"Feature","geometry":{"type":"MultiPolygon","coordinates":[[[[7.329806,49.144598],[7.316001,49.138778],[7.314425,49.137707],[7.313541,49.136754],[7.309826,49.129851],[7.298277,49.117205],[7.2932,49.11498],[7.283117,49.116653],[7.263241,49.123211],[7.243482,49.129184],[7.186703,49.130669],[7.164258,49.127077],[7.158922,49.120921],[7.105274,49.139566],[7.104659,49.140115],[7.104157,49.141],[7.101214,49.155102],[7.084914,49.151292],[7.083077,49.15048],[7.082223,49.149364],[7.082064,49.148315],[7.083176,49.144441],[7.085033,49.139923],[7.078733,49.12717],[7.067318,49.115403],[7.065428,49.113832],[7.057689,49.113099],[7.052936,49.113574],[7.050234,49.114148],[7.048691,49.114812],[7.046775,49.116671],[7.045591,49.118643],[7.031182,49.15572],[7.026929,49.169392],[7.026758,49.171953],[7.027416,49.173874],[7.011986,49.189513],[6.980242,49.20691],[6.965525,49.201062],[6.953149,49.206578],[6.913625,49.217758],[6.873563,49.215389],[6.846973,49.205097],[6.849857,49.202957],[6.851694,49.200838],[6.8613,49.1843],[6.861623,49.183112],[6.861651,49.182204],[6.861363,49.180744],[6.859056,49.174726],[6.845853,49.158472],[6.829065,49.152448],[6.789636,49.166297],[6.782721,49.168166],[6.778864,49.168489],[6.738765,49.16434],[6.720705,49.175369],[6.711682,49.188259],[6.731311,49.206087],[6.723143,49.21908],[6.719796,49.220912],[6.695742,49.21574],[6.689552,49.220988],[6.688596,49.22282],[6.689409,49.236331],[6.690491,49.247861],[6.668517,49.279485],[6.624456,49.30206],[6.615297,49.301536],[6.588786,49.321776],[6.566174,49.347994],[6.563073,49.355876],[6.574088,49.358612],[6.581832,49.356162],[6.585134,49.350682],[6.588897,49.350192],[6.601587,49.36609],[6.586784,49.384557],[6.576762,49.389163],[6.563374,49.388173],[6.540326,49.401408],[6.53768,49.408369],[6.537679,49.40954],[6.538161,49.410728],[6.538869,49.41169],[6.540288,49.413055],[6.542576,49.414442],[6.557481,49.419235],[6.54178,49.431945],[6.539763,49.433279],[6.513045,49.442949],[6.484413,49.451897],[6.455065,49.461667],[6.428546,49.47638],[6.420477,49.476313],[6.414028,49.471206],[6.411021,49.469178],[6.408128,49.467604],[6.403521,49.46586],[6.397581,49.46468],[6.393624,49.4644],[6.381505,49.464832],[6.379091,49.465095],[6.376952,49.465531],[6.374262,49.466423],[6.367586,49.469296],[6.358742,49.526781],[6.358493,49.530295],[6.35899,49.531746],[6.359589,49.532822],[6.360939,49.534178],[6.380309,49.550862],[6.381817,49.553124],[6.382512,49.555195],[6.382346,49.557117],[6.381674,49.558327],[6.380776,49.559096],[6.361463,49.568905],[6.35972,49.570157],[6.359272,49.570843],[6.359136,49.572091],[6.359588,49.573279],[6.376201,49.593168],[6.377822,49.594786],[6.382116,49.598358],[6.383162,49.59909],[6.385474,49.600084],[6.394361,49.601371],[6.398516,49.602549],[6.420184,49.61893],[6.42102,49.619861],[6.439056,49.651883],[6.439726,49.653466],[6.440131,49.655553],[6.439909,49.658005],[6.439238,49.659035],[6.438374,49.659725],[6.436241,49.660324],[6.429129,49.660068],[6.427487,49.660442],[6.426425,49.661178],[6.426036,49.661669],[6.425748,49.662605],[6.425986,49.663875],[6.427411,49.666043],[6.428267,49.666912],[6.430569,49.668887],[6.433412,49.670719],[6.45103,49.681496],[6.473056,49.694445],[6.478637,49.695959],[6.481759,49.697475],[6.499756,49.711105],[6.498544,49.725523],[6.501261,49.749945],[6.501611,49.751904],[6.502323,49.753361],[6.503847,49.754586],[6.516886,49.76911],[6.511375,49.793522],[6.505547,49.808562],[6.49805,49.81128],[6.482139,49.817827],[6.475519,49.821845],[6.454573,49.811703],[6.453123,49.81139],[6.445137,49.811321],[6.430764,49.811366],[6.429478,49.811581],[6.404834,49.819318],[6.401052,49.820695],[6.398785,49.822118],[6.397241,49.823387],[6.377585,49.840282],[6.341113,49.848333],[6.323152,49.850531],[6.29323,49.870667],[6.262204,49.880842],[6.234412,49.899584],[6.233407,49.900826],[6.227835,49.910025],[6.227689,49.910407],[6.227957,49.910994],[6.230231,49.91162],[6.226756,49.936715],[6.221867,49.949121],[6.204828,49.954815],[6.187674,49.956663],[6.187694,49.956132],[6.187325,49.95574],[6.184259,49.954272],[6.181826,49.953539],[6.180922,49.953496],[6.17953,49.95375],[6.178598,49.954471],[6.169701,49.96439],[6.167568,49.967247],[6.146798,49.998946],[6.147602,49.999932],[6.149646,50.003552],[6.150512,50.005388],[6.150967,50.007135],[6.150902,50.008151],[6.146381,50.02294],[6.145982,50.023772],[6.133084,50.043324],[6.119885,50.056635],[6.11736,50.065452],[6.13548,50.111852],[6.154413,50.141875],[6.153074,50.150026],[6.147463,50.159456],[6.141559,50.166415],[6.141077,50.167226],[6.140933,50.168022],[6.141213,50.168637],[6.145384,50.175745],[6.14734,50.178424],[6.169378,50.179315],[6.183058,50.177985],[6.185068,50.178259],[6.186745,50.1788],[6.192102,50.181615],[6.188223,50.204857],[6.177019,50.216467],[6.176154,50.217164],[6.173994,50.2182],[6.168392,50.218935],[6.167781,50.219164],[6.167511,50.219659],[6.167386,50.220249],[6.167517,50.222038],[6.167834,50.223637],[6.175074,50.233527],[6.176139,50.234631],[6.208843,50.253535],[6.215064,50.255616],[6.237012,50.261941],[6.259186,50.267216],[6.286993,50.282508],[6.286187,50.283344],[6.285548,50.28451],[6.28556,50.285628],[6.28669,50.293907],[6.306208,50.319252],[6.327464,50.323993],[6.333209,50.323174],[6.341074,50.315268],[6.35578,50.307933],[6.362811,50.305582],[6.375545,50.313295],[6.382619,50.321389],[6.403892,50.323268],[6.406371,50.335044],[6.397703,50.343062],[6.395695,50.344612],[6.357908,50.37038],[6.340757,50.379006],[6.344956,50.38443],[6.363661,50.401056],[6.364988,50.402798],[6.369005,50.41035],[6.376621,50.436181],[6.376017,50.443215],[6.374798,50.449372],[6.374132,50.451493],[6.371407,50.456153],[6.364636,50.454657],[6.361202,50.454858],[6.348269,50.457925],[6.340301,50.462287],[6.339748,50.46279],[6.339481,50.463573],[6.338195,50.474558],[6.338351,50.47551],[6.340933,50.483011],[6.341509,50.483843],[6.332837,50.492262],[6.315421,50.496974],[6.308821,50.500781],[6.28077,50.502685],[6.221918,50.501857],[6.192651,50.521235],[6.187702,50.527079],[6.178783,50.541599],[6.175039,50.558079],[6.219789,50.582073],[6.242888,50.587083],[6.269855,50.619024],[6.270383,50.620855],[6.270314,50.624908],[6.265944,50.627632],[6.263612,50.628033],[6.257499,50.625916],[6.255781,50.625645],[6.233709,50.624535],[6.189031,50.627499],[6.166629,50.643839],[6.170354,50.644637],[6.183344,50.645339],[6.180384,50.650213],[6.118121,50.719986],[6.111825,50.722911],[6.098321,50.723065],[6.043947,50.718478],[6.039165,50.718446],[6.036448,50.720126],[6.033629,50.728067],[6.034548,50.733439],[6.040585,50.738044],[6.039892,50.745427],[5.997838,50.785572],[5.975123,50.797623],[5.976662,50.80301],[5.984894,50.810976],[6.004751,50.80175],[6.010145,50.804078],[6.023683,50.813742],[6.027872,50.820042],[6.02468,50.828221],[6.021132,50.830338],[6.019991,50.833314],[6.021758,50.84556],[6.055091,50.855964],[6.056336,50.856048],[6.057347,50.855753],[6.057765,50.855102],[6.058056,50.851021],[6.073485,50.847347],[6.074243,50.847755],[6.088137,50.872991],[6.08838,50.87748],[6.08003,50.884085],[6.075718,50.889266],[6.075296,50.890403],[6.075284,50.892323],[6.075595,50.894597],[6.080375,50.907119],[6.080887,50.908031],[6.087029,50.913763],[6.092913,50.917718],[6.093805,50.918536],[6.094421,50.919857],[6.094781,50.921466],[6.093994,50.921653],[6.072567,50.923218],[6.05549,50.926415],[6.018646,50.935023],[6.015606,50.947878],[6.013372,50.961682],[6.025442,50.980969],[6.025647,50.982103],[6.025056,50.98364],[5.986424,50.982058],[5.967058,50.979294],[5.918664,50.97784],[5.904137,50.987256],[5.879577,51.017413],[5.878805,51.018563],[5.867879,51.045346],[5.865999,51.051131],[5.913346,51.066527],[5.918573,51.064019],[5.926581,51.048134],[5.937042,51.036897],[5.952158,51.036569],[5.966764,51.044809],[5.967809,51.046112],[5.968498,51.047689],[5.971426,51.060883],[5.981407,51.072205],[5.9953,51.081901],[6.010109,51.090774],[6.017084,51.094126],[6.020691,51.092804],[6.022605,51.092841],[6.031738,51.095058],[6.035883,51.09646],[6.080685,51.12226],[6.087846,51.127362],[6.097996,51.135244],[6.134216,51.144905],[6.1531,51.147962],[6.163009,51.148953],[6.175745,51.158627],[6.139928,51.17305],[6.140095,51.173706],[6.180076,51.186033],[6.180077,51.18679],[6.165748,51.194137],[6.124104,51.181616],[6.12084,51.180052],[6.114283,51.17511],[6.112502,51.174079],[6.109919,51.1729],[6.106858,51.17192],[6.099279,51.170508],[6.096461,51.170438],[6.09347,51.170532],[6.08417,51.17138],[6.082916,51.171594],[6.082083,51.172058],[6.073421,51.183294],[6.067611,51.220354],[6.07194,51.242231],[6.085572,51.247731],[6.123841,51.274396],[6.153834,51.307544],[6.158246,51.314124],[6.162903,51.323769],[6.169083,51.332379],[6.190278,51.339712],[6.225995,51.360882],[6.22427,51.365659],[6.215,51.387734],[6.206026,51.400537],[6.220015,51.454209],[6.223555,51.46946],[6.22347,51.470989],[6.213139,51.511752],[6.212424,51.513213],[6.206593,51.520876],[6.200783,51.526919],[6.157445,51.566342],[6.125369,51.586786],[6.091791,51.606002],[6.093853,51.622455],[6.09823,51.62151],[6.117942,51.656021],[6.10146,51.65986],[6.078962,51.662796],[6.040122,51.672016],[6.031322,51.676613],[6.030238,51.677618],[6.026584,51.707807],[6.026775,51.708824],[6.02734,51.709566],[6.030426,51.711089],[6.034022,51.712297],[6.044,51.712926],[6.044584,51.713191],[6.046477,51.716084],[6.046288,51.716536],[6.032484,51.724154],[5.99285,51.738413],[5.989752,51.738764],[5.955317,51.738626],[5.952756,51.742467],[5.952832,51.748977],[5.98998,51.766108],[5.990888,51.769847],[5.977024,51.797123],[5.963006,51.806365],[5.955597,51.810092],[5.946135,51.824591],[5.962959,51.83689],[5.96896,51.834334],[5.971137,51.833652],[5.986365,51.831195],[5.98943,51.830942],[5.991764,51.831022],[5.996892,51.831677],[6.00272,51.832907],[6.010843,51.83536],[6.055114,51.852592],[6.102787,51.848377],[6.166269,51.8409],[6.164722,51.860335],[6.137447,51.885684],[6.136154,51.886565],[6.120462,51.89133],[6.117912,51.891948],[6.12555,51.898691],[6.153869,51.903993],[6.169677,51.901832],[6.188235,51.892172],[6.185959,51.886538],[6.187597,51.882471],[6.188472,51.881538],[6.194004,51.877856],[6.196485,51.876405],[6.199747,51.874856],[6.203671,51.873232],[6.211633,51.870619],[6.219682,51.868611],[6.2464,51.869608],[6.269871,51.87407],[6.272142,51.874691],[6.27732,51.874425],[6.291058,51.870696],[6.298083,51.868549],[6.334014,51.851751],[6.380151,51.835009],[6.397502,51.829521],[6.407802,51.828489],[6.403989,51.835313],[6.389523,51.864733],[6.389425,51.865811],[6.390281,51.874057],[6.392314,51.873947],[6.451606,51.865183],[6.458219,51.85839],[6.459923,51.857223],[6.464044,51.855219],[6.466378,51.854659],[6.470891,51.854128],[6.498536,51.86137],[6.528979,51.876149],[6.579623,51.891903],[6.636843,51.90403],[6.640785,51.905104],[6.673329,51.915515],[6.683181,51.917012],[6.694588,51.915775],[6.697007,51.910196],[6.72133,51.896344],[6.731827,51.898975],[6.769804,51.917008],[6.788024,51.929845],[6.794081,51.936862],[6.798753,51.958911],[6.81321,51.962738],[6.82829,51.964483],[6.831887,51.971385],[6.832194,51.972826],[6.829535,51.986218],[6.825946,51.993258],[6.752582,52.028492],[6.715447,52.0399],[6.68757,52.04002],[6.686647,52.053933],[6.687025,52.054999],[6.695327,52.070955],[6.734877,52.075155],[6.748373,52.083561],[6.749342,52.084744],[6.757636,52.100252],[6.758361,52.102274],[6.760108,52.118819],[6.822285,52.118635],[6.855104,52.12057],[6.870325,52.129427],[6.871829,52.130562],[6.872772,52.131761],[6.880865,52.156069],[6.906591,52.175369],[6.90784,52.176055],[6.910168,52.176629],[6.951167,52.181078],[6.974213,52.205793],[6.979977,52.219091],[6.980818,52.22053],[6.982088,52.222098],[6.985107,52.224942],[6.987865,52.226995],[6.991666,52.22752],[7.003929,52.2286],[7.005956,52.228551],[7.01311,52.227625],[7.018824,52.224829],[7.039029,52.227882],[7.05003,52.231468],[7.056504,52.234257],[7.061459,52.237164],[7.063378,52.239308],[7.063841,52.240167],[7.063741,52.24129],[7.0427,52.256315],[7.02855,52.274129],[7.026323,52.289119],[7.026573,52.290828],[7.02726,52.292577],[7.056085,52.337904],[7.056634,52.338613],[7.072303,52.352306],[7.072576,52.373048],[7.063792,52.389822],[7.05899,52.398346],[7.054119,52.400637],[7.035111,52.40262],[7.021887,52.422846],[6.993053,52.465467],[6.991678,52.46703],[6.987854,52.469169],[6.977869,52.464916],[6.973437,52.459591],[6.968207,52.452451],[6.96404,52.44735],[6.962295,52.445561],[6.959912,52.443825],[6.952374,52.439281],[6.949757,52.437907],[6.946664,52.4366],[6.941893,52.435451],[6.862825,52.4513],[6.854129,52.459653],[6.775372,52.459626],[6.754171,52.463551],[6.697739,52.486472],[6.705123,52.520536],[6.681456,52.551935],[6.683128,52.552762],[6.715564,52.548967],[6.766222,52.561974],[6.765209,52.564031],[6.764149,52.564863],[6.71875,52.589092],[6.722558,52.619807],[6.725049,52.633238],[6.742302,52.645589],[6.756933,52.648699],[6.780791,52.652668],[6.78395,52.652964],[6.790823,52.652734],[6.794149,52.652259],[6.806115,52.649889],[6.818645,52.648192],[6.852586,52.649302],[6.861503,52.649949],[6.863247,52.650164],[6.865114,52.650697],[6.870258,52.652608],[6.872216,52.652747],[6.893408,52.651545],[6.896723,52.651005],[6.91283,52.64638],[6.913719,52.645623],[6.915077,52.641981],[6.915581,52.64142],[6.9165,52.640844],[6.919003,52.64027],[6.935769,52.638614],[6.937711,52.638573],[6.950451,52.639335],[6.954675,52.63981],[6.965492,52.641883],[6.967725,52.64247],[6.973155,52.645302],[6.974631,52.645724],[6.9762,52.645724],[7.000441,52.641397],[7.003292,52.640336],[7.006302,52.638173],[7.010343,52.637209],[7.040621,52.632967],[7.053438,52.643848],[7.07104,52.8],[7.0917,52.838196],[7.087291,52.850727],[7.106833,52.867601],[7.181121,52.940932],[7.20433,52.990086],[7.208634,53.000218],[7.212288,53.012492],[7.198935,53.081186],[7.202629,53.113023],[7.185106,53.121349],[7.180601,53.138116],[7.180989,53.139323],[7.190693,53.159607],[7.201645,53.173525],[7.208543,53.172586],[7.212456,53.172728],[7.214694,53.173049],[7.230903,53.177406],[7.215523,53.216043],[7.207666,53.243597],[7.219467,53.249474],[7.220606,53.250503],[7.223604,53.254155],[7.226621,53.258788],[7.228255,53.261828],[7.234455,53.278998],[7.235236,53.282239],[7.234978,53.28835],[7.237172,53.300482],[7.243743,53.317624],[7.248277,53.326615],[7.267874,53.326988],[7.260382,53.329553],[7.256766,53.330096],[7.237021,53.331894],[7.168193,53.335407],[7.154366,53.335579],[7.147189,53.335096],[7.132159,53.334882],[7.076355,53.334238],[7.059514,53.334307],[7.027706,53.336246],[7.023746,53.336898],[7.018776,53.339097],[7.01452,53.34235],[7.003729,53.352319],[7.000845,53.356051],[6.998629,53.36028],[6.998305,53.373029],[7.010879,53.404715],[7.011488,53.433046],[7.013809,53.440624],[7.025954,53.477341],[7.047473,53.50703],[7.047275,53.508005],[7.046606,53.50903],[7.043744,53.511451],[7.035732,53.520969],[7.034496,53.523039],[7.031074,53.530598],[7.0309,53.532033],[7.031245,53.53359],[7.031993,53.534429],[7.033368,53.535377],[7.037625,53.536729],[7.03952,53.537016],[7.042425,53.537142],[7.046482,53.537202],[7.048206,53.53698],[7.072925,53.527729],[7.098385,53.522209],[7.122161,53.525912],[7.128689,53.529168],[7.136736,53.534668],[7.137229,53.535131],[7.141873,53.542103],[7.119564,53.550552],[7.094755,53.563839],[7.086825,53.570007],[7.086017,53.570875],[7.085802,53.572074],[7.089516,53.580453],[7.091106,53.581774],[7.159035,53.629854],[7.191696,53.645941],[7.240884,53.669147],[7.251614,53.672298],[7.293102,53.680683],[7.322029,53.684307],[7.331675,53.684977],[7.354955,53.685678],[7.362677,53.685524],[7.370643,53.683027],[7.372805,53.682866],[7.408082,53.682916],[7.436554,53.684074],[7.480504,53.683328],[7.4907,53.680888],[7.496401,53.678823],[7.510021,53.673236],[7.517181,53.671511],[7.524742,53.671217],[7.552198,53.675677],[7.556971,53.675413],[7.572639,53.677529],[7.632923,53.689847],[7.671937,53.698369],[7.677843,53.699825],[7.688191,53.701472],[7.704319,53.703267],[7.708122,53.703038],[7.710632,53.701701],[7.715443,53.700874],[7.724219,53.699857],[7.734453,53.699754],[7.74303,53.699972],[7.753026,53.700751],[7.76035,53.701615],[7.765843,53.702698],[7.771513,53.704109],[7.782698,53.708436],[7.785368,53.709124],[7.8094,53.711609],[7.82941,53.711259],[7.837885,53.711702],[7.869059,53.714436],[7.873075,53.715196],[7.8755,53.7162],[7.876825,53.716345],[7.911395,53.718645],[7.914342,53.718536],[7.929692,53.716536],[7.943934,53.716857],[7.964418,53.716191],[8.012183,53.71252],[8.025501,53.708813],[8.030375,53.707041],[8.032,53.705896],[8.032228,53.705352],[8.032778,53.699915],[8.032489,53.699127],[8.030439,53.696003],[8.025834,53.691731],[8.024674,53.684947],[8.031018,53.661961],[8.032861,53.657728],[8.035119,53.654464],[8.044162,53.642472],[8.044701,53.642033],[8.045488,53.64177],[8.047966,53.64154],[8.06023,53.643275],[8.069453,53.645821],[8.069841,53.646179],[8.069842,53.647258],[8.07107,53.647759],[8.082004,53.645663],[8.085568,53.644429],[8.091511,53.638431],[8.114532,53.616601],[8.116464,53.614175],[8.11863,53.610216],[8.121739,53.601403],[8.12261,53.599855],[8.134808,53.584177],[8.14735,53.570373],[8.154829,53.563566],[8.168808,53.545212],[8.169628,53.542288],[8.164819,53.540201],[8.163536,53.53935],[8.158147,53.532603],[8.158182,53.531094],[8.160912,53.529995],[8.164696,53.529203],[8.169812,53.53571],[8.170007,53.539418],[8.170823,53.539685],[8.172038,53.536139],[8.172026,53.535518],[8.171544,53.534637],[8.163092,53.520812],[8.162206,53.519887],[8.154181,53.514511],[8.152978,53.514173],[8.098537,53.501266],[8.093845,53.500482],[8.090634,53.500204],[8.080026,53.50005],[8.076441,53.500249],[8.07342,53.500882],[8.060571,53.504971],[8.059931,53.495599],[8.060673,53.487423],[8.062354,53.479418],[8.064119,53.474777],[8.067891,53.46872],[8.071725,53.463706],[8.076529,53.459125],[8.081112,53.455781],[8.093342,53.448144],[8.098418,53.445384],[8.110761,53.447719],[8.117412,53.451435],[8.121259,53.452157],[8.136339,53.45296],[8.141256,53.452002],[8.149843,53.449433],[8.155842,53.445124],[8.181246,53.424368],[8.189186,53.417666],[8.19493,53.412316],[8.196426,53.408172],[8.203284,53.403058],[8.206016,53.401455],[8.231347,53.397474],[8.234944,53.397135],[8.245946,53.397338],[8.250051,53.397943],[8.253057,53.398879],[8.263987,53.403745],[8.28036,53.414093],[8.298138,53.431999],[8.311574,53.451478],[8.313584,53.455272],[8.315247,53.463618],[8.315982,53.503629],[8.31474,53.515537],[8.311602,53.520372],[8.310605,53.521307],[8.306973,53.523346],[8.302892,53.524712],[8.300461,53.525046],[8.295363,53.524416],[8.272292,53.51885],[8.267482,53.517927],[8.263244,53.517904],[8.229944,53.5201],[8.237314,53.562588],[8.240097,53.577697],[8.240571,53.579063],[8.250509,53.592882],[8.253345,53.595343],[8.257995,53.598376],[8.273213,53.60667],[8.281191,53.610014],[8.302061,53.615519],[8.310504,53.616289],[8.316161,53.615922],[8.327464,53.614215],[8.333349,53.612898],[8.339421,53.61056],[8.349213,53.606317],[8.359101,53.59731],[8.365195,53.591025],[8.37029,53.586312],[8.381374,53.577055],[8.384605,53.574584],[8.395525,53.569872],[8.460029,53.55356],[8.464001,53.552862],[8.516537,53.549438],[8.548116,53.539209],[8.549709,53.538335],[8.55068,53.53755],[8.551431,53.536268],[8.554806,53.525507],[8.55255,53.515512],[8.558933,53.510677],[8.566764,53.544419],[8.557512,53.55293],[8.52333,53.592532],[8.526775,53.593881],[8.507942,53.621219],[8.489379,53.646131],[8.483287,53.653906],[8.482342,53.655374],[8.482145,53.656341],[8.480904,53.687771],[8.481119,53.693931],[8.481571,53.694963],[8.496592,53.715456],[8.51914,53.746736],[8.521468,53.750566],[8.52859,53.768114],[8.537721,53.791688],[8.537548,53.792503],[8.539645,53.800867],[8.541486,53.805848],[8.548075,53.817707],[8.565257,53.845573],[8.598514,53.874231],[8.612334,53.881998],[8.634335,53.887793],[8.638148,53.888632],[8.666665,53.893396],[8.671223,53.893894],[8.680811,53.894151],[8.688194,53.892956],[8.688197,53.892148],[8.685512,53.891596],[8.684881,53.887786],[8.684993,53.885092],[8.686772,53.882557],[8.689617,53.879993],[8.692972,53.878298],[8.700676,53.879911],[8.701659,53.880042],[8.702425,53.879909],[8.703093,53.879577],[8.72795,53.859994],[8.753613,53.845881],[8.775497,53.837408],[8.783972,53.834757],[8.792323,53.833336],[8.820656,53.8317],[8.86762,53.829774],[8.892892,53.829052],[8.918946,53.831417],[8.97674,53.840172],[8.980382,53.840288],[8.983109,53.84007],[9.022603,53.835783],[9.018007,53.838244],[9.016212,53.83967],[8.994517,53.872582],[9.022261,53.879383],[9.018481,53.896131],[8.996985,53.893106],[8.983399,53.890991],[8.979286,53.890743],[8.965589,53.893963],[8.95519,53.898946],[8.923068,53.920071],[8.915512,53.925662],[8.906176,53.934501],[8.894206,53.949765],[8.877495,53.972629],[8.877054,53.97708],[8.855151,54.000412],[8.83238,54.023486],[8.82045,54.023839],[8.816746,54.025325],[8.842267,54.037821],[8.84556,54.039132],[8.849936,54.04043],[8.864072,54.043616],[8.878765,54.04582],[8.921067,54.041169],[8.929493,54.037781],[8.936568,54.033737],[8.948068,54.033485],[8.95779,54.03516],[8.968464,54.037573],[8.971911,54.038936],[8.975892,54.041608],[8.977468,54.043217],[8.979271,54.045781],[8.982898,54.052473],[8.984276,54.055418],[8.984576,54.056895],[8.98465,54.060004],[8.983761,54.062697],[8.97768,54.069316],[8.945714,54.096482],[8.927712,54.129224],[8.92682,54.130192],[8.92373,54.131869],[8.921029,54.132545],[8.909667,54.133712],[8.908246,54.133685],[8.893899,54.13202],[8.89131,54.131295],[8.880699,54.127116],[8.869028,54.126354],[8.853573,54.126969],[8.840627,54.132322],[8.827985,54.140023],[8.825757,54.142257],[8.807108,54.170688],[8.805408,54.173836],[8.805066,54.175906],[8.805639,54.178088],[8.812392,54.196072],[8.813444,54.19817],[8.820565,54.20767],[8.82287,54.210251],[8.825784,54.212545],[8.827106,54.213245],[8.83175,54.214798],[8.832396,54.215148],[8.83279,54.215647],[8.838312,54.23063],[8.842866,54.266869],[8.842131,54.27638],[8.840213,54.279947],[8.834286,54.285967],[8.830394,54.288951],[8.827922,54.290139],[8.824334,54.29081],[8.822235,54.290701],[8.769703,54.282597],[8.749787,54.288438],[8.747133,54.28876],[8.716687,54.288457],[8.710917,54.287675],[8.70737,54.286959],[8.701814,54.284707],[8.697559,54.281852],[8.686186,54.272347],[8.688245,54.270473],[8.658292,54.266121],[8.6574,54.26618],[8.655883,54.266472],[8.60008,54.286164],[8.597241,54.287523],[8.593338,54.290032],[8.589023,54.293146],[8.580313,54.302526],[8.579447,54.303707],[8.578818,54.308835],[8.58233,54.323771],[8.586391,54.335042],[8.589177,54.341183],[8.590298,54.342934],[8.593965,54.347237],[8.595943,54.348758],[8.600615,54.351577],[8.603839,54.353072],[8.610693,54.35524],[8.617593,54.356404],[8.619448,54.356171],[8.624043,54.344609],[8.624109,54.343101],[8.633383,54.338048],[8.63481,54.337395],[8.635737,54.337274],[8.645505,54.339233],[8.689745,54.354094],[8.692931,54.356583],[8.693443,54.36012],[8.693903,54.367823],[8.690525,54.37389],[8.674822,54.373457],[8.664595,54.369815],[8.660448,54.371111],[8.655132,54.373817],[8.639122,54.383667],[8.641415,54.387571],[8.646297,54.392457],[8.658566,54.397056],[8.664595,54.398589],[8.689792,54.4004],[8.72349,54.403627],[8.72369,54.406235],[8.819882,54.414612],[8.853336,54.409863],[8.854166,54.406282],[8.876779,54.409126],[8.889687,54.412228],[8.896601,54.415477],[8.914768,54.42465],[8.91721,54.426091],[8.917821,54.429142],[8.918766,54.430241],[8.935397,54.442157],[8.955568,54.453136],[8.968731,54.456924],[8.997635,54.462848],[9.005889,54.476324],[9.010406,54.484746],[9.008441,54.489823],[9.011894,54.490312],[9.010006,54.497581],[9.005276,54.500075],[8.993202,54.513929],[8.991731,54.518895],[8.990676,54.523865],[8.988742,54.524426],[8.985477,54.524647],[8.983139,54.524412],[8.945573,54.512858],[8.916007,54.474887],[8.915512,54.472017],[8.924081,54.469996],[8.921194,54.466781],[8.920652,54.466415],[8.896315,54.459347],[8.890018,54.458333],[8.881036,54.45785],[8.842874,54.459088],[8.824681,54.461209],[8.823253,54.461486],[8.806317,54.466837],[8.805243,54.467487],[8.804537,54.468196],[8.803373,54.470712],[8.801626,54.495732],[8.810298,54.502304],[8.813265,54.504131],[8.8171,54.505484],[8.827449,54.507956],[8.836409,54.508487],[8.837748,54.508972],[8.851453,54.516092],[8.865697,54.525408],[8.870998,54.530505],[8.873066,54.533791],[8.874874,54.537379],[8.875825,54.539986],[8.876261,54.543152],[8.875951,54.546847],[8.875244,54.549585],[8.873952,54.551894],[8.86978,54.557182],[8.867799,54.56214],[8.88801,54.590321],[8.893572,54.599872],[8.887438,54.609553],[8.880264,54.612343],[8.866979,54.615521],[8.849299,54.624683],[8.833386,54.647053],[8.829322,54.649253],[8.809403,54.656521],[8.806562,54.656321],[8.773277,54.667247],[8.764583,54.671186],[8.755532,54.676215],[8.752961,54.678101],[8.750915,54.680002],[8.748075,54.687657],[8.743295,54.706631],[8.746428,54.707348],[8.741477,54.71649],[8.719059,54.72528],[8.708427,54.72399],[8.709076,54.722213],[8.691365,54.723318],[8.688682,54.729141],[8.704492,54.737113],[8.705345,54.738229],[8.704572,54.747724],[8.692511,54.769717],[8.68443,54.779341],[8.678724,54.784923],[8.63966,54.817597],[8.607793,54.835447],[8.605581,54.837272],[8.604204,54.8392],[8.603708,54.840198],[8.603618,54.840834],[8.607333,54.863535],[8.605861,54.869311],[8.596487,54.882257],[8.581122,54.882252],[8.519275,54.880489],[8.508992,54.879009],[8.504392,54.877851],[8.48161,54.870177],[8.454231,54.858287],[8.454667,54.856679],[8.418706,54.846608],[8.41677,54.84611],[8.41275,54.845622],[8.409698,54.845689],[8.407207,54.846034],[8.404198,54.84681],[8.400952,54.847969],[8.378234,54.857413],[8.374178,54.859473],[8.373056,54.86045],[8.367167,54.868305],[8.366429,54.869379],[8.364808,54.873427],[8.363506,54.874563],[8.340869,54.878912],[8.339913,54.87903],[8.338965,54.878691],[8.306199,54.856947],[8.303475,54.854871],[8.301379,54.852384],[8.299315,54.848982],[8.295239,54.841497],[8.293847,54.826095],[8.291951,54.787523],[8.295761,54.746129],[8.298304,54.742582],[8.298594,54.741474],[8.298252,54.740588],[8.29675,54.73962],[8.29559,54.739249],[8.294649,54.739134],[8.293461,54.739311],[8.291931,54.739796],[8.28791,54.742519],[8.276653,54.752422],[8.276512,54.752743],[8.276881,54.762616],[8.282781,54.830769],[8.284782,54.85856],[8.285871,54.877349],[8.287158,54.8837],[8.288913,54.890346],[8.29482,54.906704],[8.301744,54.920378],[8.309028,54.933509],[8.320874,54.952596],[8.322401,54.95474],[8.330051,54.963415],[8.380263,55.034377],[8.387153,55.044381],[8.393703,55.051255],[8.397993,55.053928],[8.402674,55.055979],[8.405048,55.056655],[8.410641,55.057375],[8.416277,55.057197],[8.428824,55.055427],[8.447033,55.050336],[8.462728,55.047392],[8.463714,55.04703],[8.464411,55.046521],[8.464617,55.045797],[8.464281,55.045325],[8.463614,55.044893],[8.448559,55.042104],[8.447219,55.042011],[8.444442,55.042235],[8.443121,55.042726],[8.44073,55.044662],[8.437025,55.046603],[8.433845,55.0477],[8.432457,55.047956],[8.398599,55.046158],[8.397408,55.045905],[8.396135,55.045112],[8.395903,55.044417],[8.398613,55.037085],[8.398997,55.036266],[8.399815,55.035534],[8.40087,55.035058],[8.40467,55.034672],[8.418096,55.035555],[8.42015,55.0354],[8.421936,55.03498],[8.423896,55.034204],[8.425465,55.03344],[8.433667,55.028027],[8.440954,55.022768],[8.441014,55.022168],[8.440111,55.016976],[8.438585,55.0153],[8.437978,55.014931],[8.416089,55.006885],[8.413191,55.006111],[8.407143,55.004962],[8.396467,55.003638],[8.38097,54.996328],[8.378989,54.995057],[8.374011,54.990989],[8.369802,54.987159],[8.353391,54.968854],[8.353175,54.96789],[8.361522,54.919751],[8.363422,54.910187],[8.364062,54.908618],[8.367758,54.902361],[8.370136,54.899672],[8.373082,54.89684],[8.375563,54.895203],[8.378822,54.893561],[8.381045,54.892691],[8.42431,54.878619],[8.426843,54.878086],[8.429429,54.877724],[8.436229,54.877457],[8.487287,54.877807],[8.501282,54.882416],[8.505906,54.883736],[8.511553,54.884812],[8.517706,54.885419],[8.590573,54.887743],[8.601283,54.888836],[8.626066,54.894911],[8.635319,54.898744],[8.635005,54.911538],[8.658159,54.908913],[8.669726,54.911233],[8.672142,54.911555],[8.676787,54.911496],[8.679826,54.911108],[8.682155,54.910558],[8.72328,54.89457],[8.725186,54.894058],[8.729031,54.893716],[8.774513,54.892976],[8.775299,54.893175],[8.798723,54.903882],[8.80006,54.90434],[8.808775,54.90529],[8.826409,54.906375],[8.833984,54.906654],[8.947957,54.902114],[8.950039,54.901825],[8.976254,54.896048],[9.0134,54.886444],[9.027891,54.880689],[9.028296,54.880218],[9.027362,54.878888],[9.02769,54.878407],[9.046878,54.872552],[9.064946,54.871159],[9.090514,54.870206],[9.113207,54.874314],[9.11965,54.873361],[9.135435,54.874168],[9.14302,54.873477],[9.149297,54.872341],[9.20492,54.858856],[9.239687,54.849988],[9.244382,54.843762],[9.234598,54.836019],[9.235874,54.830764],[9.250171,54.809815],[9.343493,54.803508],[9.370947,54.819182],[9.373275,54.821078],[9.375943,54.829474],[9.374362,54.831668],[9.383731,54.838921],[9.409861,54.842835],[9.417995,54.837897],[9.421991,54.831165],[9.423705,54.823022],[9.432239,54.810629],[9.439218,54.80366],[9.455897,54.815276],[9.456782,54.816585],[9.45885,54.818423],[9.464209,54.822371],[9.465083,54.822835],[9.466784,54.823217],[9.482348,54.823585],[9.489823,54.822962],[9.511699,54.836622],[9.515622,54.838411],[9.539163,54.847986],[9.587132,54.876443],[9.588058,54.876809],[9.589518,54.876909],[9.612198,54.876602],[9.613355,54.876341],[9.613782,54.876012],[9.613944,54.875726],[9.613657,54.875302],[9.603054,54.868965],[9.600355,54.867115],[9.592728,54.859254],[9.590506,54.854797],[9.589526,54.851209],[9.58974,54.847029],[9.593221,54.841284],[9.601807,54.83308],[9.604905,54.83067],[9.609879,54.829933],[9.613537,54.82969],[9.621347,54.831601],[9.623394,54.831849],[9.624267,54.83172],[9.662934,54.8235],[9.6887,54.816299],[9.774025,54.795403],[9.78523,54.795951],[9.793727,54.796797],[9.795065,54.791995],[9.795384,54.791476],[9.798565,54.78785],[9.804151,54.782434],[9.834212,54.759513],[9.850391,54.754876],[9.868384,54.752149],[9.873302,54.752174],[9.876227,54.752655],[9.877075,54.753081],[9.894365,54.771157],[9.90236,54.785437],[9.905097,54.796227],[9.905365,54.797054],[9.905888,54.797451],[9.90674,54.797617],[9.907488,54.797459],[9.932859,54.788735],[9.937607,54.786656],[9.959949,54.774629],[9.974585,54.761023],[9.975046,54.760164],[9.977851,54.751605],[9.979661,54.738079],[9.981266,54.731158],[9.983705,54.72563],[9.986025,54.722265],[9.989974,54.717471],[9.999977,54.710591],[10.021672,54.698622],[10.033903,54.69103],[10.035754,54.688999],[10.036907,54.686984],[10.03755,54.684779],[10.037413,54.683145],[10.035356,54.670106],[10.033006,54.659839],[10.031904,54.636167],[10.03347,54.631604],[10.034477,54.620119],[10.033879,54.618205],[10.027922,54.605895],[10.026386,54.589598],[10.026438,54.561234],[10.027643,54.555583],[10.027292,54.551022],[10.025815,54.549176],[9.999246,54.522306],[9.984472,54.512542],[9.963844,54.502708],[9.937866,54.493555],[9.880203,54.47665],[9.864838,54.473225],[9.862235,54.473051],[9.854659,54.475624],[9.851553,54.476102],[9.843231,54.475969],[9.841732,54.475226],[9.841124,54.474657],[9.840876,54.473776],[9.840871,54.46803],[9.841142,54.466469],[9.841606,54.46535],[9.842236,54.464509],[9.856904,54.451361],[9.861358,54.449184],[9.865683,54.448416],[9.868672,54.448413],[9.884109,54.449387],[9.911141,54.451994],[9.913997,54.452707],[9.930752,54.460298],[9.95781,54.466423],[10.063732,54.478782],[10.110349,54.483917],[10.117836,54.484586],[10.130463,54.484624],[10.133256,54.484443],[10.135326,54.483956],[10.162652,54.473376],[10.195458,54.455388],[10.178425,54.437948],[10.175978,54.435715],[10.170459,54.432415],[10.190126,54.410819],[10.191297,54.408416],[10.193076,54.402845],[10.190575,54.389094],[10.183698,54.389104],[10.178148,54.38874],[10.161385,54.384126],[10.143033,54.35662],[10.14204,54.353932],[10.142278,54.353107],[10.14753,54.34997],[10.151219,54.348014],[10.155179,54.344829],[10.15661,54.342714],[10.157468,54.341073],[10.157854,54.338937],[10.157685,54.337024],[10.156074,54.334704],[10.145156,54.322875],[10.140442,54.317124],[10.169166,54.32857],[10.174327,54.334743],[10.172955,54.345451],[10.173409,54.348424],[10.177801,54.361149],[10.179944,54.362375],[10.181892,54.363027],[10.193988,54.365597],[10.194538,54.366138],[10.206285,54.386348],[10.217431,54.40608],[10.217813,54.406485],[10.227349,54.412135],[10.232657,54.41502],[10.303413,54.432872],[10.311183,54.434428],[10.32008,54.435401],[10.331414,54.435561],[10.345496,54.433801],[10.383198,54.426875],[10.431282,54.408039],[10.482832,54.389329],[10.524056,54.382164],[10.541142,54.379573],[10.596892,54.36472],[10.615893,54.35806],[10.632321,54.351517],[10.63585,54.349484],[10.639316,54.347172],[10.643408,54.343819],[10.645322,54.341689],[10.649054,54.336674],[10.649045,54.334313],[10.649534,54.333406],[10.684789,54.310921],[10.689968,54.308417],[10.696621,54.306001],[10.702206,54.305166],[10.70609,54.305007],[10.710665,54.305134],[10.714091,54.305514],[10.725778,54.308843],[10.736871,54.310214],[10.739835,54.310254],[10.745019,54.309184],[10.752668,54.306879],[10.754079,54.306742],[10.761282,54.306916],[10.768873,54.307941],[10.779465,54.309911],[10.786001,54.311459],[10.792188,54.313447],[10.796638,54.315196],[10.817887,54.324878],[10.82643,54.329264],[10.837509,54.335412],[10.841779,54.339145],[10.852258,54.346613],[10.868026,54.357342],[10.929359,54.381641],[10.93107,54.382057],[10.950371,54.384754],[10.989997,54.380755],[10.99712,54.375636],[10.99599,54.376341],[10.994582,54.376903],[10.98459,54.378666],[10.983174,54.378573],[10.981722,54.378057],[10.980524,54.376832],[10.980222,54.375944],[10.980418,54.375584],[10.980968,54.375277],[10.991019,54.37065],[10.994747,54.369909],[10.998063,54.369447],[11.018745,54.368106],[11.025158,54.368214],[11.063825,54.37488],[11.075746,54.377375],[11.077723,54.379135],[11.077222,54.379631],[11.077731,54.380832],[11.088134,54.391333],[11.10467,54.396642],[11.112241,54.39454],[11.10925,54.38977],[11.1174,54.392675],[11.118201,54.392788],[11.128103,54.390234],[11.129709,54.389597],[11.130833,54.388649],[11.131478,54.387469],[11.131569,54.3843],[11.13094,54.382292],[11.127444,54.375719],[11.126138,54.373678],[11.124719,54.372303],[11.120837,54.369718],[11.102389,54.361296],[11.078621,54.353318],[11.068998,54.345146],[11.071625,54.340474],[11.084939,54.277694],[11.090405,54.219831],[11.094296,54.199751],[11.094285,54.198961],[11.093982,54.198073],[11.093439,54.197573],[11.052654,54.179664],[11.02937,54.171053],[10.999276,54.158972],[10.956489,54.141291],[10.944866,54.13405],[10.919965,54.1148],[10.888709,54.093131],[10.884516,54.090603],[10.881769,54.089228],[10.878764,54.088051],[10.866162,54.084541],[10.863564,54.084468],[10.82817,54.088311],[10.824981,54.088805],[10.800705,54.084285],[10.760803,54.058392],[10.756937,54.05514],[10.75483,54.052575],[10.753289,54.049938],[10.75199,54.047111],[10.751197,54.044589],[10.751031,54.042263],[10.751816,54.038148],[10.752237,54.037141],[10.760423,54.0257],[10.765947,54.018521],[10.772368,54.011169],[10.778002,54.005273],[10.783838,54.000051],[10.786722,53.998122],[10.789381,53.996796],[10.794155,53.994871],[10.798778,53.993244],[10.800543,53.992808],[10.802249,53.992633],[10.843557,53.992634],[10.856405,53.99426],[10.859302,53.994341],[10.861633,53.994218],[10.863977,53.993771],[10.870638,53.991955],[10.875358,53.989624],[10.878556,53.987494],[10.880962,53.985538],[10.883,53.983322],[10.88464,53.980946],[10.885093,53.978833],[10.885271,53.976569],[10.884903,53.974585],[10.883298,53.970476],[10.882918,53.968942],[10.882626,53.965179],[10.882756,53.964406],[10.885158,53.95865],[10.890416,53.957295],[10.892971,53.956955],[10.903374,53.957047],[10.907981,53.957805],[10.92697,53.963625],[10.933619,53.965838],[10.940243,53.968645],[10.95383,53.975647],[10.980431,53.987772],[11.02261,54.002225],[11.036101,54.005743],[11.054024,54.008638],[11.09123,54.014108],[11.100318,54.014002],[11.112918,54.012099],[11.120974,54.011305],[11.143726,54.010184],[11.157935,54.01302],[11.166602,54.014303],[11.177647,54.015474],[11.180223,54.015352],[11.18246,54.01508],[11.184388,54.014503],[11.188662,54.011857],[11.191643,54.009469],[11.192912,54.007738],[11.194146,54.004821],[11.194372,54.003705],[11.194132,54.001093],[11.194676,53.999823],[11.20105,53.991443],[11.217532,53.984325],[11.245634,53.970929],[11.244,53.964534],[11.242692,53.956629],[11.242457,53.952669],[11.243428,53.948908],[11.244815,53.94545],[11.246892,53.942276],[11.248505,53.940452],[11.249406,53.939719],[11.25576,53.936509],[11.266851,53.932696],[11.270246,53.93183],[11.276016,53.93104],[11.283212,53.930806],[11.286534,53.930983],[11.28768,53.931227],[11.313195,53.941942],[11.315333,53.943132],[11.349958,53.944706],[11.403924,53.930896],[11.402692,53.92362],[11.403684,53.922283],[11.412871,53.917662],[11.418674,53.91575],[11.432281,53.912343],[11.445614,53.911866],[11.473717,53.929463],[11.481088,53.94041],[11.482265,53.943275],[11.489472,53.968182],[11.495054,53.988349],[11.494328,53.988624],[11.491974,53.99167],[11.491438,53.992887],[11.491452,53.993498],[11.519213,54.026573],[11.535504,54.028388],[11.544725,54.026712],[11.56199,54.028992],[11.569979,54.03249],[11.574453,54.035047],[11.578102,54.037576],[11.623136,54.078192],[11.623967,54.079622],[11.625491,54.088887],[11.625288,54.090452],[11.624629,54.091562],[11.614972,54.09984],[11.612914,54.101224],[11.610377,54.102405],[11.607269,54.102774],[11.605065,54.102659],[11.603419,54.10226],[11.585394,54.092241],[11.550499,54.065997],[11.54287,54.05928],[11.542088,54.055954],[11.53664,54.057993],[11.531708,54.075226],[11.533213,54.078115],[11.554131,54.0947],[11.561715,54.09742],[11.570884,54.099246],[11.582167,54.099464],[11.588879,54.100205],[11.599547,54.10383],[11.60685,54.10673],[11.618418,54.11251],[11.636645,54.125504],[11.665246,54.144974],[11.676483,54.152],[11.683049,54.154318],[11.691772,54.154918],[11.70153,54.155292],[11.754781,54.155776],[11.76471,54.155155],[11.78204,54.150784],[11.794614,54.148643],[11.810213,54.146882],[11.84421,54.14495],[11.852439,54.145858],[11.868724,54.148502],[11.894647,54.153812],[11.921856,54.160817],[11.936222,54.163878],[11.997371,54.1758],[12.028155,54.176928],[12.106801,54.178774],[12.109479,54.179135],[12.126709,54.185721],[12.136681,54.190621],[12.153578,54.205866],[12.159115,54.211596],[12.168939,54.223088],[12.17388,54.229543],[12.177585,54.232952],[12.179114,54.234027],[12.188026,54.239216],[12.196409,54.242983],[12.28267,54.274437],[12.287683,54.275785],[12.299709,54.279646],[12.307155,54.28262],[12.323406,54.289741],[12.329867,54.293312],[12.335022,54.296452],[12.3432,54.303814],[12.360537,54.320462],[12.369524,54.331026],[12.372031,54.3353],[12.382111,54.348594],[12.404608,54.37643],[12.409429,54.380003],[12.412405,54.381548],[12.428757,54.388654],[12.434193,54.392163],[12.451392,54.40519],[12.464099,54.418104],[12.467286,54.422446],[12.471629,54.430488],[12.478288,54.443927],[12.492224,54.466931],[12.494389,54.469726],[12.500244,54.47591],[12.502705,54.477766],[12.513662,54.483501],[12.51654,54.484353],[12.519361,54.484649],[12.521242,54.484637],[12.528664,54.48274],[12.529707,54.48231],[12.530393,54.481796],[12.530561,54.48112],[12.530434,54.480394],[12.528614,54.475844],[12.527891,54.474571],[12.527214,54.473953],[12.525811,54.471021],[12.533449,54.464325],[12.537007,54.462319],[12.547751,54.457466],[12.55368,54.455744],[12.560295,54.454504],[12.568011,54.45375],[12.606269,54.451608],[12.612256,54.45113],[12.622749,54.449832],[12.656059,54.444121],[12.667171,54.442924],[12.672092,54.442723],[12.715831,54.443147],[12.776624,54.443151],[12.795857,54.4423],[12.850267,54.441953],[12.856472,54.442143],[12.891324,54.444783],[12.924297,54.445995],[12.927783,54.445766],[12.928246,54.445515],[12.928363,54.445135],[12.925776,54.426933],[12.925001,54.425762],[12.923294,54.424726],[12.916456,54.422297],[12.911925,54.421154],[12.880455,54.416704],[12.764812,54.414146],[12.757029,54.414331],[12.738139,54.415611],[12.736427,54.416144],[12.734495,54.417193],[12.724553,54.430393],[12.722377,54.4315],[12.720298,54.431815],[12.694951,54.432932],[12.69224,54.432647],[12.628951,54.421122],[12.585267,54.408021],[12.575878,54.403946],[12.57491,54.402713],[12.574731,54.40092],[12.577165,54.397458],[12.578033,54.396644],[12.568441,54.39021],[12.497476,54.382544],[12.462108,54.382005],[12.45876,54.381796],[12.435292,54.37898],[12.434152,54.378611],[12.420066,54.371875],[12.415284,54.366757],[12.414577,54.365735],[12.414772,54.357685],[12.415386,54.356634],[12.414455,54.335757],[12.383679,54.311082],[12.380937,54.309156],[12.379643,54.308708],[12.378173,54.30847],[12.376668,54.308465],[12.3675,54.310273],[12.365024,54.310202],[12.364116,54.309802],[12.362925,54.308912],[12.360332,54.30613],[12.356938,54.30116],[12.356819,54.300542],[12.363699,54.266174],[12.364323,54.265698],[12.371709,54.2623],[12.398941,54.251131],[12.401075,54.25047],[12.417845,54.247125],[12.443371,54.246175],[12.453407,54.246971],[12.455995,54.24756],[12.457817,54.248484],[12.45865,54.249261],[12.458552,54.24982],[12.457917,54.250701],[12.45528,54.252404],[12.452352,54.253473],[12.44874,54.254329],[12.440819,54.255565],[12.429377,54.257008],[12.420614,54.257619],[12.418746,54.258042],[12.417413,54.258772],[12.409562,54.267524],[12.408962,54.269204],[12.408612,54.276889],[12.40895,54.278626],[12.40958,54.280359],[12.417829,54.289808],[12.435629,54.296757],[12.46783,54.302437],[12.471536,54.32063],[12.470932,54.322202],[12.47103,54.32433],[12.472179,54.328955],[12.473159,54.329883],[12.474674,54.330407],[12.477241,54.330762],[12.515398,54.335294],[12.516823,54.33519],[12.520577,54.333971],[12.522103,54.333722],[12.523602,54.333896],[12.526084,54.334395],[12.529571,54.33565],[12.532732,54.337171],[12.53459,54.338416],[12.535994,54.339839],[12.548904,54.354935],[12.546138,54.361743],[12.544844,54.368797],[12.553793,54.372909],[12.558198,54.374292],[12.57158,54.372653],[12.576335,54.36697],[12.598344,54.368168],[12.6522,54.382645],[12.667866,54.389661],[12.67052,54.391016],[12.670745,54.391497],[12.670358,54.394198],[12.670065,54.394805],[12.667075,54.397461],[12.665527,54.398207],[12.661376,54.39861],[12.660679,54.398829],[12.660371,54.399139],[12.660355,54.399732],[12.661752,54.402708],[12.666912,54.407335],[12.667886,54.407714],[12.671259,54.408356],[12.70629,54.411987],[12.709353,54.411062],[12.71225,54.409008],[12.713391,54.407264],[12.713867,54.40545],[12.713357,54.403905],[12.711661,54.402677],[12.696264,54.402336],[12.689956,54.401503],[12.687015,54.399695],[12.68388,54.396471],[12.675778,54.371776],[12.676097,54.371393],[12.687605,54.367493],[12.695481,54.38585],[12.69555,54.387196],[12.695009,54.391346],[12.695283,54.392796],[12.697829,54.398024],[12.698787,54.398699],[12.700486,54.399119],[12.702538,54.399191],[12.712766,54.399326],[12.713309,54.399101],[12.713653,54.39861],[12.717711,54.380924],[12.718536,54.373383],[12.718773,54.372894],[12.719325,54.372561],[12.732918,54.371251],[12.756309,54.37167],[12.765448,54.371982],[12.767033,54.372276],[12.768266,54.372901],[12.769045,54.373965],[12.775561,54.390644],[12.77654,54.391695],[12.783705,54.395877],[12.784724,54.396236],[12.785837,54.396323],[12.78693,54.396034],[12.787622,54.395438],[12.799635,54.376024],[12.810194,54.356958],[12.818137,54.35224],[12.842991,54.351456],[12.846307,54.351924],[12.852055,54.35382],[12.876077,54.365774],[12.880354,54.36855],[12.881759,54.370023],[12.882598,54.37184],[12.887931,54.389157],[12.896729,54.401996],[12.923989,54.413853],[12.926979,54.414712],[12.95466,54.418568],[12.986614,54.425882],[12.991988,54.428229],[12.994808,54.430356],[12.99782,54.434715],[12.998857,54.435593],[13.009386,54.438555],[13.011772,54.439037],[13.015512,54.439223],[13.019474,54.438992],[13.023073,54.438336],[13.0278,54.436974],[13.030628,54.435543],[13.033163,54.433588],[13.034125,54.43161],[13.034997,54.426042],[13.034635,54.424872],[13.034046,54.424031],[13.032751,54.423482],[13.027367,54.422054],[13.026074,54.421289],[13.024808,54.420192],[13.024005,54.418842],[13.022391,54.412892],[13.022991,54.404768],[13.025724,54.397823],[13.026064,54.397332],[13.041597,54.385107],[13.044018,54.38336],[13.048234,54.381263],[13.050219,54.380747],[13.055901,54.380533],[13.060192,54.38076],[13.064676,54.38136],[13.070219,54.382936],[13.072625,54.383282],[13.076517,54.382996],[13.078198,54.38254],[13.079884,54.381652],[13.083089,54.379421],[13.086665,54.376446],[13.091118,54.370937],[13.092288,54.36917],[13.092834,54.367515],[13.093149,54.365343],[13.091945,54.362475],[13.07605,54.346505],[13.077599,54.341837],[13.088368,54.321267],[13.104219,54.289917],[13.103817,54.283537],[13.104052,54.282849],[13.104728,54.282089],[13.11243,54.277689],[13.120867,54.273542],[13.128811,54.270141],[13.131387,54.269332],[13.134434,54.268702],[13.13695,54.268434],[13.140837,54.268244],[13.148902,54.268344],[13.146575,54.259956],[13.142736,54.254673],[13.165082,54.265135],[13.166657,54.265524],[13.1682,54.265653],[13.185624,54.26618],[13.187236,54.265948],[13.188555,54.265435],[13.204504,54.256161],[13.214694,54.24984],[13.215456,54.249032],[13.288353,54.234997],[13.289187,54.234619],[13.296786,54.224799],[13.299925,54.215994],[13.304034,54.207743],[13.306026,54.204436],[13.307396,54.202869],[13.309421,54.201026],[13.318054,54.193805],[13.332127,54.18292],[13.329304,54.167212],[13.344988,54.16514],[13.34653,54.165294],[13.356305,54.167902],[13.36651,54.171875],[13.37306,54.175697],[13.374637,54.176371],[13.376366,54.176798],[13.378366,54.176932],[13.380496,54.176703],[13.383604,54.175994],[13.407067,54.16863],[13.438525,54.123857],[13.439738,54.120323],[13.43876,54.113371],[13.438962,54.112297],[13.43972,54.111066],[13.456638,54.092295],[13.457724,54.091416],[13.459052,54.09071],[13.465591,54.088191],[13.467894,54.08766],[13.489973,54.083934],[13.494171,54.083618],[13.498449,54.084253],[13.499912,54.084838],[13.50073,54.085402],[13.501264,54.086477],[13.501008,54.087634],[13.491488,54.096104],[13.486298,54.101541],[13.476144,54.116424],[13.475954,54.117445],[13.476279,54.118389],[13.477438,54.11944],[13.493603,54.125733],[13.511732,54.128965],[13.529956,54.131105],[13.532109,54.13125],[13.536922,54.130702],[13.547369,54.130178],[13.560718,54.130446],[13.577725,54.132429],[13.601957,54.136522],[13.62455,54.140958],[13.629949,54.142567],[13.634057,54.144118],[13.646563,54.151013],[13.646504,54.152084],[13.694455,54.172631],[13.701077,54.173083],[13.702932,54.172891],[13.704753,54.172458],[13.710715,54.1696],[13.713566,54.167567],[13.717055,54.164233],[13.717174,54.163564],[13.716792,54.162765],[13.708387,54.159934],[13.706818,54.159641],[13.728923,54.139441],[13.77241,54.111082],[13.77482,54.10977],[13.783692,54.10693],[13.786011,54.106644],[13.791946,54.107045],[13.795143,54.105829],[13.798894,54.102871],[13.801176,54.100105],[13.801956,54.0987],[13.80207,54.097591],[13.784162,54.052168],[13.78054,54.047921],[13.777908,54.046057],[13.761932,54.036577],[13.759689,54.035602],[13.748054,54.034008],[13.745618,54.033505],[13.74358,54.032803],[13.742997,54.031946],[13.742742,54.031189],[13.742853,54.030026],[13.743627,54.028531],[13.7628,54.013467],[13.793522,53.996324],[13.795097,53.99576],[13.797603,53.995416],[13.800104,53.995394],[13.805994,53.995994],[13.808096,53.995938],[13.810039,53.995608],[13.81191,53.994937],[13.813476,53.99406],[13.824772,53.987169],[13.895368,53.941476],[13.906779,53.931525],[13.908191,53.93011],[13.913292,53.923478],[13.913927,53.922265],[13.914077,53.921074],[13.913816,53.919885],[13.912817,53.918411],[13.91037,53.91596],[13.905782,53.912624],[13.902252,53.910733],[13.899466,53.909964],[13.891096,53.910048],[13.888428,53.909824],[13.885899,53.909228],[13.882688,53.908083],[13.864772,53.900341],[13.821601,53.87242],[13.808303,53.860851],[13.808798,53.856369],[13.816053,53.843811],[13.818577,53.842215],[13.820652,53.843095],[13.822425,53.843416],[13.833162,53.84463],[13.835381,53.844616],[13.847908,53.843389],[13.849907,53.843083],[13.851901,53.842517],[13.869074,53.833761],[13.872123,53.831322],[13.880788,53.818226],[13.898474,53.8034],[13.901244,53.802487],[13.903691,53.802105],[13.90787,53.802126],[13.909718,53.80283],[13.92083,53.800402],[13.928488,53.79752],[13.957897,53.779364],[13.967801,53.774258],[13.971046,53.772872],[13.973608,53.772063],[14.10189,53.74105],[14.11877,53.738957],[14.125247,53.738381],[14.179811,53.735918],[14.182542,53.736278],[14.185129,53.737083],[14.190527,53.739189],[14.206539,53.747086],[14.218567,53.75358],[14.220652,53.755065],[14.225724,53.759887],[14.227877,53.761091],[14.229715,53.761809],[14.232357,53.76217],[14.235057,53.762152],[14.238194,53.761725],[14.250194,53.758628],[14.253162,53.757314],[14.265323,53.750316],[14.266458,53.7494],[14.266932,53.748387],[14.268421,53.742971],[14.268185,53.737436],[14.266134,53.732137],[14.265613,53.731379],[14.250627,53.72031],[14.24653,53.718167],[14.235261,53.713919],[14.228057,53.711429],[14.219719,53.709853],[14.218275,53.709285],[14.217196,53.708544],[14.216045,53.70731],[14.214558,53.703927],[14.21467,53.703096],[14.215159,53.702253],[14.216245,53.701663],[14.220278,53.700058],[14.238764,53.695533],[14.245647,53.694669],[14.252642,53.694574],[14.254818,53.694841],[14.26637,53.698196],[14.270473,53.696029],[14.282764,53.684112],[14.283269,53.683295],[14.283502,53.682137],[14.283549,53.680057],[14.283195,53.678071],[14.282561,53.676534],[14.282584,53.660375],[14.283586,53.635594],[14.284141,53.634659],[14.28602,53.63363],[14.316546,53.617621],[14.31361,53.565795],[14.313131,53.564461],[14.312139,53.562962],[14.302993,53.553724],[14.307185,53.543202],[14.316429,53.524318],[14.327021,53.50332],[14.351016,53.496589],[14.3539,53.490433],[14.354484,53.488156],[14.3542,53.484413],[14.358928,53.457241],[14.37414,53.408591],[14.374917,53.406811],[14.395018,53.371959],[14.40643,53.342401],[14.41228,53.328714],[14.415616,53.324306],[14.415152,53.302207],[14.421171,53.276344],[14.4349,53.275886],[14.441041,53.275041],[14.444214,53.274417],[14.449662,53.263503],[14.450143,53.262345],[14.450255,53.261243],[14.449673,53.259939],[14.433029,53.242499],[14.407702,53.221015],[14.383906,53.204382],[14.380717,53.203574],[14.379264,53.202909],[14.377807,53.201857],[14.376905,53.200806],[14.369714,53.180853],[14.367513,53.173695],[14.367147,53.172077],[14.367053,53.170325],[14.367639,53.167273],[14.370022,53.160105],[14.373772,53.155224],[14.37642,53.152467],[14.386723,53.14312],[14.386915,53.141566],[14.380458,53.122085],[14.368697,53.088234],[14.364273,53.079013],[14.355031,53.064911],[14.352802,53.061795],[14.347581,53.055362],[14.341978,53.050371],[14.338665,53.048],[14.298223,53.024432],[14.26228,53.005176],[14.255163,53.00184],[14.230317,52.992423],[14.216822,52.988227],[14.209289,52.986981],[14.199995,52.984284],[14.17325,52.974347],[14.144662,52.960885],[14.143706,52.959771],[14.139568,52.952037],[14.139292,52.951208],[14.142487,52.934766],[14.15349,52.898844],[14.154597,52.896911],[14.159937,52.891269],[14.160839,52.890107],[14.161478,52.888297],[14.161278,52.885143],[14.160559,52.882923],[14.156766,52.874432],[14.155659,52.872737],[14.154674,52.871614],[14.149677,52.866922],[14.145926,52.864369],[14.134086,52.855435],[14.130959,52.852648],[14.127131,52.848379],[14.125424,52.845684],[14.123874,52.841797],[14.123371,52.839822],[14.123707,52.837202],[14.124732,52.834273],[14.125649,52.83294],[14.1267,52.831612],[14.129128,52.829478],[14.130539,52.828563],[14.134112,52.826997],[14.136352,52.826219],[14.140128,52.825332],[14.146466,52.824322],[14.210097,52.818557],[14.213793,52.817976],[14.217377,52.816939],[14.220188,52.815367],[14.224925,52.811081],[14.238686,52.799962],[14.253028,52.789138],[14.278416,52.77471],[14.281303,52.773386],[14.284688,52.772173],[14.307652,52.765034],[14.319728,52.762529],[14.329569,52.759778],[14.350347,52.751529],[14.352368,52.750529],[14.372916,52.736322],[14.426681,52.693764],[14.462283,52.663741],[14.464438,52.661987],[14.466864,52.660457],[14.46873,52.65946],[14.511037,52.642087],[14.571151,52.621532],[14.593071,52.611712],[14.597044,52.609542],[14.601641,52.605783],[14.636873,52.574057],[14.637695,52.572714],[14.637889,52.57114],[14.637326,52.569205],[14.635531,52.567213],[14.620395,52.556942],[14.61801,52.554781],[14.616647,52.553134],[14.605694,52.536017],[14.604649,52.534278],[14.603948,52.531951],[14.604193,52.529304],[14.604873,52.527056],[14.611118,52.512396],[14.61207,52.511022],[14.613778,52.509694],[14.615972,52.508673],[14.627431,52.504867],[14.629852,52.503586],[14.631664,52.50211],[14.633067,52.500512],[14.634512,52.496977],[14.634763,52.495383],[14.634563,52.493219],[14.633736,52.491446],[14.632505,52.489615],[14.63034,52.487095],[14.60981,52.466578],[14.579161,52.442213],[14.577387,52.441337],[14.575064,52.440911],[14.563934,52.440405],[14.560918,52.439976],[14.554267,52.437642],[14.551764,52.436196],[14.549528,52.434614],[14.547506,52.432286],[14.545583,52.429424],[14.535153,52.400268],[14.533853,52.394809],[14.547316,52.379341],[14.555858,52.348248],[14.561599,52.335101],[14.57248,52.32341],[14.574508,52.295625],[14.573974,52.29395],[14.574047,52.29265],[14.574699,52.291412],[14.591904,52.27608],[14.593673,52.274704],[14.596182,52.273384],[14.598894,52.272535],[14.602101,52.271948],[14.611505,52.272183],[14.617833,52.271849],[14.690674,52.256601],[14.693737,52.255449],[14.695743,52.254289],[14.699013,52.251886],[14.715121,52.235942],[14.715563,52.234701],[14.715596,52.233484],[14.704219,52.168894],[14.703586,52.166655],[14.702798,52.165115],[14.701201,52.163072],[14.696406,52.158601],[14.682092,52.147499],[14.680845,52.145885],[14.680049,52.144409],[14.679494,52.14268],[14.679476,52.140582],[14.681692,52.115639],[14.682322,52.114068],[14.68409,52.11151],[14.693477,52.102595],[14.698177,52.099483],[14.700028,52.098616],[14.702666,52.097722],[14.705448,52.097128],[14.708813,52.096658],[14.715658,52.096173],[14.719237,52.09565],[14.722555,52.094839],[14.725889,52.093577],[14.736001,52.088938],[14.739868,52.08681],[14.745162,52.082909],[14.759376,52.068149],[14.759801,52.06707],[14.759902,52.066121],[14.759717,52.064785],[14.747233,52.031903],[14.739783,52.023168],[14.738927,52.022441],[14.732751,52.019021],[14.713713,52.004938],[14.713343,52.00378],[14.713498,52.002622],[14.714346,52.001853],[14.718896,51.999295],[14.720025,51.998408],[14.720701,51.997357],[14.721025,51.995823],[14.712567,51.937783],[14.693932,51.901745],[14.692583,51.901009],[14.681599,51.896242],[14.655278,51.883922],[14.609956,51.856552],[14.594292,51.841264],[14.591869,51.838573],[14.591458,51.837569],[14.590062,51.826887],[14.590297,51.821743],[14.590597,51.82103],[14.602956,51.807341],[14.606426,51.804716],[14.608014,51.804111],[14.623171,51.801053],[14.629972,51.801537],[14.631835,51.801247],[14.64331,51.796711],[14.644516,51.796065],[14.645338,51.795198],[14.653028,51.784243],[14.661758,51.755446],[14.656763,51.742701],[14.656454,51.741702],[14.656572,51.74077],[14.667332,51.726696],[14.690425,51.708463],[14.714782,51.696901],[14.734529,51.688752],[14.754836,51.656501],[14.764672,51.610549],[14.76457,51.608372],[14.764102,51.607389],[14.760362,51.603433],[14.750848,51.596044],[14.749443,51.59541],[14.742038,51.593568],[14.740717,51.592895],[14.730685,51.58501],[14.729137,51.583281],[14.728621,51.58193],[14.711389,51.563479],[14.710881,51.562668],[14.710713,51.561791],[14.710816,51.560859],[14.728637,51.531853],[14.7342,51.527013],[14.73537,51.526232],[14.737188,51.52558],[14.7477,51.522877],[14.764161,51.519236],[14.77114,51.51864],[14.834837,51.499658],[14.850302,51.490381],[14.87062,51.485437],[14.872133,51.485255],[14.888616,51.486894],[14.919607,51.482967],[14.922115,51.482332],[14.947434,51.472058],[14.950641,51.46971],[14.953159,51.467109],[14.955571,51.46416],[14.965633,51.448501],[14.969195,51.432791],[14.965941,51.425424],[14.964506,51.413041],[14.963809,51.392967],[14.964438,51.386697],[14.976682,51.341731],[14.99189,51.323572],[14.992905,51.322623],[14.9976,51.320767],[15.008887,51.313663],[15.032364,51.294422],[15.033073,51.293584],[15.037743,51.271246],[15.02907,51.242367],[15.028416,51.24214],[15.027787,51.241587],[15.016775,51.227987],[15.016556,51.22722],[15.017587,51.220457],[15.012969,51.209637],[14.998102,51.16505],[14.994487,51.144258],[14.995705,51.12246],[14.995572,51.121835],[14.977155,51.0775],[14.976475,51.076985],[14.969666,51.073749],[14.96787,51.072339],[14.966533,51.070786],[14.961987,51.057322],[14.96198,51.055772],[14.962356,51.054775],[14.950397,51.037638],[14.917519,50.988683],[14.913907,50.973848],[14.886615,50.934807],[14.872261,50.926433],[14.820077,50.887196],[14.818104,50.884971],[14.817012,50.883191],[14.816664,50.881284],[14.816909,50.879472],[14.817742,50.876476],[14.818724,50.874474],[14.810918,50.852367],[14.801428,50.828123],[14.798676,50.822367],[14.793279,50.820629],[14.763167,50.820415],[14.759652,50.824447],[14.717585,50.834258],[14.687778,50.839087],[14.649547,50.848788],[14.640126,50.851539],[14.619328,50.858137],[14.618018,50.865853],[14.637419,50.898714],[14.639595,50.900907],[14.652046,50.906906],[14.650613,50.932659],[14.646097,50.932559],[14.616625,50.925379],[14.591901,50.916799],[14.582437,50.91487],[14.564892,50.919459],[14.561573,50.927316],[14.568892,50.935828],[14.579548,50.942186],[14.594691,50.965083],[14.59748,50.981953],[14.597795,50.986331],[14.563422,51.009523],[14.527671,51.018398],[14.517121,51.020132],[14.498898,51.022525],[14.501725,51.033592],[14.508315,51.043358],[14.501384,51.046183],[14.499029,51.04639],[14.497742,51.046055],[14.491055,51.043261],[14.49364,51.037438],[14.490597,51.023684],[14.473389,51.026272],[14.47409,51.029447],[14.46531,51.035216],[14.45258,51.036252],[14.42731,51.022717],[14.418106,51.019639],[14.407559,51.019579],[14.337871,51.039168],[14.335067,51.040161],[14.331943,51.042129],[14.318052,51.053919],[14.314047,51.055275],[14.301471,51.055316],[14.291,51.045801],[14.257732,50.990013],[14.25837,50.987848],[14.285983,50.977097],[14.312792,50.954626],[14.315335,50.952939],[14.318594,50.951643],[14.322416,50.950589],[14.374982,50.940146],[14.377861,50.94005],[14.387809,50.94152],[14.3961,50.935809],[14.398537,50.933916],[14.399506,50.93273],[14.399944,50.93149],[14.401198,50.923682],[14.386376,50.90022],[14.385547,50.899671],[14.371332,50.896821],[14.304081,50.884565],[14.289007,50.886418],[14.28238,50.89249],[14.268464,50.895843],[14.243847,50.887351],[14.234935,50.880674],[14.23522,50.878899],[14.235139,50.877361],[14.23485,50.876064],[14.234013,50.873974],[14.233092,50.872436],[14.229653,50.867735],[14.222346,50.858618],[14.199645,50.851479],[14.159728,50.846799],[14.101007,50.829755],[14.0878,50.824678],[14.078138,50.818508],[14.077774,50.813223],[14.064896,50.810863],[14.023305,50.808549],[14.003309,50.811281],[14.000632,50.814064],[13.996573,50.817186],[13.99284,50.819172],[13.957659,50.809183],[13.947606,50.793422],[13.937242,50.789901],[13.921431,50.789766],[13.902653,50.793759],[13.897437,50.788886],[13.894314,50.77898],[13.90114,50.754568],[13.901124,50.752011],[13.894789,50.742613],[13.854234,50.727042],[13.846811,50.725437],[13.844993,50.725219],[13.826366,50.724072],[13.824249,50.724628],[13.809946,50.732424],[13.808161,50.733069],[13.774658,50.736552],[13.757494,50.735064],[13.754006,50.732253],[13.752644,50.731445],[13.745229,50.72869],[13.683786,50.722632],[13.680361,50.725248],[13.667841,50.730806],[13.6659,50.731264],[13.662994,50.731317],[13.642618,50.729422],[13.641154,50.728966],[13.628837,50.723455],[13.626419,50.715956],[13.599781,50.710206],[13.585563,50.7129],[13.556366,50.714513],[13.554111,50.714311],[13.552496,50.713903],[13.525781,50.705257],[13.525586,50.702696],[13.526624,50.700553],[13.527642,50.698968],[13.529646,50.697295],[13.533163,50.695564],[13.53932,50.690404],[13.539797,50.689671],[13.543967,50.677737],[13.5439,50.677154],[13.524197,50.639687],[13.523521,50.638867],[13.522086,50.638346],[13.498187,50.631125],[13.494605,50.625383],[13.493522,50.623943],[13.476615,50.611422],[13.464157,50.603098],[13.462592,50.602732],[13.460972,50.602846],[13.430551,50.61007],[13.428868,50.610544],[13.414816,50.615997],[13.413645,50.616746],[13.412807,50.617605],[13.412337,50.621183],[13.411878,50.622221],[13.404218,50.632445],[13.392782,50.640962],[13.384336,50.643613],[13.371844,50.64704],[13.373176,50.644296],[13.375417,50.636758],[13.377602,50.628311],[13.377592,50.627231],[13.369379,50.618197],[13.36854,50.617668],[13.340387,50.611584],[13.326333,50.607102],[13.321001,50.600795],[13.322459,50.588621],[13.324939,50.581906],[13.324653,50.581391],[13.323615,50.580822],[13.293456,50.573804],[13.28518,50.581099],[13.282358,50.590468],[13.281414,50.592445],[13.280223,50.593581],[13.278012,50.594228],[13.258475,50.59467],[13.255414,50.594563],[13.252446,50.593886],[13.250136,50.592852],[13.249425,50.59231],[13.240632,50.584425],[13.234906,50.577925],[13.225381,50.564663],[13.223667,50.558274],[13.224153,50.557165],[13.227359,50.555909],[13.228199,50.555277],[13.228733,50.554265],[13.228849,50.553092],[13.228529,50.550758],[13.227996,50.549366],[13.196074,50.502749],[13.175467,50.503571],[13.13859,50.511048],[13.104254,50.503195],[13.088325,50.500547],[13.058204,50.500328],[13.055254,50.501357],[13.045817,50.510569],[13.042639,50.51081],[13.032345,50.507912],[13.031849,50.507356],[13.024091,50.485451],[13.021587,50.477466],[13.021242,50.476034],[13.020684,50.471427],[13.020528,50.465102],[13.020826,50.460684],[13.011118,50.439766],[12.985281,50.418793],[12.983797,50.417906],[12.981322,50.416925],[12.972778,50.414687],[12.941663,50.407249],[12.902955,50.421613],[12.89165,50.428726],[12.853592,50.443761],[12.841507,50.45103],[12.828135,50.455757],[12.819405,50.458291],[12.794543,50.447879],[12.732711,50.429543],[12.714213,50.411717],[12.707231,50.40402],[12.695569,50.400112],[12.660297,50.410042],[12.604433,50.406604],[12.584605,50.406038],[12.572977,50.401046],[12.564824,50.39914],[12.55789,50.398382],[12.544632,50.398214],[12.535393,50.398522],[12.513658,50.394737],[12.49299,50.376204],[12.49185,50.374874],[12.491275,50.373606],[12.489362,50.361326],[12.463598,50.351184],[12.400555,50.321732],[12.400078,50.320705],[12.399338,50.313184],[12.399027,50.307906],[12.36648,50.280305],[12.362672,50.275299],[12.352881,50.261678],[12.330848,50.2265],[12.324212,50.208011],[12.325624,50.204262],[12.326652,50.202923],[12.328348,50.201816],[12.332476,50.200517],[12.337541,50.193407],[12.336197,50.172548],[12.334501,50.171828],[12.332696,50.171542],[12.322191,50.171656],[12.320195,50.171849],[12.29496,50.175254],[12.29343,50.175548],[12.290588,50.177095],[12.277524,50.191186],[12.274665,50.196423],[12.276751,50.199334],[12.282177,50.20006],[12.284581,50.200598],[12.286428,50.201604],[12.287741,50.20333],[12.288981,50.210142],[12.287333,50.222551],[12.283166,50.227719],[12.274174,50.232971],[12.262853,50.232273],[12.240643,50.24523],[12.239778,50.246125],[12.23952,50.247119],[12.241891,50.250899],[12.250459,50.255574],[12.212422,50.269235],[12.20008,50.27237],[12.200499,50.289815],[12.201857,50.307965],[12.184864,50.321635],[12.176794,50.321987],[12.105498,50.322025],[12.100587,50.318179],[12.11936,50.310644],[12.122225,50.309379],[12.12522,50.30778],[12.139583,50.277967],[12.139481,50.276627],[12.138244,50.274989],[12.126021,50.269547],[12.12326,50.268866],[12.115858,50.267981],[12.112791,50.267394],[12.099203,50.262121],[12.0914,50.252223],[12.090966,50.251437],[12.095769,50.247356],[12.109182,50.238178],[12.121898,50.235029],[12.1363,50.231953],[12.137972,50.232019],[12.146695,50.231112],[12.155992,50.22817],[12.157591,50.227364],[12.158955,50.22585],[12.161496,50.22035],[12.17612,50.211489],[12.187808,50.201048],[12.200033,50.18933],[12.215208,50.168728],[12.21485,50.164638],[12.210987,50.158963],[12.195454,50.14304],[12.19472,50.137804],[12.196811,50.123905],[12.199605,50.110112],[12.210731,50.102782],[12.231897,50.094633],[12.234863,50.094633],[12.255543,50.085669],[12.275525,50.07618],[12.263743,50.067012],[12.261191,50.064171],[12.260264,50.062935],[12.259482,50.060319],[12.259941,50.059133],[12.260848,50.058345],[12.273577,50.060416],[12.28015,50.055265],[12.29672,50.058362],[12.298764,50.058438],[12.302068,50.057837],[12.31763,50.052451],[12.318601,50.051527],[12.329578,50.033919],[12.381987,50.013491],[12.402972,50.006006],[12.42427,50.000897],[12.460463,49.994493],[12.464283,49.994022],[12.467265,49.992882],[12.489816,49.981681],[12.499119,49.971915],[12.492775,49.965069],[12.482548,49.958416],[12.480767,49.958186],[12.47757,49.95645],[12.470954,49.948987],[12.47031,49.947918],[12.470255,49.946254],[12.470953,49.944937],[12.478586,49.935993],[12.494462,49.933196],[12.538414,49.924786],[12.541853,49.923707],[12.544577,49.922533],[12.546558,49.921282],[12.547891,49.920178],[12.548707,49.918751],[12.551084,49.908591],[12.551103,49.90419],[12.550829,49.902692],[12.548505,49.89889],[12.540218,49.891191],[12.517628,49.86642],[12.498464,49.83884],[12.497728,49.838205],[12.486985,49.841885],[12.483315,49.841643],[12.481781,49.84122],[12.477513,49.837649],[12.473254,49.833619],[12.472927,49.832113],[12.473546,49.817504],[12.47417,49.790332],[12.473694,49.788558],[12.472599,49.787632],[12.47132,49.786961],[12.403964,49.761742],[12.401822,49.758205],[12.401457,49.753918],[12.404641,49.743596],[12.413818,49.732453],[12.440305,49.706093],[12.443378,49.703844],[12.445841,49.70265],[12.449809,49.701619],[12.452755,49.701388],[12.521476,49.686531],[12.529905,49.666535],[12.52513,49.653679],[12.522603,49.632314],[12.529475,49.618295],[12.535969,49.618233],[12.546086,49.621254],[12.554328,49.620916],[12.558945,49.620382],[12.560759,49.619728],[12.575983,49.586897],[12.576185,49.585499],[12.571364,49.569127],[12.574466,49.559602],[12.593165,49.542716],[12.589246,49.538801],[12.589439,49.537826],[12.606794,49.530925],[12.620761,49.52691],[12.628459,49.527135],[12.630187,49.531179],[12.631823,49.531886],[12.636485,49.531321],[12.638511,49.529933],[12.644942,49.521954],[12.643425,49.488089],[12.642927,49.485912],[12.641977,49.484742],[12.632785,49.475926],[12.63581,49.475616],[12.637007,49.475207],[12.649334,49.468619],[12.65821,49.450756],[12.658403,49.441249],[12.65822,49.439938],[12.657707,49.438364],[12.6559,49.434691],[12.679652,49.426557],[12.707342,49.424731],[12.732206,49.410247],[12.758309,49.394292],[12.760883,49.382774],[12.758296,49.37496],[12.779203,49.347351],[12.802762,49.341102],[12.874267,49.333432],[12.888825,49.333448],[12.888359,49.334889],[12.88727,49.336532],[12.880956,49.344451],[12.879178,49.350285],[12.901302,49.349707],[12.950285,49.342548],[12.972463,49.33399],[13.029168,49.304242],[13.030721,49.287187],[13.026275,49.279042],[13.033783,49.265147],[13.060863,49.250933],[13.069427,49.248334],[13.088442,49.22815],[13.110141,49.203292],[13.161756,49.174861],[13.17121,49.173043],[13.177202,49.164259],[13.170799,49.144079],[13.18354,49.134621],[13.2051,49.12332],[13.236895,49.113996],[13.276187,49.120581],[13.2823,49.120519],[13.289405,49.118416],[13.327705,49.097103],[13.399144,49.049566],[13.399667,49.048464],[13.405583,49.024565],[13.409286,49.003081],[13.402785,48.994618],[13.403108,48.987688],[13.417334,48.980009],[13.432782,48.972043],[13.495668,48.941425],[13.508662,48.941858],[13.505917,48.960142],[13.507767,48.969012],[13.529014,48.973821],[13.536541,48.97349],[13.57284,48.966511],[13.622597,48.938601],[13.636565,48.925984],[13.655415,48.893657],[13.671301,48.880019],[13.675937,48.878698],[13.691357,48.878465],[13.717776,48.878596],[13.719522,48.878789],[13.721039,48.879231],[13.751076,48.864315],[13.752745,48.856659],[13.766494,48.834336],[13.767049,48.833672],[13.769733,48.832413],[13.789133,48.825729],[13.815605,48.79691],[13.805032,48.781111],[13.813617,48.773978],[13.828392,48.771349],[13.83205,48.771077],[13.834595,48.771235],[13.835043,48.762093],[13.810607,48.728418],[13.796783,48.712977],[13.802087,48.708957],[13.815108,48.694058],[13.814107,48.693134],[13.813327,48.690664],[13.813655,48.684695],[13.818066,48.661662],[13.825415,48.634987],[13.825696,48.626958],[13.825215,48.619924],[13.824886,48.618674],[13.805515,48.579494],[13.80334,48.575626],[13.802438,48.574735],[13.800539,48.573324],[13.772593,48.557493],[13.761163,48.5654],[13.755205,48.564927],[13.747052,48.553484],[13.743712,48.54423],[13.74409,48.541348],[13.748986,48.539368],[13.748103,48.531194],[13.746641,48.529383],[13.732363,48.516354],[13.72685,48.512681],[13.712083,48.516153],[13.707572,48.517391],[13.66391,48.534552],[13.660911,48.536158],[13.659758,48.537406],[13.65506,48.545659],[13.652424,48.548695],[13.650669,48.549654],[13.614748,48.560093],[13.583068,48.561898],[13.581499,48.560889],[13.577643,48.559952],[13.575211,48.559867],[13.573131,48.560213],[13.568753,48.561954],[13.551413,48.569786],[13.544536,48.574529],[13.535331,48.581343],[13.527314,48.586359],[13.524514,48.587794],[13.518771,48.589922],[13.516439,48.590382],[13.513147,48.590678],[13.510876,48.590587],[13.509133,48.59004],[13.507845,48.589175],[13.501821,48.581887],[13.507071,48.579486],[13.508098,48.578108],[13.508013,48.576724],[13.506772,48.57485],[13.505553,48.57356],[13.492779,48.565393],[13.474226,48.555768],[13.464673,48.553163],[13.449384,48.564181],[13.439277,48.558448],[13.437655,48.556961],[13.436937,48.555603],[13.436732,48.554232],[13.436893,48.55285],[13.438051,48.55003],[13.438893,48.548703],[13.448025,48.539443],[13.449676,48.537383],[13.450091,48.5364],[13.456884,48.511417],[13.446448,48.492222],[13.436173,48.474453],[13.427267,48.459752],[13.426115,48.457452],[13.42589,48.456396],[13.425976,48.455575],[13.426173,48.454571],[13.426849,48.453221],[13.428117,48.451343],[13.436211,48.442426],[13.437306,48.44084],[13.43841,48.438732],[13.439036,48.436763],[13.439367,48.434406],[13.438886,48.431125],[13.438111,48.428806],[13.414417,48.380151],[13.411618,48.376464],[13.41001,48.374868],[13.407238,48.37298],[13.326822,48.322561],[13.322639,48.320212],[13.319274,48.318463],[13.3126,48.315475],[13.260001,48.294259],[13.254958,48.293054],[13.252191,48.292754],[13.249087,48.292706],[13.207919,48.295003],[13.178151,48.29404],[13.17341,48.293129],[13.167186,48.291472],[13.134932,48.280553],[13.130437,48.279419],[13.125397,48.278424],[13.121613,48.277983],[13.116896,48.277718],[13.105864,48.277827],[13.088539,48.27846],[13.08696,48.278416],[13.085151,48.278099],[13.082104,48.277307],[13.021005,48.256935],[13.01771,48.255715],[13.013502,48.253509],[13.010946,48.251201],[13.007785,48.246272],[13.004932,48.242622],[12.999671,48.238226],[12.983732,48.227118],[12.966633,48.215548],[12.956657,48.209574],[12.952028,48.207689],[12.949606,48.207168],[12.947241,48.206969],[12.925429,48.206714],[12.878857,48.203378],[12.872875,48.202383],[12.869732,48.201372],[12.867482,48.200197],[12.865713,48.198661],[12.864841,48.197582],[12.864061,48.196196],[12.862471,48.190267],[12.857446,48.181695],[12.846992,48.16697],[12.832109,48.155073],[12.829517,48.153707],[12.825884,48.15248],[12.821858,48.152052],[12.816997,48.152137],[12.815243,48.151994],[12.811442,48.151211],[12.801728,48.14726],[12.799295,48.1458],[12.798342,48.144686],[12.783639,48.122949],[12.758796,48.11902],[12.750355,48.111837],[12.749807,48.111003],[12.749525,48.110406],[12.74929,48.108792],[12.749882,48.104715],[12.752187,48.091987],[12.753291,48.087081],[12.754039,48.084637],[12.755885,48.080408],[12.756937,48.078768],[12.758955,48.075938],[12.76271,48.071805],[12.766824,48.068474],[12.774426,48.063397],[12.786157,48.055985],[12.804524,48.045151],[12.824187,48.034087],[12.832165,48.028972],[12.844679,48.020071],[12.849527,48.016037],[12.851901,48.013801],[12.854172,48.011396],[12.856328,48.007716],[12.857193,48.005629],[12.868632,47.970066],[12.870406,47.966844],[12.872419,47.964723],[12.873413,47.963937],[12.875816,47.96241],[12.910357,47.956835],[12.912926,47.956248],[12.915507,47.955363],[12.917415,47.954413],[12.919099,47.953279],[12.941183,47.930413],[12.965708,47.900609],[12.982266,47.874811],[12.987771,47.868382],[13.00312,47.852141],[13.00348,47.845272],[13.002881,47.84346],[13.002001,47.841897],[13.001167,47.84099],[12.968262,47.805806],[12.948363,47.788575],[12.929894,47.773028],[12.92745,47.770511],[12.928074,47.770173],[12.941265,47.771263],[12.944732,47.764478],[12.935507,47.747996],[12.929871,47.745352],[12.921586,47.744134],[12.914208,47.738255],[12.905378,47.727148],[12.90492,47.725675],[12.905226,47.724553],[12.905901,47.723648],[12.907614,47.722414],[12.926998,47.710358],[12.930025,47.709598],[12.955089,47.708371],[12.987051,47.707376],[12.99096,47.708293],[13.001902,47.713411],[13.008446,47.721892],[13.017576,47.722716],[13.045018,47.712412],[13.07996,47.686952],[13.076683,47.672822],[13.080336,47.662422],[13.09601,47.642214],[13.097945,47.638517],[13.098777,47.635602],[13.096676,47.62925],[13.093753,47.626767],[13.089729,47.625091],[13.087383,47.624491],[13.085978,47.623805],[13.080975,47.620444],[13.077759,47.617652],[13.06272,47.601428],[13.04842,47.583872],[13.056059,47.562385],[13.055659,47.55744],[13.039226,47.543306],[13.031805,47.535505],[13.031563,47.53231],[13.041335,47.526876],[13.04593,47.52382],[13.046238,47.521016],[13.047249,47.492017],[13.00677,47.464391],[12.993476,47.477166],[12.977847,47.484186],[12.973748,47.483614],[12.971733,47.474275],[12.966854,47.474557],[12.908707,47.496918],[12.884663,47.512803],[12.85018,47.53309],[12.818292,47.544968],[12.808144,47.548025],[12.794917,47.556333],[12.784057,47.568824],[12.779591,47.578914],[12.79246,47.600435],[12.807405,47.610268],[12.813668,47.611726],[12.82303,47.6098],[12.824243,47.612139],[12.789427,47.633267],[12.780846,47.632935],[12.77179,47.639076],[12.75823,47.652116],[12.759048,47.653429],[12.76052,47.654505],[12.762162,47.655208],[12.769147,47.656357],[12.778202,47.660555],[12.783699,47.67157],[12.780884,47.674335],[12.748368,47.673807],[12.715176,47.676313],[12.695715,47.682056],[12.676268,47.681808],[12.673354,47.681552],[12.60504,47.673212],[12.603106,47.672162],[12.596784,47.666189],[12.583098,47.647663],[12.57778,47.634389],[12.574969,47.632357],[12.536249,47.636406],[12.526951,47.632444],[12.512,47.625477],[12.498283,47.625271],[12.465335,47.649846],[12.441022,47.673807],[12.438856,47.676632],[12.442933,47.691689],[12.440381,47.695546],[12.429038,47.696286],[12.400546,47.692185],[12.374493,47.685212],[12.363893,47.684054],[12.339762,47.690236],[12.335095,47.692562],[12.337543,47.696835],[12.295273,47.6907],[12.263133,47.67829],[12.255816,47.679145],[12.245699,47.687802],[12.241317,47.694183],[12.246923,47.711244],[12.257687,47.721093],[12.264435,47.732535],[12.262926,47.736928],[12.257183,47.742954],[12.249423,47.741353],[12.226291,47.718467],[12.204081,47.707859],[12.18611,47.703366],[12.16404,47.700847],[12.167827,47.685158],[12.169262,47.681909],[12.17133,47.678893],[12.173929,47.676615],[12.186677,47.6605],[12.199785,47.643469],[12.201008,47.641131],[12.208953,47.614213],[12.208112,47.611017],[12.206998,47.609552],[12.205295,47.608329],[12.202533,47.606853],[12.198449,47.605947],[12.184658,47.604525],[12.181035,47.61055],[12.179033,47.614257],[12.176111,47.614715],[12.16324,47.613394],[12.152039,47.609529],[12.138695,47.605902],[12.128374,47.606057],[12.078286,47.613627],[12.060811,47.618822],[12.05391,47.61538],[12.027635,47.611151],[12.022093,47.611174],[12.019699,47.612412],[11.982996,47.619354],[11.924125,47.6134],[11.893787,47.608392],[11.864002,47.601994],[11.847556,47.582041],[11.843885,47.581349],[11.829626,47.5821],[11.828292,47.58537],[11.769582,47.589585],[11.699291,47.588829],[11.681281,47.583922],[11.663663,47.583707],[11.658029,47.584154],[11.6496,47.590139],[11.641057,47.592988],[11.637689,47.593832],[11.630566,47.592558],[11.60689,47.582288],[11.588091,47.557765],[11.587684,47.55617],[11.586285,47.545598],[11.588353,47.52543],[11.571508,47.514491],[11.539161,47.509576],[11.505899,47.504938],[11.44758,47.510639],[11.441498,47.517952],[11.440635,47.517915],[11.439607,47.517538],[11.43299,47.514117],[11.413598,47.499555],[11.412733,47.498673],[11.410572,47.495088],[11.388769,47.479814],[11.387582,47.478646],[11.386658,47.477387],[11.384789,47.472865],[11.384889,47.471786],[11.38522,47.471028],[11.388609,47.467883],[11.391357,47.466683],[11.394453,47.466424],[11.40939,47.466623],[11.416323,47.450931],[11.414882,47.446729],[11.376451,47.448646],[11.339316,47.44973],[11.336615,47.449059],[11.293042,47.416008],[11.289317,47.407321],[11.284959,47.402878],[11.269828,47.397407],[11.227176,47.395195],[11.224941,47.395219],[11.222688,47.396825],[11.223067,47.399212],[11.224385,47.401611],[11.244088,47.421971],[11.252858,47.427625],[11.249946,47.432074],[11.207254,47.433736],[11.205039,47.433472],[11.155004,47.420678],[11.127502,47.411694],[11.124,47.40786],[11.123015,47.406401],[11.122475,47.404446],[11.122584,47.402567],[11.123507,47.400208],[11.122204,47.398617],[11.118466,47.397003],[11.114746,47.395802],[11.099628,47.395114],[11.031897,47.393761],[11.006816,47.394142],[10.996476,47.394783],[10.979698,47.397392],[10.970529,47.400154],[10.969042,47.412308],[10.971841,47.417183],[10.973753,47.417794],[10.978731,47.417907],[10.984705,47.421061],[10.983641,47.430122],[10.957837,47.45186],[10.927563,47.472648],[10.906112,47.484357],[10.886895,47.479584],[10.883763,47.479038],[10.880106,47.479051],[10.87804,47.479346],[10.87114,47.481679],[10.869978,47.482312],[10.869507,47.483194],[10.869416,47.486941],[10.870191,47.498556],[10.870435,47.499229],[10.871183,47.499891],[10.878247,47.503083],[10.904913,47.517965],[10.885367,47.537264],[10.853275,47.534175],[10.813129,47.52605],[10.795935,47.521354],[10.763697,47.527583],[10.762597,47.53038],[10.760408,47.532802],[10.757406,47.534768],[10.750798,47.5372],[10.729655,47.538775],[10.694994,47.544818],[10.690585,47.554206],[10.677621,47.558891],[10.617507,47.566745],[10.60804,47.566117],[10.596341,47.564699],[10.580649,47.55605],[10.579184,47.553032],[10.581687,47.550101],[10.581804,47.548259],[10.573647,47.533898],[10.523497,47.535628],[10.514621,47.536528],[10.489438,47.540077],[10.461046,47.552542],[10.454579,47.555864],[10.439234,47.524211],[10.431568,47.503721],[10.440221,47.486691],[10.443298,47.484734],[10.446214,47.484367],[10.451661,47.485313],[10.463168,47.482532],[10.468128,47.476856],[10.470029,47.468375],[10.475836,47.433283],[10.474963,47.431845],[10.454783,47.418902],[10.446395,47.414972],[10.425966,47.383112],[10.386133,47.356548],[10.357225,47.33657],[10.346068,47.320502],[10.282148,47.288565],[10.259289,47.281473],[10.242096,47.277346],[10.174006,47.270362],[10.172463,47.274247],[10.175172,47.287901],[10.175663,47.289609],[10.178269,47.295061],[10.179755,47.295972],[10.181524,47.295977],[10.18395,47.294475],[10.185472,47.293995],[10.188072,47.294047],[10.199181,47.297771],[10.210317,47.306156],[10.215225,47.311657],[10.210666,47.318904],[10.200306,47.326008],[10.200587,47.327536],[10.204901,47.337637],[10.217918,47.354039],[10.235159,47.371098],[10.236482,47.373527],[10.23587,47.381764],[10.227312,47.389037],[10.181794,47.392579],[10.16972,47.385885],[10.168915,47.377609],[10.169697,47.37134],[10.165852,47.368939],[10.155863,47.367668],[10.143279,47.367016],[10.13789,47.367996],[10.11936,47.37546],[10.100427,47.354918],[10.099421,47.355058],[10.08301,47.393618],[10.069537,47.409503],[10.07455,47.414482],[10.078902,47.414778],[10.085643,47.414399],[10.095147,47.417562],[10.105267,47.428362],[10.093156,47.447409],[10.083419,47.457219],[10.044541,47.487413],[10.040488,47.488484],[10.037914,47.488733],[10.034155,47.488187],[10.022791,47.484373],[10.012323,47.482772],[10.006523,47.482225],[10.001109,47.482829],[9.995519,47.486469],[9.965195,47.520718],[9.964547,47.523015],[9.967537,47.546023],[9.962123,47.53614],[9.960708,47.534471],[9.922526,47.529701],[9.916966,47.530884],[9.915286,47.531639],[9.913441,47.532833],[9.877753,47.540119],[9.874994,47.530489],[9.874649,47.52948],[9.873918,47.528542],[9.85839,47.534157],[9.83945,47.542651],[9.821315,47.554859],[9.825387,47.559017],[9.825757,47.560098],[9.826818,47.57786],[9.826254,47.580319],[9.824056,47.586685],[9.802216,47.59547],[9.799466,47.595479],[9.775973,47.594085],[9.765222,47.588082],[9.756617,47.579011],[9.740902,47.553239],[9.735653,47.544127],[9.729769,47.533266],[9.728849,47.5353],[9.727474,47.537572],[9.725655,47.540183],[9.724073,47.542041],[9.721541,47.544422],[9.71788,47.546867],[9.713068,47.549006],[9.710562,47.549689],[9.681732,47.553097],[9.654749,47.556862],[9.652296,47.557499],[9.612843,47.570204],[9.608743,47.572256],[9.607476,47.573297],[9.606645,47.574467],[9.602275,47.584118],[9.601256,47.585377],[9.599975,47.586426],[9.598514,47.587196],[9.596819,47.587613],[9.594478,47.5878],[9.591717,47.587688],[9.579372,47.585831],[9.577969,47.585541],[9.57405,47.584178],[9.571171,47.584018],[9.5614,47.584491],[9.548115,47.588806],[9.535859,47.596804],[9.529915,47.603185],[9.517495,47.621864],[9.515599,47.629018],[9.515486,47.629988],[9.511453,47.635586],[9.502138,47.645261],[9.500678,47.646469],[9.494818,47.649507],[9.490954,47.650505],[9.489076,47.650658],[9.487005,47.650459],[9.448064,47.655419],[9.420342,47.665329],[9.417386,47.666037],[9.40132,47.668222],[9.397728,47.668185],[9.360756,47.661738],[9.357939,47.661026],[9.354611,47.660541],[9.351399,47.660768],[9.347601,47.661663],[9.310426,47.673575],[9.263542,47.693535],[9.251941,47.700153],[9.24219,47.706638],[9.231638,47.716258],[9.229342,47.719089],[9.227212,47.722147],[9.226161,47.724688],[9.22556,47.727359],[9.225913,47.735398],[9.225658,47.737013],[9.224895,47.738182],[9.223407,47.739575],[9.219894,47.741449],[9.21362,47.744458],[9.156746,47.76511],[9.153641,47.766042],[9.149166,47.766832],[9.14125,47.766725],[9.125475,47.780297],[9.108096,47.789892],[9.096376,47.793482],[9.069671,47.806411],[9.064212,47.812479],[9.063035,47.813461],[9.061138,47.814011],[9.041214,47.816713],[9.039525,47.816502],[9.035082,47.811957],[9.031919,47.808382],[9.031562,47.807379],[9.031598,47.806139],[9.031879,47.805235],[9.032805,47.804142],[9.033815,47.803391],[9.069176,47.778297],[9.074906,47.774722],[9.080347,47.771899],[9.090331,47.767328],[9.130213,47.749769],[9.132876,47.748886],[9.135597,47.748327],[9.140924,47.74798],[9.152447,47.745714],[9.172525,47.734941],[9.174045,47.733908],[9.175289,47.732719],[9.21061,47.68494],[9.216705,47.66852],[9.21661,47.667027],[9.215137,47.665851],[9.208945,47.663503],[9.207224,47.663168],[9.205477,47.663327],[9.20167,47.664432],[9.194744,47.665752],[9.181293,47.667243],[9.179607,47.664589],[9.179855,47.657277],[9.180247,47.655538],[9.177592,47.654814],[9.169145,47.655825],[9.118842,47.668051],[9.112773,47.670966],[9.104676,47.675941],[9.099015,47.678025],[9.091257,47.679399],[9.05462,47.684357],[9.024231,47.686636],[9.019685,47.68644],[8.999856,47.681018],[8.97981,47.673675],[8.969065,47.666946],[8.940326,47.656318],[8.899337,47.648119],[8.893478,47.648329],[8.849713,47.681273],[8.850943,47.697129],[8.857876,47.698852],[8.863173,47.698518],[8.86573,47.696876],[8.865245,47.69383],[8.873847,47.694184],[8.876325,47.696594],[8.872637,47.703882],[8.870096,47.705444],[8.833097,47.714313],[8.811891,47.728872],[8.807111,47.737374],[8.79653,47.734674],[8.770123,47.71815],[8.769359,47.707225],[8.791157,47.704989],[8.797741,47.702881],[8.807309,47.696424],[8.80995,47.693552],[8.796164,47.67589],[8.791615,47.675424],[8.785673,47.676777],[8.73548,47.692587],[8.711534,47.729411],[8.714738,47.73812],[8.722151,47.744327],[8.728754,47.746781],[8.739227,47.746474],[8.741543,47.748075],[8.740026,47.752878],[8.727233,47.761723],[8.713308,47.765586],[8.704578,47.761442],[8.687932,47.773672],[8.674438,47.786302],[8.65732,47.799697],[8.655789,47.799941],[8.649324,47.797997],[8.648978,47.797614],[8.645626,47.789493],[8.645448,47.788186],[8.645515,47.786407],[8.64585,47.785999],[8.649112,47.783673],[8.649601,47.783079],[8.652032,47.773321],[8.651976,47.7727],[8.651257,47.771941],[8.64123,47.764804],[8.631594,47.758337],[8.629214,47.758872],[8.627609,47.759707],[8.619354,47.767485],[8.619123,47.778512],[8.620011,47.788137],[8.613819,47.801156],[8.599547,47.80276],[8.56808,47.807943],[8.563329,47.804524],[8.561913,47.79265],[8.555376,47.784127],[8.515859,47.773311],[8.510345,47.775772],[8.491194,47.771484],[8.475847,47.761293],[8.450478,47.740222],[8.411752,47.693898],[8.406055,47.675242],[8.412218,47.666371],[8.470007,47.638878],[8.470611,47.638736],[8.475897,47.63861],[8.528507,47.644799],[8.529516,47.645177],[8.530447,47.64585],[8.534159,47.64918],[8.533145,47.651274],[8.526348,47.659952],[8.532696,47.662278],[8.549865,47.667945],[8.563781,47.670449],[8.604895,47.669276],[8.622989,47.656736],[8.626584,47.653831],[8.627515,47.652796],[8.628006,47.651761],[8.628124,47.649678],[8.627749,47.648332],[8.623745,47.641665],[8.622679,47.640649],[8.619505,47.638761],[8.617287,47.637976],[8.615018,47.637487],[8.612135,47.637078],[8.606166,47.63701],[8.60481,47.637337],[8.603935,47.637969],[8.60352,47.639067],[8.603718,47.640159],[8.60474,47.640922],[8.610918,47.641803],[8.612359,47.642376],[8.613652,47.643361],[8.614152,47.644556],[8.614088,47.646236],[8.613345,47.64794],[8.612087,47.649527],[8.60958,47.651443],[8.607715,47.652192],[8.605198,47.652274],[8.604308,47.651881],[8.59503,47.642676],[8.594794,47.64189],[8.594815,47.640992],[8.596985,47.628427],[8.597558,47.626667],[8.598889,47.623849],[8.599919,47.622294],[8.604327,47.616879],[8.604742,47.616104],[8.604835,47.615054],[8.604665,47.613937],[8.603076,47.611356],[8.582342,47.596125],[8.575528,47.594665],[8.566216,47.596981],[8.561617,47.601106],[8.566814,47.608947],[8.573243,47.611461],[8.568906,47.617038],[8.558002,47.624241],[8.538725,47.630916],[8.521742,47.634303],[8.515971,47.633272],[8.45707,47.601906],[8.45711,47.59672],[8.467222,47.58375],[8.480534,47.584411],[8.481799,47.58466],[8.484884,47.587557],[8.488967,47.588433],[8.49407,47.581174],[8.489644,47.578926],[8.485854,47.577382],[8.467126,47.573096],[8.435898,47.566682],[8.431542,47.566357],[8.374725,47.567876],[8.335011,47.570651],[8.329708,47.571318],[8.324853,47.572695],[8.323117,47.573515],[8.298709,47.588341],[8.296379,47.590846],[8.295734,47.5922],[8.295218,47.593942],[8.2953,47.597198],[8.296535,47.60321],[8.296153,47.60554],[8.295201,47.606914],[8.292504,47.608675],[8.288135,47.610681],[8.283638,47.611641],[8.259388,47.615216],[8.217738,47.618306],[8.110219,47.582965],[8.108871,47.582252],[8.106105,47.580087],[8.104003,47.577389],[8.102453,47.574532],[8.100007,47.566036],[8.0994,47.564845],[8.098295,47.563535],[8.097194,47.562405],[8.094035,47.560429],[8.090117,47.558787],[8.088447,47.558444],[8.022448,47.5508],[8.018137,47.550962],[8.015198,47.551308],[8.013599,47.551694],[8.007172,47.554855],[8.001272,47.556248],[7.958471,47.557197],[7.957163,47.556806],[7.955128,47.555824],[7.953768,47.554902],[7.952882,47.553784],[7.95006,47.547164],[7.949164,47.546001],[7.947959,47.545154],[7.946699,47.544603],[7.943577,47.544395],[7.922171,47.547485],[7.919339,47.548065],[7.91657,47.548961],[7.913866,47.550146],[7.911591,47.551504],[7.90951,47.553216],[7.908145,47.554946],[7.90751,47.556172],[7.906898,47.558989],[7.9074,47.561348],[7.907803,47.562274],[7.910438,47.566266],[7.910724,47.567145],[7.910401,47.56952],[7.909115,47.572789],[7.905736,47.57822],[7.904838,47.579394],[7.903319,47.580734],[7.893065,47.586728],[7.891521,47.587293],[7.88761,47.588116],[7.88569,47.588232],[7.869618,47.588563],[7.821797,47.587359],[7.820528,47.58722],[7.818813,47.586485],[7.818034,47.585666],[7.815368,47.581374],[7.814156,47.578224],[7.812902,47.572178],[7.812195,47.571],[7.809959,47.56885],[7.796108,47.557986],[7.794199,47.556949],[7.789808,47.555374],[7.751561,47.544927],[7.696426,47.534282],[7.685883,47.533829],[7.681135,47.533967],[7.677112,47.534438],[7.671458,47.535568],[7.665936,47.537644],[7.649163,47.548112],[7.634027,47.560941],[7.637779,47.565464],[7.658752,47.563704],[7.686313,47.565914],[7.686865,47.566486],[7.68918,47.571375],[7.689233,47.571835],[7.680606,47.582213],[7.667676,47.591768],[7.653664,47.595493],[7.644225,47.596198],[7.643643,47.594304],[7.641949,47.590698],[7.640747,47.589174],[7.639683,47.588274],[7.625799,47.580578],[7.621661,47.57858],[7.61939,47.577873],[7.608755,47.577941],[7.592863,47.598802],[7.592898,47.600026],[7.592557,47.601536],[7.591732,47.603592],[7.590741,47.605076],[7.566568,47.632106],[7.564187,47.634119],[7.559732,47.637012],[7.537534,47.648676],[7.534351,47.650945],[7.524314,47.659197],[7.520477,47.662797],[7.518958,47.665247],[7.518388,47.66676],[7.511393,47.697362],[7.511624,47.6995],[7.512641,47.701642],[7.513883,47.703142],[7.518567,47.706796],[7.539536,47.719797],[7.541264,47.721445],[7.544444,47.725561],[7.545662,47.727932],[7.54652,47.730096],[7.547073,47.732449],[7.54746,47.736687],[7.547274,47.739812],[7.546533,47.742634],[7.546136,47.743702],[7.532958,47.768267],[7.531494,47.77133],[7.530188,47.776637],[7.529963,47.778834],[7.530095,47.781312],[7.531355,47.786563],[7.533681,47.791627],[7.549322,47.819655],[7.556209,47.83139],[7.558513,47.833979],[7.559827,47.835931],[7.561151,47.838602],[7.5619,47.841293],[7.562332,47.843904],[7.562449,47.846669],[7.562394,47.849393],[7.561694,47.854654],[7.559991,47.858799],[7.556696,47.864314],[7.555919,47.866137],[7.555194,47.869338],[7.555159,47.871262],[7.555496,47.875256],[7.556312,47.878849],[7.557923,47.881663],[7.559185,47.883145],[7.560979,47.884461],[7.562917,47.885593],[7.565017,47.886495],[7.57116,47.888665],[7.575152,47.890364],[7.576757,47.891478],[7.578872,47.893936],[7.581088,47.898763],[7.58157,47.90035],[7.581978,47.902051],[7.582186,47.904863],[7.581625,47.915948],[7.580873,47.920983],[7.580758,47.923148],[7.581009,47.925251],[7.581527,47.927118],[7.582709,47.929992],[7.584097,47.932556],[7.585412,47.934318],[7.587275,47.93632],[7.604359,47.949277],[7.609433,47.953621],[7.620085,47.966819],[7.621045,47.968733],[7.62198,47.973138],[7.621884,47.974791],[7.621384,47.977386],[7.620134,47.981365],[7.617864,47.986505],[7.615326,47.991421],[7.609115,47.999983],[7.60697,48.002508],[7.604009,48.005677],[7.587139,48.019425],[7.582049,48.023401],[7.57435,48.028854],[7.570308,48.032551],[7.568729,48.034983],[7.568484,48.037072],[7.569839,48.080155],[7.575819,48.092945],[7.578815,48.097676],[7.58011,48.100976],[7.580528,48.104802],[7.580431,48.106886],[7.579556,48.111226],[7.57819,48.114995],[7.579897,48.124271],[7.60107,48.158083],[7.602432,48.159846],[7.642969,48.204577],[7.645916,48.207371],[7.6486,48.2096],[7.651365,48.211579],[7.654111,48.212972],[7.659549,48.215317],[7.662686,48.217162],[7.66555,48.219557],[7.666997,48.221069],[7.667962,48.222561],[7.66911,48.22483],[7.681272,48.256901],[7.689402,48.283146],[7.689526,48.293208],[7.689816,48.295446],[7.690466,48.297514],[7.691526,48.299719],[7.693191,48.301956],[7.695856,48.304417],[7.700306,48.307482],[7.70392,48.309391],[7.711692,48.311693],[7.728763,48.316055],[7.736125,48.318742],[7.739867,48.321049],[7.740664,48.321743],[7.743119,48.324378],[7.744247,48.326161],[7.74534,48.329031],[7.745724,48.331074],[7.745839,48.333353],[7.745369,48.335482],[7.734927,48.363418],[7.732004,48.377623],[7.731055,48.389152],[7.731477,48.392438],[7.732523,48.396396],[7.735389,48.403072],[7.746209,48.421382],[7.764462,48.453219],[7.765701,48.456444],[7.767558,48.464615],[7.768126,48.473816],[7.76789,48.488206],[7.768248,48.489313],[7.769309,48.490671],[7.772166,48.493072],[7.775465,48.494854],[7.794518,48.501836],[7.797368,48.503174],[7.798754,48.504081],[7.800413,48.505903],[7.803292,48.510166],[7.805374,48.515129],[7.806564,48.519333],[7.806668,48.524078],[7.805782,48.558068],[7.805588,48.56133],[7.803577,48.569253],[7.800957,48.575686],[7.800223,48.57915],[7.800199,48.584],[7.800949,48.58661],[7.801979,48.588344],[7.803234,48.589941],[7.806211,48.592757],[7.82451,48.613015],[7.827727,48.616728],[7.831836,48.622469],[7.837229,48.637796],[7.838259,48.640053],[7.840313,48.642729],[7.841088,48.64345],[7.844122,48.645331],[7.845811,48.645983],[7.86309,48.650895],[7.883544,48.658686],[7.886037,48.659815],[7.889802,48.662306],[7.896529,48.667575],[7.954777,48.715708],[7.966125,48.726009],[7.967007,48.727091],[7.967536,48.728165],[7.967808,48.731284],[7.966881,48.735501],[7.966619,48.740543],[7.967102,48.746673],[7.968883,48.753229],[7.969698,48.755101],[7.971297,48.757324],[7.973639,48.758871],[7.976201,48.759847],[7.982919,48.760746],[7.985137,48.760742],[7.987575,48.760455],[7.99937,48.758427],[8.00253,48.75812],[8.005737,48.75821],[8.008911,48.758695],[8.012883,48.759792],[8.017307,48.761915],[8.0201,48.764245],[8.022225,48.766893],[8.023416,48.769151],[8.024455,48.772818],[8.02526,48.779729],[8.026252,48.782972],[8.027363,48.784419],[8.03023,48.786417],[8.032805,48.787734],[8.039201,48.789963],[8.042387,48.790519],[8.047078,48.790389],[8.059118,48.788467],[8.062207,48.788508],[8.065645,48.789186],[8.068945,48.790194],[8.082131,48.79723],[8.087056,48.80036],[8.09276,48.805352],[8.099009,48.811219],[8.101691,48.814012],[8.103877,48.81665],[8.10544,48.819221],[8.106491,48.822213],[8.109518,48.833238],[8.116782,48.851579],[8.122528,48.864254],[8.129029,48.87663],[8.139916,48.891736],[8.145617,48.89883],[8.159499,48.915175],[8.196042,48.955474],[8.19915,48.957635],[8.203943,48.959443],[8.232633,48.966275],[8.225462,48.974326],[8.223964,48.975375],[8.222109,48.975877],[8.17103,48.978909],[8.092949,48.989222],[8.091537,48.989578],[8.071943,48.996623],[8.067771,48.998557],[8.064178,49.004454],[8.063257,49.005361],[8.050771,49.013403],[8.049276,49.014018],[7.998186,49.028365],[7.945667,49.055166],[7.932303,49.057461],[7.923951,49.044606],[7.922724,49.04348],[7.92079,49.042518],[7.913819,49.040269],[7.907371,49.044767],[7.890013,49.04786],[7.888872,49.047708],[7.887068,49.047135],[7.881655,49.044686],[7.875187,49.041015],[7.873679,49.039792],[7.86692,49.032703],[7.854378,49.035278],[7.830434,49.047219],[7.814909,49.055316],[7.81379,49.055983],[7.813133,49.056714],[7.811334,49.06001],[7.810577,49.060811],[7.809098,49.06154],[7.794432,49.065407],[7.77733,49.057279],[7.775594,49.056004],[7.768955,49.04748],[7.767783,49.046641],[7.766471,49.046123],[7.763665,49.045623],[7.758054,49.045098],[7.732816,49.043954],[7.69279,49.053938],[7.675636,49.045171],[7.632719,49.0547],[7.630764,49.073084],[7.603157,49.082436],[7.60112,49.082815],[7.598361,49.082897],[7.569659,49.080051],[7.566493,49.080067],[7.563663,49.080407],[7.560768,49.081141],[7.557815,49.082162],[7.553863,49.083813],[7.549029,49.086449],[7.530689,49.097181],[7.522711,49.105844],[7.497461,49.134832],[7.50595,49.150786],[7.506337,49.154721],[7.493518,49.168593],[7.444267,49.184041],[7.381295,49.175159],[7.364682,49.171742],[7.362431,49.144734],[7.361512,49.143042],[7.346783,49.143529],[7.339445,49.144736],[7.329806,49.144598]],[[10.472065,47.569645],[10.473193,47.570813],[10.479761,47.581399],[10.481513,47.584589],[10.472282,47.586663],[10.435576,47.58352],[10.4303,47.576293],[10.436047,47.568084],[10.451142,47.554695],[10.454579,47.555864],[10.472065,47.569645]],[[11.590365,53.035651],[11.593398,53.035849],[11.587606,53.035676],[11.590365,53.035651]],[[10.650819,51.891105],[10.651047,51.898463],[10.650954768272074,51.898997350105546],[10.650819,51.891105]],[[10.579203,51.84886],[10.578563,51.848177],[10.582316,51.851439],[10.579203,51.84886]],[[10.675576,51.638163],[10.721133,51.644293],[10.700892,51.641613],[10.675576,51.638163]],[[10.1426,50.994161],[10.144741,50.993898],[10.145517039590949,50.993938462959036],[10.1426,50.994161]],[[10.12735,51.000628],[10.13214,50.997224],[10.13278880828007,50.996895926618194],[10.12735,51.000628]],[[9.883379,50.400227],[9.88571,50.400635],[9.902399,50.404502],[9.883379,50.400227]],[[9.896209,47.663923],[9.927603,47.654666],[9.930258,47.653952],[9.896209,47.663923]],[[9.844147,47.677704],[9.843311,47.677546],[9.852172,47.678605],[9.844147,47.677704]],[[9.655822,47.611775],[9.640885,47.601045],[9.656243,47.61203],[9.655822,47.611775]],[[8.503821390413549,51.07721429031526],[8.503817,51.078538],[8.503725,51.077682],[8.503821390413549,51.07721429031526]],[[8.50430143188878,51.075535837545665],[8.504025464508645,51.07622407326807],[8.504104,51.075843],[8.50430143188878,51.075535837545665]],[[8.506531180101357,51.073437849623566],[8.505054,51.074365],[8.506013,51.073661],[8.506531180101357,51.073437849623566]],[[8.32279,49.972639],[8.311297,49.981852],[8.328741,49.96764],[8.32279,49.972639]],[[8.436233,49.720427],[8.439198,49.722155],[8.432769,49.718672],[8.436233,49.720427]],[[10.96122,53.914125],[10.960838888106576,53.91419862637197],[10.96190417682087,53.91383876465522],[10.96122,53.914125]],[[10.966894,53.911185],[10.96681631794322,53.91123956842925],[10.967316,53.91077],[10.966894,53.911185]],[[10.96761,53.90979],[10.967528189959294,53.91006270013569],[10.967557,53.909134],[10.96761,53.90979]],[[10.910673,53.897837],[10.912315,53.897778],[10.909017,53.898121],[10.910673,53.897837]],[[10.905425,53.899381],[10.906584477744772,53.89897427896481],[10.903426,53.900376],[10.905425,53.899381]],[[10.901752,53.901944],[10.902152708725882,53.901568664705984],[10.901258,53.90279],[10.901752,53.901944]],[[12.962238,51.651361],[12.913088,51.644877],[12.913945,51.644932],[12.962238,51.651361]],[[13.214421,51.397571],[13.208283,51.406743],[13.212956,51.399577],[13.214421,51.397571]],[[13.218263,51.395853],[13.215939,51.396474],[13.216967,51.39609],[13.218263,51.395853]],[[12.231612,52.523146],[12.223943,52.512768],[12.232228,52.52383],[12.231612,52.523146]],[[13.34986210800844,52.6228834251349],[13.348758152878041,52.62280584923319],[13.348851,52.622803],[13.34986210800844,52.6228834251349]],[[13.521795271584397,52.64362157029587],[13.521798,52.643672],[13.518844,52.647481],[13.521795271584397,52.64362157029587]]],[[[6.727256,53.58124],[6.717514,53.57064],[6.695677,53.566064],[6.692442,53.567107],[6.665716,53.576969],[6.663888,53.577812],[6.661606,53.579181],[6.656511,53.584169],[6.655877,53.585535],[6.654584,53.594555],[6.654599,53.596625],[6.655257,53.598085],[6.656628,53.599523],[6.65829,53.600744],[6.662157,53.602358],[6.665913,53.603338],[6.754646,53.619781],[6.756703,53.619969],[6.758051,53.619956],[6.760926,53.619431],[6.777706,53.614828],[6.782804,53.613065],[6.800217,53.604681],[6.80292,53.603125],[6.805708,53.600383],[6.806512,53.598923],[6.806414,53.598479],[6.805252,53.597724],[6.80243,53.597118],[6.785682,53.596301],[6.759889,53.596197],[6.755307,53.595662],[6.73436,53.586712],[6.727256,53.58124]]],[[[6.864696,53.64491],[6.866289,53.645964],[6.868566,53.646805],[6.887758,53.652549],[6.889431,53.652831],[6.899023,53.653111],[6.903347,53.653003],[6.905209,53.652284],[6.907185,53.650713],[6.908212,53.647801],[6.884259,53.625513],[6.875008,53.62866],[6.873377,53.629539],[6.86359,53.640928],[6.863781,53.643174],[6.864696,53.64491]]],[[[6.864208,53.666954],[6.863988,53.667775],[6.864065,53.668668],[6.864641,53.669755],[6.865197,53.670356],[6.866164,53.670753],[6.867286,53.670912],[6.904388,53.673642],[6.965386,53.679717],[7.026979,53.685167],[7.056336,53.686986],[7.073542,53.687283],[7.078761,53.687005],[7.092328,53.685769],[7.094291,53.685274],[7.095517,53.684697],[7.096393,53.683965],[7.097119,53.682816],[7.097318,53.681616],[7.01536,53.674137],[7.013986,53.673882],[6.899719,53.664682],[6.868357,53.664962],[6.865814,53.665678],[6.864775,53.666323],[6.864208,53.666954]]],[[[7.344656,53.723339],[7.345223,53.722625],[7.346925,53.718379],[7.346802,53.717773],[7.346496,53.717388],[7.338773,53.717065],[7.336504,53.715118],[7.335153,53.714517],[7.326124,53.712767],[7.287564,53.706934],[7.270076,53.704834],[7.15251,53.697215],[7.151567,53.69745],[7.142567,53.701559],[7.140433,53.703093],[7.137178,53.706576],[7.136849,53.707502],[7.136841,53.708194],[7.137244,53.708871],[7.138312,53.709565],[7.142319,53.711473],[7.166702,53.718733],[7.185199,53.722934],[7.190881,53.72359],[7.196861,53.72392],[7.219598,53.723436],[7.234037,53.722784],[7.260278,53.72349],[7.31856,53.726251],[7.330474,53.726322],[7.334656,53.725952],[7.343427,53.723973],[7.344656,53.723339]]],[[[8.118204,53.717067],[8.119558,53.719475],[8.120677,53.720629],[8.124849,53.723612],[8.130129,53.726293],[8.139371,53.730002],[8.142614,53.730873],[8.148194,53.731671],[8.153172,53.732143],[8.157397,53.732223],[8.173069,53.731412],[8.17849,53.730669],[8.182228,53.729939],[8.186086,53.728932],[8.190019,53.727361],[8.191741,53.726341],[8.19219,53.725873],[8.192377,53.725212],[8.191919,53.724691],[8.190796,53.724427],[8.182444,53.723885],[8.168398,53.723522],[8.166054,53.723146],[8.157427,53.715864],[8.157262,53.71498],[8.157582,53.712972],[8.156775,53.712202],[8.154702,53.711596],[8.126607,53.708859],[8.124508,53.709286],[8.118545,53.71248],[8.11776,53.713534],[8.117759,53.715233],[8.118204,53.717067]]],[[[7.359123,53.725829],[7.359084,53.726376],[7.359522,53.727026],[7.36064,53.72772],[7.363986,53.729261],[7.383007,53.734705],[7.385001,53.735034],[7.396363,53.735418],[7.404849,53.735315],[7.408703,53.733784],[7.418381,53.733755],[7.431787,53.732253],[7.43366,53.73149],[7.433967,53.730796],[7.435794,53.718396],[7.389467,53.719634],[7.36484,53.722448],[7.359389,53.725503],[7.359123,53.725829]]],[[[7.571997,53.747127],[7.510524,53.741937],[7.505407,53.738271],[7.504828,53.737637],[7.504324,53.735268],[7.504611,53.731751],[7.501982,53.729853],[7.490571,53.723597],[7.479269,53.720633],[7.475707,53.720186],[7.47303,53.720319],[7.471613,53.720635],[7.466315,53.722484],[7.464725,53.723317],[7.462811,53.730994],[7.462538,53.734251],[7.462684,53.735199],[7.464855,53.740836],[7.471055,53.747858],[7.475412,53.752181],[7.477344,53.753199],[7.481064,53.754468],[7.485702,53.755633],[7.490617,53.756534],[7.533971,53.758002],[7.561858,53.758683],[7.590616,53.758831],[7.60701,53.757353],[7.62054,53.755573],[7.62447,53.754873],[7.626562,53.754202],[7.627836,53.753522],[7.630715,53.749659],[7.631183,53.748771],[7.631011,53.747697],[7.630255,53.745818],[7.61724,53.744914],[7.612959,53.744967],[7.584171,53.747],[7.571997,53.747127]]],[[[7.695724,53.762942],[7.694248,53.762531],[7.682401,53.751699],[7.674049,53.752057],[7.671439,53.752546],[7.670381,53.752944],[7.668772,53.753906],[7.66748,53.755333],[7.666206,53.75836],[7.666396,53.759875],[7.670538,53.766875],[7.677082,53.772445],[7.681495,53.775548],[7.683209,53.776504],[7.685665,53.777486],[7.689219,53.778627],[7.697727,53.780393],[7.721594,53.78173],[7.738516,53.781793],[7.77432,53.781371],[7.794549,53.780465],[7.805001,53.779353],[7.808897,53.77844],[7.812182,53.777594],[7.814162,53.776747],[7.815601,53.775807],[7.815922,53.775032],[7.815273,53.774245],[7.812783,53.773516],[7.799376,53.771418],[7.794144,53.768922],[7.756537,53.760068],[7.744481,53.759504],[7.730406,53.759901],[7.72002,53.760747],[7.704689,53.76274],[7.695724,53.762942]]],[[[7.884,53.7857],[7.868435,53.782521],[7.86322,53.773655],[7.846096,53.784697],[7.845187,53.785415],[7.844746,53.786179],[7.844549,53.787155],[7.844834,53.787961],[7.845627,53.789155],[7.84666,53.789888],[7.848546,53.790818],[7.857501,53.793616],[7.867453,53.794753],[7.880657,53.795095],[7.901795,53.794784],[7.908902,53.793737],[7.918861,53.791455],[7.935608,53.789096],[7.938167,53.78843],[7.963629,53.779505],[7.961231,53.777676],[7.916168,53.779785],[7.909202,53.780538],[7.884,53.7857]]],[[[8.439957,53.964263],[8.442372,53.964438],[8.444344,53.964299],[8.449901,53.962154],[8.450913,53.961379],[8.451059,53.959908],[8.450358,53.958288],[8.440608,53.947039],[8.439433,53.946112],[8.437916,53.94535],[8.43052,53.943286],[8.421364,53.953171],[8.422418,53.954708],[8.424594,53.956361],[8.436207,53.9627],[8.439957,53.964263]]],[[[7.868515,54.187878],[7.870121,54.188415],[7.871901,54.188623],[7.883054,54.188892],[7.883926,54.188668],[7.887259,54.187012],[7.888218,54.186367],[7.891026,54.18249],[7.892313,54.180207],[7.893157,54.177394],[7.893628,54.174681],[7.889149,54.172252],[7.887298,54.175763],[7.886908,54.176132],[7.878242,54.182618],[7.875682,54.184146],[7.868515,54.187878]]],[[[8.397939,54.615842],[8.396976,54.614354],[8.395695,54.613345],[8.394151,54.61234],[8.390087,54.610684],[8.382171,54.609662],[8.379361,54.609544],[8.363182,54.610134],[8.359399,54.6106],[8.357761,54.611182],[8.343652,54.620066],[8.337819,54.624016],[8.298283,54.656056],[8.29007,54.665413],[8.289646,54.666411],[8.28957,54.667882],[8.290147,54.669589],[8.291119,54.670872],[8.335372,54.701812],[8.356753,54.71285],[8.358901,54.713622],[8.360013,54.713722],[8.360641,54.713553],[8.361272,54.713034],[8.361335,54.711473],[8.361086,54.710571],[8.360645,54.710087],[8.352736,54.704262],[8.349814,54.702569],[8.344587,54.700155],[8.343027,54.699132],[8.341175,54.697449],[8.339191,54.694075],[8.338663,54.691345],[8.338891,54.688683],[8.340401,54.685189],[8.342413,54.682179],[8.345281,54.6794],[8.347312,54.677854],[8.349564,54.676527],[8.362223,54.649949],[8.384879,54.628681],[8.39652,54.621099],[8.397263,54.621407],[8.397936,54.620925],[8.398236,54.619879],[8.397939,54.615842]]],[[[8.471939,54.68191],[8.40234,54.700036],[8.398703,54.701476],[8.396923,54.702667],[8.395317,54.705065],[8.394498,54.706892],[8.393339,54.711191],[8.394189,54.715317],[8.397751,54.722011],[8.402066,54.729184],[8.405413,54.73336],[8.407967,54.735682],[8.412244,54.738939],[8.419145,54.743155],[8.427154,54.746617],[8.430744,54.747789],[8.434447,54.74854],[8.467473,54.753077],[8.523047,54.756216],[8.53638,54.755893],[8.545175,54.754682],[8.568671,54.750642],[8.580292,54.74659],[8.583945,54.744724],[8.587051,54.741907],[8.598049,54.719064],[8.597941,54.718371],[8.597651,54.717927],[8.567735,54.680729],[8.566784,54.679835],[8.565295,54.679193],[8.563648,54.678943],[8.548607,54.678883],[8.482422,54.680084],[8.477589,54.680725],[8.471939,54.68191]]],[[[8.673645,47.705069],[8.689951,47.71184],[8.703102,47.714647],[8.71182,47.701145],[8.705286,47.690349],[8.669807,47.685633],[8.66567,47.685536],[8.664052,47.685743],[8.660119,47.689865],[8.659945,47.690249],[8.660015,47.69123],[8.673645,47.705069]]],[[[8.488807,53.927258],[8.489873,53.928578],[8.491207,53.929687],[8.492895,53.93072],[8.494471,53.931213],[8.497364,53.931215],[8.498576,53.931018],[8.517316,53.922773],[8.51755,53.922309],[8.51742,53.920492],[8.516598,53.916507],[8.516185,53.915539],[8.515055,53.914622],[8.485108,53.913476],[8.485306,53.918395],[8.486376,53.922564],[8.487592,53.925216],[8.488807,53.927258]]],[[[8.676711,54.055549],[8.676779,54.057931],[8.677283,54.059744],[8.679715,54.064002],[8.682043,54.066389],[8.684388,54.068014],[8.689346,54.0707],[8.693731,54.07177],[8.699377,54.071914],[8.701974,54.069346],[8.687603,54.059445],[8.692584,54.046221],[8.685033,54.04754],[8.680539,54.049505],[8.678692,54.050933],[8.677598,54.052265],[8.676711,54.055549]]],[[[8.610028,54.494366],[8.594209,54.505263],[8.590451,54.508888],[8.586381,54.515014],[8.585522,54.52213],[8.585301,54.527066],[8.58611,54.529691],[8.588253,54.531142],[8.594003,54.53412],[8.638788,54.546021],[8.682051,54.555773],[8.689921,54.555625],[8.699806,54.554931],[8.703489,54.5544],[8.705336,54.553834],[8.706612,54.552873],[8.707126,54.552045],[8.707152,54.538155],[8.696569,54.515224],[8.676771,54.497772],[8.673271,54.495207],[8.670352,54.494186],[8.665742,54.493059],[8.627418,54.487917],[8.625017,54.48816],[8.622352,54.488785],[8.616494,54.490799],[8.610028,54.494366]]],[[[8.788183,54.551435],[8.788521,54.551862],[8.790757,54.552718],[8.799891,54.554915],[8.804516,54.555543],[8.806868,54.55544],[8.811932,54.554349],[8.83179,54.552934],[8.83444,54.548749],[8.835216,54.547071],[8.824311,54.542761],[8.823068,54.542574],[8.821317,54.54273],[8.791689,54.549121],[8.790006,54.549871],[8.788627,54.55075],[8.788183,54.551435]]],[[[8.573137,54.565761],[8.573808,54.563213],[8.573412,54.55966],[8.571445,54.5584],[8.569505,54.557912],[8.563667,54.557176],[8.550267,54.55662],[8.548626,54.556694],[8.542213,54.560097],[8.528209,54.566578],[8.514713,54.570362],[8.511954,54.571863],[8.509682,54.573525],[8.508646,54.574523],[8.50763,54.576105],[8.507527,54.576643],[8.507733,54.577212],[8.509715,54.578455],[8.511266,54.579009],[8.512967,54.579314],[8.515234,54.579431],[8.517288,54.579139],[8.530731,54.575569],[8.548707,54.579278],[8.554347,54.578987],[8.556204,54.578585],[8.558726,54.577519],[8.573137,54.565761]]],[[[8.584156,54.633601],[8.56114,54.625467],[8.548782,54.617556],[8.54572,54.617517],[8.529086,54.625619],[8.528311,54.62698],[8.528305,54.627779],[8.529362,54.629672],[8.530338,54.630998],[8.531099,54.631612],[8.538643,54.635491],[8.540305,54.636055],[8.541902,54.636322],[8.54356,54.636276],[8.548626,54.63551],[8.556127,54.635976],[8.600915,54.641979],[8.633833,54.648887],[8.638491,54.650006],[8.640539,54.650602],[8.641829,54.651204],[8.643343,54.652348],[8.661049,54.649276],[8.659212,54.645936],[8.656365,54.64339],[8.647947,54.639739],[8.646662,54.639388],[8.61469,54.633978],[8.604102,54.632626],[8.603152,54.632765],[8.596884,54.635544],[8.584156,54.633601]]],[[[8.711975,54.631052],[8.711226,54.632316],[8.711305,54.633763],[8.711826,54.634982],[8.714515,54.638773],[8.714903,54.639128],[8.716197,54.639649],[8.717961,54.640024],[8.726327,54.640582],[8.729044,54.641131],[8.733717,54.643405],[8.734512,54.643273],[8.7357,54.642634],[8.73727,54.641345],[8.738374,54.639726],[8.73874,54.636113],[8.738126,54.634857],[8.737091,54.633684],[8.73468,54.631747],[8.732609,54.630551],[8.72764,54.62874],[8.72403,54.62772],[8.722401,54.627464],[8.719608,54.62764],[8.715903,54.628531],[8.714401,54.629291],[8.711975,54.631052]]],[[[8.680233,54.675705],[8.697024,54.680523],[8.713057,54.677626],[8.681215,54.673402],[8.680233,54.675705]]],[[[11.449007,53.95778],[11.445055,53.959571],[11.444009,53.960504],[11.442183,53.964066],[11.442147,53.966635],[11.442475,53.969103],[11.443114,53.970446],[11.446585,53.973797],[11.44741,53.975291],[11.447867,53.996199],[11.447533,53.996983],[11.446565,53.997341],[11.445361,53.99735],[11.429576,53.985701],[11.427973,53.975626],[11.427969,53.967613],[11.428168,53.964108],[11.428304,53.963344],[11.429162,53.962825],[11.420432,53.962782],[11.392993,53.964832],[11.389599,53.965728],[11.387558,53.96647],[11.385961,53.96737],[11.383294,53.969545],[11.38103,53.97213],[11.377851,53.976887],[11.376662,53.979132],[11.376186,53.981219],[11.376162,53.993597],[11.376589,53.995103],[11.377298,53.99623],[11.378403,53.997345],[11.385726,54.002108],[11.389025,54.003845],[11.399821,54.008277],[11.403738,54.009641],[11.42625,54.015503],[11.473958,54.025658],[11.477264,54.025462],[11.49,54.023341],[11.492118,54.022551],[11.494086,54.021233],[11.495226,54.01976],[11.495411,54.017836],[11.495058,54.015755],[11.493035,54.00801],[11.48891,53.999007],[11.480592,53.981771],[11.455812,53.957602],[11.454993,53.957078],[11.454045,53.956924],[11.451203,53.957197],[11.449007,53.95778]]],[[[13.919224,54.080829],[13.935508,54.076022],[13.961991,54.071856],[13.967306,54.070846],[13.97127,54.069756],[14.001769,54.059212],[14.016665,54.05294],[14.01928,54.051463],[14.047973,54.031849],[14.075917,54.015486],[14.112837,53.995556],[14.138077,53.980613],[14.162571,53.963006],[14.175854,53.952929],[14.177894,53.951637],[14.188784,53.945226],[14.20091,53.939047],[14.212061,53.933985],[14.227035,53.928384],[14.207302,53.915761],[14.205141,53.910968],[14.211518,53.90343],[14.212696,53.901704],[14.213251,53.900545],[14.214244,53.866058],[14.200701,53.870707],[14.19718,53.871721],[14.189673,53.873113],[14.186333,53.873212],[14.175968,53.871954],[14.115562,53.87011],[14.067828,53.870527],[14.043687,53.874374],[14.038121,53.874424],[14.035686,53.874053],[14.018687,53.869355],[14.017851,53.868614],[14.01611,53.864976],[14.015458,53.864437],[14.006673,53.858516],[13.994918,53.852902],[13.981151,53.849475],[13.959728,53.846126],[13.947535,53.84445],[13.944669,53.84417],[13.941334,53.84411],[13.938262,53.844302],[13.921872,53.846275],[13.923007,53.850839],[13.923483,53.851671],[13.924596,53.85209],[13.926107,53.851959],[13.933197,53.84911],[13.934927,53.848666],[13.936608,53.848575],[13.942285,53.849011],[13.950235,53.851453],[13.95172,53.852338],[13.953112,53.853585],[13.953865,53.855408],[13.954089,53.857263],[13.953606,53.858841],[13.952204,53.860922],[13.949653,53.863079],[13.947428,53.864184],[13.930306,53.87008],[13.926823,53.864124],[13.919069,53.848537],[13.917571,53.84651],[13.913942,53.844254],[13.911124,53.843225],[13.899241,53.84043],[13.897451,53.840281],[13.884673,53.841196],[13.863952,53.843405],[13.826237,53.850706],[13.825044,53.85161],[13.821712,53.856177],[13.821198,53.857603],[13.834129,53.870907],[13.836855,53.871922],[13.838245,53.872002],[13.839686,53.871738],[13.850576,53.870888],[13.855988,53.871218],[13.896493,53.878805],[13.922309,53.888898],[13.923528,53.889871],[13.929432,53.897361],[13.937663,53.90958],[13.937859,53.910519],[13.937812,53.91338],[13.931103,53.93583],[13.921981,53.948841],[13.920671,53.950594],[13.917422,53.953273],[13.8974,53.962938],[13.896171,53.965346],[13.895716,53.966734],[13.89575,53.96854],[13.898979,53.979755],[13.89983,53.981853],[13.900986,53.983557],[13.903554,53.98614],[13.90607,53.987878],[13.908194,53.989079],[13.910132,53.989853],[13.938982,53.993845],[13.941252,53.993989],[13.944404,53.993902],[13.948757,53.993377],[13.958643,53.991439],[13.96131,53.990637],[13.962921,53.989792],[13.963846,53.988768],[13.97043,53.97097],[13.969994,53.969714],[13.960917,53.964149],[13.95291,53.95992],[13.951885,53.958347],[13.952193,53.943843],[13.953278,53.937762],[13.953815,53.936074],[13.955216,53.935109],[13.957009,53.934664],[13.95847,53.93483],[13.959409,53.935334],[13.966522,53.947474],[13.965652,53.953757],[13.965119,53.955094],[13.965666,53.956409],[13.966648,53.957443],[13.968167,53.958129],[13.97846,53.960036],[13.991381,53.961437],[14.021364,53.962788],[14.023604,53.96258],[14.024911,53.961959],[14.025042,53.960759],[14.023229,53.959282],[14.021587,53.958591],[14.018283,53.958091],[14.014165,53.957137],[14.011615,53.956148],[14.010469,53.954984],[14.010255,53.953857],[14.011059,53.950039],[14.011898,53.949107],[14.018384,53.946371],[14.029471,53.942316],[14.034599,53.941082],[14.036199,53.940893],[14.039478,53.940917],[14.040376,53.941278],[14.043096,53.944717],[14.043461,53.946199],[14.046988,53.997302],[14.043086,54.008923],[14.042122,54.010578],[14.038772,54.013668],[14.03513,54.01637],[14.032886,54.017494],[14.018377,54.021025],[13.993485,54.044833],[13.972218,54.058724],[13.962003,54.060941],[13.922868,54.063332],[13.914234,54.062004],[13.90998,54.044111],[13.917416,54.042317],[13.926696,54.03682],[13.928398,54.035362],[13.932798,54.029783],[13.933342,54.027979],[13.933013,54.026729],[13.925843,54.017557],[13.925246,54.01716],[13.861059,54.000033],[13.853465,54.002872],[13.850874,54.00706],[13.850735,54.010381],[13.851693,54.013493],[13.853307,54.015806],[13.854965,54.017496],[13.865,54.026586],[13.877597,54.035956],[13.878617,54.037079],[13.879238,54.038384],[13.879069,54.040321],[13.878071,54.042021],[13.874571,54.044354],[13.855158,54.048734],[13.85401,54.048702],[13.844306,54.046499],[13.81135,54.0323],[13.807783,54.029797],[13.805586,54.027625],[13.802607,54.022399],[13.801297,54.02105],[13.797314,54.019267],[13.78469,54.018494],[13.76901,54.01949],[13.768043,54.020028],[13.767163,54.020914],[13.764563,54.024902],[13.763822,54.026405],[13.763603,54.027552],[13.764355,54.03085],[13.764854,54.03179],[13.771668,54.040908],[13.772711,54.041375],[13.77403,54.041439],[13.775037,54.041224],[13.778322,54.038827],[13.779365,54.038476],[13.780226,54.038552],[13.781029,54.039071],[13.796426,54.063326],[13.806742,54.080908],[13.81151,54.096029],[13.811814,54.097801],[13.811601,54.099011],[13.807736,54.107465],[13.806257,54.109131],[13.802379,54.110429],[13.800761,54.110679],[13.796054,54.110758],[13.794206,54.110995],[13.792328,54.111449],[13.790275,54.112214],[13.788493,54.113123],[13.776495,54.120351],[13.755265,54.137338],[13.754189,54.138697],[13.749519,54.151295],[13.750117,54.156781],[13.753961,54.162677],[13.755201,54.164281],[13.757346,54.166319],[13.759342,54.167589],[13.762841,54.168882],[13.771251,54.171503],[13.785084,54.174089],[13.794581,54.174451],[13.797578,54.174175],[13.800642,54.173375],[13.809859,54.169482],[13.813949,54.165293],[13.814586,54.164413],[13.814769,54.158619],[13.817837,54.15291],[13.82712,54.138838],[13.83319,54.131008],[13.837937,54.126278],[13.849234,54.117022],[13.863386,54.106583],[13.870773,54.102041],[13.880966,54.096633],[13.890813,54.091718],[13.900529,54.087696],[13.919224,54.080829]]],[[[12.729823,54.417097],[12.729149,54.415986],[12.727167,54.415464],[12.721586,54.415059],[12.716876,54.415996],[12.699659,54.418399],[12.691146,54.418781],[12.68655,54.417136],[12.682824,54.415351],[12.678837,54.415366],[12.676841,54.416092],[12.675247,54.417161],[12.674583,54.418637],[12.674694,54.420215],[12.676379,54.422171],[12.689581,54.430349],[12.691671,54.430852],[12.695407,54.431011],[12.698539,54.43049],[12.702544,54.429297],[12.710778,54.42556],[12.722776,54.425538],[12.724364,54.424962],[12.727211,54.422244],[12.729823,54.417097]]],[[[12.987464,54.433097],[12.975696,54.432358],[12.974978,54.432462],[12.974545,54.432713],[12.972821,54.435684],[12.973223,54.436242],[12.99714,54.446047],[13.002869,54.447559],[13.009031,54.448021],[13.019993,54.447542],[13.032386,54.447814],[13.038421,54.45055],[13.051932,54.4574],[13.058364,54.452814],[13.05869,54.45208],[13.058544,54.451445],[13.057907,54.450839],[13.049277,54.446216],[13.04358,54.443457],[13.042311,54.443114],[13.02911,54.442706],[13.007802,54.442557],[12.987464,54.433097]]],[[[13.378589,54.621607],[13.383232,54.610597],[13.387557,54.604767],[13.394832,54.595915],[13.404832,54.587592],[13.417056,54.579748],[13.422608,54.577041],[13.427883,54.575042],[13.433981,54.573553],[13.440084,54.572585],[13.448523,54.571643],[13.456928,54.571105],[13.463119,54.571194],[13.509405,54.574171],[13.512771,54.574549],[13.547218,54.580318],[13.602448,54.585444],[13.607345,54.585566],[13.633147,54.584948],[13.636219,54.584656],[13.639128,54.583829],[13.658776,54.575928],[13.660762,54.57498],[13.673536,54.567284],[13.675867,54.565572],[13.677167,54.564129],[13.67811,54.562677],[13.680171,54.542599],[13.6788,54.534978],[13.67812,54.532686],[13.676818,54.530554],[13.667597,54.521198],[13.666246,54.520262],[13.649618,54.514056],[13.635527,54.509536],[13.609686,54.499232],[13.606764,54.497884],[13.57657,54.478138],[13.574151,54.476463],[13.572215,54.474642],[13.570798,54.472735],[13.570107,54.470209],[13.569618,54.467256],[13.569641,54.463707],[13.570394,54.457004],[13.571914,54.451531],[13.573902,54.447008],[13.577209,54.44132],[13.58843,54.424836],[13.590503,54.422377],[13.595176,54.417527],[13.606894,54.407651],[13.611794,54.404493],[13.616134,54.402112],[13.619478,54.400654],[13.622617,54.399768],[13.625421,54.399366],[13.645796,54.399137],[13.655783,54.399858],[13.658303,54.400208],[13.65995,54.40102],[13.661987,54.402748],[13.663136,54.403079],[13.664612,54.403042],[13.666246,54.402641],[13.670712,54.401181],[13.701275,54.382884],[13.735045,54.349902],[13.734616,54.333188],[13.718278,54.311139],[13.717307,54.308234],[13.715582,54.301196],[13.715652,54.29289],[13.716145,54.289013],[13.717481,54.285716],[13.722831,54.277373],[13.723133,54.276278],[13.723163,54.275037],[13.722228,54.274252],[13.720603,54.273467],[13.710086,54.269179],[13.709192,54.268923],[13.707766,54.26896],[13.706428,54.269335],[13.687307,54.279853],[13.685284,54.281153],[13.683458,54.283051],[13.683083,54.284202],[13.68331,54.284987],[13.685305,54.28641],[13.687579,54.287674],[13.688528,54.287829],[13.689531,54.287687],[13.690153,54.287366],[13.693209,54.285284],[13.693735,54.284722],[13.693969,54.283737],[13.695902,54.282258],[13.700721,54.280347],[13.702592,54.280102],[13.707228,54.280271],[13.707942,54.280576],[13.708116,54.281264],[13.708029,54.28256],[13.705871,54.289464],[13.704786,54.291613],[13.702199,54.295031],[13.701039,54.295753],[13.699469,54.296134],[13.698235,54.296067],[13.661012,54.287788],[13.656022,54.288237],[13.653684,54.289033],[13.651171,54.290381],[13.644922,54.295876],[13.644542,54.296991],[13.644783,54.29818],[13.646062,54.299487],[13.651361,54.302392],[13.65592,54.30421],[13.659858,54.305315],[13.674266,54.308133],[13.695737,54.315992],[13.701702,54.320945],[13.703034,54.322529],[13.702897,54.326046],[13.683565,54.351287],[13.595557,54.349206],[13.504403,54.341999],[13.465184,54.326378],[13.376698,54.277745],[13.352569,54.269552],[13.352155,54.26887],[13.352202,54.267718],[13.357651,54.247151],[13.358016,54.246864],[13.358963,54.246798],[13.359759,54.247004],[13.366927,54.250714],[13.367892,54.251608],[13.369176,54.253834],[13.369071,54.255032],[13.368608,54.255914],[13.366282,54.257621],[13.365437,54.257838],[13.364477,54.257716],[13.363904,54.257405],[13.363328,54.255666],[13.362752,54.255311],[13.359811,54.257256],[13.359811,54.261875],[13.360243,54.262593],[13.362191,54.263501],[13.364424,54.264061],[13.366303,54.264153],[13.402609,54.264415],[13.404904,54.263841],[13.406369,54.262801],[13.416854,54.254218],[13.42069,54.249447],[13.423771,54.244657],[13.424091,54.243491],[13.424533,54.239616],[13.424229,54.238518],[13.420616,54.235025],[13.416858,54.232992],[13.402058,54.228482],[13.388023,54.225958],[13.321031,54.238113],[13.319042,54.238894],[13.298479,54.251558],[13.318237,54.24558],[13.319738,54.245546],[13.321536,54.245821],[13.322676,54.246361],[13.323434,54.247386],[13.337619,54.275417],[13.337519,54.275994],[13.336223,54.2773],[13.33463,54.278055],[13.332862,54.278256],[13.331322,54.277734],[13.312134,54.267724],[13.310579,54.266707],[13.310076,54.265829],[13.289913,54.258838],[13.272612,54.253785],[13.269848,54.253514],[13.26755,54.253816],[13.261865,54.255136],[13.211714,54.270489],[13.201289,54.287822],[13.152928,54.285079],[13.142662,54.296454],[13.114361,54.333209],[13.114057,54.334778],[13.114435,54.340978],[13.115321,54.345182],[13.123326,54.366218],[13.124362,54.367805],[13.127426,54.37111],[13.129145,54.372044],[13.131156,54.37273],[13.145971,54.374674],[13.148847,54.374883],[13.154605,54.375184],[13.195379,54.375818],[13.197288,54.375589],[13.198887,54.375069],[13.199815,54.374411],[13.200836,54.372305],[13.201472,54.371887],[13.202842,54.371409],[13.216943,54.369084],[13.221019,54.368807],[13.234538,54.369924],[13.235868,54.370273],[13.257956,54.381156],[13.259439,54.382184],[13.259901,54.383387],[13.259874,54.384645],[13.259263,54.385431],[13.229404,54.410411],[13.215077,54.419102],[13.200853,54.425867],[13.18597,54.423651],[13.157033,54.42086],[13.155156,54.4209],[13.152517,54.421315],[13.15088,54.421996],[13.149717,54.423125],[13.149425,54.424623],[13.150757,54.42923],[13.157957,54.433768],[13.15934,54.434951],[13.160464,54.436419],[13.167418,54.448615],[13.168507,54.45223],[13.169102,54.452882],[13.181918,54.454434],[13.190762,54.455072],[13.191776,54.454772],[13.210805,54.459458],[13.254504,54.472885],[13.264824,54.476253],[13.266368,54.476982],[13.269989,54.479787],[13.270032,54.480441],[13.227816,54.501869],[13.199388,54.503378],[13.196084,54.503359],[13.175364,54.505731],[13.171102,54.507187],[13.164142,54.513163],[13.163298,54.514483],[13.150278,54.542054],[13.167353,54.545324],[13.230665,54.553988],[13.242278,54.554832],[13.284784,54.542855],[13.291049,54.533276],[13.290076,54.53256],[13.289222,54.531546],[13.287244,54.523002],[13.287432,54.522333],[13.287743,54.521895],[13.300445,54.514724],[13.302674,54.514334],[13.304109,54.51432],[13.307952,54.515231],[13.309599,54.516336],[13.310165,54.516961],[13.312038,54.523136],[13.311882,54.524289],[13.303885,54.54528],[13.303135,54.54633],[13.301306,54.547179],[13.298409,54.548015],[13.296461,54.548948],[13.295725,54.550204],[13.295956,54.551842],[13.297463,54.553381],[13.301136,54.555437],[13.322648,54.566403],[13.347461,54.578494],[13.350385,54.579668],[13.352897,54.58024],[13.355387,54.580463],[13.360091,54.580276],[13.362307,54.579893],[13.364851,54.579081],[13.367705,54.57784],[13.368257,54.577082],[13.368215,54.576445],[13.366244,54.573345],[13.353306,54.556283],[13.348425,54.552144],[13.343693,54.524008],[13.343653,54.523407],[13.344485,54.521053],[13.348108,54.518653],[13.348619,54.518435],[13.349544,54.518414],[13.37097,54.521765],[13.384748,54.529357],[13.386191,54.53059],[13.387456,54.532403],[13.388178,54.533941],[13.388521,54.535586],[13.388442,54.537384],[13.387921,54.5386],[13.386658,54.539572],[13.376615,54.544373],[13.361304,54.545314],[13.357937,54.545803],[13.354243,54.547396],[13.353967,54.548588],[13.354752,54.549935],[13.356382,54.551201],[13.364726,54.556717],[13.371131,54.559796],[13.373282,54.560071],[13.374974,54.559709],[13.404494,54.530584],[13.412876,54.520527],[13.413746,54.518791],[13.414055,54.517203],[13.412964,54.515701],[13.409204,54.512635],[13.407693,54.511079],[13.40624,54.508777],[13.40582,54.507367],[13.405674,54.505223],[13.406568,54.50293],[13.410591,54.495363],[13.411266,54.494395],[13.412031,54.493838],[13.413647,54.493091],[13.442692,54.48568],[13.483282,54.472508],[13.472127,54.459375],[13.469791,54.456385],[13.469107,54.454514],[13.469585,54.453407],[13.470198,54.452691],[13.472284,54.451861],[13.474817,54.451486],[13.495038,54.452463],[13.497691,54.452481],[13.501464,54.452185],[13.503688,54.451808],[13.505526,54.451189],[13.506368,54.450442],[13.512314,54.444226],[13.512967,54.443213],[13.512709,54.442168],[13.511824,54.440985],[13.503988,54.435637],[13.50308,54.435434],[13.485655,54.435543],[13.484146,54.435785],[13.483279,54.436174],[13.483042,54.436755],[13.483174,54.437318],[13.483861,54.438101],[13.487978,54.440564],[13.495882,54.444249],[13.496375,54.444911],[13.49633,54.445811],[13.495736,54.446346],[13.494692,54.446631],[13.49326,54.446665],[13.491433,54.446331],[13.489858,54.445848],[13.482185,54.442372],[13.476312,54.438163],[13.4761,54.437772],[13.474969,54.42637],[13.475284,54.425572],[13.475922,54.424775],[13.477409,54.424004],[13.479869,54.423263],[13.509735,54.418941],[13.530136,54.416781],[13.533203,54.417021],[13.535162,54.417702],[13.536737,54.418616],[13.55515,54.437445],[13.555821,54.438417],[13.555931,54.43996],[13.555342,54.442508],[13.547545,54.472455],[13.547141,54.473282],[13.546413,54.474108],[13.543112,54.475634],[13.537919,54.477026],[13.532212,54.477918],[13.519932,54.479246],[13.511126,54.478423],[13.512438,54.509774],[13.509079,54.557918],[13.484272,54.55706],[13.479568,54.552778],[13.447681,54.551154],[13.446257,54.551133],[13.444622,54.551396],[13.442712,54.552159],[13.404834,54.572402],[13.383598,54.58877],[13.383776,54.593473],[13.383588,54.595264],[13.38322,54.596683],[13.382347,54.597969],[13.370212,54.612824],[13.369538,54.613387],[13.368754,54.613692],[13.367258,54.613771],[13.356579,54.612377],[13.35541,54.612018],[13.35367,54.611006],[13.331057,54.588788],[13.316708,54.579946],[13.271185,54.563292],[13.247957,54.55735],[13.245958,54.557259],[13.244086,54.557479],[13.242835,54.557964],[13.242014,54.558898],[13.241703,54.560324],[13.242211,54.561966],[13.255449,54.588912],[13.257491,54.592038],[13.260259,54.59514],[13.267449,54.600102],[13.271358,54.603349],[13.276437,54.608654],[13.2797,54.61266],[13.28115,54.614964],[13.287311,54.629433],[13.287483,54.630166],[13.286097,54.639995],[13.285303,54.642294],[13.284112,54.643982],[13.282579,54.644698],[13.280596,54.644912],[13.274376,54.644294],[13.262475,54.641788],[13.238273,54.630493],[13.226959,54.624001],[13.226451,54.622836],[13.226517,54.620472],[13.230913,54.607183],[13.234705,54.593925],[13.177218,54.561247],[13.172751,54.559995],[13.163736,54.557939],[13.162075,54.557822],[13.160841,54.558108],[13.16019,54.558571],[13.160581,54.565111],[13.161184,54.566589],[13.163936,54.569324],[13.168086,54.571922],[13.171247,54.573275],[13.187742,54.579141],[13.198839,54.583477],[13.208617,54.589402],[13.214209,54.594151],[13.218643,54.598924],[13.222271,54.603184],[13.224417,54.606506],[13.225375,54.609629],[13.225211,54.611905],[13.224315,54.616047],[13.22026,54.625259],[13.218165,54.634896],[13.218146,54.63654],[13.218923,54.638769],[13.224559,54.644827],[13.230087,54.648678],[13.235958,54.652072],[13.24579,54.657311],[13.274903,54.669035],[13.288031,54.673588],[13.291052,54.674043],[13.36138,54.681637],[13.40338,54.682892],[13.425862,54.684989],[13.432657,54.683026],[13.434514,54.680504],[13.431988,54.665428],[13.43154,54.664558],[13.428496,54.660398],[13.427127,54.659181],[13.422461,54.656891],[13.420641,54.656331],[13.393995,54.652226],[13.391104,54.651394],[13.388687,54.650021],[13.38499,54.646899],[13.383189,54.644991],[13.377384,54.63747],[13.376535,54.635441],[13.376245,54.632753],[13.37643,54.629983],[13.377287,54.625472],[13.378589,54.621607]]],[[[13.207069,54.46915],[13.205223,54.469226],[13.187752,54.465584],[13.186083,54.465026],[13.165196,54.455256],[13.163464,54.453693],[13.162342,54.45201],[13.162794,54.450105],[13.157218,54.448444],[13.124624,54.441778],[13.12316,54.442033],[13.12139,54.444846],[13.120932,54.447443],[13.122725,54.451538],[13.140549,54.473102],[13.151126,54.483498],[13.157563,54.487791],[13.162396,54.490079],[13.167854,54.491733],[13.174507,54.493012],[13.180854,54.493587],[13.186714,54.493525],[13.192711,54.49293],[13.196168,54.491724],[13.198207,54.490289],[13.194703,54.48978],[13.193748,54.489072],[13.194349,54.48782],[13.195739,54.486874],[13.199919,54.485868],[13.204519,54.485177],[13.216467,54.485037],[13.209354,54.467242],[13.209229,54.46843],[13.207069,54.46915]]],[[[11.313187,54.402741],[11.312933,54.402366],[11.310711,54.40203],[11.293214,54.403713],[11.274148,54.406345],[11.26743,54.408532],[11.198381,54.419617],[11.189915,54.420652],[11.174861,54.419853],[11.173793,54.4195],[11.167404,54.413581],[11.167267,54.412693],[11.167905,54.412115],[11.178704,54.405881],[11.180302,54.405737],[11.180891,54.405968],[11.181828,54.406833],[11.182351,54.407818],[11.18268,54.4091],[11.18324,54.409492],[11.184996,54.409599],[11.186817,54.408934],[11.186948,54.408458],[11.186588,54.4081],[11.180514,54.403546],[11.177102,54.401903],[11.174799,54.401224],[11.172224,54.400941],[11.168514,54.400844],[11.119164,54.402991],[11.095609,54.408958],[11.094585,54.409475],[11.094122,54.410447],[11.094606,54.42208],[11.095017,54.42399],[11.095773,54.42519],[11.100042,54.428778],[11.100782,54.42996],[11.101211,54.433055],[11.100721,54.435464],[11.095292,54.443776],[11.094422,54.444319],[11.085693,54.448103],[11.08132,54.449362],[11.066179,54.4519],[11.064254,54.45198],[11.062218,54.451801],[11.024782,54.444385],[11.022397,54.443336],[11.021881,54.442673],[11.021538,54.439856],[11.021882,54.438975],[11.023351,54.43817],[11.037922,54.432156],[11.039701,54.431583],[11.043703,54.431413],[11.044854,54.431166],[11.047264,54.429342],[11.047072,54.428759],[11.046253,54.428556],[11.043869,54.42871],[11.040766,54.429307],[11.037864,54.430002],[11.035012,54.430992],[11.008548,54.441938],[11.007234,54.442841],[11.004817,54.446899],[11.004315,54.450044],[11.00491,54.45471],[11.00983,54.48366],[11.014648,54.491962],[11.026148,54.506744],[11.034598,54.516332],[11.03655,54.518173],[11.03853,54.519798],[11.053562,54.529527],[11.06387,54.535182],[11.066673,54.535878],[11.067909,54.535918],[11.06874,54.535734],[11.079359,54.531063],[11.095795,54.530897],[11.171651,54.520597],[11.229733,54.502393],[11.240145,54.495267],[11.241529,54.494128],[11.24225,54.492993],[11.248736,54.47851],[11.251947,54.47262],[11.277983,54.448096],[11.293874,54.434405],[11.296931,54.432294],[11.312336,54.409014],[11.313204,54.403639],[11.313187,54.402741]]],[[[13.154708,54.572824],[13.143821,54.574758],[13.143223,54.575336],[13.140392,54.584566],[13.139552,54.592748],[13.129255,54.590546],[13.11185,54.583874],[13.110822,54.583257],[13.110534,54.582338],[13.111494,54.572241],[13.114219,54.562718],[13.114863,54.561367],[13.117078,54.550605],[13.115386,54.537096],[13.114609,54.536258],[13.10296,54.528361],[13.100852,54.527973],[13.096814,54.52785],[13.095338,54.527449],[13.094312,54.526832],[13.086154,54.519113],[13.082771,54.514988],[13.073647,54.499087],[13.073349,54.49824],[13.072889,54.494692],[13.074386,54.491114],[13.075135,54.487406],[13.075419,54.483916],[13.072932,54.469998],[13.069888,54.46168],[13.066623,54.458414],[13.065649,54.458362],[13.064715,54.458731],[13.06402,54.459742],[13.060925,54.466766],[13.060223,54.469475],[13.060382,54.474449],[13.061009,54.478487],[13.064507,54.490003],[13.067214,54.49655],[13.069745,54.50196],[13.0925,54.546612],[13.096034,54.552135],[13.097429,54.555007],[13.098223,54.557901],[13.10046,54.576618],[13.100912,54.587081],[13.100584,54.587797],[13.099437,54.589024],[13.099353,54.589673],[13.100183,54.590868],[13.118956,54.602408],[13.12171,54.603429],[13.127189,54.604726],[13.131509,54.605274],[13.134202,54.605289],[13.137743,54.605009],[13.142449,54.604058],[13.144257,54.603517],[13.145774,54.602291],[13.14688,54.600418],[13.147756,54.597076],[13.156965,54.581515],[13.15638,54.574351],[13.155703,54.573162],[13.154708,54.572824]]]]},"properties":{"name":"Allianz Deutscher Länder","basis":"Heutiger deutscher Staatsumriss als geografische Referenz. Die abweichenden Grenzen der Allianzländer sind noch nicht flächengenau georeferenziert.","boundary_role":"reference-country","source":"Code for Germany / Click That Hood","source_url":"https://github.com/codeforgermany/click_that_hood"}}]}
