{"type":"FeatureCollection","name":"Toronto Lore-Distrikte","features":[{"type":"Feature","properties":{"name":"Downtown/Alt-Toronto","basis":"Lore-Zuordnung nach 30 Nächte und 3 Tage, S. 11-17; heutige Stadtteilgrenzen dienen nur als präzise Linienbasis","boundary_role":"lore-district","description":"Downtown ist Torontos Finanz-, Verwaltungs-, Medien- und Unterhaltungszentrum. Cabbagetown, Chinatown, Little Italy, Hafenviertel, Krankenhausviertel und PATH verbinden Wohlstand, Konzernmacht und sichtbare Schatten.","source":"30 Nächte und 3 Tage","edition":"SR6"},"geometry":{"type":"MultiPolygon","coordinates":[[[[-79.391191,43.681128],[-79.386737,43.670234],[-79.418406,43.663555],[-79.421843,43.67248],[-79.401373,43.676787],[-79.399044,43.677592],[-79.391191,43.681128]]],[[[-79.386737,43.670234],[-79.376909,43.646901],[-79.378249,43.646182],[-79.384976,43.644782],[-79.387447,43.65067],[-79.386773,43.650822],[-79.390712,43.660177],[-79.390976,43.660579],[-79.391935,43.660973],[-79.392265,43.661417],[-79.392982,43.662554],[-79.394044,43.665016],[-79.393792,43.665478],[-79.39305,43.666055],[-79.394109,43.668681],[-79.386737,43.670234]]],[[[-79.356297,43.664515],[-79.36699,43.661967],[-79.367945,43.664286],[-79.376676,43.662456],[-79.378321,43.666315],[-79.377335,43.666536],[-79.375822,43.666505],[-79.37464,43.667109],[-79.369537,43.668225],[-79.37084,43.671395],[-79.37126,43.671922],[-79.37066,43.672122],[-79.366834,43.674635],[-79.363318,43.675303],[-79.362836,43.67462],[-79.362972,43.673426],[-79.36083,43.672292],[-79.360326,43.671836],[-79.359604,43.670425],[-79.357973,43.669237],[-79.357455,43.668585],[-79.356297,43.664515]]],[[[-79.380498,43.671613],[-79.37141,43.649425],[-79.373787,43.648545],[-79.376909,43.646901],[-79.386737,43.670234],[-79.380498,43.671613]]],[[[-79.386773,43.650822],[-79.403957,43.647183],[-79.407679,43.656464],[-79.390575,43.659826],[-79.386773,43.650822]]],[[[-79.361173,43.651944],[-79.37026,43.649877],[-79.37141,43.649425],[-79.376676,43.662456],[-79.367945,43.664286],[-79.364434,43.655619],[-79.35429,43.657863],[-79.351652,43.655475],[-79.357962,43.65422],[-79.36029,43.652872],[-79.361173,43.651944]]],[[[-79.415576,43.626861],[-79.415621,43.627636],[-79.416085,43.627849],[-79.416182,43.628098],[-79.417322,43.627916],[-79.41782,43.627332],[-79.417742,43.626904],[-79.418354,43.627022],[-79.418623,43.626745],[-79.416508,43.626392],[-79.414963,43.626591],[-79.414823,43.626449],[-79.416578,43.626258],[-79.41821,43.626483],[-79.419446,43.626883],[-79.420001,43.626751],[-79.420349,43.627161],[-79.420952,43.627426],[-79.422467,43.627532],[-79.422532,43.627727],[-79.422041,43.628382],[-79.422472,43.629036],[-79.419615,43.629307],[-79.419322,43.628983],[-79.419702,43.628736],[-79.419862,43.628333],[-79.419346,43.628695],[-79.419135,43.628481],[-79.419313,43.62797],[-79.418763,43.6279],[-79.418523,43.628247],[-79.418424,43.62794],[-79.418682,43.627511],[-79.420035,43.627877],[-79.419736,43.62758],[-79.419037,43.627507],[-79.418694,43.627201],[-79.418376,43.62757],[-79.41787,43.627572],[-79.418318,43.627587],[-79.418273,43.627861],[-79.417859,43.627788],[-79.415995,43.628244],[-79.415598,43.628247],[-79.414894,43.627725],[-79.414503,43.627697],[-79.414206,43.627994],[-79.414444,43.628628],[-79.413872,43.628746],[-79.41377,43.62896],[-79.413945,43.629278],[-79.41443,43.629501],[-79.414174,43.62983],[-79.41427,43.630021],[-79.413845,43.630082],[-79.412292,43.629321],[-79.412001,43.629377],[-79.410746,43.629928],[-79.410746,43.630233],[-79.410371,43.630394],[-79.410435,43.630773],[-79.411391,43.630679],[-79.41033,43.630858],[-79.410373,43.631065],[-79.411538,43.630865],[-79.411748,43.630594],[-79.41455,43.630101],[-79.414926,43.6303],[-79.417391,43.629889],[-79.417902,43.62954],[-79.418671,43.629416],[-79.420099,43.630088],[-79.427137,43.629676],[-79.428878,43.633452],[-79.427359,43.633686],[-79.419496,43.635792],[-79.422368,43.643468],[-79.403957,43.647183],[-79.399615,43.636515],[-79.398478,43.6358],[-79.39681,43.633928],[-79.397351,43.633657],[-79.397672,43.63381],[-79.397558,43.633525],[-79.402306,43.630989],[-79.40299,43.631264],[-79.402944,43.63147],[-79.400284,43.632896],[-79.401577,43.634166],[-79.403423,43.633332],[-79.40663,43.632796],[-79.408593,43.633035],[-79.408776,43.631669],[-79.409987,43.631133],[-79.40998,43.630935],[-79.409449,43.631007],[-79.409042,43.629642],[-79.410183,43.62923],[-79.410018,43.628323],[-79.410365,43.627792],[-79.411225,43.627304],[-79.412797,43.627344],[-79.413474,43.626966],[-79.414354,43.627168],[-79.415363,43.627074],[-79.415576,43.626861]]],[[[-79.414894,43.629644],[-79.413976,43.629107],[-79.414509,43.628702],[-79.414572,43.628072],[-79.416533,43.628474],[-79.416551,43.628715],[-79.415936,43.629499],[-79.414894,43.629644]]],[[[-79.37084,43.671395],[-79.369537,43.668225],[-79.37464,43.667109],[-79.375822,43.666505],[-79.377335,43.666536],[-79.378321,43.666315],[-79.380498,43.671613],[-79.375972,43.67248],[-79.37126,43.671922],[-79.37084,43.671395]]],[[[-79.407679,43.656464],[-79.415147,43.654963],[-79.418688,43.655217],[-79.426405,43.653608],[-79.42942,43.661176],[-79.411121,43.665135],[-79.407679,43.656464]]],[[[-79.35429,43.657863],[-79.364434,43.655619],[-79.36699,43.661967],[-79.356297,43.664515],[-79.35429,43.657863]]],[[[-79.407679,43.656464],[-79.403957,43.647183],[-79.422368,43.643468],[-79.426405,43.653608],[-79.418688,43.655217],[-79.415147,43.654963],[-79.407679,43.656464]]],[[[-79.394109,43.668681],[-79.39305,43.666055],[-79.393792,43.665478],[-79.394044,43.665016],[-79.392982,43.662554],[-79.392265,43.661417],[-79.391935,43.660973],[-79.390976,43.660579],[-79.390575,43.659826],[-79.407679,43.656464],[-79.411121,43.665135],[-79.394109,43.668681]]],[[[-79.36019,43.645294],[-79.367428,43.642588],[-79.368286,43.64387],[-79.36874,43.643715],[-79.369117,43.643567],[-79.368254,43.642262],[-79.373519,43.640321],[-79.374517,43.641807],[-79.375179,43.641564],[-79.374644,43.640755],[-79.374217,43.640583],[-79.374445,43.6405],[-79.374212,43.640132],[-79.374487,43.640348],[-79.374718,43.640275],[-79.374562,43.639998],[-79.374817,43.640236],[-79.375401,43.640028],[-79.375179,43.639691],[-79.375546,43.639917],[-79.37539,43.639618],[-79.377131,43.638976],[-79.377449,43.639481],[-79.377524,43.639257],[-79.377727,43.639376],[-79.37872,43.639039],[-79.378361,43.638512],[-79.3788,43.638347],[-79.379564,43.639461],[-79.380253,43.639682],[-79.379563,43.638061],[-79.383662,43.637687],[-79.384224,43.639108],[-79.384982,43.638997],[-79.384389,43.637607],[-79.385421,43.637514],[-79.385016,43.637616],[-79.385228,43.638159],[-79.385725,43.638058],[-79.385547,43.637488],[-79.386574,43.637377],[-79.387008,43.638571],[-79.387536,43.638471],[-79.387101,43.637353],[-79.388793,43.637169],[-79.389172,43.638062],[-79.389856,43.637918],[-79.389541,43.637126],[-79.391017,43.636989],[-79.391288,43.637583],[-79.391946,43.637452],[-79.391525,43.636317],[-79.391817,43.636883],[-79.3951,43.636592],[-79.395227,43.636418],[-79.394452,43.635498],[-79.392899,43.636268],[-79.391824,43.636294],[-79.392851,43.636205],[-79.394415,43.635425],[-79.394945,43.635298],[-79.395929,43.636504],[-79.396945,43.636424],[-79.395468,43.634688],[-79.39681,43.633928],[-79.398478,43.6358],[-79.399615,43.636515],[-79.403957,43.647183],[-79.387447,43.65067],[-79.384976,43.644782],[-79.378249,43.646182],[-79.373787,43.648545],[-79.37026,43.649877],[-79.361173,43.651944],[-79.36029,43.652872],[-79.357962,43.65422],[-79.352385,43.655446],[-79.351652,43.655475],[-79.351201,43.655111],[-79.349389,43.653402],[-79.349111,43.652859],[-79.347126,43.650875],[-79.359415,43.64558],[-79.360739,43.647206],[-79.360951,43.646417],[-79.36019,43.645294]]]]}},{"type":"Feature","properties":{"name":"Toronto Islands","basis":"Lore-Zuordnung nach 30 Nächte und 3 Tage, S. 11-17; heutige Stadtteilgrenzen dienen nur als präzise Linienbasis","boundary_role":"lore-district","description":"Die Inseln vor Downtown bilden Torontos Freizeitbezirk mit Centreville, Stränden, Bootsanlegern und Billy Bishop Airport; abgelegene Piers und Tunnel werden zugleich für Schmuggel genutzt.","source":"30 Nächte und 3 Tage","edition":"SR6"},"geometry":{"type":"MultiPolygon","coordinates":[[[[-79.386492,43.620557],[-79.386343,43.620373],[-79.386413,43.619569],[-79.385187,43.618944],[-79.384842,43.618338],[-79.384671,43.618468],[-79.384781,43.618913],[-79.384302,43.618422],[-79.384176,43.618485],[-79.38439,43.619438],[-79.384062,43.618564],[-79.383836,43.618578],[-79.383513,43.618993],[-79.383931,43.619197],[-79.384091,43.619591],[-79.383881,43.619771],[-79.383326,43.619897],[-79.382959,43.619649],[-79.382545,43.619825],[-79.381908,43.619755],[-79.380671,43.618978],[-79.379116,43.616946],[-79.379708,43.61653],[-79.380478,43.617051],[-79.381048,43.617097],[-79.381092,43.616919],[-79.380284,43.616719],[-79.379848,43.616206],[-79.379668,43.616491],[-79.379252,43.616135],[-79.377649,43.616844],[-79.377246,43.61748],[-79.377209,43.618147],[-79.376795,43.618465],[-79.375914,43.618665],[-79.374764,43.618506],[-79.37429,43.618736],[-79.374177,43.618993],[-79.373595,43.619074],[-79.373105,43.618869],[-79.371656,43.618806],[-79.371457,43.61859],[-79.370062,43.619181],[-79.369894,43.619546],[-79.370639,43.620444],[-79.370512,43.620853],[-79.365749,43.621491],[-79.364367,43.622152],[-79.36405,43.622779],[-79.362737,43.623449],[-79.36236,43.623901],[-79.359986,43.625113],[-79.358495,43.626351],[-79.356317,43.629001],[-79.356488,43.629755],[-79.357184,43.630442],[-79.357196,43.631115],[-79.358167,43.631342],[-79.357777,43.631391],[-79.357897,43.631591],[-79.357541,43.631422],[-79.357285,43.631608],[-79.357008,43.632292],[-79.357154,43.632466],[-79.35672,43.63325],[-79.355597,43.633504],[-79.355226,43.633243],[-79.354745,43.633333],[-79.353036,43.634045],[-79.35434,43.635262],[-79.349443,43.631033],[-79.34981,43.629043],[-79.349836,43.629652],[-79.350345,43.629765],[-79.352553,43.629814],[-79.354592,43.629492],[-79.354815,43.629048],[-79.354665,43.628942],[-79.354965,43.628872],[-79.355107,43.628608],[-79.3549,43.628426],[-79.355214,43.628451],[-79.356467,43.626782],[-79.35824,43.625204],[-79.366908,43.61892],[-79.367648,43.618883],[-79.367894,43.618647],[-79.367806,43.618518],[-79.368184,43.618643],[-79.368753,43.618388],[-79.368759,43.618083],[-79.369131,43.61818],[-79.369752,43.617841],[-79.36971,43.617632],[-79.370018,43.617715],[-79.370708,43.617407],[-79.370661,43.617183],[-79.371042,43.617118],[-79.371411,43.616705],[-79.371377,43.616415],[-79.371034,43.616512],[-79.37152,43.616262],[-79.371991,43.616295],[-79.371821,43.61614],[-79.376341,43.614005],[-79.372633,43.615831],[-79.374066,43.615546],[-79.374372,43.615293],[-79.374293,43.615148],[-79.37519,43.614951],[-79.376144,43.614339],[-79.376923,43.614476],[-79.379155,43.613778],[-79.382561,43.612282],[-79.386903,43.611638],[-79.389252,43.611881],[-79.391607,43.613066],[-79.392013,43.613096],[-79.392107,43.614329],[-79.391696,43.615142],[-79.391947,43.616291],[-79.393222,43.618774],[-79.395965,43.621874],[-79.395891,43.622011],[-79.396708,43.622577],[-79.398058,43.624037],[-79.400326,43.625777],[-79.399802,43.625778],[-79.401039,43.626423],[-79.400679,43.626494],[-79.402218,43.626907],[-79.404289,43.626425],[-79.404921,43.627839],[-79.40265,43.62946],[-79.397866,43.632045],[-79.396749,43.632645],[-79.396265,43.632504],[-79.39641,43.632828],[-79.394919,43.63363],[-79.394201,43.632928],[-79.393945,43.633064],[-79.393829,43.632954],[-79.394079,43.632811],[-79.39212,43.63114],[-79.390144,43.631607],[-79.389736,43.631877],[-79.389338,43.631674],[-79.388283,43.631988],[-79.388908,43.632713],[-79.388105,43.631936],[-79.387462,43.630531],[-79.389078,43.630137],[-79.389672,43.62977],[-79.389176,43.628119],[-79.388776,43.628281],[-79.388964,43.62789],[-79.388653,43.628089],[-79.388944,43.627707],[-79.388557,43.627836],[-79.389351,43.627174],[-79.389591,43.62646],[-79.389466,43.625542],[-79.388858,43.624734],[-79.389165,43.624149],[-79.389829,43.623733],[-79.39024,43.622248],[-79.390146,43.618987],[-79.390369,43.618205],[-79.389533,43.616555],[-79.387271,43.615841],[-79.387092,43.615212],[-79.387343,43.614898],[-79.387718,43.615109],[-79.389211,43.61503],[-79.389501,43.6149],[-79.389495,43.614447],[-79.388461,43.614134],[-79.388137,43.613506],[-79.387386,43.613448],[-79.386862,43.61412],[-79.385762,43.614142],[-79.384852,43.614055],[-79.384133,43.613538],[-79.383333,43.613525],[-79.383783,43.614535],[-79.384877,43.614805],[-79.384679,43.615278],[-79.38395,43.615636],[-79.384514,43.616065],[-79.384633,43.616424],[-79.385832,43.616375],[-79.388172,43.616943],[-79.388748,43.6171],[-79.389051,43.617564],[-79.389339,43.618585],[-79.389233,43.619701],[-79.389492,43.620104],[-79.389308,43.620872],[-79.389022,43.621045],[-79.386492,43.620557]]],[[[-79.382821,43.625711],[-79.381316,43.625508],[-79.381299,43.624398],[-79.381461,43.624382],[-79.381736,43.625183],[-79.382459,43.625387],[-79.382933,43.624966],[-79.38248,43.624647],[-79.383391,43.624502],[-79.383271,43.623732],[-79.381745,43.62383],[-79.380855,43.623631],[-79.380592,43.624425],[-79.380364,43.624132],[-79.379378,43.624229],[-79.379254,43.623961],[-79.37896,43.623977],[-79.378748,43.623679],[-79.378152,43.623485],[-79.378199,43.623275],[-79.378793,43.622927],[-79.378748,43.622606],[-79.378127,43.622513],[-79.378221,43.622317],[-79.377121,43.621894],[-79.376751,43.621494],[-79.373851,43.621068],[-79.371974,43.621104],[-79.370445,43.619476],[-79.371738,43.619091],[-79.372084,43.619869],[-79.373956,43.619972],[-79.374766,43.619836],[-79.374231,43.619334],[-79.374546,43.619172],[-79.380404,43.620317],[-79.382362,43.620934],[-79.382606,43.621608],[-79.382338,43.621281],[-79.38125,43.621054],[-79.380986,43.622742],[-79.381238,43.622804],[-79.381456,43.622588],[-79.382264,43.62242],[-79.382445,43.621998],[-79.382769,43.621987],[-79.382928,43.622576],[-79.381893,43.62286],[-79.382071,43.62353],[-79.383155,43.62354],[-79.383262,43.622915],[-79.384152,43.624803],[-79.383422,43.625597],[-79.382821,43.625711]]],[[[-79.386633,43.627589],[-79.386314,43.627633],[-79.385118,43.626815],[-79.38428,43.62565],[-79.384669,43.624846],[-79.383043,43.621126],[-79.383122,43.62082],[-79.386178,43.621377],[-79.386842,43.622572],[-79.386976,43.622535],[-79.387781,43.624901],[-79.387834,43.625144],[-79.387636,43.625367],[-79.387848,43.625972],[-79.387458,43.626632],[-79.386986,43.626904],[-79.386633,43.627589]]],[[[-79.358396,43.630413],[-79.35788,43.630127],[-79.357232,43.629374],[-79.357312,43.629085],[-79.35748,43.62912],[-79.357338,43.628972],[-79.357529,43.628797],[-79.357387,43.628714],[-79.357482,43.628225],[-79.357917,43.627574],[-79.359166,43.626184],[-79.361144,43.625015],[-79.361932,43.624687],[-79.362927,43.625133],[-79.3632,43.625478],[-79.362327,43.626969],[-79.359036,43.630036],[-79.358396,43.630413]]],[[[-79.375558,43.623618],[-79.372825,43.623642],[-79.37203,43.622947],[-79.372007,43.622614],[-79.372263,43.622272],[-79.372183,43.621646],[-79.373478,43.621404],[-79.375457,43.62157],[-79.376679,43.621992],[-79.376997,43.621916],[-79.377514,43.622455],[-79.37732,43.623113],[-79.375558,43.623618]]],[[[-79.370646,43.622863],[-79.370687,43.622719],[-79.369698,43.622747],[-79.369677,43.622467],[-79.369254,43.622512],[-79.369254,43.622674],[-79.367117,43.622523],[-79.366674,43.621763],[-79.368727,43.621551],[-79.371524,43.621636],[-79.371696,43.621971],[-79.371499,43.622442],[-79.370646,43.622863]]],[[[-79.364595,43.624968],[-79.36325,43.624894],[-79.3626,43.623947],[-79.363026,43.623529],[-79.364047,43.623074],[-79.365811,43.623944],[-79.365848,43.624252],[-79.365629,43.624506],[-79.364595,43.624968]]],[[[-79.370595,43.624382],[-79.36906,43.62399],[-79.368213,43.623966],[-79.36746,43.623017],[-79.368035,43.622935],[-79.369181,43.623352],[-79.371237,43.623456],[-79.371219,43.623873],[-79.370595,43.624382]]],[[[-79.379264,43.618886],[-79.377746,43.618441],[-79.377891,43.617497],[-79.378546,43.617228],[-79.379901,43.618843],[-79.379264,43.618886]]],[[[-79.366877,43.622741],[-79.365487,43.622782],[-79.364519,43.623146],[-79.364262,43.622989],[-79.364607,43.62229],[-79.365865,43.621638],[-79.366877,43.622741]]],[[[-79.367998,43.623982],[-79.36655,43.623613],[-79.366597,43.623371],[-79.366234,43.622948],[-79.366977,43.622778],[-79.367998,43.623982]]],[[[-79.385505,43.620152],[-79.384644,43.6201],[-79.38469,43.619737],[-79.38448,43.619856],[-79.384332,43.619659],[-79.385216,43.619277],[-79.385597,43.619401],[-79.385809,43.619769],[-79.385505,43.620152]]],[[[-79.366413,43.623573],[-79.365205,43.623582],[-79.364708,43.623267],[-79.36598,43.622916],[-79.366413,43.623573]]],[[[-79.38562,43.615893],[-79.385291,43.615221],[-79.385488,43.614843],[-79.385987,43.615011],[-79.386221,43.615454],[-79.385931,43.615874],[-79.38562,43.615893]]],[[[-79.374232,43.619536],[-79.372532,43.619484],[-79.372277,43.61966],[-79.3719,43.619165],[-79.374003,43.619284],[-79.374232,43.619536]]],[[[-79.372576,43.61984],[-79.37285,43.619879],[-79.372567,43.61986],[-79.372576,43.61984]]],[[[-79.389058,43.614636],[-79.389399,43.614681],[-79.389392,43.614699],[-79.389058,43.614636]]],[[[-79.3738,43.619718],[-79.373964,43.619769],[-79.373828,43.619794],[-79.3738,43.619718]]],[[[-79.373429,43.61978],[-79.37359,43.619815],[-79.373485,43.619883],[-79.373429,43.61978]]],[[[-79.370531,43.622891],[-79.370676,43.622912],[-79.370555,43.622941],[-79.370531,43.622891]]],[[[-79.372544,43.619581],[-79.372655,43.619569],[-79.372581,43.619643],[-79.372544,43.619581]]]]}},{"type":"Feature","properties":{"name":"East York","basis":"Lore-Zuordnung nach 30 Nächte und 3 Tage, S. 11-17; heutige Stadtteilgrenzen dienen nur als präzise Linienbasis","boundary_role":"lore-district","description":"East York ist ein stark von Einwanderung geprägter Teilraum mit The Beaches und Little India. Die Don Valley Toxic Zone, das Don-Gefängnis und industrielle Altlasten schaffen gefährliche Schattenkorridore.","source":"30 Nächte und 3 Tage","edition":"SR6"},"geometry":{"type":"MultiPolygon","coordinates":[[[[-79.329643,43.674959],[-79.336623,43.672064],[-79.338945,43.670621],[-79.340821,43.669134],[-79.344882,43.678936],[-79.332319,43.681464],[-79.329643,43.674959]]],[[[-79.350999,43.695196],[-79.346277,43.682791],[-79.347897,43.682326],[-79.348598,43.684195],[-79.357328,43.682429],[-79.357568,43.681614],[-79.362477,43.681755],[-79.361682,43.679578],[-79.364047,43.679124],[-79.366414,43.681191],[-79.366332,43.68162],[-79.365836,43.68207],[-79.363107,43.683346],[-79.361664,43.68505],[-79.361656,43.685842],[-79.362498,43.687491],[-79.362551,43.68824],[-79.361393,43.689157],[-79.359852,43.691529],[-79.359837,43.691822],[-79.361228,43.692831],[-79.361844,43.694123],[-79.359943,43.695365],[-79.358958,43.695588],[-79.357597,43.695241],[-79.356838,43.695501],[-79.356154,43.696429],[-79.355786,43.697341],[-79.354704,43.698247],[-79.351336,43.698762],[-79.350547,43.699403],[-79.34917,43.697177],[-79.349194,43.696962],[-79.350563,43.695848],[-79.350999,43.695196]]],[[[-79.317397,43.696453],[-79.312991,43.686243],[-79.313554,43.686166],[-79.313724,43.686408],[-79.314882,43.689209],[-79.338743,43.684068],[-79.338797,43.684202],[-79.340844,43.68386],[-79.346277,43.682791],[-79.3488,43.68942],[-79.342637,43.690618],[-79.341666,43.691189],[-79.317397,43.696453]]],[[[-79.312759,43.685715],[-79.344882,43.678936],[-79.346277,43.682791],[-79.340844,43.68386],[-79.338797,43.684202],[-79.338743,43.684068],[-79.314882,43.689209],[-79.313724,43.686408],[-79.313554,43.686166],[-79.312991,43.686243],[-79.312759,43.685715]]],[[[-79.319297,43.712699],[-79.319885,43.711675],[-79.338006,43.707686],[-79.337743,43.70832],[-79.338017,43.709189],[-79.338497,43.709799],[-79.339453,43.710236],[-79.339439,43.710722],[-79.339869,43.710908],[-79.340203,43.711325],[-79.340317,43.711761],[-79.339499,43.712605],[-79.339602,43.71293],[-79.34018,43.713101],[-79.340738,43.712686],[-79.341407,43.71274],[-79.342853,43.713419],[-79.343515,43.714158],[-79.344775,43.714824],[-79.345024,43.715278],[-79.346146,43.715105],[-79.346812,43.71525],[-79.346928,43.715549],[-79.346794,43.715907],[-79.347061,43.716127],[-79.348867,43.716351],[-79.349918,43.71606],[-79.350149,43.715793],[-79.351926,43.71572],[-79.352347,43.715753],[-79.35267,43.716211],[-79.33189,43.722683],[-79.3223,43.725206],[-79.323209,43.723415],[-79.323427,43.72214],[-79.326772,43.72131],[-79.326832,43.721093],[-79.326712,43.720669],[-79.326389,43.720501],[-79.325712,43.720333],[-79.324277,43.720664],[-79.322698,43.719812],[-79.322458,43.719405],[-79.322586,43.719242],[-79.323518,43.718933],[-79.323901,43.718369],[-79.323916,43.717723],[-79.323563,43.716865],[-79.322383,43.716274],[-79.320812,43.715948],[-79.320301,43.716003],[-79.320023,43.71553],[-79.31944,43.715676],[-79.319515,43.71343],[-79.319334,43.713325],[-79.319297,43.712699]]],[[[-79.316538,43.666385],[-79.314691,43.666781],[-79.315069,43.665864],[-79.318069,43.66509],[-79.319316,43.664021],[-79.319851,43.663796],[-79.329471,43.661587],[-79.330181,43.663254],[-79.325263,43.664398],[-79.332319,43.681464],[-79.323544,43.683379],[-79.316538,43.666385]]],[[[-79.3506,43.699519],[-79.35075,43.69918],[-79.351336,43.698762],[-79.354704,43.698247],[-79.355786,43.697341],[-79.356154,43.696429],[-79.356838,43.695501],[-79.357597,43.695241],[-79.358958,43.695588],[-79.359943,43.695365],[-79.361844,43.694123],[-79.361228,43.692831],[-79.359837,43.691822],[-79.359852,43.691529],[-79.361393,43.689157],[-79.362551,43.68824],[-79.362498,43.687491],[-79.361656,43.685842],[-79.361664,43.68505],[-79.363107,43.683346],[-79.364588,43.682776],[-79.366332,43.68162],[-79.366332,43.681023],[-79.364055,43.678986],[-79.366997,43.678728],[-79.368303,43.680813],[-79.366836,43.684191],[-79.367168,43.686972],[-79.366862,43.687692],[-79.366867,43.688501],[-79.368185,43.689679],[-79.370596,43.690537],[-79.37374,43.69257],[-79.379854,43.69447],[-79.380176,43.694982],[-79.371705,43.696762],[-79.376903,43.710364],[-79.378066,43.716724],[-79.36577,43.719268],[-79.353668,43.721059],[-79.353095,43.716556],[-79.35267,43.716211],[-79.364732,43.71359],[-79.360607,43.703138],[-79.359758,43.702478],[-79.358119,43.70188],[-79.353701,43.70209],[-79.352488,43.70178],[-79.35166,43.701248],[-79.3506,43.699519]]],[[[-79.344882,43.678936],[-79.340834,43.669163],[-79.342285,43.667728],[-79.352691,43.665561],[-79.356297,43.664515],[-79.357161,43.667766],[-79.35768,43.668933],[-79.359394,43.670197],[-79.360326,43.671836],[-79.36083,43.672292],[-79.362972,43.673426],[-79.362836,43.67462],[-79.363318,43.675303],[-79.344882,43.678936]]],[[[-79.299149,43.716423],[-79.293471,43.703031],[-79.29693,43.70229],[-79.297095,43.69747],[-79.297381,43.695185],[-79.300714,43.695747],[-79.302855,43.696382],[-79.314371,43.700361],[-79.315365,43.700312],[-79.319258,43.700892],[-79.327056,43.701272],[-79.326696,43.701661],[-79.327446,43.701453],[-79.329809,43.701731],[-79.330334,43.701585],[-79.331498,43.701675],[-79.331813,43.701949],[-79.331856,43.702625],[-79.332308,43.703241],[-79.333071,43.703408],[-79.33374,43.703001],[-79.335356,43.703152],[-79.335026,43.703779],[-79.335106,43.704059],[-79.336167,43.704723],[-79.337915,43.705225],[-79.338268,43.705492],[-79.337994,43.705974],[-79.337388,43.706343],[-79.337189,43.7068],[-79.338125,43.707516],[-79.338006,43.707686],[-79.319885,43.711675],[-79.319563,43.712489],[-79.319297,43.712699],[-79.319334,43.713325],[-79.319515,43.71343],[-79.31944,43.715676],[-79.311873,43.717364],[-79.311116,43.715506],[-79.304846,43.716877],[-79.304956,43.716041],[-79.305408,43.715091],[-79.299149,43.716423]]],[[[-79.31916,43.700878],[-79.317397,43.696453],[-79.341666,43.691189],[-79.342637,43.690618],[-79.3488,43.68942],[-79.350999,43.695196],[-79.350563,43.695848],[-79.349194,43.696962],[-79.34917,43.697177],[-79.350547,43.699403],[-79.350337,43.699772],[-79.34833,43.699913],[-79.347119,43.699034],[-79.345879,43.698518],[-79.34521,43.698317],[-79.344053,43.69835],[-79.343038,43.699039],[-79.341835,43.699267],[-79.341196,43.699593],[-79.339911,43.700456],[-79.339047,43.701307],[-79.336236,43.702973],[-79.335356,43.703152],[-79.33374,43.703001],[-79.333071,43.703408],[-79.332116,43.703121],[-79.331856,43.702625],[-79.331813,43.701949],[-79.331498,43.701675],[-79.330334,43.701585],[-79.329809,43.701731],[-79.327446,43.701453],[-79.326696,43.701661],[-79.327056,43.701272],[-79.31916,43.700878]]],[[[-79.344882,43.678936],[-79.363318,43.675303],[-79.364881,43.676877],[-79.363573,43.677941],[-79.363648,43.678695],[-79.364021,43.679251],[-79.361682,43.679578],[-79.362477,43.681755],[-79.357568,43.681614],[-79.357328,43.682429],[-79.348598,43.684195],[-79.347897,43.682326],[-79.346277,43.682791],[-79.344882,43.678936]]],[[[-79.325263,43.664398],[-79.330181,43.663254],[-79.328313,43.659067],[-79.321746,43.660738],[-79.307505,43.663927],[-79.30613,43.664462],[-79.304877,43.66568],[-79.3039,43.664338],[-79.306431,43.663009],[-79.307417,43.661934],[-79.307751,43.661115],[-79.307611,43.66033],[-79.307156,43.659994],[-79.306397,43.65996],[-79.306372,43.660298],[-79.306086,43.660402],[-79.305455,43.660316],[-79.305006,43.65998],[-79.305092,43.659549],[-79.305625,43.65922],[-79.306005,43.658379],[-79.305919,43.657892],[-79.305049,43.657001],[-79.304951,43.656657],[-79.305494,43.6564],[-79.306752,43.656589],[-79.307613,43.656183],[-79.308373,43.654889],[-79.308306,43.654199],[-79.308643,43.654128],[-79.309542,43.655298],[-79.310213,43.655416],[-79.310272,43.655196],[-79.310658,43.655157],[-79.311168,43.655385],[-79.311209,43.655867],[-79.310042,43.656125],[-79.309267,43.655897],[-79.308487,43.655967],[-79.307711,43.656766],[-79.306807,43.656856],[-79.306907,43.657276],[-79.307479,43.657685],[-79.309551,43.658256],[-79.309708,43.658065],[-79.310331,43.658389],[-79.31091,43.657929],[-79.31119,43.657254],[-79.310215,43.656929],[-79.310405,43.656679],[-79.310736,43.656608],[-79.311626,43.656918],[-79.312428,43.656768],[-79.312608,43.657077],[-79.311728,43.657527],[-79.31166,43.657769],[-79.31183,43.657952],[-79.311687,43.658332],[-79.312137,43.658843],[-79.311857,43.659001],[-79.312174,43.658902],[-79.312389,43.659063],[-79.312218,43.659299],[-79.312454,43.659114],[-79.312645,43.659256],[-79.312409,43.659428],[-79.312636,43.659405],[-79.314395,43.660921],[-79.313394,43.66132],[-79.31332,43.661594],[-79.314225,43.661553],[-79.314823,43.661962],[-79.317093,43.661437],[-79.317047,43.660942],[-79.317664,43.660861],[-79.317885,43.661053],[-79.317864,43.660882],[-79.318043,43.660898],[-79.317192,43.660777],[-79.315601,43.659579],[-79.313689,43.658484],[-79.313122,43.657912],[-79.314415,43.657396],[-79.316259,43.657594],[-79.316808,43.65731],[-79.3165,43.657228],[-79.316033,43.657456],[-79.316412,43.656908],[-79.316035,43.656168],[-79.318119,43.654119],[-79.319516,43.65115],[-79.320156,43.64885],[-79.320199,43.648405],[-79.319861,43.648013],[-79.320009,43.64657],[-79.319582,43.646064],[-79.320326,43.645535],[-79.320757,43.64433],[-79.3212,43.642306],[-79.32063,43.641731],[-79.321176,43.641243],[-79.321667,43.640251],[-79.323104,43.635244],[-79.322988,43.634368],[-79.321414,43.633368],[-79.321618,43.633065],[-79.3223,43.63272],[-79.322707,43.631528],[-79.322874,43.630293],[-79.322337,43.629348],[-79.322875,43.628856],[-79.323064,43.628247],[-79.323254,43.626701],[-79.322776,43.625987],[-79.323265,43.625171],[-79.323646,43.62311],[-79.322976,43.622389],[-79.323813,43.621897],[-79.324181,43.61971],[-79.324215,43.61835],[-79.323207,43.617435],[-79.323683,43.617091],[-79.325056,43.617737],[-79.325687,43.61776],[-79.32677,43.617465],[-79.327121,43.617686],[-79.325635,43.618511],[-79.325041,43.619416],[-79.325096,43.620187],[-79.324768,43.621384],[-79.325464,43.621975],[-79.326553,43.622058],[-79.328814,43.621587],[-79.328719,43.620992],[-79.326926,43.619781],[-79.326888,43.619407],[-79.327235,43.619115],[-79.32788,43.619237],[-79.329506,43.620089],[-79.332079,43.620329],[-79.333051,43.62028],[-79.335045,43.619459],[-79.335659,43.619463],[-79.336065,43.619631],[-79.336213,43.619948],[-79.335288,43.62102],[-79.336031,43.621382],[-79.33694,43.621359],[-79.337237,43.621012],[-79.337511,43.6194],[-79.337706,43.619236],[-79.33833,43.619214],[-79.338715,43.619471],[-79.33985,43.619456],[-79.341496,43.618319],[-79.34225,43.617182],[-79.342608,43.616242],[-79.342437,43.615816],[-79.341782,43.615392],[-79.341825,43.615186],[-79.342406,43.614609],[-79.342896,43.613153],[-79.343663,43.613083],[-79.343939,43.613821],[-79.34368,43.615325],[-79.343752,43.616722],[-79.344345,43.617712],[-79.344676,43.617901],[-79.343532,43.619501],[-79.343366,43.62034],[-79.343542,43.620748],[-79.344406,43.62162],[-79.344913,43.621601],[-79.344894,43.621722],[-79.343871,43.622108],[-79.343077,43.621997],[-79.343231,43.621563],[-79.342798,43.620436],[-79.342836,43.619666],[-79.342114,43.619354],[-79.341216,43.619494],[-79.340431,43.619861],[-79.339735,43.620508],[-79.339749,43.621206],[-79.340945,43.621863],[-79.341298,43.622476],[-79.342984,43.622896],[-79.343246,43.623409],[-79.342103,43.623608],[-79.341775,43.623955],[-79.341692,43.624593],[-79.341074,43.624579],[-79.341278,43.624416],[-79.341094,43.624139],[-79.339436,43.62289],[-79.338993,43.622127],[-79.33837,43.622087],[-79.33756,43.622705],[-79.337417,43.623567],[-79.336679,43.624732],[-79.336819,43.625341],[-79.337485,43.625734],[-79.338248,43.626663],[-79.339406,43.629215],[-79.339936,43.6292],[-79.33935,43.629344],[-79.338687,43.629042],[-79.337389,43.628938],[-79.338517,43.628653],[-79.338669,43.628367],[-79.338502,43.628301],[-79.337942,43.628721],[-79.33749,43.628683],[-79.338593,43.628145],[-79.338568,43.627956],[-79.337518,43.628526],[-79.33731,43.627816],[-79.336878,43.627508],[-79.334976,43.627422],[-79.334893,43.627078],[-79.335745,43.626339],[-79.335415,43.625681],[-79.334857,43.625245],[-79.334264,43.62512],[-79.334127,43.625581],[-79.333915,43.625691],[-79.33265,43.625834],[-79.332132,43.626165],[-79.331291,43.625788],[-79.331959,43.625518],[-79.332943,43.624047],[-79.333333,43.623004],[-79.333231,43.622408],[-79.333024,43.622283],[-79.332036,43.622193],[-79.327479,43.622635],[-79.324669,43.622589],[-79.324259,43.622831],[-79.323957,43.625028],[-79.324026,43.625659],[-79.325219,43.62637],[-79.327165,43.626866],[-79.32731,43.627229],[-79.32681,43.627262],[-79.324304,43.626437],[-79.323834,43.626435],[-79.323549,43.629078],[-79.323644,43.629597],[-79.324208,43.62974],[-79.325326,43.629275],[-79.325704,43.629479],[-79.32406,43.630112],[-79.323583,43.630573],[-79.323683,43.631286],[-79.32322,43.632094],[-79.323033,43.633374],[-79.324136,43.633485],[-79.32656,43.630833],[-79.327388,43.629562],[-79.3265,43.62936],[-79.326506,43.629189],[-79.32669,43.629025],[-79.327788,43.628991],[-79.328303,43.62804],[-79.327925,43.627539],[-79.32843,43.627371],[-79.329571,43.627401],[-79.330407,43.626765],[-79.330876,43.626097],[-79.33186,43.626692],[-79.331454,43.626789],[-79.331453,43.627262],[-79.33061,43.628114],[-79.32989,43.628473],[-79.328788,43.630176],[-79.328687,43.63085],[-79.329854,43.631228],[-79.331217,43.631243],[-79.331585,43.631064],[-79.331908,43.63047],[-79.332407,43.630445],[-79.332427,43.630198],[-79.332614,43.630142],[-79.332595,43.630615],[-79.333622,43.630535],[-79.33393,43.630279],[-79.333707,43.6296],[-79.334135,43.629363],[-79.335239,43.629667],[-79.336296,43.629147],[-79.336627,43.629458],[-79.335822,43.630419],[-79.334816,43.63103],[-79.334494,43.631565],[-79.33342,43.631523],[-79.329444,43.633049],[-79.328646,43.633087],[-79.329244,43.632412],[-79.328964,43.632034],[-79.327263,43.631662],[-79.326581,43.631769],[-79.326404,43.632032],[-79.326409,43.632654],[-79.325395,43.633787],[-79.325651,43.634525],[-79.326226,43.63488],[-79.326073,43.63571],[-79.325307,43.63587],[-79.324581,43.636346],[-79.323388,43.637526],[-79.323013,43.638141],[-79.322586,43.640467],[-79.322611,43.641201],[-79.322306,43.641548],[-79.321568,43.644716],[-79.324309,43.645197],[-79.324568,43.64439],[-79.324448,43.64424],[-79.325314,43.642267],[-79.326284,43.640791],[-79.324699,43.640066],[-79.325042,43.6399],[-79.326694,43.640428],[-79.328803,43.638159],[-79.328469,43.637794],[-79.328479,43.637519],[-79.329463,43.63707],[-79.330249,43.637797],[-79.330316,43.638248],[-79.331029,43.638664],[-79.329901,43.638985],[-79.329755,43.639199],[-79.329919,43.639728],[-79.328966,43.640038],[-79.328546,43.64064],[-79.328699,43.640822],[-79.328141,43.640877],[-79.32751,43.641426],[-79.32755,43.642111],[-79.327173,43.642502],[-79.327096,43.642978],[-79.327496,43.643456],[-79.328691,43.643852],[-79.326818,43.643964],[-79.325329,43.64564],[-79.325897,43.646877],[-79.326931,43.646829],[-79.327417,43.647034],[-79.327308,43.64724],[-79.328348,43.647606],[-79.32959,43.649047],[-79.329889,43.648921],[-79.328639,43.647403],[-79.33044,43.646579],[-79.330945,43.645875],[-79.333519,43.643945],[-79.335251,43.642287],[-79.335304,43.642017],[-79.335734,43.641893],[-79.337426,43.640193],[-79.337339,43.639953],[-79.336422,43.639404],[-79.335167,43.640003],[-79.334949,43.640004],[-79.334978,43.63986],[-79.336481,43.639135],[-79.337636,43.639381],[-79.339024,43.639361],[-79.340642,43.639029],[-79.341492,43.638325],[-79.341707,43.637842],[-79.34292,43.637297],[-79.345764,43.634781],[-79.34685,43.63432],[-79.3471,43.633108],[-79.347888,43.633732],[-79.34809,43.633563],[-79.350313,43.635261],[-79.350744,43.6352],[-79.351162,43.635553],[-79.35333,43.638127],[-79.332946,43.649731],[-79.324955,43.653183],[-79.325339,43.653639],[-79.330127,43.652232],[-79.331446,43.653872],[-79.335022,43.652349],[-79.333725,43.65068],[-79.354047,43.639127],[-79.356192,43.641721],[-79.352205,43.643432],[-79.352464,43.643949],[-79.356591,43.642181],[-79.358156,43.643991],[-79.354018,43.645782],[-79.354392,43.646215],[-79.356348,43.645405],[-79.356696,43.64582],[-79.354743,43.64667],[-79.35507,43.647098],[-79.352119,43.648374],[-79.351971,43.648196],[-79.350029,43.649003],[-79.350181,43.649187],[-79.34985,43.649327],[-79.349698,43.649143],[-79.347412,43.650112],[-79.347572,43.650305],[-79.347064,43.650728],[-79.349111,43.652859],[-79.349389,43.653402],[-79.35429,43.657863],[-79.356297,43.664515],[-79.352691,43.665561],[-79.342285,43.667728],[-79.340149,43.669711],[-79.33675,43.671994],[-79.329643,43.674959],[-79.325263,43.664398]]],[[[-79.335314,43.703261],[-79.336604,43.702783],[-79.337506,43.702083],[-79.339047,43.701307],[-79.339911,43.700456],[-79.341595,43.69937],[-79.343038,43.699039],[-79.343654,43.698524],[-79.344451,43.698274],[-79.34521,43.698317],[-79.347119,43.699034],[-79.34833,43.699913],[-79.350111,43.699864],[-79.350547,43.699403],[-79.35166,43.701248],[-79.353223,43.702023],[-79.358513,43.701949],[-79.359758,43.702478],[-79.360607,43.703138],[-79.364732,43.71359],[-79.35267,43.716211],[-79.352347,43.715753],[-79.351926,43.71572],[-79.350149,43.715793],[-79.349918,43.71606],[-79.348867,43.716351],[-79.347061,43.716127],[-79.346794,43.715907],[-79.346928,43.715549],[-79.346812,43.71525],[-79.346146,43.715105],[-79.345024,43.715278],[-79.344775,43.714824],[-79.343515,43.714158],[-79.342853,43.713419],[-79.341407,43.71274],[-79.340738,43.712686],[-79.34018,43.713101],[-79.339602,43.71293],[-79.339499,43.712605],[-79.340317,43.711761],[-79.340203,43.711325],[-79.339869,43.710908],[-79.339439,43.710722],[-79.339453,43.710236],[-79.338497,43.709799],[-79.338017,43.709189],[-79.337749,43.708095],[-79.338125,43.707516],[-79.337189,43.7068],[-79.337388,43.706343],[-79.337994,43.705974],[-79.338268,43.705492],[-79.337915,43.705225],[-79.336167,43.704723],[-79.335106,43.704059],[-79.335026,43.703779],[-79.335314,43.703261]]]]}},{"type":"Feature","properties":{"name":"Uptown","basis":"Lore-Zuordnung nach 30 Nächte und 3 Tage, S. 11-17; heutige Stadtteilgrenzen dienen nur als präzise Linienbasis","boundary_role":"lore-district","description":"Uptown ist eine geordnete Schlafstadt für Konzernangestellte. Moore Park und Casa Loma markieren die abgeschirmten Wohlstandsbereiche, in denen Diskretion mehr zählt als öffentliche Sichtbarkeit.","source":"30 Nächte und 3 Tage","edition":"SR6"},"geometry":{"type":"MultiPolygon","coordinates":[[[[-79.403012,43.690757],[-79.397938,43.678091],[-79.402759,43.676456],[-79.414666,43.673962],[-79.418543,43.683816],[-79.412029,43.685207],[-79.412865,43.687248],[-79.412259,43.687357],[-79.412672,43.688659],[-79.403012,43.690757]]],[[[-79.415942,43.703011],[-79.439357,43.698028],[-79.440752,43.701571],[-79.438949,43.701921],[-79.439391,43.705684],[-79.438824,43.705967],[-79.436955,43.706217],[-79.42425,43.709104],[-79.417607,43.7104],[-79.416113,43.707354],[-79.417074,43.707151],[-79.415942,43.703011]]],[[[-79.400879,43.691205],[-79.412672,43.688659],[-79.412259,43.687357],[-79.412865,43.687248],[-79.412029,43.685207],[-79.418543,43.683816],[-79.425525,43.701037],[-79.410887,43.704085],[-79.409032,43.699259],[-79.405824,43.698126],[-79.404611,43.695038],[-79.402403,43.695494],[-79.400879,43.691205]]],[[[-79.425525,43.701037],[-79.418543,43.683816],[-79.420634,43.683185],[-79.429037,43.681546],[-79.431924,43.688826],[-79.433271,43.689042],[-79.434174,43.691642],[-79.434653,43.69226],[-79.437189,43.698496],[-79.425525,43.701037]]],[[[-79.388979,43.721308],[-79.388381,43.719085],[-79.400414,43.716607],[-79.399785,43.713654],[-79.411444,43.711205],[-79.410371,43.70857],[-79.409629,43.705777],[-79.408831,43.705196],[-79.408453,43.7046],[-79.415942,43.703011],[-79.417074,43.707151],[-79.416113,43.707354],[-79.417607,43.7104],[-79.419477,43.710011],[-79.42073,43.713081],[-79.421981,43.716959],[-79.418553,43.717913],[-79.416929,43.717975],[-79.415502,43.718338],[-79.41452,43.718307],[-79.414566,43.718524],[-79.413732,43.718907],[-79.414298,43.722527],[-79.390214,43.727642],[-79.389682,43.725649],[-79.389603,43.724588],[-79.389251,43.723689],[-79.388979,43.721308]]],[[[-79.376903,43.710364],[-79.371705,43.696762],[-79.388686,43.69318],[-79.388534,43.692727],[-79.388909,43.692653],[-79.388626,43.691893],[-79.391547,43.691191],[-79.39144,43.691113],[-79.392128,43.69084],[-79.392588,43.691499],[-79.391947,43.692135],[-79.392436,43.69239],[-79.39329,43.692454],[-79.395297,43.692004],[-79.396026,43.695551],[-79.38622,43.697653],[-79.386922,43.700354],[-79.392172,43.713799],[-79.39951,43.712317],[-79.400414,43.716607],[-79.388381,43.719085],[-79.385912,43.711342],[-79.381864,43.712017],[-79.377431,43.713141],[-79.376903,43.710364]]],[[[-79.386922,43.700354],[-79.38622,43.697653],[-79.396026,43.695551],[-79.39951,43.712317],[-79.392172,43.713799],[-79.386922,43.700354]]],[[[-79.432693,43.68076],[-79.434908,43.680488],[-79.442494,43.678781],[-79.44495,43.684761],[-79.445737,43.684738],[-79.450261,43.695685],[-79.437189,43.698496],[-79.434653,43.69226],[-79.434174,43.691642],[-79.433271,43.689042],[-79.431924,43.688826],[-79.429037,43.681546],[-79.43236,43.680961],[-79.432693,43.68076]]],[[[-79.366834,43.674635],[-79.370998,43.671953],[-79.376395,43.672458],[-79.386737,43.670234],[-79.394124,43.688103],[-79.394925,43.690194],[-79.395297,43.692004],[-79.39329,43.692454],[-79.392436,43.69239],[-79.391947,43.692135],[-79.392588,43.691499],[-79.392128,43.69084],[-79.39144,43.691113],[-79.391547,43.691191],[-79.388626,43.691893],[-79.388909,43.692653],[-79.388534,43.692727],[-79.388686,43.69318],[-79.380176,43.694982],[-79.379854,43.69447],[-79.37374,43.69257],[-79.370596,43.690537],[-79.368185,43.689679],[-79.366867,43.688501],[-79.366862,43.687692],[-79.367168,43.686972],[-79.366836,43.684191],[-79.368303,43.680813],[-79.366997,43.678728],[-79.364055,43.678986],[-79.364047,43.679124],[-79.363799,43.678934],[-79.363573,43.677941],[-79.364881,43.676877],[-79.363318,43.675303],[-79.366834,43.674635]]],[[[-79.399785,43.713654],[-79.396026,43.695551],[-79.39903,43.69638],[-79.400007,43.696345],[-79.404283,43.697582],[-79.409032,43.699259],[-79.410887,43.704085],[-79.408453,43.7046],[-79.408831,43.705196],[-79.409629,43.705777],[-79.410371,43.70857],[-79.411444,43.711205],[-79.399785,43.713654]]],[[[-79.391191,43.681128],[-79.397938,43.678091],[-79.403046,43.690597],[-79.403012,43.690757],[-79.400879,43.691205],[-79.402403,43.695494],[-79.404611,43.695038],[-79.405824,43.698126],[-79.400007,43.696345],[-79.39903,43.69638],[-79.396026,43.695551],[-79.394925,43.690194],[-79.391191,43.681128]]]]}},{"type":"Feature","properties":{"name":"West End","basis":"Lore-Zuordnung nach 30 Nächte und 3 Tage, S. 11-17; heutige Stadtteilgrenzen dienen nur als präzise Linienbasis","boundary_role":"lore-district","description":"Das West End reicht vom gepflegten High Park über The Junction bis Bloor West. Wohlhabende Wohnlagen, Spezialgeschäfte und sozialer Abstieg liegen hier nur wenige Straßenzüge auseinander.","source":"30 Nächte und 3 Tage","edition":"SR6"},"geometry":{"type":"MultiPolygon","coordinates":[[[[-79.467099,43.699703],[-79.465528,43.694063],[-79.464605,43.692177],[-79.468738,43.691607],[-79.48679,43.687474],[-79.497574,43.69285],[-79.467099,43.699703]]],[[[-79.439387,43.705655],[-79.438949,43.701921],[-79.440752,43.701571],[-79.439357,43.698028],[-79.463028,43.692859],[-79.464605,43.692177],[-79.465528,43.694063],[-79.467099,43.699703],[-79.442176,43.7052],[-79.439387,43.705655]]],[[[-79.467099,43.699703],[-79.497574,43.69285],[-79.504215,43.696129],[-79.502043,43.696425],[-79.502333,43.697594],[-79.505677,43.696846],[-79.508406,43.698184],[-79.502797,43.699375],[-79.503752,43.702898],[-79.480447,43.707936],[-79.479066,43.708281],[-79.476844,43.709191],[-79.469779,43.710768],[-79.46869,43.70536],[-79.467099,43.699703]]],[[[-79.450261,43.695685],[-79.445737,43.684738],[-79.460171,43.681515],[-79.461572,43.683799],[-79.462941,43.688959],[-79.464605,43.692177],[-79.463028,43.692859],[-79.450261,43.695685]]],[[[-79.435876,43.679543],[-79.433751,43.674445],[-79.437136,43.674005],[-79.442056,43.672748],[-79.451372,43.671039],[-79.453083,43.672799],[-79.45462,43.67381],[-79.455959,43.675107],[-79.460171,43.681515],[-79.446763,43.684534],[-79.44495,43.684761],[-79.442494,43.678781],[-79.435897,43.680234],[-79.435639,43.679594],[-79.435876,43.679543]]],[[[-79.421843,43.67248],[-79.418406,43.663555],[-79.449818,43.656871],[-79.459998,43.667238],[-79.451651,43.667188],[-79.449055,43.667333],[-79.449856,43.668983],[-79.451372,43.671039],[-79.442056,43.672748],[-79.437136,43.674005],[-79.434623,43.674322],[-79.432987,43.670328],[-79.421843,43.67248]]],[[[-79.426405,43.653608],[-79.436335,43.651808],[-79.435603,43.649916],[-79.440957,43.650283],[-79.443874,43.650891],[-79.449818,43.656871],[-79.42942,43.661176],[-79.426405,43.653608]]],[[[-79.449818,43.656871],[-79.476256,43.65115],[-79.480025,43.66006],[-79.47521,43.66113],[-79.473574,43.661924],[-79.470833,43.662566],[-79.470161,43.660929],[-79.469329,43.660268],[-79.455924,43.663091],[-79.449818,43.656871]]],[[[-79.45179,43.653576],[-79.446122,43.638724],[-79.447177,43.638554],[-79.448402,43.638782],[-79.447988,43.638428],[-79.451717,43.639043],[-79.455815,43.639287],[-79.460437,43.638882],[-79.462794,43.638355],[-79.466183,43.637212],[-79.472426,43.634459],[-79.474266,43.633415],[-79.475596,43.634068],[-79.477234,43.637802],[-79.478542,43.638186],[-79.484159,43.638132],[-79.484627,43.638455],[-79.485138,43.639369],[-79.48517,43.640383],[-79.484904,43.641628],[-79.485138,43.64202],[-79.485946,43.642212],[-79.486744,43.642104],[-79.488893,43.641313],[-79.489829,43.641559],[-79.491053,43.64411],[-79.491595,43.644855],[-79.492627,43.6457],[-79.492648,43.647352],[-79.488737,43.648179],[-79.485008,43.64925],[-79.452414,43.65634],[-79.45179,43.653576]]],[[[-79.512422,43.685526],[-79.519757,43.683856],[-79.520751,43.683373],[-79.523713,43.682951],[-79.526546,43.682305],[-79.532697,43.69616],[-79.534346,43.700287],[-79.531868,43.703182],[-79.53161,43.704217],[-79.53185,43.704982],[-79.531041,43.70479],[-79.529424,43.703753],[-79.528754,43.702692],[-79.528328,43.702439],[-79.521265,43.699827],[-79.520892,43.699466],[-79.520818,43.69882],[-79.52018,43.698037],[-79.519201,43.697284],[-79.516712,43.696815],[-79.513063,43.697261],[-79.511903,43.696769],[-79.511914,43.6961],[-79.512744,43.695179],[-79.512861,43.693965],[-79.513361,43.692712],[-79.513318,43.691698],[-79.512861,43.690169],[-79.512722,43.688894],[-79.511914,43.688049],[-79.510169,43.683708],[-79.509467,43.682794],[-79.508648,43.682463],[-79.505967,43.682363],[-79.505669,43.682002],[-79.505489,43.68128],[-79.505595,43.680404],[-79.506925,43.679651],[-79.50735,43.678891],[-79.512013,43.684788],[-79.512422,43.685526]]],[[[-79.46851,43.675888],[-79.455924,43.663091],[-79.469329,43.660268],[-79.470161,43.660929],[-79.470833,43.662566],[-79.473574,43.661924],[-79.47521,43.66113],[-79.480025,43.66006],[-79.480673,43.660196],[-79.482238,43.664806],[-79.481946,43.665165],[-79.482949,43.667214],[-79.483886,43.669835],[-79.481108,43.670394],[-79.479988,43.670859],[-79.480679,43.672658],[-79.478625,43.673191],[-79.478856,43.673742],[-79.478277,43.673971],[-79.478253,43.674193],[-79.473633,43.675189],[-79.474147,43.675868],[-79.473812,43.676637],[-79.476002,43.678455],[-79.476152,43.67884],[-79.473981,43.679389],[-79.473573,43.679105],[-79.472483,43.679302],[-79.46851,43.675888]]],[[[-79.4617,43.684134],[-79.46052,43.68205],[-79.464928,43.681017],[-79.465683,43.680782],[-79.465573,43.680567],[-79.466097,43.680269],[-79.470385,43.679245],[-79.470493,43.679555],[-79.472049,43.679369],[-79.476583,43.682362],[-79.48679,43.687474],[-79.468738,43.691607],[-79.464605,43.692177],[-79.462941,43.688959],[-79.4617,43.684134]]],[[[-79.488982,43.660422],[-79.484449,43.64935],[-79.488737,43.648179],[-79.492648,43.647352],[-79.490766,43.650056],[-79.491021,43.651147],[-79.492021,43.652054],[-79.493563,43.652292],[-79.497223,43.651954],[-79.500914,43.652254],[-79.502308,43.652753],[-79.502797,43.653322],[-79.50285,43.654535],[-79.502446,43.655196],[-79.501169,43.656502],[-79.500042,43.657155],[-79.499531,43.657847],[-79.499489,43.658792],[-79.500074,43.659483],[-79.500872,43.659737],[-79.502818,43.660943],[-79.503478,43.661573],[-79.506095,43.663025],[-79.507318,43.662941],[-79.510095,43.661988],[-79.511116,43.66208],[-79.512201,43.662633],[-79.510486,43.663999],[-79.507915,43.665145],[-79.498511,43.665887],[-79.498625,43.665627],[-79.49768,43.66493],[-79.49632,43.664541],[-79.494592,43.662622],[-79.494528,43.661811],[-79.494136,43.660949],[-79.494399,43.660455],[-79.49545,43.659679],[-79.495138,43.659488],[-79.492598,43.659668],[-79.488982,43.660422]]],[[[-79.426405,43.653608],[-79.421387,43.640664],[-79.423824,43.640886],[-79.425868,43.641409],[-79.439248,43.647544],[-79.441129,43.648659],[-79.443874,43.650891],[-79.440957,43.650283],[-79.435603,43.649916],[-79.436335,43.651808],[-79.426405,43.653608]]],[[[-79.469779,43.710768],[-79.476844,43.709191],[-79.479066,43.708281],[-79.480447,43.707936],[-79.487605,43.706377],[-79.488226,43.707817],[-79.489465,43.709904],[-79.491277,43.716909],[-79.492438,43.71994],[-79.472502,43.724786],[-79.469779,43.710768]]],[[[-79.471547,43.624327],[-79.472014,43.625346],[-79.47134,43.625099],[-79.470443,43.62524],[-79.469899,43.623711],[-79.469116,43.622764],[-79.469191,43.622553],[-79.469604,43.62237],[-79.470456,43.622557],[-79.472523,43.622391],[-79.473227,43.622053],[-79.47481,43.62017],[-79.474307,43.619047],[-79.474628,43.618727],[-79.475297,43.618921],[-79.475759,43.619764],[-79.477208,43.620234],[-79.477047,43.620929],[-79.477532,43.621575],[-79.478547,43.621494],[-79.481064,43.621919],[-79.480478,43.621691],[-79.481565,43.621809],[-79.48142,43.621388],[-79.481615,43.620837],[-79.481444,43.620713],[-79.480983,43.620698],[-79.480319,43.621067],[-79.479436,43.620461],[-79.479452,43.620282],[-79.479214,43.620346],[-79.478066,43.619768],[-79.477119,43.619602],[-79.476624,43.619244],[-79.476522,43.618707],[-79.47726,43.618308],[-79.477666,43.618408],[-79.478313,43.6191],[-79.47883,43.618599],[-79.478326,43.617912],[-79.477257,43.617344],[-79.47672,43.617454],[-79.475937,43.618132],[-79.474961,43.617791],[-79.475722,43.617504],[-79.477143,43.615686],[-79.477496,43.614957],[-79.476913,43.61444],[-79.476996,43.614315],[-79.477274,43.614184],[-79.478268,43.614431],[-79.47873,43.614068],[-79.479267,43.613026],[-79.478895,43.612387],[-79.478919,43.612085],[-79.479426,43.611912],[-79.479946,43.612284],[-79.480565,43.613354],[-79.481277,43.613422],[-79.482251,43.613228],[-79.482609,43.613053],[-79.482687,43.612514],[-79.482911,43.612323],[-79.484167,43.613204],[-79.483233,43.614772],[-79.483044,43.614243],[-79.48269,43.613954],[-79.480413,43.6141],[-79.480094,43.615383],[-79.480519,43.615596],[-79.480416,43.616184],[-79.47995,43.616223],[-79.478864,43.617149],[-79.48055,43.618374],[-79.481301,43.617826],[-79.481636,43.618087],[-79.48119,43.618486],[-79.481636,43.618708],[-79.483145,43.618372],[-79.484617,43.617685],[-79.485257,43.616685],[-79.485404,43.615692],[-79.486247,43.613952],[-79.486508,43.613744],[-79.487144,43.613734],[-79.487671,43.612994],[-79.487187,43.612564],[-79.487379,43.611973],[-79.48691,43.611611],[-79.486895,43.611147],[-79.486525,43.610867],[-79.486796,43.610758],[-79.486654,43.610324],[-79.486407,43.610312],[-79.486525,43.609683],[-79.486963,43.609329],[-79.487193,43.608458],[-79.487741,43.60798],[-79.488408,43.606795],[-79.488908,43.606626],[-79.489453,43.605522],[-79.492488,43.602653],[-79.492511,43.602203],[-79.492721,43.602058],[-79.494923,43.602195],[-79.496123,43.601859],[-79.496878,43.601212],[-79.497323,43.602456],[-79.497931,43.602419],[-79.50239,43.61331],[-79.527406,43.60093],[-79.526323,43.601645],[-79.525288,43.602938],[-79.525013,43.604078],[-79.525088,43.605033],[-79.530212,43.617109],[-79.500966,43.622799],[-79.482382,43.627383],[-79.474266,43.633415],[-79.470794,43.631912],[-79.470776,43.630736],[-79.470983,43.630595],[-79.472044,43.630614],[-79.472745,43.629574],[-79.473727,43.629727],[-79.474558,43.629274],[-79.475123,43.629183],[-79.475504,43.62872],[-79.476052,43.628759],[-79.476773,43.628417],[-79.476996,43.62756],[-79.475963,43.627236],[-79.475982,43.626943],[-79.476377,43.62612],[-79.477194,43.625748],[-79.476738,43.625405],[-79.477513,43.625005],[-79.476982,43.624337],[-79.477076,43.623897],[-79.477944,43.623363],[-79.478847,43.622115],[-79.478501,43.621989],[-79.477641,43.622288],[-79.476846,43.623002],[-79.475718,43.62346],[-79.474506,43.622539],[-79.473987,43.622473],[-79.473145,43.623358],[-79.473779,43.624213],[-79.47281,43.623398],[-79.472387,43.623483],[-79.471547,43.624327]]],[[[-79.478856,43.673742],[-79.478625,43.673191],[-79.480679,43.672658],[-79.479988,43.670859],[-79.481108,43.670394],[-79.483886,43.669835],[-79.482766,43.666777],[-79.506993,43.665313],[-79.509367,43.664624],[-79.510486,43.663999],[-79.512201,43.662633],[-79.512456,43.662971],[-79.513063,43.66523],[-79.513063,43.666506],[-79.512318,43.667351],[-79.511425,43.667927],[-79.511276,43.668334],[-79.51168,43.669663],[-79.511829,43.671346],[-79.512446,43.672859],[-79.512425,43.673789],[-79.511978,43.674473],[-79.509425,43.67591],[-79.508691,43.676509],[-79.506925,43.679651],[-79.505595,43.680404],[-79.505446,43.680996],[-79.505669,43.682002],[-79.505967,43.682363],[-79.508297,43.682425],[-79.509276,43.682671],[-79.510095,43.683577],[-79.510222,43.684153],[-79.506282,43.684683],[-79.501908,43.684011],[-79.498813,43.684466],[-79.497682,43.681083],[-79.497046,43.681112],[-79.484267,43.68418],[-79.48385,43.684319],[-79.482946,43.685589],[-79.476583,43.682362],[-79.472049,43.679369],[-79.473573,43.679105],[-79.473981,43.679389],[-79.476152,43.67884],[-79.476002,43.678455],[-79.473812,43.676637],[-79.474147,43.675868],[-79.473633,43.675189],[-79.478253,43.674193],[-79.478277,43.673971],[-79.478856,43.673742]]],[[[-79.428057,43.642315],[-79.446122,43.638724],[-79.451099,43.65155],[-79.45179,43.653576],[-79.452414,43.65634],[-79.449818,43.656871],[-79.444444,43.651397],[-79.441129,43.648659],[-79.438294,43.647054],[-79.428057,43.642315]]],[[[-79.476256,43.65115],[-79.484449,43.64935],[-79.488982,43.660422],[-79.492598,43.659668],[-79.495138,43.659488],[-79.49545,43.659679],[-79.494399,43.660455],[-79.494136,43.660949],[-79.494528,43.661811],[-79.494592,43.662622],[-79.49632,43.664541],[-79.49768,43.66493],[-79.498625,43.665627],[-79.498511,43.665887],[-79.482766,43.666777],[-79.481946,43.665165],[-79.482238,43.664806],[-79.480673,43.660196],[-79.480025,43.66006],[-79.476256,43.65115]]],[[[-79.487605,43.706377],[-79.503752,43.702898],[-79.507765,43.717705],[-79.502215,43.718351],[-79.492438,43.71994],[-79.491277,43.716909],[-79.489465,43.709904],[-79.488226,43.707817],[-79.487605,43.706377]]],[[[-79.421387,43.640664],[-79.419496,43.635792],[-79.427359,43.633686],[-79.428878,43.633452],[-79.427137,43.629676],[-79.431821,43.630421],[-79.435049,43.631347],[-79.439152,43.633078],[-79.439308,43.63317],[-79.439276,43.633539],[-79.440017,43.63395],[-79.439965,43.634187],[-79.441097,43.634806],[-79.441971,43.634958],[-79.443096,43.634685],[-79.446139,43.636081],[-79.447675,43.636476],[-79.449097,43.63618],[-79.449746,43.636499],[-79.452384,43.636702],[-79.453663,43.637201],[-79.454985,43.637403],[-79.457688,43.637134],[-79.458678,43.636692],[-79.460012,43.636733],[-79.461547,43.636308],[-79.462548,43.635763],[-79.464015,43.635625],[-79.465983,43.63458],[-79.468121,43.633893],[-79.469313,43.632644],[-79.470794,43.631912],[-79.474266,43.633415],[-79.47205,43.634635],[-79.46453,43.637829],[-79.462794,43.638355],[-79.458795,43.639112],[-79.455815,43.639287],[-79.453499,43.639202],[-79.447988,43.638428],[-79.448402,43.638782],[-79.446798,43.638583],[-79.428057,43.642315],[-79.424576,43.641049],[-79.421387,43.640664]]],[[[-79.474266,43.633415],[-79.482382,43.627383],[-79.500966,43.622799],[-79.513087,43.620427],[-79.514767,43.623673],[-79.523424,43.644683],[-79.5,43.649998],[-79.49838,43.650074],[-79.496278,43.649848],[-79.491978,43.648481],[-79.492617,43.647559],[-79.492627,43.6457],[-79.491595,43.644855],[-79.491053,43.64411],[-79.489829,43.641559],[-79.488893,43.641313],[-79.486744,43.642104],[-79.485436,43.642158],[-79.484904,43.641628],[-79.48517,43.640383],[-79.485138,43.639369],[-79.484627,43.638455],[-79.484159,43.638132],[-79.482606,43.637994],[-79.478542,43.638186],[-79.477234,43.637802],[-79.475596,43.634068],[-79.474266,43.633415]]],[[[-79.505767,43.710208],[-79.502797,43.699375],[-79.508406,43.698184],[-79.505677,43.696846],[-79.502333,43.697594],[-79.502043,43.696425],[-79.504215,43.696129],[-79.502932,43.695499],[-79.506387,43.69473],[-79.505609,43.694072],[-79.50865,43.693332],[-79.509105,43.693276],[-79.509432,43.694032],[-79.512091,43.693551],[-79.512861,43.693965],[-79.512744,43.695179],[-79.511829,43.696339],[-79.511903,43.696769],[-79.51218,43.697007],[-79.51368,43.697276],[-79.516712,43.696815],[-79.518861,43.697161],[-79.52018,43.698037],[-79.520818,43.69882],[-79.520892,43.699466],[-79.521265,43.699827],[-79.528626,43.702585],[-79.529158,43.703522],[-79.531041,43.70479],[-79.533211,43.705036],[-79.535041,43.704536],[-79.535913,43.704682],[-79.535445,43.70678],[-79.535424,43.707448],[-79.53569,43.708078],[-79.532278,43.708977],[-79.532335,43.710068],[-79.531907,43.710592],[-79.530741,43.710787],[-79.531534,43.709161],[-79.530808,43.709287],[-79.530418,43.70845],[-79.529004,43.707107],[-79.52758,43.706467],[-79.525193,43.705823],[-79.522778,43.705988],[-79.523693,43.707569],[-79.52081,43.707975],[-79.520177,43.706824],[-79.505767,43.710208]]],[[[-79.449055,43.667333],[-79.459998,43.667238],[-79.46851,43.675888],[-79.472483,43.679302],[-79.470493,43.679555],[-79.470385,43.679245],[-79.466097,43.680269],[-79.465573,43.680567],[-79.465683,43.680782],[-79.464928,43.681017],[-79.46052,43.68205],[-79.456096,43.675271],[-79.455251,43.674341],[-79.453083,43.672799],[-79.451884,43.671648],[-79.450142,43.669437],[-79.449055,43.667333]]],[[[-79.418543,43.683816],[-79.414666,43.673962],[-79.432987,43.670328],[-79.434623,43.674322],[-79.433751,43.674445],[-79.435876,43.679543],[-79.435639,43.679594],[-79.435897,43.680234],[-79.420634,43.683185],[-79.418543,43.683816]]],[[[-79.442809,43.712479],[-79.438824,43.705967],[-79.439027,43.705777],[-79.467099,43.699703],[-79.46869,43.70536],[-79.472502,43.724786],[-79.448822,43.729894],[-79.448134,43.72668],[-79.447383,43.724343],[-79.442809,43.712479]]]]}},{"type":"Feature","properties":{"name":"Etobicoke","basis":"Lore-Zuordnung nach 30 Nächte und 3 Tage, S. 11-17; heutige Stadtteilgrenzen dienen nur als präzise Linienbasis","boundary_role":"lore-district","description":"Etobicoke verbindet Industrie, Verkehr und Wohngebiete. Pearson Airport, Fabriken nahe Highway 427 und Gardiner Expressway sowie heruntergekommene nördliche Quartiere machen den Westen des Sprawls runrelevant.","source":"30 Nächte und 3 Tage","edition":"SR6"},"geometry":{"type":"MultiPolygon","coordinates":[[[[-79.530212,43.617109],[-79.525088,43.605033],[-79.525062,43.603565],[-79.525675,43.602339],[-79.526323,43.601645],[-79.527406,43.60093],[-79.548529,43.590332],[-79.549218,43.590413],[-79.549476,43.591002],[-79.549247,43.591755],[-79.549465,43.591974],[-79.549433,43.592289],[-79.548834,43.592992],[-79.548544,43.593709],[-79.548482,43.594753],[-79.548695,43.595134],[-79.549085,43.595409],[-79.553376,43.595742],[-79.553785,43.596252],[-79.553474,43.598364],[-79.554013,43.599136],[-79.555548,43.599722],[-79.555761,43.600139],[-79.556172,43.602639],[-79.556901,43.603251],[-79.558309,43.603953],[-79.559599,43.60512],[-79.552212,43.611808],[-79.549315,43.613585],[-79.547222,43.61426],[-79.539114,43.615375],[-79.530212,43.617109]]],[[[-79.512422,43.685526],[-79.50735,43.678891],[-79.508691,43.676509],[-79.509425,43.67591],[-79.511978,43.674473],[-79.512425,43.673789],[-79.512446,43.672859],[-79.511829,43.671346],[-79.51168,43.669663],[-79.511286,43.668111],[-79.512956,43.666759],[-79.513116,43.665645],[-79.512456,43.662971],[-79.511605,43.662242],[-79.510095,43.661988],[-79.50684,43.663033],[-79.506095,43.663025],[-79.505627,43.662787],[-79.507426,43.6618],[-79.52211,43.656162],[-79.526347,43.65141],[-79.538975,43.679854],[-79.523713,43.682951],[-79.520751,43.683373],[-79.519757,43.683856],[-79.512422,43.685526]]],[[[-79.542615,43.720648],[-79.544094,43.718197],[-79.543998,43.717505],[-79.542956,43.716906],[-79.541051,43.716798],[-79.540871,43.716629],[-79.540849,43.715515],[-79.540488,43.715108],[-79.538147,43.714678],[-79.537945,43.71447],[-79.537849,43.712965],[-79.552367,43.709585],[-79.553988,43.712543],[-79.562072,43.730015],[-79.559891,43.729127],[-79.558008,43.727924],[-79.556635,43.727709],[-79.555568,43.72819],[-79.555162,43.729077],[-79.554594,43.729439],[-79.550864,43.730157],[-79.549912,43.730505],[-79.549639,43.731014],[-79.549672,43.731717],[-79.549309,43.731848],[-79.548828,43.732887],[-79.547849,43.732449],[-79.547498,43.731942],[-79.546222,43.731511],[-79.545668,43.731557],[-79.54519,43.73218],[-79.54486,43.732318],[-79.544179,43.732356],[-79.543849,43.731911],[-79.544956,43.730897],[-79.543466,43.729982],[-79.54103,43.729545],[-79.540371,43.729568],[-79.539371,43.730858],[-79.539403,43.732118],[-79.538722,43.732041],[-79.538456,43.731734],[-79.538605,43.729752],[-79.538839,43.72923],[-79.538232,43.727485],[-79.538264,43.726948],[-79.539232,43.726394],[-79.540871,43.726141],[-79.5412,43.725803],[-79.541339,43.724981],[-79.540754,43.723867],[-79.540637,43.722515],[-79.541328,43.721547],[-79.542615,43.720648]]],[[[-79.555227,43.65711],[-79.579469,43.651435],[-79.578085,43.648086],[-79.577391,43.64726],[-79.576925,43.646303],[-79.573669,43.645256],[-79.572432,43.643334],[-79.575729,43.642605],[-79.576176,43.643129],[-79.578302,43.644378],[-79.578963,43.64438],[-79.582196,43.641271],[-79.581991,43.640688],[-79.583585,43.639957],[-79.585656,43.637919],[-79.586829,43.639524],[-79.587269,43.640871],[-79.588153,43.641764],[-79.588161,43.642476],[-79.589695,43.643665],[-79.591754,43.644726],[-79.592633,43.644773],[-79.593382,43.644548],[-79.595869,43.643174],[-79.598125,43.643183],[-79.599154,43.643718],[-79.60197,43.644203],[-79.602369,43.644622],[-79.602998,43.644774],[-79.604765,43.644516],[-79.605661,43.644914],[-79.606892,43.644758],[-79.607726,43.645147],[-79.60827,43.646288],[-79.608611,43.64657],[-79.588579,43.664824],[-79.590254,43.666844],[-79.590279,43.66721],[-79.591218,43.66874],[-79.586092,43.670463],[-79.582025,43.672418],[-79.57978,43.674086],[-79.578534,43.67556],[-79.577588,43.677113],[-79.573663,43.673249],[-79.569355,43.673903],[-79.563161,43.674488],[-79.555227,43.65711]]],[[[-79.559663,43.636268],[-79.563658,43.635354],[-79.564039,43.636228],[-79.564704,43.6366],[-79.5676,43.636066],[-79.568315,43.636213],[-79.56872,43.636602],[-79.569111,43.63746],[-79.570205,43.638435],[-79.571574,43.641324],[-79.573819,43.640794],[-79.574299,43.641737],[-79.575589,43.642085],[-79.575729,43.642605],[-79.572432,43.643334],[-79.573669,43.645256],[-79.576925,43.646303],[-79.577391,43.64726],[-79.578085,43.648086],[-79.579469,43.651435],[-79.567477,43.654245],[-79.563218,43.645399],[-79.559663,43.636268]]],[[[-79.557618,43.748808],[-79.568508,43.74624],[-79.571338,43.746808],[-79.572572,43.746847],[-79.573306,43.747346],[-79.573306,43.747845],[-79.571774,43.748022],[-79.571157,43.748806],[-79.571168,43.74909],[-79.5727,43.748775],[-79.573029,43.748982],[-79.572955,43.749981],[-79.573348,43.750319],[-79.575019,43.75005],[-79.577561,43.750289],[-79.579348,43.751034],[-79.580072,43.751687],[-79.582795,43.752532],[-79.583338,43.753093],[-79.583157,43.753861],[-79.58421,43.754468],[-79.584221,43.755636],[-79.585167,43.75622],[-79.585093,43.756988],[-79.583859,43.757395],[-79.583774,43.757749],[-79.583976,43.758363],[-79.583795,43.758717],[-79.581997,43.758563],[-79.580987,43.758855],[-79.580614,43.759193],[-79.580838,43.759969],[-79.580582,43.760422],[-79.579593,43.760699],[-79.577529,43.762097],[-79.577604,43.762366],[-79.577827,43.762428],[-79.579391,43.762336],[-79.580572,43.762996],[-79.564758,43.766572],[-79.534935,43.772662],[-79.530613,43.754447],[-79.557618,43.748808]]],[[[-79.526308,43.736369],[-79.544179,43.732356],[-79.544594,43.73241],[-79.54519,43.73218],[-79.54586,43.731496],[-79.546753,43.731619],[-79.547498,43.731942],[-79.547849,43.732449],[-79.548615,43.73271],[-79.54937,43.733286],[-79.55037,43.733501],[-79.550455,43.734961],[-79.549073,43.735806],[-79.549136,43.735998],[-79.549987,43.735921],[-79.550275,43.736075],[-79.550477,43.73672],[-79.549977,43.737181],[-79.549902,43.737858],[-79.548966,43.738073],[-79.548424,43.738441],[-79.548168,43.739118],[-79.547573,43.739248],[-79.546317,43.739932],[-79.546147,43.740762],[-79.547721,43.741799],[-79.549519,43.741976],[-79.54919,43.742629],[-79.55037,43.742444],[-79.550424,43.742752],[-79.54987,43.743105],[-79.54986,43.743497],[-79.550381,43.744035],[-79.551455,43.744188],[-79.552828,43.743505],[-79.554296,43.743182],[-79.556413,43.743074],[-79.556934,43.742475],[-79.556806,43.741445],[-79.557732,43.741015],[-79.558094,43.741092],[-79.558328,43.741384],[-79.558062,43.742268],[-79.558232,43.742667],[-79.559455,43.74299],[-79.559764,43.742521],[-79.560062,43.742429],[-79.560026,43.74218],[-79.559751,43.741622],[-79.558418,43.74085],[-79.558633,43.740159],[-79.559439,43.739719],[-79.561585,43.739818],[-79.56278,43.740193],[-79.563514,43.741193],[-79.563351,43.741749],[-79.561902,43.742759],[-79.562508,43.743159],[-79.562147,43.743973],[-79.5622,43.744342],[-79.564232,43.745418],[-79.568526,43.746331],[-79.545482,43.751449],[-79.530613,43.754447],[-79.526308,43.736369]]],[[[-79.514767,43.623673],[-79.513087,43.620427],[-79.539114,43.615375],[-79.547222,43.61426],[-79.549315,43.613585],[-79.552212,43.611808],[-79.559599,43.60512],[-79.562786,43.606918],[-79.564721,43.607347],[-79.564521,43.607921],[-79.564612,43.6083],[-79.565481,43.608752],[-79.56691,43.609076],[-79.567185,43.610034],[-79.567122,43.610574],[-79.566844,43.610804],[-79.565801,43.610908],[-79.564835,43.611923],[-79.56406,43.61221],[-79.563824,43.612774],[-79.564379,43.613403],[-79.566581,43.613556],[-79.568273,43.614298],[-79.567526,43.617062],[-79.56685,43.617368],[-79.566353,43.617938],[-79.566309,43.618208],[-79.566679,43.618816],[-79.566606,43.619814],[-79.566771,43.620699],[-79.566691,43.620923],[-79.565436,43.621592],[-79.565782,43.622649],[-79.565458,43.624284],[-79.565069,43.624513],[-79.564004,43.624464],[-79.563652,43.624658],[-79.563279,43.626814],[-79.563521,43.627092],[-79.556864,43.628544],[-79.561679,43.641739],[-79.565425,43.650224],[-79.567477,43.654245],[-79.54318,43.659883],[-79.540445,43.653552],[-79.539721,43.65368],[-79.539728,43.653941],[-79.540211,43.654479],[-79.54005,43.654945],[-79.538382,43.655212],[-79.537892,43.654962],[-79.53718,43.654179],[-79.537514,43.653166],[-79.537424,43.652777],[-79.536971,43.652564],[-79.535569,43.652574],[-79.534104,43.652159],[-79.532665,43.652158],[-79.53228,43.651172],[-79.5323,43.650371],[-79.532106,43.650188],[-79.531029,43.650111],[-79.53084,43.650748],[-79.529752,43.651112],[-79.529068,43.651184],[-79.527958,43.650963],[-79.526826,43.651075],[-79.525439,43.650507],[-79.522395,43.648226],[-79.519911,43.647384],[-79.518403,43.647175],[-79.516967,43.646111],[-79.523424,43.644683],[-79.514767,43.623673]]],[[[-79.534346,43.700287],[-79.532697,43.69616],[-79.533998,43.695736],[-79.534784,43.695053],[-79.5348,43.693921],[-79.536194,43.691172],[-79.541393,43.688947],[-79.544679,43.688192],[-79.548025,43.687839],[-79.550438,43.687223],[-79.554678,43.685654],[-79.558627,43.694329],[-79.569172,43.691945],[-79.567997,43.693757],[-79.560242,43.702039],[-79.556442,43.706902],[-79.554256,43.708756],[-79.550921,43.710009],[-79.549422,43.710197],[-79.537849,43.712965],[-79.537903,43.712335],[-79.538243,43.711889],[-79.538881,43.711582],[-79.539413,43.711013],[-79.539477,43.710022],[-79.539051,43.709269],[-79.538339,43.708747],[-79.537445,43.708332],[-79.535998,43.708324],[-79.53569,43.708078],[-79.535424,43.707448],[-79.535445,43.70678],[-79.535913,43.704682],[-79.535041,43.704536],[-79.533211,43.705036],[-79.53185,43.704982],[-79.53161,43.704217],[-79.531868,43.703182],[-79.534346,43.700287]]],[[[-79.49838,43.650074],[-79.5,43.649998],[-79.516967,43.646111],[-79.518636,43.647277],[-79.519911,43.647384],[-79.522395,43.648226],[-79.525085,43.650278],[-79.526688,43.651028],[-79.52211,43.656162],[-79.507426,43.6618],[-79.505627,43.662787],[-79.503478,43.661573],[-79.502818,43.660943],[-79.500872,43.659737],[-79.500074,43.659483],[-79.499489,43.658792],[-79.499531,43.657847],[-79.49985,43.657394],[-79.501904,43.655826],[-79.50285,43.654535],[-79.502893,43.653598],[-79.502308,43.652753],[-79.500914,43.652254],[-79.497223,43.651954],[-79.495106,43.652238],[-79.492319,43.652161],[-79.491234,43.651485],[-79.490755,43.650402],[-79.490936,43.64968],[-79.491978,43.648481],[-79.496278,43.649848],[-79.49838,43.650074]]],[[[-79.5217,43.597174],[-79.518962,43.590619],[-79.51968,43.590232],[-79.523475,43.59002],[-79.524764,43.589739],[-79.527677,43.58952],[-79.528516,43.589099],[-79.529701,43.587899],[-79.530723,43.587885],[-79.530867,43.588157],[-79.530524,43.588341],[-79.530824,43.588584],[-79.533473,43.5881],[-79.53399,43.587783],[-79.533943,43.587539],[-79.534245,43.587961],[-79.535996,43.588168],[-79.537097,43.58802],[-79.539879,43.586147],[-79.541092,43.584632],[-79.542204,43.583656],[-79.543393,43.580988],[-79.54388,43.58139],[-79.544678,43.585288],[-79.548239,43.587018],[-79.54637,43.589048],[-79.547105,43.589648],[-79.548529,43.590332],[-79.526195,43.601523],[-79.526358,43.601183],[-79.526205,43.600713],[-79.52414,43.601191],[-79.522472,43.597004],[-79.5217,43.597174]]],[[[-79.556864,43.628544],[-79.563521,43.627092],[-79.563739,43.627765],[-79.564409,43.628287],[-79.566801,43.62829],[-79.567639,43.627958],[-79.567888,43.627394],[-79.568421,43.626878],[-79.570401,43.626993],[-79.573921,43.625966],[-79.574339,43.625602],[-79.574787,43.625544],[-79.577282,43.626422],[-79.579551,43.626927],[-79.58077,43.627798],[-79.582549,43.628045],[-79.585282,43.628853],[-79.585874,43.629509],[-79.585049,43.631362],[-79.584998,43.631965],[-79.585166,43.632723],[-79.585656,43.633522],[-79.585412,43.634419],[-79.585875,43.635253],[-79.5858,43.635829],[-79.585214,43.637019],[-79.585253,43.637496],[-79.585656,43.637919],[-79.583585,43.639957],[-79.581991,43.640688],[-79.582196,43.641271],[-79.579168,43.644219],[-79.578463,43.644442],[-79.576176,43.643129],[-79.575729,43.642605],[-79.575589,43.642085],[-79.574299,43.641737],[-79.573819,43.640794],[-79.571574,43.641324],[-79.570205,43.638435],[-79.569111,43.63746],[-79.56872,43.636602],[-79.56812,43.636128],[-79.5676,43.636066],[-79.564704,43.6366],[-79.564039,43.636228],[-79.563658,43.635354],[-79.559663,43.636268],[-79.556864,43.628544]]],[[[-79.48385,43.684319],[-79.494574,43.681826],[-79.495838,43.681284],[-79.497682,43.681083],[-79.498813,43.684466],[-79.501908,43.684011],[-79.506282,43.684683],[-79.510222,43.684153],[-79.511563,43.686927],[-79.511914,43.688049],[-79.512722,43.688894],[-79.512861,43.690169],[-79.513382,43.692098],[-79.513148,43.693335],[-79.512861,43.693965],[-79.512091,43.693551],[-79.509432,43.694032],[-79.509105,43.693276],[-79.50865,43.693332],[-79.505609,43.694072],[-79.506387,43.69473],[-79.502932,43.695499],[-79.482946,43.685589],[-79.48385,43.684319]]],[[[-79.582647,43.744547],[-79.577385,43.733766],[-79.579762,43.73314],[-79.580388,43.732382],[-79.580431,43.731626],[-79.579086,43.729178],[-79.579333,43.728686],[-79.580373,43.728276],[-79.581603,43.728273],[-79.583316,43.72879],[-79.585571,43.729007],[-79.586521,43.728739],[-79.587534,43.72797],[-79.591621,43.736816],[-79.600274,43.754483],[-79.603374,43.757912],[-79.580714,43.762973],[-79.579082,43.762266],[-79.577604,43.762366],[-79.577529,43.762097],[-79.579263,43.760914],[-79.580582,43.760422],[-79.580838,43.759969],[-79.580614,43.759193],[-79.580987,43.758855],[-79.581997,43.758563],[-79.583465,43.758794],[-79.583933,43.758555],[-79.583763,43.757534],[-79.584944,43.757142],[-79.585178,43.756458],[-79.584965,43.755966],[-79.584221,43.755636],[-79.58421,43.754468],[-79.583157,43.753861],[-79.583338,43.753093],[-79.583104,43.752709],[-79.580072,43.751687],[-79.579348,43.751034],[-79.578412,43.750565],[-79.577561,43.750289],[-79.57537,43.75005],[-79.573848,43.75035],[-79.573178,43.750242],[-79.572955,43.749981],[-79.572934,43.748867],[-79.572317,43.748744],[-79.571551,43.749113],[-79.571114,43.749006],[-79.571774,43.748022],[-79.573306,43.747845],[-79.57338,43.747492],[-79.573136,43.747177],[-79.572572,43.746847],[-79.571338,43.746808],[-79.568508,43.74624],[-79.582647,43.744547]]],[[[-79.497931,43.602419],[-79.497323,43.602456],[-79.496878,43.601212],[-79.498145,43.599775],[-79.497852,43.598506],[-79.498352,43.598048],[-79.49831,43.597818],[-79.498741,43.597923],[-79.499551,43.597524],[-79.500295,43.596242],[-79.500471,43.595753],[-79.500377,43.595392],[-79.500906,43.594989],[-79.502497,43.594425],[-79.504953,43.594214],[-79.505052,43.593954],[-79.505905,43.593429],[-79.506259,43.593546],[-79.5064,43.594111],[-79.506739,43.594165],[-79.508617,43.593735],[-79.509005,43.593915],[-79.510711,43.593645],[-79.510835,43.593377],[-79.510686,43.593032],[-79.509748,43.592683],[-79.510666,43.592591],[-79.509669,43.592389],[-79.510248,43.592387],[-79.510575,43.592099],[-79.510925,43.591406],[-79.51086,43.591036],[-79.508675,43.590382],[-79.508776,43.590198],[-79.509527,43.590077],[-79.510407,43.589009],[-79.510492,43.588406],[-79.510299,43.587936],[-79.509179,43.587457],[-79.5096,43.587197],[-79.511215,43.587376],[-79.514013,43.587129],[-79.517245,43.588368],[-79.517298,43.588513],[-79.516076,43.588254],[-79.51465,43.587623],[-79.513521,43.587991],[-79.513063,43.587702],[-79.512189,43.587938],[-79.512246,43.588267],[-79.511295,43.58861],[-79.51106,43.589026],[-79.511547,43.590396],[-79.513004,43.590848],[-79.514646,43.590446],[-79.515126,43.590794],[-79.515293,43.590562],[-79.515018,43.59046],[-79.515022,43.590009],[-79.515409,43.590122],[-79.515486,43.590808],[-79.515834,43.590704],[-79.515669,43.589442],[-79.515049,43.589398],[-79.514899,43.58904],[-79.51523,43.588891],[-79.516161,43.58911],[-79.516478,43.588885],[-79.516263,43.58967],[-79.517106,43.590523],[-79.518191,43.590384],[-79.518554,43.590713],[-79.518962,43.590619],[-79.5217,43.597174],[-79.522472,43.597004],[-79.52414,43.601191],[-79.526205,43.600713],[-79.526358,43.601183],[-79.526195,43.601523],[-79.50239,43.61331],[-79.497931,43.602419]]],[[[-79.505767,43.710208],[-79.520177,43.706824],[-79.52081,43.707975],[-79.523156,43.707698],[-79.523693,43.707569],[-79.522778,43.705988],[-79.525193,43.705823],[-79.52758,43.706467],[-79.529004,43.707107],[-79.530418,43.70845],[-79.530808,43.709287],[-79.531534,43.709161],[-79.530741,43.710787],[-79.531907,43.710592],[-79.532335,43.710068],[-79.532278,43.708977],[-79.53569,43.708078],[-79.535998,43.708324],[-79.537445,43.708332],[-79.538764,43.708985],[-79.539339,43.709684],[-79.53952,43.710667],[-79.539275,43.711228],[-79.538243,43.711889],[-79.537903,43.712335],[-79.537945,43.71447],[-79.538839,43.714862],[-79.540488,43.715108],[-79.540849,43.715515],[-79.540871,43.716629],[-79.541051,43.716798],[-79.543179,43.716975],[-79.543998,43.717505],[-79.544147,43.717989],[-79.542817,43.720394],[-79.541328,43.721547],[-79.540637,43.722515],[-79.540754,43.723867],[-79.541339,43.724981],[-79.5412,43.725803],[-79.540871,43.726141],[-79.539232,43.726394],[-79.538264,43.726948],[-79.538232,43.727485],[-79.538839,43.72923],[-79.538605,43.729752],[-79.538456,43.731734],[-79.538903,43.732134],[-79.539403,43.732118],[-79.539371,43.730858],[-79.540371,43.729568],[-79.54103,43.729545],[-79.543466,43.729982],[-79.544956,43.730897],[-79.543849,43.731911],[-79.544179,43.732356],[-79.532245,43.735042],[-79.528491,43.719949],[-79.528657,43.718258],[-79.529645,43.71483],[-79.525213,43.715784],[-79.507765,43.717705],[-79.505767,43.710208]]],[[[-79.538975,43.679854],[-79.526347,43.65141],[-79.526688,43.651028],[-79.527958,43.650963],[-79.529266,43.651187],[-79.53084,43.650748],[-79.530952,43.650218],[-79.531178,43.650086],[-79.531934,43.650123],[-79.5323,43.650371],[-79.53228,43.651172],[-79.532665,43.652158],[-79.534104,43.652159],[-79.535569,43.652574],[-79.536971,43.652564],[-79.537424,43.652777],[-79.537514,43.653166],[-79.53718,43.654179],[-79.5381,43.655109],[-79.53909,43.655194],[-79.54005,43.654945],[-79.540211,43.654479],[-79.539728,43.653941],[-79.539721,43.65368],[-79.540445,43.653552],[-79.54318,43.659883],[-79.555227,43.65711],[-79.563161,43.674488],[-79.538975,43.679854]]],[[[-79.554907,43.714702],[-79.556729,43.714081],[-79.566676,43.711786],[-79.577385,43.733766],[-79.575218,43.734668],[-79.573639,43.735818],[-79.571832,43.736057],[-79.570198,43.735874],[-79.569016,43.735419],[-79.568399,43.734762],[-79.566984,43.732116],[-79.562072,43.730015],[-79.554907,43.714702]]],[[[-79.5539,43.729598],[-79.555047,43.729192],[-79.555568,43.72819],[-79.556073,43.727855],[-79.557094,43.727714],[-79.558008,43.727924],[-79.560173,43.729266],[-79.566984,43.732116],[-79.567524,43.732924],[-79.567763,43.733818],[-79.569016,43.735419],[-79.570655,43.735961],[-79.572441,43.736038],[-79.573639,43.735818],[-79.575218,43.734668],[-79.577385,43.733766],[-79.582647,43.744547],[-79.568508,43.74624],[-79.566221,43.74594],[-79.564232,43.745418],[-79.5622,43.744342],[-79.562147,43.743973],[-79.562508,43.743159],[-79.561902,43.742759],[-79.563351,43.741749],[-79.563506,43.741526],[-79.563458,43.740931],[-79.56278,43.740193],[-79.560668,43.739708],[-79.559139,43.739778],[-79.558452,43.740445],[-79.558418,43.74085],[-79.559751,43.741622],[-79.560026,43.74218],[-79.560062,43.742429],[-79.559764,43.742521],[-79.559455,43.74299],[-79.558232,43.742667],[-79.558062,43.742268],[-79.558328,43.741384],[-79.558094,43.741092],[-79.557732,43.741015],[-79.556806,43.741445],[-79.556934,43.742475],[-79.556413,43.743074],[-79.554296,43.743182],[-79.552828,43.743505],[-79.551455,43.744188],[-79.550498,43.744111],[-79.54986,43.743497],[-79.54987,43.743105],[-79.550424,43.742752],[-79.55037,43.742444],[-79.54919,43.742629],[-79.549519,43.741976],[-79.547498,43.741714],[-79.546211,43.740854],[-79.546179,43.740155],[-79.546551,43.739763],[-79.548168,43.739118],[-79.54853,43.738334],[-79.549902,43.737858],[-79.549977,43.737181],[-79.550477,43.73672],[-79.550275,43.736075],[-79.549083,43.735937],[-79.549285,43.735568],[-79.550243,43.735107],[-79.550541,43.734723],[-79.55037,43.733501],[-79.54937,43.733286],[-79.548828,43.732887],[-79.549309,43.731848],[-79.549672,43.731717],[-79.549639,43.731014],[-79.549836,43.730576],[-79.550864,43.730157],[-79.5539,43.729598]]],[[[-79.566676,43.711786],[-79.556729,43.714081],[-79.554907,43.714702],[-79.553988,43.712543],[-79.552367,43.709585],[-79.554256,43.708756],[-79.556442,43.706902],[-79.560242,43.702039],[-79.567997,43.693757],[-79.570283,43.69032],[-79.574007,43.683959],[-79.577854,43.676627],[-79.57978,43.674086],[-79.582025,43.672418],[-79.58487,43.670957],[-79.591218,43.66874],[-79.594991,43.674856],[-79.600088,43.683811],[-79.600798,43.685307],[-79.600816,43.686144],[-79.602128,43.688081],[-79.604934,43.693403],[-79.61369,43.707444],[-79.620937,43.719775],[-79.625999,43.729036],[-79.630708,43.736656],[-79.630623,43.736939],[-79.63013,43.736985],[-79.630005,43.737363],[-79.630261,43.737556],[-79.630113,43.738058],[-79.631154,43.738692],[-79.631914,43.739682],[-79.632625,43.741699],[-79.633271,43.742247],[-79.633978,43.742309],[-79.633918,43.742732],[-79.634672,43.743069],[-79.638151,43.748865],[-79.63922,43.749899],[-79.637167,43.75081],[-79.635765,43.751149],[-79.632791,43.751318],[-79.63093,43.751641],[-79.603374,43.757912],[-79.600274,43.754483],[-79.591621,43.736816],[-79.587534,43.72797],[-79.586521,43.728739],[-79.585571,43.729007],[-79.583316,43.72879],[-79.581603,43.728273],[-79.580373,43.728276],[-79.579333,43.728686],[-79.579086,43.729178],[-79.580431,43.731626],[-79.580388,43.732382],[-79.579762,43.73314],[-79.577385,43.733766],[-79.566676,43.711786]]],[[[-79.532697,43.69616],[-79.526546,43.682305],[-79.538975,43.679854],[-79.562345,43.674598],[-79.569355,43.673903],[-79.573663,43.673249],[-79.577588,43.677113],[-79.574007,43.683959],[-79.569172,43.691945],[-79.558627,43.694329],[-79.554678,43.685654],[-79.550438,43.687223],[-79.548025,43.687839],[-79.544679,43.688192],[-79.541393,43.688947],[-79.536749,43.69081],[-79.535947,43.691479],[-79.535322,43.692685],[-79.5348,43.693921],[-79.534784,43.695053],[-79.533998,43.695736],[-79.532697,43.69616]]]]}},{"type":"Feature","properties":{"name":"North York","basis":"Lore-Zuordnung nach 30 Nächte und 3 Tage, S. 11-17; heutige Stadtteilgrenzen dienen nur als präzise Linienbasis","boundary_role":"lore-district","description":"North York ist ein eigener Sprawl im Sprawl: Willowdale, Downsview, York University, Yorkdale, Bathurst Manor und Hoggs Hollow stehen den Barrens von Jane & Finch und dem Triadengebiet Thornhill gegenüber.","source":"30 Nächte und 3 Tage","edition":"SR6"},"geometry":{"type":"MultiPolygon","coordinates":[[[[-79.33015,43.723154],[-79.35267,43.716211],[-79.353095,43.716556],[-79.353606,43.720416],[-79.353048,43.720985],[-79.352724,43.721025],[-79.352485,43.721589],[-79.351934,43.721761],[-79.351912,43.722112],[-79.351465,43.722547],[-79.351175,43.722741],[-79.350282,43.722674],[-79.350248,43.723043],[-79.349871,43.723199],[-79.350177,43.723366],[-79.349899,43.723533],[-79.349941,43.723804],[-79.350748,43.724247],[-79.350292,43.724592],[-79.350068,43.725066],[-79.350155,43.725508],[-79.350739,43.725931],[-79.35167,43.725944],[-79.352169,43.726303],[-79.352716,43.726302],[-79.352896,43.726988],[-79.353345,43.727355],[-79.353586,43.72807],[-79.353968,43.728192],[-79.354089,43.728743],[-79.354672,43.729238],[-79.354406,43.729423],[-79.354463,43.729604],[-79.355876,43.729688],[-79.356168,43.72989],[-79.357207,43.73004],[-79.357026,43.730766],[-79.357695,43.73083],[-79.357551,43.731089],[-79.357682,43.731289],[-79.358817,43.731567],[-79.359376,43.732007],[-79.359084,43.732696],[-79.359194,43.733229],[-79.360103,43.733143],[-79.36088,43.733307],[-79.362117,43.734414],[-79.363263,43.734728],[-79.36364,43.735471],[-79.363219,43.735906],[-79.363398,43.736143],[-79.364335,43.735931],[-79.36442,43.736464],[-79.36549,43.736857],[-79.365981,43.736612],[-79.366824,43.736651],[-79.366643,43.736937],[-79.366752,43.737038],[-79.367427,43.736876],[-79.367881,43.737045],[-79.368198,43.737274],[-79.368009,43.737389],[-79.368062,43.737704],[-79.368573,43.73809],[-79.368919,43.738167],[-79.369236,43.737937],[-79.369605,43.73806],[-79.369544,43.738482],[-79.369771,43.73835],[-79.3702,43.738563],[-79.370419,43.739161],[-79.371076,43.739206],[-79.371046,43.739422],[-79.370598,43.739442],[-79.370678,43.739714],[-79.371145,43.739882],[-79.370999,43.740231],[-79.370625,43.740271],[-79.370626,43.740703],[-79.371329,43.740425],[-79.371383,43.740732],[-79.371667,43.740763],[-79.371761,43.740963],[-79.371987,43.740876],[-79.372022,43.740516],[-79.372292,43.740637],[-79.373017,43.740467],[-79.373286,43.741074],[-79.374401,43.741639],[-79.374897,43.741655],[-79.37539,43.742257],[-79.37602,43.742365],[-79.377941,43.743463],[-79.378361,43.744433],[-79.378807,43.744943],[-79.378811,43.745259],[-79.378524,43.745309],[-79.37838,43.746063],[-79.379124,43.746082],[-79.379915,43.746679],[-79.379921,43.746922],[-79.38026,43.747242],[-79.381163,43.747399],[-79.381385,43.747897],[-79.381316,43.748175],[-79.382661,43.74885],[-79.365498,43.752533],[-79.363197,43.752934],[-79.359952,43.752963],[-79.343835,43.75649],[-79.343609,43.755182],[-79.344834,43.754802],[-79.345571,43.754303],[-79.345571,43.753679],[-79.34527,43.752849],[-79.34639,43.751519],[-79.345248,43.751009],[-79.342542,43.750781],[-79.342429,43.750548],[-79.342572,43.749832],[-79.342174,43.748985],[-79.342392,43.748166],[-79.342249,43.747634],[-79.339144,43.746538],[-79.339791,43.745675],[-79.340167,43.744856],[-79.340129,43.744535],[-79.339212,43.743569],[-79.33804,43.743499],[-79.337107,43.743846],[-79.336446,43.743493],[-79.336206,43.742897],[-79.336596,43.742408],[-79.336566,43.742077],[-79.335604,43.740856],[-79.334883,43.740682],[-79.333522,43.740802],[-79.332786,43.741372],[-79.332177,43.741534],[-79.331169,43.74154],[-79.330606,43.741269],[-79.330478,43.740824],[-79.330839,43.740172],[-79.330155,43.739272],[-79.33008,43.738783],[-79.330313,43.738251],[-79.33156,43.737182],[-79.331402,43.736808],[-79.330673,43.736368],[-79.331184,43.735484],[-79.331064,43.734844],[-79.329493,43.733948],[-79.328313,43.734236],[-79.327795,43.733818],[-79.327592,43.733015],[-79.326938,43.732879],[-79.326058,43.732174],[-79.324773,43.731685],[-79.324593,43.731105],[-79.325262,43.729715],[-79.325104,43.72952],[-79.323104,43.729444],[-79.320218,43.731566],[-79.319744,43.731593],[-79.319609,43.73143],[-79.319609,43.730996],[-79.32012,43.730524],[-79.320376,43.729645],[-79.318993,43.729325],[-79.318737,43.729205],[-79.318707,43.728945],[-79.32012,43.728462],[-79.320458,43.728001],[-79.323149,43.72717],[-79.323127,43.726232],[-79.32239,43.725618],[-79.3223,43.725206],[-79.33015,43.723154]]],[[[-79.430001,43.757257],[-79.462811,43.750363],[-79.466873,43.768874],[-79.470076,43.782112],[-79.470087,43.787272],[-79.466848,43.787953],[-79.46671,43.787349],[-79.465941,43.786807],[-79.466234,43.786523],[-79.46614,43.785856],[-79.466623,43.785412],[-79.467099,43.785256],[-79.467207,43.784951],[-79.468488,43.784915],[-79.468205,43.784308],[-79.46707,43.783977],[-79.466372,43.784049],[-79.465931,43.784304],[-79.46334,43.784035],[-79.46288,43.783084],[-79.462403,43.782789],[-79.462191,43.782318],[-79.460946,43.781437],[-79.46055,43.780882],[-79.459242,43.780532],[-79.458406,43.781132],[-79.457973,43.781073],[-79.457768,43.780809],[-79.45778,43.779864],[-79.457335,43.779768],[-79.457093,43.779035],[-79.456639,43.778813],[-79.45675,43.778391],[-79.457424,43.778265],[-79.457998,43.777661],[-79.458032,43.777319],[-79.458494,43.776767],[-79.459511,43.776339],[-79.461032,43.776135],[-79.460482,43.775803],[-79.461069,43.775694],[-79.461259,43.775048],[-79.462357,43.774892],[-79.462992,43.774324],[-79.465625,43.773892],[-79.465572,43.773549],[-79.465207,43.773165],[-79.466435,43.772751],[-79.465687,43.771948],[-79.464127,43.771738],[-79.462018,43.772114],[-79.460302,43.772163],[-79.458698,43.77171],[-79.458088,43.771278],[-79.456315,43.772101],[-79.455961,43.771853],[-79.45604,43.771188],[-79.455446,43.770612],[-79.455553,43.769848],[-79.455219,43.769295],[-79.452577,43.769564],[-79.452308,43.768967],[-79.451777,43.768852],[-79.450891,43.769452],[-79.450543,43.769474],[-79.450409,43.768887],[-79.44996,43.768458],[-79.449377,43.768432],[-79.447864,43.767844],[-79.447029,43.767455],[-79.446956,43.766932],[-79.445831,43.766718],[-79.446037,43.766415],[-79.445497,43.765201],[-79.445472,43.764751],[-79.4451,43.764232],[-79.443522,43.763283],[-79.443024,43.762376],[-79.442167,43.76141],[-79.441289,43.761263],[-79.440323,43.761592],[-79.438984,43.761511],[-79.438455,43.760846],[-79.437729,43.760575],[-79.437693,43.760044],[-79.438078,43.759572],[-79.437928,43.759119],[-79.437472,43.758987],[-79.435408,43.759067],[-79.434816,43.758402],[-79.433668,43.758152],[-79.433647,43.757494],[-79.433244,43.757227],[-79.432363,43.757224],[-79.430527,43.757604],[-79.430001,43.757257]]],[[[-79.359746,43.766413],[-79.375447,43.765524],[-79.387126,43.763258],[-79.388814,43.769993],[-79.39214,43.785015],[-79.370158,43.789866],[-79.367994,43.790033],[-79.365256,43.778285],[-79.364129,43.771668],[-79.362017,43.770566],[-79.360905,43.769563],[-79.360807,43.768369],[-79.360672,43.768021],[-79.359792,43.767197],[-79.359746,43.766413]]],[[[-79.37184,43.805916],[-79.367994,43.790033],[-79.370158,43.789866],[-79.39214,43.785015],[-79.394174,43.795136],[-79.395793,43.80216],[-79.396243,43.803277],[-79.37177,43.808707],[-79.371487,43.807856],[-79.371722,43.807409],[-79.371559,43.806093],[-79.37184,43.805916]]],[[[-79.408083,43.750142],[-79.40488,43.735903],[-79.41635,43.733505],[-79.417028,43.7332],[-79.415686,43.727395],[-79.414681,43.724945],[-79.413732,43.718907],[-79.414566,43.718524],[-79.41452,43.718307],[-79.415502,43.718338],[-79.416929,43.717975],[-79.418553,43.717913],[-79.421981,43.716959],[-79.42073,43.713081],[-79.419477,43.710011],[-79.427148,43.708472],[-79.433656,43.736037],[-79.423029,43.742498],[-79.417799,43.745933],[-79.414138,43.749847],[-79.408326,43.753504],[-79.408068,43.752467],[-79.408083,43.750142]]],[[[-79.504795,43.759982],[-79.516507,43.757382],[-79.520216,43.75692],[-79.530613,43.754447],[-79.534935,43.772662],[-79.521688,43.775442],[-79.521689,43.775283],[-79.520458,43.774462],[-79.519825,43.774399],[-79.519103,43.773985],[-79.518626,43.774159],[-79.518523,43.773815],[-79.518862,43.773649],[-79.518822,43.773261],[-79.518539,43.773158],[-79.51852,43.772915],[-79.518137,43.772829],[-79.518315,43.77266],[-79.517928,43.77225],[-79.517603,43.772309],[-79.517017,43.771914],[-79.516955,43.771409],[-79.516617,43.770973],[-79.516856,43.770886],[-79.516702,43.770586],[-79.515945,43.770027],[-79.515637,43.769915],[-79.515298,43.770046],[-79.515002,43.769475],[-79.514766,43.769481],[-79.514179,43.770086],[-79.512431,43.769919],[-79.51214,43.769654],[-79.512309,43.76935],[-79.512054,43.769103],[-79.511829,43.769163],[-79.511675,43.768855],[-79.511229,43.768796],[-79.511329,43.768302],[-79.511033,43.768208],[-79.511026,43.768487],[-79.51078,43.768393],[-79.51075,43.768078],[-79.510978,43.767919],[-79.510505,43.767436],[-79.510203,43.767585],[-79.509972,43.767393],[-79.510365,43.767074],[-79.509866,43.767166],[-79.509937,43.76678],[-79.509778,43.766715],[-79.509338,43.766898],[-79.509253,43.766339],[-79.508956,43.76629],[-79.509431,43.766179],[-79.509337,43.765962],[-79.507409,43.765054],[-79.507082,43.764195],[-79.507258,43.763639],[-79.507381,43.763667],[-79.50734,43.763316],[-79.508413,43.76314],[-79.508432,43.762871],[-79.508125,43.762714],[-79.508639,43.762522],[-79.508682,43.762289],[-79.508215,43.762111],[-79.508222,43.761841],[-79.50793,43.761568],[-79.507267,43.761775],[-79.507534,43.761526],[-79.507339,43.760875],[-79.506649,43.76065],[-79.506022,43.760849],[-79.505908,43.760452],[-79.505568,43.760654],[-79.505121,43.76063],[-79.504841,43.760393],[-79.504795,43.759982]]],[[[-79.353668,43.721059],[-79.36577,43.719268],[-79.378066,43.716724],[-79.377431,43.713141],[-79.381864,43.712017],[-79.385912,43.711342],[-79.388979,43.721308],[-79.389251,43.723689],[-79.389603,43.724588],[-79.390359,43.728707],[-79.390882,43.729988],[-79.390495,43.730059],[-79.39282,43.736805],[-79.404185,43.734356],[-79.404576,43.734418],[-79.406522,43.74334],[-79.404332,43.743787],[-79.404086,43.744273],[-79.402014,43.744235],[-79.384151,43.748062],[-79.383547,43.748241],[-79.382661,43.74885],[-79.381316,43.748175],[-79.381385,43.747897],[-79.381163,43.747399],[-79.38026,43.747242],[-79.379921,43.746922],[-79.379915,43.746679],[-79.379124,43.746082],[-79.37838,43.746063],[-79.378524,43.745309],[-79.378811,43.745259],[-79.378807,43.744943],[-79.378361,43.744433],[-79.377941,43.743463],[-79.37602,43.742365],[-79.37539,43.742257],[-79.374897,43.741655],[-79.374401,43.741639],[-79.373286,43.741074],[-79.373017,43.740467],[-79.372292,43.740637],[-79.372022,43.740516],[-79.371987,43.740876],[-79.371761,43.740963],[-79.371667,43.740763],[-79.371383,43.740732],[-79.371329,43.740425],[-79.370626,43.740703],[-79.370625,43.740271],[-79.370999,43.740231],[-79.371145,43.739882],[-79.370678,43.739714],[-79.370598,43.739442],[-79.371046,43.739422],[-79.371076,43.739206],[-79.370419,43.739161],[-79.3702,43.738563],[-79.369771,43.73835],[-79.369544,43.738482],[-79.369605,43.73806],[-79.369236,43.737937],[-79.368919,43.738167],[-79.368573,43.73809],[-79.368062,43.737704],[-79.368009,43.737389],[-79.368198,43.737274],[-79.367881,43.737045],[-79.367427,43.736876],[-79.366752,43.737038],[-79.366643,43.736937],[-79.366824,43.736651],[-79.365981,43.736612],[-79.36549,43.736857],[-79.36442,43.736464],[-79.364335,43.735931],[-79.363398,43.736143],[-79.363219,43.735906],[-79.36364,43.735471],[-79.363263,43.734728],[-79.362117,43.734414],[-79.36088,43.733307],[-79.360103,43.733143],[-79.359194,43.733229],[-79.359084,43.732696],[-79.359376,43.732007],[-79.358817,43.731567],[-79.357682,43.731289],[-79.357551,43.731089],[-79.357695,43.73083],[-79.357026,43.730766],[-79.357207,43.73004],[-79.356168,43.72989],[-79.355876,43.729688],[-79.354463,43.729604],[-79.354406,43.729423],[-79.354672,43.729238],[-79.354089,43.728743],[-79.353968,43.728192],[-79.353586,43.72807],[-79.353345,43.727355],[-79.352896,43.726988],[-79.352716,43.726302],[-79.352169,43.726303],[-79.35167,43.725944],[-79.350739,43.725931],[-79.350071,43.725408],[-79.350292,43.724592],[-79.350748,43.724247],[-79.349941,43.723804],[-79.349899,43.723533],[-79.350177,43.723366],[-79.349871,43.723199],[-79.350248,43.723043],[-79.350282,43.722674],[-79.351175,43.722741],[-79.351465,43.722547],[-79.351912,43.722112],[-79.351934,43.721761],[-79.352485,43.721589],[-79.352724,43.721025],[-79.353048,43.720985],[-79.353535,43.720434],[-79.353668,43.721059]]],[[[-79.43839,43.75548],[-79.433656,43.736037],[-79.439108,43.732737],[-79.442899,43.731231],[-79.457855,43.727908],[-79.458846,43.732095],[-79.45183,43.73359],[-79.452875,43.733962],[-79.456111,43.737789],[-79.455283,43.73993],[-79.457071,43.740418],[-79.457768,43.74228],[-79.454911,43.74276],[-79.452903,43.743954],[-79.454842,43.748716],[-79.458213,43.748014],[-79.459464,43.751083],[-79.43839,43.75548]]],[[[-79.340284,43.779703],[-79.339774,43.776056],[-79.341145,43.7762],[-79.343676,43.775823],[-79.361531,43.771957],[-79.364129,43.771668],[-79.365256,43.778285],[-79.367994,43.790033],[-79.367011,43.790003],[-79.365301,43.790328],[-79.343542,43.795123],[-79.340284,43.779703]]],[[[-79.458846,43.732095],[-79.457855,43.727908],[-79.472454,43.724798],[-79.492438,43.71994],[-79.502215,43.718351],[-79.525213,43.715784],[-79.529645,43.71483],[-79.528657,43.718258],[-79.528491,43.719949],[-79.532245,43.735042],[-79.513125,43.739396],[-79.511455,43.732851],[-79.505953,43.734701],[-79.503772,43.73452],[-79.503305,43.734298],[-79.5031,43.734574],[-79.502431,43.734484],[-79.502232,43.734995],[-79.50165,43.734942],[-79.50111,43.734683],[-79.501191,43.734423],[-79.500713,43.734174],[-79.498699,43.734786],[-79.498221,43.73451],[-79.497883,43.734632],[-79.497813,43.734937],[-79.497373,43.734679],[-79.496114,43.734878],[-79.495568,43.735349],[-79.494923,43.735331],[-79.495422,43.735725],[-79.494579,43.736164],[-79.494699,43.736328],[-79.494366,43.73671],[-79.494481,43.737603],[-79.494055,43.737733],[-79.494039,43.737903],[-79.494274,43.737916],[-79.494065,43.738327],[-79.494295,43.739059],[-79.494724,43.739308],[-79.494829,43.73958],[-79.495363,43.73956],[-79.495441,43.73993],[-79.495977,43.740342],[-79.496074,43.740938],[-79.497118,43.741392],[-79.496842,43.74201],[-79.496919,43.742519],[-79.484513,43.745148],[-79.483749,43.745574],[-79.483088,43.746124],[-79.482667,43.747257],[-79.482847,43.751878],[-79.482683,43.752844],[-79.482452,43.753193],[-79.481584,43.753873],[-79.480199,43.754341],[-79.475738,43.755356],[-79.474206,43.755522],[-79.472686,43.755311],[-79.469611,43.754038],[-79.465761,43.750587],[-79.464994,43.750229],[-79.463847,43.750143],[-79.459464,43.751083],[-79.458213,43.748014],[-79.454842,43.748716],[-79.452903,43.743954],[-79.454911,43.74276],[-79.457768,43.74228],[-79.457071,43.740418],[-79.455283,43.73993],[-79.456111,43.737789],[-79.452875,43.733962],[-79.45183,43.73359],[-79.458846,43.732095]]],[[[-79.433656,43.736037],[-79.427148,43.708472],[-79.436955,43.706217],[-79.438824,43.705967],[-79.44121,43.709576],[-79.442809,43.712479],[-79.447383,43.724343],[-79.448134,43.72668],[-79.448822,43.729894],[-79.442899,43.731231],[-79.441082,43.731866],[-79.439108,43.732737],[-79.433656,43.736037]]],[[[-79.502431,43.734484],[-79.503213,43.734531],[-79.503305,43.734298],[-79.503772,43.73452],[-79.505953,43.734701],[-79.511455,43.732851],[-79.513125,43.739396],[-79.526308,43.736369],[-79.530613,43.754447],[-79.520216,43.75692],[-79.516507,43.757382],[-79.504795,43.759982],[-79.504315,43.759071],[-79.504674,43.758617],[-79.504218,43.758467],[-79.504449,43.758173],[-79.504218,43.757971],[-79.504733,43.757762],[-79.504649,43.757644],[-79.50498,43.757297],[-79.506065,43.75714],[-79.506191,43.757061],[-79.506073,43.756807],[-79.506697,43.756698],[-79.506067,43.756564],[-79.50606,43.756348],[-79.506633,43.756301],[-79.50679,43.75597],[-79.507257,43.755679],[-79.507799,43.754849],[-79.507979,43.754086],[-79.509665,43.753748],[-79.509319,43.753149],[-79.509784,43.752966],[-79.509943,43.752536],[-79.509637,43.751353],[-79.509148,43.751031],[-79.507301,43.75089],[-79.507318,43.750701],[-79.50753,43.750668],[-79.507336,43.750008],[-79.506813,43.750009],[-79.506511,43.749709],[-79.505617,43.749679],[-79.503694,43.748592],[-79.503578,43.748257],[-79.502288,43.747727],[-79.502136,43.747347],[-79.501609,43.747052],[-79.49807,43.746015],[-79.498054,43.745682],[-79.497757,43.745615],[-79.497895,43.744095],[-79.497652,43.743885],[-79.497932,43.743591],[-79.497336,43.743583],[-79.497197,43.743203],[-79.497365,43.742944],[-79.496834,43.742325],[-79.497118,43.741392],[-79.496074,43.740938],[-79.495977,43.740342],[-79.495441,43.73993],[-79.495363,43.73956],[-79.494829,43.73958],[-79.494724,43.739308],[-79.494295,43.739059],[-79.494065,43.738327],[-79.494274,43.737916],[-79.494027,43.737858],[-79.494182,43.737617],[-79.494481,43.737603],[-79.494366,43.73671],[-79.494699,43.736328],[-79.494579,43.736164],[-79.495422,43.735725],[-79.494923,43.735331],[-79.495568,43.735349],[-79.496114,43.734878],[-79.497373,43.734679],[-79.497813,43.734937],[-79.497883,43.734632],[-79.498221,43.73451],[-79.498699,43.734786],[-79.500713,43.734174],[-79.501191,43.734423],[-79.50111,43.734683],[-79.50139,43.734912],[-79.502232,43.734995],[-79.502431,43.734484]]],[[[-79.341145,43.7762],[-79.327125,43.774696],[-79.325167,43.774799],[-79.32301,43.775262],[-79.319685,43.768295],[-79.328715,43.76816],[-79.359649,43.766415],[-79.359792,43.767197],[-79.360672,43.768021],[-79.360905,43.769563],[-79.362017,43.770566],[-79.364129,43.771668],[-79.361531,43.771957],[-79.343676,43.775823],[-79.341145,43.7762]]],[[[-79.344534,43.799624],[-79.343542,43.795123],[-79.365301,43.790328],[-79.367011,43.790003],[-79.367994,43.790033],[-79.37184,43.805916],[-79.371559,43.806093],[-79.371722,43.807409],[-79.371487,43.807856],[-79.37177,43.808707],[-79.341309,43.815615],[-79.335593,43.802546],[-79.337319,43.802142],[-79.344534,43.799624]]],[[[-79.409875,43.757364],[-79.408326,43.753504],[-79.414138,43.749847],[-79.417799,43.745933],[-79.423029,43.742498],[-79.433656,43.736037],[-79.43839,43.75548],[-79.430001,43.757257],[-79.430527,43.757604],[-79.432363,43.757224],[-79.433244,43.757227],[-79.433647,43.757494],[-79.433668,43.758152],[-79.434816,43.758402],[-79.435408,43.759067],[-79.437472,43.758987],[-79.437928,43.759119],[-79.438078,43.759572],[-79.437693,43.760044],[-79.437729,43.760575],[-79.438455,43.760846],[-79.438984,43.761511],[-79.439908,43.761551],[-79.440195,43.762691],[-79.434514,43.76362],[-79.426924,43.765519],[-79.415989,43.767868],[-79.415762,43.767313],[-79.412652,43.768404],[-79.409875,43.757364]]],[[[-79.390882,43.729988],[-79.390359,43.728707],[-79.390214,43.727642],[-79.414298,43.722527],[-79.414681,43.724945],[-79.415686,43.727395],[-79.417028,43.7332],[-79.41635,43.733505],[-79.40488,43.735903],[-79.404576,43.734418],[-79.404185,43.734356],[-79.39282,43.736805],[-79.390495,43.730059],[-79.390882,43.729988]]],[[[-79.395793,43.80216],[-79.39214,43.785015],[-79.415533,43.779817],[-79.420024,43.798048],[-79.396243,43.803277],[-79.395793,43.80216]]],[[[-79.420024,43.798048],[-79.415533,43.779817],[-79.438821,43.774593],[-79.442962,43.773854],[-79.446631,43.788309],[-79.446525,43.78909],[-79.44536,43.79086],[-79.445729,43.792468],[-79.420024,43.798048]]],[[[-79.315433,43.758443],[-79.309796,43.742134],[-79.312585,43.741652],[-79.324674,43.740795],[-79.330531,43.739771],[-79.330839,43.740172],[-79.330478,43.740824],[-79.330516,43.741149],[-79.331169,43.74154],[-79.332537,43.74148],[-79.333522,43.740802],[-79.335424,43.740769],[-79.33577,43.740981],[-79.336566,43.742077],[-79.336596,43.742408],[-79.336206,43.742897],[-79.336446,43.743493],[-79.337107,43.743846],[-79.33804,43.743499],[-79.339212,43.743569],[-79.340129,43.744535],[-79.340167,43.744856],[-79.339791,43.745675],[-79.339144,43.746538],[-79.342249,43.747634],[-79.342392,43.748166],[-79.342174,43.748985],[-79.342572,43.749832],[-79.342429,43.750548],[-79.342542,43.750781],[-79.345248,43.751009],[-79.34639,43.751519],[-79.34527,43.752849],[-79.345571,43.753679],[-79.345571,43.754303],[-79.344834,43.754802],[-79.343609,43.755182],[-79.343835,43.75649],[-79.344601,43.757711],[-79.34603,43.75859],[-79.346503,43.759534],[-79.348285,43.75993],[-79.348683,43.760191],[-79.348969,43.760696],[-79.34981,43.761043],[-79.349607,43.762362],[-79.349254,43.763165],[-79.34942,43.763414],[-79.350742,43.764114],[-79.351141,43.763973],[-79.351359,43.76355],[-79.351975,43.763534],[-79.352659,43.763838],[-79.353539,43.763615],[-79.354177,43.763669],[-79.354929,43.764619],[-79.357845,43.764858],[-79.359469,43.765731],[-79.359649,43.766415],[-79.328715,43.76816],[-79.319685,43.768295],[-79.315433,43.758443]]],[[[-79.359952,43.752963],[-79.363197,43.752934],[-79.365498,43.752533],[-79.38065,43.749372],[-79.382571,43.748912],[-79.383547,43.748241],[-79.384151,43.748062],[-79.402014,43.744235],[-79.404086,43.744273],[-79.404332,43.743787],[-79.406522,43.74334],[-79.408083,43.750142],[-79.408068,43.752467],[-79.408326,43.753504],[-79.397856,43.760065],[-79.396416,43.760782],[-79.392951,43.761979],[-79.376583,43.765388],[-79.366471,43.766118],[-79.359649,43.766415],[-79.359469,43.765731],[-79.357845,43.764858],[-79.354929,43.764619],[-79.354177,43.763669],[-79.353539,43.763615],[-79.352659,43.763838],[-79.351975,43.763534],[-79.351359,43.76355],[-79.351141,43.763973],[-79.350742,43.764114],[-79.349585,43.763572],[-79.349269,43.763246],[-79.349855,43.761401],[-79.34981,43.761043],[-79.348969,43.760696],[-79.348683,43.760191],[-79.348285,43.75993],[-79.346503,43.759534],[-79.34603,43.75859],[-79.344601,43.757711],[-79.343835,43.75649],[-79.359952,43.752963]]],[[[-79.446631,43.788309],[-79.439908,43.761551],[-79.440323,43.761592],[-79.441289,43.761263],[-79.442167,43.76141],[-79.443024,43.762376],[-79.443522,43.763283],[-79.4451,43.764232],[-79.445472,43.764751],[-79.445497,43.765201],[-79.446037,43.766415],[-79.445831,43.766718],[-79.446956,43.766932],[-79.447029,43.767455],[-79.447864,43.767844],[-79.449377,43.768432],[-79.44996,43.768458],[-79.450409,43.768887],[-79.450543,43.769474],[-79.450891,43.769452],[-79.451777,43.768852],[-79.452308,43.768967],[-79.452577,43.769564],[-79.455219,43.769295],[-79.455553,43.769848],[-79.455446,43.770612],[-79.45604,43.771188],[-79.455961,43.771853],[-79.456315,43.772101],[-79.458088,43.771278],[-79.458698,43.77171],[-79.460302,43.772163],[-79.462018,43.772114],[-79.464127,43.771738],[-79.465687,43.771948],[-79.466435,43.772751],[-79.465207,43.773165],[-79.465572,43.773549],[-79.465625,43.773892],[-79.462992,43.774324],[-79.462357,43.774892],[-79.461259,43.775048],[-79.461069,43.775694],[-79.460482,43.775803],[-79.461032,43.776135],[-79.459511,43.776339],[-79.458494,43.776767],[-79.458032,43.777319],[-79.457998,43.777661],[-79.457424,43.778265],[-79.45675,43.778391],[-79.456639,43.778813],[-79.457093,43.779035],[-79.457335,43.779768],[-79.45778,43.779864],[-79.457768,43.780809],[-79.457973,43.781073],[-79.458406,43.781132],[-79.459242,43.780532],[-79.46055,43.780882],[-79.460946,43.781437],[-79.462191,43.782318],[-79.462403,43.782789],[-79.46288,43.783084],[-79.46334,43.784035],[-79.465931,43.784304],[-79.466372,43.784049],[-79.46707,43.783977],[-79.468205,43.784308],[-79.468488,43.784915],[-79.467207,43.784951],[-79.467099,43.785256],[-79.466623,43.785412],[-79.46614,43.785856],[-79.466234,43.786523],[-79.465941,43.786807],[-79.46671,43.787349],[-79.466848,43.787953],[-79.445729,43.792468],[-79.44536,43.79086],[-79.446525,43.78909],[-79.446631,43.788309]]],[[[-79.388044,43.766694],[-79.387126,43.763258],[-79.392951,43.761979],[-79.396416,43.760782],[-79.403361,43.756708],[-79.408326,43.753504],[-79.40964,43.756535],[-79.410129,43.758224],[-79.415533,43.779817],[-79.39214,43.785015],[-79.388044,43.766694]]],[[[-79.415533,43.779817],[-79.412652,43.768404],[-79.415762,43.767313],[-79.415989,43.767868],[-79.426924,43.765519],[-79.434514,43.76362],[-79.440195,43.762691],[-79.442962,43.773854],[-79.438821,43.774593],[-79.415533,43.779817]]],[[[-79.484513,43.745148],[-79.496919,43.742519],[-79.497365,43.742944],[-79.497197,43.743203],[-79.497336,43.743583],[-79.497932,43.743591],[-79.497652,43.743885],[-79.497895,43.744095],[-79.497757,43.745615],[-79.498054,43.745682],[-79.49807,43.746015],[-79.501609,43.747052],[-79.502136,43.747347],[-79.502288,43.747727],[-79.503578,43.748257],[-79.503694,43.748592],[-79.505617,43.749679],[-79.506511,43.749709],[-79.506813,43.750009],[-79.507336,43.750008],[-79.50753,43.750668],[-79.507318,43.750701],[-79.507301,43.75089],[-79.508171,43.750883],[-79.509541,43.751207],[-79.509954,43.752113],[-79.509784,43.752966],[-79.509319,43.753149],[-79.509665,43.753748],[-79.507979,43.754086],[-79.507799,43.754849],[-79.507257,43.755679],[-79.50679,43.75597],[-79.506633,43.756301],[-79.50606,43.756348],[-79.506067,43.756564],[-79.506697,43.756698],[-79.506073,43.756807],[-79.506191,43.757061],[-79.506065,43.75714],[-79.50498,43.757297],[-79.504649,43.757644],[-79.504733,43.757762],[-79.504218,43.757971],[-79.504449,43.758173],[-79.504218,43.758467],[-79.504674,43.758617],[-79.504315,43.759071],[-79.504639,43.759526],[-79.504841,43.760393],[-79.505121,43.76063],[-79.505568,43.760654],[-79.505908,43.760452],[-79.506022,43.760849],[-79.506649,43.76065],[-79.507339,43.760875],[-79.507534,43.761526],[-79.507267,43.761775],[-79.50793,43.761568],[-79.508222,43.761841],[-79.508215,43.762111],[-79.508682,43.762289],[-79.508639,43.762522],[-79.508125,43.762714],[-79.508432,43.762871],[-79.508413,43.76314],[-79.50734,43.763316],[-79.507381,43.763667],[-79.507258,43.763639],[-79.507082,43.764195],[-79.507409,43.765054],[-79.509337,43.765962],[-79.509431,43.766179],[-79.508956,43.76629],[-79.509253,43.766339],[-79.509338,43.766898],[-79.509778,43.766715],[-79.509937,43.76678],[-79.509866,43.767166],[-79.510365,43.767074],[-79.509972,43.767393],[-79.510203,43.767585],[-79.510505,43.767436],[-79.510978,43.767919],[-79.51075,43.768078],[-79.51078,43.768393],[-79.511026,43.768487],[-79.511033,43.768208],[-79.511329,43.768302],[-79.511229,43.768796],[-79.511675,43.768855],[-79.511829,43.769163],[-79.512054,43.769103],[-79.512309,43.76935],[-79.512144,43.769492],[-79.512236,43.769799],[-79.512579,43.769975],[-79.514179,43.770086],[-79.514866,43.769464],[-79.515298,43.770046],[-79.515637,43.769915],[-79.516056,43.770074],[-79.516702,43.770586],[-79.516856,43.770886],[-79.516617,43.770973],[-79.516955,43.771409],[-79.517017,43.771914],[-79.517603,43.772309],[-79.517928,43.77225],[-79.518315,43.77266],[-79.518137,43.772829],[-79.51852,43.772915],[-79.518539,43.773158],[-79.518822,43.773261],[-79.518862,43.773649],[-79.518523,43.773815],[-79.518565,43.774122],[-79.519103,43.773985],[-79.519825,43.774399],[-79.520458,43.774462],[-79.521689,43.775283],[-79.521688,43.775442],[-79.501513,43.779883],[-79.470087,43.787272],[-79.470076,43.782112],[-79.466873,43.768874],[-79.462811,43.750363],[-79.464425,43.750134],[-79.465403,43.750379],[-79.468983,43.753633],[-79.472686,43.755311],[-79.474758,43.755514],[-79.478689,43.7547],[-79.481584,43.753873],[-79.482683,43.752844],[-79.482847,43.751878],[-79.482667,43.747257],[-79.482877,43.746521],[-79.483403,43.745789],[-79.484513,43.745148]]]]}},{"type":"Feature","properties":{"name":"Scarborough","basis":"Lore-Zuordnung nach 30 Nächte und 3 Tage, S. 11-17; heutige Stadtteilgrenzen dienen nur als präzise Linienbasis","boundary_role":"lore-district","description":"Scarborough ist der größte östliche Stadtteil und wichtigstes Einwanderungsziel. Seine Scarkologien, Agincourt, Markham, der Toronto Zoo und die Malvern Sports University prägen den Teilraum.","source":"30 Nächte und 3 Tage","edition":"SR6"},"geometry":{"type":"MultiPolygon","coordinates":[[[[-79.257681,43.809923],[-79.24302,43.812985],[-79.242801,43.812172],[-79.242825,43.811192],[-79.243782,43.808382],[-79.243956,43.807064],[-79.243602,43.805666],[-79.242017,43.802175],[-79.260422,43.793544],[-79.269336,43.789029],[-79.273379,43.798447],[-79.274234,43.798226],[-79.278367,43.798129],[-79.283438,43.797032],[-79.286425,43.804223],[-79.288758,43.80707],[-79.291314,43.812767],[-79.261769,43.819417],[-79.257681,43.809923]]],[[[-79.238757,43.793867],[-79.235295,43.785552],[-79.244992,43.783092],[-79.270087,43.778184],[-79.284577,43.774947],[-79.287373,43.78169],[-79.288724,43.784144],[-79.291664,43.791096],[-79.286849,43.792184],[-79.290446,43.800631],[-79.2916,43.802481],[-79.286278,43.803792],[-79.283438,43.797032],[-79.278367,43.798129],[-79.274234,43.798226],[-79.273379,43.798447],[-79.269336,43.789029],[-79.260422,43.793544],[-79.242017,43.802175],[-79.241055,43.798585],[-79.239592,43.794982],[-79.238757,43.793867]]],[[[-79.24432,43.745657],[-79.245247,43.745807],[-79.246637,43.745423],[-79.247644,43.744529],[-79.24816,43.744726],[-79.248562,43.744561],[-79.249854,43.743293],[-79.250987,43.743041],[-79.250607,43.742152],[-79.254406,43.741717],[-79.25546,43.741812],[-79.255973,43.74233],[-79.25775,43.742114],[-79.260293,43.742695],[-79.261487,43.742561],[-79.261696,43.743069],[-79.266635,43.742053],[-79.268273,43.745916],[-79.263993,43.748581],[-79.265762,43.753647],[-79.270793,43.766544],[-79.271409,43.769074],[-79.274732,43.777213],[-79.25494,43.781135],[-79.252649,43.775742],[-79.250369,43.769088],[-79.245092,43.755599],[-79.243229,43.756004],[-79.242909,43.755666],[-79.242273,43.755755],[-79.240997,43.755222],[-79.240078,43.755226],[-79.23827,43.75419],[-79.23816,43.753702],[-79.237609,43.753414],[-79.238273,43.752821],[-79.237511,43.752107],[-79.237982,43.752141],[-79.238179,43.751775],[-79.237715,43.751507],[-79.238332,43.750787],[-79.238416,43.750068],[-79.238636,43.749748],[-79.238572,43.748972],[-79.239157,43.748936],[-79.23958,43.748475],[-79.23971,43.747855],[-79.24002,43.747464],[-79.2402,43.745972],[-79.241195,43.74551],[-79.241553,43.745146],[-79.242442,43.74534],[-79.244193,43.74534],[-79.24432,43.745657]]],[[[-79.245474,43.704399],[-79.244114,43.701129],[-79.244493,43.700719],[-79.246316,43.699684],[-79.246176,43.699426],[-79.247306,43.698714],[-79.249402,43.698071],[-79.251241,43.696964],[-79.253187,43.69626],[-79.255488,43.695111],[-79.2569,43.694039],[-79.25729,43.693536],[-79.257815,43.693346],[-79.260632,43.689814],[-79.262479,43.688033],[-79.263069,43.688033],[-79.263565,43.687387],[-79.263656,43.687056],[-79.263453,43.687017],[-79.263732,43.68671],[-79.266629,43.684467],[-79.266958,43.683977],[-79.267385,43.68379],[-79.267674,43.68329],[-79.268098,43.683076],[-79.268312,43.682597],[-79.270346,43.680715],[-79.270309,43.680548],[-79.270703,43.680365],[-79.272103,43.67877],[-79.272624,43.678516],[-79.273429,43.6772],[-79.274899,43.675701],[-79.27601,43.67416],[-79.276426,43.673901],[-79.27764,43.672082],[-79.278314,43.672178],[-79.279719,43.67106],[-79.279895,43.671117],[-79.287528,43.689328],[-79.279876,43.691068],[-79.27686,43.691959],[-79.272356,43.694088],[-79.269759,43.695948],[-79.268188,43.697482],[-79.266836,43.699208],[-79.254209,43.718133],[-79.251313,43.718771],[-79.246817,43.707668],[-79.24751,43.707129],[-79.247558,43.706806],[-79.247032,43.705929],[-79.246857,43.705098],[-79.246536,43.704727],[-79.245474,43.704399]]],[[[-79.134718,43.775102],[-79.136524,43.77311],[-79.138492,43.771337],[-79.141209,43.769495],[-79.142992,43.767759],[-79.144701,43.766623],[-79.145252,43.767559],[-79.145467,43.76854],[-79.145191,43.769189],[-79.146149,43.770259],[-79.146511,43.770274],[-79.14715,43.769918],[-79.147471,43.770289],[-79.148744,43.770861],[-79.149802,43.770926],[-79.150172,43.770701],[-79.1509,43.770682],[-79.151231,43.770888],[-79.151599,43.771782],[-79.152201,43.772389],[-79.152671,43.772435],[-79.153188,43.772083],[-79.153982,43.772179],[-79.156939,43.774308],[-79.158582,43.775785],[-79.159915,43.776628],[-79.161335,43.777001],[-79.162947,43.77704],[-79.163154,43.777255],[-79.163147,43.778878],[-79.163324,43.779075],[-79.163877,43.779069],[-79.164853,43.778128],[-79.165525,43.777915],[-79.165959,43.778192],[-79.165579,43.779502],[-79.165688,43.779715],[-79.16661,43.779994],[-79.167814,43.780101],[-79.167916,43.778987],[-79.169686,43.778385],[-79.170083,43.778832],[-79.169739,43.779502],[-79.170578,43.780119],[-79.171252,43.780004],[-79.172015,43.779449],[-79.173038,43.779717],[-79.174252,43.779439],[-79.175246,43.780238],[-79.17296,43.781886],[-79.146223,43.798967],[-79.144347,43.797375],[-79.143493,43.795997],[-79.134718,43.775102]]],[[[-79.254209,43.718133],[-79.267854,43.697867],[-79.267554,43.698814],[-79.267644,43.69959],[-79.269356,43.701267],[-79.275959,43.700013],[-79.280999,43.7121],[-79.282434,43.711746],[-79.281963,43.710962],[-79.281122,43.710832],[-79.280954,43.710649],[-79.281254,43.710132],[-79.280954,43.709335],[-79.281068,43.708409],[-79.28126,43.708196],[-79.280987,43.706895],[-79.281712,43.706285],[-79.282548,43.706117],[-79.282203,43.705581],[-79.282484,43.704883],[-79.282401,43.704297],[-79.282563,43.703849],[-79.282979,43.703621],[-79.283227,43.703183],[-79.282783,43.702655],[-79.282029,43.702553],[-79.281935,43.70239],[-79.282362,43.701334],[-79.281827,43.699642],[-79.282507,43.699283],[-79.286533,43.698254],[-79.288633,43.698592],[-79.290258,43.697734],[-79.290954,43.697671],[-79.292447,43.70063],[-79.302655,43.724715],[-79.300116,43.725058],[-79.27788,43.730006],[-79.271121,43.714193],[-79.254209,43.718133]]],[[[-79.225311,43.731388],[-79.224815,43.731157],[-79.224626,43.730407],[-79.223981,43.729956],[-79.223116,43.729834],[-79.222592,43.729502],[-79.220818,43.729024],[-79.220345,43.72863],[-79.218624,43.728053],[-79.216564,43.727616],[-79.215,43.727592],[-79.214166,43.727264],[-79.213821,43.726778],[-79.214722,43.726495],[-79.216495,43.724672],[-79.217405,43.723304],[-79.218517,43.722075],[-79.21969,43.721575],[-79.222683,43.719344],[-79.224174,43.717782],[-79.225688,43.715478],[-79.226639,43.713382],[-79.226627,43.712954],[-79.225207,43.712387],[-79.225618,43.71211],[-79.225771,43.711694],[-79.225009,43.71106],[-79.225133,43.71081],[-79.225678,43.710549],[-79.226466,43.7089],[-79.226318,43.708483],[-79.225823,43.708102],[-79.225985,43.707366],[-79.226238,43.707244],[-79.226504,43.70804],[-79.227803,43.708065],[-79.228089,43.708308],[-79.22719,43.708767],[-79.226735,43.709737],[-79.226289,43.711256],[-79.226594,43.712382],[-79.228136,43.712644],[-79.229395,43.712569],[-79.230507,43.711528],[-79.230565,43.711111],[-79.230363,43.710716],[-79.229536,43.710311],[-79.229133,43.710544],[-79.229109,43.711736],[-79.228067,43.711756],[-79.22719,43.711508],[-79.22727,43.711231],[-79.228234,43.710935],[-79.228042,43.710909],[-79.228035,43.710473],[-79.228282,43.709959],[-79.22781,43.709641],[-79.227897,43.709368],[-79.228219,43.709274],[-79.229159,43.709639],[-79.229684,43.709215],[-79.22915,43.708784],[-79.228511,43.709084],[-79.228416,43.708786],[-79.229224,43.708438],[-79.229445,43.708172],[-79.229476,43.707695],[-79.229768,43.707762],[-79.229905,43.708462],[-79.231016,43.708768],[-79.23141,43.708432],[-79.231835,43.708515],[-79.231361,43.709498],[-79.230106,43.71005],[-79.230637,43.710477],[-79.231124,43.710597],[-79.23161,43.71042],[-79.23304,43.709299],[-79.233311,43.708353],[-79.233196,43.708117],[-79.233456,43.70759],[-79.231857,43.706723],[-79.231086,43.706626],[-79.231061,43.7064],[-79.22977,43.705885],[-79.228765,43.706887],[-79.228618,43.707375],[-79.227579,43.707386],[-79.227661,43.707109],[-79.228359,43.706872],[-79.229066,43.705618],[-79.22916,43.70538],[-79.22894,43.704765],[-79.229196,43.704679],[-79.230131,43.705125],[-79.231111,43.705325],[-79.231525,43.705273],[-79.232153,43.704833],[-79.232535,43.705275],[-79.233211,43.705245],[-79.233305,43.705404],[-79.232991,43.705629],[-79.233098,43.705865],[-79.232712,43.706313],[-79.232657,43.706686],[-79.233802,43.706884],[-79.233873,43.706633],[-79.234128,43.706646],[-79.233969,43.706391],[-79.234367,43.706343],[-79.233592,43.705814],[-79.233954,43.705374],[-79.235766,43.704483],[-79.236527,43.70327],[-79.236388,43.702404],[-79.235416,43.701664],[-79.235632,43.701244],[-79.236376,43.701305],[-79.236842,43.701884],[-79.237437,43.702213],[-79.238172,43.702211],[-79.238603,43.701893],[-79.239138,43.702041],[-79.23905,43.702476],[-79.238487,43.702459],[-79.23778,43.702831],[-79.237541,43.703579],[-79.236777,43.704157],[-79.236661,43.704627],[-79.23739,43.705053],[-79.238584,43.704599],[-79.238316,43.70432],[-79.237589,43.704322],[-79.237659,43.704166],[-79.238599,43.704257],[-79.239716,43.703738],[-79.23903,43.703602],[-79.238148,43.702994],[-79.239367,43.703472],[-79.240119,43.703483],[-79.241909,43.70225],[-79.244114,43.701129],[-79.245331,43.704209],[-79.246788,43.704933],[-79.247032,43.705929],[-79.247558,43.706806],[-79.24751,43.707129],[-79.246817,43.707668],[-79.251313,43.718771],[-79.254209,43.718133],[-79.247476,43.728175],[-79.245023,43.730947],[-79.242786,43.732713],[-79.22888,43.741443],[-79.228821,43.740997],[-79.228183,43.740623],[-79.22456,43.732081],[-79.225311,43.731388]]],[[[-79.29026,43.696125],[-79.287814,43.690018],[-79.292753,43.689087],[-79.294285,43.692505],[-79.302847,43.69053],[-79.305861,43.697352],[-79.300714,43.695747],[-79.297381,43.695185],[-79.297095,43.69747],[-79.29693,43.70229],[-79.293471,43.703031],[-79.29026,43.696125]]],[[[-79.265762,43.753647],[-79.263993,43.748581],[-79.272205,43.74339],[-79.281507,43.739328],[-79.290961,43.76249],[-79.291455,43.763863],[-79.291383,43.765694],[-79.294357,43.77267],[-79.274732,43.777213],[-79.271409,43.769074],[-79.270793,43.766544],[-79.265762,43.753647]]],[[[-79.287814,43.690018],[-79.284063,43.680867],[-79.292619,43.680139],[-79.300652,43.678366],[-79.304853,43.676549],[-79.307904,43.673929],[-79.312991,43.686243],[-79.308071,43.687483],[-79.30883,43.689362],[-79.303495,43.690586],[-79.303409,43.690305],[-79.294285,43.692505],[-79.292753,43.689087],[-79.287814,43.690018]]],[[[-79.233833,43.753159],[-79.22888,43.741443],[-79.242786,43.732713],[-79.245447,43.730528],[-79.248084,43.736684],[-79.26295,43.733451],[-79.266635,43.742053],[-79.261696,43.743069],[-79.261487,43.742561],[-79.260293,43.742695],[-79.25775,43.742114],[-79.255973,43.74233],[-79.25546,43.741812],[-79.2532,43.741823],[-79.250607,43.742152],[-79.250987,43.743041],[-79.249854,43.743293],[-79.248562,43.744561],[-79.24816,43.744726],[-79.247644,43.744529],[-79.246637,43.745423],[-79.246173,43.745578],[-79.244838,43.745791],[-79.244442,43.745749],[-79.244193,43.74534],[-79.242442,43.74534],[-79.241553,43.745146],[-79.241195,43.74551],[-79.2402,43.745972],[-79.24002,43.747464],[-79.23971,43.747855],[-79.23958,43.748475],[-79.239157,43.748936],[-79.238572,43.748972],[-79.238636,43.749748],[-79.238416,43.750068],[-79.238332,43.750787],[-79.237715,43.751507],[-79.238179,43.751775],[-79.237982,43.752141],[-79.237511,43.752107],[-79.238273,43.752821],[-79.237397,43.753447],[-79.234428,43.75305],[-79.233833,43.753159]]],[[[-79.170626,43.755661],[-79.175061,43.754068],[-79.178945,43.752266],[-79.180226,43.751422],[-79.18167,43.750842],[-79.182761,43.750076],[-79.18326,43.749413],[-79.185774,43.748188],[-79.186344,43.747684],[-79.187544,43.747419],[-79.188928,43.746636],[-79.18964,43.746093],[-79.189844,43.7457],[-79.193504,43.742895],[-79.194504,43.742506],[-79.195194,43.741413],[-79.196136,43.740924],[-79.197532,43.739136],[-79.202364,43.735724],[-79.204735,43.734986],[-79.205869,43.737749],[-79.207621,43.736066],[-79.208334,43.737786],[-79.20832,43.739258],[-79.208888,43.740614],[-79.208351,43.742152],[-79.207875,43.742525],[-79.211105,43.749995],[-79.211302,43.75117],[-79.206476,43.753191],[-79.204021,43.753855],[-79.177211,43.759036],[-79.175156,43.757908],[-79.174255,43.757687],[-79.1727,43.75695],[-79.171626,43.756735],[-79.170626,43.755661]]],[[[-79.151473,43.795569],[-79.17296,43.781886],[-79.175246,43.780238],[-79.176432,43.780888],[-79.178289,43.780701],[-79.179912,43.780889],[-79.181229,43.781306],[-79.181465,43.781292],[-79.182677,43.780258],[-79.183101,43.78022],[-79.184359,43.780519],[-79.185235,43.781154],[-79.185607,43.781187],[-79.186099,43.780934],[-79.186547,43.77968],[-79.186984,43.77921],[-79.189442,43.779267],[-79.190636,43.778914],[-79.193532,43.785795],[-79.19361,43.787337],[-79.193848,43.788142],[-79.197305,43.796224],[-79.173547,43.799686],[-79.170025,43.80004],[-79.168354,43.799973],[-79.166017,43.799547],[-79.155785,43.796039],[-79.153916,43.795672],[-79.151473,43.795569]]],[[[-79.267969,43.732242],[-79.267439,43.730984],[-79.26999,43.728446],[-79.274199,43.723711],[-79.274828,43.722619],[-79.27767,43.729215],[-79.278015,43.730648],[-79.281507,43.739328],[-79.272205,43.74339],[-79.268273,43.745916],[-79.26295,43.733451],[-79.267969,43.732242]]],[[[-79.247652,43.727914],[-79.254209,43.718133],[-79.271121,43.714193],[-79.274828,43.722619],[-79.274199,43.723711],[-79.26999,43.728446],[-79.267439,43.730984],[-79.267969,43.732242],[-79.248084,43.736684],[-79.245447,43.730528],[-79.247652,43.727914]]],[[[-79.293436,43.795138],[-79.295927,43.794344],[-79.297566,43.792065],[-79.298265,43.791478],[-79.306714,43.789339],[-79.307471,43.78876],[-79.30808,43.78661],[-79.308611,43.786107],[-79.315847,43.784335],[-79.317293,43.783508],[-79.318948,43.782083],[-79.320165,43.781696],[-79.317766,43.776514],[-79.32301,43.775262],[-79.335491,43.802327],[-79.310765,43.807917],[-79.305906,43.809181],[-79.300997,43.810135],[-79.297335,43.802184],[-79.296594,43.801254],[-79.2916,43.802481],[-79.290822,43.801384],[-79.288527,43.796098],[-79.291803,43.795267],[-79.293436,43.795138]]],[[[-79.199806,43.80203],[-79.197305,43.796224],[-79.209977,43.794579],[-79.214835,43.79378],[-79.217574,43.793039],[-79.219713,43.792301],[-79.227226,43.788321],[-79.230512,43.787061],[-79.235295,43.785552],[-79.238757,43.793867],[-79.239921,43.795731],[-79.241055,43.798585],[-79.242101,43.802404],[-79.243787,43.806222],[-79.243924,43.807801],[-79.242825,43.811192],[-79.242801,43.812172],[-79.24302,43.812985],[-79.219744,43.81798],[-79.219503,43.81806],[-79.218189,43.819819],[-79.217889,43.819901],[-79.21546,43.818983],[-79.20436,43.812111],[-79.201668,43.80705],[-79.200405,43.804127],[-79.199806,43.80203]]],[[[-79.261769,43.819417],[-79.291314,43.812767],[-79.288758,43.80707],[-79.28669,43.804692],[-79.286278,43.803792],[-79.296594,43.801254],[-79.297335,43.802184],[-79.298829,43.805276],[-79.307073,43.823703],[-79.251157,43.836645],[-79.250882,43.831844],[-79.250624,43.830595],[-79.24302,43.812985],[-79.257681,43.809923],[-79.261769,43.819417]]],[[[-79.193532,43.785795],[-79.190636,43.778914],[-79.191704,43.778429],[-79.193,43.778315],[-79.193038,43.777874],[-79.192674,43.777184],[-79.193283,43.776753],[-79.193668,43.776768],[-79.194597,43.777278],[-79.195147,43.777178],[-79.195232,43.776847],[-79.194973,43.776338],[-79.195001,43.775843],[-79.195374,43.775399],[-79.195882,43.77547],[-79.196741,43.776231],[-79.197973,43.77617],[-79.198831,43.775733],[-79.198932,43.775266],[-79.198572,43.774432],[-79.198692,43.774164],[-79.199551,43.773691],[-79.199612,43.772909],[-79.198788,43.771365],[-79.199622,43.770505],[-79.199997,43.769602],[-79.200664,43.76891],[-79.200789,43.76803],[-79.201413,43.767535],[-79.203043,43.767048],[-79.203475,43.766703],[-79.203329,43.766206],[-79.202037,43.764874],[-79.205642,43.764045],[-79.208775,43.771468],[-79.210253,43.77119],[-79.212707,43.771133],[-79.218664,43.769822],[-79.222207,43.778566],[-79.211143,43.781229],[-79.212457,43.78215],[-79.212779,43.782633],[-79.213459,43.782733],[-79.213773,43.783476],[-79.214126,43.783725],[-79.215471,43.783206],[-79.216171,43.783901],[-79.217927,43.784181],[-79.218182,43.78396],[-79.217857,43.783621],[-79.217953,43.783326],[-79.218955,43.782639],[-79.219413,43.7827],[-79.219836,43.783094],[-79.219891,43.783761],[-79.220744,43.784333],[-79.220246,43.784793],[-79.220555,43.785266],[-79.221388,43.785675],[-79.222316,43.785789],[-79.222334,43.786014],[-79.222959,43.785898],[-79.222814,43.787012],[-79.222012,43.787675],[-79.221941,43.787962],[-79.22391,43.788641],[-79.224452,43.788388],[-79.225403,43.78923],[-79.219713,43.792301],[-79.21527,43.793676],[-79.208359,43.79482],[-79.197305,43.796224],[-79.193679,43.787689],[-79.193532,43.785795]]],[[[-79.269759,43.695948],[-79.27344,43.693492],[-79.27686,43.691959],[-79.279876,43.691068],[-79.287528,43.689328],[-79.290954,43.697671],[-79.290258,43.697734],[-79.288633,43.698592],[-79.286533,43.698254],[-79.282507,43.699283],[-79.281827,43.699642],[-79.282362,43.701334],[-79.281935,43.70239],[-79.282029,43.702553],[-79.282783,43.702655],[-79.283227,43.703183],[-79.282979,43.703621],[-79.282563,43.703849],[-79.282401,43.704297],[-79.282484,43.704883],[-79.282203,43.705581],[-79.282548,43.706117],[-79.281712,43.706285],[-79.280987,43.706895],[-79.28126,43.708196],[-79.281068,43.708409],[-79.280954,43.709335],[-79.281254,43.710132],[-79.280954,43.710649],[-79.281122,43.710832],[-79.281963,43.710962],[-79.282434,43.711746],[-79.280999,43.7121],[-79.275959,43.700013],[-79.269356,43.701267],[-79.267785,43.699844],[-79.267554,43.698814],[-79.267854,43.697867],[-79.269759,43.695948]]],[[[-79.335593,43.802546],[-79.32301,43.775262],[-79.32613,43.774707],[-79.329221,43.774884],[-79.339774,43.776056],[-79.340284,43.779703],[-79.344534,43.799624],[-79.337319,43.802142],[-79.335593,43.802546]]],[[[-79.124874,43.784918],[-79.126798,43.782635],[-79.126702,43.782142],[-79.127264,43.78203],[-79.12835,43.780724],[-79.129724,43.779716],[-79.132897,43.776513],[-79.134718,43.775102],[-79.143493,43.795997],[-79.144347,43.797375],[-79.146223,43.798967],[-79.151473,43.795569],[-79.153916,43.795672],[-79.155785,43.796039],[-79.166017,43.799547],[-79.168354,43.799973],[-79.170025,43.80004],[-79.173547,43.799686],[-79.197305,43.796224],[-79.199806,43.80203],[-79.200405,43.804127],[-79.201668,43.80705],[-79.204059,43.811783],[-79.206292,43.81335],[-79.21546,43.818983],[-79.217889,43.819901],[-79.218189,43.819819],[-79.219503,43.81806],[-79.219744,43.81798],[-79.24302,43.812985],[-79.250624,43.830595],[-79.250882,43.831844],[-79.251157,43.836645],[-79.224099,43.842987],[-79.206122,43.846894],[-79.170316,43.855448],[-79.159536,43.831748],[-79.15638,43.824415],[-79.152933,43.817155],[-79.152145,43.814677],[-79.15173,43.813977],[-79.151219,43.813874],[-79.14946,43.812473],[-79.148214,43.812313],[-79.14666,43.811333],[-79.146116,43.810829],[-79.14612,43.810577],[-79.146392,43.810474],[-79.146083,43.810059],[-79.143625,43.810055],[-79.143416,43.81061],[-79.143183,43.810693],[-79.142864,43.81007],[-79.143138,43.80962],[-79.142452,43.809437],[-79.14196,43.809632],[-79.141231,43.808904],[-79.140685,43.808774],[-79.140627,43.80844],[-79.139316,43.808346],[-79.138933,43.807985],[-79.138398,43.807949],[-79.138151,43.807486],[-79.13787,43.807495],[-79.137599,43.807855],[-79.137038,43.807702],[-79.136248,43.808067],[-79.13588,43.808029],[-79.134087,43.806848],[-79.133896,43.806196],[-79.134409,43.804497],[-79.133659,43.802956],[-79.134168,43.802212],[-79.135393,43.801071],[-79.135243,43.800663],[-79.132151,43.801625],[-79.131015,43.801773],[-79.12985,43.801439],[-79.127671,43.800278],[-79.125166,43.80012],[-79.124589,43.799633],[-79.124214,43.799001],[-79.124342,43.797725],[-79.124213,43.797417],[-79.123461,43.79717],[-79.121919,43.797393],[-79.121161,43.797016],[-79.120294,43.796146],[-79.12026,43.79561],[-79.121218,43.795193],[-79.12099,43.79473],[-79.119308,43.794788],[-79.117425,43.794334],[-79.115798,43.794834],[-79.115232,43.794604],[-79.11836,43.79285],[-79.120171,43.791201],[-79.124874,43.784918]]],[[[-79.208888,43.740614],[-79.20832,43.739258],[-79.208334,43.737786],[-79.207621,43.736066],[-79.205869,43.737749],[-79.204735,43.734986],[-79.205283,43.735333],[-79.206056,43.73507],[-79.208684,43.733149],[-79.212891,43.728528],[-79.213296,43.727873],[-79.213355,43.727257],[-79.213821,43.726778],[-79.214166,43.727264],[-79.215,43.727592],[-79.216564,43.727616],[-79.218624,43.728053],[-79.220345,43.72863],[-79.220818,43.729024],[-79.222592,43.729502],[-79.223116,43.729834],[-79.223981,43.729956],[-79.224626,43.730407],[-79.224815,43.731157],[-79.225311,43.731388],[-79.22456,43.732081],[-79.228183,43.740623],[-79.228821,43.740997],[-79.22888,43.741443],[-79.224987,43.744242],[-79.22167,43.747216],[-79.219857,43.748457],[-79.217746,43.749298],[-79.211302,43.75117],[-79.211105,43.749995],[-79.207875,43.742525],[-79.208351,43.742152],[-79.208888,43.740614]]],[[[-79.306642,43.808989],[-79.335491,43.802327],[-79.341309,43.815615],[-79.307073,43.823703],[-79.300997,43.810135],[-79.306642,43.808989]]],[[[-79.287526,43.78203],[-79.284577,43.774947],[-79.309208,43.769203],[-79.312936,43.768523],[-79.319685,43.768295],[-79.32301,43.775262],[-79.317766,43.776514],[-79.320165,43.781696],[-79.318948,43.782083],[-79.316612,43.783973],[-79.315847,43.784335],[-79.308611,43.786107],[-79.30808,43.78661],[-79.307471,43.78876],[-79.306714,43.789339],[-79.298265,43.791478],[-79.297566,43.792065],[-79.296267,43.794047],[-79.295516,43.794566],[-79.293436,43.795138],[-79.290667,43.795502],[-79.288527,43.796098],[-79.286849,43.792184],[-79.291664,43.791096],[-79.288724,43.784144],[-79.287526,43.78203]]],[[[-79.284063,43.680867],[-79.279907,43.671233],[-79.280003,43.670992],[-79.280172,43.671224],[-79.28123,43.67084],[-79.281562,43.670921],[-79.282686,43.67038],[-79.283454,43.670346],[-79.283519,43.670136],[-79.284466,43.670051],[-79.284929,43.669743],[-79.285513,43.66977],[-79.286078,43.669449],[-79.287137,43.669366],[-79.288412,43.668751],[-79.289276,43.668682],[-79.291136,43.667963],[-79.291988,43.667895],[-79.293263,43.667229],[-79.294704,43.665981],[-79.294938,43.666066],[-79.296965,43.665304],[-79.297689,43.665247],[-79.299437,43.665665],[-79.300277,43.665362],[-79.300849,43.665461],[-79.3039,43.664338],[-79.304877,43.66568],[-79.30613,43.664462],[-79.307505,43.663927],[-79.321746,43.660738],[-79.328313,43.659067],[-79.329471,43.661587],[-79.319851,43.663796],[-79.319316,43.664021],[-79.318069,43.66509],[-79.315069,43.665864],[-79.314691,43.666781],[-79.312594,43.667245],[-79.310067,43.67199],[-79.305227,43.676299],[-79.300652,43.678366],[-79.292619,43.680139],[-79.284063,43.680867]]],[[[-79.309796,43.742134],[-79.299149,43.716423],[-79.305408,43.715091],[-79.304956,43.716041],[-79.304846,43.716877],[-79.311116,43.715506],[-79.311873,43.717364],[-79.320023,43.71553],[-79.320301,43.716003],[-79.320812,43.715948],[-79.323337,43.716627],[-79.323916,43.717723],[-79.323901,43.718369],[-79.323518,43.718933],[-79.322586,43.719242],[-79.322503,43.719557],[-79.323074,43.720078],[-79.324142,43.720637],[-79.325712,43.720333],[-79.326389,43.720501],[-79.326712,43.720669],[-79.326817,43.721207],[-79.323427,43.72214],[-79.323209,43.723415],[-79.322292,43.725331],[-79.32239,43.725618],[-79.323127,43.726232],[-79.323149,43.72717],[-79.320458,43.728001],[-79.32012,43.728462],[-79.318707,43.728945],[-79.318677,43.729119],[-79.320376,43.729645],[-79.32012,43.730524],[-79.319609,43.730996],[-79.319609,43.73143],[-79.319947,43.73162],[-79.322804,43.729553],[-79.324157,43.729401],[-79.325209,43.729564],[-79.32463,43.730909],[-79.324773,43.731685],[-79.326058,43.732174],[-79.326938,43.732879],[-79.327592,43.733015],[-79.327795,43.733818],[-79.328313,43.734236],[-79.328584,43.734285],[-79.329117,43.733954],[-79.329756,43.734019],[-79.331184,43.735055],[-79.331184,43.735484],[-79.330673,43.736368],[-79.331402,43.736808],[-79.33156,43.737182],[-79.330132,43.738566],[-79.330155,43.739272],[-79.330531,43.739771],[-79.324674,43.740795],[-79.312585,43.741652],[-79.309796,43.742134]]],[[[-79.158582,43.775785],[-79.153982,43.772179],[-79.153188,43.772083],[-79.152671,43.772435],[-79.152201,43.772389],[-79.151599,43.771782],[-79.151231,43.770888],[-79.1509,43.770682],[-79.150172,43.770701],[-79.149802,43.770926],[-79.148744,43.770861],[-79.147471,43.770289],[-79.14715,43.769918],[-79.146511,43.770274],[-79.146149,43.770259],[-79.145191,43.769189],[-79.145467,43.76854],[-79.145252,43.767559],[-79.144701,43.766623],[-79.146448,43.765533],[-79.147742,43.764375],[-79.149846,43.762284],[-79.151504,43.760145],[-79.152993,43.75908],[-79.159598,43.758547],[-79.163337,43.757527],[-79.167269,43.756825],[-79.170587,43.755675],[-79.171414,43.756345],[-79.171626,43.756735],[-79.1727,43.75695],[-79.174255,43.757687],[-79.175156,43.757908],[-79.177211,43.759036],[-79.20202,43.754179],[-79.203509,43.754079],[-79.20398,43.755676],[-79.202892,43.756034],[-79.203489,43.757762],[-79.202942,43.758366],[-79.202422,43.760411],[-79.201772,43.760941],[-79.201828,43.761563],[-79.202731,43.762532],[-79.20157,43.763135],[-79.201375,43.763816],[-79.202159,43.765035],[-79.203329,43.766206],[-79.203475,43.766703],[-79.203043,43.767048],[-79.201413,43.767535],[-79.200789,43.76803],[-79.200664,43.76891],[-79.199997,43.769602],[-79.199622,43.770505],[-79.198788,43.771365],[-79.198923,43.771863],[-79.199557,43.772656],[-79.199551,43.773691],[-79.198614,43.774289],[-79.198935,43.775572],[-79.198324,43.776067],[-79.196741,43.776231],[-79.195882,43.77547],[-79.195374,43.775399],[-79.195001,43.775843],[-79.194973,43.776338],[-79.195232,43.776847],[-79.195147,43.777178],[-79.194597,43.777278],[-79.193495,43.776747],[-79.192842,43.776971],[-79.192671,43.777292],[-79.193092,43.778145],[-79.192886,43.778394],[-79.191704,43.778429],[-79.189442,43.779267],[-79.186984,43.77921],[-79.186547,43.77968],[-79.186099,43.780934],[-79.185607,43.781187],[-79.185235,43.781154],[-79.184064,43.780406],[-79.182778,43.780224],[-79.181465,43.781292],[-79.181229,43.781306],[-79.179912,43.780889],[-79.178289,43.780701],[-79.176235,43.78084],[-79.174252,43.779439],[-79.173038,43.779717],[-79.172015,43.779449],[-79.171252,43.780004],[-79.170578,43.780119],[-79.169739,43.779502],[-79.170083,43.778832],[-79.169686,43.778385],[-79.167916,43.778987],[-79.167934,43.779899],[-79.16757,43.780176],[-79.165688,43.779715],[-79.165579,43.779502],[-79.165959,43.778192],[-79.165525,43.777915],[-79.164853,43.778128],[-79.163877,43.779069],[-79.163513,43.779159],[-79.163147,43.778878],[-79.163154,43.777255],[-79.162947,43.77704],[-79.161335,43.777001],[-79.159915,43.776628],[-79.158582,43.775785]]],[[[-79.291455,43.763863],[-79.27788,43.730006],[-79.300116,43.725058],[-79.302655,43.724715],[-79.309796,43.742134],[-79.315433,43.758443],[-79.319685,43.768295],[-79.31446,43.768365],[-79.311203,43.768775],[-79.294357,43.77267],[-79.291383,43.765694],[-79.291455,43.763863]]],[[[-79.205642,43.764045],[-79.202037,43.764874],[-79.201394,43.764023],[-79.20157,43.763135],[-79.202731,43.762532],[-79.201828,43.761563],[-79.201772,43.760941],[-79.202422,43.760411],[-79.202942,43.758366],[-79.203489,43.757762],[-79.202892,43.756034],[-79.20398,43.755676],[-79.203449,43.753976],[-79.206476,43.753191],[-79.2126,43.750685],[-79.217746,43.749298],[-79.219857,43.748457],[-79.22167,43.747216],[-79.224987,43.744242],[-79.22888,43.741443],[-79.233833,43.753159],[-79.234428,43.75305],[-79.235922,43.753352],[-79.23782,43.753435],[-79.23816,43.753702],[-79.23827,43.75419],[-79.240078,43.755226],[-79.240997,43.755222],[-79.242273,43.755755],[-79.242909,43.755666],[-79.243229,43.756004],[-79.245092,43.755599],[-79.250369,43.769088],[-79.252649,43.775742],[-79.25494,43.781135],[-79.244992,43.783092],[-79.237737,43.784869],[-79.228837,43.787644],[-79.225403,43.78923],[-79.224452,43.788388],[-79.22391,43.788641],[-79.221941,43.787962],[-79.222012,43.787675],[-79.222814,43.787012],[-79.222959,43.785898],[-79.222334,43.786014],[-79.222316,43.785789],[-79.221388,43.785675],[-79.220555,43.785266],[-79.220246,43.784793],[-79.220744,43.784333],[-79.219891,43.783761],[-79.219836,43.783094],[-79.219413,43.7827],[-79.218955,43.782639],[-79.217953,43.783326],[-79.217857,43.783621],[-79.218182,43.78396],[-79.217927,43.784181],[-79.216171,43.783901],[-79.215471,43.783206],[-79.214126,43.783725],[-79.213773,43.783476],[-79.213459,43.782733],[-79.212779,43.782633],[-79.212457,43.78215],[-79.211143,43.781229],[-79.222207,43.778566],[-79.218664,43.769822],[-79.212707,43.771133],[-79.210253,43.77119],[-79.208775,43.771468],[-79.205642,43.764045]]],[[[-79.307904,43.673929],[-79.310067,43.67199],[-79.312594,43.667245],[-79.316538,43.666385],[-79.323544,43.683379],[-79.312759,43.685715],[-79.307904,43.673929]]],[[[-79.305861,43.697352],[-79.302847,43.69053],[-79.303409,43.690305],[-79.303495,43.690586],[-79.30883,43.689362],[-79.308071,43.687483],[-79.312991,43.686243],[-79.318689,43.699449],[-79.31916,43.700878],[-79.315365,43.700312],[-79.314371,43.700361],[-79.305861,43.697352]]]]}}]}
