{"type":"FeatureCollection","name":"Toronto Orte","features":[{"type":"Feature","geometry":{"type":"Point","coordinates":[-79.375,43.652]},"properties":{"id":23,"global_id":"toronto-2080:place:23-27-lombard-street","name":"27 Lombard Street","aliases":[],"category":"Sonstige Spots","detail_map":"Downtown/Alt-Toronto","source_pages":"Toronto Poster 2080, Legende Nr. 17","map_source":"Toronto Poster 2080","placement_note":"Erhaltener geographischer Bezugspunkt","accuracy":"Geographischer Bezugspunkt","source_map":"toronto-2080-content","source_panel":"Downtown/Alt-Toronto","description_preview":"Die Adresse 27 Lombard Street ist ein ausdrücklich kartierter innerstädtischer Kampagnenort.","description_full":"Die Adresse 27 Lombard Street ist ein ausdrücklich kartierter innerstädtischer Kampagnenort. Die Position folgt einem erhaltenen heutigen Bezugspunkt.","description_source":"Toronto Poster 2080, Legende Nr. 17","description_kind":"Ortsprofil","description_has_more":true,"detail_plans":[],"alternate_locations":[],"sources":[{"bookId":"toronto-poster-sr6","title":"Toronto Poster 2080","edition":"SR6","citation":"Toronto Poster 2080, Legende Nr. 17","purpose":"description"}],"map_sources":[],"editions":["SR6"],"edition_descriptions":{"SR6":{"kind":"Ortsprofil","preview":"Die Adresse 27 Lombard Street ist ein ausdrücklich kartierter innerstädtischer Kampagnenort.","full":"Die Adresse 27 Lombard Street ist ein ausdrücklich kartierter innerstädtischer Kampagnenort. Die Position folgt einem erhaltenen heutigen Bezugspunkt.","hasMore":true,"hasExcerpt":true,"sources":[{"bookId":"toronto-poster-sr6","title":"Toronto Poster 2080","edition":"SR6","citation":"Toronto Poster 2080, Legende Nr. 17","purpose":"description"}]}},"map_number_sr6":17}},{"type":"Feature","geometry":{"type":"Point","coordinates":[-79.523,43.767]},"properties":{"id":21,"global_id":"toronto-2080:place:21-76-coral-gable-drive","name":"76 Coral Gable Drive","aliases":[],"category":"Magie und Gefahren","detail_map":"North York","source_pages":"Toronto Poster 2080, Legende Nr. 15","map_source":"Toronto Poster 2080","placement_note":"Erhaltener geographischer Bezugspunkt","accuracy":"Geographischer Bezugspunkt","source_map":"toronto-2080-content","source_panel":"North York","description_preview":"Das Haus in der Coral Gable Drive ist ein zentraler Ermittlungs- und Ritualort der Kampagne.","description_full":"Das Haus in der Coral Gable Drive ist ein zentraler Ermittlungs- und Ritualort der Kampagne. Die Position folgt einem erhaltenen heutigen Bezugspunkt.","description_source":"Toronto Poster 2080, Legende Nr. 15","description_kind":"Ortsprofil","description_has_more":true,"detail_plans":[],"alternate_locations":[],"sources":[{"bookId":"toronto-poster-sr6","title":"Toronto Poster 2080","edition":"SR6","citation":"Toronto Poster 2080, Legende Nr. 15","purpose":"description"}],"map_sources":[],"editions":["SR6"],"edition_descriptions":{"SR6":{"kind":"Ortsprofil","preview":"Das Haus in der Coral Gable Drive ist ein zentraler Ermittlungs- und Ritualort der Kampagne.","full":"Das Haus in der Coral Gable Drive ist ein zentraler Ermittlungs- und Ritualort der Kampagne. Die Position folgt einem erhaltenen heutigen Bezugspunkt.","hasMore":true,"hasExcerpt":true,"sources":[{"bookId":"toronto-poster-sr6","title":"Toronto Poster 2080","edition":"SR6","citation":"Toronto Poster 2080, Legende Nr. 15","purpose":"description"}]}},"map_number_sr6":15}},{"type":"Feature","geometry":{"type":"Point","coordinates":[-79.272,43.793]},"properties":{"id":65,"global_id":"toronto-2080:place:65-agincourt","name":"Agincourt","aliases":[],"category":"Stadtteile","detail_map":"Scarborough","source_pages":"30 Nächte und 3 Tage, Toronto-Karte, Legende Nr. 27","map_source":"30 Nächte und 3 Tage","placement_note":"Erhaltener geographischer Bezugspunkt","accuracy":"Geographischer Bezugspunkt","source_map":"toronto-2080-content","source_panel":"Scarborough","description_preview":"Agincourt ist auf der offiziellen Übersichtskarte von 30 Nächte als wichtiger Torontoer Ort ausgewiesen.","description_full":"Agincourt ist auf der offiziellen Übersichtskarte von 30 Nächte als wichtiger Torontoer Ort ausgewiesen. Die Position folgt einem erhaltenen heutigen Bezugspunkt.","description_source":"30 Nächte und 3 Tage, Toronto-Karte, Legende Nr. 27","description_kind":"Ortsprofil","description_has_more":true,"detail_plans":[],"alternate_locations":[],"sources":[{"bookId":"30-nights-sr6","title":"30 Nächte und 3 Tage","edition":"SR6","citation":"30 Nächte und 3 Tage, Toronto-Karte, Legende Nr. 27","purpose":"description"}],"map_sources":[],"editions":["SR6"],"edition_descriptions":{"SR6":{"kind":"Ortsprofil","preview":"Agincourt ist auf der offiziellen Übersichtskarte von 30 Nächte als wichtiger Torontoer Ort ausgewiesen.","full":"Agincourt ist auf der offiziellen Übersichtskarte von 30 Nächte als wichtiger Torontoer Ort ausgewiesen. Die Position folgt einem erhaltenen heutigen Bezugspunkt.","hasMore":true,"hasExcerpt":true,"sources":[{"bookId":"30-nights-sr6","title":"30 Nächte und 3 Tage","edition":"SR6","citation":"30 Nächte und 3 Tage, Toronto-Karte, Legende Nr. 27","purpose":"description"}]}}}},{"type":"Feature","geometry":{"type":"Point","coordinates":[-79.3812,43.6527]},"properties":{"id":99,"global_id":"toronto-2080:place:99-altes-rathaus-toronto","name":"Altes Rathaus Toronto","aliases":[],"category":"Magie und Religion","detail_map":"Downtown/Alt-Toronto","source_pages":"30 Nächte und 3 Tage, Toronto und Die Nächte, S. 11-144","map_source":"30 Nächte und 3 Tage","placement_note":"Erhaltener geographischer Bezugspunkt","accuracy":"Geographischer Bezugspunkt","source_map":"toronto-2080-content","source_panel":"Downtown/Alt-Toronto","description_preview":"Das Alte Rathaus besitzt durch seine konfliktreiche Geschichte eine hermetisch ausgerichtete Manablase.","description_full":"Das Alte Rathaus besitzt durch seine konfliktreiche Geschichte eine hermetisch ausgerichtete Manablase. Die Position folgt einem erhaltenen heutigen Bezugspunkt.","description_source":"30 Nächte und 3 Tage, Toronto und Die Nächte, S. 11-144","description_kind":"Ortsprofil","description_has_more":true,"detail_plans":[],"alternate_locations":[],"sources":[{"bookId":"30-nights-sr6","title":"30 Nächte und 3 Tage","edition":"SR6","citation":"30 Nächte und 3 Tage, Toronto und Die Nächte, S. 11-144","purpose":"description"}],"map_sources":[],"editions":["SR6"],"edition_descriptions":{"SR6":{"kind":"Ortsprofil","preview":"Das Alte Rathaus besitzt durch seine konfliktreiche Geschichte eine hermetisch ausgerichtete Manablase.","full":"Das Alte Rathaus besitzt durch seine konfliktreiche Geschichte eine hermetisch ausgerichtete Manablase. Die Position folgt einem erhaltenen heutigen Bezugspunkt.","hasMore":true,"hasExcerpt":true,"sources":[{"bookId":"30-nights-sr6","title":"30 Nächte und 3 Tage","edition":"SR6","citation":"30 Nächte und 3 Tage, Toronto und Die Nächte, S. 11-144","purpose":"description"}]}}}},{"type":"Feature","geometry":{"type":"Point","coordinates":[-79.409403,43.745374]},"properties":{"id":70,"global_id":"toronto-2080:place:70-atticus-high-school","name":"Atticus High School","aliases":[],"category":"Bildung und Kultur","detail_map":"North York","source_pages":"30 Nächte und 3 Tage, Toronto und Die Nächte, S. 11-144","map_source":"30 Nächte und 3 Tage","placement_note":"Nach Quellenbezug im Teilraum North York angenähert","accuracy":"Teilraumzuordnung; Feinposition vorläufig","source_map":"toronto-2080-content","source_panel":"North York","description_preview":"Renrakus private Atticus High School wird zum Schauplatz des Kampfes um einen ungeplünderten Brotlaster.","description_full":"Renrakus private Atticus High School wird zum Schauplatz des Kampfes um einen ungeplünderten Brotlaster. Die Position ist auf den belegten Stadt- oder Teilraum angenähert; eine hausgenaue Lage und eine weitergehende eigene Fließtextbeschreibung sind aus dem zugeordneten Datenmaterial nicht sicher ableitbar.","description_source":"30 Nächte und 3 Tage, Toronto und Die Nächte, S. 11-144","description_kind":"Ortsprofil","description_has_more":true,"detail_plans":[],"alternate_locations":[],"sources":[{"bookId":"30-nights-sr6","title":"30 Nächte und 3 Tage","edition":"SR6","citation":"30 Nächte und 3 Tage, Toronto und Die Nächte, S. 11-144","purpose":"description"}],"map_sources":[],"editions":["SR6"],"edition_descriptions":{"SR6":{"kind":"Ortsprofil","preview":"Renrakus private Atticus High School wird zum Schauplatz des Kampfes um einen ungeplünderten Brotlaster.","full":"Renrakus private Atticus High School wird zum Schauplatz des Kampfes um einen ungeplünderten Brotlaster. Die Position ist auf den belegten Stadt- oder Teilraum angenähert; eine hausgenaue Lage und eine weitergehende eigene Fließtextbeschreibung sind aus dem zugeordneten Datenmaterial nicht sicher ableitbar.","hasMore":true,"hasExcerpt":true,"sources":[{"bookId":"30-nights-sr6","title":"30 Nächte und 3 Tage","edition":"SR6","citation":"30 Nächte und 3 Tage, Toronto und Die Nächte, S. 11-144","purpose":"description"}]}}}},{"type":"Feature","geometry":{"type":"Point","coordinates":[-79.4542,43.7722]},"properties":{"id":63,"global_id":"toronto-2080:place:63-bathurst-manor","name":"Bathurst Manor","aliases":[],"category":"Stadtteile","detail_map":"North York","source_pages":"30 Nächte und 3 Tage, Toronto-Karte, Legende Nr. 24","map_source":"30 Nächte und 3 Tage","placement_note":"Erhaltener geographischer Bezugspunkt","accuracy":"Geographischer Bezugspunkt","source_map":"toronto-2080-content","source_panel":"North York","description_preview":"Bathurst Manor ist auf der offiziellen Übersichtskarte von 30 Nächte als wichtiger Torontoer Ort ausgewiesen.","description_full":"Bathurst Manor ist auf der offiziellen Übersichtskarte von 30 Nächte als wichtiger Torontoer Ort ausgewiesen. Die Position folgt einem erhaltenen heutigen Bezugspunkt.","description_source":"30 Nächte und 3 Tage, Toronto-Karte, Legende Nr. 24","description_kind":"Ortsprofil","description_has_more":true,"detail_plans":[],"alternate_locations":[],"sources":[{"bookId":"30-nights-sr6","title":"30 Nächte und 3 Tage","edition":"SR6","citation":"30 Nächte und 3 Tage, Toronto-Karte, Legende Nr. 24","purpose":"description"}],"map_sources":[],"editions":["SR6"],"edition_descriptions":{"SR6":{"kind":"Ortsprofil","preview":"Bathurst Manor ist auf der offiziellen Übersichtskarte von 30 Nächte als wichtiger Torontoer Ort ausgewiesen.","full":"Bathurst Manor ist auf der offiziellen Übersichtskarte von 30 Nächte als wichtiger Torontoer Ort ausgewiesen. Die Position folgt einem erhaltenen heutigen Bezugspunkt.","hasMore":true,"hasExcerpt":true,"sources":[{"bookId":"30-nights-sr6","title":"30 Nächte und 3 Tage","edition":"SR6","citation":"30 Nächte und 3 Tage, Toronto-Karte, Legende Nr. 24","purpose":"description"}]}}}},{"type":"Feature","geometry":{"type":"Point","coordinates":[-79.3962,43.6285]},"properties":{"id":25,"global_id":"toronto-2080:place:25-billy-bishop-airport-international","name":"Billy Bishop Airport International","aliases":[],"category":"Verkehr","detail_map":"Toronto Islands","source_pages":"Toronto Poster 2080, Legende Nr. 19","map_source":"Toronto Poster 2080","placement_note":"Erhaltener geographischer Bezugspunkt","accuracy":"Geographischer Bezugspunkt","source_map":"toronto-2080-content","source_panel":"Toronto Islands","description_preview":"Billy Bishop Airport verbindet die Toronto Islands über Fähre und Tunnel mit Downtown.","description_full":"Billy Bishop Airport verbindet die Toronto Islands über Fähre und Tunnel mit Downtown. Die Position folgt einem erhaltenen heutigen Bezugspunkt.","description_source":"Toronto Poster 2080, Legende Nr. 19","description_kind":"Ortsprofil","description_has_more":true,"detail_plans":[],"alternate_locations":[],"sources":[{"bookId":"toronto-poster-sr6","title":"Toronto Poster 2080","edition":"SR6","citation":"Toronto Poster 2080, Legende Nr. 19","purpose":"description"},{"bookId":"30-nights-sr6","title":"30 Nächte und 3 Tage","edition":"SR6","citation":"30 Nächte und 3 Tage, Toronto-Karte, Legende Nr. 11","purpose":"description"}],"map_sources":[],"editions":["SR6"],"edition_descriptions":{"SR6":{"kind":"Ortsprofil","preview":"Billy Bishop Airport International ist auf der offiziellen Übersichtskarte von 30 Nächte als wichtiger Torontoer Ort ausgewiesen.","full":"Billy Bishop Airport International ist auf der offiziellen Übersichtskarte von 30 Nächte als wichtiger Torontoer Ort ausgewiesen. Die Position folgt einem erhaltenen heutigen Bezugspunkt.","hasMore":true,"hasExcerpt":true,"sources":[{"bookId":"toronto-poster-sr6","title":"Toronto Poster 2080","edition":"SR6","citation":"Toronto Poster 2080, Legende Nr. 19","purpose":"description"},{"bookId":"30-nights-sr6","title":"30 Nächte und 3 Tage","edition":"SR6","citation":"30 Nächte und 3 Tage, Toronto-Karte, Legende Nr. 11","purpose":"description"}]}},"map_number_sr6":19}},{"type":"Feature","geometry":{"type":"Point","coordinates":[-79.516,43.773]},"properties":{"id":26,"global_id":"toronto-2080:place:26-black-creek-pioneer-village","name":"Black Creek Pioneer Village","aliases":[],"category":"Bildung und Kultur","detail_map":"North York","source_pages":"Toronto Poster 2080, Legende Nr. 20","map_source":"Toronto Poster 2080","placement_note":"Erhaltener geographischer Bezugspunkt","accuracy":"Geographischer Bezugspunkt","source_map":"toronto-2080-content","source_panel":"North York","description_preview":"Das Freilichtmuseum nahe York University eignet sich während des Blackouts als Zuflucht und Operationsbasis.","description_full":"Das Freilichtmuseum nahe York University eignet sich während des Blackouts als Zuflucht und Operationsbasis. Die Position folgt einem erhaltenen heutigen Bezugspunkt.","description_source":"Toronto Poster 2080, Legende Nr. 20","description_kind":"Ortsprofil","description_has_more":true,"detail_plans":[],"alternate_locations":[],"sources":[{"bookId":"toronto-poster-sr6","title":"Toronto Poster 2080","edition":"SR6","citation":"Toronto Poster 2080, Legende Nr. 20","purpose":"description"}],"map_sources":[],"editions":["SR6"],"edition_descriptions":{"SR6":{"kind":"Ortsprofil","preview":"Das Freilichtmuseum nahe York University eignet sich während des Blackouts als Zuflucht und Operationsbasis.","full":"Das Freilichtmuseum nahe York University eignet sich während des Blackouts als Zuflucht und Operationsbasis. Die Position folgt einem erhaltenen heutigen Bezugspunkt.","hasMore":true,"hasExcerpt":true,"sources":[{"bookId":"toronto-poster-sr6","title":"Toronto Poster 2080","edition":"SR6","citation":"Toronto Poster 2080, Legende Nr. 20","purpose":"description"}]}},"map_number_sr6":20}},{"type":"Feature","geometry":{"type":"Point","coordinates":[-79.538482,43.660283]},"properties":{"id":87,"global_id":"toronto-2080:place:87-bloodrippers-lagerhaus","name":"Bloodrippers-Lagerhaus","aliases":[],"category":"Gangs","detail_map":"Etobicoke","source_pages":"30 Nächte und 3 Tage, Toronto und Die Nächte, S. 11-144","map_source":"30 Nächte und 3 Tage","placement_note":"Nach Quellenbezug im Teilraum Etobicoke angenähert","accuracy":"Teilraumzuordnung; Feinposition vorläufig","source_map":"toronto-2080-content","source_panel":"Etobicoke","description_preview":"Ein Lagerhaus dient den Bloodrippers als befestigte Operationsbasis.","description_full":"Ein Lagerhaus dient den Bloodrippers als befestigte Operationsbasis. Die Position ist auf den belegten Stadt- oder Teilraum angenähert; eine hausgenaue Lage und eine weitergehende eigene Fließtextbeschreibung sind aus dem zugeordneten Datenmaterial nicht sicher ableitbar.","description_source":"30 Nächte und 3 Tage, Toronto und Die Nächte, S. 11-144","description_kind":"Ortsprofil","description_has_more":true,"detail_plans":[],"alternate_locations":[],"sources":[{"bookId":"30-nights-sr6","title":"30 Nächte und 3 Tage","edition":"SR6","citation":"30 Nächte und 3 Tage, Toronto und Die Nächte, S. 11-144","purpose":"description"}],"map_sources":[],"editions":["SR6"],"edition_descriptions":{"SR6":{"kind":"Ortsprofil","preview":"Ein Lagerhaus dient den Bloodrippers als befestigte Operationsbasis.","full":"Ein Lagerhaus dient den Bloodrippers als befestigte Operationsbasis. Die Position ist auf den belegten Stadt- oder Teilraum angenähert; eine hausgenaue Lage und eine weitergehende eigene Fließtextbeschreibung sind aus dem zugeordneten Datenmaterial nicht sicher ableitbar.","hasMore":true,"hasExcerpt":true,"sources":[{"bookId":"30-nights-sr6","title":"30 Nächte und 3 Tage","edition":"SR6","citation":"30 Nächte und 3 Tage, Toronto und Die Nächte, S. 11-144","purpose":"description"}]}}}},{"type":"Feature","geometry":{"type":"Point","coordinates":[-79.483,43.65]},"properties":{"id":9,"global_id":"toronto-2080:place:9-bloor-west","name":"Bloor West","aliases":[],"category":"Stadtteile","detail_map":"West End","source_pages":"Toronto Poster 2080, Legende Nr. 1","map_source":"Toronto Poster 2080","placement_note":"Erhaltener geographischer Bezugspunkt","accuracy":"Geographischer Bezugspunkt","source_map":"toronto-2080-content","source_panel":"West End","description_preview":"Bloor West ist ein erschwinglicheres West-End-Viertel für Menschen, die um sozialen Aufstieg oder gegen den Abstieg kämpfen.","description_full":"Bloor West ist ein erschwinglicheres West-End-Viertel für Menschen, die um sozialen Aufstieg oder gegen den Abstieg kämpfen. Die Position folgt einem erhaltenen heutigen Bezugspunkt.","description_source":"Toronto Poster 2080, Legende Nr. 1","description_kind":"Ortsprofil","description_has_more":true,"detail_plans":[],"alternate_locations":[],"sources":[{"bookId":"toronto-poster-sr6","title":"Toronto Poster 2080","edition":"SR6","citation":"Toronto Poster 2080, Legende Nr. 1","purpose":"description"},{"bookId":"30-nights-sr6","title":"30 Nächte und 3 Tage","edition":"SR6","citation":"30 Nächte und 3 Tage, Toronto-Karte, Legende Nr. 16","purpose":"description"}],"map_sources":[],"editions":["SR6"],"edition_descriptions":{"SR6":{"kind":"Ortsprofil","preview":"Bloor West ist auf der offiziellen Übersichtskarte von 30 Nächte als wichtiger Torontoer Ort ausgewiesen.","full":"Bloor West ist auf der offiziellen Übersichtskarte von 30 Nächte als wichtiger Torontoer Ort ausgewiesen. Die Position folgt einem erhaltenen heutigen Bezugspunkt.","hasMore":true,"hasExcerpt":true,"sources":[{"bookId":"toronto-poster-sr6","title":"Toronto Poster 2080","edition":"SR6","citation":"Toronto Poster 2080, Legende Nr. 1","purpose":"description"},{"bookId":"30-nights-sr6","title":"30 Nächte und 3 Tage","edition":"SR6","citation":"30 Nächte und 3 Tage, Toronto-Karte, Legende Nr. 16","purpose":"description"}]}},"map_number_sr6":1}},{"type":"Feature","geometry":{"type":"Point","coordinates":[-79.411,43.665]},"properties":{"id":27,"global_id":"toronto-2080:place:27-brass-rail","name":"Brass Rail","aliases":[],"category":"Bars und Clubs","detail_map":"Downtown/Alt-Toronto","source_pages":"Toronto Poster 2080, Legende Nr. 21","map_source":"Toronto Poster 2080","placement_note":"Erhaltener geographischer Bezugspunkt","accuracy":"Geographischer Bezugspunkt","source_map":"toronto-2080-content","source_panel":"Downtown/Alt-Toronto","description_preview":"Das Brass Rail ist Bunrakusalon, Unterwelttreff und ein verlässlicher Ort für Drogen- und Schattenkontakte.","description_full":"Das Brass Rail ist Bunrakusalon, Unterwelttreff und ein verlässlicher Ort für Drogen- und Schattenkontakte. Die Position folgt einem erhaltenen heutigen Bezugspunkt.","description_source":"Toronto Poster 2080, Legende Nr. 21","description_kind":"Ortsprofil","description_has_more":true,"detail_plans":[],"alternate_locations":[],"sources":[{"bookId":"toronto-poster-sr6","title":"Toronto Poster 2080","edition":"SR6","citation":"Toronto Poster 2080, Legende Nr. 21","purpose":"description"}],"map_sources":[],"editions":["SR6"],"edition_descriptions":{"SR6":{"kind":"Ortsprofil","preview":"Das Brass Rail ist Bunrakusalon, Unterwelttreff und ein verlässlicher Ort für Drogen- und Schattenkontakte.","full":"Das Brass Rail ist Bunrakusalon, Unterwelttreff und ein verlässlicher Ort für Drogen- und Schattenkontakte. Die Position folgt einem erhaltenen heutigen Bezugspunkt.","hasMore":true,"hasExcerpt":true,"sources":[{"bookId":"toronto-poster-sr6","title":"Toronto Poster 2080","edition":"SR6","citation":"Toronto Poster 2080, Legende Nr. 21","purpose":"description"}]}},"map_number_sr6":21}},{"type":"Feature","geometry":{"type":"Point","coordinates":[-79.367,43.6677]},"properties":{"id":10,"global_id":"toronto-2080:place:10-cabbagetown","name":"Cabbagetown","aliases":[],"category":"Stadtteile","detail_map":"Downtown/Alt-Toronto","source_pages":"Toronto Poster 2080, Legende Nr. 2","map_source":"Toronto Poster 2080","placement_note":"Erhaltener geographischer Bezugspunkt","accuracy":"Geographischer Bezugspunkt","source_map":"toronto-2080-content","source_panel":"Downtown/Alt-Toronto","description_preview":"Cabbagetown mischt Wohlhabende, SINlose, Kunstszene und Hochstapler auf ungewöhnlich engem Raum.","description_full":"Cabbagetown mischt Wohlhabende, SINlose, Kunstszene und Hochstapler auf ungewöhnlich engem Raum. Die Position folgt einem erhaltenen heutigen Bezugspunkt.","description_source":"Toronto Poster 2080, Legende Nr. 2","description_kind":"Ortsprofil","description_has_more":true,"detail_plans":[],"alternate_locations":[],"sources":[{"bookId":"toronto-poster-sr6","title":"Toronto Poster 2080","edition":"SR6","citation":"Toronto Poster 2080, Legende Nr. 2","purpose":"description"},{"bookId":"30-nights-sr6","title":"30 Nächte und 3 Tage","edition":"SR6","citation":"30 Nächte und 3 Tage, Toronto-Karte, Legende Nr. 2","purpose":"description"}],"map_sources":[],"editions":["SR6"],"edition_descriptions":{"SR6":{"kind":"Ortsprofil","preview":"Cabbagetown ist auf der offiziellen Übersichtskarte von 30 Nächte als wichtiger Torontoer Ort ausgewiesen.","full":"Cabbagetown ist auf der offiziellen Übersichtskarte von 30 Nächte als wichtiger Torontoer Ort ausgewiesen. Die Position folgt einem erhaltenen heutigen Bezugspunkt.","hasMore":true,"hasExcerpt":true,"sources":[{"bookId":"toronto-poster-sr6","title":"Toronto Poster 2080","edition":"SR6","citation":"Toronto Poster 2080, Legende Nr. 2","purpose":"description"},{"bookId":"30-nights-sr6","title":"30 Nächte und 3 Tage","edition":"SR6","citation":"30 Nächte und 3 Tage, Toronto-Karte, Legende Nr. 2","purpose":"description"}]}},"map_number_sr6":2}},{"type":"Feature","geometry":{"type":"Point","coordinates":[-79.3957,43.6629]},"properties":{"id":28,"global_id":"toronto-2080:place:28-campus-der-university-of-toronto","name":"Campus der University of Toronto","aliases":[],"category":"Bildung und Kultur","detail_map":"University of Toronto","source_pages":"Toronto Poster 2080, Legende Nr. 22","map_source":"Toronto Poster 2080","placement_note":"Erhaltener geographischer Bezugspunkt","accuracy":"Geographischer Bezugspunkt","source_map":"toronto-2080-content","source_panel":"University of Toronto","description_preview":"Die University of Toronto ist Eliteuniversität, medizinisches Zentrum und Schwerpunkt der metaplanaren Forschung.","description_full":"Die University of Toronto ist Eliteuniversität, medizinisches Zentrum und Schwerpunkt der metaplanaren Forschung. Die Position folgt einem erhaltenen heutigen Bezugspunkt.","description_source":"Toronto Poster 2080, Legende Nr. 22","description_kind":"Ortsprofil","description_has_more":true,"detail_plans":[],"alternate_locations":[],"sources":[{"bookId":"toronto-poster-sr6","title":"Toronto Poster 2080","edition":"SR6","citation":"Toronto Poster 2080, Legende Nr. 22","purpose":"description"}],"map_sources":[],"editions":["SR6"],"edition_descriptions":{"SR6":{"kind":"Ortsprofil","preview":"Die University of Toronto ist Eliteuniversität, medizinisches Zentrum und Schwerpunkt der metaplanaren Forschung.","full":"Die University of Toronto ist Eliteuniversität, medizinisches Zentrum und Schwerpunkt der metaplanaren Forschung. Die Position folgt einem erhaltenen heutigen Bezugspunkt.","hasMore":true,"hasExcerpt":true,"sources":[{"bookId":"toronto-poster-sr6","title":"Toronto Poster 2080","edition":"SR6","citation":"Toronto Poster 2080, Legende Nr. 22","purpose":"description"}]}},"map_number_sr6":22}},{"type":"Feature","geometry":{"type":"Point","coordinates":[-79.391822,43.658733]},"properties":{"id":102,"global_id":"toronto-2080:place:102-carrying-place-leylinie","name":"Carrying-Place-Leylinie","aliases":[],"category":"Magie und Religion","detail_map":"Toronto","source_pages":"30 Nächte und 3 Tage, Toronto und Die Nächte, S. 11-144","map_source":"30 Nächte und 3 Tage","placement_note":"Nach Quellenbezug im Teilraum Toronto angenähert","accuracy":"Teilraumzuordnung; Feinposition vorläufig","source_map":"toronto-2080-content","source_panel":"Toronto","description_preview":"Die alte Route zwischen Ontario- und Simcoe-See folgt einer starken schamanischen Leylinie durch den Sprawl.","description_full":"Die alte Route zwischen Ontario- und Simcoe-See folgt einer starken schamanischen Leylinie durch den Sprawl. Die Position ist auf den belegten Stadt- oder Teilraum angenähert; eine hausgenaue Lage und eine weitergehende eigene Fließtextbeschreibung sind aus dem zugeordneten Datenmaterial nicht sicher ableitbar.","description_source":"30 Nächte und 3 Tage, Toronto und Die Nächte, S. 11-144","description_kind":"Ortsprofil","description_has_more":true,"detail_plans":[],"alternate_locations":[],"sources":[{"bookId":"30-nights-sr6","title":"30 Nächte und 3 Tage","edition":"SR6","citation":"30 Nächte und 3 Tage, Toronto und Die Nächte, S. 11-144","purpose":"description"}],"map_sources":[],"editions":["SR6"],"edition_descriptions":{"SR6":{"kind":"Ortsprofil","preview":"Die alte Route zwischen Ontario- und Simcoe-See folgt einer starken schamanischen Leylinie durch den Sprawl.","full":"Die alte Route zwischen Ontario- und Simcoe-See folgt einer starken schamanischen Leylinie durch den Sprawl. Die Position ist auf den belegten Stadt- oder Teilraum angenähert; eine hausgenaue Lage und eine weitergehende eigene Fließtextbeschreibung sind aus dem zugeordneten Datenmaterial nicht sicher ableitbar.","hasMore":true,"hasExcerpt":true,"sources":[{"bookId":"30-nights-sr6","title":"30 Nächte und 3 Tage","edition":"SR6","citation":"30 Nächte und 3 Tage, Toronto und Die Nächte, S. 11-144","purpose":"description"}]}}}},{"type":"Feature","geometry":{"type":"Point","coordinates":[-79.4094,43.678]},"properties":{"id":29,"global_id":"toronto-2080:place:29-casa-loma-museum","name":"Casa Loma (Museum)","aliases":[],"category":"Bildung und Kultur","detail_map":"Uptown","source_pages":"Toronto Poster 2080, Legende Nr. 23","map_source":"Toronto Poster 2080","placement_note":"Erhaltener geographischer Bezugspunkt","accuracy":"Geographischer Bezugspunkt","source_map":"toronto-2080-content","source_panel":"Uptown","description_preview":"Casa Loma ist Museum, gesellschaftlicher Treffpunkt der Elite und während des Blackouts ein besonders gesicherter magischer Ort.","description_full":"Casa Loma ist Museum, gesellschaftlicher Treffpunkt der Elite und während des Blackouts ein besonders gesicherter magischer Ort. Die Position folgt einem erhaltenen heutigen Bezugspunkt.","description_source":"Toronto Poster 2080, Legende Nr. 23","description_kind":"Ortsprofil","description_has_more":true,"detail_plans":[],"alternate_locations":[],"sources":[{"bookId":"toronto-poster-sr6","title":"Toronto Poster 2080","edition":"SR6","citation":"Toronto Poster 2080, Legende Nr. 23","purpose":"description"},{"bookId":"30-nights-sr6","title":"30 Nächte und 3 Tage","edition":"SR6","citation":"30 Nächte und 3 Tage, Toronto-Karte, Legende Nr. 5","purpose":"description"}],"map_sources":[],"editions":["SR6"],"edition_descriptions":{"SR6":{"kind":"Ortsprofil","preview":"Casa Loma (Museum) ist auf der offiziellen Übersichtskarte von 30 Nächte als wichtiger Torontoer Ort ausgewiesen.","full":"Casa Loma (Museum) ist auf der offiziellen Übersichtskarte von 30 Nächte als wichtiger Torontoer Ort ausgewiesen. Die Position folgt einem erhaltenen heutigen Bezugspunkt.","hasMore":true,"hasExcerpt":true,"sources":[{"bookId":"toronto-poster-sr6","title":"Toronto Poster 2080","edition":"SR6","citation":"Toronto Poster 2080, Legende Nr. 23","purpose":"description"},{"bookId":"30-nights-sr6","title":"30 Nächte und 3 Tage","edition":"SR6","citation":"30 Nächte und 3 Tage, Toronto-Karte, Legende Nr. 5","purpose":"description"}]}},"map_number_sr6":23}},{"type":"Feature","geometry":{"type":"Point","coordinates":[-79.41,43.6838]},"properties":{"id":11,"global_id":"toronto-2080:place:11-casa-loma-viertel","name":"Casa Loma (Viertel)","aliases":[],"category":"Stadtteile","detail_map":"Uptown","source_pages":"Toronto Poster 2080, Legende Nr. 3","map_source":"Toronto Poster 2080","placement_note":"Erhaltener geographischer Bezugspunkt","accuracy":"Geographischer Bezugspunkt","source_map":"toronto-2080-content","source_panel":"Uptown","description_preview":"Das Viertel Casa Loma ist eine abgeschirmte Wohlstandszone der Konzernelite rund um das historische Schloss.","description_full":"Das Viertel Casa Loma ist eine abgeschirmte Wohlstandszone der Konzernelite rund um das historische Schloss. Die Position folgt einem erhaltenen heutigen Bezugspunkt.","description_source":"Toronto Poster 2080, Legende Nr. 3","description_kind":"Ortsprofil","description_has_more":true,"detail_plans":[],"alternate_locations":[],"sources":[{"bookId":"toronto-poster-sr6","title":"Toronto Poster 2080","edition":"SR6","citation":"Toronto Poster 2080, Legende Nr. 3","purpose":"description"}],"map_sources":[],"editions":["SR6"],"edition_descriptions":{"SR6":{"kind":"Ortsprofil","preview":"Das Viertel Casa Loma ist eine abgeschirmte Wohlstandszone der Konzernelite rund um das historische Schloss.","full":"Das Viertel Casa Loma ist eine abgeschirmte Wohlstandszone der Konzernelite rund um das historische Schloss. Die Position folgt einem erhaltenen heutigen Bezugspunkt.","hasMore":true,"hasExcerpt":true,"sources":[{"bookId":"toronto-poster-sr6","title":"Toronto Poster 2080","edition":"SR6","citation":"Toronto Poster 2080, Legende Nr. 3","purpose":"description"}]}},"map_number_sr6":3}},{"type":"Feature","geometry":{"type":"Point","coordinates":[-79.371,43.6205]},"properties":{"id":73,"global_id":"toronto-2080:place:73-centreville-freizeitpark","name":"Centreville-Freizeitpark","aliases":[],"category":"Freizeit und Natur","detail_map":"Toronto Islands","source_pages":"30 Nächte und 3 Tage, Toronto und Die Nächte, S. 11-144","map_source":"30 Nächte und 3 Tage","placement_note":"Erhaltener geographischer Bezugspunkt","accuracy":"Geographischer Bezugspunkt","source_map":"toronto-2080-content","source_panel":"Toronto Islands","description_preview":"Centreville ist ein dauerhafter AR-Jahrmarkt und Zentrum des Freizeitbezirks auf den Inseln.","description_full":"Centreville ist ein dauerhafter AR-Jahrmarkt und Zentrum des Freizeitbezirks auf den Inseln. Die Position folgt einem erhaltenen heutigen Bezugspunkt.","description_source":"30 Nächte und 3 Tage, Toronto und Die Nächte, S. 11-144","description_kind":"Ortsprofil","description_has_more":true,"detail_plans":[],"alternate_locations":[],"sources":[{"bookId":"30-nights-sr6","title":"30 Nächte und 3 Tage","edition":"SR6","citation":"30 Nächte und 3 Tage, Toronto und Die Nächte, S. 11-144","purpose":"description"}],"map_sources":[],"editions":["SR6"],"edition_descriptions":{"SR6":{"kind":"Ortsprofil","preview":"Centreville ist ein dauerhafter AR-Jahrmarkt und Zentrum des Freizeitbezirks auf den Inseln.","full":"Centreville ist ein dauerhafter AR-Jahrmarkt und Zentrum des Freizeitbezirks auf den Inseln. Die Position folgt einem erhaltenen heutigen Bezugspunkt.","hasMore":true,"hasExcerpt":true,"sources":[{"bookId":"30-nights-sr6","title":"30 Nächte und 3 Tage","edition":"SR6","citation":"30 Nächte und 3 Tage, Toronto und Die Nächte, S. 11-144","purpose":"description"}]}}}},{"type":"Feature","geometry":{"type":"Point","coordinates":[-79.398,43.653]},"properties":{"id":53,"global_id":"toronto-2080:place:53-chinatown","name":"Chinatown","aliases":[],"category":"Stadtteile","detail_map":"Downtown/Alt-Toronto","source_pages":"30 Nächte und 3 Tage, Toronto-Karte, Legende Nr. 4","map_source":"30 Nächte und 3 Tage","placement_note":"Erhaltener geographischer Bezugspunkt","accuracy":"Geographischer Bezugspunkt","source_map":"toronto-2080-content","source_panel":"Downtown/Alt-Toronto","description_preview":"Chinatown ist auf der offiziellen Übersichtskarte von 30 Nächte als wichtiger Torontoer Ort ausgewiesen.","description_full":"Chinatown ist auf der offiziellen Übersichtskarte von 30 Nächte als wichtiger Torontoer Ort ausgewiesen. Die Position folgt einem erhaltenen heutigen Bezugspunkt.","description_source":"30 Nächte und 3 Tage, Toronto-Karte, Legende Nr. 4","description_kind":"Ortsprofil","description_has_more":true,"detail_plans":[],"alternate_locations":[],"sources":[{"bookId":"30-nights-sr6","title":"30 Nächte und 3 Tage","edition":"SR6","citation":"30 Nächte und 3 Tage, Toronto-Karte, Legende Nr. 4","purpose":"description"}],"map_sources":[],"editions":["SR6"],"edition_descriptions":{"SR6":{"kind":"Ortsprofil","preview":"Chinatown ist auf der offiziellen Übersichtskarte von 30 Nächte als wichtiger Torontoer Ort ausgewiesen.","full":"Chinatown ist auf der offiziellen Übersichtskarte von 30 Nächte als wichtiger Torontoer Ort ausgewiesen. Die Position folgt einem erhaltenen heutigen Bezugspunkt.","hasMore":true,"hasExcerpt":true,"sources":[{"bookId":"30-nights-sr6","title":"30 Nächte und 3 Tage","edition":"SR6","citation":"30 Nächte und 3 Tage, Toronto-Karte, Legende Nr. 4","purpose":"description"}]}}}},{"type":"Feature","geometry":{"type":"Point","coordinates":[-79.38,43.6562]},"properties":{"id":84,"global_id":"toronto-2080:place:84-citytv-am-dundas-square","name":"CityTV am Dundas Square","aliases":[],"category":"Konzerne","detail_map":"Downtown/Alt-Toronto","source_pages":"30 Nächte und 3 Tage, Toronto und Die Nächte, S. 11-144","map_source":"30 Nächte und 3 Tage","placement_note":"Erhaltener geographischer Bezugspunkt","accuracy":"Geographischer Bezugspunkt","source_map":"toronto-2080-content","source_panel":"Downtown/Alt-Toronto","description_preview":"Der Medienstandort am Dundas Square ist ein beobachteter Schauplatz während des Blackouts.","description_full":"Der Medienstandort am Dundas Square ist ein beobachteter Schauplatz während des Blackouts. Die Position folgt einem erhaltenen heutigen Bezugspunkt.","description_source":"30 Nächte und 3 Tage, Toronto und Die Nächte, S. 11-144","description_kind":"Ortsprofil","description_has_more":true,"detail_plans":[],"alternate_locations":[],"sources":[{"bookId":"30-nights-sr6","title":"30 Nächte und 3 Tage","edition":"SR6","citation":"30 Nächte und 3 Tage, Toronto und Die Nächte, S. 11-144","purpose":"description"}],"map_sources":[],"editions":["SR6"],"edition_descriptions":{"SR6":{"kind":"Ortsprofil","preview":"Der Medienstandort am Dundas Square ist ein beobachteter Schauplatz während des Blackouts.","full":"Der Medienstandort am Dundas Square ist ein beobachteter Schauplatz während des Blackouts. Die Position folgt einem erhaltenen heutigen Bezugspunkt.","hasMore":true,"hasExcerpt":true,"sources":[{"bookId":"30-nights-sr6","title":"30 Nächte und 3 Tage","edition":"SR6","citation":"30 Nächte und 3 Tage, Toronto und Die Nächte, S. 11-144","purpose":"description"}]}}}},{"type":"Feature","geometry":{"type":"Point","coordinates":[-79.3677,43.644725]},"properties":{"id":115,"global_id":"toronto-2080:place:115-cmc-verteilzentrum","name":"CMC-Verteilzentrum","aliases":[],"category":"Konzerne","detail_map":"Harbourfront","source_pages":"30 Nächte und 3 Tage, Nacht 1-30, S. 25-144","map_source":"30 Nächte und 3 Tage","placement_note":"Nach Quellenbezug im Teilraum Harbourfront angenähert","accuracy":"Teilraumzuordnung; Feinposition vorläufig","source_map":"toronto-2080-content","source_panel":"Harbourfront","description_preview":"Das eingezäunte Verteilzentrum der Crystal Maize Cooperative umfasst Büro, Hochregallager und eigene magische Sicherung.","description_full":"Das eingezäunte Verteilzentrum der Crystal Maize Cooperative umfasst Büro, Hochregallager und eigene magische Sicherung. Die Position ist auf den belegten Stadt- oder Teilraum angenähert; eine hausgenaue Lage und eine weitergehende eigene Fließtextbeschreibung sind aus dem zugeordneten Datenmaterial nicht sicher ableitbar.","description_source":"30 Nächte und 3 Tage, Nacht 1-30, S. 25-144","description_kind":"Ortsprofil","description_has_more":true,"detail_plans":[],"alternate_locations":[],"sources":[{"bookId":"30-nights-sr6","title":"30 Nächte und 3 Tage","edition":"SR6","citation":"30 Nächte und 3 Tage, Nacht 1-30, S. 25-144","purpose":"description"}],"map_sources":[],"editions":["SR6"],"edition_descriptions":{"SR6":{"kind":"Ortsprofil","preview":"Das eingezäunte Verteilzentrum der Crystal Maize Cooperative umfasst Büro, Hochregallager und eigene magische Sicherung.","full":"Das eingezäunte Verteilzentrum der Crystal Maize Cooperative umfasst Büro, Hochregallager und eigene magische Sicherung. Die Position ist auf den belegten Stadt- oder Teilraum angenähert; eine hausgenaue Lage und eine weitergehende eigene Fließtextbeschreibung sind aus dem zugeordneten Datenmaterial nicht sicher ableitbar.","hasMore":true,"hasExcerpt":true,"sources":[{"bookId":"30-nights-sr6","title":"30 Nächte und 3 Tage","edition":"SR6","citation":"30 Nächte und 3 Tage, Nacht 1-30, S. 25-144","purpose":"description"}]}}}},{"type":"Feature","geometry":{"type":"Point","coordinates":[-79.3871,43.6426]},"properties":{"id":51,"global_id":"toronto-2080:place:51-cn-tower","name":"CN Tower","aliases":[],"category":"Sonstige Spots","detail_map":"Downtown/Alt-Toronto","source_pages":"30 Nächte und 3 Tage, Toronto-Karte, Legende Nr. 1","map_source":"30 Nächte und 3 Tage","placement_note":"Erhaltener geographischer Bezugspunkt","accuracy":"Geographischer Bezugspunkt","source_map":"toronto-2080-content","source_panel":"Downtown/Alt-Toronto","description_preview":"CN Tower ist auf der offiziellen Übersichtskarte von 30 Nächte als wichtiger Torontoer Ort ausgewiesen.","description_full":"CN Tower ist auf der offiziellen Übersichtskarte von 30 Nächte als wichtiger Torontoer Ort ausgewiesen. Die Position folgt einem erhaltenen heutigen Bezugspunkt.","description_source":"30 Nächte und 3 Tage, Toronto-Karte, Legende Nr. 1","description_kind":"Ortsprofil","description_has_more":true,"detail_plans":[],"alternate_locations":[],"sources":[{"bookId":"30-nights-sr6","title":"30 Nächte und 3 Tage","edition":"SR6","citation":"30 Nächte und 3 Tage, Toronto-Karte, Legende Nr. 1","purpose":"description"}],"map_sources":[],"editions":["SR6"],"edition_descriptions":{"SR6":{"kind":"Ortsprofil","preview":"CN Tower ist auf der offiziellen Übersichtskarte von 30 Nächte als wichtiger Torontoer Ort ausgewiesen.","full":"CN Tower ist auf der offiziellen Übersichtskarte von 30 Nächte als wichtiger Torontoer Ort ausgewiesen. Die Position folgt einem erhaltenen heutigen Bezugspunkt.","hasMore":true,"hasExcerpt":true,"sources":[{"bookId":"30-nights-sr6","title":"30 Nächte und 3 Tage","edition":"SR6","citation":"30 Nächte und 3 Tage, Toronto-Karte, Legende Nr. 1","purpose":"description"}]}}}},{"type":"Feature","geometry":{"type":"Point","coordinates":[-79.535043,43.655732]},"properties":{"id":130,"global_id":"toronto-2080:place:130-cross-international-container-yards","name":"Cross International Container Yards","aliases":[],"category":"Konzerne","detail_map":"Etobicoke","source_pages":"30 Nächte und 3 Tage, Nacht 1-30, S. 25-144","map_source":"30 Nächte und 3 Tage","placement_note":"Nach Quellenbezug im Teilraum Etobicoke angenähert","accuracy":"Teilraumzuordnung; Feinposition vorläufig","source_map":"toronto-2080-content","source_panel":"Etobicoke","description_preview":"Der Container- und Verwertungshof lagert nicht abgeholte oder beschlagnahmte Fracht und wird zum Ziel einer Extraktion.","description_full":"Der Container- und Verwertungshof lagert nicht abgeholte oder beschlagnahmte Fracht und wird zum Ziel einer Extraktion. Die Position ist auf den belegten Stadt- oder Teilraum angenähert; eine hausgenaue Lage und eine weitergehende eigene Fließtextbeschreibung sind aus dem zugeordneten Datenmaterial nicht sicher ableitbar.","description_source":"30 Nächte und 3 Tage, Nacht 1-30, S. 25-144","description_kind":"Ortsprofil","description_has_more":true,"detail_plans":[],"alternate_locations":[],"sources":[{"bookId":"30-nights-sr6","title":"30 Nächte und 3 Tage","edition":"SR6","citation":"30 Nächte und 3 Tage, Nacht 1-30, S. 25-144","purpose":"description"}],"map_sources":[],"editions":["SR6"],"edition_descriptions":{"SR6":{"kind":"Ortsprofil","preview":"Der Container- und Verwertungshof lagert nicht abgeholte oder beschlagnahmte Fracht und wird zum Ziel einer Extraktion.","full":"Der Container- und Verwertungshof lagert nicht abgeholte oder beschlagnahmte Fracht und wird zum Ziel einer Extraktion. Die Position ist auf den belegten Stadt- oder Teilraum angenähert; eine hausgenaue Lage und eine weitergehende eigene Fließtextbeschreibung sind aus dem zugeordneten Datenmaterial nicht sicher ableitbar.","hasMore":true,"hasExcerpt":true,"sources":[{"bookId":"30-nights-sr6","title":"30 Nächte und 3 Tage","edition":"SR6","citation":"30 Nächte und 3 Tage, Nacht 1-30, S. 25-144","purpose":"description"}]}}}},{"type":"Feature","geometry":{"type":"Point","coordinates":[-79.355,43.698]},"properties":{"id":98,"global_id":"toronto-2080:place:98-crothers-woods","name":"Crothers Woods","aliases":[],"category":"Freizeit und Natur","detail_map":"East York","source_pages":"30 Nächte und 3 Tage, Toronto und Die Nächte, S. 11-144","map_source":"30 Nächte und 3 Tage","placement_note":"Erhaltener geographischer Bezugspunkt","accuracy":"Geographischer Bezugspunkt","source_map":"toronto-2080-content","source_panel":"East York","description_preview":"In Crothers Woods wird eine Manifestation Kojotes durch die Schwarze Loge gefangen gehalten.","description_full":"In Crothers Woods wird eine Manifestation Kojotes durch die Schwarze Loge gefangen gehalten. Die Position folgt einem erhaltenen heutigen Bezugspunkt.","description_source":"30 Nächte und 3 Tage, Toronto und Die Nächte, S. 11-144","description_kind":"Ortsprofil","description_has_more":true,"detail_plans":[],"alternate_locations":[],"sources":[{"bookId":"30-nights-sr6","title":"30 Nächte und 3 Tage","edition":"SR6","citation":"30 Nächte und 3 Tage, Toronto und Die Nächte, S. 11-144","purpose":"description"}],"map_sources":[],"editions":["SR6"],"edition_descriptions":{"SR6":{"kind":"Ortsprofil","preview":"In Crothers Woods wird eine Manifestation Kojotes durch die Schwarze Loge gefangen gehalten.","full":"In Crothers Woods wird eine Manifestation Kojotes durch die Schwarze Loge gefangen gehalten. Die Position folgt einem erhaltenen heutigen Bezugspunkt.","hasMore":true,"hasExcerpt":true,"sources":[{"bookId":"30-nights-sr6","title":"30 Nächte und 3 Tage","edition":"SR6","citation":"30 Nächte und 3 Tage, Toronto und Die Nächte, S. 11-144","purpose":"description"}]}}}},{"type":"Feature","geometry":{"type":"Point","coordinates":[-79.39081,43.648491]},"properties":{"id":123,"global_id":"toronto-2080:place:123-die-grube","name":"Die Grube","aliases":[],"category":"Gangs","detail_map":"Downtown/Alt-Toronto","source_pages":"30 Nächte und 3 Tage, Nacht 1-30, S. 25-144","map_source":"30 Nächte und 3 Tage","placement_note":"Nach Quellenbezug im Teilraum Downtown/Alt-Toronto angenähert","accuracy":"Teilraumzuordnung; Feinposition vorläufig","source_map":"toronto-2080-content","source_panel":"Downtown/Alt-Toronto","description_preview":"Ein verlassenes Loft in Old Yonge dient mit Billigung der Mafia als Hundekampfarena.","description_full":"Ein verlassenes Loft in Old Yonge dient mit Billigung der Mafia als Hundekampfarena. Die Position ist auf den belegten Stadt- oder Teilraum angenähert; eine hausgenaue Lage und eine weitergehende eigene Fließtextbeschreibung sind aus dem zugeordneten Datenmaterial nicht sicher ableitbar.","description_source":"30 Nächte und 3 Tage, Nacht 1-30, S. 25-144","description_kind":"Ortsprofil","description_has_more":true,"detail_plans":[],"alternate_locations":[],"sources":[{"bookId":"30-nights-sr6","title":"30 Nächte und 3 Tage","edition":"SR6","citation":"30 Nächte und 3 Tage, Nacht 1-30, S. 25-144","purpose":"description"}],"map_sources":[],"editions":["SR6"],"edition_descriptions":{"SR6":{"kind":"Ortsprofil","preview":"Ein verlassenes Loft in Old Yonge dient mit Billigung der Mafia als Hundekampfarena.","full":"Ein verlassenes Loft in Old Yonge dient mit Billigung der Mafia als Hundekampfarena. Die Position ist auf den belegten Stadt- oder Teilraum angenähert; eine hausgenaue Lage und eine weitergehende eigene Fließtextbeschreibung sind aus dem zugeordneten Datenmaterial nicht sicher ableitbar.","hasMore":true,"hasExcerpt":true,"sources":[{"bookId":"30-nights-sr6","title":"30 Nächte und 3 Tage","edition":"SR6","citation":"30 Nächte und 3 Tage, Nacht 1-30, S. 25-144","purpose":"description"}]}}}},{"type":"Feature","geometry":{"type":"Point","coordinates":[-79.377,43.6435]},"properties":{"id":30,"global_id":"toronto-2080:place:30-dominion-public-building","name":"Dominion Public Building","aliases":[],"category":"Magie und Religion","detail_map":"Downtown/Alt-Toronto","source_pages":"Toronto Poster 2080, Legende Nr. 24","map_source":"Toronto Poster 2080","placement_note":"Erhaltener geographischer Bezugspunkt","accuracy":"Geographischer Bezugspunkt","source_map":"toronto-2080-content","source_panel":"Downtown/Alt-Toronto","description_preview":"Das Dom steht auf einer Kreuzung zweier Leylinien und zieht Geister, Astraltouristen, Gangs und geheime Akteure an.","description_full":"Das Dom steht auf einer Kreuzung zweier Leylinien und zieht Geister, Astraltouristen, Gangs und geheime Akteure an. Die Position folgt einem erhaltenen heutigen Bezugspunkt.","description_source":"Toronto Poster 2080, Legende Nr. 24","description_kind":"Ortsprofil","description_has_more":true,"detail_plans":[],"alternate_locations":[],"sources":[{"bookId":"toronto-poster-sr6","title":"Toronto Poster 2080","edition":"SR6","citation":"Toronto Poster 2080, Legende Nr. 24","purpose":"description"}],"map_sources":[],"editions":["SR6"],"edition_descriptions":{"SR6":{"kind":"Ortsprofil","preview":"Das Dom steht auf einer Kreuzung zweier Leylinien und zieht Geister, Astraltouristen, Gangs und geheime Akteure an.","full":"Das Dom steht auf einer Kreuzung zweier Leylinien und zieht Geister, Astraltouristen, Gangs und geheime Akteure an. Die Position folgt einem erhaltenen heutigen Bezugspunkt.","hasMore":true,"hasExcerpt":true,"sources":[{"bookId":"toronto-poster-sr6","title":"Toronto Poster 2080","edition":"SR6","citation":"Toronto Poster 2080, Legende Nr. 24","purpose":"description"}]}},"map_number_sr6":24}},{"type":"Feature","geometry":{"type":"Point","coordinates":[-79.35,43.69]},"properties":{"id":12,"global_id":"toronto-2080:place:12-don-valley-toxic-zone","name":"Don Valley Toxic Zone","aliases":[],"category":"Magie und Gefahren","detail_map":"East York","source_pages":"Toronto Poster 2080, Legende Nr. 4","map_source":"Toronto Poster 2080","placement_note":"Erhaltener geographischer Bezugspunkt","accuracy":"Geographischer Bezugspunkt","source_map":"toronto-2080-content","source_panel":"East York","description_preview":"Das verseuchte Don Valley ist eine toxische Zone mit belastetem Wasser, verzerrtem Mana und gefährlichen Rückzugsräumen.","description_full":"Das verseuchte Don Valley ist eine toxische Zone mit belastetem Wasser, verzerrtem Mana und gefährlichen Rückzugsräumen. Die Position folgt einem erhaltenen heutigen Bezugspunkt.","description_source":"Toronto Poster 2080, Legende Nr. 4","description_kind":"Ortsprofil","description_has_more":true,"detail_plans":[],"alternate_locations":[],"sources":[{"bookId":"toronto-poster-sr6","title":"Toronto Poster 2080","edition":"SR6","citation":"Toronto Poster 2080, Legende Nr. 4","purpose":"description"},{"bookId":"30-nights-sr6","title":"30 Nächte und 3 Tage","edition":"SR6","citation":"30 Nächte und 3 Tage, Toronto-Karte, Legende Nr. 14","purpose":"description"}],"map_sources":[],"editions":["SR6"],"edition_descriptions":{"SR6":{"kind":"Ortsprofil","preview":"Don Valley Toxic Zone ist auf der offiziellen Übersichtskarte von 30 Nächte als wichtiger Torontoer Ort ausgewiesen.","full":"Don Valley Toxic Zone ist auf der offiziellen Übersichtskarte von 30 Nächte als wichtiger Torontoer Ort ausgewiesen. Die Position folgt einem erhaltenen heutigen Bezugspunkt.","hasMore":true,"hasExcerpt":true,"sources":[{"bookId":"toronto-poster-sr6","title":"Toronto Poster 2080","edition":"SR6","citation":"Toronto Poster 2080, Legende Nr. 4","purpose":"description"},{"bookId":"30-nights-sr6","title":"30 Nächte und 3 Tage","edition":"SR6","citation":"30 Nächte und 3 Tage, Toronto-Karte, Legende Nr. 14","purpose":"description"}]}},"map_number_sr6":4}},{"type":"Feature","geometry":{"type":"Point","coordinates":[-79.354,43.6677]},"properties":{"id":31,"global_id":"toronto-2080:place:31-don-gefangnis","name":"Don-Gefängnis","aliases":[],"category":"Sicherheit und Justiz","detail_map":"East York","source_pages":"Toronto Poster 2080, Legende Nr. 25","map_source":"Toronto Poster 2080","placement_note":"Erhaltener geographischer Bezugspunkt","accuracy":"Geographischer Bezugspunkt","source_map":"toronto-2080-content","source_panel":"East York","description_preview":"Das von Lone Star betriebene Don-Gefängnis weist während des Blackouts gefährliche Personal- und Sicherheitslücken auf.","description_full":"Das von Lone Star betriebene Don-Gefängnis weist während des Blackouts gefährliche Personal- und Sicherheitslücken auf. Die Position folgt einem erhaltenen heutigen Bezugspunkt.","description_source":"Toronto Poster 2080, Legende Nr. 25","description_kind":"Ortsprofil","description_has_more":true,"detail_plans":[],"alternate_locations":[],"sources":[{"bookId":"toronto-poster-sr6","title":"Toronto Poster 2080","edition":"SR6","citation":"Toronto Poster 2080, Legende Nr. 25","purpose":"description"}],"map_sources":[],"editions":["SR6"],"edition_descriptions":{"SR6":{"kind":"Ortsprofil","preview":"Das von Lone Star betriebene Don-Gefängnis weist während des Blackouts gefährliche Personal- und Sicherheitslücken auf.","full":"Das von Lone Star betriebene Don-Gefängnis weist während des Blackouts gefährliche Personal- und Sicherheitslücken auf. Die Position folgt einem erhaltenen heutigen Bezugspunkt.","hasMore":true,"hasExcerpt":true,"sources":[{"bookId":"toronto-poster-sr6","title":"Toronto Poster 2080","edition":"SR6","citation":"Toronto Poster 2080, Legende Nr. 25","purpose":"description"}]}},"map_number_sr6":25}},{"type":"Feature","geometry":{"type":"Point","coordinates":[-79.55,43.62]},"properties":{"id":32,"global_id":"toronto-2080:place:32-dorogoya-moya-bar","name":"Dorogoya Moya Bar","aliases":[],"category":"Bars und Clubs","detail_map":"Etobicoke","source_pages":"Toronto Poster 2080, Legende Nr. 26","map_source":"Toronto Poster 2080","placement_note":"Erhaltener geographischer Bezugspunkt","accuracy":"Geographischer Bezugspunkt","source_map":"toronto-2080-content","source_panel":"Etobicoke","description_preview":"Die Dorogoya Moya Bar ist ein kartierter Treffpunkt im westlichen Toronto.","description_full":"Die Dorogoya Moya Bar ist ein kartierter Treffpunkt im westlichen Toronto. Die Position folgt einem erhaltenen heutigen Bezugspunkt.","description_source":"Toronto Poster 2080, Legende Nr. 26","description_kind":"Ortsprofil","description_has_more":true,"detail_plans":[],"alternate_locations":[],"sources":[{"bookId":"toronto-poster-sr6","title":"Toronto Poster 2080","edition":"SR6","citation":"Toronto Poster 2080, Legende Nr. 26","purpose":"description"}],"map_sources":[],"editions":["SR6"],"edition_descriptions":{"SR6":{"kind":"Ortsprofil","preview":"Die Dorogoya Moya Bar ist ein kartierter Treffpunkt im westlichen Toronto.","full":"Die Dorogoya Moya Bar ist ein kartierter Treffpunkt im westlichen Toronto. Die Position folgt einem erhaltenen heutigen Bezugspunkt.","hasMore":true,"hasExcerpt":true,"sources":[{"bookId":"toronto-poster-sr6","title":"Toronto Poster 2080","edition":"SR6","citation":"Toronto Poster 2080, Legende Nr. 26","purpose":"description"}]}},"map_number_sr6":26}},{"type":"Feature","geometry":{"type":"Point","coordinates":[-79.47,43.745]},"properties":{"id":61,"global_id":"toronto-2080:place:61-downsview-airport","name":"Downsview Airport","aliases":[],"category":"Verkehr","detail_map":"North York","source_pages":"30 Nächte und 3 Tage, Toronto-Karte, Legende Nr. 22","map_source":"30 Nächte und 3 Tage","placement_note":"Erhaltener geographischer Bezugspunkt","accuracy":"Geographischer Bezugspunkt","source_map":"toronto-2080-content","source_panel":"North York","description_preview":"Downsview Airport ist auf der offiziellen Übersichtskarte von 30 Nächte als wichtiger Torontoer Ort ausgewiesen.","description_full":"Downsview Airport ist auf der offiziellen Übersichtskarte von 30 Nächte als wichtiger Torontoer Ort ausgewiesen. Die Position folgt einem erhaltenen heutigen Bezugspunkt.","description_source":"30 Nächte und 3 Tage, Toronto-Karte, Legende Nr. 22","description_kind":"Ortsprofil","description_has_more":true,"detail_plans":[],"alternate_locations":[],"sources":[{"bookId":"30-nights-sr6","title":"30 Nächte und 3 Tage","edition":"SR6","citation":"30 Nächte und 3 Tage, Toronto-Karte, Legende Nr. 22","purpose":"description"}],"map_sources":[],"editions":["SR6"],"edition_descriptions":{"SR6":{"kind":"Ortsprofil","preview":"Downsview Airport ist auf der offiziellen Übersichtskarte von 30 Nächte als wichtiger Torontoer Ort ausgewiesen.","full":"Downsview Airport ist auf der offiziellen Übersichtskarte von 30 Nächte als wichtiger Torontoer Ort ausgewiesen. Die Position folgt einem erhaltenen heutigen Bezugspunkt.","hasMore":true,"hasExcerpt":true,"sources":[{"bookId":"30-nights-sr6","title":"30 Nächte und 3 Tage","edition":"SR6","citation":"30 Nächte und 3 Tage, Toronto-Karte, Legende Nr. 22","purpose":"description"}]}}}},{"type":"Feature","geometry":{"type":"Point","coordinates":[-79.383,43.6534]},"properties":{"id":1,"global_id":"toronto-2080:place:1-downtown-alt-toronto","name":"Downtown/Alt-Toronto","aliases":[],"category":"Bezirke","detail_map":"Downtown/Alt-Toronto","source_pages":"30 Nächte und 3 Tage, Toronto - Stadtteile, S. 11-17","map_source":"30 Nächte und 3 Tage","placement_note":"Nach Quellenbezug im Teilraum Downtown/Alt-Toronto angenähert","accuracy":"Teilraumzuordnung; Feinposition vorläufig","source_map":"toronto-2080-content","source_panel":"Downtown/Alt-Toronto","description_preview":"Downtown ist Torontos Finanz-, Verwaltungs-, Medien- und Unterhaltungszentrum. Cabbagetown, Chinatown, Little Italy, Hafenviertel, Krankenhausviertel und PATH verbinden Wohlstand, Konzernmacht und sichtbare Schatten.","description_full":"Downtown ist Torontos Finanz-, Verwaltungs-, Medien- und Unterhaltungszentrum. Cabbagetown, Chinatown, Little Italy, Hafenviertel, Krankenhausviertel und PATH verbinden Wohlstand, Konzernmacht und sichtbare Schatten. Die Position ist auf den belegten Stadt- oder Teilraum angenähert; eine hausgenaue Lage und eine weitergehende eigene Fließtextbeschreibung sind aus dem zugeordneten Datenmaterial nicht sicher ableitbar.","description_source":"30 Nächte und 3 Tage, Toronto - Stadtteile, S. 11-17","description_kind":"Ortsprofil","description_has_more":true,"detail_plans":[],"alternate_locations":[],"sources":[{"bookId":"30-nights-sr6","title":"30 Nächte und 3 Tage","edition":"SR6","citation":"30 Nächte und 3 Tage, Toronto - Stadtteile, S. 11-17","purpose":"description"}],"map_sources":[],"editions":["SR6"],"edition_descriptions":{"SR6":{"kind":"Bezirksprofil","preview":"Downtown ist Torontos Finanz-, Verwaltungs-, Medien- und Unterhaltungszentrum. Cabbagetown, Chinatown, Little Italy, Hafenviertel, Krankenhausviertel und PATH verbinden Wohlstand, Konzernmacht und sichtbare Schatten.","full":"Downtown ist Torontos Finanz-, Verwaltungs-, Medien- und Unterhaltungszentrum. Cabbagetown, Chinatown, Little Italy, Hafenviertel, Krankenhausviertel und PATH verbinden Wohlstand, Konzernmacht und sichtbare Schatten. Die Beschreibung folgt dem Lore-Stand der angegebenen Edition; die separat schaltbare Grenzebene bildet den jüngsten georeferenzierten Arbeitsstand ab.","hasMore":true,"hasExcerpt":true,"sources":[{"bookId":"30-nights-sr6","title":"30 Nächte und 3 Tage","edition":"SR6","citation":"30 Nächte und 3 Tage, Toronto - Stadtteile, S. 11-17","purpose":"description"}]}}}},{"type":"Feature","geometry":{"type":"Point","coordinates":[-79.38,43.656]},"properties":{"id":33,"global_id":"toronto-2080:place:33-dundas-street-enklave","name":"Dundas-Street-Enklave","aliases":[],"category":"Konzerne","detail_map":"Downtown/Alt-Toronto","source_pages":"Toronto Poster 2080, Legende Nr. 27","map_source":"Toronto Poster 2080","placement_note":"Erhaltener geographischer Bezugspunkt","accuracy":"Geographischer Bezugspunkt","source_map":"toronto-2080-content","source_panel":"Downtown/Alt-Toronto","description_preview":"Wuxings 68-stöckige Wohnenklave an der Dundas Street besitzt Helipad, Konzernsicherheit und kritische Forschungsbezüge.","description_full":"Wuxings 68-stöckige Wohnenklave an der Dundas Street besitzt Helipad, Konzernsicherheit und kritische Forschungsbezüge. Die Position folgt einem erhaltenen heutigen Bezugspunkt.","description_source":"Toronto Poster 2080, Legende Nr. 27","description_kind":"Ortsprofil","description_has_more":true,"detail_plans":[],"alternate_locations":[],"sources":[{"bookId":"toronto-poster-sr6","title":"Toronto Poster 2080","edition":"SR6","citation":"Toronto Poster 2080, Legende Nr. 27","purpose":"description"}],"map_sources":[],"editions":["SR6"],"edition_descriptions":{"SR6":{"kind":"Ortsprofil","preview":"Wuxings 68-stöckige Wohnenklave an der Dundas Street besitzt Helipad, Konzernsicherheit und kritische Forschungsbezüge.","full":"Wuxings 68-stöckige Wohnenklave an der Dundas Street besitzt Helipad, Konzernsicherheit und kritische Forschungsbezüge. Die Position folgt einem erhaltenen heutigen Bezugspunkt.","hasMore":true,"hasExcerpt":true,"sources":[{"bookId":"toronto-poster-sr6","title":"Toronto Poster 2080","edition":"SR6","citation":"Toronto Poster 2080, Legende Nr. 27","purpose":"description"}]}},"map_number_sr6":27}},{"type":"Feature","geometry":{"type":"Point","coordinates":[-79.382139,43.653332]},"properties":{"id":141,"global_id":"toronto-2080:place:141-dunkelzahns-torontoer-buro","name":"Dunkelzahns Torontoer Büro","aliases":[],"category":"Dienstleistungen","detail_map":"Downtown/Alt-Toronto","source_pages":"Portfolio eines Drachen, Testament, S. 25","map_source":"Portfolio of a Dragon / Portfolio eines Drachen","placement_note":"Nach Quellenbezug im Teilraum Downtown/Alt-Toronto angenähert","accuracy":"Teilraumzuordnung; Feinposition vorläufig","source_map":"toronto-2080-content","source_panel":"Downtown/Alt-Toronto","description_preview":"Dunkelzahns Testament nennt ausdrücklich ein Büro in Toronto, in dem Teile seines Nachlasses verwahrt wurden.","description_full":"Dunkelzahns Testament nennt ausdrücklich ein Büro in Toronto, in dem Teile seines Nachlasses verwahrt wurden. Die Position ist auf den belegten Stadt- oder Teilraum angenähert; eine hausgenaue Lage und eine weitergehende eigene Fließtextbeschreibung sind aus dem zugeordneten Datenmaterial nicht sicher ableitbar.","description_source":"Portfolio eines Drachen, Testament, S. 25","description_kind":"Ortsprofil","description_has_more":true,"detail_plans":[],"alternate_locations":[],"sources":[{"bookId":"portfolio-dragon-sr2","title":"Portfolio of a Dragon / Portfolio eines Drachen","edition":"SR2","citation":"Portfolio eines Drachen, Testament, S. 25","purpose":"description"}],"map_sources":[],"editions":["SR2"],"edition_descriptions":{"SR2":{"kind":"Ortsprofil","preview":"Dunkelzahns Testament nennt ausdrücklich ein Büro in Toronto, in dem Teile seines Nachlasses verwahrt wurden.","full":"Dunkelzahns Testament nennt ausdrücklich ein Büro in Toronto, in dem Teile seines Nachlasses verwahrt wurden. Die Position ist auf den belegten Stadt- oder Teilraum angenähert; eine hausgenaue Lage und eine weitergehende eigene Fließtextbeschreibung sind aus dem zugeordneten Datenmaterial nicht sicher ableitbar.","hasMore":true,"hasExcerpt":true,"sources":[{"bookId":"portfolio-dragon-sr2","title":"Portfolio of a Dragon / Portfolio eines Drachen","edition":"SR2","citation":"Portfolio eines Drachen, Testament, S. 25","purpose":"description"}]}}}},{"type":"Feature","geometry":{"type":"Point","coordinates":[-79.365,43.644]},"properties":{"id":107,"global_id":"toronto-2080:place:107-east-bayfront","name":"East Bayfront","aliases":[],"category":"Stadtteile","detail_map":"Downtown/Alt-Toronto","source_pages":"30 Nächte und 3 Tage, Nacht 1-30, S. 25-144","map_source":"30 Nächte und 3 Tage","placement_note":"Erhaltener geographischer Bezugspunkt","accuracy":"Geographischer Bezugspunkt","source_map":"toronto-2080-content","source_panel":"Downtown/Alt-Toronto","description_preview":"East Bayfront ist ein Lagerhaus- und Hafenkorridor östlich von Downtown, in dem Gangs während des Blackouts vergleichsweise unauffällig operieren können.","description_full":"East Bayfront ist ein Lagerhaus- und Hafenkorridor östlich von Downtown, in dem Gangs während des Blackouts vergleichsweise unauffällig operieren können. Die Position folgt einem erhaltenen heutigen Bezugspunkt.","description_source":"30 Nächte und 3 Tage, Nacht 1-30, S. 25-144","description_kind":"Ortsprofil","description_has_more":true,"detail_plans":[],"alternate_locations":[],"sources":[{"bookId":"30-nights-sr6","title":"30 Nächte und 3 Tage","edition":"SR6","citation":"30 Nächte und 3 Tage, Nacht 1-30, S. 25-144","purpose":"description"}],"map_sources":[],"editions":["SR6"],"edition_descriptions":{"SR6":{"kind":"Ortsprofil","preview":"East Bayfront ist ein Lagerhaus- und Hafenkorridor östlich von Downtown, in dem Gangs während des Blackouts vergleichsweise unauffällig operieren können.","full":"East Bayfront ist ein Lagerhaus- und Hafenkorridor östlich von Downtown, in dem Gangs während des Blackouts vergleichsweise unauffällig operieren können. Die Position folgt einem erhaltenen heutigen Bezugspunkt.","hasMore":true,"hasExcerpt":true,"sources":[{"bookId":"30-nights-sr6","title":"30 Nächte und 3 Tage","edition":"SR6","citation":"30 Nächte und 3 Tage, Nacht 1-30, S. 25-144","purpose":"description"}]}}}},{"type":"Feature","geometry":{"type":"Point","coordinates":[-79.326,43.689]},"properties":{"id":3,"global_id":"toronto-2080:place:3-east-york","name":"East York","aliases":[],"category":"Bezirke","detail_map":"East York","source_pages":"30 Nächte und 3 Tage, Toronto - Stadtteile, S. 11-17","map_source":"30 Nächte und 3 Tage","placement_note":"Nach Quellenbezug im Teilraum East York angenähert","accuracy":"Teilraumzuordnung; Feinposition vorläufig","source_map":"toronto-2080-content","source_panel":"East York","description_preview":"East York ist ein stark von Einwanderung geprägter Teilraum mit The Beaches und Little India. Die Don Valley Toxic Zone, das Don-Gefängnis und industrielle Altlasten schaffen gefährliche Schattenkorridore.","description_full":"East York ist ein stark von Einwanderung geprägter Teilraum mit The Beaches und Little India. Die Don Valley Toxic Zone, das Don-Gefängnis und industrielle Altlasten schaffen gefährliche Schattenkorridore. Die Position ist auf den belegten Stadt- oder Teilraum angenähert; eine hausgenaue Lage und eine weitergehende eigene Fließtextbeschreibung sind aus dem zugeordneten Datenmaterial nicht sicher ableitbar.","description_source":"30 Nächte und 3 Tage, Toronto - Stadtteile, S. 11-17","description_kind":"Ortsprofil","description_has_more":true,"detail_plans":[],"alternate_locations":[],"sources":[{"bookId":"30-nights-sr6","title":"30 Nächte und 3 Tage","edition":"SR6","citation":"30 Nächte und 3 Tage, Toronto - Stadtteile, S. 11-17","purpose":"description"}],"map_sources":[],"editions":["SR6"],"edition_descriptions":{"SR6":{"kind":"Bezirksprofil","preview":"East York ist ein stark von Einwanderung geprägter Teilraum mit The Beaches und Little India. Die Don Valley Toxic Zone, das Don-Gefängnis und industrielle Altlasten schaffen gefährliche Schattenkorridore.","full":"East York ist ein stark von Einwanderung geprägter Teilraum mit The Beaches und Little India. Die Don Valley Toxic Zone, das Don-Gefängnis und industrielle Altlasten schaffen gefährliche Schattenkorridore. Die Beschreibung folgt dem Lore-Stand der angegebenen Edition; die separat schaltbare Grenzebene bildet den jüngsten georeferenzierten Arbeitsstand ab.","hasMore":true,"hasExcerpt":true,"sources":[{"bookId":"30-nights-sr6","title":"30 Nächte und 3 Tage","edition":"SR6","citation":"30 Nächte und 3 Tage, Toronto - Stadtteile, S. 11-17","purpose":"description"}]}}}},{"type":"Feature","geometry":{"type":"Point","coordinates":[-79.3802,43.6544]},"properties":{"id":56,"global_id":"toronto-2080:place:56-eaton-centre","name":"Eaton Centre","aliases":[],"category":"Sonstige Spots","detail_map":"Downtown/Alt-Toronto","source_pages":"30 Nächte und 3 Tage, Toronto-Karte, Legende Nr. 9","map_source":"30 Nächte und 3 Tage","placement_note":"Erhaltener geographischer Bezugspunkt","accuracy":"Geographischer Bezugspunkt","source_map":"toronto-2080-content","source_panel":"Downtown/Alt-Toronto","description_preview":"Eaton Centre ist auf der offiziellen Übersichtskarte von 30 Nächte als wichtiger Torontoer Ort ausgewiesen.","description_full":"Eaton Centre ist auf der offiziellen Übersichtskarte von 30 Nächte als wichtiger Torontoer Ort ausgewiesen. Die Position folgt einem erhaltenen heutigen Bezugspunkt.","description_source":"30 Nächte und 3 Tage, Toronto-Karte, Legende Nr. 9","description_kind":"Ortsprofil","description_has_more":true,"detail_plans":[],"alternate_locations":[],"sources":[{"bookId":"30-nights-sr6","title":"30 Nächte und 3 Tage","edition":"SR6","citation":"30 Nächte und 3 Tage, Toronto-Karte, Legende Nr. 9","purpose":"description"}],"map_sources":[],"editions":["SR6"],"edition_descriptions":{"SR6":{"kind":"Ortsprofil","preview":"Eaton Centre ist auf der offiziellen Übersichtskarte von 30 Nächte als wichtiger Torontoer Ort ausgewiesen.","full":"Eaton Centre ist auf der offiziellen Übersichtskarte von 30 Nächte als wichtiger Torontoer Ort ausgewiesen. Die Position folgt einem erhaltenen heutigen Bezugspunkt.","hasMore":true,"hasExcerpt":true,"sources":[{"bookId":"30-nights-sr6","title":"30 Nächte und 3 Tage","edition":"SR6","citation":"30 Nächte und 3 Tage, Toronto-Karte, Legende Nr. 9","purpose":"description"}]}}}},{"type":"Feature","geometry":{"type":"Point","coordinates":[-79.394,43.688]},"properties":{"id":101,"global_id":"toronto-2080:place:101-ecke-yonge-und-st-clair","name":"Ecke Yonge und St. Clair","aliases":[],"category":"Magie und Religion","detail_map":"Uptown","source_pages":"30 Nächte und 3 Tage, Toronto und Die Nächte, S. 11-144","map_source":"30 Nächte und 3 Tage","placement_note":"Erhaltener geographischer Bezugspunkt","accuracy":"Geographischer Bezugspunkt","source_map":"toronto-2080-content","source_panel":"Uptown","description_preview":"Ein historischer rassistischer Mordanschlag hinterließ an der Kreuzung eine Manablase.","description_full":"Ein historischer rassistischer Mordanschlag hinterließ an der Kreuzung eine Manablase. Die Position folgt einem erhaltenen heutigen Bezugspunkt.","description_source":"30 Nächte und 3 Tage, Toronto und Die Nächte, S. 11-144","description_kind":"Ortsprofil","description_has_more":true,"detail_plans":[],"alternate_locations":[],"sources":[{"bookId":"30-nights-sr6","title":"30 Nächte und 3 Tage","edition":"SR6","citation":"30 Nächte und 3 Tage, Toronto und Die Nächte, S. 11-144","purpose":"description"}],"map_sources":[],"editions":["SR6"],"edition_descriptions":{"SR6":{"kind":"Ortsprofil","preview":"Ein historischer rassistischer Mordanschlag hinterließ an der Kreuzung eine Manablase.","full":"Ein historischer rassistischer Mordanschlag hinterließ an der Kreuzung eine Manablase. Die Position folgt einem erhaltenen heutigen Bezugspunkt.","hasMore":true,"hasExcerpt":true,"sources":[{"bookId":"30-nights-sr6","title":"30 Nächte und 3 Tage","edition":"SR6","citation":"30 Nächte und 3 Tage, Toronto und Die Nächte, S. 11-144","purpose":"description"}]}}}},{"type":"Feature","geometry":{"type":"Point","coordinates":[-79.401,43.706]},"properties":{"id":22,"global_id":"toronto-2080:place:22-eglinton-avenue","name":"Eglinton Avenue","aliases":[],"category":"Straßen und Verkehr","detail_map":"Uptown","source_pages":"Toronto Poster 2080, Legende Nr. 16","map_source":"Toronto Poster 2080","placement_note":"Erhaltener geographischer Bezugspunkt","accuracy":"Geographischer Bezugspunkt","source_map":"toronto-2080-content","source_panel":"Uptown","description_preview":"Eglinton Avenue bildet einen wichtigen Ost-West-Korridor durch Uptown.","description_full":"Eglinton Avenue bildet einen wichtigen Ost-West-Korridor durch Uptown. Die Position folgt einem erhaltenen heutigen Bezugspunkt.","description_source":"Toronto Poster 2080, Legende Nr. 16","description_kind":"Ortsprofil","description_has_more":true,"detail_plans":[],"alternate_locations":[],"sources":[{"bookId":"toronto-poster-sr6","title":"Toronto Poster 2080","edition":"SR6","citation":"Toronto Poster 2080, Legende Nr. 16","purpose":"description"}],"map_sources":[],"editions":["SR6"],"edition_descriptions":{"SR6":{"kind":"Ortsprofil","preview":"Eglinton Avenue bildet einen wichtigen Ost-West-Korridor durch Uptown.","full":"Eglinton Avenue bildet einen wichtigen Ost-West-Korridor durch Uptown. Die Position folgt einem erhaltenen heutigen Bezugspunkt.","hasMore":true,"hasExcerpt":true,"sources":[{"bookId":"toronto-poster-sr6","title":"Toronto Poster 2080","edition":"SR6","citation":"Toronto Poster 2080, Legende Nr. 16","purpose":"description"}]}},"map_number_sr6":16}},{"type":"Feature","geometry":{"type":"Point","coordinates":[-79.392,43.646]},"properties":{"id":55,"global_id":"toronto-2080:place:55-entertainment-district","name":"Entertainment District","aliases":[],"category":"Stadtteile","detail_map":"Downtown/Alt-Toronto","source_pages":"30 Nächte und 3 Tage, Toronto-Karte, Legende Nr. 8","map_source":"30 Nächte und 3 Tage","placement_note":"Erhaltener geographischer Bezugspunkt","accuracy":"Geographischer Bezugspunkt","source_map":"toronto-2080-content","source_panel":"Downtown/Alt-Toronto","description_preview":"Entertainment District ist auf der offiziellen Übersichtskarte von 30 Nächte als wichtiger Torontoer Ort ausgewiesen.","description_full":"Entertainment District ist auf der offiziellen Übersichtskarte von 30 Nächte als wichtiger Torontoer Ort ausgewiesen. Die Position folgt einem erhaltenen heutigen Bezugspunkt.","description_source":"30 Nächte und 3 Tage, Toronto-Karte, Legende Nr. 8","description_kind":"Ortsprofil","description_has_more":true,"detail_plans":[],"alternate_locations":[],"sources":[{"bookId":"30-nights-sr6","title":"30 Nächte und 3 Tage","edition":"SR6","citation":"30 Nächte und 3 Tage, Toronto-Karte, Legende Nr. 8","purpose":"description"}],"map_sources":[],"editions":["SR6"],"edition_descriptions":{"SR6":{"kind":"Ortsprofil","preview":"Entertainment District ist auf der offiziellen Übersichtskarte von 30 Nächte als wichtiger Torontoer Ort ausgewiesen.","full":"Entertainment District ist auf der offiziellen Übersichtskarte von 30 Nächte als wichtiger Torontoer Ort ausgewiesen. Die Position folgt einem erhaltenen heutigen Bezugspunkt.","hasMore":true,"hasExcerpt":true,"sources":[{"bookId":"30-nights-sr6","title":"30 Nächte und 3 Tage","edition":"SR6","citation":"30 Nächte und 3 Tage, Toronto-Karte, Legende Nr. 8","purpose":"description"}]}}}},{"type":"Feature","geometry":{"type":"Point","coordinates":[-79.54,43.655]},"properties":{"id":6,"global_id":"toronto-2080:place:6-etobicoke","name":"Etobicoke","aliases":[],"category":"Bezirke","detail_map":"Etobicoke","source_pages":"30 Nächte und 3 Tage, Toronto - Stadtteile, S. 11-17","map_source":"30 Nächte und 3 Tage","placement_note":"Nach Quellenbezug im Teilraum Etobicoke angenähert","accuracy":"Teilraumzuordnung; Feinposition vorläufig","source_map":"toronto-2080-content","source_panel":"Etobicoke","description_preview":"Etobicoke verbindet Industrie, Verkehr und Wohngebiete. Pearson Airport, Fabriken nahe Highway 427 und Gardiner Expressway sowie heruntergekommene nördliche Quartiere machen den Westen des Sprawls runrelevant.","description_full":"Etobicoke verbindet Industrie, Verkehr und Wohngebiete. Pearson Airport, Fabriken nahe Highway 427 und Gardiner Expressway sowie heruntergekommene nördliche Quartiere machen den Westen des Sprawls runrelevant. Die Position ist auf den belegten Stadt- oder Teilraum angenähert; eine hausgenaue Lage und eine weitergehende eigene Fließtextbeschreibung sind aus dem zugeordneten Datenmaterial nicht sicher ableitbar.","description_source":"30 Nächte und 3 Tage, Toronto - Stadtteile, S. 11-17","description_kind":"Ortsprofil","description_has_more":true,"detail_plans":[],"alternate_locations":[],"sources":[{"bookId":"30-nights-sr6","title":"30 Nächte und 3 Tage","edition":"SR6","citation":"30 Nächte und 3 Tage, Toronto - Stadtteile, S. 11-17","purpose":"description"},{"bookId":"toronto-poster-sr6","title":"Toronto Poster 2080","edition":"SR6","citation":"Toronto Poster 2080, Legende Nr. 5","purpose":"description"}],"map_sources":[],"editions":["SR6"],"edition_descriptions":{"SR6":{"kind":"Ortsprofil","preview":"Etobicoke verbindet Verkehrsknoten, Konzernindustrie, wohlhabende Seeuferlagen und heruntergekommene nördliche Wohngebiete.","full":"Etobicoke verbindet Verkehrsknoten, Konzernindustrie, wohlhabende Seeuferlagen und heruntergekommene nördliche Wohngebiete. Die Position folgt einem erhaltenen heutigen Bezugspunkt.","hasMore":true,"hasExcerpt":true,"sources":[{"bookId":"30-nights-sr6","title":"30 Nächte und 3 Tage","edition":"SR6","citation":"30 Nächte und 3 Tage, Toronto - Stadtteile, S. 11-17","purpose":"description"},{"bookId":"toronto-poster-sr6","title":"Toronto Poster 2080","edition":"SR6","citation":"Toronto Poster 2080, Legende Nr. 5","purpose":"description"}]}},"map_number_sr6":5}},{"type":"Feature","geometry":{"type":"Point","coordinates":[-79.365,43.684]},"properties":{"id":125,"global_id":"toronto-2080:place:125-evergreen-ziegelei","name":"Evergreen-Ziegelei","aliases":[],"category":"Bildung und Kultur","detail_map":"East York","source_pages":"30 Nächte und 3 Tage, Nacht 1-30, S. 25-144","map_source":"30 Nächte und 3 Tage","placement_note":"Erhaltener geographischer Bezugspunkt","accuracy":"Geographischer Bezugspunkt","source_map":"toronto-2080-content","source_panel":"East York","description_preview":"Die Evergreen Brick Works verbinden ökologische Lehre, grüne Technik und umweltbewusste Magie.","description_full":"Die Evergreen Brick Works verbinden ökologische Lehre, grüne Technik und umweltbewusste Magie. Die Position folgt einem erhaltenen heutigen Bezugspunkt.","description_source":"30 Nächte und 3 Tage, Nacht 1-30, S. 25-144","description_kind":"Ortsprofil","description_has_more":true,"detail_plans":[],"alternate_locations":[],"sources":[{"bookId":"30-nights-sr6","title":"30 Nächte und 3 Tage","edition":"SR6","citation":"30 Nächte und 3 Tage, Nacht 1-30, S. 25-144","purpose":"description"}],"map_sources":[],"editions":["SR6"],"edition_descriptions":{"SR6":{"kind":"Ortsprofil","preview":"Die Evergreen Brick Works verbinden ökologische Lehre, grüne Technik und umweltbewusste Magie.","full":"Die Evergreen Brick Works verbinden ökologische Lehre, grüne Technik und umweltbewusste Magie. Die Position folgt einem erhaltenen heutigen Bezugspunkt.","hasMore":true,"hasExcerpt":true,"sources":[{"bookId":"30-nights-sr6","title":"30 Nächte und 3 Tage","edition":"SR6","citation":"30 Nächte und 3 Tage, Nacht 1-30, S. 25-144","purpose":"description"}]}}}},{"type":"Feature","geometry":{"type":"Point","coordinates":[-79.42,43.668]},"properties":{"id":89,"global_id":"toronto-2080:place:89-fiesta-farms-market","name":"Fiesta Farms Market","aliases":[],"category":"Einkaufen","detail_map":"West End","source_pages":"30 Nächte und 3 Tage, Toronto und Die Nächte, S. 11-144","map_source":"30 Nächte und 3 Tage","placement_note":"Erhaltener geographischer Bezugspunkt","accuracy":"Geographischer Bezugspunkt","source_map":"toronto-2080-content","source_panel":"West End","description_preview":"Der unabhängige Markt ist Versorgungsort und Station eines korrumpierten Geistes.","description_full":"Der unabhängige Markt ist Versorgungsort und Station eines korrumpierten Geistes. Die Position folgt einem erhaltenen heutigen Bezugspunkt.","description_source":"30 Nächte und 3 Tage, Toronto und Die Nächte, S. 11-144","description_kind":"Ortsprofil","description_has_more":true,"detail_plans":[],"alternate_locations":[],"sources":[{"bookId":"30-nights-sr6","title":"30 Nächte und 3 Tage","edition":"SR6","citation":"30 Nächte und 3 Tage, Toronto und Die Nächte, S. 11-144","purpose":"description"}],"map_sources":[],"editions":["SR6"],"edition_descriptions":{"SR6":{"kind":"Ortsprofil","preview":"Der unabhängige Markt ist Versorgungsort und Station eines korrumpierten Geistes.","full":"Der unabhängige Markt ist Versorgungsort und Station eines korrumpierten Geistes. Die Position folgt einem erhaltenen heutigen Bezugspunkt.","hasMore":true,"hasExcerpt":true,"sources":[{"bookId":"30-nights-sr6","title":"30 Nächte und 3 Tage","edition":"SR6","citation":"30 Nächte und 3 Tage, Toronto und Die Nächte, S. 11-144","purpose":"description"}]}}}},{"type":"Feature","geometry":{"type":"Point","coordinates":[-79.395367,43.71179]},"properties":{"id":82,"global_id":"toronto-2080:place:82-filmhaus","name":"Filmhaus","aliases":[],"category":"Bildung und Kultur","detail_map":"Uptown","source_pages":"30 Nächte und 3 Tage, Toronto und Die Nächte, S. 11-144","map_source":"30 Nächte und 3 Tage","placement_note":"Nach Quellenbezug im Teilraum Uptown angenähert","accuracy":"Teilraumzuordnung; Feinposition vorläufig","source_map":"toronto-2080-content","source_panel":"Uptown","description_preview":"Das analog betriebene Kino ist Operationsbasis der Coquillards in einem von Saeder-Krupp kontrollierten Teilraum.","description_full":"Das analog betriebene Kino ist Operationsbasis der Coquillards in einem von Saeder-Krupp kontrollierten Teilraum. Die Position ist auf den belegten Stadt- oder Teilraum angenähert; eine hausgenaue Lage und eine weitergehende eigene Fließtextbeschreibung sind aus dem zugeordneten Datenmaterial nicht sicher ableitbar.","description_source":"30 Nächte und 3 Tage, Toronto und Die Nächte, S. 11-144","description_kind":"Ortsprofil","description_has_more":true,"detail_plans":[],"alternate_locations":[],"sources":[{"bookId":"30-nights-sr6","title":"30 Nächte und 3 Tage","edition":"SR6","citation":"30 Nächte und 3 Tage, Toronto und Die Nächte, S. 11-144","purpose":"description"}],"map_sources":[],"editions":["SR6"],"edition_descriptions":{"SR6":{"kind":"Ortsprofil","preview":"Das analog betriebene Kino ist Operationsbasis der Coquillards in einem von Saeder-Krupp kontrollierten Teilraum.","full":"Das analog betriebene Kino ist Operationsbasis der Coquillards in einem von Saeder-Krupp kontrollierten Teilraum. Die Position ist auf den belegten Stadt- oder Teilraum angenähert; eine hausgenaue Lage und eine weitergehende eigene Fließtextbeschreibung sind aus dem zugeordneten Datenmaterial nicht sicher ableitbar.","hasMore":true,"hasExcerpt":true,"sources":[{"bookId":"30-nights-sr6","title":"30 Nächte und 3 Tage","edition":"SR6","citation":"30 Nächte und 3 Tage, Toronto und Die Nächte, S. 11-144","purpose":"description"}]}}}},{"type":"Feature","geometry":{"type":"Point","coordinates":[-79.285,43.72]},"properties":{"id":13,"global_id":"toronto-2080:place:13-golden-mile","name":"Golden Mile","aliases":[],"category":"Stadtteile","detail_map":"Scarborough","source_pages":"Toronto Poster 2080, Legende Nr. 6","map_source":"Toronto Poster 2080","placement_note":"Erhaltener geographischer Bezugspunkt","accuracy":"Geographischer Bezugspunkt","source_map":"toronto-2080-content","source_panel":"Scarborough","description_preview":"Golden Mile ist ein östlicher Gewerbe- und Industriekorridor im Scarborough-Teil des Sprawls.","description_full":"Golden Mile ist ein östlicher Gewerbe- und Industriekorridor im Scarborough-Teil des Sprawls. Die Position folgt einem erhaltenen heutigen Bezugspunkt.","description_source":"Toronto Poster 2080, Legende Nr. 6","description_kind":"Ortsprofil","description_has_more":true,"detail_plans":[],"alternate_locations":[],"sources":[{"bookId":"toronto-poster-sr6","title":"Toronto Poster 2080","edition":"SR6","citation":"Toronto Poster 2080, Legende Nr. 6","purpose":"description"}],"map_sources":[],"editions":["SR6"],"edition_descriptions":{"SR6":{"kind":"Ortsprofil","preview":"Golden Mile ist ein östlicher Gewerbe- und Industriekorridor im Scarborough-Teil des Sprawls.","full":"Golden Mile ist ein östlicher Gewerbe- und Industriekorridor im Scarborough-Teil des Sprawls. Die Position folgt einem erhaltenen heutigen Bezugspunkt.","hasMore":true,"hasExcerpt":true,"sources":[{"bookId":"toronto-poster-sr6","title":"Toronto Poster 2080","edition":"SR6","citation":"Toronto Poster 2080, Legende Nr. 6","purpose":"description"}]}},"map_number_sr6":6}},{"type":"Feature","geometry":{"type":"Point","coordinates":[-79.540129,43.649305]},"properties":{"id":92,"global_id":"toronto-2080:place:92-green-groves","name":"Green Groves","aliases":[],"category":"Magie und Religion","detail_map":"Etobicoke","source_pages":"30 Nächte und 3 Tage, Toronto und Die Nächte, S. 11-144","map_source":"30 Nächte und 3 Tage","placement_note":"Nach Quellenbezug im Teilraum Etobicoke angenähert","accuracy":"Teilraumzuordnung; Feinposition vorläufig","source_map":"toronto-2080-content","source_panel":"Etobicoke","description_preview":"Unter einem Lagerhaus verbirgt Green Groves ein magisches Gewächshaus und einen von Seoulpa-Soldaten geschützten Reagenzienhandel.","description_full":"Unter einem Lagerhaus verbirgt Green Groves ein magisches Gewächshaus und einen von Seoulpa-Soldaten geschützten Reagenzienhandel. Die Position ist auf den belegten Stadt- oder Teilraum angenähert; eine hausgenaue Lage und eine weitergehende eigene Fließtextbeschreibung sind aus dem zugeordneten Datenmaterial nicht sicher ableitbar.","description_source":"30 Nächte und 3 Tage, Toronto und Die Nächte, S. 11-144","description_kind":"Ortsprofil","description_has_more":true,"detail_plans":[],"alternate_locations":[],"sources":[{"bookId":"30-nights-sr6","title":"30 Nächte und 3 Tage","edition":"SR6","citation":"30 Nächte und 3 Tage, Toronto und Die Nächte, S. 11-144","purpose":"description"}],"map_sources":[],"editions":["SR6"],"edition_descriptions":{"SR6":{"kind":"Ortsprofil","preview":"Unter einem Lagerhaus verbirgt Green Groves ein magisches Gewächshaus und einen von Seoulpa-Soldaten geschützten Reagenzienhandel.","full":"Unter einem Lagerhaus verbirgt Green Groves ein magisches Gewächshaus und einen von Seoulpa-Soldaten geschützten Reagenzienhandel. Die Position ist auf den belegten Stadt- oder Teilraum angenähert; eine hausgenaue Lage und eine weitergehende eigene Fließtextbeschreibung sind aus dem zugeordneten Datenmaterial nicht sicher ableitbar.","hasMore":true,"hasExcerpt":true,"sources":[{"bookId":"30-nights-sr6","title":"30 Nächte und 3 Tage","edition":"SR6","citation":"30 Nächte und 3 Tage, Toronto und Die Nächte, S. 11-144","purpose":"description"}]}}}},{"type":"Feature","geometry":{"type":"Point","coordinates":[-79.420914,43.75219]},"properties":{"id":136,"global_id":"toronto-2080:place:136-gurdwara-im-nordlichen-groraum","name":"Gurdwara im nördlichen Großraum","aliases":[],"category":"Magie und Religion","detail_map":"North York","source_pages":"30 Nächte und 3 Tage, Nacht 1-30, S. 25-144","map_source":"30 Nächte und 3 Tage","placement_note":"Nach Quellenbezug im Teilraum North York angenähert","accuracy":"Teilraumzuordnung; Feinposition vorläufig","source_map":"toronto-2080-content","source_panel":"North York","description_preview":"Die von Greater Toronto Khalsa geschützte Gurdwara dient während des Blackouts als Zuflucht, Vorratslager und medizinische Hilfsstation.","description_full":"Die von Greater Toronto Khalsa geschützte Gurdwara dient während des Blackouts als Zuflucht, Vorratslager und medizinische Hilfsstation. Die Position ist auf den belegten Stadt- oder Teilraum angenähert; eine hausgenaue Lage und eine weitergehende eigene Fließtextbeschreibung sind aus dem zugeordneten Datenmaterial nicht sicher ableitbar.","description_source":"30 Nächte und 3 Tage, Nacht 1-30, S. 25-144","description_kind":"Ortsprofil","description_has_more":true,"detail_plans":[],"alternate_locations":[],"sources":[{"bookId":"30-nights-sr6","title":"30 Nächte und 3 Tage","edition":"SR6","citation":"30 Nächte und 3 Tage, Nacht 1-30, S. 25-144","purpose":"description"}],"map_sources":[],"editions":["SR6"],"edition_descriptions":{"SR6":{"kind":"Ortsprofil","preview":"Die von Greater Toronto Khalsa geschützte Gurdwara dient während des Blackouts als Zuflucht, Vorratslager und medizinische Hilfsstation.","full":"Die von Greater Toronto Khalsa geschützte Gurdwara dient während des Blackouts als Zuflucht, Vorratslager und medizinische Hilfsstation. Die Position ist auf den belegten Stadt- oder Teilraum angenähert; eine hausgenaue Lage und eine weitergehende eigene Fließtextbeschreibung sind aus dem zugeordneten Datenmaterial nicht sicher ableitbar.","hasMore":true,"hasExcerpt":true,"sources":[{"bookId":"30-nights-sr6","title":"30 Nächte und 3 Tage","edition":"SR6","citation":"30 Nächte und 3 Tage, Nacht 1-30, S. 25-144","purpose":"description"}]}}}},{"type":"Feature","geometry":{"type":"Point","coordinates":[-79.354,43.641]},"properties":{"id":14,"global_id":"toronto-2080:place:14-hafenviertel","name":"Hafenviertel","aliases":[],"category":"Stadtteile","detail_map":"Downtown/Alt-Toronto","source_pages":"Toronto Poster 2080, Legende Nr. 7","map_source":"Toronto Poster 2080","placement_note":"Erhaltener geographischer Bezugspunkt","accuracy":"Geographischer Bezugspunkt","source_map":"toronto-2080-content","source_panel":"Downtown/Alt-Toronto","description_preview":"Wuxing modernisierte das Hafenviertel zu einem bedeutenden Warenumschlagplatz; Triaden und ein geheimes Dock ergänzen die legale Logistik.","description_full":"Wuxing modernisierte das Hafenviertel zu einem bedeutenden Warenumschlagplatz; Triaden und ein geheimes Dock ergänzen die legale Logistik. Die Position folgt einem erhaltenen heutigen Bezugspunkt.","description_source":"Toronto Poster 2080, Legende Nr. 7","description_kind":"Ortsprofil","description_has_more":true,"detail_plans":[],"alternate_locations":[],"sources":[{"bookId":"toronto-poster-sr6","title":"Toronto Poster 2080","edition":"SR6","citation":"Toronto Poster 2080, Legende Nr. 7","purpose":"description"}],"map_sources":[],"editions":["SR6"],"edition_descriptions":{"SR6":{"kind":"Ortsprofil","preview":"Wuxing modernisierte das Hafenviertel zu einem bedeutenden Warenumschlagplatz; Triaden und ein geheimes Dock ergänzen die legale Logistik.","full":"Wuxing modernisierte das Hafenviertel zu einem bedeutenden Warenumschlagplatz; Triaden und ein geheimes Dock ergänzen die legale Logistik. Die Position folgt einem erhaltenen heutigen Bezugspunkt.","hasMore":true,"hasExcerpt":true,"sources":[{"bookId":"toronto-poster-sr6","title":"Toronto Poster 2080","edition":"SR6","citation":"Toronto Poster 2080, Legende Nr. 7","purpose":"description"}]}},"map_number_sr6":7}},{"type":"Feature","geometry":{"type":"Point","coordinates":[-79.382936,43.647109]},"properties":{"id":140,"global_id":"toronto-2080:place:140-hauptquartier-der-magical-reform-society","name":"Hauptquartier der Magical Reform Society","aliases":[],"category":"Magie und Religion","detail_map":"Toronto","source_pages":"Unterwelt-Quellenbuch, Magical Reform Society, S. 82","map_source":"Underworld Sourcebook / Unterwelt-Quellenbuch","placement_note":"Nach Quellenbezug im Teilraum Toronto angenähert","accuracy":"Teilraumzuordnung; Feinposition vorläufig","source_map":"toronto-2080-content","source_panel":"Toronto","description_preview":"Die Magical Reform Society unterhält ihr Hauptquartier in Toronto und dient zugleich als Tarn- und Einflussorganisation der Illuminates of the New Dawn.","description_full":"Die Magical Reform Society unterhält ihr Hauptquartier in Toronto und dient zugleich als Tarn- und Einflussorganisation der Illuminates of the New Dawn. Die Position ist auf den belegten Stadt- oder Teilraum angenähert; eine hausgenaue Lage und eine weitergehende eigene Fließtextbeschreibung sind aus dem zugeordneten Datenmaterial nicht sicher ableitbar.","description_source":"Unterwelt-Quellenbuch, Magical Reform Society, S. 82","description_kind":"Ortsprofil","description_has_more":true,"detail_plans":[],"alternate_locations":[],"sources":[{"bookId":"underworld-sr2","title":"Underworld Sourcebook / Unterwelt-Quellenbuch","edition":"SR2","citation":"Unterwelt-Quellenbuch, Magical Reform Society, S. 82","purpose":"description"}],"map_sources":[],"editions":["SR2"],"edition_descriptions":{"SR2":{"kind":"Ortsprofil","preview":"Die Magical Reform Society unterhält ihr Hauptquartier in Toronto und dient zugleich als Tarn- und Einflussorganisation der Illuminates of the New Dawn.","full":"Die Magical Reform Society unterhält ihr Hauptquartier in Toronto und dient zugleich als Tarn- und Einflussorganisation der Illuminates of the New Dawn. Die Position ist auf den belegten Stadt- oder Teilraum angenähert; eine hausgenaue Lage und eine weitergehende eigene Fließtextbeschreibung sind aus dem zugeordneten Datenmaterial nicht sicher ableitbar.","hasMore":true,"hasExcerpt":true,"sources":[{"bookId":"underworld-sr2","title":"Underworld Sourcebook / Unterwelt-Quellenbuch","edition":"SR2","citation":"Unterwelt-Quellenbuch, Magical Reform Society, S. 82","purpose":"description"}]}}}},{"type":"Feature","geometry":{"type":"Point","coordinates":[-79.389715,43.647413]},"properties":{"id":144,"global_id":"toronto-2080:place:144-hauptquartier-von-realm-beyond","name":"Hauptquartier von Realm Beyond","aliases":[],"category":"Matrix und Metaplanes","detail_map":"Downtown/Alt-Toronto","source_pages":"Emergence, Realm Beyond, S. 102","map_source":"Emergence / Emergenz","placement_note":"Nach Quellenbezug im Teilraum Downtown/Alt-Toronto angenähert","accuracy":"Teilraumzuordnung; Feinposition vorläufig","source_map":"toronto-2080-content","source_panel":"Downtown/Alt-Toronto","description_preview":"Der lokale KI- und Technomancer-Kult Realm Beyond unterhält ein von der Polizei beobachtetes Hauptquartier in Toronto.","description_full":"Der lokale KI- und Technomancer-Kult Realm Beyond unterhält ein von der Polizei beobachtetes Hauptquartier in Toronto. Die Position ist auf den belegten Stadt- oder Teilraum angenähert; eine hausgenaue Lage und eine weitergehende eigene Fließtextbeschreibung sind aus dem zugeordneten Datenmaterial nicht sicher ableitbar.","description_source":"Emergence, Realm Beyond, S. 102","description_kind":"Ortsprofil","description_has_more":true,"detail_plans":[],"alternate_locations":[],"sources":[{"bookId":"emergence-sr4","title":"Emergence / Emergenz","edition":"SR4","citation":"Emergence, Realm Beyond, S. 102","purpose":"description"}],"map_sources":[],"editions":["SR4"],"edition_descriptions":{"SR4":{"kind":"Ortsprofil","preview":"Der lokale KI- und Technomancer-Kult Realm Beyond unterhält ein von der Polizei beobachtetes Hauptquartier in Toronto.","full":"Der lokale KI- und Technomancer-Kult Realm Beyond unterhält ein von der Polizei beobachtetes Hauptquartier in Toronto. Die Position ist auf den belegten Stadt- oder Teilraum angenähert; eine hausgenaue Lage und eine weitergehende eigene Fließtextbeschreibung sind aus dem zugeordneten Datenmaterial nicht sicher ableitbar.","hasMore":true,"hasExcerpt":true,"sources":[{"bookId":"emergence-sr4","title":"Emergence / Emergenz","edition":"SR4","citation":"Emergence, Realm Beyond, S. 102","purpose":"description"}]}}}},{"type":"Feature","geometry":{"type":"Point","coordinates":[-79.4637,43.6465]},"properties":{"id":15,"global_id":"toronto-2080:place:15-high-park","name":"High Park","aliases":[],"category":"Freizeit und Natur","detail_map":"West End","source_pages":"Toronto Poster 2080, Legende Nr. 8","map_source":"Toronto Poster 2080","placement_note":"Erhaltener geographischer Bezugspunkt","accuracy":"Geographischer Bezugspunkt","source_map":"toronto-2080-content","source_panel":"West End","description_preview":"High Park ist gepflegter Freizeitpark, Wohnlage und kontrollierter Paracritter-Lebensraum im West End.","description_full":"High Park ist gepflegter Freizeitpark, Wohnlage und kontrollierter Paracritter-Lebensraum im West End. Die Position folgt einem erhaltenen heutigen Bezugspunkt.","description_source":"Toronto Poster 2080, Legende Nr. 8","description_kind":"Ortsprofil","description_has_more":true,"detail_plans":[],"alternate_locations":[],"sources":[{"bookId":"toronto-poster-sr6","title":"Toronto Poster 2080","edition":"SR6","citation":"Toronto Poster 2080, Legende Nr. 8","purpose":"description"},{"bookId":"30-nights-sr6","title":"30 Nächte und 3 Tage","edition":"SR6","citation":"30 Nächte und 3 Tage, Toronto-Karte, Legende Nr. 15","purpose":"description"}],"map_sources":[],"editions":["SR6"],"edition_descriptions":{"SR6":{"kind":"Ortsprofil","preview":"High Park ist auf der offiziellen Übersichtskarte von 30 Nächte als wichtiger Torontoer Ort ausgewiesen.","full":"High Park ist auf der offiziellen Übersichtskarte von 30 Nächte als wichtiger Torontoer Ort ausgewiesen. Die Position folgt einem erhaltenen heutigen Bezugspunkt.","hasMore":true,"hasExcerpt":true,"sources":[{"bookId":"toronto-poster-sr6","title":"Toronto Poster 2080","edition":"SR6","citation":"Toronto Poster 2080, Legende Nr. 8","purpose":"description"},{"bookId":"30-nights-sr6","title":"30 Nächte und 3 Tage","edition":"SR6","citation":"30 Nächte und 3 Tage, Toronto-Karte, Legende Nr. 15","purpose":"description"}]}},"map_number_sr6":8}},{"type":"Feature","geometry":{"type":"Point","coordinates":[-79.377,43.6473]},"properties":{"id":90,"global_id":"toronto-2080:place:90-hockey-hall-of-fame","name":"Hockey Hall of Fame","aliases":[],"category":"Bildung und Kultur","detail_map":"Downtown/Alt-Toronto","source_pages":"30 Nächte und 3 Tage, Toronto und Die Nächte, S. 11-144","map_source":"30 Nächte und 3 Tage","placement_note":"Erhaltener geographischer Bezugspunkt","accuracy":"Geographischer Bezugspunkt","source_map":"toronto-2080-content","source_panel":"Downtown/Alt-Toronto","description_preview":"Die Hockey Hall of Fame ist Kulturdenkmal, Geisterort und Schauplatz eines geplanten Anschlags.","description_full":"Die Hockey Hall of Fame ist Kulturdenkmal, Geisterort und Schauplatz eines geplanten Anschlags. Die Position folgt einem erhaltenen heutigen Bezugspunkt.","description_source":"30 Nächte und 3 Tage, Toronto und Die Nächte, S. 11-144","description_kind":"Ortsprofil","description_has_more":true,"detail_plans":[],"alternate_locations":[],"sources":[{"bookId":"30-nights-sr6","title":"30 Nächte und 3 Tage","edition":"SR6","citation":"30 Nächte und 3 Tage, Toronto und Die Nächte, S. 11-144","purpose":"description"}],"map_sources":[],"editions":["SR6"],"edition_descriptions":{"SR6":{"kind":"Ortsprofil","preview":"Die Hockey Hall of Fame ist Kulturdenkmal, Geisterort und Schauplatz eines geplanten Anschlags.","full":"Die Hockey Hall of Fame ist Kulturdenkmal, Geisterort und Schauplatz eines geplanten Anschlags. Die Position folgt einem erhaltenen heutigen Bezugspunkt.","hasMore":true,"hasExcerpt":true,"sources":[{"bookId":"30-nights-sr6","title":"30 Nächte und 3 Tage","edition":"SR6","citation":"30 Nächte und 3 Tage, Toronto und Die Nächte, S. 11-144","purpose":"description"}]}}}},{"type":"Feature","geometry":{"type":"Point","coordinates":[-79.405,43.742]},"properties":{"id":62,"global_id":"toronto-2080:place:62-hoggs-hollow","name":"Hoggs Hollow","aliases":[],"category":"Stadtteile","detail_map":"North York","source_pages":"30 Nächte und 3 Tage, Toronto-Karte, Legende Nr. 23","map_source":"30 Nächte und 3 Tage","placement_note":"Erhaltener geographischer Bezugspunkt","accuracy":"Geographischer Bezugspunkt","source_map":"toronto-2080-content","source_panel":"North York","description_preview":"Hoggs Hollow ist auf der offiziellen Übersichtskarte von 30 Nächte als wichtiger Torontoer Ort ausgewiesen.","description_full":"Hoggs Hollow ist auf der offiziellen Übersichtskarte von 30 Nächte als wichtiger Torontoer Ort ausgewiesen. Die Position folgt einem erhaltenen heutigen Bezugspunkt.","description_source":"30 Nächte und 3 Tage, Toronto-Karte, Legende Nr. 23","description_kind":"Ortsprofil","description_has_more":true,"detail_plans":[],"alternate_locations":[],"sources":[{"bookId":"30-nights-sr6","title":"30 Nächte und 3 Tage","edition":"SR6","citation":"30 Nächte und 3 Tage, Toronto-Karte, Legende Nr. 23","purpose":"description"}],"map_sources":[],"editions":["SR6"],"edition_descriptions":{"SR6":{"kind":"Ortsprofil","preview":"Hoggs Hollow ist auf der offiziellen Übersichtskarte von 30 Nächte als wichtiger Torontoer Ort ausgewiesen.","full":"Hoggs Hollow ist auf der offiziellen Übersichtskarte von 30 Nächte als wichtiger Torontoer Ort ausgewiesen. Die Position folgt einem erhaltenen heutigen Bezugspunkt.","hasMore":true,"hasExcerpt":true,"sources":[{"bookId":"30-nights-sr6","title":"30 Nächte und 3 Tage","edition":"SR6","citation":"30 Nächte und 3 Tage, Toronto-Karte, Legende Nr. 23","purpose":"description"}]}}}},{"type":"Feature","geometry":{"type":"Point","coordinates":[-79.412,43.6654]},"properties":{"id":57,"global_id":"toronto-2080:place:57-honest-eds","name":"Honest Ed’s","aliases":[],"category":"Sonstige Spots","detail_map":"West End","source_pages":"30 Nächte und 3 Tage, Toronto-Karte, Legende Nr. 10","map_source":"30 Nächte und 3 Tage","placement_note":"Erhaltener geographischer Bezugspunkt","accuracy":"Geographischer Bezugspunkt","source_map":"toronto-2080-content","source_panel":"West End","description_preview":"Honest Ed’s ist auf der offiziellen Übersichtskarte von 30 Nächte als wichtiger Torontoer Ort ausgewiesen.","description_full":"Honest Ed’s ist auf der offiziellen Übersichtskarte von 30 Nächte als wichtiger Torontoer Ort ausgewiesen. Die Position folgt einem erhaltenen heutigen Bezugspunkt.","description_source":"30 Nächte und 3 Tage, Toronto-Karte, Legende Nr. 10","description_kind":"Ortsprofil","description_has_more":true,"detail_plans":[],"alternate_locations":[],"sources":[{"bookId":"30-nights-sr6","title":"30 Nächte und 3 Tage","edition":"SR6","citation":"30 Nächte und 3 Tage, Toronto-Karte, Legende Nr. 10","purpose":"description"}],"map_sources":[],"editions":["SR6"],"edition_descriptions":{"SR6":{"kind":"Ortsprofil","preview":"Honest Ed’s ist auf der offiziellen Übersichtskarte von 30 Nächte als wichtiger Torontoer Ort ausgewiesen.","full":"Honest Ed’s ist auf der offiziellen Übersichtskarte von 30 Nächte als wichtiger Torontoer Ort ausgewiesen. Die Position folgt einem erhaltenen heutigen Bezugspunkt.","hasMore":true,"hasExcerpt":true,"sources":[{"bookId":"30-nights-sr6","title":"30 Nächte und 3 Tage","edition":"SR6","citation":"30 Nächte und 3 Tage, Toronto-Karte, Legende Nr. 10","purpose":"description"}]}}}},{"type":"Feature","geometry":{"type":"Point","coordinates":[-79.3871,43.6572]},"properties":{"id":34,"global_id":"toronto-2080:place:34-hospital-for-sick-children","name":"Hospital for Sick Children","aliases":[],"category":"Medizin","detail_map":"Downtown/Alt-Toronto","source_pages":"Toronto Poster 2080, Legende Nr. 28","map_source":"Toronto Poster 2080","placement_note":"Erhaltener geographischer Bezugspunkt","accuracy":"Geographischer Bezugspunkt","source_map":"toronto-2080-content","source_panel":"Downtown/Alt-Toronto","description_preview":"SickKids gehört zum dicht konzentrierten und streng kontrollierten Krankenhausviertel.","description_full":"SickKids gehört zum dicht konzentrierten und streng kontrollierten Krankenhausviertel. Die Position folgt einem erhaltenen heutigen Bezugspunkt.","description_source":"Toronto Poster 2080, Legende Nr. 28","description_kind":"Ortsprofil","description_has_more":true,"detail_plans":[],"alternate_locations":[],"sources":[{"bookId":"toronto-poster-sr6","title":"Toronto Poster 2080","edition":"SR6","citation":"Toronto Poster 2080, Legende Nr. 28","purpose":"description"}],"map_sources":[],"editions":["SR6"],"edition_descriptions":{"SR6":{"kind":"Ortsprofil","preview":"SickKids gehört zum dicht konzentrierten und streng kontrollierten Krankenhausviertel.","full":"SickKids gehört zum dicht konzentrierten und streng kontrollierten Krankenhausviertel. Die Position folgt einem erhaltenen heutigen Bezugspunkt.","hasMore":true,"hasExcerpt":true,"sources":[{"bookId":"toronto-poster-sr6","title":"Toronto Poster 2080","edition":"SR6","citation":"Toronto Poster 2080, Legende Nr. 28","purpose":"description"}]}},"map_number_sr6":28}},{"type":"Feature","geometry":{"type":"Point","coordinates":[-79.374914,43.646358]},"properties":{"id":137,"global_id":"toronto-2080:place:137-hungerunruhen-von-toronto-2048","name":"Hungerunruhen von Toronto 2048","aliases":[],"category":"Historische Ereignisse","detail_map":"Toronto","source_pages":"Mercurial, Konzertszene und Toronto Food Riots, S. 35","map_source":"Mercurial","placement_note":"Nach Quellenbezug im Teilraum Toronto angenähert","accuracy":"Teilraumzuordnung; Feinposition vorläufig","source_map":"toronto-2080-content","source_panel":"Toronto","description_preview":"Mercurial belegt die stadtweiten Hungerunruhen von 2048 durch zeitgenössisches Bildmaterial; der Marker bezeichnet das Ereignis, keinen hausgenauen Schauplatz.","description_full":"Mercurial belegt die stadtweiten Hungerunruhen von 2048 durch zeitgenössisches Bildmaterial; der Marker bezeichnet das Ereignis, keinen hausgenauen Schauplatz. Die Position ist auf den belegten Stadt- oder Teilraum angenähert; eine hausgenaue Lage und eine weitergehende eigene Fließtextbeschreibung sind aus dem zugeordneten Datenmaterial nicht sicher ableitbar.","description_source":"Mercurial, Konzertszene und Toronto Food Riots, S. 35","description_kind":"Ortsprofil","description_has_more":true,"detail_plans":[],"alternate_locations":[],"sources":[{"bookId":"mercurial-sr1","title":"Mercurial","edition":"SR1","citation":"Mercurial, Konzertszene und Toronto Food Riots, S. 35","purpose":"description"}],"map_sources":[],"editions":["SR1"],"edition_descriptions":{"SR1":{"kind":"Ortsprofil","preview":"Mercurial belegt die stadtweiten Hungerunruhen von 2048 durch zeitgenössisches Bildmaterial; der Marker bezeichnet das Ereignis, keinen hausgenauen Schauplatz.","full":"Mercurial belegt die stadtweiten Hungerunruhen von 2048 durch zeitgenössisches Bildmaterial; der Marker bezeichnet das Ereignis, keinen hausgenauen Schauplatz. Die Position ist auf den belegten Stadt- oder Teilraum angenähert; eine hausgenaue Lage und eine weitergehende eigene Fließtextbeschreibung sind aus dem zugeordneten Datenmaterial nicht sicher ableitbar.","hasMore":true,"hasExcerpt":true,"sources":[{"bookId":"mercurial-sr1","title":"Mercurial","edition":"SR1","citation":"Mercurial, Konzertszene und Toronto Food Riots, S. 35","purpose":"description"}]}}}},{"type":"Feature","geometry":{"type":"Point","coordinates":[-79.387791,43.654919]},"properties":{"id":145,"global_id":"toronto-2080:place:145-ice-princess","name":"Ice Princess","aliases":[],"category":"Bars und Clubs","detail_map":"Downtown/Alt-Toronto","source_pages":"Jet Set, Plot Point One, S. 38","map_source":"Jet Set","placement_note":"Nach Quellenbezug im Teilraum Downtown/Alt-Toronto angenähert","accuracy":"Teilraumzuordnung; Feinposition vorläufig","source_map":"toronto-2080-content","source_panel":"Downtown/Alt-Toronto","description_preview":"Der aufstrebende Club wird von Frankie Hamilton geführt und bietet Zugang zu dessen Draco-Foundation-Kontakten.","description_full":"Der aufstrebende Club wird von Frankie Hamilton geführt und bietet Zugang zu dessen Draco-Foundation-Kontakten. Die Position ist auf den belegten Stadt- oder Teilraum angenähert; eine hausgenaue Lage und eine weitergehende eigene Fließtextbeschreibung sind aus dem zugeordneten Datenmaterial nicht sicher ableitbar.","description_source":"Jet Set, Plot Point One, S. 38","description_kind":"Ortsprofil","description_has_more":true,"detail_plans":[],"alternate_locations":[],"sources":[{"bookId":"jet-set-sr4","title":"Jet Set","edition":"SR4","citation":"Jet Set, Plot Point One, S. 38","purpose":"description"}],"map_sources":[],"editions":["SR4"],"edition_descriptions":{"SR4":{"kind":"Ortsprofil","preview":"Der aufstrebende Club wird von Frankie Hamilton geführt und bietet Zugang zu dessen Draco-Foundation-Kontakten.","full":"Der aufstrebende Club wird von Frankie Hamilton geführt und bietet Zugang zu dessen Draco-Foundation-Kontakten. Die Position ist auf den belegten Stadt- oder Teilraum angenähert; eine hausgenaue Lage und eine weitergehende eigene Fließtextbeschreibung sind aus dem zugeordneten Datenmaterial nicht sicher ableitbar.","hasMore":true,"hasExcerpt":true,"sources":[{"bookId":"jet-set-sr4","title":"Jet Set","edition":"SR4","citation":"Jet Set, Plot Point One, S. 38","purpose":"description"}]}}}},{"type":"Feature","geometry":{"type":"Point","coordinates":[-79.516,43.756]},"properties":{"id":16,"global_id":"toronto-2080:place:16-jane-finch","name":"Jane & Finch","aliases":[],"category":"Stadtteile","detail_map":"North York","source_pages":"Toronto Poster 2080, Legende Nr. 9","map_source":"Toronto Poster 2080","placement_note":"Erhaltener geographischer Bezugspunkt","accuracy":"Geographischer Bezugspunkt","source_map":"toronto-2080-content","source_panel":"North York","description_preview":"Jane & Finch ist Torontos größtes Barrensgebiet, in dem Gangs statt Polizei die Straßen kontrollieren.","description_full":"Jane & Finch ist Torontos größtes Barrensgebiet, in dem Gangs statt Polizei die Straßen kontrollieren. Die Position folgt einem erhaltenen heutigen Bezugspunkt.","description_source":"Toronto Poster 2080, Legende Nr. 9","description_kind":"Ortsprofil","description_has_more":true,"detail_plans":[],"alternate_locations":[],"sources":[{"bookId":"toronto-poster-sr6","title":"Toronto Poster 2080","edition":"SR6","citation":"Toronto Poster 2080, Legende Nr. 9","purpose":"description"},{"bookId":"30-nights-sr6","title":"30 Nächte und 3 Tage","edition":"SR6","citation":"30 Nächte und 3 Tage, Toronto-Karte, Legende Nr. 20","purpose":"description"}],"map_sources":[],"editions":["SR6"],"edition_descriptions":{"SR6":{"kind":"Ortsprofil","preview":"Jane & Finch ist auf der offiziellen Übersichtskarte von 30 Nächte als wichtiger Torontoer Ort ausgewiesen.","full":"Jane & Finch ist auf der offiziellen Übersichtskarte von 30 Nächte als wichtiger Torontoer Ort ausgewiesen. Die Position folgt einem erhaltenen heutigen Bezugspunkt.","hasMore":true,"hasExcerpt":true,"sources":[{"bookId":"toronto-poster-sr6","title":"Toronto Poster 2080","edition":"SR6","citation":"Toronto Poster 2080, Legende Nr. 9","purpose":"description"},{"bookId":"30-nights-sr6","title":"30 Nächte und 3 Tage","edition":"SR6","citation":"30 Nächte und 3 Tage, Toronto-Karte, Legende Nr. 20","purpose":"description"}]}},"map_number_sr6":9}},{"type":"Feature","geometry":{"type":"Point","coordinates":[-79.3765,43.6716]},"properties":{"id":100,"global_id":"toronto-2080:place:100-keg-mansion","name":"Keg Mansion","aliases":[],"category":"Magie und Religion","detail_map":"Downtown/Alt-Toronto","source_pages":"30 Nächte und 3 Tage, Toronto und Die Nächte, S. 11-144","map_source":"30 Nächte und 3 Tage","placement_note":"Erhaltener geographischer Bezugspunkt","accuracy":"Geographischer Bezugspunkt","source_map":"toronto-2080-content","source_panel":"Downtown/Alt-Toronto","description_preview":"Das frühere Wohnhaus und Restaurant weist eine schamanisch verzerrte Atmosphäre auf.","description_full":"Das frühere Wohnhaus und Restaurant weist eine schamanisch verzerrte Atmosphäre auf. Die Position folgt einem erhaltenen heutigen Bezugspunkt.","description_source":"30 Nächte und 3 Tage, Toronto und Die Nächte, S. 11-144","description_kind":"Ortsprofil","description_has_more":true,"detail_plans":[],"alternate_locations":[],"sources":[{"bookId":"30-nights-sr6","title":"30 Nächte und 3 Tage","edition":"SR6","citation":"30 Nächte und 3 Tage, Toronto und Die Nächte, S. 11-144","purpose":"description"}],"map_sources":[],"editions":["SR6"],"edition_descriptions":{"SR6":{"kind":"Ortsprofil","preview":"Das frühere Wohnhaus und Restaurant weist eine schamanisch verzerrte Atmosphäre auf.","full":"Das frühere Wohnhaus und Restaurant weist eine schamanisch verzerrte Atmosphäre auf. Die Position folgt einem erhaltenen heutigen Bezugspunkt.","hasMore":true,"hasExcerpt":true,"sources":[{"bookId":"30-nights-sr6","title":"30 Nächte und 3 Tage","edition":"SR6","citation":"30 Nächte und 3 Tage, Toronto und Die Nächte, S. 11-144","purpose":"description"}]}}}},{"type":"Feature","geometry":{"type":"Point","coordinates":[-79.4005,43.6545]},"properties":{"id":118,"global_id":"toronto-2080:place:118-kensington-market","name":"Kensington Market","aliases":[],"category":"Einkaufen","detail_map":"Downtown/Alt-Toronto","source_pages":"30 Nächte und 3 Tage, Nacht 1-30, S. 25-144","map_source":"30 Nächte und 3 Tage","placement_note":"Erhaltener geographischer Bezugspunkt","accuracy":"Geographischer Bezugspunkt","source_map":"toronto-2080-content","source_panel":"Downtown/Alt-Toronto","description_preview":"Der Markt bleibt ein dichtes Handels- und Ausgehviertel, steht jedoch unter dem Einfluss der örtlichen Yakuza.","description_full":"Der Markt bleibt ein dichtes Handels- und Ausgehviertel, steht jedoch unter dem Einfluss der örtlichen Yakuza. Die Position folgt einem erhaltenen heutigen Bezugspunkt.","description_source":"30 Nächte und 3 Tage, Nacht 1-30, S. 25-144","description_kind":"Ortsprofil","description_has_more":true,"detail_plans":[],"alternate_locations":[],"sources":[{"bookId":"30-nights-sr6","title":"30 Nächte und 3 Tage","edition":"SR6","citation":"30 Nächte und 3 Tage, Nacht 1-30, S. 25-144","purpose":"description"}],"map_sources":[],"editions":["SR6"],"edition_descriptions":{"SR6":{"kind":"Ortsprofil","preview":"Der Markt bleibt ein dichtes Handels- und Ausgehviertel, steht jedoch unter dem Einfluss der örtlichen Yakuza.","full":"Der Markt bleibt ein dichtes Handels- und Ausgehviertel, steht jedoch unter dem Einfluss der örtlichen Yakuza. Die Position folgt einem erhaltenen heutigen Bezugspunkt.","hasMore":true,"hasExcerpt":true,"sources":[{"bookId":"30-nights-sr6","title":"30 Nächte und 3 Tage","edition":"SR6","citation":"30 Nächte und 3 Tage, Nacht 1-30, S. 25-144","purpose":"description"}]}}}},{"type":"Feature","geometry":{"type":"Point","coordinates":[-79.295,43.669]},"properties":{"id":131,"global_id":"toronto-2080:place:131-leuty-lifeguard-station","name":"Leuty Lifeguard Station","aliases":[],"category":"Sicherheit und Justiz","detail_map":"The Beaches","source_pages":"30 Nächte und 3 Tage, Nacht 1-30, S. 25-144","map_source":"30 Nächte und 3 Tage","placement_note":"Erhaltener geographischer Bezugspunkt","accuracy":"Geographischer Bezugspunkt","source_map":"toronto-2080-content","source_panel":"The Beaches","description_preview":"Die Rettungsschwimmerstation an The Beaches dient als verabredeter Übergabe- und Fluchtpunkt.","description_full":"Die Rettungsschwimmerstation an The Beaches dient als verabredeter Übergabe- und Fluchtpunkt. Die Position folgt einem erhaltenen heutigen Bezugspunkt.","description_source":"30 Nächte und 3 Tage, Nacht 1-30, S. 25-144","description_kind":"Ortsprofil","description_has_more":true,"detail_plans":[],"alternate_locations":[],"sources":[{"bookId":"30-nights-sr6","title":"30 Nächte und 3 Tage","edition":"SR6","citation":"30 Nächte und 3 Tage, Nacht 1-30, S. 25-144","purpose":"description"}],"map_sources":[],"editions":["SR6"],"edition_descriptions":{"SR6":{"kind":"Ortsprofil","preview":"Die Rettungsschwimmerstation an The Beaches dient als verabredeter Übergabe- und Fluchtpunkt.","full":"Die Rettungsschwimmerstation an The Beaches dient als verabredeter Übergabe- und Fluchtpunkt. Die Position folgt einem erhaltenen heutigen Bezugspunkt.","hasMore":true,"hasExcerpt":true,"sources":[{"bookId":"30-nights-sr6","title":"30 Nächte und 3 Tage","edition":"SR6","citation":"30 Nächte und 3 Tage, Nacht 1-30, S. 25-144","purpose":"description"}]}}}},{"type":"Feature","geometry":{"type":"Point","coordinates":[-79.322,43.672]},"properties":{"id":59,"global_id":"toronto-2080:place:59-little-india","name":"Little India","aliases":[],"category":"Stadtteile","detail_map":"East York","source_pages":"30 Nächte und 3 Tage, Toronto-Karte, Legende Nr. 13","map_source":"30 Nächte und 3 Tage","placement_note":"Erhaltener geographischer Bezugspunkt","accuracy":"Geographischer Bezugspunkt","source_map":"toronto-2080-content","source_panel":"East York","description_preview":"Little India ist auf der offiziellen Übersichtskarte von 30 Nächte als wichtiger Torontoer Ort ausgewiesen.","description_full":"Little India ist auf der offiziellen Übersichtskarte von 30 Nächte als wichtiger Torontoer Ort ausgewiesen. Die Position folgt einem erhaltenen heutigen Bezugspunkt.","description_source":"30 Nächte und 3 Tage, Toronto-Karte, Legende Nr. 13","description_kind":"Ortsprofil","description_has_more":true,"detail_plans":[],"alternate_locations":[],"sources":[{"bookId":"30-nights-sr6","title":"30 Nächte und 3 Tage","edition":"SR6","citation":"30 Nächte und 3 Tage, Toronto-Karte, Legende Nr. 13","purpose":"description"}],"map_sources":[],"editions":["SR6"],"edition_descriptions":{"SR6":{"kind":"Ortsprofil","preview":"Little India ist auf der offiziellen Übersichtskarte von 30 Nächte als wichtiger Torontoer Ort ausgewiesen.","full":"Little India ist auf der offiziellen Übersichtskarte von 30 Nächte als wichtiger Torontoer Ort ausgewiesen. Die Position folgt einem erhaltenen heutigen Bezugspunkt.","hasMore":true,"hasExcerpt":true,"sources":[{"bookId":"30-nights-sr6","title":"30 Nächte und 3 Tage","edition":"SR6","citation":"30 Nächte und 3 Tage, Toronto-Karte, Legende Nr. 13","purpose":"description"}]}}}},{"type":"Feature","geometry":{"type":"Point","coordinates":[-79.4166,43.655]},"properties":{"id":52,"global_id":"toronto-2080:place:52-little-italy","name":"Little Italy","aliases":[],"category":"Stadtteile","detail_map":"Downtown/Alt-Toronto","source_pages":"30 Nächte und 3 Tage, Toronto-Karte, Legende Nr. 3","map_source":"30 Nächte und 3 Tage","placement_note":"Erhaltener geographischer Bezugspunkt","accuracy":"Geographischer Bezugspunkt","source_map":"toronto-2080-content","source_panel":"Downtown/Alt-Toronto","description_preview":"Little Italy ist auf der offiziellen Übersichtskarte von 30 Nächte als wichtiger Torontoer Ort ausgewiesen.","description_full":"Little Italy ist auf der offiziellen Übersichtskarte von 30 Nächte als wichtiger Torontoer Ort ausgewiesen. Die Position folgt einem erhaltenen heutigen Bezugspunkt.","description_source":"30 Nächte und 3 Tage, Toronto-Karte, Legende Nr. 3","description_kind":"Ortsprofil","description_has_more":true,"detail_plans":[],"alternate_locations":[],"sources":[{"bookId":"30-nights-sr6","title":"30 Nächte und 3 Tage","edition":"SR6","citation":"30 Nächte und 3 Tage, Toronto-Karte, Legende Nr. 3","purpose":"description"}],"map_sources":[],"editions":["SR6"],"edition_descriptions":{"SR6":{"kind":"Ortsprofil","preview":"Little Italy ist auf der offiziellen Übersichtskarte von 30 Nächte als wichtiger Torontoer Ort ausgewiesen.","full":"Little Italy ist auf der offiziellen Übersichtskarte von 30 Nächte als wichtiger Torontoer Ort ausgewiesen. Die Position folgt einem erhaltenen heutigen Bezugspunkt.","hasMore":true,"hasExcerpt":true,"sources":[{"bookId":"30-nights-sr6","title":"30 Nächte und 3 Tage","edition":"SR6","citation":"30 Nächte und 3 Tage, Toronto-Karte, Legende Nr. 3","purpose":"description"}]}}}},{"type":"Feature","geometry":{"type":"Point","coordinates":[-79.51,43.76]},"properties":{"id":35,"global_id":"toronto-2080:place:35-mackenzie-arkologie","name":"Mackenzie-Arkologie","aliases":[],"category":"Arkologien","detail_map":"Jane & Finch","source_pages":"Toronto Poster 2080, Legende Nr. 29","map_source":"Toronto Poster 2080","placement_note":"Erhaltener geographischer Bezugspunkt","accuracy":"Geographischer Bezugspunkt","source_map":"toronto-2080-content","source_panel":"Jane & Finch","description_preview":"Die alternde Mackenzie-Arkologie sollte Jane & Finch erneuern, ist 2080 jedoch vernachlässigt und intern von konkurrierenden Gruppen zersplittert.","description_full":"Die alternde Mackenzie-Arkologie sollte Jane & Finch erneuern, ist 2080 jedoch vernachlässigt und intern von konkurrierenden Gruppen zersplittert. Die Position folgt einem erhaltenen heutigen Bezugspunkt.","description_source":"Toronto Poster 2080, Legende Nr. 29","description_kind":"Ortsprofil","description_has_more":true,"detail_plans":[],"alternate_locations":[],"sources":[{"bookId":"toronto-poster-sr6","title":"Toronto Poster 2080","edition":"SR6","citation":"Toronto Poster 2080, Legende Nr. 29","purpose":"description"}],"map_sources":[],"editions":["SR6"],"edition_descriptions":{"SR6":{"kind":"Ortsprofil","preview":"Die alternde Mackenzie-Arkologie sollte Jane & Finch erneuern, ist 2080 jedoch vernachlässigt und intern von konkurrierenden Gruppen zersplittert.","full":"Die alternde Mackenzie-Arkologie sollte Jane & Finch erneuern, ist 2080 jedoch vernachlässigt und intern von konkurrierenden Gruppen zersplittert. Die Position folgt einem erhaltenen heutigen Bezugspunkt.","hasMore":true,"hasExcerpt":true,"sources":[{"bookId":"toronto-poster-sr6","title":"Toronto Poster 2080","edition":"SR6","citation":"Toronto Poster 2080, Legende Nr. 29","purpose":"description"}]}},"map_number_sr6":29}},{"type":"Feature","geometry":{"type":"Point","coordinates":[-79.374207,43.659181]},"properties":{"id":103,"global_id":"toronto-2080:place:103-magic-beans","name":"Magic Beans","aliases":[],"category":"Einkaufen","detail_map":"Cabbagetown","source_pages":"30 Nächte und 3 Tage, Toronto und Die Nächte, S. 11-144","map_source":"30 Nächte und 3 Tage","placement_note":"Nach Quellenbezug im Teilraum Cabbagetown angenähert","accuracy":"Teilraumzuordnung; Feinposition vorläufig","source_map":"toronto-2080-content","source_panel":"Cabbagetown","description_preview":"Penelope Beans Taliskrämerladen ist für seine ungewöhnlich breite, aber nicht immer verlässliche Reagenzienauswahl bekannt.","description_full":"Penelope Beans Taliskrämerladen ist für seine ungewöhnlich breite, aber nicht immer verlässliche Reagenzienauswahl bekannt. Die Position ist auf den belegten Stadt- oder Teilraum angenähert; eine hausgenaue Lage und eine weitergehende eigene Fließtextbeschreibung sind aus dem zugeordneten Datenmaterial nicht sicher ableitbar.","description_source":"30 Nächte und 3 Tage, Toronto und Die Nächte, S. 11-144","description_kind":"Ortsprofil","description_has_more":true,"detail_plans":[],"alternate_locations":[],"sources":[{"bookId":"30-nights-sr6","title":"30 Nächte und 3 Tage","edition":"SR6","citation":"30 Nächte und 3 Tage, Toronto und Die Nächte, S. 11-144","purpose":"description"}],"map_sources":[],"editions":["SR6"],"edition_descriptions":{"SR6":{"kind":"Ortsprofil","preview":"Penelope Beans Taliskrämerladen ist für seine ungewöhnlich breite, aber nicht immer verlässliche Reagenzienauswahl bekannt.","full":"Penelope Beans Taliskrämerladen ist für seine ungewöhnlich breite, aber nicht immer verlässliche Reagenzienauswahl bekannt. Die Position ist auf den belegten Stadt- oder Teilraum angenähert; eine hausgenaue Lage und eine weitergehende eigene Fließtextbeschreibung sind aus dem zugeordneten Datenmaterial nicht sicher ableitbar.","hasMore":true,"hasExcerpt":true,"sources":[{"bookId":"30-nights-sr6","title":"30 Nächte und 3 Tage","edition":"SR6","citation":"30 Nächte und 3 Tage, Toronto und Die Nächte, S. 11-144","purpose":"description"}]}}}},{"type":"Feature","geometry":{"type":"Point","coordinates":[-79.223,43.803]},"properties":{"id":68,"global_id":"toronto-2080:place:68-malvern-sports-university","name":"Malvern Sports University","aliases":[],"category":"Bildung und Kultur","detail_map":"Scarborough","source_pages":"30 Nächte und 3 Tage, Toronto-Karte, Legende Nr. 30","map_source":"30 Nächte und 3 Tage","placement_note":"Erhaltener geographischer Bezugspunkt","accuracy":"Geographischer Bezugspunkt","source_map":"toronto-2080-content","source_panel":"Scarborough","description_preview":"Malvern Sports University ist auf der offiziellen Übersichtskarte von 30 Nächte als wichtiger Torontoer Ort ausgewiesen.","description_full":"Malvern Sports University ist auf der offiziellen Übersichtskarte von 30 Nächte als wichtiger Torontoer Ort ausgewiesen. Die Position folgt einem erhaltenen heutigen Bezugspunkt.","description_source":"30 Nächte und 3 Tage, Toronto-Karte, Legende Nr. 30","description_kind":"Ortsprofil","description_has_more":true,"detail_plans":[],"alternate_locations":[],"sources":[{"bookId":"30-nights-sr6","title":"30 Nächte und 3 Tage","edition":"SR6","citation":"30 Nächte und 3 Tage, Toronto-Karte, Legende Nr. 30","purpose":"description"}],"map_sources":[],"editions":["SR6"],"edition_descriptions":{"SR6":{"kind":"Ortsprofil","preview":"Malvern Sports University ist auf der offiziellen Übersichtskarte von 30 Nächte als wichtiger Torontoer Ort ausgewiesen.","full":"Malvern Sports University ist auf der offiziellen Übersichtskarte von 30 Nächte als wichtiger Torontoer Ort ausgewiesen. Die Position folgt einem erhaltenen heutigen Bezugspunkt.","hasMore":true,"hasExcerpt":true,"sources":[{"bookId":"30-nights-sr6","title":"30 Nächte und 3 Tage","edition":"SR6","citation":"30 Nächte und 3 Tage, Toronto-Karte, Legende Nr. 30","purpose":"description"}]}}}},{"type":"Feature","geometry":{"type":"Point","coordinates":[-79.337,43.8561]},"properties":{"id":66,"global_id":"toronto-2080:place:66-markham","name":"Markham","aliases":[],"category":"Stadtteile","detail_map":"Scarborough","source_pages":"30 Nächte und 3 Tage, Toronto-Karte, Legende Nr. 28","map_source":"30 Nächte und 3 Tage","placement_note":"Erhaltener geographischer Bezugspunkt","accuracy":"Geographischer Bezugspunkt","source_map":"toronto-2080-content","source_panel":"Scarborough","description_preview":"Markham ist auf der offiziellen Übersichtskarte von 30 Nächte als wichtiger Torontoer Ort ausgewiesen.","description_full":"Markham ist auf der offiziellen Übersichtskarte von 30 Nächte als wichtiger Torontoer Ort ausgewiesen. Die Position folgt einem erhaltenen heutigen Bezugspunkt.","description_source":"30 Nächte und 3 Tage, Toronto-Karte, Legende Nr. 28","description_kind":"Ortsprofil","description_has_more":true,"detail_plans":[],"alternate_locations":[],"sources":[{"bookId":"30-nights-sr6","title":"30 Nächte und 3 Tage","edition":"SR6","citation":"30 Nächte und 3 Tage, Toronto-Karte, Legende Nr. 28","purpose":"description"}],"map_sources":[],"editions":["SR6"],"edition_descriptions":{"SR6":{"kind":"Ortsprofil","preview":"Markham ist auf der offiziellen Übersichtskarte von 30 Nächte als wichtiger Torontoer Ort ausgewiesen.","full":"Markham ist auf der offiziellen Übersichtskarte von 30 Nächte als wichtiger Torontoer Ort ausgewiesen. Die Position folgt einem erhaltenen heutigen Bezugspunkt.","hasMore":true,"hasExcerpt":true,"sources":[{"bookId":"30-nights-sr6","title":"30 Nächte und 3 Tage","edition":"SR6","citation":"30 Nächte und 3 Tage, Toronto-Karte, Legende Nr. 28","purpose":"description"}]}}}},{"type":"Feature","geometry":{"type":"Point","coordinates":[-79.39045,43.650854]},"properties":{"id":104,"global_id":"toronto-2080:place:104-massey-foundation","name":"Massey Foundation","aliases":[],"category":"Magie und Religion","detail_map":"Downtown/Alt-Toronto","source_pages":"30 Nächte und 3 Tage, Toronto und Die Nächte, S. 11-144","map_source":"30 Nächte und 3 Tage","placement_note":"Nach Quellenbezug im Teilraum Downtown/Alt-Toronto angenähert","accuracy":"Teilraumzuordnung; Feinposition vorläufig","source_map":"toronto-2080-content","source_panel":"Downtown/Alt-Toronto","description_preview":"Die Stiftung besitzt eine der besten Sammlungen zur regionalen Manageschichte.","description_full":"Die Stiftung besitzt eine der besten Sammlungen zur regionalen Manageschichte. Die Position ist auf den belegten Stadt- oder Teilraum angenähert; eine hausgenaue Lage und eine weitergehende eigene Fließtextbeschreibung sind aus dem zugeordneten Datenmaterial nicht sicher ableitbar.","description_source":"30 Nächte und 3 Tage, Toronto und Die Nächte, S. 11-144","description_kind":"Ortsprofil","description_has_more":true,"detail_plans":[],"alternate_locations":[],"sources":[{"bookId":"30-nights-sr6","title":"30 Nächte und 3 Tage","edition":"SR6","citation":"30 Nächte und 3 Tage, Toronto und Die Nächte, S. 11-144","purpose":"description"}],"map_sources":[],"editions":["SR6"],"edition_descriptions":{"SR6":{"kind":"Ortsprofil","preview":"Die Stiftung besitzt eine der besten Sammlungen zur regionalen Manageschichte.","full":"Die Stiftung besitzt eine der besten Sammlungen zur regionalen Manageschichte. Die Position ist auf den belegten Stadt- oder Teilraum angenähert; eine hausgenaue Lage und eine weitergehende eigene Fließtextbeschreibung sind aus dem zugeordneten Datenmaterial nicht sicher ableitbar.","hasMore":true,"hasExcerpt":true,"sources":[{"bookId":"30-nights-sr6","title":"30 Nächte und 3 Tage","edition":"SR6","citation":"30 Nächte und 3 Tage, Toronto und Die Nächte, S. 11-144","purpose":"description"}]}}}},{"type":"Feature","geometry":{"type":"Point","coordinates":[-79.379,43.6542]},"properties":{"id":79,"global_id":"toronto-2080:place:79-massey-hall","name":"Massey Hall","aliases":[],"category":"Bildung und Kultur","detail_map":"Downtown/Alt-Toronto","source_pages":"30 Nächte und 3 Tage, Toronto und Die Nächte, S. 11-144","map_source":"30 Nächte und 3 Tage","placement_note":"Erhaltener geographischer Bezugspunkt","accuracy":"Geographischer Bezugspunkt","source_map":"toronto-2080-content","source_panel":"Downtown/Alt-Toronto","description_preview":"Massey Hall ist ein historischer Konzertsaal im Theaterkorridor.","description_full":"Massey Hall ist ein historischer Konzertsaal im Theaterkorridor. Die Position folgt einem erhaltenen heutigen Bezugspunkt.","description_source":"30 Nächte und 3 Tage, Toronto und Die Nächte, S. 11-144","description_kind":"Ortsprofil","description_has_more":true,"detail_plans":[],"alternate_locations":[],"sources":[{"bookId":"30-nights-sr6","title":"30 Nächte und 3 Tage","edition":"SR6","citation":"30 Nächte und 3 Tage, Toronto und Die Nächte, S. 11-144","purpose":"description"}],"map_sources":[],"editions":["SR6"],"edition_descriptions":{"SR6":{"kind":"Ortsprofil","preview":"Massey Hall ist ein historischer Konzertsaal im Theaterkorridor.","full":"Massey Hall ist ein historischer Konzertsaal im Theaterkorridor. Die Position folgt einem erhaltenen heutigen Bezugspunkt.","hasMore":true,"hasExcerpt":true,"sources":[{"bookId":"30-nights-sr6","title":"30 Nächte und 3 Tage","edition":"SR6","citation":"30 Nächte und 3 Tage, Toronto und Die Nächte, S. 11-144","purpose":"description"}]}}}},{"type":"Feature","geometry":{"type":"Point","coordinates":[-79.383545,43.647112]},"properties":{"id":134,"global_id":"toronto-2080:place:134-mervyns-pawn-handelsposten","name":"Mervyn’s Pawn / Handelsposten","aliases":[],"category":"Einkaufen","detail_map":"Downtown/Alt-Toronto","source_pages":"30 Nächte und 3 Tage, Nacht 1-30, S. 25-144","map_source":"30 Nächte und 3 Tage","placement_note":"Nach Quellenbezug im Teilraum Downtown/Alt-Toronto angenähert","accuracy":"Teilraumzuordnung; Feinposition vorläufig","source_map":"toronto-2080-content","source_panel":"Downtown/Alt-Toronto","description_preview":"Das Pfandhaus bietet unauffällige Unterkunft, Handel und Informationsaustausch, ist aber durch die Schulden seines Besitzers kompromittiert.","description_full":"Das Pfandhaus bietet unauffällige Unterkunft, Handel und Informationsaustausch, ist aber durch die Schulden seines Besitzers kompromittiert. Die Position ist auf den belegten Stadt- oder Teilraum angenähert; eine hausgenaue Lage und eine weitergehende eigene Fließtextbeschreibung sind aus dem zugeordneten Datenmaterial nicht sicher ableitbar.","description_source":"30 Nächte und 3 Tage, Nacht 1-30, S. 25-144","description_kind":"Ortsprofil","description_has_more":true,"detail_plans":[],"alternate_locations":[],"sources":[{"bookId":"30-nights-sr6","title":"30 Nächte und 3 Tage","edition":"SR6","citation":"30 Nächte und 3 Tage, Nacht 1-30, S. 25-144","purpose":"description"}],"map_sources":[],"editions":["SR6"],"edition_descriptions":{"SR6":{"kind":"Ortsprofil","preview":"Das Pfandhaus bietet unauffällige Unterkunft, Handel und Informationsaustausch, ist aber durch die Schulden seines Besitzers kompromittiert.","full":"Das Pfandhaus bietet unauffällige Unterkunft, Handel und Informationsaustausch, ist aber durch die Schulden seines Besitzers kompromittiert. Die Position ist auf den belegten Stadt- oder Teilraum angenähert; eine hausgenaue Lage und eine weitergehende eigene Fließtextbeschreibung sind aus dem zugeordneten Datenmaterial nicht sicher ableitbar.","hasMore":true,"hasExcerpt":true,"sources":[{"bookId":"30-nights-sr6","title":"30 Nächte und 3 Tage","edition":"SR6","citation":"30 Nächte und 3 Tage, Nacht 1-30, S. 25-144","purpose":"description"}]}}}},{"type":"Feature","geometry":{"type":"Point","coordinates":[-79.389167,43.659452]},"properties":{"id":88,"global_id":"toronto-2080:place:88-metro-food-services","name":"Metro Food Services","aliases":[],"category":"Einkaufen","detail_map":"Toronto","source_pages":"30 Nächte und 3 Tage, Toronto und Die Nächte, S. 11-144","map_source":"30 Nächte und 3 Tage","placement_note":"Nach Quellenbezug im Teilraum Toronto angenähert","accuracy":"Teilraumzuordnung; Feinposition vorläufig","source_map":"toronto-2080-content","source_panel":"Toronto","description_preview":"Die Supermarktkette wird während des Blackouts zum umkämpften Versorgungsnetz.","description_full":"Die Supermarktkette wird während des Blackouts zum umkämpften Versorgungsnetz. Die Position ist auf den belegten Stadt- oder Teilraum angenähert; eine hausgenaue Lage und eine weitergehende eigene Fließtextbeschreibung sind aus dem zugeordneten Datenmaterial nicht sicher ableitbar.","description_source":"30 Nächte und 3 Tage, Toronto und Die Nächte, S. 11-144","description_kind":"Ortsprofil","description_has_more":true,"detail_plans":[],"alternate_locations":[],"sources":[{"bookId":"30-nights-sr6","title":"30 Nächte und 3 Tage","edition":"SR6","citation":"30 Nächte und 3 Tage, Toronto und Die Nächte, S. 11-144","purpose":"description"}],"map_sources":[],"editions":["SR6"],"edition_descriptions":{"SR6":{"kind":"Ortsprofil","preview":"Die Supermarktkette wird während des Blackouts zum umkämpften Versorgungsnetz.","full":"Die Supermarktkette wird während des Blackouts zum umkämpften Versorgungsnetz. Die Position ist auf den belegten Stadt- oder Teilraum angenähert; eine hausgenaue Lage und eine weitergehende eigene Fließtextbeschreibung sind aus dem zugeordneten Datenmaterial nicht sicher ableitbar.","hasMore":true,"hasExcerpt":true,"sources":[{"bookId":"30-nights-sr6","title":"30 Nächte und 3 Tage","edition":"SR6","citation":"30 Nächte und 3 Tage, Toronto und Die Nächte, S. 11-144","purpose":"description"}]}}}},{"type":"Feature","geometry":{"type":"Point","coordinates":[-79.383717,43.64704]},"properties":{"id":138,"global_id":"toronto-2080:place:138-microsoft-canada-hauptquartier","name":"Microsoft Canada – Hauptquartier","aliases":[],"category":"Konzerne","detail_map":"Downtown/Alt-Toronto","source_pages":"Corporate Shadowfiles, Corporate Culture, S. 11","map_source":"Corporate Shadowfiles / Megakons","placement_note":"Nach Quellenbezug im Teilraum Downtown/Alt-Toronto angenähert","accuracy":"Teilraumzuordnung; Feinposition vorläufig","source_map":"toronto-2080-content","source_panel":"Downtown/Alt-Toronto","description_preview":"Corporate Shadowfiles verortet das kanadische Microsoft-Hauptquartier ausdrücklich in Toronto.","description_full":"Corporate Shadowfiles verortet das kanadische Microsoft-Hauptquartier ausdrücklich in Toronto. Die Position ist auf den belegten Stadt- oder Teilraum angenähert; eine hausgenaue Lage und eine weitergehende eigene Fließtextbeschreibung sind aus dem zugeordneten Datenmaterial nicht sicher ableitbar.","description_source":"Corporate Shadowfiles, Corporate Culture, S. 11","description_kind":"Ortsprofil","description_has_more":true,"detail_plans":[],"alternate_locations":[],"sources":[{"bookId":"corporate-shadowfiles-sr2","title":"Corporate Shadowfiles / Megakons","edition":"SR2","citation":"Corporate Shadowfiles, Corporate Culture, S. 11","purpose":"description"}],"map_sources":[],"editions":["SR2"],"edition_descriptions":{"SR2":{"kind":"Ortsprofil","preview":"Corporate Shadowfiles verortet das kanadische Microsoft-Hauptquartier ausdrücklich in Toronto.","full":"Corporate Shadowfiles verortet das kanadische Microsoft-Hauptquartier ausdrücklich in Toronto. Die Position ist auf den belegten Stadt- oder Teilraum angenähert; eine hausgenaue Lage und eine weitergehende eigene Fließtextbeschreibung sind aus dem zugeordneten Datenmaterial nicht sicher ableitbar.","hasMore":true,"hasExcerpt":true,"sources":[{"bookId":"corporate-shadowfiles-sr2","title":"Corporate Shadowfiles / Megakons","edition":"SR2","citation":"Corporate Shadowfiles, Corporate Culture, S. 11","purpose":"description"}]}}}},{"type":"Feature","geometry":{"type":"Point","coordinates":[-79.383,43.69]},"properties":{"id":17,"global_id":"toronto-2080:place:17-moore-park","name":"Moore Park","aliases":[],"category":"Stadtteile","detail_map":"Uptown","source_pages":"Toronto Poster 2080, Legende Nr. 10","map_source":"Toronto Poster 2080","placement_note":"Erhaltener geographischer Bezugspunkt","accuracy":"Geographischer Bezugspunkt","source_map":"toronto-2080-content","source_panel":"Uptown","description_preview":"Moore Park ist durch Bahntrasse, Friedhof und Schlucht abgeschirmt und dient der Elite als diskreter Rückzugsraum.","description_full":"Moore Park ist durch Bahntrasse, Friedhof und Schlucht abgeschirmt und dient der Elite als diskreter Rückzugsraum. Die Position folgt einem erhaltenen heutigen Bezugspunkt.","description_source":"Toronto Poster 2080, Legende Nr. 10","description_kind":"Ortsprofil","description_has_more":true,"detail_plans":[],"alternate_locations":[],"sources":[{"bookId":"toronto-poster-sr6","title":"Toronto Poster 2080","edition":"SR6","citation":"Toronto Poster 2080, Legende Nr. 10","purpose":"description"},{"bookId":"30-nights-sr6","title":"30 Nächte und 3 Tage","edition":"SR6","citation":"30 Nächte und 3 Tage, Toronto-Karte, Legende Nr. 6","purpose":"description"}],"map_sources":[],"editions":["SR6"],"edition_descriptions":{"SR6":{"kind":"Ortsprofil","preview":"Moore Park ist auf der offiziellen Übersichtskarte von 30 Nächte als wichtiger Torontoer Ort ausgewiesen.","full":"Moore Park ist auf der offiziellen Übersichtskarte von 30 Nächte als wichtiger Torontoer Ort ausgewiesen. Die Position folgt einem erhaltenen heutigen Bezugspunkt.","hasMore":true,"hasExcerpt":true,"sources":[{"bookId":"toronto-poster-sr6","title":"Toronto Poster 2080","edition":"SR6","citation":"Toronto Poster 2080, Legende Nr. 10","purpose":"description"},{"bookId":"30-nights-sr6","title":"30 Nächte und 3 Tage","edition":"SR6","citation":"30 Nächte und 3 Tage, Toronto-Karte, Legende Nr. 6","purpose":"description"}]}},"map_number_sr6":10}},{"type":"Feature","geometry":{"type":"Point","coordinates":[-79.34,43.68]},"properties":{"id":93,"global_id":"toronto-2080:place:93-moores-on-danforth","name":"Moore’s on Danforth","aliases":[],"category":"Bars und Clubs","detail_map":"East York","source_pages":"30 Nächte und 3 Tage, Toronto und Die Nächte, S. 11-144","map_source":"30 Nächte und 3 Tage","placement_note":"Erhaltener geographischer Bezugspunkt","accuracy":"Geographischer Bezugspunkt","source_map":"toronto-2080-content","source_panel":"East York","description_preview":"Die traditionsreiche Musikbar ist erste Bühne für neue Künstler und ein Kampagnentreffpunkt.","description_full":"Die traditionsreiche Musikbar ist erste Bühne für neue Künstler und ein Kampagnentreffpunkt. Die Position folgt einem erhaltenen heutigen Bezugspunkt.","description_source":"30 Nächte und 3 Tage, Toronto und Die Nächte, S. 11-144","description_kind":"Ortsprofil","description_has_more":true,"detail_plans":[],"alternate_locations":[],"sources":[{"bookId":"30-nights-sr6","title":"30 Nächte und 3 Tage","edition":"SR6","citation":"30 Nächte und 3 Tage, Toronto und Die Nächte, S. 11-144","purpose":"description"}],"map_sources":[],"editions":["SR6"],"edition_descriptions":{"SR6":{"kind":"Ortsprofil","preview":"Die traditionsreiche Musikbar ist erste Bühne für neue Künstler und ein Kampagnentreffpunkt.","full":"Die traditionsreiche Musikbar ist erste Bühne für neue Künstler und ein Kampagnentreffpunkt. Die Position folgt einem erhaltenen heutigen Bezugspunkt.","hasMore":true,"hasExcerpt":true,"sources":[{"bookId":"30-nights-sr6","title":"30 Nächte und 3 Tage","edition":"SR6","citation":"30 Nächte und 3 Tage, Toronto und Die Nächte, S. 11-144","purpose":"description"}]}}}},{"type":"Feature","geometry":{"type":"Point","coordinates":[-79.386,43.696]},"properties":{"id":109,"global_id":"toronto-2080:place:109-mount-pleasant-cemetery","name":"Mount Pleasant Cemetery","aliases":[],"category":"Freizeit und Natur","detail_map":"Uptown","source_pages":"30 Nächte und 3 Tage, Nacht 1-30, S. 25-144","map_source":"30 Nächte und 3 Tage","placement_note":"Erhaltener geographischer Bezugspunkt","accuracy":"Geographischer Bezugspunkt","source_map":"toronto-2080-content","source_panel":"Uptown","description_preview":"Der Friedhof bildet eine natürliche Grenze von Moore Park und liegt nahe wichtiger Triaden- und Kampagnenschauplätze.","description_full":"Der Friedhof bildet eine natürliche Grenze von Moore Park und liegt nahe wichtiger Triaden- und Kampagnenschauplätze. Die Position folgt einem erhaltenen heutigen Bezugspunkt.","description_source":"30 Nächte und 3 Tage, Nacht 1-30, S. 25-144","description_kind":"Ortsprofil","description_has_more":true,"detail_plans":[],"alternate_locations":[],"sources":[{"bookId":"30-nights-sr6","title":"30 Nächte und 3 Tage","edition":"SR6","citation":"30 Nächte und 3 Tage, Nacht 1-30, S. 25-144","purpose":"description"}],"map_sources":[],"editions":["SR6"],"edition_descriptions":{"SR6":{"kind":"Ortsprofil","preview":"Der Friedhof bildet eine natürliche Grenze von Moore Park und liegt nahe wichtiger Triaden- und Kampagnenschauplätze.","full":"Der Friedhof bildet eine natürliche Grenze von Moore Park und liegt nahe wichtiger Triaden- und Kampagnenschauplätze. Die Position folgt einem erhaltenen heutigen Bezugspunkt.","hasMore":true,"hasExcerpt":true,"sources":[{"bookId":"30-nights-sr6","title":"30 Nächte und 3 Tage","edition":"SR6","citation":"30 Nächte und 3 Tage, Nacht 1-30, S. 25-144","purpose":"description"}]}}}},{"type":"Feature","geometry":{"type":"Point","coordinates":[-79.39,43.6576]},"properties":{"id":36,"global_id":"toronto-2080:place:36-mt-sinai-hospital","name":"Mt. Sinai Hospital","aliases":[],"category":"Medizin","detail_map":"Downtown/Alt-Toronto","source_pages":"Toronto Poster 2080, Legende Nr. 30","map_source":"Toronto Poster 2080","placement_note":"Erhaltener geographischer Bezugspunkt","accuracy":"Geographischer Bezugspunkt","source_map":"toronto-2080-content","source_panel":"Downtown/Alt-Toronto","description_preview":"Mt. Sinai ist eines der renommierten Häuser des Torontoer Krankenhausviertels.","description_full":"Mt. Sinai ist eines der renommierten Häuser des Torontoer Krankenhausviertels. Die Position folgt einem erhaltenen heutigen Bezugspunkt.","description_source":"Toronto Poster 2080, Legende Nr. 30","description_kind":"Ortsprofil","description_has_more":true,"detail_plans":[],"alternate_locations":[],"sources":[{"bookId":"toronto-poster-sr6","title":"Toronto Poster 2080","edition":"SR6","citation":"Toronto Poster 2080, Legende Nr. 30","purpose":"description"}],"map_sources":[],"editions":["SR6"],"edition_descriptions":{"SR6":{"kind":"Ortsprofil","preview":"Mt. Sinai ist eines der renommierten Häuser des Torontoer Krankenhausviertels.","full":"Mt. Sinai ist eines der renommierten Häuser des Torontoer Krankenhausviertels. Die Position folgt einem erhaltenen heutigen Bezugspunkt.","hasMore":true,"hasExcerpt":true,"sources":[{"bookId":"toronto-poster-sr6","title":"Toronto Poster 2080","edition":"SR6","citation":"Toronto Poster 2080, Legende Nr. 30","purpose":"description"}]}},"map_number_sr6":30}},{"type":"Feature","geometry":{"type":"Point","coordinates":[-79.3834,43.6525]},"properties":{"id":117,"global_id":"toronto-2080:place:117-nathan-phillips-square-the-cluster","name":"Nathan Phillips Square / The Cluster","aliases":[],"category":"Öffentliche Plätze","detail_map":"Downtown/Alt-Toronto","source_pages":"30 Nächte und 3 Tage, Nacht 1-30, S. 25-144","map_source":"30 Nächte und 3 Tage","placement_note":"Erhaltener geographischer Bezugspunkt","accuracy":"Geographischer Bezugspunkt","source_map":"toronto-2080-content","source_panel":"Downtown/Alt-Toronto","description_preview":"Nathan Phillips Square wird im Blackout als The Cluster zum öffentlichen Sammelpunkt, Protestort und Schauplatz politischer Gewalt.","description_full":"Nathan Phillips Square wird im Blackout als The Cluster zum öffentlichen Sammelpunkt, Protestort und Schauplatz politischer Gewalt. Die Position folgt einem erhaltenen heutigen Bezugspunkt.","description_source":"30 Nächte und 3 Tage, Nacht 1-30, S. 25-144","description_kind":"Ortsprofil","description_has_more":true,"detail_plans":[],"alternate_locations":[],"sources":[{"bookId":"30-nights-sr6","title":"30 Nächte und 3 Tage","edition":"SR6","citation":"30 Nächte und 3 Tage, Nacht 1-30, S. 25-144","purpose":"description"}],"map_sources":[],"editions":["SR6"],"edition_descriptions":{"SR6":{"kind":"Ortsprofil","preview":"Nathan Phillips Square wird im Blackout als The Cluster zum öffentlichen Sammelpunkt, Protestort und Schauplatz politischer Gewalt.","full":"Nathan Phillips Square wird im Blackout als The Cluster zum öffentlichen Sammelpunkt, Protestort und Schauplatz politischer Gewalt. Die Position folgt einem erhaltenen heutigen Bezugspunkt.","hasMore":true,"hasExcerpt":true,"sources":[{"bookId":"30-nights-sr6","title":"30 Nächte und 3 Tage","edition":"SR6","citation":"30 Nächte und 3 Tage, Nacht 1-30, S. 25-144","purpose":"description"}]}}}},{"type":"Feature","geometry":{"type":"Point","coordinates":[-79.361,43.667]},"properties":{"id":37,"global_id":"toronto-2080:place:37-nekropolis-von-toronto","name":"Nekropolis von Toronto","aliases":[],"category":"Magie und Religion","detail_map":"Cabbagetown","source_pages":"Toronto Poster 2080, Legende Nr. 31","map_source":"Toronto Poster 2080","placement_note":"Erhaltener geographischer Bezugspunkt","accuracy":"Geographischer Bezugspunkt","source_map":"toronto-2080-content","source_panel":"Cabbagetown","description_preview":"Die Nekropolis zieht Ghule, Geister und magische Experimente an und weist einen verstärkten Manafluss auf.","description_full":"Die Nekropolis zieht Ghule, Geister und magische Experimente an und weist einen verstärkten Manafluss auf. Die Position folgt einem erhaltenen heutigen Bezugspunkt.","description_source":"Toronto Poster 2080, Legende Nr. 31","description_kind":"Ortsprofil","description_has_more":true,"detail_plans":[],"alternate_locations":[],"sources":[{"bookId":"toronto-poster-sr6","title":"Toronto Poster 2080","edition":"SR6","citation":"Toronto Poster 2080, Legende Nr. 31","purpose":"description"}],"map_sources":[],"editions":["SR6"],"edition_descriptions":{"SR6":{"kind":"Ortsprofil","preview":"Die Nekropolis zieht Ghule, Geister und magische Experimente an und weist einen verstärkten Manafluss auf.","full":"Die Nekropolis zieht Ghule, Geister und magische Experimente an und weist einen verstärkten Manafluss auf. Die Position folgt einem erhaltenen heutigen Bezugspunkt.","hasMore":true,"hasExcerpt":true,"sources":[{"bookId":"toronto-poster-sr6","title":"Toronto Poster 2080","edition":"SR6","citation":"Toronto Poster 2080, Legende Nr. 31","purpose":"description"}]}},"map_number_sr6":31}},{"type":"Feature","geometry":{"type":"Point","coordinates":[-79.337,43.651]},"properties":{"id":38,"global_id":"toronto-2080:place:38-netzkontrollzentrum","name":"Netzkontrollzentrum","aliases":[],"category":"Infrastruktur","detail_map":"Harbourfront","source_pages":"Toronto Poster 2080, Legende Nr. 32","map_source":"Toronto Poster 2080","placement_note":"Erhaltener geographischer Bezugspunkt","accuracy":"Geographischer Bezugspunkt","source_map":"toronto-2080-content","source_panel":"Harbourfront","description_preview":"Das zentrale Stromnetzkontrollzentrum auf dem früheren Hearn-Gelände ist der Schlüsselschauplatz für die Wiederherstellung der Energieversorgung.","description_full":"Das zentrale Stromnetzkontrollzentrum auf dem früheren Hearn-Gelände ist der Schlüsselschauplatz für die Wiederherstellung der Energieversorgung. Die Position folgt einem erhaltenen heutigen Bezugspunkt.","description_source":"Toronto Poster 2080, Legende Nr. 32","description_kind":"Ortsprofil","description_has_more":true,"detail_plans":[],"alternate_locations":[],"sources":[{"bookId":"toronto-poster-sr6","title":"Toronto Poster 2080","edition":"SR6","citation":"Toronto Poster 2080, Legende Nr. 32","purpose":"description"}],"map_sources":[],"editions":["SR6"],"edition_descriptions":{"SR6":{"kind":"Ortsprofil","preview":"Das zentrale Stromnetzkontrollzentrum auf dem früheren Hearn-Gelände ist der Schlüsselschauplatz für die Wiederherstellung der Energieversorgung.","full":"Das zentrale Stromnetzkontrollzentrum auf dem früheren Hearn-Gelände ist der Schlüsselschauplatz für die Wiederherstellung der Energieversorgung. Die Position folgt einem erhaltenen heutigen Bezugspunkt.","hasMore":true,"hasExcerpt":true,"sources":[{"bookId":"toronto-poster-sr6","title":"Toronto Poster 2080","edition":"SR6","citation":"Toronto Poster 2080, Legende Nr. 32","purpose":"description"}]}},"map_number_sr6":32}},{"type":"Feature","geometry":{"type":"Point","coordinates":[-79.399,43.71]},"properties":{"id":39,"global_id":"toronto-2080:place:39-neverland-candy-shoppe","name":"Neverland Candy Shoppe","aliases":[],"category":"Einkaufen","detail_map":"Uptown","source_pages":"Toronto Poster 2080, Legende Nr. 33","map_source":"Toronto Poster 2080","placement_note":"Erhaltener geographischer Bezugspunkt","accuracy":"Geographischer Bezugspunkt","source_map":"toronto-2080-content","source_panel":"Uptown","description_preview":"Neverland Candy Shoppe dient als Fassade und Versorgungspunkt im Umfeld der Long-de-Shou-Triade.","description_full":"Neverland Candy Shoppe dient als Fassade und Versorgungspunkt im Umfeld der Long-de-Shou-Triade. Die Position folgt einem erhaltenen heutigen Bezugspunkt.","description_source":"Toronto Poster 2080, Legende Nr. 33","description_kind":"Ortsprofil","description_has_more":true,"detail_plans":[],"alternate_locations":[],"sources":[{"bookId":"toronto-poster-sr6","title":"Toronto Poster 2080","edition":"SR6","citation":"Toronto Poster 2080, Legende Nr. 33","purpose":"description"}],"map_sources":[],"editions":["SR6"],"edition_descriptions":{"SR6":{"kind":"Ortsprofil","preview":"Neverland Candy Shoppe dient als Fassade und Versorgungspunkt im Umfeld der Long-de-Shou-Triade.","full":"Neverland Candy Shoppe dient als Fassade und Versorgungspunkt im Umfeld der Long-de-Shou-Triade. Die Position folgt einem erhaltenen heutigen Bezugspunkt.","hasMore":true,"hasExcerpt":true,"sources":[{"bookId":"toronto-poster-sr6","title":"Toronto Poster 2080","edition":"SR6","citation":"Toronto Poster 2080, Legende Nr. 33","purpose":"description"}]}},"map_number_sr6":33}},{"type":"Feature","geometry":{"type":"Point","coordinates":[-79.414,43.754]},"properties":{"id":7,"global_id":"toronto-2080:place:7-north-york","name":"North York","aliases":[],"category":"Bezirke","detail_map":"North York","source_pages":"30 Nächte und 3 Tage, Toronto - Stadtteile, S. 11-17","map_source":"30 Nächte und 3 Tage","placement_note":"Nach Quellenbezug im Teilraum North York angenähert","accuracy":"Teilraumzuordnung; Feinposition vorläufig","source_map":"toronto-2080-content","source_panel":"North York","description_preview":"North York ist ein eigener Sprawl im Sprawl: Willowdale, Downsview, York University, Yorkdale, Bathurst Manor und Hoggs Hollow stehen den Barrens von Jane & Finch und dem Triadengebiet Thornhill gegenüber.","description_full":"North York ist ein eigener Sprawl im Sprawl: Willowdale, Downsview, York University, Yorkdale, Bathurst Manor und Hoggs Hollow stehen den Barrens von Jane & Finch und dem Triadengebiet Thornhill gegenüber. Die Position ist auf den belegten Stadt- oder Teilraum angenähert; eine hausgenaue Lage und eine weitergehende eigene Fließtextbeschreibung sind aus dem zugeordneten Datenmaterial nicht sicher ableitbar.","description_source":"30 Nächte und 3 Tage, Toronto - Stadtteile, S. 11-17","description_kind":"Ortsprofil","description_has_more":true,"detail_plans":[],"alternate_locations":[],"sources":[{"bookId":"30-nights-sr6","title":"30 Nächte und 3 Tage","edition":"SR6","citation":"30 Nächte und 3 Tage, Toronto - Stadtteile, S. 11-17","purpose":"description"}],"map_sources":[],"editions":["SR6"],"edition_descriptions":{"SR6":{"kind":"Bezirksprofil","preview":"North York ist ein eigener Sprawl im Sprawl: Willowdale, Downsview, York University, Yorkdale, Bathurst Manor und Hoggs Hollow stehen den Barrens von Jane & Finch und dem Triadengebiet Thornhill gegenüber.","full":"North York ist ein eigener Sprawl im Sprawl: Willowdale, Downsview, York University, Yorkdale, Bathurst Manor und Hoggs Hollow stehen den Barrens von Jane & Finch und dem Triadengebiet Thornhill gegenüber. Die Beschreibung folgt dem Lore-Stand der angegebenen Edition; die separat schaltbare Grenzebene bildet den jüngsten georeferenzierten Arbeitsstand ab.","hasMore":true,"hasExcerpt":true,"sources":[{"bookId":"30-nights-sr6","title":"30 Nächte und 3 Tage","edition":"SR6","citation":"30 Nächte und 3 Tage, Toronto - Stadtteile, S. 11-17","purpose":"description"}]}}}},{"type":"Feature","geometry":{"type":"Point","coordinates":[-79.4,43.66]},"properties":{"id":122,"global_id":"toronto-2080:place:122-old-yonge","name":"Old Yonge","aliases":[],"category":"Stadtteile","detail_map":"Downtown/Alt-Toronto","source_pages":"30 Nächte und 3 Tage, Nacht 1-30, S. 25-144","map_source":"30 Nächte und 3 Tage","placement_note":"Erhaltener geographischer Bezugspunkt","accuracy":"Geographischer Bezugspunkt","source_map":"toronto-2080-content","source_panel":"Downtown/Alt-Toronto","description_preview":"Old Yonge ist ein Arbeiterquartier aus Wohnungen und kleinen Läden an Markham Street und Yonge Street, durchsetzt von Syndikatsangehörigen.","description_full":"Old Yonge ist ein Arbeiterquartier aus Wohnungen und kleinen Läden an Markham Street und Yonge Street, durchsetzt von Syndikatsangehörigen. Die Position folgt einem erhaltenen heutigen Bezugspunkt.","description_source":"30 Nächte und 3 Tage, Nacht 1-30, S. 25-144","description_kind":"Ortsprofil","description_has_more":true,"detail_plans":[],"alternate_locations":[],"sources":[{"bookId":"30-nights-sr6","title":"30 Nächte und 3 Tage","edition":"SR6","citation":"30 Nächte und 3 Tage, Nacht 1-30, S. 25-144","purpose":"description"}],"map_sources":[],"editions":["SR6"],"edition_descriptions":{"SR6":{"kind":"Ortsprofil","preview":"Old Yonge ist ein Arbeiterquartier aus Wohnungen und kleinen Läden an Markham Street und Yonge Street, durchsetzt von Syndikatsangehörigen.","full":"Old Yonge ist ein Arbeiterquartier aus Wohnungen und kleinen Läden an Markham Street und Yonge Street, durchsetzt von Syndikatsangehörigen. Die Position folgt einem erhaltenen heutigen Bezugspunkt.","hasMore":true,"hasExcerpt":true,"sources":[{"bookId":"30-nights-sr6","title":"30 Nächte und 3 Tage","edition":"SR6","citation":"30 Nächte und 3 Tage, Nacht 1-30, S. 25-144","purpose":"description"}]}}}},{"type":"Feature","geometry":{"type":"Point","coordinates":[-79.415,43.6295]},"properties":{"id":74,"global_id":"toronto-2080:place:74-ontario-place","name":"Ontario Place","aliases":[],"category":"Freizeit und Natur","detail_map":"Toronto Islands","source_pages":"30 Nächte und 3 Tage, Toronto und Die Nächte, S. 11-144","map_source":"30 Nächte und 3 Tage","placement_note":"Erhaltener geographischer Bezugspunkt","accuracy":"Geographischer Bezugspunkt","source_map":"toronto-2080-content","source_panel":"Toronto Islands","description_preview":"Das stillgelegte Freizeitgelände ist von Squattern und einem Technomancer-Stamm besetzt.","description_full":"Das stillgelegte Freizeitgelände ist von Squattern und einem Technomancer-Stamm besetzt. Die Position folgt einem erhaltenen heutigen Bezugspunkt.","description_source":"30 Nächte und 3 Tage, Toronto und Die Nächte, S. 11-144","description_kind":"Ortsprofil","description_has_more":true,"detail_plans":[],"alternate_locations":[],"sources":[{"bookId":"30-nights-sr6","title":"30 Nächte und 3 Tage","edition":"SR6","citation":"30 Nächte und 3 Tage, Toronto und Die Nächte, S. 11-144","purpose":"description"}],"map_sources":[],"editions":["SR6"],"edition_descriptions":{"SR6":{"kind":"Ortsprofil","preview":"Das stillgelegte Freizeitgelände ist von Squattern und einem Technomancer-Stamm besetzt.","full":"Das stillgelegte Freizeitgelände ist von Squattern und einem Technomancer-Stamm besetzt. Die Position folgt einem erhaltenen heutigen Bezugspunkt.","hasMore":true,"hasExcerpt":true,"sources":[{"bookId":"30-nights-sr6","title":"30 Nächte und 3 Tage","edition":"SR6","citation":"30 Nächte und 3 Tage, Toronto und Die Nächte, S. 11-144","purpose":"description"}]}}}},{"type":"Feature","geometry":{"type":"Point","coordinates":[-79.3853,43.6524]},"properties":{"id":40,"global_id":"toronto-2080:place:40-osgoode-hall","name":"Osgoode Hall","aliases":[],"category":"Magie und Religion","detail_map":"Downtown/Alt-Toronto","source_pages":"Toronto Poster 2080, Legende Nr. 34","map_source":"Toronto Poster 2080","placement_note":"Erhaltener geographischer Bezugspunkt","accuracy":"Geographischer Bezugspunkt","source_map":"toronto-2080-content","source_panel":"Downtown/Alt-Toronto","description_preview":"Osgoode Hall ist Gerichtsgebäude und Schauplatz eines Rituals der Schwarzen Loge.","description_full":"Osgoode Hall ist Gerichtsgebäude und Schauplatz eines Rituals der Schwarzen Loge. Die Position folgt einem erhaltenen heutigen Bezugspunkt.","description_source":"Toronto Poster 2080, Legende Nr. 34","description_kind":"Ortsprofil","description_has_more":true,"detail_plans":[],"alternate_locations":[],"sources":[{"bookId":"toronto-poster-sr6","title":"Toronto Poster 2080","edition":"SR6","citation":"Toronto Poster 2080, Legende Nr. 34","purpose":"description"}],"map_sources":[],"editions":["SR6"],"edition_descriptions":{"SR6":{"kind":"Ortsprofil","preview":"Osgoode Hall ist Gerichtsgebäude und Schauplatz eines Rituals der Schwarzen Loge.","full":"Osgoode Hall ist Gerichtsgebäude und Schauplatz eines Rituals der Schwarzen Loge. Die Position folgt einem erhaltenen heutigen Bezugspunkt.","hasMore":true,"hasExcerpt":true,"sources":[{"bookId":"toronto-poster-sr6","title":"Toronto Poster 2080","edition":"SR6","citation":"Toronto Poster 2080, Legende Nr. 34","purpose":"description"}]}},"map_number_sr6":34}},{"type":"Feature","geometry":{"type":"Point","coordinates":[-79.382,43.65]},"properties":{"id":77,"global_id":"toronto-2080:place:77-path","name":"PATH","aliases":[],"category":"Infrastruktur","detail_map":"Downtown/Alt-Toronto","source_pages":"30 Nächte und 3 Tage, Toronto und Die Nächte, S. 11-144","map_source":"30 Nächte und 3 Tage","placement_note":"Erhaltener geographischer Bezugspunkt","accuracy":"Geographischer Bezugspunkt","source_map":"toronto-2080-content","source_panel":"Downtown/Alt-Toronto","description_preview":"PATH ist ein über vierzig Kilometer langes unterirdisches Laden- und Passagennetz mit zunehmend gesetzlosen Randbereichen.","description_full":"PATH ist ein über vierzig Kilometer langes unterirdisches Laden- und Passagennetz mit zunehmend gesetzlosen Randbereichen. Die Position folgt einem erhaltenen heutigen Bezugspunkt.","description_source":"30 Nächte und 3 Tage, Toronto und Die Nächte, S. 11-144","description_kind":"Ortsprofil","description_has_more":true,"detail_plans":[],"alternate_locations":[],"sources":[{"bookId":"30-nights-sr6","title":"30 Nächte und 3 Tage","edition":"SR6","citation":"30 Nächte und 3 Tage, Toronto und Die Nächte, S. 11-144","purpose":"description"}],"map_sources":[],"editions":["SR6"],"edition_descriptions":{"SR6":{"kind":"Ortsprofil","preview":"PATH ist ein über vierzig Kilometer langes unterirdisches Laden- und Passagennetz mit zunehmend gesetzlosen Randbereichen.","full":"PATH ist ein über vierzig Kilometer langes unterirdisches Laden- und Passagennetz mit zunehmend gesetzlosen Randbereichen. Die Position folgt einem erhaltenen heutigen Bezugspunkt.","hasMore":true,"hasExcerpt":true,"sources":[{"bookId":"30-nights-sr6","title":"30 Nächte und 3 Tage","edition":"SR6","citation":"30 Nächte und 3 Tage, Toronto und Die Nächte, S. 11-144","purpose":"description"}]}}}},{"type":"Feature","geometry":{"type":"Point","coordinates":[-79.6248,43.6777]},"properties":{"id":41,"global_id":"toronto-2080:place:41-pearson-international-airport","name":"Pearson International Airport","aliases":[],"category":"Verkehr","detail_map":"Etobicoke","source_pages":"Toronto Poster 2080, Legende Nr. 35","map_source":"Toronto Poster 2080","placement_note":"Erhaltener geographischer Bezugspunkt","accuracy":"Geographischer Bezugspunkt","source_map":"toronto-2080-content","source_panel":"Etobicoke","description_preview":"Pearson ist der wichtigste internationale Flughafen des Toronto-Sprawls.","description_full":"Pearson ist der wichtigste internationale Flughafen des Toronto-Sprawls. Die Position folgt einem erhaltenen heutigen Bezugspunkt.","description_source":"Toronto Poster 2080, Legende Nr. 35","description_kind":"Ortsprofil","description_has_more":true,"detail_plans":[],"alternate_locations":[],"sources":[{"bookId":"toronto-poster-sr6","title":"Toronto Poster 2080","edition":"SR6","citation":"Toronto Poster 2080, Legende Nr. 35","purpose":"description"},{"bookId":"30-nights-sr6","title":"30 Nächte und 3 Tage","edition":"SR6","citation":"30 Nächte und 3 Tage, Toronto-Karte, Legende Nr. 18","purpose":"description"}],"map_sources":[],"editions":["SR6"],"edition_descriptions":{"SR6":{"kind":"Ortsprofil","preview":"Pearson International Airport ist auf der offiziellen Übersichtskarte von 30 Nächte als wichtiger Torontoer Ort ausgewiesen.","full":"Pearson International Airport ist auf der offiziellen Übersichtskarte von 30 Nächte als wichtiger Torontoer Ort ausgewiesen. Die Position folgt einem erhaltenen heutigen Bezugspunkt.","hasMore":true,"hasExcerpt":true,"sources":[{"bookId":"toronto-poster-sr6","title":"Toronto Poster 2080","edition":"SR6","citation":"Toronto Poster 2080, Legende Nr. 35","purpose":"description"},{"bookId":"30-nights-sr6","title":"30 Nächte und 3 Tage","edition":"SR6","citation":"30 Nächte und 3 Tage, Toronto-Karte, Legende Nr. 18","purpose":"description"}]}},"map_number_sr6":35}},{"type":"Feature","geometry":{"type":"Point","coordinates":[-79.39,43.658]},"properties":{"id":42,"global_id":"toronto-2080:place:42-princess-margaret-hospital","name":"Princess Margaret Hospital","aliases":[],"category":"Medizin","detail_map":"Downtown/Alt-Toronto","source_pages":"Toronto Poster 2080, Legende Nr. 36","map_source":"Toronto Poster 2080","placement_note":"Erhaltener geographischer Bezugspunkt","accuracy":"Geographischer Bezugspunkt","source_map":"toronto-2080-content","source_panel":"Downtown/Alt-Toronto","description_preview":"Princess Margaret gehört zum innerstädtischen Krankenhauscluster.","description_full":"Princess Margaret gehört zum innerstädtischen Krankenhauscluster. Die Position folgt einem erhaltenen heutigen Bezugspunkt.","description_source":"Toronto Poster 2080, Legende Nr. 36","description_kind":"Ortsprofil","description_has_more":true,"detail_plans":[],"alternate_locations":[],"sources":[{"bookId":"toronto-poster-sr6","title":"Toronto Poster 2080","edition":"SR6","citation":"Toronto Poster 2080, Legende Nr. 36","purpose":"description"}],"map_sources":[],"editions":["SR6"],"edition_descriptions":{"SR6":{"kind":"Ortsprofil","preview":"Princess Margaret gehört zum innerstädtischen Krankenhauscluster.","full":"Princess Margaret gehört zum innerstädtischen Krankenhauscluster. Die Position folgt einem erhaltenen heutigen Bezugspunkt.","hasMore":true,"hasExcerpt":true,"sources":[{"bookId":"toronto-poster-sr6","title":"Toronto Poster 2080","edition":"SR6","citation":"Toronto Poster 2080, Legende Nr. 36","purpose":"description"}]}},"map_number_sr6":36}},{"type":"Feature","geometry":{"type":"Point","coordinates":[-79.38,43.655]},"properties":{"id":43,"global_id":"toronto-2080:place:43-queen-vic","name":"Queen Vic","aliases":[],"category":"Bars und Clubs","detail_map":"Downtown/Alt-Toronto","source_pages":"Toronto Poster 2080, Legende Nr. 37","map_source":"Toronto Poster 2080","placement_note":"Erhaltener geographischer Bezugspunkt","accuracy":"Geographischer Bezugspunkt","source_map":"toronto-2080-content","source_panel":"Downtown/Alt-Toronto","description_preview":"Das Queen Vic ist ein Treffpunkt und Jagdgebiet für Grid-Piraten während des Blackouts.","description_full":"Das Queen Vic ist ein Treffpunkt und Jagdgebiet für Grid-Piraten während des Blackouts. Die Position folgt einem erhaltenen heutigen Bezugspunkt.","description_source":"Toronto Poster 2080, Legende Nr. 37","description_kind":"Ortsprofil","description_has_more":true,"detail_plans":[],"alternate_locations":[],"sources":[{"bookId":"toronto-poster-sr6","title":"Toronto Poster 2080","edition":"SR6","citation":"Toronto Poster 2080, Legende Nr. 37","purpose":"description"}],"map_sources":[],"editions":["SR6"],"edition_descriptions":{"SR6":{"kind":"Ortsprofil","preview":"Das Queen Vic ist ein Treffpunkt und Jagdgebiet für Grid-Piraten während des Blackouts.","full":"Das Queen Vic ist ein Treffpunkt und Jagdgebiet für Grid-Piraten während des Blackouts. Die Position folgt einem erhaltenen heutigen Bezugspunkt.","hasMore":true,"hasExcerpt":true,"sources":[{"bookId":"toronto-poster-sr6","title":"Toronto Poster 2080","edition":"SR6","citation":"Toronto Poster 2080, Legende Nr. 37","purpose":"description"}]}},"map_number_sr6":37}},{"type":"Feature","geometry":{"type":"Point","coordinates":[-79.3925,43.6643]},"properties":{"id":97,"global_id":"toronto-2080:place:97-queens-park","name":"Queen’s Park","aliases":[],"category":"Freizeit und Natur","detail_map":"Downtown/Alt-Toronto","source_pages":"30 Nächte und 3 Tage, Toronto und Die Nächte, S. 11-144","map_source":"30 Nächte und 3 Tage","placement_note":"Erhaltener geographischer Bezugspunkt","accuracy":"Geographischer Bezugspunkt","source_map":"toronto-2080-content","source_panel":"Downtown/Alt-Toronto","description_preview":"Queen’s Park wird während der metaplanaren Störungen zu einem Brennpunkt unberechenbarer Tore.","description_full":"Queen’s Park wird während der metaplanaren Störungen zu einem Brennpunkt unberechenbarer Tore. Die Position folgt einem erhaltenen heutigen Bezugspunkt.","description_source":"30 Nächte und 3 Tage, Toronto und Die Nächte, S. 11-144","description_kind":"Ortsprofil","description_has_more":true,"detail_plans":[],"alternate_locations":[],"sources":[{"bookId":"30-nights-sr6","title":"30 Nächte und 3 Tage","edition":"SR6","citation":"30 Nächte und 3 Tage, Toronto und Die Nächte, S. 11-144","purpose":"description"}],"map_sources":[],"editions":["SR6"],"edition_descriptions":{"SR6":{"kind":"Ortsprofil","preview":"Queen’s Park wird während der metaplanaren Störungen zu einem Brennpunkt unberechenbarer Tore.","full":"Queen’s Park wird während der metaplanaren Störungen zu einem Brennpunkt unberechenbarer Tore. Die Position folgt einem erhaltenen heutigen Bezugspunkt.","hasMore":true,"hasExcerpt":true,"sources":[{"bookId":"30-nights-sr6","title":"30 Nächte und 3 Tage","edition":"SR6","citation":"30 Nächte und 3 Tage, Toronto und Die Nächte, S. 11-144","purpose":"description"}]}}}},{"type":"Feature","geometry":{"type":"Point","coordinates":[-79.3593,43.6596]},"properties":{"id":96,"global_id":"toronto-2080:place:96-regent-park","name":"Regent Park","aliases":[],"category":"Freizeit und Natur","detail_map":"Downtown/Alt-Toronto","source_pages":"30 Nächte und 3 Tage, Toronto und Die Nächte, S. 11-144","map_source":"30 Nächte und 3 Tage","placement_note":"Erhaltener geographischer Bezugspunkt","accuracy":"Geographischer Bezugspunkt","source_map":"toronto-2080-content","source_panel":"Downtown/Alt-Toronto","description_preview":"Regent Park ist Torontos Straßenbasketballzentrum und eine demilitarisierte Zone zwischen Ganggebieten.","description_full":"Regent Park ist Torontos Straßenbasketballzentrum und eine demilitarisierte Zone zwischen Ganggebieten. Die Position folgt einem erhaltenen heutigen Bezugspunkt.","description_source":"30 Nächte und 3 Tage, Toronto und Die Nächte, S. 11-144","description_kind":"Ortsprofil","description_has_more":true,"detail_plans":[],"alternate_locations":[],"sources":[{"bookId":"30-nights-sr6","title":"30 Nächte und 3 Tage","edition":"SR6","citation":"30 Nächte und 3 Tage, Toronto und Die Nächte, S. 11-144","purpose":"description"}],"map_sources":[],"editions":["SR6"],"edition_descriptions":{"SR6":{"kind":"Ortsprofil","preview":"Regent Park ist Torontos Straßenbasketballzentrum und eine demilitarisierte Zone zwischen Ganggebieten.","full":"Regent Park ist Torontos Straßenbasketballzentrum und eine demilitarisierte Zone zwischen Ganggebieten. Die Position folgt einem erhaltenen heutigen Bezugspunkt.","hasMore":true,"hasExcerpt":true,"sources":[{"bookId":"30-nights-sr6","title":"30 Nächte und 3 Tage","edition":"SR6","citation":"30 Nächte und 3 Tage, Toronto und Die Nächte, S. 11-144","purpose":"description"}]}}}},{"type":"Feature","geometry":{"type":"Point","coordinates":[-79.3817,43.6459]},"properties":{"id":69,"global_id":"toronto-2080:place:69-royal-york-hotel","name":"Royal York Hotel","aliases":[],"category":"Hotels","detail_map":"Downtown/Alt-Toronto","source_pages":"30 Nächte und 3 Tage, Toronto und Die Nächte, S. 11-144","map_source":"30 Nächte und 3 Tage","placement_note":"Erhaltener geographischer Bezugspunkt","accuracy":"Geographischer Bezugspunkt","source_map":"toronto-2080-content","source_panel":"Downtown/Alt-Toronto","description_preview":"Das historische Großhotel dient während der ersten Blackout-Nacht als mögliche Operationsbasis.","description_full":"Das historische Großhotel dient während der ersten Blackout-Nacht als mögliche Operationsbasis. Die Position folgt einem erhaltenen heutigen Bezugspunkt.","description_source":"30 Nächte und 3 Tage, Toronto und Die Nächte, S. 11-144","description_kind":"Ortsprofil","description_has_more":true,"detail_plans":[],"alternate_locations":[],"sources":[{"bookId":"30-nights-sr6","title":"30 Nächte und 3 Tage","edition":"SR6","citation":"30 Nächte und 3 Tage, Toronto und Die Nächte, S. 11-144","purpose":"description"}],"map_sources":[],"editions":["SR6"],"edition_descriptions":{"SR6":{"kind":"Ortsprofil","preview":"Das historische Großhotel dient während der ersten Blackout-Nacht als mögliche Operationsbasis.","full":"Das historische Großhotel dient während der ersten Blackout-Nacht als mögliche Operationsbasis. Die Position folgt einem erhaltenen heutigen Bezugspunkt.","hasMore":true,"hasExcerpt":true,"sources":[{"bookId":"30-nights-sr6","title":"30 Nächte und 3 Tage","edition":"SR6","citation":"30 Nächte und 3 Tage, Toronto und Die Nächte, S. 11-144","purpose":"description"}]}}}},{"type":"Feature","geometry":{"type":"Point","coordinates":[-79.376026,43.653945]},"properties":{"id":113,"global_id":"toronto-2080:place:113-run-sollars","name":"Run & Sollars","aliases":[],"category":"Dienstleistungen","detail_map":"Downtown/Alt-Toronto","source_pages":"30 Nächte und 3 Tage, Nacht 1-30, S. 25-144","map_source":"30 Nächte und 3 Tage","placement_note":"Nach Quellenbezug im Teilraum Downtown/Alt-Toronto angenähert","accuracy":"Teilraumzuordnung; Feinposition vorläufig","source_map":"toronto-2080-content","source_panel":"Downtown/Alt-Toronto","description_preview":"Run & Sollars ist ein Karten- und Vermessungsgeschäft, dessen analoges Fachwissen während des Blackouts besonders wertvoll wird.","description_full":"Run & Sollars ist ein Karten- und Vermessungsgeschäft, dessen analoges Fachwissen während des Blackouts besonders wertvoll wird. Die Position ist auf den belegten Stadt- oder Teilraum angenähert; eine hausgenaue Lage und eine weitergehende eigene Fließtextbeschreibung sind aus dem zugeordneten Datenmaterial nicht sicher ableitbar.","description_source":"30 Nächte und 3 Tage, Nacht 1-30, S. 25-144","description_kind":"Ortsprofil","description_has_more":true,"detail_plans":[],"alternate_locations":[],"sources":[{"bookId":"30-nights-sr6","title":"30 Nächte und 3 Tage","edition":"SR6","citation":"30 Nächte und 3 Tage, Nacht 1-30, S. 25-144","purpose":"description"}],"map_sources":[],"editions":["SR6"],"edition_descriptions":{"SR6":{"kind":"Ortsprofil","preview":"Run & Sollars ist ein Karten- und Vermessungsgeschäft, dessen analoges Fachwissen während des Blackouts besonders wertvoll wird.","full":"Run & Sollars ist ein Karten- und Vermessungsgeschäft, dessen analoges Fachwissen während des Blackouts besonders wertvoll wird. Die Position ist auf den belegten Stadt- oder Teilraum angenähert; eine hausgenaue Lage und eine weitergehende eigene Fließtextbeschreibung sind aus dem zugeordneten Datenmaterial nicht sicher ableitbar.","hasMore":true,"hasExcerpt":true,"sources":[{"bookId":"30-nights-sr6","title":"30 Nächte und 3 Tage","edition":"SR6","citation":"30 Nächte und 3 Tage, Nacht 1-30, S. 25-144","purpose":"description"}]}}}},{"type":"Feature","geometry":{"type":"Point","coordinates":[-79.378,43.6577]},"properties":{"id":78,"global_id":"toronto-2080:place:78-ryerson-university","name":"Ryerson University","aliases":[],"category":"Bildung und Kultur","detail_map":"Downtown/Alt-Toronto","source_pages":"30 Nächte und 3 Tage, Toronto und Die Nächte, S. 11-144","map_source":"30 Nächte und 3 Tage","placement_note":"Erhaltener geographischer Bezugspunkt","accuracy":"Geographischer Bezugspunkt","source_map":"toronto-2080-content","source_panel":"Downtown/Alt-Toronto","description_preview":"Ryerson ist eine der drei führenden Hochschulen des Sprawls und bildet insbesondere Wirtschaftskräfte aus.","description_full":"Ryerson ist eine der drei führenden Hochschulen des Sprawls und bildet insbesondere Wirtschaftskräfte aus. Die Position folgt einem erhaltenen heutigen Bezugspunkt.","description_source":"30 Nächte und 3 Tage, Toronto und Die Nächte, S. 11-144","description_kind":"Ortsprofil","description_has_more":true,"detail_plans":[],"alternate_locations":[],"sources":[{"bookId":"30-nights-sr6","title":"30 Nächte und 3 Tage","edition":"SR6","citation":"30 Nächte und 3 Tage, Toronto und Die Nächte, S. 11-144","purpose":"description"}],"map_sources":[],"editions":["SR6"],"edition_descriptions":{"SR6":{"kind":"Ortsprofil","preview":"Ryerson ist eine der drei führenden Hochschulen des Sprawls und bildet insbesondere Wirtschaftskräfte aus.","full":"Ryerson ist eine der drei führenden Hochschulen des Sprawls und bildet insbesondere Wirtschaftskräfte aus. Die Position folgt einem erhaltenen heutigen Bezugspunkt.","hasMore":true,"hasExcerpt":true,"sources":[{"bookId":"30-nights-sr6","title":"30 Nächte und 3 Tage","edition":"SR6","citation":"30 Nächte und 3 Tage, Toronto und Die Nächte, S. 11-144","purpose":"description"}]}}}},{"type":"Feature","geometry":{"type":"Point","coordinates":[-79.542759,43.658585]},"properties":{"id":133,"global_id":"toronto-2080:place:133-saeder-krupp-etobicoke-komplex","name":"Saeder-Krupp-Etobicoke-Komplex","aliases":[],"category":"Konzerne","detail_map":"Etobicoke","source_pages":"30 Nächte und 3 Tage, Nacht 1-30, S. 25-144","map_source":"30 Nächte und 3 Tage","placement_note":"Nach Quellenbezug im Teilraum Etobicoke angenähert","accuracy":"Teilraumzuordnung; Feinposition vorläufig","source_map":"toronto-2080-content","source_panel":"Etobicoke","description_preview":"Einer von zwei Torontoer Wohnkomplexen für S-K-Angestellte beherbergt vor allem Arbeiter und technische Fachkräfte.","description_full":"Einer von zwei Torontoer Wohnkomplexen für S-K-Angestellte beherbergt vor allem Arbeiter und technische Fachkräfte. Die Position ist auf den belegten Stadt- oder Teilraum angenähert; eine hausgenaue Lage und eine weitergehende eigene Fließtextbeschreibung sind aus dem zugeordneten Datenmaterial nicht sicher ableitbar.","description_source":"30 Nächte und 3 Tage, Nacht 1-30, S. 25-144","description_kind":"Ortsprofil","description_has_more":true,"detail_plans":[],"alternate_locations":[],"sources":[{"bookId":"30-nights-sr6","title":"30 Nächte und 3 Tage","edition":"SR6","citation":"30 Nächte und 3 Tage, Nacht 1-30, S. 25-144","purpose":"description"}],"map_sources":[],"editions":["SR6"],"edition_descriptions":{"SR6":{"kind":"Ortsprofil","preview":"Einer von zwei Torontoer Wohnkomplexen für S-K-Angestellte beherbergt vor allem Arbeiter und technische Fachkräfte.","full":"Einer von zwei Torontoer Wohnkomplexen für S-K-Angestellte beherbergt vor allem Arbeiter und technische Fachkräfte. Die Position ist auf den belegten Stadt- oder Teilraum angenähert; eine hausgenaue Lage und eine weitergehende eigene Fließtextbeschreibung sind aus dem zugeordneten Datenmaterial nicht sicher ableitbar.","hasMore":true,"hasExcerpt":true,"sources":[{"bookId":"30-nights-sr6","title":"30 Nächte und 3 Tage","edition":"SR6","citation":"30 Nächte und 3 Tage, Nacht 1-30, S. 25-144","purpose":"description"}]}}}},{"type":"Feature","geometry":{"type":"Point","coordinates":[-79.248,43.758]},"properties":{"id":8,"global_id":"toronto-2080:place:8-scarborough","name":"Scarborough","aliases":[],"category":"Bezirke","detail_map":"Scarborough","source_pages":"30 Nächte und 3 Tage, Toronto - Stadtteile, S. 11-17","map_source":"30 Nächte und 3 Tage","placement_note":"Nach Quellenbezug im Teilraum Scarborough angenähert","accuracy":"Teilraumzuordnung; Feinposition vorläufig","source_map":"toronto-2080-content","source_panel":"Scarborough","description_preview":"Scarborough ist der größte östliche Stadtteil und wichtigstes Einwanderungsziel. Seine Scarkologien, Agincourt, Markham, der Toronto Zoo und die Malvern Sports University prägen den Teilraum.","description_full":"Scarborough ist der größte östliche Stadtteil und wichtigstes Einwanderungsziel. Seine Scarkologien, Agincourt, Markham, der Toronto Zoo und die Malvern Sports University prägen den Teilraum. Die Position ist auf den belegten Stadt- oder Teilraum angenähert; eine hausgenaue Lage und eine weitergehende eigene Fließtextbeschreibung sind aus dem zugeordneten Datenmaterial nicht sicher ableitbar.","description_source":"30 Nächte und 3 Tage, Toronto - Stadtteile, S. 11-17","description_kind":"Ortsprofil","description_has_more":true,"detail_plans":[],"alternate_locations":[],"sources":[{"bookId":"30-nights-sr6","title":"30 Nächte und 3 Tage","edition":"SR6","citation":"30 Nächte und 3 Tage, Toronto - Stadtteile, S. 11-17","purpose":"description"},{"bookId":"toronto-poster-sr6","title":"Toronto Poster 2080","edition":"SR6","citation":"Toronto Poster 2080, Legende Nr. 11","purpose":"description"}],"map_sources":[],"editions":["SR6"],"edition_descriptions":{"SR6":{"kind":"Ortsprofil","preview":"Scarborough bildet den großen östlichen Einwanderungs- und Arkologienbezirk Torontos.","full":"Scarborough bildet den großen östlichen Einwanderungs- und Arkologienbezirk Torontos. Die Position folgt einem erhaltenen heutigen Bezugspunkt.","hasMore":true,"hasExcerpt":true,"sources":[{"bookId":"30-nights-sr6","title":"30 Nächte und 3 Tage","edition":"SR6","citation":"30 Nächte und 3 Tage, Toronto - Stadtteile, S. 11-17","purpose":"description"},{"bookId":"toronto-poster-sr6","title":"Toronto Poster 2080","edition":"SR6","citation":"Toronto Poster 2080, Legende Nr. 11","purpose":"description"}]}},"map_number_sr6":11}},{"type":"Feature","geometry":{"type":"Point","coordinates":[-79.376,43.656]},"properties":{"id":83,"global_id":"toronto-2080:place:83-senator-hotel","name":"Senator Hotel","aliases":[],"category":"Hotels","detail_map":"Downtown/Alt-Toronto","source_pages":"30 Nächte und 3 Tage, Toronto und Die Nächte, S. 11-144","map_source":"30 Nächte und 3 Tage","placement_note":"Erhaltener geographischer Bezugspunkt","accuracy":"Geographischer Bezugspunkt","source_map":"toronto-2080-content","source_panel":"Downtown/Alt-Toronto","description_preview":"Das eingeigelte Senator Hotel schützt prominente Gäste, kompromittierende Daten und einen schwer verletzten Decker.","description_full":"Das eingeigelte Senator Hotel schützt prominente Gäste, kompromittierende Daten und einen schwer verletzten Decker. Die Position folgt einem erhaltenen heutigen Bezugspunkt.","description_source":"30 Nächte und 3 Tage, Toronto und Die Nächte, S. 11-144","description_kind":"Ortsprofil","description_has_more":true,"detail_plans":[],"alternate_locations":[],"sources":[{"bookId":"30-nights-sr6","title":"30 Nächte und 3 Tage","edition":"SR6","citation":"30 Nächte und 3 Tage, Toronto und Die Nächte, S. 11-144","purpose":"description"}],"map_sources":[],"editions":["SR6"],"edition_descriptions":{"SR6":{"kind":"Ortsprofil","preview":"Das eingeigelte Senator Hotel schützt prominente Gäste, kompromittierende Daten und einen schwer verletzten Decker.","full":"Das eingeigelte Senator Hotel schützt prominente Gäste, kompromittierende Daten und einen schwer verletzten Decker. Die Position folgt einem erhaltenen heutigen Bezugspunkt.","hasMore":true,"hasExcerpt":true,"sources":[{"bookId":"30-nights-sr6","title":"30 Nächte und 3 Tage","edition":"SR6","citation":"30 Nächte und 3 Tage, Toronto und Die Nächte, S. 11-144","purpose":"description"}]}}}},{"type":"Feature","geometry":{"type":"Point","coordinates":[-79.359985,43.632818]},"properties":{"id":114,"global_id":"toronto-2080:place:114-seven-sisters-legal","name":"Seven Sisters Legal","aliases":[],"category":"Dienstleistungen","detail_map":"Harbourfront","source_pages":"30 Nächte und 3 Tage, Nacht 1-30, S. 25-144","map_source":"30 Nächte und 3 Tage","placement_note":"Nach Quellenbezug im Teilraum Harbourfront angenähert","accuracy":"Teilraumzuordnung; Feinposition vorläufig","source_map":"toronto-2080-content","source_panel":"Harbourfront","description_preview":"Die juristische Korrespondenz-Kooperative arbeitet aus dem Hafenviertel und vermittelt diskrete Aufträge und Informationen.","description_full":"Die juristische Korrespondenz-Kooperative arbeitet aus dem Hafenviertel und vermittelt diskrete Aufträge und Informationen. Die Position ist auf den belegten Stadt- oder Teilraum angenähert; eine hausgenaue Lage und eine weitergehende eigene Fließtextbeschreibung sind aus dem zugeordneten Datenmaterial nicht sicher ableitbar.","description_source":"30 Nächte und 3 Tage, Nacht 1-30, S. 25-144","description_kind":"Ortsprofil","description_has_more":true,"detail_plans":[],"alternate_locations":[],"sources":[{"bookId":"30-nights-sr6","title":"30 Nächte und 3 Tage","edition":"SR6","citation":"30 Nächte und 3 Tage, Nacht 1-30, S. 25-144","purpose":"description"}],"map_sources":[],"editions":["SR6"],"edition_descriptions":{"SR6":{"kind":"Ortsprofil","preview":"Die juristische Korrespondenz-Kooperative arbeitet aus dem Hafenviertel und vermittelt diskrete Aufträge und Informationen.","full":"Die juristische Korrespondenz-Kooperative arbeitet aus dem Hafenviertel und vermittelt diskrete Aufträge und Informationen. Die Position ist auf den belegten Stadt- oder Teilraum angenähert; eine hausgenaue Lage und eine weitergehende eigene Fließtextbeschreibung sind aus dem zugeordneten Datenmaterial nicht sicher ableitbar.","hasMore":true,"hasExcerpt":true,"sources":[{"bookId":"30-nights-sr6","title":"30 Nächte und 3 Tage","edition":"SR6","citation":"30 Nächte und 3 Tage, Nacht 1-30, S. 25-144","purpose":"description"}]}}}},{"type":"Feature","geometry":{"type":"Point","coordinates":[-79.379685,43.661506]},"properties":{"id":142,"global_id":"toronto-2080:place:142-shadowland-toronto","name":"Shadowland Toronto","aliases":[],"category":"Matrix und Metaplanes","detail_map":"Toronto","source_pages":"Target: Matrix, Shadowland Nodes, S. 27","map_source":"Target: Matrix / Brennpunkt Matrix","placement_note":"Nach Quellenbezug im Teilraum Toronto angenähert","accuracy":"Teilraumzuordnung; Feinposition vorläufig","source_map":"toronto-2080-content","source_panel":"Toronto","description_preview":"Der Torontoer Shadowland-Knoten verlor nach der Durchtrennung nicht registrierter Leitungen seinen Nexus-Anschluss und kehrte unter anderem Namen zurück.","description_full":"Der Torontoer Shadowland-Knoten verlor nach der Durchtrennung nicht registrierter Leitungen seinen Nexus-Anschluss und kehrte unter anderem Namen zurück. Die Position ist auf den belegten Stadt- oder Teilraum angenähert; eine hausgenaue Lage und eine weitergehende eigene Fließtextbeschreibung sind aus dem zugeordneten Datenmaterial nicht sicher ableitbar.","description_source":"Target: Matrix, Shadowland Nodes, S. 27","description_kind":"Ortsprofil","description_has_more":true,"detail_plans":[],"alternate_locations":[],"sources":[{"bookId":"target-matrix-sr3","title":"Target: Matrix / Brennpunkt Matrix","edition":"SR3","citation":"Target: Matrix, Shadowland Nodes, S. 27","purpose":"description"}],"map_sources":[],"editions":["SR3"],"edition_descriptions":{"SR3":{"kind":"Ortsprofil","preview":"Der Torontoer Shadowland-Knoten verlor nach der Durchtrennung nicht registrierter Leitungen seinen Nexus-Anschluss und kehrte unter anderem Namen zurück.","full":"Der Torontoer Shadowland-Knoten verlor nach der Durchtrennung nicht registrierter Leitungen seinen Nexus-Anschluss und kehrte unter anderem Namen zurück. Die Position ist auf den belegten Stadt- oder Teilraum angenähert; eine hausgenaue Lage und eine weitergehende eigene Fließtextbeschreibung sind aus dem zugeordneten Datenmaterial nicht sicher ableitbar.","hasMore":true,"hasExcerpt":true,"sources":[{"bookId":"target-matrix-sr3","title":"Target: Matrix / Brennpunkt Matrix","edition":"SR3","citation":"Target: Matrix, Shadowland Nodes, S. 27","purpose":"description"}]}}}},{"type":"Feature","geometry":{"type":"Point","coordinates":[-79.285,43.72]},"properties":{"id":135,"global_id":"toronto-2080:place:135-shinjin-electronics","name":"ShinJin Electronics","aliases":[],"category":"Einkaufen","detail_map":"Golden Mile","source_pages":"30 Nächte und 3 Tage, Nacht 1-30, S. 25-144","map_source":"30 Nächte und 3 Tage","placement_note":"Erhaltener geographischer Bezugspunkt","accuracy":"Geographischer Bezugspunkt","source_map":"toronto-2080-content","source_panel":"Golden Mile","description_preview":"Der Elektronikladen an der Golden Mile dient als Zugang zu belastenden Transaktionsdaten.","description_full":"Der Elektronikladen an der Golden Mile dient als Zugang zu belastenden Transaktionsdaten. Die Position folgt einem erhaltenen heutigen Bezugspunkt.","description_source":"30 Nächte und 3 Tage, Nacht 1-30, S. 25-144","description_kind":"Ortsprofil","description_has_more":true,"detail_plans":[],"alternate_locations":[],"sources":[{"bookId":"30-nights-sr6","title":"30 Nächte und 3 Tage","edition":"SR6","citation":"30 Nächte und 3 Tage, Nacht 1-30, S. 25-144","purpose":"description"}],"map_sources":[],"editions":["SR6"],"edition_descriptions":{"SR6":{"kind":"Ortsprofil","preview":"Der Elektronikladen an der Golden Mile dient als Zugang zu belastenden Transaktionsdaten.","full":"Der Elektronikladen an der Golden Mile dient als Zugang zu belastenden Transaktionsdaten. Die Position folgt einem erhaltenen heutigen Bezugspunkt.","hasMore":true,"hasExcerpt":true,"sources":[{"bookId":"30-nights-sr6","title":"30 Nächte und 3 Tage","edition":"SR6","citation":"30 Nächte und 3 Tage, Nacht 1-30, S. 25-144","purpose":"description"}]}}}},{"type":"Feature","geometry":{"type":"Point","coordinates":[-79.52269,43.757197]},"properties":{"id":85,"global_id":"toronto-2080:place:85-silver-spoon-bar","name":"Silver Spoon Bar","aliases":[],"category":"Bars und Clubs","detail_map":"Jane & Finch","source_pages":"30 Nächte und 3 Tage, Toronto und Die Nächte, S. 11-144","map_source":"30 Nächte und 3 Tage","placement_note":"Nach Quellenbezug im Teilraum Jane & Finch angenähert","accuracy":"Teilraumzuordnung; Feinposition vorläufig","source_map":"toronto-2080-content","source_panel":"Jane & Finch","description_preview":"Die ruppige Bar ist ausschließliches Territorium der Maulers.","description_full":"Die ruppige Bar ist ausschließliches Territorium der Maulers. Die Position ist auf den belegten Stadt- oder Teilraum angenähert; eine hausgenaue Lage und eine weitergehende eigene Fließtextbeschreibung sind aus dem zugeordneten Datenmaterial nicht sicher ableitbar.","description_source":"30 Nächte und 3 Tage, Toronto und Die Nächte, S. 11-144","description_kind":"Ortsprofil","description_has_more":true,"detail_plans":[],"alternate_locations":[],"sources":[{"bookId":"30-nights-sr6","title":"30 Nächte und 3 Tage","edition":"SR6","citation":"30 Nächte und 3 Tage, Toronto und Die Nächte, S. 11-144","purpose":"description"}],"map_sources":[],"editions":["SR6"],"edition_descriptions":{"SR6":{"kind":"Ortsprofil","preview":"Die ruppige Bar ist ausschließliches Territorium der Maulers.","full":"Die ruppige Bar ist ausschließliches Territorium der Maulers. Die Position ist auf den belegten Stadt- oder Teilraum angenähert; eine hausgenaue Lage und eine weitergehende eigene Fließtextbeschreibung sind aus dem zugeordneten Datenmaterial nicht sicher ableitbar.","hasMore":true,"hasExcerpt":true,"sources":[{"bookId":"30-nights-sr6","title":"30 Nächte und 3 Tage","edition":"SR6","citation":"30 Nächte und 3 Tage, Toronto und Die Nächte, S. 11-144","purpose":"description"}]}}}},{"type":"Feature","geometry":{"type":"Point","coordinates":[-79.476,43.689]},"properties":{"id":128,"global_id":"toronto-2080:place:128-silverthorn","name":"Silverthorn","aliases":[],"category":"Stadtteile","detail_map":"West End","source_pages":"30 Nächte und 3 Tage, Nacht 1-30, S. 25-144","map_source":"30 Nächte und 3 Tage","placement_note":"Erhaltener geographischer Bezugspunkt","accuracy":"Geographischer Bezugspunkt","source_map":"toronto-2080-content","source_panel":"West End","description_preview":"Silverthorn ist ein heruntergekommenes West-End-Viertel, dessen geschlossene Bibliothek mehreren magischen Gruppen als Ziel dient.","description_full":"Silverthorn ist ein heruntergekommenes West-End-Viertel, dessen geschlossene Bibliothek mehreren magischen Gruppen als Ziel dient. Die Position folgt einem erhaltenen heutigen Bezugspunkt.","description_source":"30 Nächte und 3 Tage, Nacht 1-30, S. 25-144","description_kind":"Ortsprofil","description_has_more":true,"detail_plans":[],"alternate_locations":[],"sources":[{"bookId":"30-nights-sr6","title":"30 Nächte und 3 Tage","edition":"SR6","citation":"30 Nächte und 3 Tage, Nacht 1-30, S. 25-144","purpose":"description"}],"map_sources":[],"editions":["SR6"],"edition_descriptions":{"SR6":{"kind":"Ortsprofil","preview":"Silverthorn ist ein heruntergekommenes West-End-Viertel, dessen geschlossene Bibliothek mehreren magischen Gruppen als Ziel dient.","full":"Silverthorn ist ein heruntergekommenes West-End-Viertel, dessen geschlossene Bibliothek mehreren magischen Gruppen als Ziel dient. Die Position folgt einem erhaltenen heutigen Bezugspunkt.","hasMore":true,"hasExcerpt":true,"sources":[{"bookId":"30-nights-sr6","title":"30 Nächte und 3 Tage","edition":"SR6","citation":"30 Nächte und 3 Tage, Nacht 1-30, S. 25-144","purpose":"description"}]}}}},{"type":"Feature","geometry":{"type":"Point","coordinates":[-79.461917,43.652467]},"properties":{"id":129,"global_id":"toronto-2080:place:129-silverthorn-bibliothek","name":"Silverthorn-Bibliothek","aliases":[],"category":"Bildung und Kultur","detail_map":"West End","source_pages":"30 Nächte und 3 Tage, Nacht 1-30, S. 25-144","map_source":"30 Nächte und 3 Tage","placement_note":"Nach Quellenbezug im Teilraum West End angenähert","accuracy":"Teilraumzuordnung; Feinposition vorläufig","source_map":"toronto-2080-content","source_panel":"West End","description_preview":"Die seit 2060 geschlossene Bibliothek wird im Blackout zum ungestörten Treffpunkt für toxische und gegnerische Erwachte.","description_full":"Die seit 2060 geschlossene Bibliothek wird im Blackout zum ungestörten Treffpunkt für toxische und gegnerische Erwachte. Die Position ist auf den belegten Stadt- oder Teilraum angenähert; eine hausgenaue Lage und eine weitergehende eigene Fließtextbeschreibung sind aus dem zugeordneten Datenmaterial nicht sicher ableitbar.","description_source":"30 Nächte und 3 Tage, Nacht 1-30, S. 25-144","description_kind":"Ortsprofil","description_has_more":true,"detail_plans":[],"alternate_locations":[],"sources":[{"bookId":"30-nights-sr6","title":"30 Nächte und 3 Tage","edition":"SR6","citation":"30 Nächte und 3 Tage, Nacht 1-30, S. 25-144","purpose":"description"}],"map_sources":[],"editions":["SR6"],"edition_descriptions":{"SR6":{"kind":"Ortsprofil","preview":"Die seit 2060 geschlossene Bibliothek wird im Blackout zum ungestörten Treffpunkt für toxische und gegnerische Erwachte.","full":"Die seit 2060 geschlossene Bibliothek wird im Blackout zum ungestörten Treffpunkt für toxische und gegnerische Erwachte. Die Position ist auf den belegten Stadt- oder Teilraum angenähert; eine hausgenaue Lage und eine weitergehende eigene Fließtextbeschreibung sind aus dem zugeordneten Datenmaterial nicht sicher ableitbar.","hasMore":true,"hasExcerpt":true,"sources":[{"bookId":"30-nights-sr6","title":"30 Nächte und 3 Tage","edition":"SR6","citation":"30 Nächte und 3 Tage, Nacht 1-30, S. 25-144","purpose":"description"}]}}}},{"type":"Feature","geometry":{"type":"Point","coordinates":[-79.394,43.6215]},"properties":{"id":75,"global_id":"toronto-2080:place:75-snake-island-schmugglerpier","name":"Snake Island Schmugglerpier","aliases":[],"category":"Schmuggel und Schatten","detail_map":"Toronto Islands","source_pages":"30 Nächte und 3 Tage, Toronto und Die Nächte, S. 11-144","map_source":"30 Nächte und 3 Tage","placement_note":"Erhaltener geographischer Bezugspunkt","accuracy":"Geographischer Bezugspunkt","source_map":"toronto-2080-content","source_panel":"Toronto Islands","description_preview":"Ein heruntergekommener markierter Pier vermittelt diskrete Bootsfahrten zu privaten Anlegern und Schmuggelrouten.","description_full":"Ein heruntergekommener markierter Pier vermittelt diskrete Bootsfahrten zu privaten Anlegern und Schmuggelrouten. Die Position folgt einem erhaltenen heutigen Bezugspunkt.","description_source":"30 Nächte und 3 Tage, Toronto und Die Nächte, S. 11-144","description_kind":"Ortsprofil","description_has_more":true,"detail_plans":[],"alternate_locations":[],"sources":[{"bookId":"30-nights-sr6","title":"30 Nächte und 3 Tage","edition":"SR6","citation":"30 Nächte und 3 Tage, Toronto und Die Nächte, S. 11-144","purpose":"description"}],"map_sources":[],"editions":["SR6"],"edition_descriptions":{"SR6":{"kind":"Ortsprofil","preview":"Ein heruntergekommener markierter Pier vermittelt diskrete Bootsfahrten zu privaten Anlegern und Schmuggelrouten.","full":"Ein heruntergekommener markierter Pier vermittelt diskrete Bootsfahrten zu privaten Anlegern und Schmuggelrouten. Die Position folgt einem erhaltenen heutigen Bezugspunkt.","hasMore":true,"hasExcerpt":true,"sources":[{"bookId":"30-nights-sr6","title":"30 Nächte und 3 Tage","edition":"SR6","citation":"30 Nächte und 3 Tage, Toronto und Die Nächte, S. 11-144","purpose":"description"}]}}}},{"type":"Feature","geometry":{"type":"Point","coordinates":[-79.41,43.645]},"properties":{"id":44,"global_id":"toronto-2080:place:44-sonata-data-processing-services","name":"Sonata Data Processing Services","aliases":[],"category":"Konzerne","detail_map":"Downtown/Alt-Toronto","source_pages":"Toronto Poster 2080, Legende Nr. 38","map_source":"Toronto Poster 2080","placement_note":"Erhaltener geographischer Bezugspunkt","accuracy":"Geographischer Bezugspunkt","source_map":"toronto-2080-content","source_panel":"Downtown/Alt-Toronto","description_preview":"Sonata betreibt physisch gesicherte Datenspeicher, die während des Blackouts Ziel eines Coquillards-Runs werden.","description_full":"Sonata betreibt physisch gesicherte Datenspeicher, die während des Blackouts Ziel eines Coquillards-Runs werden. Die Position folgt einem erhaltenen heutigen Bezugspunkt.","description_source":"Toronto Poster 2080, Legende Nr. 38","description_kind":"Ortsprofil","description_has_more":true,"detail_plans":[],"alternate_locations":[],"sources":[{"bookId":"toronto-poster-sr6","title":"Toronto Poster 2080","edition":"SR6","citation":"Toronto Poster 2080, Legende Nr. 38","purpose":"description"}],"map_sources":[],"editions":["SR6"],"edition_descriptions":{"SR6":{"kind":"Ortsprofil","preview":"Sonata betreibt physisch gesicherte Datenspeicher, die während des Blackouts Ziel eines Coquillards-Runs werden.","full":"Sonata betreibt physisch gesicherte Datenspeicher, die während des Blackouts Ziel eines Coquillards-Runs werden. Die Position folgt einem erhaltenen heutigen Bezugspunkt.","hasMore":true,"hasExcerpt":true,"sources":[{"bookId":"toronto-poster-sr6","title":"Toronto Poster 2080","edition":"SR6","citation":"Toronto Poster 2080, Legende Nr. 38","purpose":"description"}]}},"map_number_sr6":38}},{"type":"Feature","geometry":{"type":"Point","coordinates":[-79.371,43.661]},"properties":{"id":108,"global_id":"toronto-2080:place:108-st-lukes-united","name":"St. Luke’s United","aliases":[],"category":"Magie und Religion","detail_map":"Cabbagetown","source_pages":"30 Nächte und 3 Tage, Nacht 1-30, S. 25-144","map_source":"30 Nächte und 3 Tage","placement_note":"Erhaltener geographischer Bezugspunkt","accuracy":"Geographischer Bezugspunkt","source_map":"toronto-2080-content","source_panel":"Cabbagetown","description_preview":"Die Kirche in Cabbagetown wird als mögliche Operations- und Versorgungszentrale einer Stadtteilgemeinschaft genannt.","description_full":"Die Kirche in Cabbagetown wird als mögliche Operations- und Versorgungszentrale einer Stadtteilgemeinschaft genannt. Die Position folgt einem erhaltenen heutigen Bezugspunkt.","description_source":"30 Nächte und 3 Tage, Nacht 1-30, S. 25-144","description_kind":"Ortsprofil","description_has_more":true,"detail_plans":[],"alternate_locations":[],"sources":[{"bookId":"30-nights-sr6","title":"30 Nächte und 3 Tage","edition":"SR6","citation":"30 Nächte und 3 Tage, Nacht 1-30, S. 25-144","purpose":"description"}],"map_sources":[],"editions":["SR6"],"edition_descriptions":{"SR6":{"kind":"Ortsprofil","preview":"Die Kirche in Cabbagetown wird als mögliche Operations- und Versorgungszentrale einer Stadtteilgemeinschaft genannt.","full":"Die Kirche in Cabbagetown wird als mögliche Operations- und Versorgungszentrale einer Stadtteilgemeinschaft genannt. Die Position folgt einem erhaltenen heutigen Bezugspunkt.","hasMore":true,"hasExcerpt":true,"sources":[{"bookId":"30-nights-sr6","title":"30 Nächte und 3 Tage","edition":"SR6","citation":"30 Nächte und 3 Tage, Nacht 1-30, S. 25-144","purpose":"description"}]}}}},{"type":"Feature","geometry":{"type":"Point","coordinates":[-79.3634,43.6556]},"properties":{"id":127,"global_id":"toronto-2080:place:127-st-pauls-basilica","name":"St. Paul’s Basilica","aliases":[],"category":"Magie und Religion","detail_map":"Cabbagetown","source_pages":"30 Nächte und 3 Tage, Nacht 1-30, S. 25-144","map_source":"30 Nächte und 3 Tage","placement_note":"Erhaltener geographischer Bezugspunkt","accuracy":"Geographischer Bezugspunkt","source_map":"toronto-2080-content","source_panel":"Cabbagetown","description_preview":"Die Basilika ist ein wiederkehrender Aufenthalts- und Beobachtungsort im Umfeld der South Cabbage Warlordz.","description_full":"Die Basilika ist ein wiederkehrender Aufenthalts- und Beobachtungsort im Umfeld der South Cabbage Warlordz. Die Position folgt einem erhaltenen heutigen Bezugspunkt.","description_source":"30 Nächte und 3 Tage, Nacht 1-30, S. 25-144","description_kind":"Ortsprofil","description_has_more":true,"detail_plans":[],"alternate_locations":[],"sources":[{"bookId":"30-nights-sr6","title":"30 Nächte und 3 Tage","edition":"SR6","citation":"30 Nächte und 3 Tage, Nacht 1-30, S. 25-144","purpose":"description"}],"map_sources":[],"editions":["SR6"],"edition_descriptions":{"SR6":{"kind":"Ortsprofil","preview":"Die Basilika ist ein wiederkehrender Aufenthalts- und Beobachtungsort im Umfeld der South Cabbage Warlordz.","full":"Die Basilika ist ein wiederkehrender Aufenthalts- und Beobachtungsort im Umfeld der South Cabbage Warlordz. Die Position folgt einem erhaltenen heutigen Bezugspunkt.","hasMore":true,"hasExcerpt":true,"sources":[{"bookId":"30-nights-sr6","title":"30 Nächte und 3 Tage","edition":"SR6","citation":"30 Nächte und 3 Tage, Nacht 1-30, S. 25-144","purpose":"description"}]}}}},{"type":"Feature","geometry":{"type":"Point","coordinates":[-79.386,43.6718]},"properties":{"id":45,"global_id":"toronto-2080:place:45-stadtbibliothek-toronto","name":"Stadtbibliothek Toronto","aliases":[],"category":"Bildung und Kultur","detail_map":"Downtown/Alt-Toronto","source_pages":"Toronto Poster 2080, Legende Nr. 39","map_source":"Toronto Poster 2080","placement_note":"Erhaltener geographischer Bezugspunkt","accuracy":"Geographischer Bezugspunkt","source_map":"toronto-2080-content","source_panel":"Downtown/Alt-Toronto","description_preview":"Die Stadtbibliothek besitzt eine breite Sammlung einschließlich einzelner seltener arkaner Texte.","description_full":"Die Stadtbibliothek besitzt eine breite Sammlung einschließlich einzelner seltener arkaner Texte. Die Position folgt einem erhaltenen heutigen Bezugspunkt.","description_source":"Toronto Poster 2080, Legende Nr. 39","description_kind":"Ortsprofil","description_has_more":true,"detail_plans":[],"alternate_locations":[],"sources":[{"bookId":"toronto-poster-sr6","title":"Toronto Poster 2080","edition":"SR6","citation":"Toronto Poster 2080, Legende Nr. 39","purpose":"description"}],"map_sources":[],"editions":["SR6"],"edition_descriptions":{"SR6":{"kind":"Ortsprofil","preview":"Die Stadtbibliothek besitzt eine breite Sammlung einschließlich einzelner seltener arkaner Texte.","full":"Die Stadtbibliothek besitzt eine breite Sammlung einschließlich einzelner seltener arkaner Texte. Die Position folgt einem erhaltenen heutigen Bezugspunkt.","hasMore":true,"hasExcerpt":true,"sources":[{"bookId":"toronto-poster-sr6","title":"Toronto Poster 2080","edition":"SR6","citation":"Toronto Poster 2080, Legende Nr. 39","purpose":"description"}]}},"map_number_sr6":39}},{"type":"Feature","geometry":{"type":"Point","coordinates":[-79.392,43.666]},"properties":{"id":116,"global_id":"toronto-2080:place:116-taddle-creek-klaranlage","name":"Taddle-Creek-Kläranlage","aliases":[],"category":"Infrastruktur","detail_map":"Downtown/Alt-Toronto","source_pages":"30 Nächte und 3 Tage, Nacht 1-30, S. 25-144","map_source":"30 Nächte und 3 Tage","placement_note":"Erhaltener geographischer Bezugspunkt","accuracy":"Geographischer Bezugspunkt","source_map":"toronto-2080-content","source_panel":"Downtown/Alt-Toronto","description_preview":"Der Backsteinkomplex in der Taddle-Creek-Parkanlage reinigt Wasser und wird zum magischen Operationsort im Kampf gegen Mezcallus Negh.","description_full":"Der Backsteinkomplex in der Taddle-Creek-Parkanlage reinigt Wasser und wird zum magischen Operationsort im Kampf gegen Mezcallus Negh. Die Position folgt einem erhaltenen heutigen Bezugspunkt.","description_source":"30 Nächte und 3 Tage, Nacht 1-30, S. 25-144","description_kind":"Ortsprofil","description_has_more":true,"detail_plans":[],"alternate_locations":[],"sources":[{"bookId":"30-nights-sr6","title":"30 Nächte und 3 Tage","edition":"SR6","citation":"30 Nächte und 3 Tage, Nacht 1-30, S. 25-144","purpose":"description"}],"map_sources":[],"editions":["SR6"],"edition_descriptions":{"SR6":{"kind":"Ortsprofil","preview":"Der Backsteinkomplex in der Taddle-Creek-Parkanlage reinigt Wasser und wird zum magischen Operationsort im Kampf gegen Mezcallus Negh.","full":"Der Backsteinkomplex in der Taddle-Creek-Parkanlage reinigt Wasser und wird zum magischen Operationsort im Kampf gegen Mezcallus Negh. Die Position folgt einem erhaltenen heutigen Bezugspunkt.","hasMore":true,"hasExcerpt":true,"sources":[{"bookId":"30-nights-sr6","title":"30 Nächte und 3 Tage","edition":"SR6","citation":"30 Nächte und 3 Tage, Nacht 1-30, S. 25-144","purpose":"description"}]}}}},{"type":"Feature","geometry":{"type":"Point","coordinates":[-79.392,43.666]},"properties":{"id":18,"global_id":"toronto-2080:place:18-taddle-creek-parkanlage","name":"Taddle-Creek-Parkanlage","aliases":[],"category":"Freizeit und Natur","detail_map":"Downtown/Alt-Toronto","source_pages":"Toronto Poster 2080, Legende Nr. 12","map_source":"Toronto Poster 2080","placement_note":"Erhaltener geographischer Bezugspunkt","accuracy":"Geographischer Bezugspunkt","source_map":"toronto-2080-content","source_panel":"Downtown/Alt-Toronto","description_preview":"Die Taddle-Creek-Parkanlage schützt einen wichtigen Teil der städtischen Wasser- und Grüninfrastruktur.","description_full":"Die Taddle-Creek-Parkanlage schützt einen wichtigen Teil der städtischen Wasser- und Grüninfrastruktur. Die Position folgt einem erhaltenen heutigen Bezugspunkt.","description_source":"Toronto Poster 2080, Legende Nr. 12","description_kind":"Ortsprofil","description_has_more":true,"detail_plans":[],"alternate_locations":[],"sources":[{"bookId":"toronto-poster-sr6","title":"Toronto Poster 2080","edition":"SR6","citation":"Toronto Poster 2080, Legende Nr. 12","purpose":"description"}],"map_sources":[],"editions":["SR6"],"edition_descriptions":{"SR6":{"kind":"Ortsprofil","preview":"Die Taddle-Creek-Parkanlage schützt einen wichtigen Teil der städtischen Wasser- und Grüninfrastruktur.","full":"Die Taddle-Creek-Parkanlage schützt einen wichtigen Teil der städtischen Wasser- und Grüninfrastruktur. Die Position folgt einem erhaltenen heutigen Bezugspunkt.","hasMore":true,"hasExcerpt":true,"sources":[{"bookId":"toronto-poster-sr6","title":"Toronto Poster 2080","edition":"SR6","citation":"Toronto Poster 2080, Legende Nr. 12","purpose":"description"}]}},"map_number_sr6":12}},{"type":"Feature","geometry":{"type":"Point","coordinates":[-79.332577,43.682407]},"properties":{"id":139,"global_id":"toronto-2080:place:139-taylor-paulines-torontoer-buro","name":"Taylor Paulines Torontoer Büro","aliases":[],"category":"Dienstleistungen","detail_map":"East York","source_pages":"Prime Runners, Taylor Kimball Pauline, S. 55-57","map_source":"Prime Runners","placement_note":"Nach Quellenbezug im Teilraum East York angenähert","accuracy":"Teilraumzuordnung; Feinposition vorläufig","source_map":"toronto-2080-content","source_panel":"East York","description_preview":"Prime Runners beschreibt Paulines kleines Büro in einem unscheinbaren Geschäftsblock im Osten Torontos.","description_full":"Prime Runners beschreibt Paulines kleines Büro in einem unscheinbaren Geschäftsblock im Osten Torontos. Die Position ist auf den belegten Stadt- oder Teilraum angenähert; eine hausgenaue Lage und eine weitergehende eigene Fließtextbeschreibung sind aus dem zugeordneten Datenmaterial nicht sicher ableitbar.","description_source":"Prime Runners, Taylor Kimball Pauline, S. 55-57","description_kind":"Ortsprofil","description_has_more":true,"detail_plans":[],"alternate_locations":[],"sources":[{"bookId":"prime-runners-sr2","title":"Prime Runners","edition":"SR2","citation":"Prime Runners, Taylor Kimball Pauline, S. 55-57","purpose":"description"}],"map_sources":[],"editions":["SR2"],"edition_descriptions":{"SR2":{"kind":"Ortsprofil","preview":"Prime Runners beschreibt Paulines kleines Büro in einem unscheinbaren Geschäftsblock im Osten Torontos.","full":"Prime Runners beschreibt Paulines kleines Büro in einem unscheinbaren Geschäftsblock im Osten Torontos. Die Position ist auf den belegten Stadt- oder Teilraum angenähert; eine hausgenaue Lage und eine weitergehende eigene Fließtextbeschreibung sind aus dem zugeordneten Datenmaterial nicht sicher ableitbar.","hasMore":true,"hasExcerpt":true,"sources":[{"bookId":"prime-runners-sr2","title":"Prime Runners","edition":"SR2","citation":"Prime Runners, Taylor Kimball Pauline, S. 55-57","purpose":"description"}]}}}},{"type":"Feature","geometry":{"type":"Point","coordinates":[-79.2977,43.6685]},"properties":{"id":58,"global_id":"toronto-2080:place:58-the-beaches","name":"The Beaches","aliases":[],"category":"Stadtteile","detail_map":"East York","source_pages":"30 Nächte und 3 Tage, Toronto-Karte, Legende Nr. 12","map_source":"30 Nächte und 3 Tage","placement_note":"Erhaltener geographischer Bezugspunkt","accuracy":"Geographischer Bezugspunkt","source_map":"toronto-2080-content","source_panel":"East York","description_preview":"The Beaches ist auf der offiziellen Übersichtskarte von 30 Nächte als wichtiger Torontoer Ort ausgewiesen.","description_full":"The Beaches ist auf der offiziellen Übersichtskarte von 30 Nächte als wichtiger Torontoer Ort ausgewiesen. Die Position folgt einem erhaltenen heutigen Bezugspunkt.","description_source":"30 Nächte und 3 Tage, Toronto-Karte, Legende Nr. 12","description_kind":"Ortsprofil","description_has_more":true,"detail_plans":[],"alternate_locations":[],"sources":[{"bookId":"30-nights-sr6","title":"30 Nächte und 3 Tage","edition":"SR6","citation":"30 Nächte und 3 Tage, Toronto-Karte, Legende Nr. 12","purpose":"description"}],"map_sources":[],"editions":["SR6"],"edition_descriptions":{"SR6":{"kind":"Ortsprofil","preview":"The Beaches ist auf der offiziellen Übersichtskarte von 30 Nächte als wichtiger Torontoer Ort ausgewiesen.","full":"The Beaches ist auf der offiziellen Übersichtskarte von 30 Nächte als wichtiger Torontoer Ort ausgewiesen. Die Position folgt einem erhaltenen heutigen Bezugspunkt.","hasMore":true,"hasExcerpt":true,"sources":[{"bookId":"30-nights-sr6","title":"30 Nächte und 3 Tage","edition":"SR6","citation":"30 Nächte und 3 Tage, Toronto-Karte, Legende Nr. 12","purpose":"description"}]}}}},{"type":"Feature","geometry":{"type":"Point","coordinates":[-79.382172,43.649661]},"properties":{"id":95,"global_id":"toronto-2080:place:95-the-feeding-block","name":"The Feeding Block","aliases":[],"category":"Einkaufen","detail_map":"Downtown/Alt-Toronto","source_pages":"30 Nächte und 3 Tage, Toronto und Die Nächte, S. 11-144","map_source":"30 Nächte und 3 Tage","placement_note":"Nach Quellenbezug im Teilraum Downtown/Alt-Toronto angenähert","accuracy":"Teilraumzuordnung; Feinposition vorläufig","source_map":"toronto-2080-content","source_panel":"Downtown/Alt-Toronto","description_preview":"Stillgelegte Foodtrucks bilden einen neuen Markt, der von zwei Gangs und einer brüchigen Polizeipräsenz geschützt wird.","description_full":"Stillgelegte Foodtrucks bilden einen neuen Markt, der von zwei Gangs und einer brüchigen Polizeipräsenz geschützt wird. Die Position ist auf den belegten Stadt- oder Teilraum angenähert; eine hausgenaue Lage und eine weitergehende eigene Fließtextbeschreibung sind aus dem zugeordneten Datenmaterial nicht sicher ableitbar.","description_source":"30 Nächte und 3 Tage, Toronto und Die Nächte, S. 11-144","description_kind":"Ortsprofil","description_has_more":true,"detail_plans":[],"alternate_locations":[],"sources":[{"bookId":"30-nights-sr6","title":"30 Nächte und 3 Tage","edition":"SR6","citation":"30 Nächte und 3 Tage, Toronto und Die Nächte, S. 11-144","purpose":"description"}],"map_sources":[],"editions":["SR6"],"edition_descriptions":{"SR6":{"kind":"Ortsprofil","preview":"Stillgelegte Foodtrucks bilden einen neuen Markt, der von zwei Gangs und einer brüchigen Polizeipräsenz geschützt wird.","full":"Stillgelegte Foodtrucks bilden einen neuen Markt, der von zwei Gangs und einer brüchigen Polizeipräsenz geschützt wird. Die Position ist auf den belegten Stadt- oder Teilraum angenähert; eine hausgenaue Lage und eine weitergehende eigene Fließtextbeschreibung sind aus dem zugeordneten Datenmaterial nicht sicher ableitbar.","hasMore":true,"hasExcerpt":true,"sources":[{"bookId":"30-nights-sr6","title":"30 Nächte und 3 Tage","edition":"SR6","citation":"30 Nächte und 3 Tage, Toronto und Die Nächte, S. 11-144","purpose":"description"}]}}}},{"type":"Feature","geometry":{"type":"Point","coordinates":[-79.47,43.665]},"properties":{"id":19,"global_id":"toronto-2080:place:19-the-junction","name":"The Junction","aliases":[],"category":"Stadtteile","detail_map":"West End","source_pages":"Toronto Poster 2080, Legende Nr. 13","map_source":"Toronto Poster 2080","placement_note":"Erhaltener geographischer Bezugspunkt","accuracy":"Geographischer Bezugspunkt","source_map":"toronto-2080-content","source_panel":"West End","description_preview":"The Junction bietet günstigeren Wohnraum und spezialisierte kleine Geschäfte nördlich von High Park.","description_full":"The Junction bietet günstigeren Wohnraum und spezialisierte kleine Geschäfte nördlich von High Park. Die Position folgt einem erhaltenen heutigen Bezugspunkt.","description_source":"Toronto Poster 2080, Legende Nr. 13","description_kind":"Ortsprofil","description_has_more":true,"detail_plans":[],"alternate_locations":[],"sources":[{"bookId":"toronto-poster-sr6","title":"Toronto Poster 2080","edition":"SR6","citation":"Toronto Poster 2080, Legende Nr. 13","purpose":"description"},{"bookId":"30-nights-sr6","title":"30 Nächte und 3 Tage","edition":"SR6","citation":"30 Nächte und 3 Tage, Toronto-Karte, Legende Nr. 17","purpose":"description"}],"map_sources":[],"editions":["SR6"],"edition_descriptions":{"SR6":{"kind":"Ortsprofil","preview":"The Junction ist auf der offiziellen Übersichtskarte von 30 Nächte als wichtiger Torontoer Ort ausgewiesen.","full":"The Junction ist auf der offiziellen Übersichtskarte von 30 Nächte als wichtiger Torontoer Ort ausgewiesen. Die Position folgt einem erhaltenen heutigen Bezugspunkt.","hasMore":true,"hasExcerpt":true,"sources":[{"bookId":"toronto-poster-sr6","title":"Toronto Poster 2080","edition":"SR6","citation":"Toronto Poster 2080, Legende Nr. 13","purpose":"description"},{"bookId":"30-nights-sr6","title":"30 Nächte und 3 Tage","edition":"SR6","citation":"30 Nächte und 3 Tage, Toronto-Karte, Legende Nr. 17","purpose":"description"}]}},"map_number_sr6":13}},{"type":"Feature","geometry":{"type":"Point","coordinates":[-79.380915,43.661779]},"properties":{"id":132,"global_id":"toronto-2080:place:132-the-peoples-bank","name":"The People’s Bank","aliases":[],"category":"Finanzen","detail_map":"Downtown/Alt-Toronto","source_pages":"30 Nächte und 3 Tage, Nacht 1-30, S. 25-144","map_source":"30 Nächte und 3 Tage","placement_note":"Nach Quellenbezug im Teilraum Downtown/Alt-Toronto angenähert","accuracy":"Teilraumzuordnung; Feinposition vorläufig","source_map":"toronto-2080-content","source_panel":"Downtown/Alt-Toronto","description_preview":"Die Schattenbank tauscht Konzernwährungen und Vorschüsse diskret in beglaubigte Nuyen-Credsticks um.","description_full":"Die Schattenbank tauscht Konzernwährungen und Vorschüsse diskret in beglaubigte Nuyen-Credsticks um. Die Position ist auf den belegten Stadt- oder Teilraum angenähert; eine hausgenaue Lage und eine weitergehende eigene Fließtextbeschreibung sind aus dem zugeordneten Datenmaterial nicht sicher ableitbar.","description_source":"30 Nächte und 3 Tage, Nacht 1-30, S. 25-144","description_kind":"Ortsprofil","description_has_more":true,"detail_plans":[],"alternate_locations":[],"sources":[{"bookId":"30-nights-sr6","title":"30 Nächte und 3 Tage","edition":"SR6","citation":"30 Nächte und 3 Tage, Nacht 1-30, S. 25-144","purpose":"description"}],"map_sources":[],"editions":["SR6"],"edition_descriptions":{"SR6":{"kind":"Ortsprofil","preview":"Die Schattenbank tauscht Konzernwährungen und Vorschüsse diskret in beglaubigte Nuyen-Credsticks um.","full":"Die Schattenbank tauscht Konzernwährungen und Vorschüsse diskret in beglaubigte Nuyen-Credsticks um. Die Position ist auf den belegten Stadt- oder Teilraum angenähert; eine hausgenaue Lage und eine weitergehende eigene Fließtextbeschreibung sind aus dem zugeordneten Datenmaterial nicht sicher ableitbar.","hasMore":true,"hasExcerpt":true,"sources":[{"bookId":"30-nights-sr6","title":"30 Nächte und 3 Tage","edition":"SR6","citation":"30 Nächte und 3 Tage, Nacht 1-30, S. 25-144","purpose":"description"}]}}}},{"type":"Feature","geometry":{"type":"Point","coordinates":[-79.385421,43.656325]},"properties":{"id":124,"global_id":"toronto-2080:place:124-the-purrfect-pet","name":"The Purrfect Pet","aliases":[],"category":"Einkaufen","detail_map":"Downtown/Alt-Toronto","source_pages":"30 Nächte und 3 Tage, Nacht 1-30, S. 25-144","map_source":"30 Nächte und 3 Tage","placement_note":"Nach Quellenbezug im Teilraum Downtown/Alt-Toronto angenähert","accuracy":"Teilraumzuordnung; Feinposition vorläufig","source_map":"toronto-2080-content","source_panel":"Downtown/Alt-Toronto","description_preview":"Dr. Tilda Aurands Edel-Tierhandlung verbirgt ein Genlabor, in dem erwachte und gentechnisch veränderte Critter gezüchtet werden.","description_full":"Dr. Tilda Aurands Edel-Tierhandlung verbirgt ein Genlabor, in dem erwachte und gentechnisch veränderte Critter gezüchtet werden. Die Position ist auf den belegten Stadt- oder Teilraum angenähert; eine hausgenaue Lage und eine weitergehende eigene Fließtextbeschreibung sind aus dem zugeordneten Datenmaterial nicht sicher ableitbar.","description_source":"30 Nächte und 3 Tage, Nacht 1-30, S. 25-144","description_kind":"Ortsprofil","description_has_more":true,"detail_plans":[],"alternate_locations":[],"sources":[{"bookId":"30-nights-sr6","title":"30 Nächte und 3 Tage","edition":"SR6","citation":"30 Nächte und 3 Tage, Nacht 1-30, S. 25-144","purpose":"description"}],"map_sources":[],"editions":["SR6"],"edition_descriptions":{"SR6":{"kind":"Ortsprofil","preview":"Dr. Tilda Aurands Edel-Tierhandlung verbirgt ein Genlabor, in dem erwachte und gentechnisch veränderte Critter gezüchtet werden.","full":"Dr. Tilda Aurands Edel-Tierhandlung verbirgt ein Genlabor, in dem erwachte und gentechnisch veränderte Critter gezüchtet werden. Die Position ist auf den belegten Stadt- oder Teilraum angenähert; eine hausgenaue Lage und eine weitergehende eigene Fließtextbeschreibung sind aus dem zugeordneten Datenmaterial nicht sicher ableitbar.","hasMore":true,"hasExcerpt":true,"sources":[{"bookId":"30-nights-sr6","title":"30 Nächte und 3 Tage","edition":"SR6","citation":"30 Nächte und 3 Tage, Nacht 1-30, S. 25-144","purpose":"description"}]}}}},{"type":"Feature","geometry":{"type":"Point","coordinates":[-79.456996,43.655477]},"properties":{"id":72,"global_id":"toronto-2080:place:72-the-triple","name":"The Triple","aliases":[],"category":"Konzerne","detail_map":"High Park","source_pages":"30 Nächte und 3 Tage, Toronto und Die Nächte, S. 11-144","map_source":"30 Nächte und 3 Tage","placement_note":"Nach Quellenbezug im Teilraum High Park angenähert","accuracy":"Teilraumzuordnung; Feinposition vorläufig","source_map":"toronto-2080-content","source_panel":"High Park","description_preview":"The Triple ist der energieautarke Testlieferwagen, um den mehrere Grid-Piraten und Gangs konkurrieren.","description_full":"The Triple ist der energieautarke Testlieferwagen, um den mehrere Grid-Piraten und Gangs konkurrieren. Die Position ist auf den belegten Stadt- oder Teilraum angenähert; eine hausgenaue Lage und eine weitergehende eigene Fließtextbeschreibung sind aus dem zugeordneten Datenmaterial nicht sicher ableitbar.","description_source":"30 Nächte und 3 Tage, Toronto und Die Nächte, S. 11-144","description_kind":"Ortsprofil","description_has_more":true,"detail_plans":[],"alternate_locations":[],"sources":[{"bookId":"30-nights-sr6","title":"30 Nächte und 3 Tage","edition":"SR6","citation":"30 Nächte und 3 Tage, Toronto und Die Nächte, S. 11-144","purpose":"description"}],"map_sources":[],"editions":["SR6"],"edition_descriptions":{"SR6":{"kind":"Ortsprofil","preview":"The Triple ist der energieautarke Testlieferwagen, um den mehrere Grid-Piraten und Gangs konkurrieren.","full":"The Triple ist der energieautarke Testlieferwagen, um den mehrere Grid-Piraten und Gangs konkurrieren. Die Position ist auf den belegten Stadt- oder Teilraum angenähert; eine hausgenaue Lage und eine weitergehende eigene Fließtextbeschreibung sind aus dem zugeordneten Datenmaterial nicht sicher ableitbar.","hasMore":true,"hasExcerpt":true,"sources":[{"bookId":"30-nights-sr6","title":"30 Nächte und 3 Tage","edition":"SR6","citation":"30 Nächte und 3 Tage, Toronto und Die Nächte, S. 11-144","purpose":"description"}]}}}},{"type":"Feature","geometry":{"type":"Point","coordinates":[-79.424,43.813]},"properties":{"id":20,"global_id":"toronto-2080:place:20-thornhill","name":"Thornhill","aliases":[],"category":"Stadtteile","detail_map":"North York","source_pages":"Toronto Poster 2080, Legende Nr. 14","map_source":"Toronto Poster 2080","placement_note":"Erhaltener geographischer Bezugspunkt","accuracy":"Geographischer Bezugspunkt","source_map":"toronto-2080-content","source_panel":"North York","description_preview":"Thornhill steht unter der festen Kontrolle der Long-de-Shou- beziehungsweise Weißen-Lotos-Triade.","description_full":"Thornhill steht unter der festen Kontrolle der Long-de-Shou- beziehungsweise Weißen-Lotos-Triade. Die Position folgt einem erhaltenen heutigen Bezugspunkt.","description_source":"Toronto Poster 2080, Legende Nr. 14","description_kind":"Ortsprofil","description_has_more":true,"detail_plans":[],"alternate_locations":[],"sources":[{"bookId":"toronto-poster-sr6","title":"Toronto Poster 2080","edition":"SR6","citation":"Toronto Poster 2080, Legende Nr. 14","purpose":"description"},{"bookId":"30-nights-sr6","title":"30 Nächte und 3 Tage","edition":"SR6","citation":"30 Nächte und 3 Tage, Toronto-Karte, Legende Nr. 26","purpose":"description"}],"map_sources":[],"editions":["SR6"],"edition_descriptions":{"SR6":{"kind":"Ortsprofil","preview":"Thornhill ist auf der offiziellen Übersichtskarte von 30 Nächte als wichtiger Torontoer Ort ausgewiesen.","full":"Thornhill ist auf der offiziellen Übersichtskarte von 30 Nächte als wichtiger Torontoer Ort ausgewiesen. Die Position folgt einem erhaltenen heutigen Bezugspunkt.","hasMore":true,"hasExcerpt":true,"sources":[{"bookId":"toronto-poster-sr6","title":"Toronto Poster 2080","edition":"SR6","citation":"Toronto Poster 2080, Legende Nr. 14","purpose":"description"},{"bookId":"30-nights-sr6","title":"30 Nächte und 3 Tage","edition":"SR6","citation":"30 Nächte und 3 Tage, Toronto-Karte, Legende Nr. 26","purpose":"description"}]}},"map_number_sr6":14}},{"type":"Feature","geometry":{"type":"Point","coordinates":[-79.429767,43.814718]},"properties":{"id":110,"global_id":"toronto-2080:place:110-thornhill-commons","name":"Thornhill Commons","aliases":[],"category":"Einkaufen","detail_map":"Thornhill","source_pages":"30 Nächte und 3 Tage, Nacht 1-30, S. 25-144","map_source":"30 Nächte und 3 Tage","placement_note":"Nach Quellenbezug im Teilraum Thornhill angenähert","accuracy":"Teilraumzuordnung; Feinposition vorläufig","source_map":"toronto-2080-content","source_panel":"Thornhill","description_preview":"Thornhill Commons ist ein abgeschirmter Treff- und Handelskomplex im Kerngebiet der Long-de-Shou-Triade.","description_full":"Thornhill Commons ist ein abgeschirmter Treff- und Handelskomplex im Kerngebiet der Long-de-Shou-Triade. Die Position ist auf den belegten Stadt- oder Teilraum angenähert; eine hausgenaue Lage und eine weitergehende eigene Fließtextbeschreibung sind aus dem zugeordneten Datenmaterial nicht sicher ableitbar.","description_source":"30 Nächte und 3 Tage, Nacht 1-30, S. 25-144","description_kind":"Ortsprofil","description_has_more":true,"detail_plans":[],"alternate_locations":[],"sources":[{"bookId":"30-nights-sr6","title":"30 Nächte und 3 Tage","edition":"SR6","citation":"30 Nächte und 3 Tage, Nacht 1-30, S. 25-144","purpose":"description"}],"map_sources":[],"editions":["SR6"],"edition_descriptions":{"SR6":{"kind":"Ortsprofil","preview":"Thornhill Commons ist ein abgeschirmter Treff- und Handelskomplex im Kerngebiet der Long-de-Shou-Triade.","full":"Thornhill Commons ist ein abgeschirmter Treff- und Handelskomplex im Kerngebiet der Long-de-Shou-Triade. Die Position ist auf den belegten Stadt- oder Teilraum angenähert; eine hausgenaue Lage und eine weitergehende eigene Fließtextbeschreibung sind aus dem zugeordneten Datenmaterial nicht sicher ableitbar.","hasMore":true,"hasExcerpt":true,"sources":[{"bookId":"30-nights-sr6","title":"30 Nächte und 3 Tage","edition":"SR6","citation":"30 Nächte und 3 Tage, Nacht 1-30, S. 25-144","purpose":"description"}]}}}},{"type":"Feature","geometry":{"type":"Point","coordinates":[-79.32,43.66]},"properties":{"id":46,"global_id":"toronto-2080:place:46-tin-can","name":"Tin Can","aliases":[],"category":"Bars und Clubs","detail_map":"East York","source_pages":"Toronto Poster 2080, Legende Nr. 40","map_source":"Toronto Poster 2080","placement_note":"Erhaltener geographischer Bezugspunkt","accuracy":"Geographischer Bezugspunkt","source_map":"toronto-2080-content","source_panel":"East York","description_preview":"Das Tin Can ist ein kartierter Treffpunkt im östlichen Toronto.","description_full":"Das Tin Can ist ein kartierter Treffpunkt im östlichen Toronto. Die Position folgt einem erhaltenen heutigen Bezugspunkt.","description_source":"Toronto Poster 2080, Legende Nr. 40","description_kind":"Ortsprofil","description_has_more":true,"detail_plans":[],"alternate_locations":[],"sources":[{"bookId":"toronto-poster-sr6","title":"Toronto Poster 2080","edition":"SR6","citation":"Toronto Poster 2080, Legende Nr. 40","purpose":"description"}],"map_sources":[],"editions":["SR6"],"edition_descriptions":{"SR6":{"kind":"Ortsprofil","preview":"Das Tin Can ist ein kartierter Treffpunkt im östlichen Toronto.","full":"Das Tin Can ist ein kartierter Treffpunkt im östlichen Toronto. Die Position folgt einem erhaltenen heutigen Bezugspunkt.","hasMore":true,"hasExcerpt":true,"sources":[{"bookId":"toronto-poster-sr6","title":"Toronto Poster 2080","edition":"SR6","citation":"Toronto Poster 2080, Legende Nr. 40","purpose":"description"}]}},"map_number_sr6":40}},{"type":"Feature","geometry":{"type":"Point","coordinates":[-79.33,43.62]},"properties":{"id":76,"global_id":"toronto-2080:place:76-tommy-thompson-park-schmuggeltunnel","name":"Tommy Thompson Park Schmuggeltunnel","aliases":[],"category":"Schmuggel und Schatten","detail_map":"Toronto Islands","source_pages":"30 Nächte und 3 Tage, Toronto und Die Nächte, S. 11-144","map_source":"30 Nächte und 3 Tage","placement_note":"Erhaltener geographischer Bezugspunkt","accuracy":"Geographischer Bezugspunkt","source_map":"toronto-2080-content","source_panel":"Toronto Islands","description_preview":"Unter dem Tommy Thompson Park liegen in den Quellen erwähnte Schmuggelzugänge.","description_full":"Unter dem Tommy Thompson Park liegen in den Quellen erwähnte Schmuggelzugänge. Die Position folgt einem erhaltenen heutigen Bezugspunkt.","description_source":"30 Nächte und 3 Tage, Toronto und Die Nächte, S. 11-144","description_kind":"Ortsprofil","description_has_more":true,"detail_plans":[],"alternate_locations":[],"sources":[{"bookId":"30-nights-sr6","title":"30 Nächte und 3 Tage","edition":"SR6","citation":"30 Nächte und 3 Tage, Toronto und Die Nächte, S. 11-144","purpose":"description"}],"map_sources":[],"editions":["SR6"],"edition_descriptions":{"SR6":{"kind":"Ortsprofil","preview":"Unter dem Tommy Thompson Park liegen in den Quellen erwähnte Schmuggelzugänge.","full":"Unter dem Tommy Thompson Park liegen in den Quellen erwähnte Schmuggelzugänge. Die Position folgt einem erhaltenen heutigen Bezugspunkt.","hasMore":true,"hasExcerpt":true,"sources":[{"bookId":"30-nights-sr6","title":"30 Nächte und 3 Tage","edition":"SR6","citation":"30 Nächte und 3 Tage, Toronto und Die Nächte, S. 11-144","purpose":"description"}]}}}},{"type":"Feature","geometry":{"type":"Point","coordinates":[-79.3761,43.6561]},"properties":{"id":120,"global_id":"toronto-2080:place:120-top-o-the-senator","name":"Top o’ the Senator","aliases":[],"category":"Bars und Clubs","detail_map":"Downtown/Alt-Toronto","source_pages":"30 Nächte und 3 Tage, Nacht 1-30, S. 25-144","map_source":"30 Nächte und 3 Tage","placement_note":"Erhaltener geographischer Bezugspunkt","accuracy":"Geographischer Bezugspunkt","source_map":"toronto-2080-content","source_panel":"Downtown/Alt-Toronto","description_preview":"Die Bar auf dem Senator Hotel ist Treffpunkt von Prominenten, Konzernleuten und Schattenkontakten.","description_full":"Die Bar auf dem Senator Hotel ist Treffpunkt von Prominenten, Konzernleuten und Schattenkontakten. Die Position folgt einem erhaltenen heutigen Bezugspunkt.","description_source":"30 Nächte und 3 Tage, Nacht 1-30, S. 25-144","description_kind":"Ortsprofil","description_has_more":true,"detail_plans":[],"alternate_locations":[],"sources":[{"bookId":"30-nights-sr6","title":"30 Nächte und 3 Tage","edition":"SR6","citation":"30 Nächte und 3 Tage, Nacht 1-30, S. 25-144","purpose":"description"}],"map_sources":[],"editions":["SR6"],"edition_descriptions":{"SR6":{"kind":"Ortsprofil","preview":"Die Bar auf dem Senator Hotel ist Treffpunkt von Prominenten, Konzernleuten und Schattenkontakten.","full":"Die Bar auf dem Senator Hotel ist Treffpunkt von Prominenten, Konzernleuten und Schattenkontakten. Die Position folgt einem erhaltenen heutigen Bezugspunkt.","hasMore":true,"hasExcerpt":true,"sources":[{"bookId":"30-nights-sr6","title":"30 Nächte und 3 Tage","edition":"SR6","citation":"30 Nächte und 3 Tage, Nacht 1-30, S. 25-144","purpose":"description"}]}}}},{"type":"Feature","geometry":{"type":"Point","coordinates":[-79.383905,43.658822]},"properties":{"id":81,"global_id":"toronto-2080:place:81-toronto-data-haven-t-matrix","name":"Toronto Data Haven / t.matrix","aliases":[],"category":"Matrix und Metaplanes","detail_map":"Toronto","source_pages":"30 Nächte und 3 Tage, Toronto und Die Nächte, S. 11-144","map_source":"30 Nächte und 3 Tage","placement_note":"Nach Quellenbezug im Teilraum Toronto angenähert","accuracy":"Teilraumzuordnung; Feinposition vorläufig","source_map":"toronto-2080-content","source_panel":"Toronto","description_preview":"t.matrix ist Torontos wichtigster Datahaven und virtueller Treffpunkt mit Verbindungen zu anderen nordamerikanischen Schattenknoten.","description_full":"t.matrix ist Torontos wichtigster Datahaven und virtueller Treffpunkt mit Verbindungen zu anderen nordamerikanischen Schattenknoten. Die Position ist auf den belegten Stadt- oder Teilraum angenähert; eine hausgenaue Lage und eine weitergehende eigene Fließtextbeschreibung sind aus dem zugeordneten Datenmaterial nicht sicher ableitbar.","description_source":"30 Nächte und 3 Tage, Toronto und Die Nächte, S. 11-144","description_kind":"Ortsprofil","description_has_more":true,"detail_plans":[],"alternate_locations":[],"sources":[{"bookId":"30-nights-sr6","title":"30 Nächte und 3 Tage","edition":"SR6","citation":"30 Nächte und 3 Tage, Toronto und Die Nächte, S. 11-144","purpose":"description"}],"map_sources":[],"editions":["SR6"],"edition_descriptions":{"SR6":{"kind":"Ortsprofil","preview":"t.matrix ist Torontos wichtigster Datahaven und virtueller Treffpunkt mit Verbindungen zu anderen nordamerikanischen Schattenknoten.","full":"t.matrix ist Torontos wichtigster Datahaven und virtueller Treffpunkt mit Verbindungen zu anderen nordamerikanischen Schattenknoten. Die Position ist auf den belegten Stadt- oder Teilraum angenähert; eine hausgenaue Lage und eine weitergehende eigene Fließtextbeschreibung sind aus dem zugeordneten Datenmaterial nicht sicher ableitbar.","hasMore":true,"hasExcerpt":true,"sources":[{"bookId":"30-nights-sr6","title":"30 Nächte und 3 Tage","edition":"SR6","citation":"30 Nächte und 3 Tage, Toronto und Die Nächte, S. 11-144","purpose":"description"}]}}}},{"type":"Feature","geometry":{"type":"Point","coordinates":[-79.387,43.658]},"properties":{"id":47,"global_id":"toronto-2080:place:47-toronto-general-hospital","name":"Toronto General Hospital","aliases":[],"category":"Medizin","detail_map":"Downtown/Alt-Toronto","source_pages":"Toronto Poster 2080, Legende Nr. 41","map_source":"Toronto Poster 2080","placement_note":"Erhaltener geographischer Bezugspunkt","accuracy":"Geographischer Bezugspunkt","source_map":"toronto-2080-content","source_panel":"Downtown/Alt-Toronto","description_preview":"Toronto General ist ein großer Campus und spezialisiert auf Organtransplantationen.","description_full":"Toronto General ist ein großer Campus und spezialisiert auf Organtransplantationen. Die Position folgt einem erhaltenen heutigen Bezugspunkt.","description_source":"Toronto Poster 2080, Legende Nr. 41","description_kind":"Ortsprofil","description_has_more":true,"detail_plans":[],"alternate_locations":[],"sources":[{"bookId":"toronto-poster-sr6","title":"Toronto Poster 2080","edition":"SR6","citation":"Toronto Poster 2080, Legende Nr. 41","purpose":"description"}],"map_sources":[],"editions":["SR6"],"edition_descriptions":{"SR6":{"kind":"Ortsprofil","preview":"Toronto General ist ein großer Campus und spezialisiert auf Organtransplantationen.","full":"Toronto General ist ein großer Campus und spezialisiert auf Organtransplantationen. Die Position folgt einem erhaltenen heutigen Bezugspunkt.","hasMore":true,"hasExcerpt":true,"sources":[{"bookId":"toronto-poster-sr6","title":"Toronto Poster 2080","edition":"SR6","citation":"Toronto Poster 2080, Legende Nr. 41","purpose":"description"}]}},"map_number_sr6":41}},{"type":"Feature","geometry":{"type":"Point","coordinates":[-79.3785,43.6218]},"properties":{"id":2,"global_id":"toronto-2080:place:2-toronto-islands","name":"Toronto Islands","aliases":[],"category":"Bezirke","detail_map":"Toronto Islands","source_pages":"30 Nächte und 3 Tage, Toronto - Stadtteile, S. 11-17","map_source":"30 Nächte und 3 Tage","placement_note":"Nach Quellenbezug im Teilraum Toronto Islands angenähert","accuracy":"Teilraumzuordnung; Feinposition vorläufig","source_map":"toronto-2080-content","source_panel":"Toronto Islands","description_preview":"Die Inseln vor Downtown bilden Torontos Freizeitbezirk mit Centreville, Stränden, Bootsanlegern und Billy Bishop Airport; abgelegene Piers und Tunnel werden zugleich für Schmuggel genutzt.","description_full":"Die Inseln vor Downtown bilden Torontos Freizeitbezirk mit Centreville, Stränden, Bootsanlegern und Billy Bishop Airport; abgelegene Piers und Tunnel werden zugleich für Schmuggel genutzt. Die Position ist auf den belegten Stadt- oder Teilraum angenähert; eine hausgenaue Lage und eine weitergehende eigene Fließtextbeschreibung sind aus dem zugeordneten Datenmaterial nicht sicher ableitbar.","description_source":"30 Nächte und 3 Tage, Toronto - Stadtteile, S. 11-17","description_kind":"Ortsprofil","description_has_more":true,"detail_plans":[],"alternate_locations":[],"sources":[{"bookId":"30-nights-sr6","title":"30 Nächte und 3 Tage","edition":"SR6","citation":"30 Nächte und 3 Tage, Toronto - Stadtteile, S. 11-17","purpose":"description"}],"map_sources":[],"editions":["SR6"],"edition_descriptions":{"SR6":{"kind":"Bezirksprofil","preview":"Die Inseln vor Downtown bilden Torontos Freizeitbezirk mit Centreville, Stränden, Bootsanlegern und Billy Bishop Airport; abgelegene Piers und Tunnel werden zugleich für Schmuggel genutzt.","full":"Die Inseln vor Downtown bilden Torontos Freizeitbezirk mit Centreville, Stränden, Bootsanlegern und Billy Bishop Airport; abgelegene Piers und Tunnel werden zugleich für Schmuggel genutzt. Die Beschreibung folgt dem Lore-Stand der angegebenen Edition; die separat schaltbare Grenzebene bildet den jüngsten georeferenzierten Arbeitsstand ab.","hasMore":true,"hasExcerpt":true,"sources":[{"bookId":"30-nights-sr6","title":"30 Nächte und 3 Tage","edition":"SR6","citation":"30 Nächte und 3 Tage, Toronto - Stadtteile, S. 11-17","purpose":"description"}]}}}},{"type":"Feature","geometry":{"type":"Point","coordinates":[-79.386837,43.656275]},"properties":{"id":146,"global_id":"toronto-2080:place:146-toronto-matrix","name":"Toronto Matrix","aliases":[],"category":"Matrix und Metaplanes","detail_map":"Toronto","source_pages":"Nordamerika in den Schatten, Toronto, S. 175-176","map_source":"Nordamerika in den Schatten / Shadows of North America","placement_note":"Nach Quellenbezug im Teilraum Toronto angenähert","accuracy":"Teilraumzuordnung; Feinposition vorläufig","source_map":"toronto-2080-content","source_panel":"Toronto","description_preview":"Die geordnete Matrix folgt städtischen Gestaltungsstandards und verbindet Unterhaltung, virtuelle Einkaufszentren und Konzernwirtschaft.","description_full":"Die geordnete Matrix folgt städtischen Gestaltungsstandards und verbindet Unterhaltung, virtuelle Einkaufszentren und Konzernwirtschaft. Die Position ist auf den belegten Stadt- oder Teilraum angenähert; eine hausgenaue Lage und eine weitergehende eigene Fließtextbeschreibung sind aus dem zugeordneten Datenmaterial nicht sicher ableitbar.","description_source":"Nordamerika in den Schatten, Toronto, S. 175-176","description_kind":"Ortsprofil","description_has_more":true,"detail_plans":[],"alternate_locations":[],"sources":[{"bookId":"sona-toronto-sr3","title":"Nordamerika in den Schatten / Shadows of North America","edition":"SR3","citation":"Nordamerika in den Schatten, Toronto, S. 175-176","purpose":"description"}],"map_sources":[],"editions":["SR3"],"edition_descriptions":{"SR3":{"kind":"Ortsprofil","preview":"Die geordnete Matrix folgt städtischen Gestaltungsstandards und verbindet Unterhaltung, virtuelle Einkaufszentren und Konzernwirtschaft.","full":"Die geordnete Matrix folgt städtischen Gestaltungsstandards und verbindet Unterhaltung, virtuelle Einkaufszentren und Konzernwirtschaft. Die Position ist auf den belegten Stadt- oder Teilraum angenähert; eine hausgenaue Lage und eine weitergehende eigene Fließtextbeschreibung sind aus dem zugeordneten Datenmaterial nicht sicher ableitbar.","hasMore":true,"hasExcerpt":true,"sources":[{"bookId":"sona-toronto-sr3","title":"Nordamerika in den Schatten / Shadows of North America","edition":"SR3","citation":"Nordamerika in den Schatten, Toronto, S. 175-176","purpose":"description"}]}}}},{"type":"Feature","geometry":{"type":"Point","coordinates":[-79.374987,43.648047]},"properties":{"id":147,"global_id":"toronto-2080:place:147-toronto-media-studios","name":"Toronto Media Studios","aliases":[],"category":"Sonstige Spots","detail_map":"Downtown/Alt-Toronto","source_pages":"Nordamerika in den Schatten, Toronto, S. 175-176","map_source":"Nordamerika in den Schatten / Shadows of North America","placement_note":"Nach Quellenbezug im Teilraum Downtown/Alt-Toronto angenähert","accuracy":"Teilraumzuordnung; Feinposition vorläufig","source_map":"toronto-2080-content","source_panel":"Downtown/Alt-Toronto","description_preview":"VisionQuest, NBS, Mediaworks, Brilliant Genesis und weitere Medienunternehmen machen Toronto zur Unterhaltungshauptstadt der UCAS.","description_full":"VisionQuest, NBS, Mediaworks, Brilliant Genesis und weitere Medienunternehmen machen Toronto zur Unterhaltungshauptstadt der UCAS. Die Position ist auf den belegten Stadt- oder Teilraum angenähert; eine hausgenaue Lage und eine weitergehende eigene Fließtextbeschreibung sind aus dem zugeordneten Datenmaterial nicht sicher ableitbar.","description_source":"Nordamerika in den Schatten, Toronto, S. 175-176","description_kind":"Ortsprofil","description_has_more":true,"detail_plans":[],"alternate_locations":[],"sources":[{"bookId":"sona-toronto-sr3","title":"Nordamerika in den Schatten / Shadows of North America","edition":"SR3","citation":"Nordamerika in den Schatten, Toronto, S. 175-176","purpose":"description"},{"bookId":"sixth-world-almanac-sr4","title":"Sixth World Almanac / Almanach der Sechsten Welt","edition":"SR4","citation":"Almanach der Sechsten Welt, Toronto, S. 195","purpose":"description"}],"map_sources":[],"editions":["SR3","SR4"],"edition_descriptions":{"SR3":{"kind":"Ortsprofil","preview":"VisionQuest, NBS, Mediaworks, Brilliant Genesis und weitere Medienunternehmen machen Toronto zur Unterhaltungshauptstadt der UCAS.","full":"VisionQuest, NBS, Mediaworks, Brilliant Genesis und weitere Medienunternehmen machen Toronto zur Unterhaltungshauptstadt der UCAS. Die Position ist auf den belegten Stadt- oder Teilraum angenähert; eine hausgenaue Lage und eine weitergehende eigene Fließtextbeschreibung sind aus dem zugeordneten Datenmaterial nicht sicher ableitbar.","hasMore":true,"hasExcerpt":true,"sources":[{"bookId":"sona-toronto-sr3","title":"Nordamerika in den Schatten / Shadows of North America","edition":"SR3","citation":"Nordamerika in den Schatten, Toronto, S. 175-176","purpose":"description"}]},"SR4":{"kind":"Ortsprofil","preview":"Toronto ist im SR4-Stadtstand die Unterhaltungshauptstadt der UCAS mit SimSinn-Studios und einer großen Technologie-Startup-Szene.","full":"Toronto ist im SR4-Stadtstand die Unterhaltungshauptstadt der UCAS mit SimSinn-Studios und einer großen Technologie-Startup-Szene. Die Position ist auf den belegten Stadt- oder Teilraum angenähert; eine hausgenaue Lage ist aus dem Datenmaterial nicht sicher ableitbar.","hasMore":true,"hasExcerpt":true,"sources":[{"bookId":"sixth-world-almanac-sr4","title":"Sixth World Almanac / Almanach der Sechsten Welt","edition":"SR4","citation":"Almanach der Sechsten Welt, Toronto, S. 195","purpose":"description"}]}}}},{"type":"Feature","geometry":{"type":"Point","coordinates":[-79.38,43.646]},"properties":{"id":80,"global_id":"toronto-2080:place:80-toronto-stock-exchange","name":"Toronto Stock Exchange","aliases":[],"category":"Konzerne","detail_map":"Downtown/Alt-Toronto","source_pages":"30 Nächte und 3 Tage, Toronto und Die Nächte, S. 11-144","map_source":"30 Nächte und 3 Tage","placement_note":"Erhaltener geographischer Bezugspunkt","accuracy":"Geographischer Bezugspunkt","source_map":"toronto-2080-content","source_panel":"Downtown/Alt-Toronto","description_preview":"Die Börse ist ein bedeutender Finanz- und Matrixknoten und schon im SR3-Stadtstand Ziel von Datendiebstahl und Insiderhandel.","description_full":"Die Börse ist ein bedeutender Finanz- und Matrixknoten und schon im SR3-Stadtstand Ziel von Datendiebstahl und Insiderhandel. Die Position folgt einem erhaltenen heutigen Bezugspunkt.","description_source":"30 Nächte und 3 Tage, Toronto und Die Nächte, S. 11-144","description_kind":"Ortsprofil","description_has_more":true,"detail_plans":[],"alternate_locations":[],"sources":[{"bookId":"30-nights-sr6","title":"30 Nächte und 3 Tage","edition":"SR6","citation":"30 Nächte und 3 Tage, Toronto und Die Nächte, S. 11-144","purpose":"description"},{"bookId":"sona-toronto-sr3","title":"Nordamerika in den Schatten / Shadows of North America","edition":"SR3","citation":"Nordamerika in den Schatten, Toronto, S. 175-176","purpose":"description"},{"bookId":"sixth-world-almanac-sr4","title":"Sixth World Almanac / Almanach der Sechsten Welt","edition":"SR4","citation":"Almanach der Sechsten Welt, Toronto, S. 195","purpose":"description"}],"map_sources":[],"editions":["SR6","SR3","SR4"],"edition_descriptions":{"SR6":{"kind":"Ortsprofil","preview":"Die Börse ist ein bedeutender Finanz- und Matrixknoten und schon im SR3-Stadtstand Ziel von Datendiebstahl und Insiderhandel.","full":"Die Börse ist ein bedeutender Finanz- und Matrixknoten und schon im SR3-Stadtstand Ziel von Datendiebstahl und Insiderhandel. Die Position folgt einem erhaltenen heutigen Bezugspunkt.","hasMore":true,"hasExcerpt":true,"sources":[{"bookId":"30-nights-sr6","title":"30 Nächte und 3 Tage","edition":"SR6","citation":"30 Nächte und 3 Tage, Toronto und Die Nächte, S. 11-144","purpose":"description"}]},"SR3":{"kind":"Ortsprofil","preview":"Torontos Börse ist 2062 ein zentrales Ziel für Datendiebstahl, Insiderhandel und finanzielle Verschleierung.","full":"Torontos Börse ist 2062 ein zentrales Ziel für Datendiebstahl, Insiderhandel und finanzielle Verschleierung. Die Position ist auf den belegten Stadt- oder Teilraum angenähert; eine hausgenaue Lage ist aus dem Datenmaterial nicht sicher ableitbar.","hasMore":true,"hasExcerpt":true,"sources":[{"bookId":"sona-toronto-sr3","title":"Nordamerika in den Schatten / Shadows of North America","edition":"SR3","citation":"Nordamerika in den Schatten, Toronto, S. 175-176","purpose":"description"}]},"SR4":{"kind":"Ortsprofil","preview":"Die Börse dient als zweiter UCAS-Marktindikator und als Zugang für Transaktionen zwischen ausländischen Investoren und UCAS-Konzernen.","full":"Die Börse dient als zweiter UCAS-Marktindikator und als Zugang für Transaktionen zwischen ausländischen Investoren und UCAS-Konzernen. Die Position folgt einem erhaltenen heutigen Bezugspunkt.","hasMore":true,"hasExcerpt":true,"sources":[{"bookId":"sixth-world-almanac-sr4","title":"Sixth World Almanac / Almanach der Sechsten Welt","edition":"SR4","citation":"Almanach der Sechsten Welt, Toronto, S. 195","purpose":"description"}]}}}},{"type":"Feature","geometry":{"type":"Point","coordinates":[-79.405,43.653]},"properties":{"id":48,"global_id":"toronto-2080:place:48-toronto-western-hospital","name":"Toronto Western Hospital","aliases":[],"category":"Medizin","detail_map":"Downtown/Alt-Toronto","source_pages":"Toronto Poster 2080, Legende Nr. 42","map_source":"Toronto Poster 2080","placement_note":"Erhaltener geographischer Bezugspunkt","accuracy":"Geographischer Bezugspunkt","source_map":"toronto-2080-content","source_panel":"Downtown/Alt-Toronto","description_preview":"Toronto Western liegt westlich des zentralen Krankenhausclusters.","description_full":"Toronto Western liegt westlich des zentralen Krankenhausclusters. Die Position folgt einem erhaltenen heutigen Bezugspunkt.","description_source":"Toronto Poster 2080, Legende Nr. 42","description_kind":"Ortsprofil","description_has_more":true,"detail_plans":[],"alternate_locations":[],"sources":[{"bookId":"toronto-poster-sr6","title":"Toronto Poster 2080","edition":"SR6","citation":"Toronto Poster 2080, Legende Nr. 42","purpose":"description"}],"map_sources":[],"editions":["SR6"],"edition_descriptions":{"SR6":{"kind":"Ortsprofil","preview":"Toronto Western liegt westlich des zentralen Krankenhausclusters.","full":"Toronto Western liegt westlich des zentralen Krankenhausclusters. Die Position folgt einem erhaltenen heutigen Bezugspunkt.","hasMore":true,"hasExcerpt":true,"sources":[{"bookId":"toronto-poster-sr6","title":"Toronto Poster 2080","edition":"SR6","citation":"Toronto Poster 2080, Legende Nr. 42","purpose":"description"}]}},"map_number_sr6":42}},{"type":"Feature","geometry":{"type":"Point","coordinates":[-79.181,43.8177]},"properties":{"id":67,"global_id":"toronto-2080:place:67-toronto-zoo","name":"Toronto Zoo","aliases":[],"category":"Freizeit und Natur","detail_map":"Scarborough","source_pages":"30 Nächte und 3 Tage, Toronto-Karte, Legende Nr. 29","map_source":"30 Nächte und 3 Tage","placement_note":"Erhaltener geographischer Bezugspunkt","accuracy":"Geographischer Bezugspunkt","source_map":"toronto-2080-content","source_panel":"Scarborough","description_preview":"Toronto Zoo ist auf der offiziellen Übersichtskarte von 30 Nächte als wichtiger Torontoer Ort ausgewiesen.","description_full":"Toronto Zoo ist auf der offiziellen Übersichtskarte von 30 Nächte als wichtiger Torontoer Ort ausgewiesen. Die Position folgt einem erhaltenen heutigen Bezugspunkt.","description_source":"30 Nächte und 3 Tage, Toronto-Karte, Legende Nr. 29","description_kind":"Ortsprofil","description_has_more":true,"detail_plans":[],"alternate_locations":[],"sources":[{"bookId":"30-nights-sr6","title":"30 Nächte und 3 Tage","edition":"SR6","citation":"30 Nächte und 3 Tage, Toronto-Karte, Legende Nr. 29","purpose":"description"}],"map_sources":[],"editions":["SR6"],"edition_descriptions":{"SR6":{"kind":"Ortsprofil","preview":"Toronto Zoo ist auf der offiziellen Übersichtskarte von 30 Nächte als wichtiger Torontoer Ort ausgewiesen.","full":"Toronto Zoo ist auf der offiziellen Übersichtskarte von 30 Nächte als wichtiger Torontoer Ort ausgewiesen. Die Position folgt einem erhaltenen heutigen Bezugspunkt.","hasMore":true,"hasExcerpt":true,"sources":[{"bookId":"30-nights-sr6","title":"30 Nächte und 3 Tage","edition":"SR6","citation":"30 Nächte und 3 Tage, Toronto-Karte, Legende Nr. 29","purpose":"description"}]}}}},{"type":"Feature","geometry":{"type":"Point","coordinates":[-79.38873,43.658938]},"properties":{"id":143,"global_id":"toronto-2080:place:143-transys-neuronet-america-hauptburo","name":"Transys Neuronet America – Hauptbüro","aliases":[],"category":"Konzerne","detail_map":"Downtown/Alt-Toronto","source_pages":"Drachen der 6. Welt, Transys Neuronet, S. 50","map_source":"Dragons of the Sixth World / Drachen der 6. Welt","placement_note":"Nach Quellenbezug im Teilraum Downtown/Alt-Toronto angenähert","accuracy":"Teilraumzuordnung; Feinposition vorläufig","source_map":"toronto-2080-content","source_panel":"Downtown/Alt-Toronto","description_preview":"Das nordamerikanische Hauptbüro von Transys Neuronet befindet sich im SR3-Stadtstand in Toronto.","description_full":"Das nordamerikanische Hauptbüro von Transys Neuronet befindet sich im SR3-Stadtstand in Toronto. Die Position ist auf den belegten Stadt- oder Teilraum angenähert; eine hausgenaue Lage und eine weitergehende eigene Fließtextbeschreibung sind aus dem zugeordneten Datenmaterial nicht sicher ableitbar.","description_source":"Drachen der 6. Welt, Transys Neuronet, S. 50","description_kind":"Ortsprofil","description_has_more":true,"detail_plans":[],"alternate_locations":[],"sources":[{"bookId":"dragons-sixth-world-sr3","title":"Dragons of the Sixth World / Drachen der 6. Welt","edition":"SR3","citation":"Drachen der 6. Welt, Transys Neuronet, S. 50","purpose":"description"}],"map_sources":[],"editions":["SR3"],"edition_descriptions":{"SR3":{"kind":"Ortsprofil","preview":"Das nordamerikanische Hauptbüro von Transys Neuronet befindet sich im SR3-Stadtstand in Toronto.","full":"Das nordamerikanische Hauptbüro von Transys Neuronet befindet sich im SR3-Stadtstand in Toronto. Die Position ist auf den belegten Stadt- oder Teilraum angenähert; eine hausgenaue Lage und eine weitergehende eigene Fließtextbeschreibung sind aus dem zugeordneten Datenmaterial nicht sicher ableitbar.","hasMore":true,"hasExcerpt":true,"sources":[{"bookId":"dragons-sixth-world-sr3","title":"Dragons of the Sixth World / Drachen der 6. Welt","edition":"SR3","citation":"Drachen der 6. Welt, Transys Neuronet, S. 50","purpose":"description"}]}}}},{"type":"Feature","geometry":{"type":"Point","coordinates":[-79.392,43.649]},"properties":{"id":94,"global_id":"toronto-2080:place:94-true-sake-bar","name":"True Sake Bar","aliases":[],"category":"Restaurants","detail_map":"Downtown/Alt-Toronto","source_pages":"30 Nächte und 3 Tage, Toronto und Die Nächte, S. 11-144","map_source":"30 Nächte und 3 Tage","placement_note":"Erhaltener geographischer Bezugspunkt","accuracy":"Geographischer Bezugspunkt","source_map":"toronto-2080-content","source_panel":"Downtown/Alt-Toronto","description_preview":"Die kleine Sake-Bar an der Queen Street dient als diskreter Treffpunkt und Critter-Schauplatz.","description_full":"Die kleine Sake-Bar an der Queen Street dient als diskreter Treffpunkt und Critter-Schauplatz. Die Position folgt einem erhaltenen heutigen Bezugspunkt.","description_source":"30 Nächte und 3 Tage, Toronto und Die Nächte, S. 11-144","description_kind":"Ortsprofil","description_has_more":true,"detail_plans":[],"alternate_locations":[],"sources":[{"bookId":"30-nights-sr6","title":"30 Nächte und 3 Tage","edition":"SR6","citation":"30 Nächte und 3 Tage, Toronto und Die Nächte, S. 11-144","purpose":"description"}],"map_sources":[],"editions":["SR6"],"edition_descriptions":{"SR6":{"kind":"Ortsprofil","preview":"Die kleine Sake-Bar an der Queen Street dient als diskreter Treffpunkt und Critter-Schauplatz.","full":"Die kleine Sake-Bar an der Queen Street dient als diskreter Treffpunkt und Critter-Schauplatz. Die Position folgt einem erhaltenen heutigen Bezugspunkt.","hasMore":true,"hasExcerpt":true,"sources":[{"bookId":"30-nights-sr6","title":"30 Nächte und 3 Tage","edition":"SR6","citation":"30 Nächte und 3 Tage, Toronto und Die Nächte, S. 11-144","purpose":"description"}]}}}},{"type":"Feature","geometry":{"type":"Point","coordinates":[-79.45,43.738]},"properties":{"id":121,"global_id":"toronto-2080:place:121-ttc-schrottplatz-wilson-bus-garage-and-subway-yard","name":"TTC-Schrottplatz / Wilson Bus Garage and Subway Yard","aliases":[],"category":"Verkehr","detail_map":"North York","source_pages":"30 Nächte und 3 Tage, Nacht 1-30, S. 25-144","map_source":"30 Nächte und 3 Tage","placement_note":"Erhaltener geographischer Bezugspunkt","accuracy":"Geographischer Bezugspunkt","source_map":"toronto-2080-content","source_panel":"North York","description_preview":"Der aufgegebene Betriebshof für Busse und U-Bahnzüge dient als Versteck für funktionsfähige Fahrzeuge und als Gangschauplatz.","description_full":"Der aufgegebene Betriebshof für Busse und U-Bahnzüge dient als Versteck für funktionsfähige Fahrzeuge und als Gangschauplatz. Die Position folgt einem erhaltenen heutigen Bezugspunkt.","description_source":"30 Nächte und 3 Tage, Nacht 1-30, S. 25-144","description_kind":"Ortsprofil","description_has_more":true,"detail_plans":[],"alternate_locations":[],"sources":[{"bookId":"30-nights-sr6","title":"30 Nächte und 3 Tage","edition":"SR6","citation":"30 Nächte und 3 Tage, Nacht 1-30, S. 25-144","purpose":"description"}],"map_sources":[],"editions":["SR6"],"edition_descriptions":{"SR6":{"kind":"Ortsprofil","preview":"Der aufgegebene Betriebshof für Busse und U-Bahnzüge dient als Versteck für funktionsfähige Fahrzeuge und als Gangschauplatz.","full":"Der aufgegebene Betriebshof für Busse und U-Bahnzüge dient als Versteck für funktionsfähige Fahrzeuge und als Gangschauplatz. Die Position folgt einem erhaltenen heutigen Bezugspunkt.","hasMore":true,"hasExcerpt":true,"sources":[{"bookId":"30-nights-sr6","title":"30 Nächte und 3 Tage","edition":"SR6","citation":"30 Nächte und 3 Tage, Nacht 1-30, S. 25-144","purpose":"description"}]}}}},{"type":"Feature","geometry":{"type":"Point","coordinates":[-79.385,43.655]},"properties":{"id":119,"global_id":"toronto-2080:place:119-ttc-u-bahnnetz","name":"TTC-U-Bahnnetz","aliases":[],"category":"Verkehr","detail_map":"Toronto","source_pages":"30 Nächte und 3 Tage, Nacht 1-30, S. 25-144","map_source":"30 Nächte und 3 Tage","placement_note":"Erhaltener geographischer Bezugspunkt","accuracy":"Geographischer Bezugspunkt","source_map":"toronto-2080-content","source_panel":"Toronto","description_preview":"Das U-Bahnnetz der Toronto Transit Commission wird im Blackout zu einem schwer kontrollierbaren unterirdischen Bewegungs- und Gefahrenraum.","description_full":"Das U-Bahnnetz der Toronto Transit Commission wird im Blackout zu einem schwer kontrollierbaren unterirdischen Bewegungs- und Gefahrenraum. Die Position folgt einem erhaltenen heutigen Bezugspunkt.","description_source":"30 Nächte und 3 Tage, Nacht 1-30, S. 25-144","description_kind":"Ortsprofil","description_has_more":true,"detail_plans":[],"alternate_locations":[],"sources":[{"bookId":"30-nights-sr6","title":"30 Nächte und 3 Tage","edition":"SR6","citation":"30 Nächte und 3 Tage, Nacht 1-30, S. 25-144","purpose":"description"}],"map_sources":[],"editions":["SR6"],"edition_descriptions":{"SR6":{"kind":"Ortsprofil","preview":"Das U-Bahnnetz der Toronto Transit Commission wird im Blackout zu einem schwer kontrollierbaren unterirdischen Bewegungs- und Gefahrenraum.","full":"Das U-Bahnnetz der Toronto Transit Commission wird im Blackout zu einem schwer kontrollierbaren unterirdischen Bewegungs- und Gefahrenraum. Die Position folgt einem erhaltenen heutigen Bezugspunkt.","hasMore":true,"hasExcerpt":true,"sources":[{"bookId":"30-nights-sr6","title":"30 Nächte und 3 Tage","edition":"SR6","citation":"30 Nächte und 3 Tage, Nacht 1-30, S. 25-144","purpose":"description"}]}}}},{"type":"Feature","geometry":{"type":"Point","coordinates":[-79.3806,43.6452]},"properties":{"id":126,"global_id":"toronto-2080:place:126-union-station","name":"Union Station","aliases":[],"category":"Verkehr","detail_map":"Downtown/Alt-Toronto","source_pages":"30 Nächte und 3 Tage, Nacht 1-30, S. 25-144","map_source":"30 Nächte und 3 Tage","placement_note":"Erhaltener geographischer Bezugspunkt","accuracy":"Geographischer Bezugspunkt","source_map":"toronto-2080-content","source_panel":"Downtown/Alt-Toronto","description_preview":"Der modernisierte Hauptbahnhof wird zur strategischen Drehscheibe für Hilfslieferungen und zum umkämpften Gangterritorium.","description_full":"Der modernisierte Hauptbahnhof wird zur strategischen Drehscheibe für Hilfslieferungen und zum umkämpften Gangterritorium. Die Position folgt einem erhaltenen heutigen Bezugspunkt.","description_source":"30 Nächte und 3 Tage, Nacht 1-30, S. 25-144","description_kind":"Ortsprofil","description_has_more":true,"detail_plans":[],"alternate_locations":[],"sources":[{"bookId":"30-nights-sr6","title":"30 Nächte und 3 Tage","edition":"SR6","citation":"30 Nächte und 3 Tage, Nacht 1-30, S. 25-144","purpose":"description"}],"map_sources":[],"editions":["SR6"],"edition_descriptions":{"SR6":{"kind":"Ortsprofil","preview":"Der modernisierte Hauptbahnhof wird zur strategischen Drehscheibe für Hilfslieferungen und zum umkämpften Gangterritorium.","full":"Der modernisierte Hauptbahnhof wird zur strategischen Drehscheibe für Hilfslieferungen und zum umkämpften Gangterritorium. Die Position folgt einem erhaltenen heutigen Bezugspunkt.","hasMore":true,"hasExcerpt":true,"sources":[{"bookId":"30-nights-sr6","title":"30 Nächte und 3 Tage","edition":"SR6","citation":"30 Nächte und 3 Tage, Nacht 1-30, S. 25-144","purpose":"description"}]}}}},{"type":"Feature","geometry":{"type":"Point","coordinates":[-79.392,43.658]},"properties":{"id":54,"global_id":"toronto-2080:place:54-university-of-toronto-krankenhausviertel","name":"University of Toronto / Krankenhausviertel","aliases":[],"category":"Bildung und Kultur","detail_map":"Downtown/Alt-Toronto","source_pages":"30 Nächte und 3 Tage, Toronto-Karte, Legende Nr. 7","map_source":"30 Nächte und 3 Tage","placement_note":"Erhaltener geographischer Bezugspunkt","accuracy":"Geographischer Bezugspunkt","source_map":"toronto-2080-content","source_panel":"Downtown/Alt-Toronto","description_preview":"University of Toronto / Krankenhausviertel ist auf der offiziellen Übersichtskarte von 30 Nächte als wichtiger Torontoer Ort ausgewiesen.","description_full":"University of Toronto / Krankenhausviertel ist auf der offiziellen Übersichtskarte von 30 Nächte als wichtiger Torontoer Ort ausgewiesen. Die Position folgt einem erhaltenen heutigen Bezugspunkt.","description_source":"30 Nächte und 3 Tage, Toronto-Karte, Legende Nr. 7","description_kind":"Ortsprofil","description_has_more":true,"detail_plans":[],"alternate_locations":[],"sources":[{"bookId":"30-nights-sr6","title":"30 Nächte und 3 Tage","edition":"SR6","citation":"30 Nächte und 3 Tage, Toronto-Karte, Legende Nr. 7","purpose":"description"}],"map_sources":[],"editions":["SR6"],"edition_descriptions":{"SR6":{"kind":"Ortsprofil","preview":"University of Toronto / Krankenhausviertel ist auf der offiziellen Übersichtskarte von 30 Nächte als wichtiger Torontoer Ort ausgewiesen.","full":"University of Toronto / Krankenhausviertel ist auf der offiziellen Übersichtskarte von 30 Nächte als wichtiger Torontoer Ort ausgewiesen. Die Position folgt einem erhaltenen heutigen Bezugspunkt.","hasMore":true,"hasExcerpt":true,"sources":[{"bookId":"30-nights-sr6","title":"30 Nächte und 3 Tage","edition":"SR6","citation":"30 Nächte und 3 Tage, Toronto-Karte, Legende Nr. 7","purpose":"description"}]}}}},{"type":"Feature","geometry":{"type":"Point","coordinates":[-79.401,43.704]},"properties":{"id":4,"global_id":"toronto-2080:place:4-uptown","name":"Uptown","aliases":[],"category":"Bezirke","detail_map":"Uptown","source_pages":"30 Nächte und 3 Tage, Toronto - Stadtteile, S. 11-17","map_source":"30 Nächte und 3 Tage","placement_note":"Nach Quellenbezug im Teilraum Uptown angenähert","accuracy":"Teilraumzuordnung; Feinposition vorläufig","source_map":"toronto-2080-content","source_panel":"Uptown","description_preview":"Uptown ist eine geordnete Schlafstadt für Konzernangestellte. Moore Park und Casa Loma markieren die abgeschirmten Wohlstandsbereiche, in denen Diskretion mehr zählt als öffentliche Sichtbarkeit.","description_full":"Uptown ist eine geordnete Schlafstadt für Konzernangestellte. Moore Park und Casa Loma markieren die abgeschirmten Wohlstandsbereiche, in denen Diskretion mehr zählt als öffentliche Sichtbarkeit. Die Position ist auf den belegten Stadt- oder Teilraum angenähert; eine hausgenaue Lage und eine weitergehende eigene Fließtextbeschreibung sind aus dem zugeordneten Datenmaterial nicht sicher ableitbar.","description_source":"30 Nächte und 3 Tage, Toronto - Stadtteile, S. 11-17","description_kind":"Ortsprofil","description_has_more":true,"detail_plans":[],"alternate_locations":[],"sources":[{"bookId":"30-nights-sr6","title":"30 Nächte und 3 Tage","edition":"SR6","citation":"30 Nächte und 3 Tage, Toronto - Stadtteile, S. 11-17","purpose":"description"}],"map_sources":[],"editions":["SR6"],"edition_descriptions":{"SR6":{"kind":"Bezirksprofil","preview":"Uptown ist eine geordnete Schlafstadt für Konzernangestellte. Moore Park und Casa Loma markieren die abgeschirmten Wohlstandsbereiche, in denen Diskretion mehr zählt als öffentliche Sichtbarkeit.","full":"Uptown ist eine geordnete Schlafstadt für Konzernangestellte. Moore Park und Casa Loma markieren die abgeschirmten Wohlstandsbereiche, in denen Diskretion mehr zählt als öffentliche Sichtbarkeit. Die Beschreibung folgt dem Lore-Stand der angegebenen Edition; die separat schaltbare Grenzebene bildet den jüngsten georeferenzierten Arbeitsstand ab.","hasMore":true,"hasExcerpt":true,"sources":[{"bookId":"30-nights-sr6","title":"30 Nächte und 3 Tage","edition":"SR6","citation":"30 Nächte und 3 Tage, Toronto - Stadtteile, S. 11-17","purpose":"description"}]}}}},{"type":"Feature","geometry":{"type":"Point","coordinates":[-79.357117,43.636625]},"properties":{"id":86,"global_id":"toronto-2080:place:86-verlassenes-hafenhotel-der-ancients","name":"Verlassenes Hafenhotel der Ancients","aliases":[],"category":"Gangs","detail_map":"Harbourfront","source_pages":"30 Nächte und 3 Tage, Toronto und Die Nächte, S. 11-144","map_source":"30 Nächte und 3 Tage","placement_note":"Nach Quellenbezug im Teilraum Harbourfront angenähert","accuracy":"Teilraumzuordnung; Feinposition vorläufig","source_map":"toronto-2080-content","source_panel":"Harbourfront","description_preview":"Ein zum Abriss vorgesehenes Hafenhotel dient dem örtlichen Ancients-Chapter als Basis.","description_full":"Ein zum Abriss vorgesehenes Hafenhotel dient dem örtlichen Ancients-Chapter als Basis. Die Position ist auf den belegten Stadt- oder Teilraum angenähert; eine hausgenaue Lage und eine weitergehende eigene Fließtextbeschreibung sind aus dem zugeordneten Datenmaterial nicht sicher ableitbar.","description_source":"30 Nächte und 3 Tage, Toronto und Die Nächte, S. 11-144","description_kind":"Ortsprofil","description_has_more":true,"detail_plans":[],"alternate_locations":[],"sources":[{"bookId":"30-nights-sr6","title":"30 Nächte und 3 Tage","edition":"SR6","citation":"30 Nächte und 3 Tage, Toronto und Die Nächte, S. 11-144","purpose":"description"}],"map_sources":[],"editions":["SR6"],"edition_descriptions":{"SR6":{"kind":"Ortsprofil","preview":"Ein zum Abriss vorgesehenes Hafenhotel dient dem örtlichen Ancients-Chapter als Basis.","full":"Ein zum Abriss vorgesehenes Hafenhotel dient dem örtlichen Ancients-Chapter als Basis. Die Position ist auf den belegten Stadt- oder Teilraum angenähert; eine hausgenaue Lage und eine weitergehende eigene Fließtextbeschreibung sind aus dem zugeordneten Datenmaterial nicht sicher ableitbar.","hasMore":true,"hasExcerpt":true,"sources":[{"bookId":"30-nights-sr6","title":"30 Nächte und 3 Tage","edition":"SR6","citation":"30 Nächte und 3 Tage, Toronto und Die Nächte, S. 11-144","purpose":"description"}]}}}},{"type":"Feature","geometry":{"type":"Point","coordinates":[-79.348,43.647]},"properties":{"id":106,"global_id":"toronto-2080:place:106-villiers-island","name":"Villiers Island","aliases":[],"category":"Stadtteile","detail_map":"Harbourfront","source_pages":"30 Nächte und 3 Tage, Nacht 1-30, S. 25-144","map_source":"30 Nächte und 3 Tage","placement_note":"Erhaltener geographischer Bezugspunkt","accuracy":"Geographischer Bezugspunkt","source_map":"toronto-2080-content","source_panel":"Harbourfront","description_preview":"Die künstlich entwickelte Hafeninsel gehört zum modernisierten East Bayfront und markiert einen wichtigen Übergang zwischen Downtown und Hafenindustrie.","description_full":"Die künstlich entwickelte Hafeninsel gehört zum modernisierten East Bayfront und markiert einen wichtigen Übergang zwischen Downtown und Hafenindustrie. Die Position folgt einem erhaltenen heutigen Bezugspunkt.","description_source":"30 Nächte und 3 Tage, Nacht 1-30, S. 25-144","description_kind":"Ortsprofil","description_has_more":true,"detail_plans":[],"alternate_locations":[],"sources":[{"bookId":"30-nights-sr6","title":"30 Nächte und 3 Tage","edition":"SR6","citation":"30 Nächte und 3 Tage, Nacht 1-30, S. 25-144","purpose":"description"}],"map_sources":[],"editions":["SR6"],"edition_descriptions":{"SR6":{"kind":"Ortsprofil","preview":"Die künstlich entwickelte Hafeninsel gehört zum modernisierten East Bayfront und markiert einen wichtigen Übergang zwischen Downtown und Hafenindustrie.","full":"Die künstlich entwickelte Hafeninsel gehört zum modernisierten East Bayfront und markiert einen wichtigen Übergang zwischen Downtown und Hafenindustrie. Die Position folgt einem erhaltenen heutigen Bezugspunkt.","hasMore":true,"hasExcerpt":true,"sources":[{"bookId":"30-nights-sr6","title":"30 Nächte und 3 Tage","edition":"SR6","citation":"30 Nächte und 3 Tage, Nacht 1-30, S. 25-144","purpose":"description"}]}}}},{"type":"Feature","geometry":{"type":"Point","coordinates":[-79.467,43.657]},"properties":{"id":91,"global_id":"toronto-2080:place:91-wendigo-pond","name":"Wendigo Pond","aliases":[],"category":"Magie und Gefahren","detail_map":"High Park","source_pages":"30 Nächte und 3 Tage, Toronto und Die Nächte, S. 11-144","map_source":"30 Nächte und 3 Tage","placement_note":"Erhaltener geographischer Bezugspunkt","accuracy":"Geographischer Bezugspunkt","source_map":"toronto-2080-content","source_panel":"High Park","description_preview":"Der bewaldete Teich am Nordende von High Park ist ein alter Ritual- und Opferort.","description_full":"Der bewaldete Teich am Nordende von High Park ist ein alter Ritual- und Opferort. Die Position folgt einem erhaltenen heutigen Bezugspunkt.","description_source":"30 Nächte und 3 Tage, Toronto und Die Nächte, S. 11-144","description_kind":"Ortsprofil","description_has_more":true,"detail_plans":[],"alternate_locations":[],"sources":[{"bookId":"30-nights-sr6","title":"30 Nächte und 3 Tage","edition":"SR6","citation":"30 Nächte und 3 Tage, Toronto und Die Nächte, S. 11-144","purpose":"description"}],"map_sources":[],"editions":["SR6"],"edition_descriptions":{"SR6":{"kind":"Ortsprofil","preview":"Der bewaldete Teich am Nordende von High Park ist ein alter Ritual- und Opferort.","full":"Der bewaldete Teich am Nordende von High Park ist ein alter Ritual- und Opferort. Die Position folgt einem erhaltenen heutigen Bezugspunkt.","hasMore":true,"hasExcerpt":true,"sources":[{"bookId":"30-nights-sr6","title":"30 Nächte und 3 Tage","edition":"SR6","citation":"30 Nächte und 3 Tage, Toronto und Die Nächte, S. 11-144","purpose":"description"}]}}}},{"type":"Feature","geometry":{"type":"Point","coordinates":[-79.462,43.653]},"properties":{"id":5,"global_id":"toronto-2080:place:5-west-end","name":"West End","aliases":[],"category":"Bezirke","detail_map":"West End","source_pages":"30 Nächte und 3 Tage, Toronto - Stadtteile, S. 11-17","map_source":"30 Nächte und 3 Tage","placement_note":"Nach Quellenbezug im Teilraum West End angenähert","accuracy":"Teilraumzuordnung; Feinposition vorläufig","source_map":"toronto-2080-content","source_panel":"West End","description_preview":"Das West End reicht vom gepflegten High Park über The Junction bis Bloor West. Wohlhabende Wohnlagen, Spezialgeschäfte und sozialer Abstieg liegen hier nur wenige Straßenzüge auseinander.","description_full":"Das West End reicht vom gepflegten High Park über The Junction bis Bloor West. Wohlhabende Wohnlagen, Spezialgeschäfte und sozialer Abstieg liegen hier nur wenige Straßenzüge auseinander. Die Position ist auf den belegten Stadt- oder Teilraum angenähert; eine hausgenaue Lage und eine weitergehende eigene Fließtextbeschreibung sind aus dem zugeordneten Datenmaterial nicht sicher ableitbar.","description_source":"30 Nächte und 3 Tage, Toronto - Stadtteile, S. 11-17","description_kind":"Ortsprofil","description_has_more":true,"detail_plans":[],"alternate_locations":[],"sources":[{"bookId":"30-nights-sr6","title":"30 Nächte und 3 Tage","edition":"SR6","citation":"30 Nächte und 3 Tage, Toronto - Stadtteile, S. 11-17","purpose":"description"}],"map_sources":[],"editions":["SR6"],"edition_descriptions":{"SR6":{"kind":"Bezirksprofil","preview":"Das West End reicht vom gepflegten High Park über The Junction bis Bloor West. Wohlhabende Wohnlagen, Spezialgeschäfte und sozialer Abstieg liegen hier nur wenige Straßenzüge auseinander.","full":"Das West End reicht vom gepflegten High Park über The Junction bis Bloor West. Wohlhabende Wohnlagen, Spezialgeschäfte und sozialer Abstieg liegen hier nur wenige Straßenzüge auseinander. Die Beschreibung folgt dem Lore-Stand der angegebenen Edition; die separat schaltbare Grenzebene bildet den jüngsten georeferenzierten Arbeitsstand ab.","hasMore":true,"hasExcerpt":true,"sources":[{"bookId":"30-nights-sr6","title":"30 Nächte und 3 Tage","edition":"SR6","citation":"30 Nächte und 3 Tage, Toronto - Stadtteile, S. 11-17","purpose":"description"}]}}}},{"type":"Feature","geometry":{"type":"Point","coordinates":[-79.4,43.77]},"properties":{"id":60,"global_id":"toronto-2080:place:60-willowdale","name":"Willowdale","aliases":[],"category":"Stadtteile","detail_map":"North York","source_pages":"30 Nächte und 3 Tage, Toronto-Karte, Legende Nr. 21","map_source":"30 Nächte und 3 Tage","placement_note":"Erhaltener geographischer Bezugspunkt","accuracy":"Geographischer Bezugspunkt","source_map":"toronto-2080-content","source_panel":"North York","description_preview":"Willowdale ist auf der offiziellen Übersichtskarte von 30 Nächte als wichtiger Torontoer Ort ausgewiesen.","description_full":"Willowdale ist auf der offiziellen Übersichtskarte von 30 Nächte als wichtiger Torontoer Ort ausgewiesen. Die Position folgt einem erhaltenen heutigen Bezugspunkt.","description_source":"30 Nächte und 3 Tage, Toronto-Karte, Legende Nr. 21","description_kind":"Ortsprofil","description_has_more":true,"detail_plans":[],"alternate_locations":[],"sources":[{"bookId":"30-nights-sr6","title":"30 Nächte und 3 Tage","edition":"SR6","citation":"30 Nächte und 3 Tage, Toronto-Karte, Legende Nr. 21","purpose":"description"}],"map_sources":[],"editions":["SR6"],"edition_descriptions":{"SR6":{"kind":"Ortsprofil","preview":"Willowdale ist auf der offiziellen Übersichtskarte von 30 Nächte als wichtiger Torontoer Ort ausgewiesen.","full":"Willowdale ist auf der offiziellen Übersichtskarte von 30 Nächte als wichtiger Torontoer Ort ausgewiesen. Die Position folgt einem erhaltenen heutigen Bezugspunkt.","hasMore":true,"hasExcerpt":true,"sources":[{"bookId":"30-nights-sr6","title":"30 Nächte und 3 Tage","edition":"SR6","citation":"30 Nächte und 3 Tage, Toronto-Karte, Legende Nr. 21","purpose":"description"}]}}}},{"type":"Feature","geometry":{"type":"Point","coordinates":[-79.387,43.661]},"properties":{"id":49,"global_id":"toronto-2080:place:49-womens-college-hospital","name":"Women’s College Hospital","aliases":[],"category":"Medizin","detail_map":"Downtown/Alt-Toronto","source_pages":"Toronto Poster 2080, Legende Nr. 43","map_source":"Toronto Poster 2080","placement_note":"Erhaltener geographischer Bezugspunkt","accuracy":"Geographischer Bezugspunkt","source_map":"toronto-2080-content","source_panel":"Downtown/Alt-Toronto","description_preview":"Women’s College Hospital ist Teil des eng konzentrierten medizinischen Zentrums.","description_full":"Women’s College Hospital ist Teil des eng konzentrierten medizinischen Zentrums. Die Position folgt einem erhaltenen heutigen Bezugspunkt.","description_source":"Toronto Poster 2080, Legende Nr. 43","description_kind":"Ortsprofil","description_has_more":true,"detail_plans":[],"alternate_locations":[],"sources":[{"bookId":"toronto-poster-sr6","title":"Toronto Poster 2080","edition":"SR6","citation":"Toronto Poster 2080, Legende Nr. 43","purpose":"description"}],"map_sources":[],"editions":["SR6"],"edition_descriptions":{"SR6":{"kind":"Ortsprofil","preview":"Women’s College Hospital ist Teil des eng konzentrierten medizinischen Zentrums.","full":"Women’s College Hospital ist Teil des eng konzentrierten medizinischen Zentrums. Die Position folgt einem erhaltenen heutigen Bezugspunkt.","hasMore":true,"hasExcerpt":true,"sources":[{"bookId":"toronto-poster-sr6","title":"Toronto Poster 2080","edition":"SR6","citation":"Toronto Poster 2080, Legende Nr. 43","purpose":"description"}]}},"map_number_sr6":43}},{"type":"Feature","geometry":{"type":"Point","coordinates":[-79.367588,43.631122]},"properties":{"id":105,"global_id":"toronto-2080:place:105-wuxing-geheimdock","name":"Wuxing-Geheimdock","aliases":[],"category":"Schmuggel und Schatten","detail_map":"Harbourfront","source_pages":"30 Nächte und 3 Tage, Toronto und Die Nächte, S. 11-144","map_source":"30 Nächte und 3 Tage","placement_note":"Nach Quellenbezug im Teilraum Harbourfront angenähert","accuracy":"Teilraumzuordnung; Feinposition vorläufig","source_map":"toronto-2080-content","source_panel":"Harbourfront","description_preview":"Wuxing und verbündete Triaden nutzen ein verborgenes Dock im modernisierten Hafenviertel.","description_full":"Wuxing und verbündete Triaden nutzen ein verborgenes Dock im modernisierten Hafenviertel. Die Position ist auf den belegten Stadt- oder Teilraum angenähert; eine hausgenaue Lage und eine weitergehende eigene Fließtextbeschreibung sind aus dem zugeordneten Datenmaterial nicht sicher ableitbar.","description_source":"30 Nächte und 3 Tage, Toronto und Die Nächte, S. 11-144","description_kind":"Ortsprofil","description_has_more":true,"detail_plans":[],"alternate_locations":[],"sources":[{"bookId":"30-nights-sr6","title":"30 Nächte und 3 Tage","edition":"SR6","citation":"30 Nächte und 3 Tage, Toronto und Die Nächte, S. 11-144","purpose":"description"}],"map_sources":[],"editions":["SR6"],"edition_descriptions":{"SR6":{"kind":"Ortsprofil","preview":"Wuxing und verbündete Triaden nutzen ein verborgenes Dock im modernisierten Hafenviertel.","full":"Wuxing und verbündete Triaden nutzen ein verborgenes Dock im modernisierten Hafenviertel. Die Position ist auf den belegten Stadt- oder Teilraum angenähert; eine hausgenaue Lage und eine weitergehende eigene Fließtextbeschreibung sind aus dem zugeordneten Datenmaterial nicht sicher ableitbar.","hasMore":true,"hasExcerpt":true,"sources":[{"bookId":"30-nights-sr6","title":"30 Nächte und 3 Tage","edition":"SR6","citation":"30 Nächte und 3 Tage, Toronto und Die Nächte, S. 11-144","purpose":"description"}]}}}},{"type":"Feature","geometry":{"type":"Point","coordinates":[-79.415024,43.810667]},"properties":{"id":111,"global_id":"toronto-2080:place:111-xiaos-house-of-gold","name":"Xiao’s House of Gold","aliases":[],"category":"Restaurants","detail_map":"Thornhill","source_pages":"30 Nächte und 3 Tage, Nacht 1-30, S. 25-144","map_source":"30 Nächte und 3 Tage","placement_note":"Nach Quellenbezug im Teilraum Thornhill angenähert","accuracy":"Teilraumzuordnung; Feinposition vorläufig","source_map":"toronto-2080-content","source_panel":"Thornhill","description_preview":"Das traditionsbewusste Restaurant und die unterirdische Manufaktur dienen Großmutter Biyu als Empfangsort und wirtschaftliche Basis.","description_full":"Das traditionsbewusste Restaurant und die unterirdische Manufaktur dienen Großmutter Biyu als Empfangsort und wirtschaftliche Basis. Die Position ist auf den belegten Stadt- oder Teilraum angenähert; eine hausgenaue Lage und eine weitergehende eigene Fließtextbeschreibung sind aus dem zugeordneten Datenmaterial nicht sicher ableitbar.","description_source":"30 Nächte und 3 Tage, Nacht 1-30, S. 25-144","description_kind":"Ortsprofil","description_has_more":true,"detail_plans":[],"alternate_locations":[],"sources":[{"bookId":"30-nights-sr6","title":"30 Nächte und 3 Tage","edition":"SR6","citation":"30 Nächte und 3 Tage, Nacht 1-30, S. 25-144","purpose":"description"}],"map_sources":[],"editions":["SR6"],"edition_descriptions":{"SR6":{"kind":"Ortsprofil","preview":"Das traditionsbewusste Restaurant und die unterirdische Manufaktur dienen Großmutter Biyu als Empfangsort und wirtschaftliche Basis.","full":"Das traditionsbewusste Restaurant und die unterirdische Manufaktur dienen Großmutter Biyu als Empfangsort und wirtschaftliche Basis. Die Position ist auf den belegten Stadt- oder Teilraum angenähert; eine hausgenaue Lage und eine weitergehende eigene Fließtextbeschreibung sind aus dem zugeordneten Datenmaterial nicht sicher ableitbar.","hasMore":true,"hasExcerpt":true,"sources":[{"bookId":"30-nights-sr6","title":"30 Nächte und 3 Tage","edition":"SR6","citation":"30 Nächte und 3 Tage, Nacht 1-30, S. 25-144","purpose":"description"}]}}}},{"type":"Feature","geometry":{"type":"Point","coordinates":[-79.4,43.7]},"properties":{"id":24,"global_id":"toronto-2080:place:24-yonge-street","name":"Yonge Street","aliases":[],"category":"Straßen und Verkehr","detail_map":"Toronto","source_pages":"Toronto Poster 2080, Legende Nr. 18","map_source":"Toronto Poster 2080","placement_note":"Erhaltener geographischer Bezugspunkt","accuracy":"Geographischer Bezugspunkt","source_map":"toronto-2080-content","source_panel":"Toronto","description_preview":"Yonge Street ist Torontos zentrale Nord-Süd-Achse, Trennlinie zwischen Ost und West und dicht überwachter Handelsraum.","description_full":"Yonge Street ist Torontos zentrale Nord-Süd-Achse, Trennlinie zwischen Ost und West und dicht überwachter Handelsraum. Die Position folgt einem erhaltenen heutigen Bezugspunkt.","description_source":"Toronto Poster 2080, Legende Nr. 18","description_kind":"Ortsprofil","description_has_more":true,"detail_plans":[],"alternate_locations":[],"sources":[{"bookId":"toronto-poster-sr6","title":"Toronto Poster 2080","edition":"SR6","citation":"Toronto Poster 2080, Legende Nr. 18","purpose":"description"}],"map_sources":[],"editions":["SR6"],"edition_descriptions":{"SR6":{"kind":"Ortsprofil","preview":"Yonge Street ist Torontos zentrale Nord-Süd-Achse, Trennlinie zwischen Ost und West und dicht überwachter Handelsraum.","full":"Yonge Street ist Torontos zentrale Nord-Süd-Achse, Trennlinie zwischen Ost und West und dicht überwachter Handelsraum. Die Position folgt einem erhaltenen heutigen Bezugspunkt.","hasMore":true,"hasExcerpt":true,"sources":[{"bookId":"toronto-poster-sr6","title":"Toronto Poster 2080","edition":"SR6","citation":"Toronto Poster 2080, Legende Nr. 18","purpose":"description"}]}},"map_number_sr6":18}},{"type":"Feature","geometry":{"type":"Point","coordinates":[-79.389456,43.646435]},"properties":{"id":112,"global_id":"toronto-2080:place:112-yonge-dundas-memorial-lagerkomplex","name":"Yonge-Dundas-Memorial-Lagerkomplex","aliases":[],"category":"Schmuggel und Schatten","detail_map":"Downtown/Alt-Toronto","source_pages":"30 Nächte und 3 Tage, Nacht 1-30, S. 25-144","map_source":"30 Nächte und 3 Tage","placement_note":"Nach Quellenbezug im Teilraum Downtown/Alt-Toronto angenähert","accuracy":"Teilraumzuordnung; Feinposition vorläufig","source_map":"toronto-2080-content","source_panel":"Downtown/Alt-Toronto","description_preview":"Der manuell gesicherte Lagerkomplex bewahrt Waren und Informationen auf, ohne für den Zugang auf AR oder SIN-Prüfung angewiesen zu sein.","description_full":"Der manuell gesicherte Lagerkomplex bewahrt Waren und Informationen auf, ohne für den Zugang auf AR oder SIN-Prüfung angewiesen zu sein. Die Position ist auf den belegten Stadt- oder Teilraum angenähert; eine hausgenaue Lage und eine weitergehende eigene Fließtextbeschreibung sind aus dem zugeordneten Datenmaterial nicht sicher ableitbar.","description_source":"30 Nächte und 3 Tage, Nacht 1-30, S. 25-144","description_kind":"Ortsprofil","description_has_more":true,"detail_plans":[],"alternate_locations":[],"sources":[{"bookId":"30-nights-sr6","title":"30 Nächte und 3 Tage","edition":"SR6","citation":"30 Nächte und 3 Tage, Nacht 1-30, S. 25-144","purpose":"description"}],"map_sources":[],"editions":["SR6"],"edition_descriptions":{"SR6":{"kind":"Ortsprofil","preview":"Der manuell gesicherte Lagerkomplex bewahrt Waren und Informationen auf, ohne für den Zugang auf AR oder SIN-Prüfung angewiesen zu sein.","full":"Der manuell gesicherte Lagerkomplex bewahrt Waren und Informationen auf, ohne für den Zugang auf AR oder SIN-Prüfung angewiesen zu sein. Die Position ist auf den belegten Stadt- oder Teilraum angenähert; eine hausgenaue Lage und eine weitergehende eigene Fließtextbeschreibung sind aus dem zugeordneten Datenmaterial nicht sicher ableitbar.","hasMore":true,"hasExcerpt":true,"sources":[{"bookId":"30-nights-sr6","title":"30 Nächte und 3 Tage","edition":"SR6","citation":"30 Nächte und 3 Tage, Nacht 1-30, S. 25-144","purpose":"description"}]}}}},{"type":"Feature","geometry":{"type":"Point","coordinates":[-79.5019,43.7735]},"properties":{"id":50,"global_id":"toronto-2080:place:50-york-university","name":"York University","aliases":[],"category":"Bildung und Kultur","detail_map":"North York","source_pages":"Toronto Poster 2080, Legende Nr. 44","map_source":"Toronto Poster 2080","placement_note":"Erhaltener geographischer Bezugspunkt","accuracy":"Geographischer Bezugspunkt","source_map":"toronto-2080-content","source_panel":"North York","description_preview":"York University besitzt eine starke thaumaturgische Fakultät und eine bedeutende Sammlung von Zauberformeln.","description_full":"York University besitzt eine starke thaumaturgische Fakultät und eine bedeutende Sammlung von Zauberformeln. Die Position folgt einem erhaltenen heutigen Bezugspunkt.","description_source":"Toronto Poster 2080, Legende Nr. 44","description_kind":"Ortsprofil","description_has_more":true,"detail_plans":[],"alternate_locations":[],"sources":[{"bookId":"toronto-poster-sr6","title":"Toronto Poster 2080","edition":"SR6","citation":"Toronto Poster 2080, Legende Nr. 44","purpose":"description"},{"bookId":"30-nights-sr6","title":"30 Nächte und 3 Tage","edition":"SR6","citation":"30 Nächte und 3 Tage, Toronto-Karte, Legende Nr. 19","purpose":"description"}],"map_sources":[],"editions":["SR6"],"edition_descriptions":{"SR6":{"kind":"Ortsprofil","preview":"York University ist auf der offiziellen Übersichtskarte von 30 Nächte als wichtiger Torontoer Ort ausgewiesen.","full":"York University ist auf der offiziellen Übersichtskarte von 30 Nächte als wichtiger Torontoer Ort ausgewiesen. Die Position folgt einem erhaltenen heutigen Bezugspunkt.","hasMore":true,"hasExcerpt":true,"sources":[{"bookId":"toronto-poster-sr6","title":"Toronto Poster 2080","edition":"SR6","citation":"Toronto Poster 2080, Legende Nr. 44","purpose":"description"},{"bookId":"30-nights-sr6","title":"30 Nächte und 3 Tage","edition":"SR6","citation":"30 Nächte und 3 Tage, Toronto-Karte, Legende Nr. 19","purpose":"description"}]}},"map_number_sr6":44}},{"type":"Feature","geometry":{"type":"Point","coordinates":[-79.451,43.7255]},"properties":{"id":64,"global_id":"toronto-2080:place:64-yorkdale-megaplex","name":"Yorkdale Megaplex","aliases":[],"category":"Sonstige Spots","detail_map":"North York","source_pages":"30 Nächte und 3 Tage, Toronto-Karte, Legende Nr. 25","map_source":"30 Nächte und 3 Tage","placement_note":"Erhaltener geographischer Bezugspunkt","accuracy":"Geographischer Bezugspunkt","source_map":"toronto-2080-content","source_panel":"North York","description_preview":"Yorkdale Megaplex ist auf der offiziellen Übersichtskarte von 30 Nächte als wichtiger Torontoer Ort ausgewiesen.","description_full":"Yorkdale Megaplex ist auf der offiziellen Übersichtskarte von 30 Nächte als wichtiger Torontoer Ort ausgewiesen. Die Position folgt einem erhaltenen heutigen Bezugspunkt.","description_source":"30 Nächte und 3 Tage, Toronto-Karte, Legende Nr. 25","description_kind":"Ortsprofil","description_has_more":true,"detail_plans":[],"alternate_locations":[],"sources":[{"bookId":"30-nights-sr6","title":"30 Nächte und 3 Tage","edition":"SR6","citation":"30 Nächte und 3 Tage, Toronto-Karte, Legende Nr. 25","purpose":"description"}],"map_sources":[],"editions":["SR6"],"edition_descriptions":{"SR6":{"kind":"Ortsprofil","preview":"Yorkdale Megaplex ist auf der offiziellen Übersichtskarte von 30 Nächte als wichtiger Torontoer Ort ausgewiesen.","full":"Yorkdale Megaplex ist auf der offiziellen Übersichtskarte von 30 Nächte als wichtiger Torontoer Ort ausgewiesen. Die Position folgt einem erhaltenen heutigen Bezugspunkt.","hasMore":true,"hasExcerpt":true,"sources":[{"bookId":"30-nights-sr6","title":"30 Nächte und 3 Tage","edition":"SR6","citation":"30 Nächte und 3 Tage, Toronto-Karte, Legende Nr. 25","purpose":"description"}]}}}},{"type":"Feature","geometry":{"type":"Point","coordinates":[-79.532693,43.657145]},"properties":{"id":71,"global_id":"toronto-2080:place:71-zephyrus-kuhllager","name":"Zephyrus-Kühllager","aliases":[],"category":"Konzerne","detail_map":"Etobicoke","source_pages":"30 Nächte und 3 Tage, Toronto und Die Nächte, S. 11-144","map_source":"30 Nächte und 3 Tage","placement_note":"Nach Quellenbezug im Teilraum Etobicoke angenähert","accuracy":"Teilraumzuordnung; Feinposition vorläufig","source_map":"toronto-2080-content","source_panel":"Etobicoke","description_preview":"Das Kühllager nimmt während des Blackouts ungeklärte Todesfälle auf und wird von Camazotz’ Dienern heimgesucht.","description_full":"Das Kühllager nimmt während des Blackouts ungeklärte Todesfälle auf und wird von Camazotz’ Dienern heimgesucht. Die Position ist auf den belegten Stadt- oder Teilraum angenähert; eine hausgenaue Lage und eine weitergehende eigene Fließtextbeschreibung sind aus dem zugeordneten Datenmaterial nicht sicher ableitbar.","description_source":"30 Nächte und 3 Tage, Toronto und Die Nächte, S. 11-144","description_kind":"Ortsprofil","description_has_more":true,"detail_plans":[],"alternate_locations":[],"sources":[{"bookId":"30-nights-sr6","title":"30 Nächte und 3 Tage","edition":"SR6","citation":"30 Nächte und 3 Tage, Toronto und Die Nächte, S. 11-144","purpose":"description"}],"map_sources":[],"editions":["SR6"],"edition_descriptions":{"SR6":{"kind":"Ortsprofil","preview":"Das Kühllager nimmt während des Blackouts ungeklärte Todesfälle auf und wird von Camazotz’ Dienern heimgesucht.","full":"Das Kühllager nimmt während des Blackouts ungeklärte Todesfälle auf und wird von Camazotz’ Dienern heimgesucht. Die Position ist auf den belegten Stadt- oder Teilraum angenähert; eine hausgenaue Lage und eine weitergehende eigene Fließtextbeschreibung sind aus dem zugeordneten Datenmaterial nicht sicher ableitbar.","hasMore":true,"hasExcerpt":true,"sources":[{"bookId":"30-nights-sr6","title":"30 Nächte und 3 Tage","edition":"SR6","citation":"30 Nächte und 3 Tage, Toronto und Die Nächte, S. 11-144","purpose":"description"}]}}}}]}
