{"type":"FeatureCollection","name":"Manhattan Orte","features":[{"type":"Feature","geometry":{"type":"Point","coordinates":[-73.971934,40.780346]},"properties":{"id":100,"global_id":"manhattan:place:100-club","name":"!?! Club","aliases":[],"category":"Bars und Clubs","detail_map":"Central Park","source_pages":"Gestohlene Seelen, New Yorker Konzernidyll S. 118-147","map_source":"Gestohlene Seelen / Stolen Souls","placement_note":"Nach Quellenbezug im Teilraum Central Park angenähert","accuracy":"Teilraumzuordnung; Feinposition vorläufig","source_map":"manhattan-content","source_panel":"Central Park","description_preview":"Der namenlose !?! Club an der West 61st Street setzt auf provokative erwachte, künstliche und technomantische Künstler.","description_full":"Der namenlose !?! Club an der West 61st Street setzt auf provokative erwachte, künstliche und technomantische Künstler. Die Position ist auf den belegten Stadt- oder Teilraum angenähert; eine hausgenaue Lage ist aus dem Datenmaterial nicht sicher ableitbar.","description_source":"Gestohlene Seelen, New Yorker Konzernidyll S. 118-147","description_kind":"Ortsprofil","description_has_more":true,"detail_plans":[],"alternate_locations":[],"sources":[{"bookId":"stolen-souls-sr5","title":"Gestohlene Seelen / Stolen Souls","edition":"SR5","citation":"Gestohlene Seelen, New Yorker Konzernidyll S. 118-147","purpose":"description"}],"map_sources":[],"editions":["SR5"],"edition_descriptions":{"SR5":{"kind":"Ortsprofil","preview":"Der namenlose !?! Club an der West 61st Street setzt auf provokative erwachte, künstliche und technomantische Künstler.","full":"Der namenlose !?! Club an der West 61st Street setzt auf provokative erwachte, künstliche und technomantische Künstler. Die Position ist auf den belegten Stadt- oder Teilraum angenähert; eine hausgenaue Lage ist aus dem Datenmaterial nicht sicher ableitbar.","hasMore":true,"hasExcerpt":true,"sources":[{"bookId":"stolen-souls-sr5","title":"Gestohlene Seelen / Stolen Souls","edition":"SR5","citation":"Gestohlene Seelen, New Yorker Konzernidyll S. 118-147","purpose":"description"}]}}}},{"type":"Feature","geometry":{"type":"Point","coordinates":[-73.982774,40.735303]},"properties":{"id":161,"global_id":"manhattan:place:161-44-union-square","name":"44 Union Square","aliases":[],"category":"Einkaufen","detail_map":"City Center","source_pages":"Flüsternetze, Kampagne S. 41-143","map_source":"Flüsternetze","placement_note":"Nach Quellenbezug im Teilraum City Center angenähert","accuracy":"Teilraumzuordnung; Feinposition vorläufig","source_map":"manhattan-content","source_panel":"City Center","description_preview":"44 Union Square ist ein in Flüsternetze belegter Schauplatz im Bereich City Center.","description_full":"44 Union Square ist ein in Flüsternetze belegter Schauplatz im Bereich City Center. Die Position ist auf den belegten Stadt- oder Teilraum angenähert; eine hausgenaue Lage ist aus dem Datenmaterial nicht sicher ableitbar.","description_source":"Flüsternetze, Kampagne S. 41-143","description_kind":"Ortsprofil","description_has_more":true,"detail_plans":[],"alternate_locations":[],"sources":[{"bookId":"fluesternetze-sr6","title":"Flüsternetze","edition":"SR6","citation":"Flüsternetze, Kampagne S. 41-143","purpose":"description"}],"map_sources":[],"editions":["SR6"],"edition_descriptions":{"SR6":{"kind":"Ortsprofil","preview":"44 Union Square ist ein in Flüsternetze belegter Schauplatz im Bereich City Center.","full":"44 Union Square ist ein in Flüsternetze belegter Schauplatz im Bereich City Center. Die Position ist auf den belegten Stadt- oder Teilraum angenähert; eine hausgenaue Lage ist aus dem Datenmaterial nicht sicher ableitbar.","hasMore":true,"hasExcerpt":true,"sources":[{"bookId":"fluesternetze-sr6","title":"Flüsternetze","edition":"SR6","citation":"Flüsternetze, Kampagne S. 41-143","purpose":"description"}]}}}},{"type":"Feature","geometry":{"type":"Point","coordinates":[-73.976642,40.763397]},"properties":{"id":132,"global_id":"manhattan:place:132-al-hazads-house-of-wonders","name":"Al-Hazad’s House of Wonders","aliases":[],"category":"Magie und Religion","detail_map":"Midtown","source_pages":"Flüsternetze - Manhattankarte, Nr. 10","map_source":"Flüsternetze","placement_note":"Nach Quellenbezug im Teilraum Midtown angenähert","accuracy":"Teilraumzuordnung; Feinposition vorläufig","source_map":"manhattan-content","source_panel":"Midtown","description_preview":"Al-Hazad’s House of Wonders ist ein in Flüsternetze belegter Schauplatz im Bereich Midtown.","description_full":"Al-Hazad’s House of Wonders ist ein in Flüsternetze belegter Schauplatz im Bereich Midtown. Die Position ist auf den belegten Stadt- oder Teilraum angenähert; eine hausgenaue Lage ist aus dem Datenmaterial nicht sicher ableitbar.","description_source":"Flüsternetze - Manhattankarte, Nr. 10","description_kind":"Ortsprofil","description_has_more":true,"detail_plans":[],"alternate_locations":[],"sources":[{"bookId":"fluesternetze-sr6","title":"Flüsternetze","edition":"SR6","citation":"Flüsternetze - Manhattankarte, Nr. 10","purpose":"description"}],"map_sources":[],"editions":["SR6"],"edition_descriptions":{"SR6":{"kind":"Ortsprofil","preview":"Al-Hazad’s House of Wonders ist ein in Flüsternetze belegter Schauplatz im Bereich Midtown.","full":"Al-Hazad’s House of Wonders ist ein in Flüsternetze belegter Schauplatz im Bereich Midtown. Die Position ist auf den belegten Stadt- oder Teilraum angenähert; eine hausgenaue Lage ist aus dem Datenmaterial nicht sicher ableitbar.","hasMore":true,"hasExcerpt":true,"sources":[{"bookId":"fluesternetze-sr6","title":"Flüsternetze","edition":"SR6","citation":"Flüsternetze - Manhattankarte, Nr. 10","purpose":"description"}]}},"map_number_sr6":10}},{"type":"Feature","geometry":{"type":"Point","coordinates":[-73.968449,40.775275]},"properties":{"id":142,"global_id":"manhattan:place:142-alice-in-wonderland-spielplatz","name":"Alice-in-Wonderland-Spielplatz","aliases":[],"category":"Sonstige Spots","detail_map":"Central Park","source_pages":"Flüsternetze - Manhattankarte, Nr. 21","map_source":"Flüsternetze","placement_note":"Nach Quellenbezug im Teilraum Central Park angenähert","accuracy":"Teilraumzuordnung; Feinposition vorläufig","source_map":"manhattan-content","source_panel":"Central Park","description_preview":"Alice-in-Wonderland-Spielplatz ist ein in Flüsternetze belegter Schauplatz im Bereich Central Park.","description_full":"Alice-in-Wonderland-Spielplatz ist ein in Flüsternetze belegter Schauplatz im Bereich Central Park. Die Position ist auf den belegten Stadt- oder Teilraum angenähert; eine hausgenaue Lage ist aus dem Datenmaterial nicht sicher ableitbar.","description_source":"Flüsternetze - Manhattankarte, Nr. 21","description_kind":"Ortsprofil","description_has_more":true,"detail_plans":[],"alternate_locations":[],"sources":[{"bookId":"fluesternetze-sr6","title":"Flüsternetze","edition":"SR6","citation":"Flüsternetze - Manhattankarte, Nr. 21","purpose":"description"}],"map_sources":[],"editions":["SR6"],"edition_descriptions":{"SR6":{"kind":"Ortsprofil","preview":"Alice-in-Wonderland-Spielplatz ist ein in Flüsternetze belegter Schauplatz im Bereich Central Park.","full":"Alice-in-Wonderland-Spielplatz ist ein in Flüsternetze belegter Schauplatz im Bereich Central Park. Die Position ist auf den belegten Stadt- oder Teilraum angenähert; eine hausgenaue Lage ist aus dem Datenmaterial nicht sicher ableitbar.","hasMore":true,"hasExcerpt":true,"sources":[{"bookId":"fluesternetze-sr6","title":"Flüsternetze","edition":"SR6","citation":"Flüsternetze - Manhattankarte, Nr. 21","purpose":"description"}]}},"map_number_sr6":21}},{"type":"Feature","geometry":{"type":"Point","coordinates":[-73.976905,40.762313]},"properties":{"id":162,"global_id":"manhattan:place:162-animus-construction-clinical-operations","name":"Animus Construction: Clinical Operations","aliases":[],"category":"Medizin","detail_map":"Manhattan","source_pages":"Flüsternetze, Kampagne S. 41-143","map_source":"Flüsternetze","placement_note":"Nach Quellenbezug im Teilraum Manhattan angenähert","accuracy":"Teilraumzuordnung; Feinposition vorläufig","source_map":"manhattan-content","source_panel":"Manhattan","description_preview":"Animus Construction: Clinical Operations ist ein in Flüsternetze belegter Schauplatz im Bereich Manhattan.","description_full":"Animus Construction: Clinical Operations ist ein in Flüsternetze belegter Schauplatz im Bereich Manhattan. Die Position ist auf den belegten Stadt- oder Teilraum angenähert; eine hausgenaue Lage ist aus dem Datenmaterial nicht sicher ableitbar.","description_source":"Flüsternetze, Kampagne S. 41-143","description_kind":"Ortsprofil","description_has_more":true,"detail_plans":[],"alternate_locations":[],"sources":[{"bookId":"fluesternetze-sr6","title":"Flüsternetze","edition":"SR6","citation":"Flüsternetze, Kampagne S. 41-143","purpose":"description"}],"map_sources":[],"editions":["SR6"],"edition_descriptions":{"SR6":{"kind":"Ortsprofil","preview":"Animus Construction: Clinical Operations ist ein in Flüsternetze belegter Schauplatz im Bereich Manhattan.","full":"Animus Construction: Clinical Operations ist ein in Flüsternetze belegter Schauplatz im Bereich Manhattan. Die Position ist auf den belegten Stadt- oder Teilraum angenähert; eine hausgenaue Lage ist aus dem Datenmaterial nicht sicher ableitbar.","hasMore":true,"hasExcerpt":true,"sources":[{"bookId":"fluesternetze-sr6","title":"Flüsternetze","edition":"SR6","citation":"Flüsternetze, Kampagne S. 41-143","purpose":"description"}]}}}},{"type":"Feature","geometry":{"type":"Point","coordinates":[-73.950261,40.814937]},"properties":{"id":61,"global_id":"manhattan:place:61-apollo-theater","name":"Apollo Theater","aliases":[],"category":"Bildung und Kultur","detail_map":"New Harlem","source_pages":"The Neo-Anarchist’s Guide to North America, New York City S. 114-128","map_source":"The Neo-Anarchist’s Guide to North America","placement_note":"Nach Quellenbezug im Teilraum New Harlem angenähert","accuracy":"Teilraumzuordnung; Feinposition vorläufig","source_map":"manhattan-content","source_panel":"New Harlem","description_preview":"Das Apollo Theater wurde als einer der wenigen kulturellen Anker Harlems beim Aufbau von Newtown erhalten.","description_full":"Das Apollo Theater wurde als einer der wenigen kulturellen Anker Harlems beim Aufbau von Newtown erhalten. Die Position ist auf den belegten Stadt- oder Teilraum angenähert; eine hausgenaue Lage ist aus dem Datenmaterial nicht sicher ableitbar.","description_source":"The Neo-Anarchist’s Guide to North America, New York City S. 114-128","description_kind":"Ortsprofil","description_has_more":true,"detail_plans":[],"alternate_locations":[],"sources":[{"bookId":"nagna-sr1","title":"The Neo-Anarchist’s Guide to North America","edition":"SR1","citation":"The Neo-Anarchist’s Guide to North America, New York City S. 114-128","purpose":"description"}],"map_sources":[],"editions":["SR1"],"edition_descriptions":{"SR1":{"kind":"Ortsprofil","preview":"Das Apollo Theater wurde als einer der wenigen kulturellen Anker Harlems beim Aufbau von Newtown erhalten.","full":"Das Apollo Theater wurde als einer der wenigen kulturellen Anker Harlems beim Aufbau von Newtown erhalten. Die Position ist auf den belegten Stadt- oder Teilraum angenähert; eine hausgenaue Lage ist aus dem Datenmaterial nicht sicher ableitbar.","hasMore":true,"hasExcerpt":true,"sources":[{"bookId":"nagna-sr1","title":"The Neo-Anarchist’s Guide to North America","edition":"SR1","citation":"The Neo-Anarchist’s Guide to North America, New York City S. 114-128","purpose":"description"}]}}}},{"type":"Feature","geometry":{"type":"Point","coordinates":[-74.001967,40.722351]},"properties":{"id":29,"global_id":"manhattan:place:29-apple-press","name":"Apple Press","aliases":[],"category":"Sonstige Spots","detail_map":"Downtown","source_pages":"The Rotten Apple: Manhattan, Abschnitt Downtown","map_source":"The Rotten Apple: Manhattan","placement_note":"Nach Quellenbezug im Teilraum Downtown angenähert","accuracy":"Teilraumzuordnung; Feinposition vorläufig","source_map":"manhattan-content","source_panel":"Downtown","description_preview":"Apple Press ist ein in The Rotten Apple: Manhattan belegter Schauplatz im Bereich Downtown.","description_full":"Apple Press ist ein in The Rotten Apple: Manhattan belegter Schauplatz im Bereich Downtown. Die Position ist auf den belegten Stadt- oder Teilraum angenähert; eine hausgenaue Lage ist aus dem Datenmaterial nicht sicher ableitbar.","description_source":"The Rotten Apple: Manhattan, Abschnitt Downtown","description_kind":"Ortsprofil","description_has_more":true,"detail_plans":[],"alternate_locations":[],"sources":[{"bookId":"rotten-apple-sr4","title":"The Rotten Apple: Manhattan","edition":"SR4","citation":"The Rotten Apple: Manhattan, Abschnitt Downtown","purpose":"description"}],"map_sources":[],"editions":["SR4"],"edition_descriptions":{"SR4":{"kind":"Ortsprofil","preview":"Apple Press ist ein in The Rotten Apple: Manhattan belegter Schauplatz im Bereich Downtown.","full":"Apple Press ist ein in The Rotten Apple: Manhattan belegter Schauplatz im Bereich Downtown. Die Position ist auf den belegten Stadt- oder Teilraum angenähert; eine hausgenaue Lage ist aus dem Datenmaterial nicht sicher ableitbar.","hasMore":true,"hasExcerpt":true,"sources":[{"bookId":"rotten-apple-sr4","title":"The Rotten Apple: Manhattan","edition":"SR4","citation":"The Rotten Apple: Manhattan, Abschnitt Downtown","purpose":"description"}]}}}},{"type":"Feature","geometry":{"type":"Point","coordinates":[-73.976515,40.717306]},"properties":{"id":151,"global_id":"manhattan:place:151-arcannas-cabana","name":"Arcanna’s Cabana","aliases":[],"category":"Sonstige Spots","detail_map":"Lower East Side","source_pages":"Flüsternetze, Kampagne S. 41-143","map_source":"Flüsternetze","placement_note":"Nach Quellenbezug im Teilraum Lower East Side angenähert","accuracy":"Teilraumzuordnung; Feinposition vorläufig","source_map":"manhattan-content","source_panel":"Lower East Side","description_preview":"Arcanna’s Cabana ist ein in Flüsternetze belegter Schauplatz im Bereich Lower East Side.","description_full":"Arcanna’s Cabana ist ein in Flüsternetze belegter Schauplatz im Bereich Lower East Side. Die Position ist auf den belegten Stadt- oder Teilraum angenähert; eine hausgenaue Lage ist aus dem Datenmaterial nicht sicher ableitbar.","description_source":"Flüsternetze, Kampagne S. 41-143","description_kind":"Ortsprofil","description_has_more":true,"detail_plans":[],"alternate_locations":[],"sources":[{"bookId":"fluesternetze-sr6","title":"Flüsternetze","edition":"SR6","citation":"Flüsternetze, Kampagne S. 41-143","purpose":"description"}],"map_sources":[],"editions":["SR6"],"edition_descriptions":{"SR6":{"kind":"Ortsprofil","preview":"Arcanna’s Cabana ist ein in Flüsternetze belegter Schauplatz im Bereich Lower East Side.","full":"Arcanna’s Cabana ist ein in Flüsternetze belegter Schauplatz im Bereich Lower East Side. Die Position ist auf den belegten Stadt- oder Teilraum angenähert; eine hausgenaue Lage ist aus dem Datenmaterial nicht sicher ableitbar.","hasMore":true,"hasExcerpt":true,"sources":[{"bookId":"fluesternetze-sr6","title":"Flüsternetze","edition":"SR6","citation":"Flüsternetze, Kampagne S. 41-143","purpose":"description"}]}}}},{"type":"Feature","geometry":{"type":"Point","coordinates":[-73.981516,40.753143]},"properties":{"id":127,"global_id":"manhattan:place:127-arcanum-manhattan","name":"Arcanum Manhattan","aliases":[],"category":"Konzerne","detail_map":"Midtown","source_pages":"Blutige Geschäfte, Manhattan-Schauplätze","map_source":"Blutige Geschäfte / Bloody Business","placement_note":"Nach Quellenbezug im Teilraum Midtown angenähert","accuracy":"Teilraumzuordnung; Feinposition vorläufig","source_map":"manhattan-content","source_panel":"Midtown","description_preview":"Das Arcanum in Midtown wird Schauplatz einer Operation gegen den Verzauberer Kilian Lester inmitten zahlreicher exterritorialer Korridore.","description_full":"Das Arcanum in Midtown wird Schauplatz einer Operation gegen den Verzauberer Kilian Lester inmitten zahlreicher exterritorialer Korridore. Die Position ist auf den belegten Stadt- oder Teilraum angenähert; eine hausgenaue Lage ist aus dem Datenmaterial nicht sicher ableitbar.","description_source":"Blutige Geschäfte, Manhattan-Schauplätze","description_kind":"Ortsprofil","description_has_more":true,"detail_plans":[],"alternate_locations":[],"sources":[{"bookId":"bloody-business-sr5","title":"Blutige Geschäfte / Bloody Business","edition":"SR5","citation":"Blutige Geschäfte, Manhattan-Schauplätze","purpose":"description"}],"map_sources":[],"editions":["SR5"],"edition_descriptions":{"SR5":{"kind":"Ortsprofil","preview":"Das Arcanum in Midtown wird Schauplatz einer Operation gegen den Verzauberer Kilian Lester inmitten zahlreicher exterritorialer Korridore.","full":"Das Arcanum in Midtown wird Schauplatz einer Operation gegen den Verzauberer Kilian Lester inmitten zahlreicher exterritorialer Korridore. Die Position ist auf den belegten Stadt- oder Teilraum angenähert; eine hausgenaue Lage ist aus dem Datenmaterial nicht sicher ableitbar.","hasMore":true,"hasExcerpt":true,"sources":[{"bookId":"bloody-business-sr5","title":"Blutige Geschäfte / Bloody Business","edition":"SR5","citation":"Blutige Geschäfte, Manhattan-Schauplätze","purpose":"description"}]}}}},{"type":"Feature","geometry":{"type":"Point","coordinates":[-73.983288,40.75478]},"properties":{"id":69,"global_id":"manhattan:place:69-ares-macrotech-midtown","name":"Ares Macrotech Midtown","aliases":[],"category":"Konzerne","detail_map":"Midtown","source_pages":"The Neo-Anarchist’s Guide to North America, New York City S. 114-128","map_source":"The Neo-Anarchist’s Guide to North America","placement_note":"Nach Quellenbezug im Teilraum Midtown angenähert","accuracy":"Teilraumzuordnung; Feinposition vorläufig","source_map":"manhattan-content","source_panel":"Midtown","description_preview":"Ares Macrotech liegt 2050 am südwestlichen Rand des Central Park.","description_full":"Ares Macrotech liegt 2050 am südwestlichen Rand des Central Park. Die Position ist auf den belegten Stadt- oder Teilraum angenähert; eine hausgenaue Lage ist aus dem Datenmaterial nicht sicher ableitbar.","description_source":"The Neo-Anarchist’s Guide to North America, New York City S. 114-128","description_kind":"Ortsprofil","description_has_more":true,"detail_plans":[],"alternate_locations":[],"sources":[{"bookId":"nagna-sr1","title":"The Neo-Anarchist’s Guide to North America","edition":"SR1","citation":"The Neo-Anarchist’s Guide to North America, New York City S. 114-128","purpose":"description"}],"map_sources":[],"editions":["SR1"],"edition_descriptions":{"SR1":{"kind":"Ortsprofil","preview":"Ares Macrotech liegt 2050 am südwestlichen Rand des Central Park.","full":"Ares Macrotech liegt 2050 am südwestlichen Rand des Central Park. Die Position ist auf den belegten Stadt- oder Teilraum angenähert; eine hausgenaue Lage ist aus dem Datenmaterial nicht sicher ableitbar.","hasMore":true,"hasExcerpt":true,"sources":[{"bookId":"nagna-sr1","title":"The Neo-Anarchist’s Guide to North America","edition":"SR1","citation":"The Neo-Anarchist’s Guide to North America, New York City S. 114-128","purpose":"description"}]}}}},{"type":"Feature","geometry":{"type":"Point","coordinates":[-73.989392,40.749201]},"properties":{"id":70,"global_id":"manhattan:place:70-aztechnology-midtown","name":"Aztechnology Midtown","aliases":[],"category":"Konzerne","detail_map":"Midtown","source_pages":"The Neo-Anarchist’s Guide to North America, New York City S. 114-128","map_source":"The Neo-Anarchist’s Guide to North America","placement_note":"Nach Quellenbezug im Teilraum Midtown angenähert","accuracy":"Teilraumzuordnung; Feinposition vorläufig","source_map":"manhattan-content","source_panel":"Midtown","description_preview":"Aztechnology unterhält 2050 einen repräsentativen Konzernstandort an Fifth Avenue.","description_full":"Aztechnology unterhält 2050 einen repräsentativen Konzernstandort an Fifth Avenue. Die Position ist auf den belegten Stadt- oder Teilraum angenähert; eine hausgenaue Lage ist aus dem Datenmaterial nicht sicher ableitbar.","description_source":"The Neo-Anarchist’s Guide to North America, New York City S. 114-128","description_kind":"Ortsprofil","description_has_more":true,"detail_plans":[],"alternate_locations":[],"sources":[{"bookId":"nagna-sr1","title":"The Neo-Anarchist’s Guide to North America","edition":"SR1","citation":"The Neo-Anarchist’s Guide to North America, New York City S. 114-128","purpose":"description"}],"map_sources":[],"editions":["SR1"],"edition_descriptions":{"SR1":{"kind":"Ortsprofil","preview":"Aztechnology unterhält 2050 einen repräsentativen Konzernstandort an Fifth Avenue.","full":"Aztechnology unterhält 2050 einen repräsentativen Konzernstandort an Fifth Avenue. Die Position ist auf den belegten Stadt- oder Teilraum angenähert; eine hausgenaue Lage ist aus dem Datenmaterial nicht sicher ableitbar.","hasMore":true,"hasExcerpt":true,"sources":[{"bookId":"nagna-sr1","title":"The Neo-Anarchist’s Guide to North America","edition":"SR1","citation":"The Neo-Anarchist’s Guide to North America, New York City S. 114-128","purpose":"description"}]}}}},{"type":"Feature","geometry":{"type":"Point","coordinates":[-73.986282,40.760712]},"properties":{"id":102,"global_id":"manhattan:place:102-aztechnology-pyramid","name":"Aztechnology Pyramid","aliases":[],"category":"Konzerne","detail_map":"Midtown","source_pages":"Gestohlene Seelen, New Yorker Konzernidyll S. 118-147","map_source":"Gestohlene Seelen / Stolen Souls","placement_note":"Nach Quellenbezug im Teilraum Midtown angenähert","accuracy":"Teilraumzuordnung; Feinposition vorläufig","source_map":"manhattan-content","source_panel":"Midtown","description_preview":"Die Aztechnology-Pyramide ist ein öffentlich teilweise zugänglicher Wohn-, Bildungs-, Einkaufs- und Bürokomplex in mittelamerikanischem Stil.","description_full":"Die Aztechnology-Pyramide ist ein öffentlich teilweise zugänglicher Wohn-, Bildungs-, Einkaufs- und Bürokomplex in mittelamerikanischem Stil. Die Position ist auf den belegten Stadt- oder Teilraum angenähert; eine hausgenaue Lage ist aus dem Datenmaterial nicht sicher ableitbar.","description_source":"Gestohlene Seelen, New Yorker Konzernidyll S. 118-147","description_kind":"Ortsprofil","description_has_more":true,"detail_plans":[],"alternate_locations":[],"sources":[{"bookId":"stolen-souls-sr5","title":"Gestohlene Seelen / Stolen Souls","edition":"SR5","citation":"Gestohlene Seelen, New Yorker Konzernidyll S. 118-147","purpose":"description"}],"map_sources":[],"editions":["SR5"],"edition_descriptions":{"SR5":{"kind":"Ortsprofil","preview":"Die Aztechnology-Pyramide ist ein öffentlich teilweise zugänglicher Wohn-, Bildungs-, Einkaufs- und Bürokomplex in mittelamerikanischem Stil.","full":"Die Aztechnology-Pyramide ist ein öffentlich teilweise zugänglicher Wohn-, Bildungs-, Einkaufs- und Bürokomplex in mittelamerikanischem Stil. Die Position ist auf den belegten Stadt- oder Teilraum angenähert; eine hausgenaue Lage ist aus dem Datenmaterial nicht sicher ableitbar.","hasMore":true,"hasExcerpt":true,"sources":[{"bookId":"stolen-souls-sr5","title":"Gestohlene Seelen / Stolen Souls","edition":"SR5","citation":"Gestohlene Seelen, New Yorker Konzernidyll S. 118-147","purpose":"description"}]}}}},{"type":"Feature","geometry":{"type":"Point","coordinates":[-73.993606,40.753051]},"properties":{"id":146,"global_id":"manhattan:place:146-baileys-pub","name":"Bailey’s Pub","aliases":[],"category":"Bars und Clubs","detail_map":"Manhattan","source_pages":"Flüsternetze - Manhattankarte, Nr. 26","map_source":"Flüsternetze","placement_note":"Nach Quellenbezug im Teilraum Manhattan angenähert","accuracy":"Teilraumzuordnung; Feinposition vorläufig","source_map":"manhattan-content","source_panel":"Manhattan","description_preview":"Bailey’s Pub ist ein in Flüsternetze belegter Schauplatz im Bereich Manhattan.","description_full":"Bailey’s Pub ist ein in Flüsternetze belegter Schauplatz im Bereich Manhattan. Die Position ist auf den belegten Stadt- oder Teilraum angenähert; eine hausgenaue Lage ist aus dem Datenmaterial nicht sicher ableitbar.","description_source":"Flüsternetze - Manhattankarte, Nr. 26","description_kind":"Ortsprofil","description_has_more":true,"detail_plans":[],"alternate_locations":[],"sources":[{"bookId":"fluesternetze-sr6","title":"Flüsternetze","edition":"SR6","citation":"Flüsternetze - Manhattankarte, Nr. 26","purpose":"description"}],"map_sources":[],"editions":["SR6"],"edition_descriptions":{"SR6":{"kind":"Ortsprofil","preview":"Bailey’s Pub ist ein in Flüsternetze belegter Schauplatz im Bereich Manhattan.","full":"Bailey’s Pub ist ein in Flüsternetze belegter Schauplatz im Bereich Manhattan. Die Position ist auf den belegten Stadt- oder Teilraum angenähert; eine hausgenaue Lage ist aus dem Datenmaterial nicht sicher ableitbar.","hasMore":true,"hasExcerpt":true,"sources":[{"bookId":"fluesternetze-sr6","title":"Flüsternetze","edition":"SR6","citation":"Flüsternetze - Manhattankarte, Nr. 26","purpose":"description"}]}},"map_number_sr6":26}},{"type":"Feature","geometry":{"type":"Point","coordinates":[-74.006576,40.715818]},"properties":{"id":48,"global_id":"manhattan:place:48-battery-city","name":"Battery City","aliases":[],"category":"Bezirke","detail_map":"Battery City","source_pages":"The Rotten Apple: Manhattan, Abschnitt Battery City","map_source":"The Rotten Apple: Manhattan","placement_note":"Lore-Bezirkszentrum Battery City","accuracy":"Lore-Bezirk; Grenzebene separat geprüft","source_map":"manhattan-content","source_panel":"Battery City","description_preview":"Battery City am Südende dient vor allem als enges Wohngebiet für kulturelle und blaukragengeprägte Konzernarbeitskräfte, deren Hausgemeinschaften eine ungewöhnlich starke lokale Identität entwickelt haben.","description_full":"Battery City am Südende dient vor allem als enges Wohngebiet für kulturelle und blaukragengeprägte Konzernarbeitskräfte, deren Hausgemeinschaften eine ungewöhnlich starke lokale Identität entwickelt haben. Die Zusammenfassung folgt dem Bezirkskapitel der angegebenen Edition; heutige Grenzen dienen nur der geografischen Einordnung.","description_source":"The Rotten Apple: Manhattan, Abschnitt Battery City","description_kind":"Bezirksprofil","description_has_more":true,"detail_plans":[],"alternate_locations":[],"sources":[{"bookId":"rotten-apple-sr4","title":"The Rotten Apple: Manhattan","edition":"SR4","citation":"The Rotten Apple: Manhattan, Abschnitt Battery City","purpose":"description"},{"bookId":"nagna-sr1","title":"The Neo-Anarchist’s Guide to North America","edition":"SR1","citation":"The Neo-Anarchist’s Guide to North America, New York City S. 114-128","purpose":"description"},{"bookId":"stolen-souls-sr5","title":"Gestohlene Seelen / Stolen Souls","edition":"SR5","citation":"Gestohlene Seelen, New Yorker Konzernidyll S. 118-147","purpose":"description"}],"map_sources":[],"editions":["SR4","SR1","SR5"],"edition_descriptions":{"SR4":{"kind":"Bezirksprofil","preview":"Battery City am Südende dient vor allem als enges Wohngebiet für kulturelle und blaukragengeprägte Konzernarbeitskräfte, deren Hausgemeinschaften eine ungewöhnlich starke lokale Identität entwickelt haben.","full":"Battery City am Südende dient vor allem als enges Wohngebiet für kulturelle und blaukragengeprägte Konzernarbeitskräfte, deren Hausgemeinschaften eine ungewöhnlich starke lokale Identität entwickelt haben. Die Zusammenfassung folgt dem Bezirkskapitel der angegebenen Edition; heutige Grenzen dienen nur der geografischen Einordnung.","hasMore":true,"hasExcerpt":true,"sources":[{"bookId":"rotten-apple-sr4","title":"The Rotten Apple: Manhattan","edition":"SR4","citation":"The Rotten Apple: Manhattan, Abschnitt Battery City","purpose":"description"}]},"SR1":{"kind":"Bezirksprofil","preview":"Battery City ist ein verarmtes Wohngebiet am Südende Manhattans und festes Revier der Battery Boys.","full":"Battery City ist ein verarmtes Wohngebiet am Südende Manhattans und festes Revier der Battery Boys. Die Beschreibung folgt dem Lore-Stand der angegebenen Edition; die separat schaltbare Grenzebene bildet den jüngsten georeferenzierten Arbeitsstand ab.","hasMore":true,"hasExcerpt":true,"sources":[{"bookId":"nagna-sr1","title":"The Neo-Anarchist’s Guide to North America","edition":"SR1","citation":"The Neo-Anarchist’s Guide to North America, New York City S. 114-128","purpose":"description"}]},"SR5":{"kind":"Bezirksprofil","preview":"Battery City wird zum überfüllten Auffanggebiet für verdrängte Arbeiter- und Mittelschichtshaushalte und bleibt Territorium der Battery Boys.","full":"Battery City wird zum überfüllten Auffanggebiet für verdrängte Arbeiter- und Mittelschichtshaushalte und bleibt Territorium der Battery Boys. Die Beschreibung folgt dem Lore-Stand der angegebenen Edition; die separat schaltbare Grenzebene bildet den jüngsten georeferenzierten Arbeitsstand ab.","hasMore":true,"hasExcerpt":true,"sources":[{"bookId":"stolen-souls-sr5","title":"Gestohlene Seelen / Stolen Souls","edition":"SR5","citation":"Gestohlene Seelen, New Yorker Konzernidyll S. 118-147","purpose":"description"}]}}}},{"type":"Feature","geometry":{"type":"Point","coordinates":[-73.969,40.7794]},"properties":{"id":12,"global_id":"manhattan:place:12-belvedere-castle","name":"Belvedere Castle","aliases":[],"category":"Sonstige Spots","detail_map":"Central Park","source_pages":"The Rotten Apple: Manhattan, Abschnitt Central Park","map_source":"The Rotten Apple: Manhattan","placement_note":"Erhaltener geographischer Bezugspunkt","accuracy":"Geographischer Bezugspunkt","source_map":"manhattan-content","source_panel":"Central Park","description_preview":"Belvedere Castle ist ein in The Rotten Apple: Manhattan belegter Schauplatz im Bereich Central Park.","description_full":"Belvedere Castle ist ein in The Rotten Apple: Manhattan belegter Schauplatz im Bereich Central Park. Die Position folgt einem erhaltenen heutigen Bezugspunkt.","description_source":"The Rotten Apple: Manhattan, Abschnitt Central Park","description_kind":"Ortsprofil","description_has_more":true,"detail_plans":[],"alternate_locations":[],"sources":[{"bookId":"rotten-apple-sr4","title":"The Rotten Apple: Manhattan","edition":"SR4","citation":"The Rotten Apple: Manhattan, Abschnitt Central Park","purpose":"description"},{"bookId":"bloody-business-sr5","title":"Blutige Geschäfte / Bloody Business","edition":"SR5","citation":"Blutige Geschäfte, Manhattan-Schauplätze","purpose":"description"}],"map_sources":[],"editions":["SR4","SR5"],"edition_descriptions":{"SR4":{"kind":"Ortsprofil","preview":"Belvedere Castle ist ein in The Rotten Apple: Manhattan belegter Schauplatz im Bereich Central Park.","full":"Belvedere Castle ist ein in The Rotten Apple: Manhattan belegter Schauplatz im Bereich Central Park. Die Position folgt einem erhaltenen heutigen Bezugspunkt.","hasMore":true,"hasExcerpt":true,"sources":[{"bookId":"rotten-apple-sr4","title":"The Rotten Apple: Manhattan","edition":"SR4","citation":"The Rotten Apple: Manhattan, Abschnitt Central Park","purpose":"description"}]},"SR5":{"kind":"Ortsprofil","preview":"Belvedere Castle beherbergt eine Benefizveranstaltung und den Hauptsitz der Gesellschaft des Falken.","full":"Belvedere Castle beherbergt eine Benefizveranstaltung und den Hauptsitz der Gesellschaft des Falken. Die Position folgt einem erhaltenen heutigen Bezugspunkt.","hasMore":true,"hasExcerpt":true,"sources":[{"bookId":"bloody-business-sr5","title":"Blutige Geschäfte / Bloody Business","edition":"SR5","citation":"Blutige Geschäfte, Manhattan-Schauplätze","purpose":"description"}]}}}},{"type":"Feature","geometry":{"type":"Point","coordinates":[-74.00397,40.740705]},"properties":{"id":157,"global_id":"manhattan:place:157-blind-pig","name":"Blind Pig","aliases":[],"category":"Sonstige Spots","detail_map":"Villages","source_pages":"Flüsternetze, Kampagne S. 41-143","map_source":"Flüsternetze","placement_note":"Nach Quellenbezug im Teilraum Villages angenähert","accuracy":"Teilraumzuordnung; Feinposition vorläufig","source_map":"manhattan-content","source_panel":"Villages","description_preview":"Blind Pig ist ein in Flüsternetze belegter Schauplatz im Bereich Villages.","description_full":"Blind Pig ist ein in Flüsternetze belegter Schauplatz im Bereich Villages. Die Position ist auf den belegten Stadt- oder Teilraum angenähert; eine hausgenaue Lage ist aus dem Datenmaterial nicht sicher ableitbar.","description_source":"Flüsternetze, Kampagne S. 41-143","description_kind":"Ortsprofil","description_has_more":true,"detail_plans":[],"alternate_locations":[],"sources":[{"bookId":"fluesternetze-sr6","title":"Flüsternetze","edition":"SR6","citation":"Flüsternetze, Kampagne S. 41-143","purpose":"description"}],"map_sources":[],"editions":["SR6"],"edition_descriptions":{"SR6":{"kind":"Ortsprofil","preview":"Blind Pig ist ein in Flüsternetze belegter Schauplatz im Bereich Villages.","full":"Blind Pig ist ein in Flüsternetze belegter Schauplatz im Bereich Villages. Die Position ist auf den belegten Stadt- oder Teilraum angenähert; eine hausgenaue Lage ist aus dem Datenmaterial nicht sicher ableitbar.","hasMore":true,"hasExcerpt":true,"sources":[{"bookId":"fluesternetze-sr6","title":"Flüsternetze","edition":"SR6","citation":"Flüsternetze, Kampagne S. 41-143","purpose":"description"}]}}}},{"type":"Feature","geometry":{"type":"Point","coordinates":[-74.014622,40.719207]},"properties":{"id":26,"global_id":"manhattan:place:26-bowling-green","name":"Bowling Green","aliases":[],"category":"Sonstige Spots","detail_map":"Downtown","source_pages":"The Rotten Apple: Manhattan, Abschnitt Downtown","map_source":"The Rotten Apple: Manhattan","placement_note":"Nach Quellenbezug im Teilraum Downtown angenähert","accuracy":"Teilraumzuordnung; Feinposition vorläufig","source_map":"manhattan-content","source_panel":"Downtown","description_preview":"Bowling Green ist ein in The Rotten Apple: Manhattan belegter Schauplatz im Bereich Downtown.","description_full":"Bowling Green ist ein in The Rotten Apple: Manhattan belegter Schauplatz im Bereich Downtown. Die Position ist auf den belegten Stadt- oder Teilraum angenähert; eine hausgenaue Lage ist aus dem Datenmaterial nicht sicher ableitbar.","description_source":"The Rotten Apple: Manhattan, Abschnitt Downtown","description_kind":"Ortsprofil","description_has_more":true,"detail_plans":[],"alternate_locations":[],"sources":[{"bookId":"rotten-apple-sr4","title":"The Rotten Apple: Manhattan","edition":"SR4","citation":"The Rotten Apple: Manhattan, Abschnitt Downtown","purpose":"description"}],"map_sources":[],"editions":["SR4"],"edition_descriptions":{"SR4":{"kind":"Ortsprofil","preview":"Bowling Green ist ein in The Rotten Apple: Manhattan belegter Schauplatz im Bereich Downtown.","full":"Bowling Green ist ein in The Rotten Apple: Manhattan belegter Schauplatz im Bereich Downtown. Die Position ist auf den belegten Stadt- oder Teilraum angenähert; eine hausgenaue Lage ist aus dem Datenmaterial nicht sicher ableitbar.","hasMore":true,"hasExcerpt":true,"sources":[{"bookId":"rotten-apple-sr4","title":"The Rotten Apple: Manhattan","edition":"SR4","citation":"The Rotten Apple: Manhattan, Abschnitt Downtown","purpose":"description"}]}}}},{"type":"Feature","geometry":{"type":"Point","coordinates":[-73.980939,40.749958]},"properties":{"id":112,"global_id":"manhattan:place:112-brooklyn-bridge","name":"Brooklyn Bridge","aliases":[],"category":"Verkehr","detail_map":"Manhattan","source_pages":"Burning Bridges, Schauplätze","map_source":"Shadowrun Missions Season 3","placement_note":"Nach Quellenbezug im Teilraum Manhattan angenähert","accuracy":"Teilraumzuordnung; Feinposition vorläufig","source_map":"manhattan-content","source_panel":"Manhattan","description_preview":"Die Brooklyn Bridge ist Ziel eines Sabotageplans, der einen Neubauvertrag erzwingen soll.","description_full":"Die Brooklyn Bridge ist Ziel eines Sabotageplans, der einen Neubauvertrag erzwingen soll. Die Position ist auf den belegten Stadt- oder Teilraum angenähert; eine hausgenaue Lage ist aus dem Datenmaterial nicht sicher ableitbar.","description_source":"Burning Bridges, Schauplätze","description_kind":"Ortsprofil","description_has_more":true,"detail_plans":[],"alternate_locations":[],"sources":[{"bookId":"srm03-sr4","title":"Shadowrun Missions Season 3","edition":"SR4","citation":"Burning Bridges, Schauplätze","purpose":"description"}],"map_sources":[],"editions":["SR4"],"edition_descriptions":{"SR4":{"kind":"Ortsprofil","preview":"Die Brooklyn Bridge ist Ziel eines Sabotageplans, der einen Neubauvertrag erzwingen soll.","full":"Die Brooklyn Bridge ist Ziel eines Sabotageplans, der einen Neubauvertrag erzwingen soll. Die Position ist auf den belegten Stadt- oder Teilraum angenähert; eine hausgenaue Lage ist aus dem Datenmaterial nicht sicher ableitbar.","hasMore":true,"hasExcerpt":true,"sources":[{"bookId":"srm03-sr4","title":"Shadowrun Missions Season 3","edition":"SR4","citation":"Burning Bridges, Schauplätze","purpose":"description"}]}}}},{"type":"Feature","geometry":{"type":"Point","coordinates":[-73.995041,40.72346]},"properties":{"id":39,"global_id":"manhattan:place:39-c-squat","name":"C-Squat","aliases":[],"category":"Sonstige Spots","detail_map":"Heritage","source_pages":"The Rotten Apple: Manhattan, Abschnitt Heritage","map_source":"The Rotten Apple: Manhattan","placement_note":"Nach Quellenbezug im Teilraum Heritage angenähert","accuracy":"Teilraumzuordnung; Feinposition vorläufig","source_map":"manhattan-content","source_panel":"Heritage","description_preview":"C-Squat ist ein in The Rotten Apple: Manhattan belegter Schauplatz im Bereich Heritage.","description_full":"C-Squat ist ein in The Rotten Apple: Manhattan belegter Schauplatz im Bereich Heritage. Die Position ist auf den belegten Stadt- oder Teilraum angenähert; eine hausgenaue Lage ist aus dem Datenmaterial nicht sicher ableitbar.","description_source":"The Rotten Apple: Manhattan, Abschnitt Heritage","description_kind":"Ortsprofil","description_has_more":true,"detail_plans":[],"alternate_locations":[],"sources":[{"bookId":"rotten-apple-sr4","title":"The Rotten Apple: Manhattan","edition":"SR4","citation":"The Rotten Apple: Manhattan, Abschnitt Heritage","purpose":"description"}],"map_sources":[],"editions":["SR4"],"edition_descriptions":{"SR4":{"kind":"Ortsprofil","preview":"C-Squat ist ein in The Rotten Apple: Manhattan belegter Schauplatz im Bereich Heritage.","full":"C-Squat ist ein in The Rotten Apple: Manhattan belegter Schauplatz im Bereich Heritage. Die Position ist auf den belegten Stadt- oder Teilraum angenähert; eine hausgenaue Lage ist aus dem Datenmaterial nicht sicher ableitbar.","hasMore":true,"hasExcerpt":true,"sources":[{"bookId":"rotten-apple-sr4","title":"The Rotten Apple: Manhattan","edition":"SR4","citation":"The Rotten Apple: Manhattan, Abschnitt Heritage","purpose":"description"}]}}}},{"type":"Feature","geometry":{"type":"Point","coordinates":[-73.981405,40.7535]},"properties":{"id":121,"global_id":"manhattan:place:121-canaan-on-the-water","name":"Canaan-on-the-Water","aliases":[],"category":"Matrix und Metaplanes","detail_map":"Manhattan","source_pages":"Something Completely Different, Schauplätze","map_source":"Shadowrun Missions Season 3","placement_note":"Nach Quellenbezug im Teilraum Manhattan angenähert","accuracy":"Teilraumzuordnung; Feinposition vorläufig","source_map":"manhattan-content","source_panel":"Manhattan","description_preview":"Canaan-on-the-Water ist der metaplanare Zielraum der Astralqueste gegen Mister Dada.","description_full":"Canaan-on-the-Water ist der metaplanare Zielraum der Astralqueste gegen Mister Dada. Die Position ist auf den belegten Stadt- oder Teilraum angenähert; eine hausgenaue Lage ist aus dem Datenmaterial nicht sicher ableitbar.","description_source":"Something Completely Different, Schauplätze","description_kind":"Ortsprofil","description_has_more":true,"detail_plans":[],"alternate_locations":[],"sources":[{"bookId":"srm03-sr4","title":"Shadowrun Missions Season 3","edition":"SR4","citation":"Something Completely Different, Schauplätze","purpose":"description"}],"map_sources":[],"editions":["SR4"],"edition_descriptions":{"SR4":{"kind":"Ortsprofil","preview":"Canaan-on-the-Water ist der metaplanare Zielraum der Astralqueste gegen Mister Dada.","full":"Canaan-on-the-Water ist der metaplanare Zielraum der Astralqueste gegen Mister Dada. Die Position ist auf den belegten Stadt- oder Teilraum angenähert; eine hausgenaue Lage ist aus dem Datenmaterial nicht sicher ableitbar.","hasMore":true,"hasExcerpt":true,"sources":[{"bookId":"srm03-sr4","title":"Shadowrun Missions Season 3","edition":"SR4","citation":"Something Completely Different, Schauplätze","purpose":"description"}]}}}},{"type":"Feature","geometry":{"type":"Point","coordinates":[-74.0168,40.7034]},"properties":{"id":50,"global_id":"manhattan:place:50-castle-clinton","name":"Castle Clinton","aliases":[],"category":"Sonstige Spots","detail_map":"Battery City","source_pages":"The Rotten Apple: Manhattan, Abschnitt Battery City","map_source":"The Rotten Apple: Manhattan","placement_note":"Erhaltener geographischer Bezugspunkt","accuracy":"Geographischer Bezugspunkt","source_map":"manhattan-content","source_panel":"Battery City","description_preview":"Castle Clinton ist ein in The Rotten Apple: Manhattan belegter Schauplatz im Bereich Battery City.","description_full":"Castle Clinton ist ein in The Rotten Apple: Manhattan belegter Schauplatz im Bereich Battery City. Die Position folgt einem erhaltenen heutigen Bezugspunkt.","description_source":"The Rotten Apple: Manhattan, Abschnitt Battery City","description_kind":"Ortsprofil","description_has_more":true,"detail_plans":[],"alternate_locations":[],"sources":[{"bookId":"rotten-apple-sr4","title":"The Rotten Apple: Manhattan","edition":"SR4","citation":"The Rotten Apple: Manhattan, Abschnitt Battery City","purpose":"description"}],"map_sources":[],"editions":["SR4"],"edition_descriptions":{"SR4":{"kind":"Ortsprofil","preview":"Castle Clinton ist ein in The Rotten Apple: Manhattan belegter Schauplatz im Bereich Battery City.","full":"Castle Clinton ist ein in The Rotten Apple: Manhattan belegter Schauplatz im Bereich Battery City. Die Position folgt einem erhaltenen heutigen Bezugspunkt.","hasMore":true,"hasExcerpt":true,"sources":[{"bookId":"rotten-apple-sr4","title":"The Rotten Apple: Manhattan","edition":"SR4","citation":"The Rotten Apple: Manhattan, Abschnitt Battery City","purpose":"description"}]}}}},{"type":"Feature","geometry":{"type":"Point","coordinates":[-73.9654,40.7829]},"properties":{"id":11,"global_id":"manhattan:place:11-central-park","name":"Central Park","aliases":[],"category":"Bezirke","detail_map":"Central Park","source_pages":"The Rotten Apple: Manhattan, Abschnitt Central Park","map_source":"The Rotten Apple: Manhattan","placement_note":"Lore-Bezirkszentrum Central Park","accuracy":"Lore-Bezirk; Grenzebene separat geprüft","source_map":"manhattan-content","source_panel":"Central Park","description_preview":"Central Park ist eine von Shiawase gepflegte Naturkulisse unter permanenter PAN- und Drohnenkontrolle; die angrenzenden Luxusstreifen dienen Konzerneliten und repräsentativen Veranstaltungen.","description_full":"Central Park ist eine von Shiawase gepflegte Naturkulisse unter permanenter PAN- und Drohnenkontrolle; die angrenzenden Luxusstreifen dienen Konzerneliten und repräsentativen Veranstaltungen. Die Zusammenfassung folgt dem Bezirkskapitel der angegebenen Edition; heutige Grenzen dienen nur der geografischen Einordnung.","description_source":"The Rotten Apple: Manhattan, Abschnitt Central Park","description_kind":"Bezirksprofil","description_has_more":true,"detail_plans":[],"alternate_locations":[],"sources":[{"bookId":"rotten-apple-sr4","title":"The Rotten Apple: Manhattan","edition":"SR4","citation":"The Rotten Apple: Manhattan, Abschnitt Central Park","purpose":"description"},{"bookId":"nagna-sr1","title":"The Neo-Anarchist’s Guide to North America","edition":"SR1","citation":"The Neo-Anarchist’s Guide to North America, New York City S. 114-128","purpose":"description"},{"bookId":"stolen-souls-sr5","title":"Gestohlene Seelen / Stolen Souls","edition":"SR5","citation":"Gestohlene Seelen, New Yorker Konzernidyll S. 118-147","purpose":"description"}],"map_sources":[],"editions":["SR4","SR1","SR5"],"edition_descriptions":{"SR4":{"kind":"Bezirksprofil","preview":"Central Park ist eine von Shiawase gepflegte Naturkulisse unter permanenter PAN- und Drohnenkontrolle; die angrenzenden Luxusstreifen dienen Konzerneliten und repräsentativen Veranstaltungen.","full":"Central Park ist eine von Shiawase gepflegte Naturkulisse unter permanenter PAN- und Drohnenkontrolle; die angrenzenden Luxusstreifen dienen Konzerneliten und repräsentativen Veranstaltungen. Die Zusammenfassung folgt dem Bezirkskapitel der angegebenen Edition; heutige Grenzen dienen nur der geografischen Einordnung.","hasMore":true,"hasExcerpt":true,"sources":[{"bookId":"rotten-apple-sr4","title":"The Rotten Apple: Manhattan","edition":"SR4","citation":"The Rotten Apple: Manhattan, Abschnitt Central Park","purpose":"description"}]},"SR1":{"kind":"Bezirksprofil","preview":"Die Wohnstreifen östlich und westlich des Central Park sind 2050 den reichsten und einflussreichsten Einwohnern vorbehalten und werden extrem dicht überwacht.","full":"Die Wohnstreifen östlich und westlich des Central Park sind 2050 den reichsten und einflussreichsten Einwohnern vorbehalten und werden extrem dicht überwacht. Die Beschreibung folgt dem Lore-Stand der angegebenen Edition; die separat schaltbare Grenzebene bildet den jüngsten georeferenzierten Arbeitsstand ab.","hasMore":true,"hasExcerpt":true,"sources":[{"bookId":"nagna-sr1","title":"The Neo-Anarchist’s Guide to North America","edition":"SR1","citation":"The Neo-Anarchist’s Guide to North America, New York City S. 114-128","purpose":"description"}]},"SR5":{"kind":"Bezirksprofil","preview":"Central Park und seine Luxuswohnungen bilden 2076 eine der teuersten Wohnlagen der Welt; Shiawase pflegt den Park unter engmaschiger NYPD-Überwachung.","full":"Central Park und seine Luxuswohnungen bilden 2076 eine der teuersten Wohnlagen der Welt; Shiawase pflegt den Park unter engmaschiger NYPD-Überwachung. Die Beschreibung folgt dem Lore-Stand der angegebenen Edition; die separat schaltbare Grenzebene bildet den jüngsten georeferenzierten Arbeitsstand ab.","hasMore":true,"hasExcerpt":true,"sources":[{"bookId":"stolen-souls-sr5","title":"Gestohlene Seelen / Stolen Souls","edition":"SR5","citation":"Gestohlene Seelen, New Yorker Konzernidyll S. 118-147","purpose":"description"}]}}}},{"type":"Feature","geometry":{"type":"Point","coordinates":[-73.967353,40.781215]},"properties":{"id":119,"global_id":"manhattan:place:119-central-park-aqueduct-squat","name":"Central Park Aqueduct Squat","aliases":[],"category":"Sonstige Spots","detail_map":"Central Park","source_pages":"Firestorm, Schauplätze","map_source":"Shadowrun Missions Season 3","placement_note":"Nach Quellenbezug im Teilraum Central Park angenähert","accuracy":"Teilraumzuordnung; Feinposition vorläufig","source_map":"manhattan-content","source_panel":"Central Park","description_preview":"Ein verborgener Squat in alten Wasseranlagen unter dem Central Park bildet den Kern des Firestorm-Schauplatzes.","description_full":"Ein verborgener Squat in alten Wasseranlagen unter dem Central Park bildet den Kern des Firestorm-Schauplatzes. Die Position ist auf den belegten Stadt- oder Teilraum angenähert; eine hausgenaue Lage ist aus dem Datenmaterial nicht sicher ableitbar.","description_source":"Firestorm, Schauplätze","description_kind":"Ortsprofil","description_has_more":true,"detail_plans":[],"alternate_locations":[],"sources":[{"bookId":"srm03-sr4","title":"Shadowrun Missions Season 3","edition":"SR4","citation":"Firestorm, Schauplätze","purpose":"description"}],"map_sources":[],"editions":["SR4"],"edition_descriptions":{"SR4":{"kind":"Ortsprofil","preview":"Ein verborgener Squat in alten Wasseranlagen unter dem Central Park bildet den Kern des Firestorm-Schauplatzes.","full":"Ein verborgener Squat in alten Wasseranlagen unter dem Central Park bildet den Kern des Firestorm-Schauplatzes. Die Position ist auf den belegten Stadt- oder Teilraum angenähert; eine hausgenaue Lage ist aus dem Datenmaterial nicht sicher ableitbar.","hasMore":true,"hasExcerpt":true,"sources":[{"bookId":"srm03-sr4","title":"Shadowrun Missions Season 3","edition":"SR4","citation":"Firestorm, Schauplätze","purpose":"description"}]}}}},{"type":"Feature","geometry":{"type":"Point","coordinates":[-73.994143,40.713995]},"properties":{"id":46,"global_id":"manhattan:place:46-chinatown","name":"Chinatown","aliases":[],"category":"Bezirke","detail_map":"Chinatown","source_pages":"The Rotten Apple: Manhattan, Abschnitt Chinatown","map_source":"The Rotten Apple: Manhattan","placement_note":"Lore-Bezirkszentrum Chinatown","accuracy":"Lore-Bezirk; Grenzebene separat geprüft","source_map":"manhattan-content","source_panel":"Chinatown","description_preview":"Chinatown bewahrt hinter seiner touristischen Oberfläche eine widerstandsfähige lokale Kultur, einen lebhaften Graumarkt und wichtige Verbindungen zu Triaden und Telesmahändlern.","description_full":"Chinatown bewahrt hinter seiner touristischen Oberfläche eine widerstandsfähige lokale Kultur, einen lebhaften Graumarkt und wichtige Verbindungen zu Triaden und Telesmahändlern. Die Zusammenfassung folgt dem Bezirkskapitel der angegebenen Edition; heutige Grenzen dienen nur der geografischen Einordnung.","description_source":"The Rotten Apple: Manhattan, Abschnitt Chinatown","description_kind":"Bezirksprofil","description_has_more":true,"detail_plans":[],"alternate_locations":[],"sources":[{"bookId":"rotten-apple-sr4","title":"The Rotten Apple: Manhattan","edition":"SR4","citation":"The Rotten Apple: Manhattan, Abschnitt Chinatown","purpose":"description"},{"bookId":"nagna-sr1","title":"The Neo-Anarchist’s Guide to North America","edition":"SR1","citation":"The Neo-Anarchist’s Guide to North America, New York City S. 114-128","purpose":"description"},{"bookId":"stolen-souls-sr5","title":"Gestohlene Seelen / Stolen Souls","edition":"SR5","citation":"Gestohlene Seelen, New Yorker Konzernidyll S. 118-147","purpose":"description"}],"map_sources":[],"editions":["SR4","SR1","SR5"],"edition_descriptions":{"SR4":{"kind":"Bezirksprofil","preview":"Chinatown bewahrt hinter seiner touristischen Oberfläche eine widerstandsfähige lokale Kultur, einen lebhaften Graumarkt und wichtige Verbindungen zu Triaden und Telesmahändlern.","full":"Chinatown bewahrt hinter seiner touristischen Oberfläche eine widerstandsfähige lokale Kultur, einen lebhaften Graumarkt und wichtige Verbindungen zu Triaden und Telesmahändlern. Die Zusammenfassung folgt dem Bezirkskapitel der angegebenen Edition; heutige Grenzen dienen nur der geografischen Einordnung.","hasMore":true,"hasExcerpt":true,"sources":[{"bookId":"rotten-apple-sr4","title":"The Rotten Apple: Manhattan","edition":"SR4","citation":"The Rotten Apple: Manhattan, Abschnitt Chinatown","purpose":"description"}]},"SR1":{"kind":"Bezirksprofil","preview":"Chinatown hält an eigener Bauweise und Kultur fest, widersetzt sich Aufkäufen durch Konzerne und leidet unter zahlreichen Jugendgangs.","full":"Chinatown hält an eigener Bauweise und Kultur fest, widersetzt sich Aufkäufen durch Konzerne und leidet unter zahlreichen Jugendgangs. Die Beschreibung folgt dem Lore-Stand der angegebenen Edition; die separat schaltbare Grenzebene bildet den jüngsten georeferenzierten Arbeitsstand ab.","hasMore":true,"hasExcerpt":true,"sources":[{"bookId":"nagna-sr1","title":"The Neo-Anarchist’s Guide to North America","edition":"SR1","citation":"The Neo-Anarchist’s Guide to North America, New York City S. 114-128","purpose":"description"}]},"SR5":{"kind":"Bezirksprofil","preview":"Chinatown bewahrt sein kulturelles Profil, während Glücksspiel, Schwarzmarkt, Skimmer und die Große-Kreis-Liga das kriminelle Umfeld prägen.","full":"Chinatown bewahrt sein kulturelles Profil, während Glücksspiel, Schwarzmarkt, Skimmer und die Große-Kreis-Liga das kriminelle Umfeld prägen. Die Beschreibung folgt dem Lore-Stand der angegebenen Edition; die separat schaltbare Grenzebene bildet den jüngsten georeferenzierten Arbeitsstand ab.","hasMore":true,"hasExcerpt":true,"sources":[{"bookId":"stolen-souls-sr5","title":"Gestohlene Seelen / Stolen Souls","edition":"SR5","citation":"Gestohlene Seelen, New Yorker Konzernidyll S. 118-147","purpose":"description"}]}}}},{"type":"Feature","geometry":{"type":"Point","coordinates":[-74.003835,40.721478]},"properties":{"id":28,"global_id":"manhattan:place:28-choke-points","name":"Choke Points","aliases":[],"category":"Sonstige Spots","detail_map":"Downtown","source_pages":"The Rotten Apple: Manhattan, Abschnitt Downtown","map_source":"The Rotten Apple: Manhattan","placement_note":"Nach Quellenbezug im Teilraum Downtown angenähert","accuracy":"Teilraumzuordnung; Feinposition vorläufig","source_map":"manhattan-content","source_panel":"Downtown","description_preview":"Choke Points ist ein in The Rotten Apple: Manhattan belegter Schauplatz im Bereich Downtown.","description_full":"Choke Points ist ein in The Rotten Apple: Manhattan belegter Schauplatz im Bereich Downtown. Die Position ist auf den belegten Stadt- oder Teilraum angenähert; eine hausgenaue Lage ist aus dem Datenmaterial nicht sicher ableitbar.","description_source":"The Rotten Apple: Manhattan, Abschnitt Downtown","description_kind":"Ortsprofil","description_has_more":true,"detail_plans":[],"alternate_locations":[],"sources":[{"bookId":"rotten-apple-sr4","title":"The Rotten Apple: Manhattan","edition":"SR4","citation":"The Rotten Apple: Manhattan, Abschnitt Downtown","purpose":"description"}],"map_sources":[],"editions":["SR4"],"edition_descriptions":{"SR4":{"kind":"Ortsprofil","preview":"Choke Points ist ein in The Rotten Apple: Manhattan belegter Schauplatz im Bereich Downtown.","full":"Choke Points ist ein in The Rotten Apple: Manhattan belegter Schauplatz im Bereich Downtown. Die Position ist auf den belegten Stadt- oder Teilraum angenähert; eine hausgenaue Lage ist aus dem Datenmaterial nicht sicher ableitbar.","hasMore":true,"hasExcerpt":true,"sources":[{"bookId":"rotten-apple-sr4","title":"The Rotten Apple: Manhattan","edition":"SR4","citation":"The Rotten Apple: Manhattan, Abschnitt Downtown","purpose":"description"}]}}}},{"type":"Feature","geometry":{"type":"Point","coordinates":[-73.981368,40.732293]},"properties":{"id":43,"global_id":"manhattan:place:43-city-center","name":"City Center","aliases":[],"category":"Bezirke","detail_map":"City Center","source_pages":"The Rotten Apple: Manhattan, Abschnitt City Center","map_source":"The Rotten Apple: Manhattan","placement_note":"Lore-Bezirkszentrum City Center","accuracy":"Lore-Bezirk; Grenzebene separat geprüft","source_map":"manhattan-content","source_panel":"City Center","description_preview":"City Center beherbergt Stadtverwaltung, NYPD, Gerichte und die wiederaufgebaute East Coast Stock Exchange im unmittelbaren Macht- und Matrixschatten der Towers.","description_full":"City Center beherbergt Stadtverwaltung, NYPD, Gerichte und die wiederaufgebaute East Coast Stock Exchange im unmittelbaren Macht- und Matrixschatten der Towers. Die Zusammenfassung folgt dem Bezirkskapitel der angegebenen Edition; heutige Grenzen dienen nur der geografischen Einordnung.","description_source":"The Rotten Apple: Manhattan, Abschnitt City Center","description_kind":"Bezirksprofil","description_has_more":true,"detail_plans":[],"alternate_locations":[],"sources":[{"bookId":"rotten-apple-sr4","title":"The Rotten Apple: Manhattan","edition":"SR4","citation":"The Rotten Apple: Manhattan, Abschnitt City Center","purpose":"description"},{"bookId":"nagna-sr1","title":"The Neo-Anarchist’s Guide to North America","edition":"SR1","citation":"The Neo-Anarchist’s Guide to North America, New York City S. 114-128","purpose":"description"},{"bookId":"stolen-souls-sr5","title":"Gestohlene Seelen / Stolen Souls","edition":"SR5","citation":"Gestohlene Seelen, New Yorker Konzernidyll S. 118-147","purpose":"description"}],"map_sources":[],"editions":["SR4","SR1","SR5"],"edition_descriptions":{"SR4":{"kind":"Bezirksprofil","preview":"City Center beherbergt Stadtverwaltung, NYPD, Gerichte und die wiederaufgebaute East Coast Stock Exchange im unmittelbaren Macht- und Matrixschatten der Towers.","full":"City Center beherbergt Stadtverwaltung, NYPD, Gerichte und die wiederaufgebaute East Coast Stock Exchange im unmittelbaren Macht- und Matrixschatten der Towers. Die Zusammenfassung folgt dem Bezirkskapitel der angegebenen Edition; heutige Grenzen dienen nur der geografischen Einordnung.","hasMore":true,"hasExcerpt":true,"sources":[{"bookId":"rotten-apple-sr4","title":"The Rotten Apple: Manhattan","edition":"SR4","citation":"The Rotten Apple: Manhattan, Abschnitt City Center","purpose":"description"}]},"SR1":{"kind":"Bezirksprofil","preview":"City Center enthält Rathaus, Gerichte, UCAS-Behörden und diplomatische Einrichtungen außerhalb der exklusivsten Konzernzonen.","full":"City Center enthält Rathaus, Gerichte, UCAS-Behörden und diplomatische Einrichtungen außerhalb der exklusivsten Konzernzonen. Die Beschreibung folgt dem Lore-Stand der angegebenen Edition; die separat schaltbare Grenzebene bildet den jüngsten georeferenzierten Arbeitsstand ab.","hasMore":true,"hasExcerpt":true,"sources":[{"bookId":"nagna-sr1","title":"The Neo-Anarchist’s Guide to North America","edition":"SR1","citation":"The Neo-Anarchist’s Guide to North America, New York City S. 114-128","purpose":"description"}]},"SR5":{"kind":"Bezirksprofil","preview":"City Center bündelt Rathaus, Gerichte, NYPD-Hauptsitz, Botschaften und die East Coast Stock Exchange.","full":"City Center bündelt Rathaus, Gerichte, NYPD-Hauptsitz, Botschaften und die East Coast Stock Exchange. Die Beschreibung folgt dem Lore-Stand der angegebenen Edition; die separat schaltbare Grenzebene bildet den jüngsten georeferenzierten Arbeitsstand ab.","hasMore":true,"hasExcerpt":true,"sources":[{"bookId":"stolen-souls-sr5","title":"Gestohlene Seelen / Stolen Souls","edition":"SR5","citation":"Gestohlene Seelen, New Yorker Konzernidyll S. 118-147","purpose":"description"}]}}}},{"type":"Feature","geometry":{"type":"Point","coordinates":[-73.993726,40.744977]},"properties":{"id":77,"global_id":"manhattan:place:77-city-hall","name":"City Hall","aliases":[],"category":"Politik und Verwaltung","detail_map":"City Center","source_pages":"The Neo-Anarchist’s Guide to North America, New York City S. 114-128","map_source":"The Neo-Anarchist’s Guide to North America","placement_note":"Nach Quellenbezug im Teilraum City Center angenähert","accuracy":"Teilraumzuordnung; Feinposition vorläufig","source_map":"manhattan-content","source_panel":"City Center","description_preview":"City Hall ist der nominelle Sitz der städtischen Regierung innerhalb der von Konzernen kontrollierten Insel.","description_full":"City Hall ist der nominelle Sitz der städtischen Regierung innerhalb der von Konzernen kontrollierten Insel. Die Position ist auf den belegten Stadt- oder Teilraum angenähert; eine hausgenaue Lage ist aus dem Datenmaterial nicht sicher ableitbar.","description_source":"The Neo-Anarchist’s Guide to North America, New York City S. 114-128","description_kind":"Ortsprofil","description_has_more":true,"detail_plans":[],"alternate_locations":[],"sources":[{"bookId":"nagna-sr1","title":"The Neo-Anarchist’s Guide to North America","edition":"SR1","citation":"The Neo-Anarchist’s Guide to North America, New York City S. 114-128","purpose":"description"}],"map_sources":[],"editions":["SR1"],"edition_descriptions":{"SR1":{"kind":"Ortsprofil","preview":"City Hall ist der nominelle Sitz der städtischen Regierung innerhalb der von Konzernen kontrollierten Insel.","full":"City Hall ist der nominelle Sitz der städtischen Regierung innerhalb der von Konzernen kontrollierten Insel. Die Position ist auf den belegten Stadt- oder Teilraum angenähert; eine hausgenaue Lage ist aus dem Datenmaterial nicht sicher ableitbar.","hasMore":true,"hasExcerpt":true,"sources":[{"bookId":"nagna-sr1","title":"The Neo-Anarchist’s Guide to North America","edition":"SR1","citation":"The Neo-Anarchist’s Guide to North America, New York City S. 114-128","purpose":"description"}]}}}},{"type":"Feature","geometry":{"type":"Point","coordinates":[-73.984895,40.763959]},"properties":{"id":101,"global_id":"manhattan:place:101-club-mobius","name":"Club Möbius","aliases":[],"category":"Matrix und Metaplanes","detail_map":"Manhattan","source_pages":"Gestohlene Seelen, New Yorker Konzernidyll S. 118-147","map_source":"Gestohlene Seelen / Stolen Souls","placement_note":"Nach Quellenbezug im Teilraum Manhattan angenähert","accuracy":"Teilraumzuordnung; Feinposition vorläufig","source_map":"manhattan-content","source_panel":"Manhattan","description_preview":"Club Möbius ist ein nur auf Einladung zugänglicher virtueller Treffpunkt für Decker, Technomancer und KIs.","description_full":"Club Möbius ist ein nur auf Einladung zugänglicher virtueller Treffpunkt für Decker, Technomancer und KIs. Die Position ist auf den belegten Stadt- oder Teilraum angenähert; eine hausgenaue Lage ist aus dem Datenmaterial nicht sicher ableitbar.","description_source":"Gestohlene Seelen, New Yorker Konzernidyll S. 118-147","description_kind":"Ortsprofil","description_has_more":true,"detail_plans":[],"alternate_locations":[],"sources":[{"bookId":"stolen-souls-sr5","title":"Gestohlene Seelen / Stolen Souls","edition":"SR5","citation":"Gestohlene Seelen, New Yorker Konzernidyll S. 118-147","purpose":"description"}],"map_sources":[],"editions":["SR5"],"edition_descriptions":{"SR5":{"kind":"Ortsprofil","preview":"Club Möbius ist ein nur auf Einladung zugänglicher virtueller Treffpunkt für Decker, Technomancer und KIs.","full":"Club Möbius ist ein nur auf Einladung zugänglicher virtueller Treffpunkt für Decker, Technomancer und KIs. Die Position ist auf den belegten Stadt- oder Teilraum angenähert; eine hausgenaue Lage ist aus dem Datenmaterial nicht sicher ableitbar.","hasMore":true,"hasExcerpt":true,"sources":[{"bookId":"stolen-souls-sr5","title":"Gestohlene Seelen / Stolen Souls","edition":"SR5","citation":"Gestohlene Seelen, New Yorker Konzernidyll S. 118-147","purpose":"description"}]}}}},{"type":"Feature","geometry":{"type":"Point","coordinates":[-73.9626,40.8075]},"properties":{"id":62,"global_id":"manhattan:place:62-columbia-university","name":"Columbia University","aliases":[],"category":"Bildung und Kultur","detail_map":"Washington Heights","source_pages":"The Neo-Anarchist’s Guide to North America, New York City S. 114-128","map_source":"The Neo-Anarchist’s Guide to North America","placement_note":"Erhaltener geographischer Bezugspunkt","accuracy":"Geographischer Bezugspunkt","source_map":"manhattan-content","source_panel":"Washington Heights","description_preview":"Columbia University überstand das Beben teilweise und ist 2050 besonders für Geisteswissenschaften, Wirtschaftsrecht und Parapsychologie bekannt.","description_full":"Columbia University überstand das Beben teilweise und ist 2050 besonders für Geisteswissenschaften, Wirtschaftsrecht und Parapsychologie bekannt. Die Position folgt einem erhaltenen heutigen Bezugspunkt.","description_source":"The Neo-Anarchist’s Guide to North America, New York City S. 114-128","description_kind":"Ortsprofil","description_has_more":true,"detail_plans":[],"alternate_locations":[],"sources":[{"bookId":"nagna-sr1","title":"The Neo-Anarchist’s Guide to North America","edition":"SR1","citation":"The Neo-Anarchist’s Guide to North America, New York City S. 114-128","purpose":"description"},{"bookId":"fluesternetze-sr6","title":"Flüsternetze","edition":"SR6","citation":"Flüsternetze - Manhattankarte, Nr. 24","purpose":"description"}],"map_sources":[],"editions":["SR1","SR6"],"edition_descriptions":{"SR1":{"kind":"Ortsprofil","preview":"Columbia University überstand das Beben teilweise und ist 2050 besonders für Geisteswissenschaften, Wirtschaftsrecht und Parapsychologie bekannt.","full":"Columbia University überstand das Beben teilweise und ist 2050 besonders für Geisteswissenschaften, Wirtschaftsrecht und Parapsychologie bekannt. Die Position folgt einem erhaltenen heutigen Bezugspunkt.","hasMore":true,"hasExcerpt":true,"sources":[{"bookId":"nagna-sr1","title":"The Neo-Anarchist’s Guide to North America","edition":"SR1","citation":"The Neo-Anarchist’s Guide to North America, New York City S. 114-128","purpose":"description"}]},"SR6":{"kind":"Quellennachweis","preview":"Columbia University ist für SR6 in Flüsternetze belegt.","full":"Columbia University ist für SR6 in Flüsternetze belegt. Der Eintrag wird editionsübergreifend mit demselben Ort zusammengeführt.","hasMore":true,"hasExcerpt":false,"sources":[{"bookId":"fluesternetze-sr6","title":"Flüsternetze","edition":"SR6","citation":"Flüsternetze - Manhattankarte, Nr. 24","purpose":"description"}]}},"map_number_sr6":24}},{"type":"Feature","geometry":{"type":"Point","coordinates":[-73.99455,40.743237]},"properties":{"id":160,"global_id":"manhattan:place:160-commerzbank-cafe","name":"Commerzbank-Café","aliases":[],"category":"Restaurants","detail_map":"City Center","source_pages":"Flüsternetze, Kampagne S. 41-143","map_source":"Flüsternetze","placement_note":"Nach Quellenbezug im Teilraum City Center angenähert","accuracy":"Teilraumzuordnung; Feinposition vorläufig","source_map":"manhattan-content","source_panel":"City Center","description_preview":"Commerzbank-Café ist ein in Flüsternetze belegter Schauplatz im Bereich City Center.","description_full":"Commerzbank-Café ist ein in Flüsternetze belegter Schauplatz im Bereich City Center. Die Position ist auf den belegten Stadt- oder Teilraum angenähert; eine hausgenaue Lage ist aus dem Datenmaterial nicht sicher ableitbar.","description_source":"Flüsternetze, Kampagne S. 41-143","description_kind":"Ortsprofil","description_has_more":true,"detail_plans":[],"alternate_locations":[],"sources":[{"bookId":"fluesternetze-sr6","title":"Flüsternetze","edition":"SR6","citation":"Flüsternetze, Kampagne S. 41-143","purpose":"description"}],"map_sources":[],"editions":["SR6"],"edition_descriptions":{"SR6":{"kind":"Ortsprofil","preview":"Commerzbank-Café ist ein in Flüsternetze belegter Schauplatz im Bereich City Center.","full":"Commerzbank-Café ist ein in Flüsternetze belegter Schauplatz im Bereich City Center. Die Position ist auf den belegten Stadt- oder Teilraum angenähert; eine hausgenaue Lage ist aus dem Datenmaterial nicht sicher ableitbar.","hasMore":true,"hasExcerpt":true,"sources":[{"bookId":"fluesternetze-sr6","title":"Flüsternetze","edition":"SR6","citation":"Flüsternetze, Kampagne S. 41-143","purpose":"description"}]}}}},{"type":"Feature","geometry":{"type":"Point","coordinates":[-73.99128,40.754413]},"properties":{"id":86,"global_id":"manhattan:place:86-condatis-tower","name":"Condatis Tower","aliases":[],"category":"Konzerne","detail_map":"Midtown","source_pages":"Gestohlene Seelen, New Yorker Konzernidyll S. 118-147","map_source":"Gestohlene Seelen / Stolen Souls","placement_note":"Nach Quellenbezug im Teilraum Midtown angenähert","accuracy":"Teilraumzuordnung; Feinposition vorläufig","source_map":"manhattan-content","source_panel":"Midtown","description_preview":"Condatis Tower gehört zu den markanten Konzernwahrzeichen Manhattans und beherbergt hochrangige Unternehmensfunktionen.","description_full":"Condatis Tower gehört zu den markanten Konzernwahrzeichen Manhattans und beherbergt hochrangige Unternehmensfunktionen. Die Position ist auf den belegten Stadt- oder Teilraum angenähert; eine hausgenaue Lage ist aus dem Datenmaterial nicht sicher ableitbar.","description_source":"Gestohlene Seelen, New Yorker Konzernidyll S. 118-147","description_kind":"Ortsprofil","description_has_more":true,"detail_plans":[],"alternate_locations":[],"sources":[{"bookId":"stolen-souls-sr5","title":"Gestohlene Seelen / Stolen Souls","edition":"SR5","citation":"Gestohlene Seelen, New Yorker Konzernidyll S. 118-147","purpose":"description"}],"map_sources":[],"editions":["SR5"],"edition_descriptions":{"SR5":{"kind":"Ortsprofil","preview":"Condatis Tower gehört zu den markanten Konzernwahrzeichen Manhattans und beherbergt hochrangige Unternehmensfunktionen.","full":"Condatis Tower gehört zu den markanten Konzernwahrzeichen Manhattans und beherbergt hochrangige Unternehmensfunktionen. Die Position ist auf den belegten Stadt- oder Teilraum angenähert; eine hausgenaue Lage ist aus dem Datenmaterial nicht sicher ableitbar.","hasMore":true,"hasExcerpt":true,"sources":[{"bookId":"stolen-souls-sr5","title":"Gestohlene Seelen / Stolen Souls","edition":"SR5","citation":"Gestohlene Seelen, New Yorker Konzernidyll S. 118-147","purpose":"description"}]}}}},{"type":"Feature","geometry":{"type":"Point","coordinates":[-73.979586,40.764423]},"properties":{"id":144,"global_id":"manhattan:place:144-corner-swing","name":"Corner Swing","aliases":[],"category":"Sonstige Spots","detail_map":"Manhattan","source_pages":"Flüsternetze - Manhattankarte, Nr. 23","map_source":"Flüsternetze","placement_note":"Nach Quellenbezug im Teilraum Manhattan angenähert","accuracy":"Teilraumzuordnung; Feinposition vorläufig","source_map":"manhattan-content","source_panel":"Manhattan","description_preview":"Corner Swing ist ein in Flüsternetze belegter Schauplatz im Bereich Manhattan.","description_full":"Corner Swing ist ein in Flüsternetze belegter Schauplatz im Bereich Manhattan. Die Position ist auf den belegten Stadt- oder Teilraum angenähert; eine hausgenaue Lage ist aus dem Datenmaterial nicht sicher ableitbar.","description_source":"Flüsternetze - Manhattankarte, Nr. 23","description_kind":"Ortsprofil","description_has_more":true,"detail_plans":[],"alternate_locations":[],"sources":[{"bookId":"fluesternetze-sr6","title":"Flüsternetze","edition":"SR6","citation":"Flüsternetze - Manhattankarte, Nr. 23","purpose":"description"}],"map_sources":[],"editions":["SR6"],"edition_descriptions":{"SR6":{"kind":"Ortsprofil","preview":"Corner Swing ist ein in Flüsternetze belegter Schauplatz im Bereich Manhattan.","full":"Corner Swing ist ein in Flüsternetze belegter Schauplatz im Bereich Manhattan. Die Position ist auf den belegten Stadt- oder Teilraum angenähert; eine hausgenaue Lage ist aus dem Datenmaterial nicht sicher ableitbar.","hasMore":true,"hasExcerpt":true,"sources":[{"bookId":"fluesternetze-sr6","title":"Flüsternetze","edition":"SR6","citation":"Flüsternetze - Manhattankarte, Nr. 23","purpose":"description"}]}},"map_number_sr6":23}},{"type":"Feature","geometry":{"type":"Point","coordinates":[-73.996033,40.711565]},"properties":{"id":34,"global_id":"manhattan:place:34-corson-place-hotel","name":"Corson Place Hotel","aliases":[],"category":"Hotels","detail_map":"Southside","source_pages":"The Rotten Apple: Manhattan, Abschnitt Southside","map_source":"The Rotten Apple: Manhattan","placement_note":"Nach Quellenbezug im Teilraum Southside angenähert","accuracy":"Teilraumzuordnung; Feinposition vorläufig","source_map":"manhattan-content","source_panel":"Southside","description_preview":"Corson Place Hotel ist ein in The Rotten Apple: Manhattan belegter Schauplatz im Bereich Southside.","description_full":"Corson Place Hotel ist ein in The Rotten Apple: Manhattan belegter Schauplatz im Bereich Southside. Die Position ist auf den belegten Stadt- oder Teilraum angenähert; eine hausgenaue Lage ist aus dem Datenmaterial nicht sicher ableitbar.","description_source":"The Rotten Apple: Manhattan, Abschnitt Southside","description_kind":"Ortsprofil","description_has_more":true,"detail_plans":[],"alternate_locations":[],"sources":[{"bookId":"rotten-apple-sr4","title":"The Rotten Apple: Manhattan","edition":"SR4","citation":"The Rotten Apple: Manhattan, Abschnitt Southside","purpose":"description"},{"bookId":"srm03-sr4","title":"Shadowrun Missions Season 3","edition":"SR4","citation":"Block War, Schauplätze","purpose":"description"}],"map_sources":[],"editions":["SR4"],"edition_descriptions":{"SR4":{"kind":"Ortsprofil","preview":"Das Corson Place Hotel stellt Konferenzräume für kurzfristige Geschäftstreffen und dient Klubbs als neutraler Treffpunkt.","full":"Das Corson Place Hotel stellt Konferenzräume für kurzfristige Geschäftstreffen und dient Klubbs als neutraler Treffpunkt. Die Position ist auf den belegten Stadt- oder Teilraum angenähert; eine hausgenaue Lage ist aus dem Datenmaterial nicht sicher ableitbar.","hasMore":true,"hasExcerpt":true,"sources":[{"bookId":"rotten-apple-sr4","title":"The Rotten Apple: Manhattan","edition":"SR4","citation":"The Rotten Apple: Manhattan, Abschnitt Southside","purpose":"description"},{"bookId":"srm03-sr4","title":"Shadowrun Missions Season 3","edition":"SR4","citation":"Block War, Schauplätze","purpose":"description"}]}}}},{"type":"Feature","geometry":{"type":"Point","coordinates":[-73.987188,40.737806]},"properties":{"id":78,"global_id":"manhattan:place:78-criminal-courts","name":"Criminal Courts","aliases":[],"category":"Sicherheit und Justiz","detail_map":"City Center","source_pages":"The Neo-Anarchist’s Guide to North America, New York City S. 114-128","map_source":"The Neo-Anarchist’s Guide to North America","placement_note":"Nach Quellenbezug im Teilraum City Center angenähert","accuracy":"Teilraumzuordnung; Feinposition vorläufig","source_map":"manhattan-content","source_panel":"City Center","description_preview":"Die Strafgerichte liegen gemeinsam mit weiteren UCAS- und Stadtbehörden in City Center.","description_full":"Die Strafgerichte liegen gemeinsam mit weiteren UCAS- und Stadtbehörden in City Center. Die Position ist auf den belegten Stadt- oder Teilraum angenähert; eine hausgenaue Lage ist aus dem Datenmaterial nicht sicher ableitbar.","description_source":"The Neo-Anarchist’s Guide to North America, New York City S. 114-128","description_kind":"Ortsprofil","description_has_more":true,"detail_plans":[],"alternate_locations":[],"sources":[{"bookId":"nagna-sr1","title":"The Neo-Anarchist’s Guide to North America","edition":"SR1","citation":"The Neo-Anarchist’s Guide to North America, New York City S. 114-128","purpose":"description"}],"map_sources":[],"editions":["SR1"],"edition_descriptions":{"SR1":{"kind":"Ortsprofil","preview":"Die Strafgerichte liegen gemeinsam mit weiteren UCAS- und Stadtbehörden in City Center.","full":"Die Strafgerichte liegen gemeinsam mit weiteren UCAS- und Stadtbehörden in City Center. Die Position ist auf den belegten Stadt- oder Teilraum angenähert; eine hausgenaue Lage ist aus dem Datenmaterial nicht sicher ableitbar.","hasMore":true,"hasExcerpt":true,"sources":[{"bookId":"nagna-sr1","title":"The Neo-Anarchist’s Guide to North America","edition":"SR1","citation":"The Neo-Anarchist’s Guide to North America, New York City S. 114-128","purpose":"description"}]}}}},{"type":"Feature","geometry":{"type":"Point","coordinates":[-73.977867,40.759223]},"properties":{"id":147,"global_id":"manhattan:place:147-das-oktagon","name":"Das Oktagon","aliases":[],"category":"Sonstige Spots","detail_map":"Manhattan","source_pages":"Flüsternetze - Manhattankarte, Nr. 27","map_source":"Flüsternetze","placement_note":"Nach Quellenbezug im Teilraum Manhattan angenähert","accuracy":"Teilraumzuordnung; Feinposition vorläufig","source_map":"manhattan-content","source_panel":"Manhattan","description_preview":"Das Oktagon ist ein in Flüsternetze belegter Schauplatz im Bereich Manhattan.","description_full":"Das Oktagon ist ein in Flüsternetze belegter Schauplatz im Bereich Manhattan. Die Position ist auf den belegten Stadt- oder Teilraum angenähert; eine hausgenaue Lage ist aus dem Datenmaterial nicht sicher ableitbar.","description_source":"Flüsternetze - Manhattankarte, Nr. 27","description_kind":"Ortsprofil","description_has_more":true,"detail_plans":[],"alternate_locations":[],"sources":[{"bookId":"fluesternetze-sr6","title":"Flüsternetze","edition":"SR6","citation":"Flüsternetze - Manhattankarte, Nr. 27","purpose":"description"}],"map_sources":[],"editions":["SR6"],"edition_descriptions":{"SR6":{"kind":"Ortsprofil","preview":"Das Oktagon ist ein in Flüsternetze belegter Schauplatz im Bereich Manhattan.","full":"Das Oktagon ist ein in Flüsternetze belegter Schauplatz im Bereich Manhattan. Die Position ist auf den belegten Stadt- oder Teilraum angenähert; eine hausgenaue Lage ist aus dem Datenmaterial nicht sicher ableitbar.","hasMore":true,"hasExcerpt":true,"sources":[{"bookId":"fluesternetze-sr6","title":"Flüsternetze","edition":"SR6","citation":"Flüsternetze - Manhattankarte, Nr. 27","purpose":"description"}]}},"map_number_sr6":27}},{"type":"Feature","geometry":{"type":"Point","coordinates":[-73.989538,40.752611]},"properties":{"id":108,"global_id":"manhattan:place:108-deltonas-penthouse","name":"Deltona’s Penthouse","aliases":[],"category":"Hotels","detail_map":"Midtown","source_pages":"Ready, Set, Gogh!, Schauplätze","map_source":"Shadowrun Missions Season 3","placement_note":"Nach Quellenbezug im Teilraum Midtown angenähert","accuracy":"Teilraumzuordnung; Feinposition vorläufig","source_map":"manhattan-content","source_panel":"Midtown","description_preview":"Gary Deltonas Penthouse beherbergt seine private Sammlung transgener Kunst und wird Ziel eines zweiten Einbruchs.","description_full":"Gary Deltonas Penthouse beherbergt seine private Sammlung transgener Kunst und wird Ziel eines zweiten Einbruchs. Die Position ist auf den belegten Stadt- oder Teilraum angenähert; eine hausgenaue Lage ist aus dem Datenmaterial nicht sicher ableitbar.","description_source":"Ready, Set, Gogh!, Schauplätze","description_kind":"Ortsprofil","description_has_more":true,"detail_plans":[],"alternate_locations":[],"sources":[{"bookId":"srm03-sr4","title":"Shadowrun Missions Season 3","edition":"SR4","citation":"Ready, Set, Gogh!, Schauplätze","purpose":"description"}],"map_sources":[],"editions":["SR4"],"edition_descriptions":{"SR4":{"kind":"Ortsprofil","preview":"Gary Deltonas Penthouse beherbergt seine private Sammlung transgener Kunst und wird Ziel eines zweiten Einbruchs.","full":"Gary Deltonas Penthouse beherbergt seine private Sammlung transgener Kunst und wird Ziel eines zweiten Einbruchs. Die Position ist auf den belegten Stadt- oder Teilraum angenähert; eine hausgenaue Lage ist aus dem Datenmaterial nicht sicher ableitbar.","hasMore":true,"hasExcerpt":true,"sources":[{"bookId":"srm03-sr4","title":"Shadowrun Missions Season 3","edition":"SR4","citation":"Ready, Set, Gogh!, Schauplätze","purpose":"description"}]}}}},{"type":"Feature","geometry":{"type":"Point","coordinates":[-73.992201,40.759608]},"properties":{"id":165,"global_id":"manhattan:place:165-die-fabrik","name":"Die Fabrik","aliases":[],"category":"Sonstige Spots","detail_map":"Manhattan","source_pages":"Flüsternetze, Kampagne S. 41-143","map_source":"Flüsternetze","placement_note":"Nach Quellenbezug im Teilraum Manhattan angenähert","accuracy":"Teilraumzuordnung; Feinposition vorläufig","source_map":"manhattan-content","source_panel":"Manhattan","description_preview":"Die Fabrik ist ein in Flüsternetze belegter Schauplatz im Bereich Manhattan.","description_full":"Die Fabrik ist ein in Flüsternetze belegter Schauplatz im Bereich Manhattan. Die Position ist auf den belegten Stadt- oder Teilraum angenähert; eine hausgenaue Lage ist aus dem Datenmaterial nicht sicher ableitbar.","description_source":"Flüsternetze, Kampagne S. 41-143","description_kind":"Ortsprofil","description_has_more":true,"detail_plans":[],"alternate_locations":[],"sources":[{"bookId":"fluesternetze-sr6","title":"Flüsternetze","edition":"SR6","citation":"Flüsternetze, Kampagne S. 41-143","purpose":"description"}],"map_sources":[],"editions":["SR6"],"edition_descriptions":{"SR6":{"kind":"Ortsprofil","preview":"Die Fabrik ist ein in Flüsternetze belegter Schauplatz im Bereich Manhattan.","full":"Die Fabrik ist ein in Flüsternetze belegter Schauplatz im Bereich Manhattan. Die Position ist auf den belegten Stadt- oder Teilraum angenähert; eine hausgenaue Lage ist aus dem Datenmaterial nicht sicher ableitbar.","hasMore":true,"hasExcerpt":true,"sources":[{"bookId":"fluesternetze-sr6","title":"Flüsternetze","edition":"SR6","citation":"Flüsternetze, Kampagne S. 41-143","purpose":"description"}]}}}},{"type":"Feature","geometry":{"type":"Point","coordinates":[-74.018529,40.690896]},"properties":{"id":166,"global_id":"manhattan:place:166-die-hohlen","name":"Die Höhlen","aliases":[],"category":"Sonstige Spots","detail_map":"Governors Island","source_pages":"Flüsternetze, Kampagne S. 41-143","map_source":"Flüsternetze","placement_note":"Nach Quellenbezug im Teilraum Governors Island angenähert","accuracy":"Teilraumzuordnung; Feinposition vorläufig","source_map":"manhattan-content","source_panel":"Governors Island","description_preview":"Die Höhlen ist ein in Flüsternetze belegter Schauplatz im Bereich Governors Island.","description_full":"Die Höhlen ist ein in Flüsternetze belegter Schauplatz im Bereich Governors Island. Die Position ist auf den belegten Stadt- oder Teilraum angenähert; eine hausgenaue Lage ist aus dem Datenmaterial nicht sicher ableitbar.","description_source":"Flüsternetze, Kampagne S. 41-143","description_kind":"Ortsprofil","description_has_more":true,"detail_plans":[],"alternate_locations":[],"sources":[{"bookId":"fluesternetze-sr6","title":"Flüsternetze","edition":"SR6","citation":"Flüsternetze, Kampagne S. 41-143","purpose":"description"}],"map_sources":[],"editions":["SR6"],"edition_descriptions":{"SR6":{"kind":"Ortsprofil","preview":"Die Höhlen ist ein in Flüsternetze belegter Schauplatz im Bereich Governors Island.","full":"Die Höhlen ist ein in Flüsternetze belegter Schauplatz im Bereich Governors Island. Die Position ist auf den belegten Stadt- oder Teilraum angenähert; eine hausgenaue Lage ist aus dem Datenmaterial nicht sicher ableitbar.","hasMore":true,"hasExcerpt":true,"sources":[{"bookId":"fluesternetze-sr6","title":"Flüsternetze","edition":"SR6","citation":"Flüsternetze, Kampagne S. 41-143","purpose":"description"}]}}}},{"type":"Feature","geometry":{"type":"Point","coordinates":[-74.017271,40.693533]},"properties":{"id":167,"global_id":"manhattan:place:167-die-luftschleuse","name":"Die Luftschleuse","aliases":[],"category":"Sonstige Spots","detail_map":"Governors Island","source_pages":"Flüsternetze, Kampagne S. 41-143","map_source":"Flüsternetze","placement_note":"Nach Quellenbezug im Teilraum Governors Island angenähert","accuracy":"Teilraumzuordnung; Feinposition vorläufig","source_map":"manhattan-content","source_panel":"Governors Island","description_preview":"Die Luftschleuse ist ein in Flüsternetze belegter Schauplatz im Bereich Governors Island.","description_full":"Die Luftschleuse ist ein in Flüsternetze belegter Schauplatz im Bereich Governors Island. Die Position ist auf den belegten Stadt- oder Teilraum angenähert; eine hausgenaue Lage ist aus dem Datenmaterial nicht sicher ableitbar.","description_source":"Flüsternetze, Kampagne S. 41-143","description_kind":"Ortsprofil","description_has_more":true,"detail_plans":[],"alternate_locations":[],"sources":[{"bookId":"fluesternetze-sr6","title":"Flüsternetze","edition":"SR6","citation":"Flüsternetze, Kampagne S. 41-143","purpose":"description"}],"map_sources":[],"editions":["SR6"],"edition_descriptions":{"SR6":{"kind":"Ortsprofil","preview":"Die Luftschleuse ist ein in Flüsternetze belegter Schauplatz im Bereich Governors Island.","full":"Die Luftschleuse ist ein in Flüsternetze belegter Schauplatz im Bereich Governors Island. Die Position ist auf den belegten Stadt- oder Teilraum angenähert; eine hausgenaue Lage ist aus dem Datenmaterial nicht sicher ableitbar.","hasMore":true,"hasExcerpt":true,"sources":[{"bookId":"fluesternetze-sr6","title":"Flüsternetze","edition":"SR6","citation":"Flüsternetze, Kampagne S. 41-143","purpose":"description"}]}}}},{"type":"Feature","geometry":{"type":"Point","coordinates":[-73.98743,40.749604]},"properties":{"id":164,"global_id":"manhattan:place:164-die-metaebene-von-dis","name":"Die Metaebene von Dis","aliases":[],"category":"Matrix und Metaplanes","detail_map":"Manhattan","source_pages":"Flüsternetze, Kampagne S. 41-143","map_source":"Flüsternetze","placement_note":"Nach Quellenbezug im Teilraum Manhattan angenähert","accuracy":"Teilraumzuordnung; Feinposition vorläufig","source_map":"manhattan-content","source_panel":"Manhattan","description_preview":"Die Metaebene von Dis ist ein in Flüsternetze belegter Schauplatz im Bereich Manhattan.","description_full":"Die Metaebene von Dis ist ein in Flüsternetze belegter Schauplatz im Bereich Manhattan. Die Position ist auf den belegten Stadt- oder Teilraum angenähert; eine hausgenaue Lage ist aus dem Datenmaterial nicht sicher ableitbar.","description_source":"Flüsternetze, Kampagne S. 41-143","description_kind":"Ortsprofil","description_has_more":true,"detail_plans":[],"alternate_locations":[],"sources":[{"bookId":"fluesternetze-sr6","title":"Flüsternetze","edition":"SR6","citation":"Flüsternetze, Kampagne S. 41-143","purpose":"description"}],"map_sources":[],"editions":["SR6"],"edition_descriptions":{"SR6":{"kind":"Ortsprofil","preview":"Die Metaebene von Dis ist ein in Flüsternetze belegter Schauplatz im Bereich Manhattan.","full":"Die Metaebene von Dis ist ein in Flüsternetze belegter Schauplatz im Bereich Manhattan. Die Position ist auf den belegten Stadt- oder Teilraum angenähert; eine hausgenaue Lage ist aus dem Datenmaterial nicht sicher ableitbar.","hasMore":true,"hasExcerpt":true,"sources":[{"bookId":"fluesternetze-sr6","title":"Flüsternetze","edition":"SR6","citation":"Flüsternetze, Kampagne S. 41-143","purpose":"description"}]}}}},{"type":"Feature","geometry":{"type":"Point","coordinates":[-73.981191,40.75427]},"properties":{"id":139,"global_id":"manhattan:place:139-dump-sh0ck","name":"Dump Sh0ck","aliases":[],"category":"Sonstige Spots","detail_map":"Manhattan","source_pages":"Flüsternetze - Manhattankarte, Nr. 18","map_source":"Flüsternetze","placement_note":"Nach Quellenbezug im Teilraum Manhattan angenähert","accuracy":"Teilraumzuordnung; Feinposition vorläufig","source_map":"manhattan-content","source_panel":"Manhattan","description_preview":"Dump Sh0ck ist ein in Flüsternetze belegter Schauplatz im Bereich Manhattan.","description_full":"Dump Sh0ck ist ein in Flüsternetze belegter Schauplatz im Bereich Manhattan. Die Position ist auf den belegten Stadt- oder Teilraum angenähert; eine hausgenaue Lage ist aus dem Datenmaterial nicht sicher ableitbar.","description_source":"Flüsternetze - Manhattankarte, Nr. 18","description_kind":"Ortsprofil","description_has_more":true,"detail_plans":[],"alternate_locations":[],"sources":[{"bookId":"fluesternetze-sr6","title":"Flüsternetze","edition":"SR6","citation":"Flüsternetze - Manhattankarte, Nr. 18","purpose":"description"}],"map_sources":[],"editions":["SR6"],"edition_descriptions":{"SR6":{"kind":"Ortsprofil","preview":"Dump Sh0ck ist ein in Flüsternetze belegter Schauplatz im Bereich Manhattan.","full":"Dump Sh0ck ist ein in Flüsternetze belegter Schauplatz im Bereich Manhattan. Die Position ist auf den belegten Stadt- oder Teilraum angenähert; eine hausgenaue Lage ist aus dem Datenmaterial nicht sicher ableitbar.","hasMore":true,"hasExcerpt":true,"sources":[{"bookId":"fluesternetze-sr6","title":"Flüsternetze","edition":"SR6","citation":"Flüsternetze - Manhattankarte, Nr. 18","purpose":"description"}]}},"map_number_sr6":18}},{"type":"Feature","geometry":{"type":"Point","coordinates":[-73.986301,40.745608]},"properties":{"id":44,"global_id":"manhattan:place:44-east-coast-stock-exchange","name":"East Coast Stock Exchange","aliases":[],"category":"Sonstige Spots","detail_map":"City Center","source_pages":"The Rotten Apple: Manhattan, Abschnitt City Center","map_source":"The Rotten Apple: Manhattan","placement_note":"Nach Quellenbezug im Teilraum City Center angenähert","accuracy":"Teilraumzuordnung; Feinposition vorläufig","source_map":"manhattan-content","source_panel":"City Center","description_preview":"East Coast Stock Exchange ist ein in The Rotten Apple: Manhattan belegter Schauplatz im Bereich City Center.","description_full":"East Coast Stock Exchange ist ein in The Rotten Apple: Manhattan belegter Schauplatz im Bereich City Center. Die Position ist auf den belegten Stadt- oder Teilraum angenähert; eine hausgenaue Lage ist aus dem Datenmaterial nicht sicher ableitbar.","description_source":"The Rotten Apple: Manhattan, Abschnitt City Center","description_kind":"Ortsprofil","description_has_more":true,"detail_plans":[],"alternate_locations":[],"sources":[{"bookId":"rotten-apple-sr4","title":"The Rotten Apple: Manhattan","edition":"SR4","citation":"The Rotten Apple: Manhattan, Abschnitt City Center","purpose":"description"},{"bookId":"stolen-souls-sr5","title":"Gestohlene Seelen / Stolen Souls","edition":"SR5","citation":"Gestohlene Seelen, New Yorker Konzernidyll S. 118-147","purpose":"description"}],"map_sources":[],"editions":["SR4","SR5"],"edition_descriptions":{"SR4":{"kind":"Ortsprofil","preview":"East Coast Stock Exchange ist ein in The Rotten Apple: Manhattan belegter Schauplatz im Bereich City Center.","full":"East Coast Stock Exchange ist ein in The Rotten Apple: Manhattan belegter Schauplatz im Bereich City Center. Die Position ist auf den belegten Stadt- oder Teilraum angenähert; eine hausgenaue Lage ist aus dem Datenmaterial nicht sicher ableitbar.","hasMore":true,"hasExcerpt":true,"sources":[{"bookId":"rotten-apple-sr4","title":"The Rotten Apple: Manhattan","edition":"SR4","citation":"The Rotten Apple: Manhattan, Abschnitt City Center","purpose":"description"}]},"SR5":{"kind":"Ortsprofil","preview":"Die East Coast Stock Exchange steht am historischen Börsenplatz und betreibt einen der bestgesicherten Finanzhosts Nordamerikas.","full":"Die East Coast Stock Exchange steht am historischen Börsenplatz und betreibt einen der bestgesicherten Finanzhosts Nordamerikas. Die Position ist auf den belegten Stadt- oder Teilraum angenähert; eine hausgenaue Lage ist aus dem Datenmaterial nicht sicher ableitbar.","hasMore":true,"hasExcerpt":true,"sources":[{"bookId":"stolen-souls-sr5","title":"Gestohlene Seelen / Stolen Souls","edition":"SR5","citation":"Gestohlene Seelen, New Yorker Konzernidyll S. 118-147","purpose":"description"}]}}}},{"type":"Feature","geometry":{"type":"Point","coordinates":[-73.988934,40.751701]},"properties":{"id":71,"global_id":"manhattan:place:71-eastern-financial","name":"Eastern Financial","aliases":[],"category":"Konzerne","detail_map":"Midtown","source_pages":"The Neo-Anarchist’s Guide to North America, New York City S. 114-128","map_source":"The Neo-Anarchist’s Guide to North America","placement_note":"Nach Quellenbezug im Teilraum Midtown angenähert","accuracy":"Teilraumzuordnung; Feinposition vorläufig","source_map":"manhattan-content","source_panel":"Midtown","description_preview":"Eastern Financial gehört zu den prägenden Finanzkonzernen des Midtown-Kerns.","description_full":"Eastern Financial gehört zu den prägenden Finanzkonzernen des Midtown-Kerns. Die Position ist auf den belegten Stadt- oder Teilraum angenähert; eine hausgenaue Lage ist aus dem Datenmaterial nicht sicher ableitbar.","description_source":"The Neo-Anarchist’s Guide to North America, New York City S. 114-128","description_kind":"Ortsprofil","description_has_more":true,"detail_plans":[],"alternate_locations":[],"sources":[{"bookId":"nagna-sr1","title":"The Neo-Anarchist’s Guide to North America","edition":"SR1","citation":"The Neo-Anarchist’s Guide to North America, New York City S. 114-128","purpose":"description"}],"map_sources":[],"editions":["SR1"],"edition_descriptions":{"SR1":{"kind":"Ortsprofil","preview":"Eastern Financial gehört zu den prägenden Finanzkonzernen des Midtown-Kerns.","full":"Eastern Financial gehört zu den prägenden Finanzkonzernen des Midtown-Kerns. Die Position ist auf den belegten Stadt- oder Teilraum angenähert; eine hausgenaue Lage ist aus dem Datenmaterial nicht sicher ableitbar.","hasMore":true,"hasExcerpt":true,"sources":[{"bookId":"nagna-sr1","title":"The Neo-Anarchist’s Guide to North America","edition":"SR1","citation":"The Neo-Anarchist’s Guide to North America, New York City S. 114-128","purpose":"description"}]}}}},{"type":"Feature","geometry":{"type":"Point","coordinates":[-73.990656,40.719292]},"properties":{"id":20,"global_id":"manhattan:place:20-eleemosynary-childrens-clinic","name":"Eleemosynary Children’s Clinic","aliases":[],"category":"Medizin","detail_map":"Lower East Side","source_pages":"The Rotten Apple: Manhattan, Abschnitt Lower East Side","map_source":"The Rotten Apple: Manhattan","placement_note":"Nach Quellenbezug im Teilraum Lower East Side angenähert","accuracy":"Teilraumzuordnung; Feinposition vorläufig","source_map":"manhattan-content","source_panel":"Lower East Side","description_preview":"Eleemosynary Children’s Clinic ist ein in The Rotten Apple: Manhattan belegter Schauplatz im Bereich Lower East Side.","description_full":"Eleemosynary Children’s Clinic ist ein in The Rotten Apple: Manhattan belegter Schauplatz im Bereich Lower East Side. Die Position ist auf den belegten Stadt- oder Teilraum angenähert; eine hausgenaue Lage ist aus dem Datenmaterial nicht sicher ableitbar.","description_source":"The Rotten Apple: Manhattan, Abschnitt Lower East Side","description_kind":"Ortsprofil","description_has_more":true,"detail_plans":[],"alternate_locations":[],"sources":[{"bookId":"rotten-apple-sr4","title":"The Rotten Apple: Manhattan","edition":"SR4","citation":"The Rotten Apple: Manhattan, Abschnitt Lower East Side","purpose":"description"}],"map_sources":[],"editions":["SR4"],"edition_descriptions":{"SR4":{"kind":"Ortsprofil","preview":"Eleemosynary Children’s Clinic ist ein in The Rotten Apple: Manhattan belegter Schauplatz im Bereich Lower East Side.","full":"Eleemosynary Children’s Clinic ist ein in The Rotten Apple: Manhattan belegter Schauplatz im Bereich Lower East Side. Die Position ist auf den belegten Stadt- oder Teilraum angenähert; eine hausgenaue Lage ist aus dem Datenmaterial nicht sicher ableitbar.","hasMore":true,"hasExcerpt":true,"sources":[{"bookId":"rotten-apple-sr4","title":"The Rotten Apple: Manhattan","edition":"SR4","citation":"The Rotten Apple: Manhattan, Abschnitt Lower East Side","purpose":"description"}]}}}},{"type":"Feature","geometry":{"type":"Point","coordinates":[-74.019841,40.703073]},"properties":{"id":96,"global_id":"manhattan:place:96-ellis-island","name":"Ellis Island","aliases":[],"category":"Bildung und Kultur","detail_map":"New York Harbor Islands","source_pages":"Gestohlene Seelen, New Yorker Konzernidyll S. 118-147","map_source":"Gestohlene Seelen / Stolen Souls","placement_note":"Nach Quellenbezug im Teilraum New York Harbor Islands angenähert","accuracy":"Teilraumzuordnung; Feinposition vorläufig","source_map":"manhattan-content","source_panel":"New York Harbor Islands","description_preview":"Ellis Island wurde von Horizon restauriert und als Museum sowie Teil des Virtual World Liberty Park wiedereröffnet.","description_full":"Ellis Island wurde von Horizon restauriert und als Museum sowie Teil des Virtual World Liberty Park wiedereröffnet. Die Position ist auf den belegten Stadt- oder Teilraum angenähert; eine hausgenaue Lage ist aus dem Datenmaterial nicht sicher ableitbar.","description_source":"Gestohlene Seelen, New Yorker Konzernidyll S. 118-147","description_kind":"Ortsprofil","description_has_more":true,"detail_plans":[],"alternate_locations":[],"sources":[{"bookId":"stolen-souls-sr5","title":"Gestohlene Seelen / Stolen Souls","edition":"SR5","citation":"Gestohlene Seelen, New Yorker Konzernidyll S. 118-147","purpose":"description"}],"map_sources":[],"editions":["SR5"],"edition_descriptions":{"SR5":{"kind":"Ortsprofil","preview":"Ellis Island wurde von Horizon restauriert und als Museum sowie Teil des Virtual World Liberty Park wiedereröffnet.","full":"Ellis Island wurde von Horizon restauriert und als Museum sowie Teil des Virtual World Liberty Park wiedereröffnet. Die Position ist auf den belegten Stadt- oder Teilraum angenähert; eine hausgenaue Lage ist aus dem Datenmaterial nicht sicher ableitbar.","hasMore":true,"hasExcerpt":true,"sources":[{"bookId":"stolen-souls-sr5","title":"Gestohlene Seelen / Stolen Souls","edition":"SR5","citation":"Gestohlene Seelen, New Yorker Konzernidyll S. 118-147","purpose":"description"}]}}}},{"type":"Feature","geometry":{"type":"Point","coordinates":[-73.9857,40.7484]},"properties":{"id":25,"global_id":"manhattan:place:25-empire-state-building","name":"Empire State Building","aliases":[],"category":"Sonstige Spots","detail_map":"Downtown","source_pages":"The Rotten Apple: Manhattan, Abschnitt Downtown","map_source":"The Rotten Apple: Manhattan","placement_note":"Erhaltener geographischer Bezugspunkt","accuracy":"Geographischer Bezugspunkt","source_map":"manhattan-content","source_panel":"Downtown","description_preview":"Empire State Building ist ein in The Rotten Apple: Manhattan belegter Schauplatz im Bereich Downtown.","description_full":"Empire State Building ist ein in The Rotten Apple: Manhattan belegter Schauplatz im Bereich Downtown. Die Position folgt einem erhaltenen heutigen Bezugspunkt.","description_source":"The Rotten Apple: Manhattan, Abschnitt Downtown","description_kind":"Ortsprofil","description_has_more":true,"detail_plans":[],"alternate_locations":[],"sources":[{"bookId":"rotten-apple-sr4","title":"The Rotten Apple: Manhattan","edition":"SR4","citation":"The Rotten Apple: Manhattan, Abschnitt Downtown","purpose":"description"},{"bookId":"nagna-sr1","title":"The Neo-Anarchist’s Guide to North America","edition":"SR1","citation":"The Neo-Anarchist’s Guide to North America, New York City S. 114-128","purpose":"description"},{"bookId":"stolen-souls-sr5","title":"Gestohlene Seelen / Stolen Souls","edition":"SR5","citation":"Gestohlene Seelen, New Yorker Konzernidyll S. 118-147","purpose":"description"}],"map_sources":[],"editions":["SR4","SR1","SR5"],"edition_descriptions":{"SR4":{"kind":"Ortsprofil","preview":"Empire State Building ist ein in The Rotten Apple: Manhattan belegter Schauplatz im Bereich Downtown.","full":"Empire State Building ist ein in The Rotten Apple: Manhattan belegter Schauplatz im Bereich Downtown. Die Position folgt einem erhaltenen heutigen Bezugspunkt.","hasMore":true,"hasExcerpt":true,"sources":[{"bookId":"rotten-apple-sr4","title":"The Rotten Apple: Manhattan","edition":"SR4","citation":"The Rotten Apple: Manhattan, Abschnitt Downtown","purpose":"description"}]},"SR1":{"kind":"Ortsprofil","preview":"Das Empire State Building war das einzige große Hochhaus, das das Beben von 2005 überstand, und besitzt weiterhin abgeschirmte obere Etagen.","full":"Das Empire State Building war das einzige große Hochhaus, das das Beben von 2005 überstand, und besitzt weiterhin abgeschirmte obere Etagen. Die Position folgt einem erhaltenen heutigen Bezugspunkt.","hasMore":true,"hasExcerpt":true,"sources":[{"bookId":"nagna-sr1","title":"The Neo-Anarchist’s Guide to North America","edition":"SR1","citation":"The Neo-Anarchist’s Guide to North America, New York City S. 114-128","purpose":"description"}]},"SR5":{"kind":"Ortsprofil","preview":"Das Empire State Building bleibt Wahrzeichen und bedeutender Bürostandort unter engmaschiger Konzernsicherheit.","full":"Das Empire State Building bleibt Wahrzeichen und bedeutender Bürostandort unter engmaschiger Konzernsicherheit. Die Position folgt einem erhaltenen heutigen Bezugspunkt.","hasMore":true,"hasExcerpt":true,"sources":[{"bookId":"stolen-souls-sr5","title":"Gestohlene Seelen / Stolen Souls","edition":"SR5","citation":"Gestohlene Seelen, New Yorker Konzernidyll S. 118-147","purpose":"description"}]}}}},{"type":"Feature","geometry":{"type":"Point","coordinates":[-73.9169,40.795385]},"properties":{"id":92,"global_id":"manhattan:place:92-evo-office-complex","name":"Evo Office Complex","aliases":[],"category":"Konzerne","detail_map":"Randalls Island","source_pages":"Gestohlene Seelen, New Yorker Konzernidyll S. 118-147","map_source":"Gestohlene Seelen / Stolen Souls","placement_note":"Nach Quellenbezug im Teilraum Randalls Island angenähert","accuracy":"Teilraumzuordnung; Feinposition vorläufig","source_map":"manhattan-content","source_panel":"Randalls Island","description_preview":"Evo unterhält auf Randall’s Island einen abgeschirmten Büro- und Forschungskomplex.","description_full":"Evo unterhält auf Randall’s Island einen abgeschirmten Büro- und Forschungskomplex. Die Position ist auf den belegten Stadt- oder Teilraum angenähert; eine hausgenaue Lage ist aus dem Datenmaterial nicht sicher ableitbar.","description_source":"Gestohlene Seelen, New Yorker Konzernidyll S. 118-147","description_kind":"Ortsprofil","description_has_more":true,"detail_plans":[],"alternate_locations":[],"sources":[{"bookId":"stolen-souls-sr5","title":"Gestohlene Seelen / Stolen Souls","edition":"SR5","citation":"Gestohlene Seelen, New Yorker Konzernidyll S. 118-147","purpose":"description"}],"map_sources":[],"editions":["SR5"],"edition_descriptions":{"SR5":{"kind":"Ortsprofil","preview":"Evo unterhält auf Randall’s Island einen abgeschirmten Büro- und Forschungskomplex.","full":"Evo unterhält auf Randall’s Island einen abgeschirmten Büro- und Forschungskomplex. Die Position ist auf den belegten Stadt- oder Teilraum angenähert; eine hausgenaue Lage ist aus dem Datenmaterial nicht sicher ableitbar.","hasMore":true,"hasExcerpt":true,"sources":[{"bookId":"stolen-souls-sr5","title":"Gestohlene Seelen / Stolen Souls","edition":"SR5","citation":"Gestohlene Seelen, New Yorker Konzernidyll S. 118-147","purpose":"description"}]}}}},{"type":"Feature","geometry":{"type":"Point","coordinates":[-73.979327,40.788236]},"properties":{"id":8,"global_id":"manhattan:place:8-fdr-drive","name":"FDR Drive","aliases":[],"category":"Sonstige Spots","detail_map":"Upper West Side","source_pages":"The Rotten Apple: Manhattan, Abschnitt Upper West Side","map_source":"The Rotten Apple: Manhattan","placement_note":"Nach Quellenbezug im Teilraum Upper West Side angenähert","accuracy":"Teilraumzuordnung; Feinposition vorläufig","source_map":"manhattan-content","source_panel":"Upper West Side","description_preview":"FDR Drive ist ein in The Rotten Apple: Manhattan belegter Schauplatz im Bereich Upper West Side.","description_full":"FDR Drive ist ein in The Rotten Apple: Manhattan belegter Schauplatz im Bereich Upper West Side. Die Position ist auf den belegten Stadt- oder Teilraum angenähert; eine hausgenaue Lage ist aus dem Datenmaterial nicht sicher ableitbar.","description_source":"The Rotten Apple: Manhattan, Abschnitt Upper West Side","description_kind":"Ortsprofil","description_has_more":true,"detail_plans":[],"alternate_locations":[],"sources":[{"bookId":"rotten-apple-sr4","title":"The Rotten Apple: Manhattan","edition":"SR4","citation":"The Rotten Apple: Manhattan, Abschnitt Upper West Side","purpose":"description"}],"map_sources":[],"editions":["SR4"],"edition_descriptions":{"SR4":{"kind":"Ortsprofil","preview":"FDR Drive ist ein in The Rotten Apple: Manhattan belegter Schauplatz im Bereich Upper West Side.","full":"FDR Drive ist ein in The Rotten Apple: Manhattan belegter Schauplatz im Bereich Upper West Side. Die Position ist auf den belegten Stadt- oder Teilraum angenähert; eine hausgenaue Lage ist aus dem Datenmaterial nicht sicher ableitbar.","hasMore":true,"hasExcerpt":true,"sources":[{"bookId":"rotten-apple-sr4","title":"The Rotten Apple: Manhattan","edition":"SR4","citation":"The Rotten Apple: Manhattan, Abschnitt Upper West Side","purpose":"description"}]}}}},{"type":"Feature","geometry":{"type":"Point","coordinates":[-74.014511,40.706199]},"properties":{"id":30,"global_id":"manhattan:place:30-firesale","name":"Firesale","aliases":[],"category":"Sonstige Spots","detail_map":"Downtown","source_pages":"The Rotten Apple: Manhattan, Abschnitt Downtown","map_source":"The Rotten Apple: Manhattan","placement_note":"Nach Quellenbezug im Teilraum Downtown angenähert","accuracy":"Teilraumzuordnung; Feinposition vorläufig","source_map":"manhattan-content","source_panel":"Downtown","description_preview":"Firesale ist ein in The Rotten Apple: Manhattan belegter Schauplatz im Bereich Downtown.","description_full":"Firesale ist ein in The Rotten Apple: Manhattan belegter Schauplatz im Bereich Downtown. Die Position ist auf den belegten Stadt- oder Teilraum angenähert; eine hausgenaue Lage ist aus dem Datenmaterial nicht sicher ableitbar.","description_source":"The Rotten Apple: Manhattan, Abschnitt Downtown","description_kind":"Ortsprofil","description_has_more":true,"detail_plans":[],"alternate_locations":[],"sources":[{"bookId":"rotten-apple-sr4","title":"The Rotten Apple: Manhattan","edition":"SR4","citation":"The Rotten Apple: Manhattan, Abschnitt Downtown","purpose":"description"}],"map_sources":[],"editions":["SR4"],"edition_descriptions":{"SR4":{"kind":"Ortsprofil","preview":"Firesale ist ein in The Rotten Apple: Manhattan belegter Schauplatz im Bereich Downtown.","full":"Firesale ist ein in The Rotten Apple: Manhattan belegter Schauplatz im Bereich Downtown. Die Position ist auf den belegten Stadt- oder Teilraum angenähert; eine hausgenaue Lage ist aus dem Datenmaterial nicht sicher ableitbar.","hasMore":true,"hasExcerpt":true,"sources":[{"bookId":"rotten-apple-sr4","title":"The Rotten Apple: Manhattan","edition":"SR4","citation":"The Rotten Apple: Manhattan, Abschnitt Downtown","purpose":"description"}]}}}},{"type":"Feature","geometry":{"type":"Point","coordinates":[-73.986912,40.706131]},"properties":{"id":150,"global_id":"manhattan:place:150-fluffy-ducks-gourmet-chicken-bisquits","name":"Fluffy Duck’s Gourmet Chicken Bisquits","aliases":[],"category":"Sonstige Spots","detail_map":"Lower East Side","source_pages":"Flüsternetze, Kampagne S. 41-143","map_source":"Flüsternetze","placement_note":"Nach Quellenbezug im Teilraum Lower East Side angenähert","accuracy":"Teilraumzuordnung; Feinposition vorläufig","source_map":"manhattan-content","source_panel":"Lower East Side","description_preview":"Fluffy Duck’s Gourmet Chicken Bisquits ist ein in Flüsternetze belegter Schauplatz im Bereich Lower East Side.","description_full":"Fluffy Duck’s Gourmet Chicken Bisquits ist ein in Flüsternetze belegter Schauplatz im Bereich Lower East Side. Die Position ist auf den belegten Stadt- oder Teilraum angenähert; eine hausgenaue Lage ist aus dem Datenmaterial nicht sicher ableitbar.","description_source":"Flüsternetze, Kampagne S. 41-143","description_kind":"Ortsprofil","description_has_more":true,"detail_plans":[],"alternate_locations":[],"sources":[{"bookId":"fluesternetze-sr6","title":"Flüsternetze","edition":"SR6","citation":"Flüsternetze, Kampagne S. 41-143","purpose":"description"}],"map_sources":[],"editions":["SR6"],"edition_descriptions":{"SR6":{"kind":"Ortsprofil","preview":"Fluffy Duck’s Gourmet Chicken Bisquits ist ein in Flüsternetze belegter Schauplatz im Bereich Lower East Side.","full":"Fluffy Duck’s Gourmet Chicken Bisquits ist ein in Flüsternetze belegter Schauplatz im Bereich Lower East Side. Die Position ist auf den belegten Stadt- oder Teilraum angenähert; eine hausgenaue Lage ist aus dem Datenmaterial nicht sicher ableitbar.","hasMore":true,"hasExcerpt":true,"sources":[{"bookId":"fluesternetze-sr6","title":"Flüsternetze","edition":"SR6","citation":"Flüsternetze, Kampagne S. 41-143","purpose":"description"}]}}}},{"type":"Feature","geometry":{"type":"Point","coordinates":[-73.993931,40.749192]},"properties":{"id":128,"global_id":"manhattan:place:128-flughafen-la-guardia","name":"Flughafen La Guardia","aliases":[],"category":"Verkehr","detail_map":"Manhattan","source_pages":"Flüsternetze - Manhattankarte, Nr. 1","map_source":"Flüsternetze","placement_note":"Nach Quellenbezug im Teilraum Manhattan angenähert","accuracy":"Teilraumzuordnung; Feinposition vorläufig","source_map":"manhattan-content","source_panel":"Manhattan","description_preview":"Flughafen La Guardia ist ein in Flüsternetze belegter Schauplatz im Bereich Manhattan.","description_full":"Flughafen La Guardia ist ein in Flüsternetze belegter Schauplatz im Bereich Manhattan. Die Position ist auf den belegten Stadt- oder Teilraum angenähert; eine hausgenaue Lage ist aus dem Datenmaterial nicht sicher ableitbar.","description_source":"Flüsternetze - Manhattankarte, Nr. 1","description_kind":"Ortsprofil","description_has_more":true,"detail_plans":[],"alternate_locations":[],"sources":[{"bookId":"fluesternetze-sr6","title":"Flüsternetze","edition":"SR6","citation":"Flüsternetze - Manhattankarte, Nr. 1","purpose":"description"}],"map_sources":[],"editions":["SR6"],"edition_descriptions":{"SR6":{"kind":"Ortsprofil","preview":"Flughafen La Guardia ist ein in Flüsternetze belegter Schauplatz im Bereich Manhattan.","full":"Flughafen La Guardia ist ein in Flüsternetze belegter Schauplatz im Bereich Manhattan. Die Position ist auf den belegten Stadt- oder Teilraum angenähert; eine hausgenaue Lage ist aus dem Datenmaterial nicht sicher ableitbar.","hasMore":true,"hasExcerpt":true,"sources":[{"bookId":"fluesternetze-sr6","title":"Flüsternetze","edition":"SR6","citation":"Flüsternetze - Manhattankarte, Nr. 1","purpose":"description"}]}},"map_number_sr6":1}},{"type":"Feature","geometry":{"type":"Point","coordinates":[-73.990214,40.74079]},"properties":{"id":45,"global_id":"manhattan:place:45-frankfurt-bank-association","name":"Frankfurt Bank Association","aliases":[],"category":"Konzerne","detail_map":"City Center","source_pages":"The Rotten Apple: Manhattan, Abschnitt City Center","map_source":"The Rotten Apple: Manhattan","placement_note":"Nach Quellenbezug im Teilraum City Center angenähert","accuracy":"Teilraumzuordnung; Feinposition vorläufig","source_map":"manhattan-content","source_panel":"City Center","description_preview":"Frankfurt Bank Association ist ein in The Rotten Apple: Manhattan belegter Schauplatz im Bereich City Center.","description_full":"Frankfurt Bank Association ist ein in The Rotten Apple: Manhattan belegter Schauplatz im Bereich City Center. Die Position ist auf den belegten Stadt- oder Teilraum angenähert; eine hausgenaue Lage ist aus dem Datenmaterial nicht sicher ableitbar.","description_source":"The Rotten Apple: Manhattan, Abschnitt City Center","description_kind":"Ortsprofil","description_has_more":true,"detail_plans":[],"alternate_locations":[],"sources":[{"bookId":"rotten-apple-sr4","title":"The Rotten Apple: Manhattan","edition":"SR4","citation":"The Rotten Apple: Manhattan, Abschnitt City Center","purpose":"description"}],"map_sources":[],"editions":["SR4"],"edition_descriptions":{"SR4":{"kind":"Ortsprofil","preview":"Frankfurt Bank Association ist ein in The Rotten Apple: Manhattan belegter Schauplatz im Bereich City Center.","full":"Frankfurt Bank Association ist ein in The Rotten Apple: Manhattan belegter Schauplatz im Bereich City Center. Die Position ist auf den belegten Stadt- oder Teilraum angenähert; eine hausgenaue Lage ist aus dem Datenmaterial nicht sicher ableitbar.","hasMore":true,"hasExcerpt":true,"sources":[{"bookId":"rotten-apple-sr4","title":"The Rotten Apple: Manhattan","edition":"SR4","citation":"The Rotten Apple: Manhattan, Abschnitt City Center","purpose":"description"}]}}}},{"type":"Feature","geometry":{"type":"Point","coordinates":[-73.983905,40.753254]},"properties":{"id":110,"global_id":"manhattan:place:110-free-your-mind","name":"Free Your Mind","aliases":[],"category":"Einkaufen","detail_map":"Manhattan","source_pages":"Burning Bridges, Schauplätze","map_source":"Shadowrun Missions Season 3","placement_note":"Nach Quellenbezug im Teilraum Manhattan angenähert","accuracy":"Teilraumzuordnung; Feinposition vorläufig","source_map":"manhattan-content","source_panel":"Manhattan","description_preview":"Free Your Mind ist Peace Mans New-Age-, Telesma- und Headshop und ein Ausgangspunkt mehrerer Aufträge.","description_full":"Free Your Mind ist Peace Mans New-Age-, Telesma- und Headshop und ein Ausgangspunkt mehrerer Aufträge. Die Position ist auf den belegten Stadt- oder Teilraum angenähert; eine hausgenaue Lage ist aus dem Datenmaterial nicht sicher ableitbar.","description_source":"Burning Bridges, Schauplätze","description_kind":"Ortsprofil","description_has_more":true,"detail_plans":[],"alternate_locations":[],"sources":[{"bookId":"srm03-sr4","title":"Shadowrun Missions Season 3","edition":"SR4","citation":"Burning Bridges, Schauplätze","purpose":"description"}],"map_sources":[],"editions":["SR4"],"edition_descriptions":{"SR4":{"kind":"Ortsprofil","preview":"Free Your Mind ist Peace Mans New-Age-, Telesma- und Headshop und ein Ausgangspunkt mehrerer Aufträge.","full":"Free Your Mind ist Peace Mans New-Age-, Telesma- und Headshop und ein Ausgangspunkt mehrerer Aufträge. Die Position ist auf den belegten Stadt- oder Teilraum angenähert; eine hausgenaue Lage ist aus dem Datenmaterial nicht sicher ableitbar.","hasMore":true,"hasExcerpt":true,"sources":[{"bookId":"srm03-sr4","title":"Shadowrun Missions Season 3","edition":"SR4","citation":"Burning Bridges, Schauplätze","purpose":"description"}]}}}},{"type":"Feature","geometry":{"type":"Point","coordinates":[-73.981637,40.787767]},"properties":{"id":5,"global_id":"manhattan:place:5-freedom-tunnel","name":"Freedom Tunnel","aliases":[],"category":"Sonstige Spots","detail_map":"Upper West Side","source_pages":"The Rotten Apple: Manhattan, Abschnitt Upper West Side","map_source":"The Rotten Apple: Manhattan","placement_note":"Nach Quellenbezug im Teilraum Upper West Side angenähert","accuracy":"Teilraumzuordnung; Feinposition vorläufig","source_map":"manhattan-content","source_panel":"Upper West Side","description_preview":"Freedom Tunnel ist ein in The Rotten Apple: Manhattan belegter Schauplatz im Bereich Upper West Side.","description_full":"Freedom Tunnel ist ein in The Rotten Apple: Manhattan belegter Schauplatz im Bereich Upper West Side. Die Position ist auf den belegten Stadt- oder Teilraum angenähert; eine hausgenaue Lage ist aus dem Datenmaterial nicht sicher ableitbar.","description_source":"The Rotten Apple: Manhattan, Abschnitt Upper West Side","description_kind":"Ortsprofil","description_has_more":true,"detail_plans":[],"alternate_locations":[],"sources":[{"bookId":"rotten-apple-sr4","title":"The Rotten Apple: Manhattan","edition":"SR4","citation":"The Rotten Apple: Manhattan, Abschnitt Upper West Side","purpose":"description"}],"map_sources":[],"editions":["SR4"],"edition_descriptions":{"SR4":{"kind":"Ortsprofil","preview":"Freedom Tunnel ist ein in The Rotten Apple: Manhattan belegter Schauplatz im Bereich Upper West Side.","full":"Freedom Tunnel ist ein in The Rotten Apple: Manhattan belegter Schauplatz im Bereich Upper West Side. Die Position ist auf den belegten Stadt- oder Teilraum angenähert; eine hausgenaue Lage ist aus dem Datenmaterial nicht sicher ableitbar.","hasMore":true,"hasExcerpt":true,"sources":[{"bookId":"rotten-apple-sr4","title":"The Rotten Apple: Manhattan","edition":"SR4","citation":"The Rotten Apple: Manhattan, Abschnitt Upper West Side","purpose":"description"}]}}}},{"type":"Feature","geometry":{"type":"Point","coordinates":[-73.947115,40.812027]},"properties":{"id":155,"global_id":"manhattan:place:155-fundament-archiv","name":"Fundament-Archiv","aliases":[],"category":"Sonstige Spots","detail_map":"New Harlem","source_pages":"Flüsternetze, Kampagne S. 41-143","map_source":"Flüsternetze","placement_note":"Nach Quellenbezug im Teilraum New Harlem angenähert","accuracy":"Teilraumzuordnung; Feinposition vorläufig","source_map":"manhattan-content","source_panel":"New Harlem","description_preview":"Fundament-Archiv ist ein in Flüsternetze belegter Schauplatz im Bereich New Harlem.","description_full":"Fundament-Archiv ist ein in Flüsternetze belegter Schauplatz im Bereich New Harlem. Die Position ist auf den belegten Stadt- oder Teilraum angenähert; eine hausgenaue Lage ist aus dem Datenmaterial nicht sicher ableitbar.","description_source":"Flüsternetze, Kampagne S. 41-143","description_kind":"Ortsprofil","description_has_more":true,"detail_plans":[],"alternate_locations":[],"sources":[{"bookId":"fluesternetze-sr6","title":"Flüsternetze","edition":"SR6","citation":"Flüsternetze, Kampagne S. 41-143","purpose":"description"}],"map_sources":[],"editions":["SR6"],"edition_descriptions":{"SR6":{"kind":"Ortsprofil","preview":"Fundament-Archiv ist ein in Flüsternetze belegter Schauplatz im Bereich New Harlem.","full":"Fundament-Archiv ist ein in Flüsternetze belegter Schauplatz im Bereich New Harlem. Die Position ist auf den belegten Stadt- oder Teilraum angenähert; eine hausgenaue Lage ist aus dem Datenmaterial nicht sicher ableitbar.","hasMore":true,"hasExcerpt":true,"sources":[{"bookId":"fluesternetze-sr6","title":"Flüsternetze","edition":"SR6","citation":"Flüsternetze, Kampagne S. 41-143","purpose":"description"}]}}}},{"type":"Feature","geometry":{"type":"Point","coordinates":[-73.989749,40.75185]},"properties":{"id":136,"global_id":"manhattan:place:136-goldwater-club","name":"Goldwater Club","aliases":[],"category":"Bars und Clubs","detail_map":"Manhattan","source_pages":"Flüsternetze - Manhattankarte, Nr. 14","map_source":"Flüsternetze","placement_note":"Nach Quellenbezug im Teilraum Manhattan angenähert","accuracy":"Teilraumzuordnung; Feinposition vorläufig","source_map":"manhattan-content","source_panel":"Manhattan","description_preview":"Goldwater Club ist ein in Flüsternetze belegter Schauplatz im Bereich Manhattan.","description_full":"Goldwater Club ist ein in Flüsternetze belegter Schauplatz im Bereich Manhattan. Die Position ist auf den belegten Stadt- oder Teilraum angenähert; eine hausgenaue Lage ist aus dem Datenmaterial nicht sicher ableitbar.","description_source":"Flüsternetze - Manhattankarte, Nr. 14","description_kind":"Ortsprofil","description_has_more":true,"detail_plans":[],"alternate_locations":[],"sources":[{"bookId":"fluesternetze-sr6","title":"Flüsternetze","edition":"SR6","citation":"Flüsternetze - Manhattankarte, Nr. 14","purpose":"description"}],"map_sources":[],"editions":["SR6"],"edition_descriptions":{"SR6":{"kind":"Ortsprofil","preview":"Goldwater Club ist ein in Flüsternetze belegter Schauplatz im Bereich Manhattan.","full":"Goldwater Club ist ein in Flüsternetze belegter Schauplatz im Bereich Manhattan. Die Position ist auf den belegten Stadt- oder Teilraum angenähert; eine hausgenaue Lage ist aus dem Datenmaterial nicht sicher ableitbar.","hasMore":true,"hasExcerpt":true,"sources":[{"bookId":"fluesternetze-sr6","title":"Flüsternetze","edition":"SR6","citation":"Flüsternetze - Manhattankarte, Nr. 14","purpose":"description"}]}},"map_number_sr6":14}},{"type":"Feature","geometry":{"type":"Point","coordinates":[-74.0168,40.6895]},"properties":{"id":94,"global_id":"manhattan:place:94-governors-island","name":"Governors Island","aliases":[],"category":"Sicherheit und Justiz","detail_map":"Governors Island","source_pages":"Gestohlene Seelen, New Yorker Konzernidyll S. 118-147","map_source":"Gestohlene Seelen / Stolen Souls","placement_note":"Erhaltener geographischer Bezugspunkt","accuracy":"Geographischer Bezugspunkt","source_map":"manhattan-content","source_panel":"Governors Island","description_preview":"Governors Island ist Ares-exterritoriales Ausbildungszentrum für Knight Errant, Firewatch und möglicherweise Söldnereinheiten.","description_full":"Governors Island ist Ares-exterritoriales Ausbildungszentrum für Knight Errant, Firewatch und möglicherweise Söldnereinheiten. Die Position folgt einem erhaltenen heutigen Bezugspunkt.","description_source":"Gestohlene Seelen, New Yorker Konzernidyll S. 118-147","description_kind":"Ortsprofil","description_has_more":true,"detail_plans":[],"alternate_locations":[],"sources":[{"bookId":"stolen-souls-sr5","title":"Gestohlene Seelen / Stolen Souls","edition":"SR5","citation":"Gestohlene Seelen, New Yorker Konzernidyll S. 118-147","purpose":"description"},{"bookId":"fluesternetze-sr6","title":"Flüsternetze","edition":"SR6","citation":"Flüsternetze - Manhattankarte, Nr. 2","purpose":"description"}],"map_sources":[],"editions":["SR5","SR6"],"edition_descriptions":{"SR5":{"kind":"Ortsprofil","preview":"Governors Island ist Ares-exterritoriales Ausbildungszentrum für Knight Errant, Firewatch und möglicherweise Söldnereinheiten.","full":"Governors Island ist Ares-exterritoriales Ausbildungszentrum für Knight Errant, Firewatch und möglicherweise Söldnereinheiten. Die Position folgt einem erhaltenen heutigen Bezugspunkt.","hasMore":true,"hasExcerpt":true,"sources":[{"bookId":"stolen-souls-sr5","title":"Gestohlene Seelen / Stolen Souls","edition":"SR5","citation":"Gestohlene Seelen, New Yorker Konzernidyll S. 118-147","purpose":"description"}]},"SR6":{"kind":"Quellennachweis","preview":"Governors Island ist für SR6 in Flüsternetze belegt.","full":"Governors Island ist für SR6 in Flüsternetze belegt. Der Eintrag wird editionsübergreifend mit demselben Ort zusammengeführt.","hasMore":true,"hasExcerpt":false,"sources":[{"bookId":"fluesternetze-sr6","title":"Flüsternetze","edition":"SR6","citation":"Flüsternetze - Manhattankarte, Nr. 2","purpose":"description"}]}},"map_number_sr6":2}},{"type":"Feature","geometry":{"type":"Point","coordinates":[-74.012963,40.689882]},"properties":{"id":79,"global_id":"manhattan:place:79-governors-island-port-authority-complex","name":"Governors Island Port Authority Complex","aliases":[],"category":"Sicherheit und Justiz","detail_map":"Governors Island","source_pages":"The Neo-Anarchist’s Guide to North America, New York City S. 114-128","map_source":"The Neo-Anarchist’s Guide to North America","placement_note":"Nach Quellenbezug im Teilraum Governors Island angenähert","accuracy":"Teilraumzuordnung; Feinposition vorläufig","source_map":"manhattan-content","source_panel":"Governors Island","description_preview":"Governors Island ist 2050 ein bewaffneter Port-Authority-Komplex mit deutlich sichtbarer Luft- und Hafensicherung.","description_full":"Governors Island ist 2050 ein bewaffneter Port-Authority-Komplex mit deutlich sichtbarer Luft- und Hafensicherung. Die Position ist auf den belegten Stadt- oder Teilraum angenähert; eine hausgenaue Lage ist aus dem Datenmaterial nicht sicher ableitbar.","description_source":"The Neo-Anarchist’s Guide to North America, New York City S. 114-128","description_kind":"Ortsprofil","description_has_more":true,"detail_plans":[],"alternate_locations":[],"sources":[{"bookId":"nagna-sr1","title":"The Neo-Anarchist’s Guide to North America","edition":"SR1","citation":"The Neo-Anarchist’s Guide to North America, New York City S. 114-128","purpose":"description"}],"map_sources":[],"editions":["SR1"],"edition_descriptions":{"SR1":{"kind":"Ortsprofil","preview":"Governors Island ist 2050 ein bewaffneter Port-Authority-Komplex mit deutlich sichtbarer Luft- und Hafensicherung.","full":"Governors Island ist 2050 ein bewaffneter Port-Authority-Komplex mit deutlich sichtbarer Luft- und Hafensicherung. Die Position ist auf den belegten Stadt- oder Teilraum angenähert; eine hausgenaue Lage ist aus dem Datenmaterial nicht sicher ableitbar.","hasMore":true,"hasExcerpt":true,"sources":[{"bookId":"nagna-sr1","title":"The Neo-Anarchist’s Guide to North America","edition":"SR1","citation":"The Neo-Anarchist’s Guide to North America, New York City S. 114-128","purpose":"description"}]}}}},{"type":"Feature","geometry":{"type":"Point","coordinates":[-73.976343,40.75737]},"properties":{"id":16,"global_id":"manhattan:place:16-grand-central","name":"Grand Central","aliases":["Grand Central Station und Arkologie"],"category":"Sonstige Spots","detail_map":"Midtown","source_pages":"The Rotten Apple: Manhattan, Abschnitt Midtown","map_source":"The Rotten Apple: Manhattan","placement_note":"Nach Quellenbezug im Teilraum Midtown angenähert","accuracy":"Teilraumzuordnung; Feinposition vorläufig","source_map":"manhattan-content","source_panel":"Midtown","description_preview":"Grand Central ist ein in The Rotten Apple: Manhattan belegter Schauplatz im Bereich Midtown.","description_full":"Grand Central ist ein in The Rotten Apple: Manhattan belegter Schauplatz im Bereich Midtown. Die Position ist auf den belegten Stadt- oder Teilraum angenähert; eine hausgenaue Lage ist aus dem Datenmaterial nicht sicher ableitbar.","description_source":"The Rotten Apple: Manhattan, Abschnitt Midtown","description_kind":"Ortsprofil","description_has_more":true,"detail_plans":[],"alternate_locations":[],"sources":[{"bookId":"rotten-apple-sr4","title":"The Rotten Apple: Manhattan","edition":"SR4","citation":"The Rotten Apple: Manhattan, Abschnitt Midtown","purpose":"description"},{"bookId":"nagna-sr1","title":"The Neo-Anarchist’s Guide to North America","edition":"SR1","citation":"The Neo-Anarchist’s Guide to North America, New York City S. 114-128","purpose":"description"},{"bookId":"stolen-souls-sr5","title":"Gestohlene Seelen / Stolen Souls","edition":"SR5","citation":"Gestohlene Seelen, New Yorker Konzernidyll S. 118-147","purpose":"description"},{"bookId":"fluesternetze-sr6","title":"Flüsternetze","edition":"SR6","citation":"Flüsternetze - Manhattankarte, Nr. 4","purpose":"description"}],"map_sources":[],"editions":["SR4","SR1","SR5","SR6"],"edition_descriptions":{"SR4":{"kind":"Ortsprofil","preview":"Grand Central ist ein in The Rotten Apple: Manhattan belegter Schauplatz im Bereich Midtown.","full":"Grand Central ist ein in The Rotten Apple: Manhattan belegter Schauplatz im Bereich Midtown. Die Position ist auf den belegten Stadt- oder Teilraum angenähert; eine hausgenaue Lage ist aus dem Datenmaterial nicht sicher ableitbar.","hasMore":true,"hasExcerpt":true,"sources":[{"bookId":"rotten-apple-sr4","title":"The Rotten Apple: Manhattan","edition":"SR4","citation":"The Rotten Apple: Manhattan, Abschnitt Midtown","purpose":"description"}]},"SR1":{"kind":"Ortsprofil","preview":"Grand Central dient den wohlhabenderen Reisenden als kontrollierter Verkehrsknoten außerhalb der schlimmsten Terminal-Zonen.","full":"Grand Central dient den wohlhabenderen Reisenden als kontrollierter Verkehrsknoten außerhalb der schlimmsten Terminal-Zonen. Die Position ist auf den belegten Stadt- oder Teilraum angenähert; eine hausgenaue Lage ist aus dem Datenmaterial nicht sicher ableitbar.","hasMore":true,"hasExcerpt":true,"sources":[{"bookId":"nagna-sr1","title":"The Neo-Anarchist’s Guide to North America","edition":"SR1","citation":"The Neo-Anarchist’s Guide to North America, New York City S. 114-128","purpose":"description"}]},"SR5":{"kind":"Ortsprofil","preview":"Grand Central ist der bevorzugte Bahn- und Stadtbahnknoten für Inhaber hochrangiger Einwohner- und Besucherpässe.","full":"Grand Central ist der bevorzugte Bahn- und Stadtbahnknoten für Inhaber hochrangiger Einwohner- und Besucherpässe. Die Position ist auf den belegten Stadt- oder Teilraum angenähert; eine hausgenaue Lage ist aus dem Datenmaterial nicht sicher ableitbar.","hasMore":true,"hasExcerpt":true,"sources":[{"bookId":"stolen-souls-sr5","title":"Gestohlene Seelen / Stolen Souls","edition":"SR5","citation":"Gestohlene Seelen, New Yorker Konzernidyll S. 118-147","purpose":"description"}]},"SR6":{"kind":"Quellennachweis","preview":"Grand Central Station und Arkologie ist für SR6 in Flüsternetze belegt.","full":"Grand Central Station und Arkologie ist für SR6 in Flüsternetze belegt. Der Eintrag wird editionsübergreifend mit demselben Ort zusammengeführt.","hasMore":true,"hasExcerpt":false,"sources":[{"bookId":"fluesternetze-sr6","title":"Flüsternetze","edition":"SR6","citation":"Flüsternetze - Manhattankarte, Nr. 4","purpose":"description"}]}},"map_number_sr6":4}},{"type":"Feature","geometry":{"type":"Point","coordinates":[-73.956417,40.775607]},"properties":{"id":120,"global_id":"manhattan:place:120-guggenheim-museum","name":"Guggenheim Museum","aliases":[],"category":"Bildung und Kultur","detail_map":"Upper East Side","source_pages":"Something Completely Different, Schauplätze","map_source":"Shadowrun Missions Season 3","placement_note":"Nach Quellenbezug im Teilraum Upper East Side angenähert","accuracy":"Teilraumzuordnung; Feinposition vorläufig","source_map":"manhattan-content","source_panel":"Upper East Side","description_preview":"Das Guggenheim wird während einer Ausstellungseröffnung von belebten Statuen und einer außer Kontrolle geratenen Performance heimgesucht.","description_full":"Das Guggenheim wird während einer Ausstellungseröffnung von belebten Statuen und einer außer Kontrolle geratenen Performance heimgesucht. Die Position ist auf den belegten Stadt- oder Teilraum angenähert; eine hausgenaue Lage ist aus dem Datenmaterial nicht sicher ableitbar.","description_source":"Something Completely Different, Schauplätze","description_kind":"Ortsprofil","description_has_more":true,"detail_plans":[],"alternate_locations":[],"sources":[{"bookId":"srm03-sr4","title":"Shadowrun Missions Season 3","edition":"SR4","citation":"Something Completely Different, Schauplätze","purpose":"description"}],"map_sources":[],"editions":["SR4"],"edition_descriptions":{"SR4":{"kind":"Ortsprofil","preview":"Das Guggenheim wird während einer Ausstellungseröffnung von belebten Statuen und einer außer Kontrolle geratenen Performance heimgesucht.","full":"Das Guggenheim wird während einer Ausstellungseröffnung von belebten Statuen und einer außer Kontrolle geratenen Performance heimgesucht. Die Position ist auf den belegten Stadt- oder Teilraum angenähert; eine hausgenaue Lage ist aus dem Datenmaterial nicht sicher ableitbar.","hasMore":true,"hasExcerpt":true,"sources":[{"bookId":"srm03-sr4","title":"Shadowrun Missions Season 3","edition":"SR4","citation":"Something Completely Different, Schauplätze","purpose":"description"}]}}}},{"type":"Feature","geometry":{"type":"Point","coordinates":[-73.989669,40.730057]},"properties":{"id":135,"global_id":"manhattan:place:135-heritage-house","name":"Heritage House","aliases":[],"category":"Sonstige Spots","detail_map":"Heritage","source_pages":"Flüsternetze - Manhattankarte, Nr. 13","map_source":"Flüsternetze","placement_note":"Nach Quellenbezug im Teilraum Heritage angenähert","accuracy":"Teilraumzuordnung; Feinposition vorläufig","source_map":"manhattan-content","source_panel":"Heritage","description_preview":"Heritage House ist ein in Flüsternetze belegter Schauplatz im Bereich Heritage.","description_full":"Heritage House ist ein in Flüsternetze belegter Schauplatz im Bereich Heritage. Die Position ist auf den belegten Stadt- oder Teilraum angenähert; eine hausgenaue Lage ist aus dem Datenmaterial nicht sicher ableitbar.","description_source":"Flüsternetze - Manhattankarte, Nr. 13","description_kind":"Ortsprofil","description_has_more":true,"detail_plans":[],"alternate_locations":[],"sources":[{"bookId":"fluesternetze-sr6","title":"Flüsternetze","edition":"SR6","citation":"Flüsternetze - Manhattankarte, Nr. 13","purpose":"description"}],"map_sources":[],"editions":["SR6"],"edition_descriptions":{"SR6":{"kind":"Ortsprofil","preview":"Heritage House ist ein in Flüsternetze belegter Schauplatz im Bereich Heritage.","full":"Heritage House ist ein in Flüsternetze belegter Schauplatz im Bereich Heritage. Die Position ist auf den belegten Stadt- oder Teilraum angenähert; eine hausgenaue Lage ist aus dem Datenmaterial nicht sicher ableitbar.","hasMore":true,"hasExcerpt":true,"sources":[{"bookId":"fluesternetze-sr6","title":"Flüsternetze","edition":"SR6","citation":"Flüsternetze - Manhattankarte, Nr. 13","purpose":"description"}]}},"map_number_sr6":13}},{"type":"Feature","geometry":{"type":"Point","coordinates":[-73.980025,40.755656]},"properties":{"id":88,"global_id":"manhattan:place:88-horizon-manhattan-headquarters","name":"Horizon Manhattan Headquarters","aliases":[],"category":"Konzerne","detail_map":"Midtown","source_pages":"Gestohlene Seelen, New Yorker Konzernidyll S. 118-147","map_source":"Gestohlene Seelen / Stolen Souls","placement_note":"Nach Quellenbezug im Teilraum Midtown angenähert","accuracy":"Teilraumzuordnung; Feinposition vorläufig","source_map":"manhattan-content","source_panel":"Midtown","description_preview":"Horizons Manhattan-Hauptsitz bündelt Medien-, Unterhaltungs- und KFS-bezogene Aktivitäten des Konzerns.","description_full":"Horizons Manhattan-Hauptsitz bündelt Medien-, Unterhaltungs- und KFS-bezogene Aktivitäten des Konzerns. Die Position ist auf den belegten Stadt- oder Teilraum angenähert; eine hausgenaue Lage ist aus dem Datenmaterial nicht sicher ableitbar.","description_source":"Gestohlene Seelen, New Yorker Konzernidyll S. 118-147","description_kind":"Ortsprofil","description_has_more":true,"detail_plans":[],"alternate_locations":[],"sources":[{"bookId":"stolen-souls-sr5","title":"Gestohlene Seelen / Stolen Souls","edition":"SR5","citation":"Gestohlene Seelen, New Yorker Konzernidyll S. 118-147","purpose":"description"}],"map_sources":[],"editions":["SR5"],"edition_descriptions":{"SR5":{"kind":"Ortsprofil","preview":"Horizons Manhattan-Hauptsitz bündelt Medien-, Unterhaltungs- und KFS-bezogene Aktivitäten des Konzerns.","full":"Horizons Manhattan-Hauptsitz bündelt Medien-, Unterhaltungs- und KFS-bezogene Aktivitäten des Konzerns. Die Position ist auf den belegten Stadt- oder Teilraum angenähert; eine hausgenaue Lage ist aus dem Datenmaterial nicht sicher ableitbar.","hasMore":true,"hasExcerpt":true,"sources":[{"bookId":"stolen-souls-sr5","title":"Gestohlene Seelen / Stolen Souls","edition":"SR5","citation":"Gestohlene Seelen, New Yorker Konzernidyll S. 118-147","purpose":"description"}]}}}},{"type":"Feature","geometry":{"type":"Point","coordinates":[-73.917909,40.787564]},"properties":{"id":90,"global_id":"manhattan:place:90-horizon-rehabilitation-and-psychiatric-center","name":"Horizon Rehabilitation and Psychiatric Center","aliases":[],"category":"Medizin","detail_map":"Randalls Island","source_pages":"Gestohlene Seelen, New Yorker Konzernidyll S. 118-147","map_source":"Gestohlene Seelen / Stolen Souls","placement_note":"Nach Quellenbezug im Teilraum Randalls Island angenähert","accuracy":"Teilraumzuordnung; Feinposition vorläufig","source_map":"manhattan-content","source_panel":"Randalls Island","description_preview":"Das frühere Manhattan Psychiatric Center wird von Horizon als Rehabilitations-, Psychiatrie- und Forschungsanlage betrieben.","description_full":"Das frühere Manhattan Psychiatric Center wird von Horizon als Rehabilitations-, Psychiatrie- und Forschungsanlage betrieben. Die Position ist auf den belegten Stadt- oder Teilraum angenähert; eine hausgenaue Lage ist aus dem Datenmaterial nicht sicher ableitbar.","description_source":"Gestohlene Seelen, New Yorker Konzernidyll S. 118-147","description_kind":"Ortsprofil","description_has_more":true,"detail_plans":[],"alternate_locations":[],"sources":[{"bookId":"stolen-souls-sr5","title":"Gestohlene Seelen / Stolen Souls","edition":"SR5","citation":"Gestohlene Seelen, New Yorker Konzernidyll S. 118-147","purpose":"description"}],"map_sources":[],"editions":["SR5"],"edition_descriptions":{"SR5":{"kind":"Ortsprofil","preview":"Das frühere Manhattan Psychiatric Center wird von Horizon als Rehabilitations-, Psychiatrie- und Forschungsanlage betrieben.","full":"Das frühere Manhattan Psychiatric Center wird von Horizon als Rehabilitations-, Psychiatrie- und Forschungsanlage betrieben. Die Position ist auf den belegten Stadt- oder Teilraum angenähert; eine hausgenaue Lage ist aus dem Datenmaterial nicht sicher ableitbar.","hasMore":true,"hasExcerpt":true,"sources":[{"bookId":"stolen-souls-sr5","title":"Gestohlene Seelen / Stolen Souls","edition":"SR5","citation":"Gestohlene Seelen, New Yorker Konzernidyll S. 118-147","purpose":"description"}]}}}},{"type":"Feature","geometry":{"type":"Point","coordinates":[-73.985314,40.763395]},"properties":{"id":138,"global_id":"manhattan:place:138-hudson-pawn","name":"Hudson Pawn","aliases":[],"category":"Einkaufen","detail_map":"Manhattan","source_pages":"Flüsternetze - Manhattankarte, Nr. 16","map_source":"Flüsternetze","placement_note":"Nach Quellenbezug im Teilraum Manhattan angenähert","accuracy":"Teilraumzuordnung; Feinposition vorläufig","source_map":"manhattan-content","source_panel":"Manhattan","description_preview":"Hudson Pawn ist ein in Flüsternetze belegter Schauplatz im Bereich Manhattan.","description_full":"Hudson Pawn ist ein in Flüsternetze belegter Schauplatz im Bereich Manhattan. Die Position ist auf den belegten Stadt- oder Teilraum angenähert; eine hausgenaue Lage ist aus dem Datenmaterial nicht sicher ableitbar.","description_source":"Flüsternetze - Manhattankarte, Nr. 16","description_kind":"Ortsprofil","description_has_more":true,"detail_plans":[],"alternate_locations":[],"sources":[{"bookId":"fluesternetze-sr6","title":"Flüsternetze","edition":"SR6","citation":"Flüsternetze - Manhattankarte, Nr. 16","purpose":"description"}],"map_sources":[],"editions":["SR6"],"edition_descriptions":{"SR6":{"kind":"Ortsprofil","preview":"Hudson Pawn ist ein in Flüsternetze belegter Schauplatz im Bereich Manhattan.","full":"Hudson Pawn ist ein in Flüsternetze belegter Schauplatz im Bereich Manhattan. Die Position ist auf den belegten Stadt- oder Teilraum angenähert; eine hausgenaue Lage ist aus dem Datenmaterial nicht sicher ableitbar.","hasMore":true,"hasExcerpt":true,"sources":[{"bookId":"fluesternetze-sr6","title":"Flüsternetze","edition":"SR6","citation":"Flüsternetze - Manhattankarte, Nr. 16","purpose":"description"}]}},"map_number_sr6":16}},{"type":"Feature","geometry":{"type":"Point","coordinates":[-74.011754,40.720951]},"properties":{"id":109,"global_id":"manhattan:place:109-ignensys-office","name":"Ignensys Office","aliases":[],"category":"Konzerne","detail_map":"Downtown","source_pages":"Block War, Schauplätze","map_source":"Shadowrun Missions Season 3","placement_note":"Nach Quellenbezug im Teilraum Downtown angenähert","accuracy":"Teilraumzuordnung; Feinposition vorläufig","source_map":"manhattan-content","source_panel":"Downtown","description_preview":"Die Büros von Ignensys sind Ziel einer verdeckten Sabotageaktion im Konkurrenzkampf kleiner Manhattan-Unternehmen.","description_full":"Die Büros von Ignensys sind Ziel einer verdeckten Sabotageaktion im Konkurrenzkampf kleiner Manhattan-Unternehmen. Die Position ist auf den belegten Stadt- oder Teilraum angenähert; eine hausgenaue Lage ist aus dem Datenmaterial nicht sicher ableitbar.","description_source":"Block War, Schauplätze","description_kind":"Ortsprofil","description_has_more":true,"detail_plans":[],"alternate_locations":[],"sources":[{"bookId":"srm03-sr4","title":"Shadowrun Missions Season 3","edition":"SR4","citation":"Block War, Schauplätze","purpose":"description"}],"map_sources":[],"editions":["SR4"],"edition_descriptions":{"SR4":{"kind":"Ortsprofil","preview":"Die Büros von Ignensys sind Ziel einer verdeckten Sabotageaktion im Konkurrenzkampf kleiner Manhattan-Unternehmen.","full":"Die Büros von Ignensys sind Ziel einer verdeckten Sabotageaktion im Konkurrenzkampf kleiner Manhattan-Unternehmen. Die Position ist auf den belegten Stadt- oder Teilraum angenähert; eine hausgenaue Lage ist aus dem Datenmaterial nicht sicher ableitbar.","hasMore":true,"hasExcerpt":true,"sources":[{"bookId":"srm03-sr4","title":"Shadowrun Missions Season 3","edition":"SR4","citation":"Block War, Schauplätze","purpose":"description"}]}}}},{"type":"Feature","geometry":{"type":"Point","coordinates":[-73.979126,40.752514]},"properties":{"id":111,"global_id":"manhattan:place:111-inara-indian-restaurant","name":"Inara Indian Restaurant","aliases":[],"category":"Restaurants","detail_map":"Manhattan","source_pages":"Burning Bridges, Schauplätze","map_source":"Shadowrun Missions Season 3","placement_note":"Nach Quellenbezug im Teilraum Manhattan angenähert","accuracy":"Teilraumzuordnung; Feinposition vorläufig","source_map":"manhattan-content","source_panel":"Manhattan","description_preview":"Das Inara Indian Restaurant in Brooklyn dient Karl Gahley und seinem Team als Treffpunkt.","description_full":"Das Inara Indian Restaurant in Brooklyn dient Karl Gahley und seinem Team als Treffpunkt. Die Position ist auf den belegten Stadt- oder Teilraum angenähert; eine hausgenaue Lage ist aus dem Datenmaterial nicht sicher ableitbar.","description_source":"Burning Bridges, Schauplätze","description_kind":"Ortsprofil","description_has_more":true,"detail_plans":[],"alternate_locations":[],"sources":[{"bookId":"srm03-sr4","title":"Shadowrun Missions Season 3","edition":"SR4","citation":"Burning Bridges, Schauplätze","purpose":"description"}],"map_sources":[],"editions":["SR4"],"edition_descriptions":{"SR4":{"kind":"Ortsprofil","preview":"Das Inara Indian Restaurant in Brooklyn dient Karl Gahley und seinem Team als Treffpunkt.","full":"Das Inara Indian Restaurant in Brooklyn dient Karl Gahley und seinem Team als Treffpunkt. Die Position ist auf den belegten Stadt- oder Teilraum angenähert; eine hausgenaue Lage ist aus dem Datenmaterial nicht sicher ableitbar.","hasMore":true,"hasExcerpt":true,"sources":[{"bookId":"srm03-sr4","title":"Shadowrun Missions Season 3","edition":"SR4","citation":"Burning Bridges, Schauplätze","purpose":"description"}]}}}},{"type":"Feature","geometry":{"type":"Point","coordinates":[-73.923748,40.873051]},"properties":{"id":1,"global_id":"manhattan:place:1-inwood","name":"Inwood","aliases":[],"category":"Bezirke","detail_map":"Inwood","source_pages":"The Rotten Apple: Manhattan, Abschnitt Inwood","map_source":"The Rotten Apple: Manhattan","placement_note":"Lore-Bezirkszentrum Inwood","accuracy":"Lore-Bezirk; Grenzebene separat geprüft","source_map":"manhattan-content","source_panel":"Inwood","description_preview":"Inwood inszeniert am Nordende Manhattans eine grüne, vorstädtische Idylle für Führungskräfte, doch verschwundene Kinder und Zugänge zum Untergrund stören die sorgfältige Fassade.","description_full":"Inwood inszeniert am Nordende Manhattans eine grüne, vorstädtische Idylle für Führungskräfte, doch verschwundene Kinder und Zugänge zum Untergrund stören die sorgfältige Fassade. Die Zusammenfassung folgt dem Bezirkskapitel der angegebenen Edition; heutige Grenzen dienen nur der geografischen Einordnung.","description_source":"The Rotten Apple: Manhattan, Abschnitt Inwood","description_kind":"Bezirksprofil","description_has_more":true,"detail_plans":[],"alternate_locations":[],"sources":[{"bookId":"rotten-apple-sr4","title":"The Rotten Apple: Manhattan","edition":"SR4","citation":"The Rotten Apple: Manhattan, Abschnitt Inwood","purpose":"description"},{"bookId":"nagna-sr1","title":"The Neo-Anarchist’s Guide to North America","edition":"SR1","citation":"The Neo-Anarchist’s Guide to North America, New York City S. 114-128","purpose":"description"},{"bookId":"stolen-souls-sr5","title":"Gestohlene Seelen / Stolen Souls","edition":"SR5","citation":"Gestohlene Seelen, New Yorker Konzernidyll S. 118-147","purpose":"description"}],"map_sources":[],"editions":["SR4","SR1","SR5"],"edition_descriptions":{"SR4":{"kind":"Bezirksprofil","preview":"Inwood inszeniert am Nordende Manhattans eine grüne, vorstädtische Idylle für Führungskräfte, doch verschwundene Kinder und Zugänge zum Untergrund stören die sorgfältige Fassade.","full":"Inwood inszeniert am Nordende Manhattans eine grüne, vorstädtische Idylle für Führungskräfte, doch verschwundene Kinder und Zugänge zum Untergrund stören die sorgfältige Fassade. Die Zusammenfassung folgt dem Bezirkskapitel der angegebenen Edition; heutige Grenzen dienen nur der geografischen Einordnung.","hasMore":true,"hasExcerpt":true,"sources":[{"bookId":"rotten-apple-sr4","title":"The Rotten Apple: Manhattan","edition":"SR4","citation":"The Rotten Apple: Manhattan, Abschnitt Inwood","purpose":"description"}]},"SR1":{"kind":"Bezirksprofil","preview":"Inwood bildet 2050 den dünner bebauten Nordrand Manhattans mit überwiegend niedrigen Wohnhäusern und einer deutlich geringeren Konzernpräsenz als Midtown.","full":"Inwood bildet 2050 den dünner bebauten Nordrand Manhattans mit überwiegend niedrigen Wohnhäusern und einer deutlich geringeren Konzernpräsenz als Midtown. Die Beschreibung folgt dem Lore-Stand der angegebenen Edition; die separat schaltbare Grenzebene bildet den jüngsten georeferenzierten Arbeitsstand ab.","hasMore":true,"hasExcerpt":true,"sources":[{"bookId":"nagna-sr1","title":"The Neo-Anarchist’s Guide to North America","edition":"SR1","citation":"The Neo-Anarchist’s Guide to North America, New York City S. 114-128","purpose":"description"}]},"SR5":{"kind":"Bezirksprofil","preview":"Inwood ist 2076 nach einem Stadterneuerungsprogramm eine scheinbar idyllische, flächendeckend überwachte Wohnlage für die wohlhabende Elite.","full":"Inwood ist 2076 nach einem Stadterneuerungsprogramm eine scheinbar idyllische, flächendeckend überwachte Wohnlage für die wohlhabende Elite. Die Beschreibung folgt dem Lore-Stand der angegebenen Edition; die separat schaltbare Grenzebene bildet den jüngsten georeferenzierten Arbeitsstand ab.","hasMore":true,"hasExcerpt":true,"sources":[{"bookId":"stolen-souls-sr5","title":"Gestohlene Seelen / Stolen Souls","edition":"SR5","citation":"Gestohlene Seelen, New Yorker Konzernidyll S. 118-147","purpose":"description"}]}}}},{"type":"Feature","geometry":{"type":"Point","coordinates":[-74.005868,40.74036]},"properties":{"id":122,"global_id":"manhattan:place:122-jordan-aerodynamics-building","name":"Jordan Aerodynamics Building","aliases":[],"category":"Konzerne","detail_map":"Terminal","source_pages":"Spin Control, Schauplätze","map_source":"Shadowrun Missions Season 3","placement_note":"Nach Quellenbezug im Teilraum Terminal angenähert","accuracy":"Teilraumzuordnung; Feinposition vorläufig","source_map":"manhattan-content","source_panel":"Terminal","description_preview":"Das aufgegebene Jordan-Aerodynamics-Gebäude verbirgt ein CIA- und Ares-Projekt mit insektoiden Geistern hinter einer Gangfassade.","description_full":"Das aufgegebene Jordan-Aerodynamics-Gebäude verbirgt ein CIA- und Ares-Projekt mit insektoiden Geistern hinter einer Gangfassade. Die Position ist auf den belegten Stadt- oder Teilraum angenähert; eine hausgenaue Lage ist aus dem Datenmaterial nicht sicher ableitbar.","description_source":"Spin Control, Schauplätze","description_kind":"Ortsprofil","description_has_more":true,"detail_plans":[],"alternate_locations":[],"sources":[{"bookId":"srm03-sr4","title":"Shadowrun Missions Season 3","edition":"SR4","citation":"Spin Control, Schauplätze","purpose":"description"}],"map_sources":[],"editions":["SR4"],"edition_descriptions":{"SR4":{"kind":"Ortsprofil","preview":"Das aufgegebene Jordan-Aerodynamics-Gebäude verbirgt ein CIA- und Ares-Projekt mit insektoiden Geistern hinter einer Gangfassade.","full":"Das aufgegebene Jordan-Aerodynamics-Gebäude verbirgt ein CIA- und Ares-Projekt mit insektoiden Geistern hinter einer Gangfassade. Die Position ist auf den belegten Stadt- oder Teilraum angenähert; eine hausgenaue Lage ist aus dem Datenmaterial nicht sicher ableitbar.","hasMore":true,"hasExcerpt":true,"sources":[{"bookId":"srm03-sr4","title":"Shadowrun Missions Season 3","edition":"SR4","citation":"Spin Control, Schauplätze","purpose":"description"}]}}}},{"type":"Feature","geometry":{"type":"Point","coordinates":[-73.948067,40.809985]},"properties":{"id":141,"global_id":"manhattan:place:141-kente-royal-gallery","name":"Kente Royal Gallery","aliases":[],"category":"Bildung und Kultur","detail_map":"New Harlem","source_pages":"Flüsternetze - Manhattankarte, Nr. 20","map_source":"Flüsternetze","placement_note":"Nach Quellenbezug im Teilraum New Harlem angenähert","accuracy":"Teilraumzuordnung; Feinposition vorläufig","source_map":"manhattan-content","source_panel":"New Harlem","description_preview":"Kente Royal Gallery ist ein in Flüsternetze belegter Schauplatz im Bereich New Harlem.","description_full":"Kente Royal Gallery ist ein in Flüsternetze belegter Schauplatz im Bereich New Harlem. Die Position ist auf den belegten Stadt- oder Teilraum angenähert; eine hausgenaue Lage ist aus dem Datenmaterial nicht sicher ableitbar.","description_source":"Flüsternetze - Manhattankarte, Nr. 20","description_kind":"Ortsprofil","description_has_more":true,"detail_plans":[],"alternate_locations":[],"sources":[{"bookId":"fluesternetze-sr6","title":"Flüsternetze","edition":"SR6","citation":"Flüsternetze - Manhattankarte, Nr. 20","purpose":"description"}],"map_sources":[],"editions":["SR6"],"edition_descriptions":{"SR6":{"kind":"Ortsprofil","preview":"Kente Royal Gallery ist ein in Flüsternetze belegter Schauplatz im Bereich New Harlem.","full":"Kente Royal Gallery ist ein in Flüsternetze belegter Schauplatz im Bereich New Harlem. Die Position ist auf den belegten Stadt- oder Teilraum angenähert; eine hausgenaue Lage ist aus dem Datenmaterial nicht sicher ableitbar.","hasMore":true,"hasExcerpt":true,"sources":[{"bookId":"fluesternetze-sr6","title":"Flüsternetze","edition":"SR6","citation":"Flüsternetze - Manhattankarte, Nr. 20","purpose":"description"}]}},"map_number_sr6":20}},{"type":"Feature","geometry":{"type":"Point","coordinates":[-73.987529,40.755998]},"properties":{"id":72,"global_id":"manhattan:place:72-kesai-wilhelm","name":"Kesai & Wilhelm","aliases":[],"category":"Konzerne","detail_map":"Midtown","source_pages":"The Neo-Anarchist’s Guide to North America, New York City S. 114-128","map_source":"The Neo-Anarchist’s Guide to North America","placement_note":"Nach Quellenbezug im Teilraum Midtown angenähert","accuracy":"Teilraumzuordnung; Feinposition vorläufig","source_map":"manhattan-content","source_panel":"Midtown","description_preview":"Kesai & Wilhelm ist 2050 mit einem Midtown-Hochhaus nahe Columbus Avenue vertreten.","description_full":"Kesai & Wilhelm ist 2050 mit einem Midtown-Hochhaus nahe Columbus Avenue vertreten. Die Position ist auf den belegten Stadt- oder Teilraum angenähert; eine hausgenaue Lage ist aus dem Datenmaterial nicht sicher ableitbar.","description_source":"The Neo-Anarchist’s Guide to North America, New York City S. 114-128","description_kind":"Ortsprofil","description_has_more":true,"detail_plans":[],"alternate_locations":[],"sources":[{"bookId":"nagna-sr1","title":"The Neo-Anarchist’s Guide to North America","edition":"SR1","citation":"The Neo-Anarchist’s Guide to North America, New York City S. 114-128","purpose":"description"}],"map_sources":[],"editions":["SR1"],"edition_descriptions":{"SR1":{"kind":"Ortsprofil","preview":"Kesai & Wilhelm ist 2050 mit einem Midtown-Hochhaus nahe Columbus Avenue vertreten.","full":"Kesai & Wilhelm ist 2050 mit einem Midtown-Hochhaus nahe Columbus Avenue vertreten. Die Position ist auf den belegten Stadt- oder Teilraum angenähert; eine hausgenaue Lage ist aus dem Datenmaterial nicht sicher ableitbar.","hasMore":true,"hasExcerpt":true,"sources":[{"bookId":"nagna-sr1","title":"The Neo-Anarchist’s Guide to North America","edition":"SR1","citation":"The Neo-Anarchist’s Guide to North America, New York City S. 114-128","purpose":"description"}]}}}},{"type":"Feature","geometry":{"type":"Point","coordinates":[-73.977785,40.762739]},"properties":{"id":113,"global_id":"manhattan:place:113-kg-construction","name":"KG Construction","aliases":[],"category":"Konzerne","detail_map":"Manhattan","source_pages":"Burning Bridges, Schauplätze","map_source":"Shadowrun Missions Season 3","placement_note":"Nach Quellenbezug im Teilraum Manhattan angenähert","accuracy":"Teilraumzuordnung; Feinposition vorläufig","source_map":"manhattan-content","source_panel":"Manhattan","description_preview":"KG Construction lagert die Sprengstoffe, die Karl Gahley gegen die Brooklyn Bridge einsetzen lassen will.","description_full":"KG Construction lagert die Sprengstoffe, die Karl Gahley gegen die Brooklyn Bridge einsetzen lassen will. Die Position ist auf den belegten Stadt- oder Teilraum angenähert; eine hausgenaue Lage ist aus dem Datenmaterial nicht sicher ableitbar.","description_source":"Burning Bridges, Schauplätze","description_kind":"Ortsprofil","description_has_more":true,"detail_plans":[],"alternate_locations":[],"sources":[{"bookId":"srm03-sr4","title":"Shadowrun Missions Season 3","edition":"SR4","citation":"Burning Bridges, Schauplätze","purpose":"description"}],"map_sources":[],"editions":["SR4"],"edition_descriptions":{"SR4":{"kind":"Ortsprofil","preview":"KG Construction lagert die Sprengstoffe, die Karl Gahley gegen die Brooklyn Bridge einsetzen lassen will.","full":"KG Construction lagert die Sprengstoffe, die Karl Gahley gegen die Brooklyn Bridge einsetzen lassen will. Die Position ist auf den belegten Stadt- oder Teilraum angenähert; eine hausgenaue Lage ist aus dem Datenmaterial nicht sicher ableitbar.","hasMore":true,"hasExcerpt":true,"sources":[{"bookId":"srm03-sr4","title":"Shadowrun Missions Season 3","edition":"SR4","citation":"Burning Bridges, Schauplätze","purpose":"description"}]}}}},{"type":"Feature","geometry":{"type":"Point","coordinates":[-73.982255,40.756446]},"properties":{"id":145,"global_id":"manhattan:place:145-knickerbocker-club","name":"Knickerbocker Club","aliases":[],"category":"Bars und Clubs","detail_map":"Manhattan","source_pages":"Flüsternetze - Manhattankarte, Nr. 25","map_source":"Flüsternetze","placement_note":"Nach Quellenbezug im Teilraum Manhattan angenähert","accuracy":"Teilraumzuordnung; Feinposition vorläufig","source_map":"manhattan-content","source_panel":"Manhattan","description_preview":"Knickerbocker Club ist ein in Flüsternetze belegter Schauplatz im Bereich Manhattan.","description_full":"Knickerbocker Club ist ein in Flüsternetze belegter Schauplatz im Bereich Manhattan. Die Position ist auf den belegten Stadt- oder Teilraum angenähert; eine hausgenaue Lage ist aus dem Datenmaterial nicht sicher ableitbar.","description_source":"Flüsternetze - Manhattankarte, Nr. 25","description_kind":"Ortsprofil","description_has_more":true,"detail_plans":[],"alternate_locations":[],"sources":[{"bookId":"fluesternetze-sr6","title":"Flüsternetze","edition":"SR6","citation":"Flüsternetze - Manhattankarte, Nr. 25","purpose":"description"}],"map_sources":[],"editions":["SR6"],"edition_descriptions":{"SR6":{"kind":"Ortsprofil","preview":"Knickerbocker Club ist ein in Flüsternetze belegter Schauplatz im Bereich Manhattan.","full":"Knickerbocker Club ist ein in Flüsternetze belegter Schauplatz im Bereich Manhattan. Die Position ist auf den belegten Stadt- oder Teilraum angenähert; eine hausgenaue Lage ist aus dem Datenmaterial nicht sicher ableitbar.","hasMore":true,"hasExcerpt":true,"sources":[{"bookId":"fluesternetze-sr6","title":"Flüsternetze","edition":"SR6","citation":"Flüsternetze - Manhattankarte, Nr. 25","purpose":"description"}]}},"map_number_sr6":25}},{"type":"Feature","geometry":{"type":"Point","coordinates":[-73.978423,40.762424]},"properties":{"id":148,"global_id":"manhattan:place:148-lagerhaus-von-ilhuicaatl-holdings","name":"Lagerhaus von Ilhuicaatl Holdings","aliases":[],"category":"Konzerne","detail_map":"Manhattan","source_pages":"Flüsternetze - Manhattankarte, Nr. 28","map_source":"Flüsternetze","placement_note":"Nach Quellenbezug im Teilraum Manhattan angenähert","accuracy":"Teilraumzuordnung; Feinposition vorläufig","source_map":"manhattan-content","source_panel":"Manhattan","description_preview":"Lagerhaus von Ilhuicaatl Holdings ist ein in Flüsternetze belegter Schauplatz im Bereich Manhattan.","description_full":"Lagerhaus von Ilhuicaatl Holdings ist ein in Flüsternetze belegter Schauplatz im Bereich Manhattan. Die Position ist auf den belegten Stadt- oder Teilraum angenähert; eine hausgenaue Lage ist aus dem Datenmaterial nicht sicher ableitbar.","description_source":"Flüsternetze - Manhattankarte, Nr. 28","description_kind":"Ortsprofil","description_has_more":true,"detail_plans":[],"alternate_locations":[],"sources":[{"bookId":"fluesternetze-sr6","title":"Flüsternetze","edition":"SR6","citation":"Flüsternetze - Manhattankarte, Nr. 28","purpose":"description"}],"map_sources":[],"editions":["SR6"],"edition_descriptions":{"SR6":{"kind":"Ortsprofil","preview":"Lagerhaus von Ilhuicaatl Holdings ist ein in Flüsternetze belegter Schauplatz im Bereich Manhattan.","full":"Lagerhaus von Ilhuicaatl Holdings ist ein in Flüsternetze belegter Schauplatz im Bereich Manhattan. Die Position ist auf den belegten Stadt- oder Teilraum angenähert; eine hausgenaue Lage ist aus dem Datenmaterial nicht sicher ableitbar.","hasMore":true,"hasExcerpt":true,"sources":[{"bookId":"fluesternetze-sr6","title":"Flüsternetze","edition":"SR6","citation":"Flüsternetze - Manhattankarte, Nr. 28","purpose":"description"}]}},"map_number_sr6":28}},{"type":"Feature","geometry":{"type":"Point","coordinates":[-74.032159,40.695516]},"properties":{"id":95,"global_id":"manhattan:place:95-liberty-island","name":"Liberty Island","aliases":[],"category":"Freizeit und Natur","detail_map":"New York Harbor Islands","source_pages":"Gestohlene Seelen, New Yorker Konzernidyll S. 118-147","map_source":"Gestohlene Seelen / Stolen Souls","placement_note":"Nach Quellenbezug im Teilraum New York Harbor Islands angenähert","accuracy":"Teilraumzuordnung; Feinposition vorläufig","source_map":"manhattan-content","source_panel":"New York Harbor Islands","description_preview":"Liberty Island gehört Horizon und bildet mit Ellis Island den Virtual World Liberty Park.","description_full":"Liberty Island gehört Horizon und bildet mit Ellis Island den Virtual World Liberty Park. Die Position ist auf den belegten Stadt- oder Teilraum angenähert; eine hausgenaue Lage ist aus dem Datenmaterial nicht sicher ableitbar.","description_source":"Gestohlene Seelen, New Yorker Konzernidyll S. 118-147","description_kind":"Ortsprofil","description_has_more":true,"detail_plans":[],"alternate_locations":[],"sources":[{"bookId":"stolen-souls-sr5","title":"Gestohlene Seelen / Stolen Souls","edition":"SR5","citation":"Gestohlene Seelen, New Yorker Konzernidyll S. 118-147","purpose":"description"}],"map_sources":[],"editions":["SR5"],"edition_descriptions":{"SR5":{"kind":"Ortsprofil","preview":"Liberty Island gehört Horizon und bildet mit Ellis Island den Virtual World Liberty Park.","full":"Liberty Island gehört Horizon und bildet mit Ellis Island den Virtual World Liberty Park. Die Position ist auf den belegten Stadt- oder Teilraum angenähert; eine hausgenaue Lage ist aus dem Datenmaterial nicht sicher ableitbar.","hasMore":true,"hasExcerpt":true,"sources":[{"bookId":"stolen-souls-sr5","title":"Gestohlene Seelen / Stolen Souls","edition":"SR5","citation":"Gestohlene Seelen, New Yorker Konzernidyll S. 118-147","purpose":"description"}]}}}},{"type":"Feature","geometry":{"type":"Point","coordinates":[-73.9835,40.7725]},"properties":{"id":74,"global_id":"manhattan:place:74-lincoln-center","name":"Lincoln Center","aliases":[],"category":"Bildung und Kultur","detail_map":"Upper West Side","source_pages":"The Neo-Anarchist’s Guide to North America, New York City S. 114-128","map_source":"The Neo-Anarchist’s Guide to North America","placement_note":"Erhaltener geographischer Bezugspunkt","accuracy":"Geographischer Bezugspunkt","source_map":"manhattan-content","source_panel":"Upper West Side","description_preview":"Das Lincoln Center bündelt klassische Kultur und moderne japanisch gestützte Produktionen, darunter Metropolitan Opera und Kobo Playhouse.","description_full":"Das Lincoln Center bündelt klassische Kultur und moderne japanisch gestützte Produktionen, darunter Metropolitan Opera und Kobo Playhouse. Die Position folgt einem erhaltenen heutigen Bezugspunkt.","description_source":"The Neo-Anarchist’s Guide to North America, New York City S. 114-128","description_kind":"Ortsprofil","description_has_more":true,"detail_plans":[],"alternate_locations":[],"sources":[{"bookId":"nagna-sr1","title":"The Neo-Anarchist’s Guide to North America","edition":"SR1","citation":"The Neo-Anarchist’s Guide to North America, New York City S. 114-128","purpose":"description"},{"bookId":"fluesternetze-sr6","title":"Flüsternetze","edition":"SR6","citation":"Flüsternetze - Manhattankarte, Nr. 6","purpose":"description"}],"map_sources":[],"editions":["SR1","SR6"],"edition_descriptions":{"SR1":{"kind":"Ortsprofil","preview":"Das Lincoln Center bündelt klassische Kultur und moderne japanisch gestützte Produktionen, darunter Metropolitan Opera und Kobo Playhouse.","full":"Das Lincoln Center bündelt klassische Kultur und moderne japanisch gestützte Produktionen, darunter Metropolitan Opera und Kobo Playhouse. Die Position folgt einem erhaltenen heutigen Bezugspunkt.","hasMore":true,"hasExcerpt":true,"sources":[{"bookId":"nagna-sr1","title":"The Neo-Anarchist’s Guide to North America","edition":"SR1","citation":"The Neo-Anarchist’s Guide to North America, New York City S. 114-128","purpose":"description"}]},"SR6":{"kind":"Quellennachweis","preview":"Lincoln Center ist für SR6 in Flüsternetze belegt.","full":"Lincoln Center ist für SR6 in Flüsternetze belegt. Der Eintrag wird editionsübergreifend mit demselben Ort zusammengeführt.","hasMore":true,"hasExcerpt":false,"sources":[{"bookId":"fluesternetze-sr6","title":"Flüsternetze","edition":"SR6","citation":"Flüsternetze - Manhattankarte, Nr. 6","purpose":"description"}]}},"map_number_sr6":6}},{"type":"Feature","geometry":{"type":"Point","coordinates":[-73.988375,40.758194]},"properties":{"id":99,"global_id":"manhattan:place:99-link-club","name":"Link Club","aliases":[],"category":"Bars und Clubs","detail_map":"Times Square","source_pages":"Gestohlene Seelen, New Yorker Konzernidyll S. 118-147","map_source":"Gestohlene Seelen / Stolen Souls","placement_note":"Nach Quellenbezug im Teilraum Times Square angenähert","accuracy":"Teilraumzuordnung; Feinposition vorläufig","source_map":"manhattan-content","source_panel":"Times Square","description_preview":"Der global vernetzte Link Club in Neon City bietet sichere private Räume, hat aber seinen früheren Status als Trendzentrum verloren.","description_full":"Der global vernetzte Link Club in Neon City bietet sichere private Räume, hat aber seinen früheren Status als Trendzentrum verloren. Die Position ist auf den belegten Stadt- oder Teilraum angenähert; eine hausgenaue Lage ist aus dem Datenmaterial nicht sicher ableitbar.","description_source":"Gestohlene Seelen, New Yorker Konzernidyll S. 118-147","description_kind":"Ortsprofil","description_has_more":true,"detail_plans":[],"alternate_locations":[],"sources":[{"bookId":"stolen-souls-sr5","title":"Gestohlene Seelen / Stolen Souls","edition":"SR5","citation":"Gestohlene Seelen, New Yorker Konzernidyll S. 118-147","purpose":"description"}],"map_sources":[],"editions":["SR5"],"edition_descriptions":{"SR5":{"kind":"Ortsprofil","preview":"Der global vernetzte Link Club in Neon City bietet sichere private Räume, hat aber seinen früheren Status als Trendzentrum verloren.","full":"Der global vernetzte Link Club in Neon City bietet sichere private Räume, hat aber seinen früheren Status als Trendzentrum verloren. Die Position ist auf den belegten Stadt- oder Teilraum angenähert; eine hausgenaue Lage ist aus dem Datenmaterial nicht sicher ableitbar.","hasMore":true,"hasExcerpt":true,"sources":[{"bookId":"stolen-souls-sr5","title":"Gestohlene Seelen / Stolen Souls","edition":"SR5","citation":"Gestohlene Seelen, New Yorker Konzernidyll S. 118-147","purpose":"description"}]}}}},{"type":"Feature","geometry":{"type":"Point","coordinates":[-74.001,40.7465]},"properties":{"id":56,"global_id":"manhattan:place:56-lower-westside","name":"Lower Westside","aliases":[],"category":"Bezirke","detail_map":"Lower Westside","source_pages":"The Rotten Apple: Manhattan, Viertelbeschreibung Lower Westside, S. 13-23","map_source":"The Rotten Apple: Manhattan","placement_note":"Lore-Bezirkszentrum Lower Westside","accuracy":"Lore-Bezirk; Grenzebene separat geprüft","source_map":"manhattan-content","source_panel":"Lower Westside","description_preview":"Die Lower Westside fällt vom Glanz Midtowns zu dichtem Niedriglohnwohnen, Docks und Ganggebieten am Rand von Terminal ab und beherbergt vor allem Personal kleinerer Konzerne.","description_full":"Die Lower Westside fällt vom Glanz Midtowns zu dichtem Niedriglohnwohnen, Docks und Ganggebieten am Rand von Terminal ab und beherbergt vor allem Personal kleinerer Konzerne. Die Zusammenfassung folgt dem Bezirkskapitel der angegebenen Edition; heutige Grenzen dienen nur der geografischen Einordnung.","description_source":"The Rotten Apple: Manhattan, Viertelbeschreibung Lower Westside, S. 13-23","description_kind":"Bezirksprofil","description_has_more":true,"detail_plans":[],"alternate_locations":[],"sources":[{"bookId":"rotten-apple-sr4","title":"The Rotten Apple: Manhattan","edition":"SR4","citation":"The Rotten Apple: Manhattan, Viertelbeschreibung Lower Westside, S. 13-23","purpose":"description"},{"bookId":"nagna-sr1","title":"The Neo-Anarchist’s Guide to North America","edition":"SR1","citation":"The Neo-Anarchist’s Guide to North America, New York City S. 114-128","purpose":"description"},{"bookId":"stolen-souls-sr5","title":"Gestohlene Seelen / Stolen Souls","edition":"SR5","citation":"Gestohlene Seelen, New Yorker Konzernidyll S. 118-147","purpose":"description"}],"map_sources":[],"editions":["SR4","SR1","SR5"],"edition_descriptions":{"SR4":{"kind":"Bezirksprofil","preview":"Die Lower Westside fällt vom Glanz Midtowns zu dichtem Niedriglohnwohnen, Docks und Ganggebieten am Rand von Terminal ab und beherbergt vor allem Personal kleinerer Konzerne.","full":"Die Lower Westside fällt vom Glanz Midtowns zu dichtem Niedriglohnwohnen, Docks und Ganggebieten am Rand von Terminal ab und beherbergt vor allem Personal kleinerer Konzerne. Die Zusammenfassung folgt dem Bezirkskapitel der angegebenen Edition; heutige Grenzen dienen nur der geografischen Einordnung.","hasMore":true,"hasExcerpt":true,"sources":[{"bookId":"rotten-apple-sr4","title":"The Rotten Apple: Manhattan","edition":"SR4","citation":"The Rotten Apple: Manhattan, Viertelbeschreibung Lower Westside, S. 13-23","purpose":"description"}]},"SR1":{"kind":"Bezirksprofil","preview":"Die Lower Westside fällt vom Reichtum Midtowns zu dichtem Wohnen, Hafenanlagen und Gangterritorien am Rand von Terminal ab.","full":"Die Lower Westside fällt vom Reichtum Midtowns zu dichtem Wohnen, Hafenanlagen und Gangterritorien am Rand von Terminal ab. Die Beschreibung folgt dem Lore-Stand der angegebenen Edition; die separat schaltbare Grenzebene bildet den jüngsten georeferenzierten Arbeitsstand ab.","hasMore":true,"hasExcerpt":true,"sources":[{"bookId":"nagna-sr1","title":"The Neo-Anarchist’s Guide to North America","edition":"SR1","citation":"The Neo-Anarchist’s Guide to North America, New York City S. 114-128","purpose":"description"}]},"SR5":{"kind":"Bezirksprofil","preview":"Die Lower Westside nimmt verdrängte Mittel- und Geringverdiener auf und leidet unter Überbelegung, Identitätsdiebstahl und Kämpfen zwischen mehreren Gangs.","full":"Die Lower Westside nimmt verdrängte Mittel- und Geringverdiener auf und leidet unter Überbelegung, Identitätsdiebstahl und Kämpfen zwischen mehreren Gangs. Die Beschreibung folgt dem Lore-Stand der angegebenen Edition; die separat schaltbare Grenzebene bildet den jüngsten georeferenzierten Arbeitsstand ab.","hasMore":true,"hasExcerpt":true,"sources":[{"bookId":"stolen-souls-sr5","title":"Gestohlene Seelen / Stolen Souls","edition":"SR5","citation":"Gestohlene Seelen, New Yorker Konzernidyll S. 118-147","purpose":"description"}]}}}},{"type":"Feature","geometry":{"type":"Point","coordinates":[-73.998214,40.708791]},"properties":{"id":47,"global_id":"manhattan:place:47-lucky-star-99","name":"Lucky Star 99","aliases":[],"category":"Sonstige Spots","detail_map":"Chinatown","source_pages":"The Rotten Apple: Manhattan, Abschnitt Chinatown","map_source":"The Rotten Apple: Manhattan","placement_note":"Nach Quellenbezug im Teilraum Chinatown angenähert","accuracy":"Teilraumzuordnung; Feinposition vorläufig","source_map":"manhattan-content","source_panel":"Chinatown","description_preview":"Lucky Star 99 ist ein in The Rotten Apple: Manhattan belegter Schauplatz im Bereich Chinatown.","description_full":"Lucky Star 99 ist ein in The Rotten Apple: Manhattan belegter Schauplatz im Bereich Chinatown. Die Position ist auf den belegten Stadt- oder Teilraum angenähert; eine hausgenaue Lage ist aus dem Datenmaterial nicht sicher ableitbar.","description_source":"The Rotten Apple: Manhattan, Abschnitt Chinatown","description_kind":"Ortsprofil","description_has_more":true,"detail_plans":[],"alternate_locations":[],"sources":[{"bookId":"rotten-apple-sr4","title":"The Rotten Apple: Manhattan","edition":"SR4","citation":"The Rotten Apple: Manhattan, Abschnitt Chinatown","purpose":"description"},{"bookId":"stolen-souls-sr5","title":"Gestohlene Seelen / Stolen Souls","edition":"SR5","citation":"Gestohlene Seelen, New Yorker Konzernidyll S. 118-147","purpose":"description"}],"map_sources":[],"editions":["SR4","SR5"],"edition_descriptions":{"SR4":{"kind":"Ortsprofil","preview":"Lucky Star 99 ist ein in The Rotten Apple: Manhattan belegter Schauplatz im Bereich Chinatown.","full":"Lucky Star 99 ist ein in The Rotten Apple: Manhattan belegter Schauplatz im Bereich Chinatown. Die Position ist auf den belegten Stadt- oder Teilraum angenähert; eine hausgenaue Lage ist aus dem Datenmaterial nicht sicher ableitbar.","hasMore":true,"hasExcerpt":true,"sources":[{"bookId":"rotten-apple-sr4","title":"The Rotten Apple: Manhattan","edition":"SR4","citation":"The Rotten Apple: Manhattan, Abschnitt Chinatown","purpose":"description"}]},"SR5":{"kind":"Ortsprofil","preview":"Lucky Star 99 ist Teehaus, Markt, Umschlagplatz illegaler Importwaren und Kontaktpunkt der Großen-Kreis-Liga.","full":"Lucky Star 99 ist Teehaus, Markt, Umschlagplatz illegaler Importwaren und Kontaktpunkt der Großen-Kreis-Liga. Die Position ist auf den belegten Stadt- oder Teilraum angenähert; eine hausgenaue Lage ist aus dem Datenmaterial nicht sicher ableitbar.","hasMore":true,"hasExcerpt":true,"sources":[{"bookId":"stolen-souls-sr5","title":"Gestohlene Seelen / Stolen Souls","edition":"SR5","citation":"Gestohlene Seelen, New Yorker Konzernidyll S. 118-147","purpose":"description"}]}}}},{"type":"Feature","geometry":{"type":"Point","coordinates":[-73.989962,40.75728]},"properties":{"id":85,"global_id":"manhattan:place:85-malmstein-building","name":"Malmstein Building","aliases":[],"category":"Konzerne","detail_map":"Midtown","source_pages":"Gestohlene Seelen, New Yorker Konzernidyll S. 118-147","map_source":"Gestohlene Seelen / Stolen Souls","placement_note":"Nach Quellenbezug im Teilraum Midtown angenähert","accuracy":"Teilraumzuordnung; Feinposition vorläufig","source_map":"manhattan-content","source_panel":"Midtown","description_preview":"Das Malmstein Building ist NeoNETs 140-stöckiger Manhattan-Hauptsitz und wartet große Teile der lokalen Matrix- und Gerichtshofinfrastruktur.","description_full":"Das Malmstein Building ist NeoNETs 140-stöckiger Manhattan-Hauptsitz und wartet große Teile der lokalen Matrix- und Gerichtshofinfrastruktur. Die Position ist auf den belegten Stadt- oder Teilraum angenähert; eine hausgenaue Lage ist aus dem Datenmaterial nicht sicher ableitbar.","description_source":"Gestohlene Seelen, New Yorker Konzernidyll S. 118-147","description_kind":"Ortsprofil","description_has_more":true,"detail_plans":[],"alternate_locations":[],"sources":[{"bookId":"stolen-souls-sr5","title":"Gestohlene Seelen / Stolen Souls","edition":"SR5","citation":"Gestohlene Seelen, New Yorker Konzernidyll S. 118-147","purpose":"description"}],"map_sources":[],"editions":["SR5"],"edition_descriptions":{"SR5":{"kind":"Ortsprofil","preview":"Das Malmstein Building ist NeoNETs 140-stöckiger Manhattan-Hauptsitz und wartet große Teile der lokalen Matrix- und Gerichtshofinfrastruktur.","full":"Das Malmstein Building ist NeoNETs 140-stöckiger Manhattan-Hauptsitz und wartet große Teile der lokalen Matrix- und Gerichtshofinfrastruktur. Die Position ist auf den belegten Stadt- oder Teilraum angenähert; eine hausgenaue Lage ist aus dem Datenmaterial nicht sicher ableitbar.","hasMore":true,"hasExcerpt":true,"sources":[{"bookId":"stolen-souls-sr5","title":"Gestohlene Seelen / Stolen Souls","edition":"SR5","citation":"Gestohlene Seelen, New Yorker Konzernidyll S. 118-147","purpose":"description"}]}}}},{"type":"Feature","geometry":{"type":"Point","coordinates":[-73.968862,40.79062]},"properties":{"id":75,"global_id":"manhattan:place:75-manhattan-club","name":"Manhattan Club","aliases":[],"category":"Bars und Clubs","detail_map":"Central Park","source_pages":"The Neo-Anarchist’s Guide to North America, New York City S. 114-128","map_source":"The Neo-Anarchist’s Guide to North America","placement_note":"Nach Quellenbezug im Teilraum Central Park angenähert","accuracy":"Teilraumzuordnung; Feinposition vorläufig","source_map":"manhattan-content","source_panel":"Central Park","description_preview":"Der Manhattan Club ist ein exklusiver Mitgliederclub für die politischen und wirtschaftlichen Entscheidungsträger der Stadt.","description_full":"Der Manhattan Club ist ein exklusiver Mitgliederclub für die politischen und wirtschaftlichen Entscheidungsträger der Stadt. Die Position ist auf den belegten Stadt- oder Teilraum angenähert; eine hausgenaue Lage ist aus dem Datenmaterial nicht sicher ableitbar.","description_source":"The Neo-Anarchist’s Guide to North America, New York City S. 114-128","description_kind":"Ortsprofil","description_has_more":true,"detail_plans":[],"alternate_locations":[],"sources":[{"bookId":"nagna-sr1","title":"The Neo-Anarchist’s Guide to North America","edition":"SR1","citation":"The Neo-Anarchist’s Guide to North America, New York City S. 114-128","purpose":"description"}],"map_sources":[],"editions":["SR1"],"edition_descriptions":{"SR1":{"kind":"Ortsprofil","preview":"Der Manhattan Club ist ein exklusiver Mitgliederclub für die politischen und wirtschaftlichen Entscheidungsträger der Stadt.","full":"Der Manhattan Club ist ein exklusiver Mitgliederclub für die politischen und wirtschaftlichen Entscheidungsträger der Stadt. Die Position ist auf den belegten Stadt- oder Teilraum angenähert; eine hausgenaue Lage ist aus dem Datenmaterial nicht sicher ableitbar.","hasMore":true,"hasExcerpt":true,"sources":[{"bookId":"nagna-sr1","title":"The Neo-Anarchist’s Guide to North America","edition":"SR1","citation":"The Neo-Anarchist’s Guide to North America, New York City S. 114-128","purpose":"description"}]}}}},{"type":"Feature","geometry":{"type":"Point","coordinates":[-73.983214,40.751362]},"properties":{"id":80,"global_id":"manhattan:place:80-matador","name":"Matador","aliases":[],"category":"Bars und Clubs","detail_map":"Midtown","source_pages":"Konzernenklaven: Manhattan, S. 1-4","map_source":"Konzernenklaven: Manhattan","placement_note":"Nach Quellenbezug im Teilraum Midtown angenähert","accuracy":"Teilraumzuordnung; Feinposition vorläufig","source_map":"manhattan-content","source_panel":"Midtown","description_preview":"Matador ist einer der angesagten Midtown-Clubs, in denen Konzernbürger Kontakte pflegen und halblegale Drogen konsumieren.","description_full":"Matador ist einer der angesagten Midtown-Clubs, in denen Konzernbürger Kontakte pflegen und halblegale Drogen konsumieren. Die Position ist auf den belegten Stadt- oder Teilraum angenähert; eine hausgenaue Lage ist aus dem Datenmaterial nicht sicher ableitbar.","description_source":"Konzernenklaven: Manhattan, S. 1-4","description_kind":"Ortsprofil","description_has_more":true,"detail_plans":[],"alternate_locations":[],"sources":[{"bookId":"corporate-enclaves-manhattan-sr4","title":"Konzernenklaven: Manhattan","edition":"SR4","citation":"Konzernenklaven: Manhattan, S. 1-4","purpose":"description"}],"map_sources":[],"editions":["SR4"],"edition_descriptions":{"SR4":{"kind":"Ortsprofil","preview":"Matador ist einer der angesagten Midtown-Clubs, in denen Konzernbürger Kontakte pflegen und halblegale Drogen konsumieren.","full":"Matador ist einer der angesagten Midtown-Clubs, in denen Konzernbürger Kontakte pflegen und halblegale Drogen konsumieren. Die Position ist auf den belegten Stadt- oder Teilraum angenähert; eine hausgenaue Lage ist aus dem Datenmaterial nicht sicher ableitbar.","hasMore":true,"hasExcerpt":true,"sources":[{"bookId":"corporate-enclaves-manhattan-sr4","title":"Konzernenklaven: Manhattan","edition":"SR4","citation":"Konzernenklaven: Manhattan, S. 1-4","purpose":"description"}]}}}},{"type":"Feature","geometry":{"type":"Point","coordinates":[-73.972866,40.791657]},"properties":{"id":7,"global_id":"manhattan:place:7-mdc-building","name":"MDC Building","aliases":[],"category":"Sonstige Spots","detail_map":"Upper West Side","source_pages":"The Rotten Apple: Manhattan, Abschnitt Upper West Side","map_source":"The Rotten Apple: Manhattan","placement_note":"Nach Quellenbezug im Teilraum Upper West Side angenähert","accuracy":"Teilraumzuordnung; Feinposition vorläufig","source_map":"manhattan-content","source_panel":"Upper West Side","description_preview":"MDC Building ist ein in The Rotten Apple: Manhattan belegter Schauplatz im Bereich Upper West Side.","description_full":"MDC Building ist ein in The Rotten Apple: Manhattan belegter Schauplatz im Bereich Upper West Side. Die Position ist auf den belegten Stadt- oder Teilraum angenähert; eine hausgenaue Lage ist aus dem Datenmaterial nicht sicher ableitbar.","description_source":"The Rotten Apple: Manhattan, Abschnitt Upper West Side","description_kind":"Ortsprofil","description_has_more":true,"detail_plans":[],"alternate_locations":[],"sources":[{"bookId":"rotten-apple-sr4","title":"The Rotten Apple: Manhattan","edition":"SR4","citation":"The Rotten Apple: Manhattan, Abschnitt Upper West Side","purpose":"description"},{"bookId":"nagna-sr1","title":"The Neo-Anarchist’s Guide to North America","edition":"SR1","citation":"The Neo-Anarchist’s Guide to North America, New York City S. 114-128","purpose":"description"},{"bookId":"stolen-souls-sr5","title":"Gestohlene Seelen / Stolen Souls","edition":"SR5","citation":"Gestohlene Seelen, New Yorker Konzernidyll S. 118-147","purpose":"description"}],"map_sources":[],"editions":["SR4","SR1","SR5"],"edition_descriptions":{"SR4":{"kind":"Ortsprofil","preview":"MDC Building ist ein in The Rotten Apple: Manhattan belegter Schauplatz im Bereich Upper West Side.","full":"MDC Building ist ein in The Rotten Apple: Manhattan belegter Schauplatz im Bereich Upper West Side. Die Position ist auf den belegten Stadt- oder Teilraum angenähert; eine hausgenaue Lage ist aus dem Datenmaterial nicht sicher ableitbar.","hasMore":true,"hasExcerpt":true,"sources":[{"bookId":"rotten-apple-sr4","title":"The Rotten Apple: Manhattan","edition":"SR4","citation":"The Rotten Apple: Manhattan, Abschnitt Upper West Side","purpose":"description"}]},"SR1":{"kind":"Ortsprofil","preview":"Am späteren Standort des MDC-Gebäudes liegt 2050 Gracie Mansion, der stark bewachte Amtssitz des Bürgermeisters.","full":"Am späteren Standort des MDC-Gebäudes liegt 2050 Gracie Mansion, der stark bewachte Amtssitz des Bürgermeisters. Die Position ist auf den belegten Stadt- oder Teilraum angenähert; eine hausgenaue Lage ist aus dem Datenmaterial nicht sicher ableitbar.","hasMore":true,"hasExcerpt":true,"sources":[{"bookId":"nagna-sr1","title":"The Neo-Anarchist’s Guide to North America","edition":"SR1","citation":"The Neo-Anarchist’s Guide to North America, New York City S. 114-128","purpose":"description"}]},"SR5":{"kind":"Ortsprofil","preview":"Das MDC-Gebäude besteht aus gemeinsamen Verwaltungsstockwerken, dreizehn Mitgliedstürmen und einem abgeschirmten Sitzungsgeschoss.","full":"Das MDC-Gebäude besteht aus gemeinsamen Verwaltungsstockwerken, dreizehn Mitgliedstürmen und einem abgeschirmten Sitzungsgeschoss. Die Position ist auf den belegten Stadt- oder Teilraum angenähert; eine hausgenaue Lage ist aus dem Datenmaterial nicht sicher ableitbar.","hasMore":true,"hasExcerpt":true,"sources":[{"bookId":"stolen-souls-sr5","title":"Gestohlene Seelen / Stolen Souls","edition":"SR5","citation":"Gestohlene Seelen, New Yorker Konzernidyll S. 118-147","purpose":"description"}]}}}},{"type":"Feature","geometry":{"type":"Point","coordinates":[-73.979523,40.758733]},"properties":{"id":107,"global_id":"manhattan:place:107-mdc-matrix-node","name":"MDC Matrix Node","aliases":[],"category":"Matrix und Metaplanes","detail_map":"Manhattan","source_pages":"Everyone’s Your Friend, Schauplätze","map_source":"Shadowrun Missions Season 3","placement_note":"Nach Quellenbezug im Teilraum Manhattan angenähert","accuracy":"Teilraumzuordnung; Feinposition vorläufig","source_map":"manhattan-content","source_panel":"Manhattan","description_preview":"Der zentrale MDC-Knoten verwaltet Zugangs-, Verwaltungs- und Konzerninformationen und ist wiederholt Ziel der dritten Missionsstaffel.","description_full":"Der zentrale MDC-Knoten verwaltet Zugangs-, Verwaltungs- und Konzerninformationen und ist wiederholt Ziel der dritten Missionsstaffel. Die Position ist auf den belegten Stadt- oder Teilraum angenähert; eine hausgenaue Lage ist aus dem Datenmaterial nicht sicher ableitbar.","description_source":"Everyone’s Your Friend, Schauplätze","description_kind":"Ortsprofil","description_has_more":true,"detail_plans":[],"alternate_locations":[],"sources":[{"bookId":"srm03-sr4","title":"Shadowrun Missions Season 3","edition":"SR4","citation":"Everyone’s Your Friend, Schauplätze","purpose":"description"}],"map_sources":[],"editions":["SR4"],"edition_descriptions":{"SR4":{"kind":"Ortsprofil","preview":"Der zentrale MDC-Knoten verwaltet Zugangs-, Verwaltungs- und Konzerninformationen und ist wiederholt Ziel der dritten Missionsstaffel.","full":"Der zentrale MDC-Knoten verwaltet Zugangs-, Verwaltungs- und Konzerninformationen und ist wiederholt Ziel der dritten Missionsstaffel. Die Position ist auf den belegten Stadt- oder Teilraum angenähert; eine hausgenaue Lage ist aus dem Datenmaterial nicht sicher ableitbar.","hasMore":true,"hasExcerpt":true,"sources":[{"bookId":"srm03-sr4","title":"Shadowrun Missions Season 3","edition":"SR4","citation":"Everyone’s Your Friend, Schauplätze","purpose":"description"}]}}}},{"type":"Feature","geometry":{"type":"Point","coordinates":[-73.973721,40.782887]},"properties":{"id":117,"global_id":"manhattan:place:117-metropolitan-opera-house","name":"Metropolitan Opera House","aliases":[],"category":"Bildung und Kultur","detail_map":"Upper West Side","source_pages":"Knight at the Opera, Schauplätze","map_source":"Shadowrun Missions Season 3","placement_note":"Nach Quellenbezug im Teilraum Upper West Side angenähert","accuracy":"Teilraumzuordnung; Feinposition vorläufig","source_map":"manhattan-content","source_panel":"Upper West Side","description_preview":"Die Metropolitan Opera im Lincoln Center wird Schauplatz der Entführung von Damien Knight während einer Premiere.","description_full":"Die Metropolitan Opera im Lincoln Center wird Schauplatz der Entführung von Damien Knight während einer Premiere. Die Position ist auf den belegten Stadt- oder Teilraum angenähert; eine hausgenaue Lage ist aus dem Datenmaterial nicht sicher ableitbar.","description_source":"Knight at the Opera, Schauplätze","description_kind":"Ortsprofil","description_has_more":true,"detail_plans":[],"alternate_locations":[],"sources":[{"bookId":"srm03-sr4","title":"Shadowrun Missions Season 3","edition":"SR4","citation":"Knight at the Opera, Schauplätze","purpose":"description"}],"map_sources":[],"editions":["SR4"],"edition_descriptions":{"SR4":{"kind":"Ortsprofil","preview":"Die Metropolitan Opera im Lincoln Center wird Schauplatz der Entführung von Damien Knight während einer Premiere.","full":"Die Metropolitan Opera im Lincoln Center wird Schauplatz der Entführung von Damien Knight während einer Premiere. Die Position ist auf den belegten Stadt- oder Teilraum angenähert; eine hausgenaue Lage ist aus dem Datenmaterial nicht sicher ableitbar.","hasMore":true,"hasExcerpt":true,"sources":[{"bookId":"srm03-sr4","title":"Shadowrun Missions Season 3","edition":"SR4","citation":"Knight at the Opera, Schauplätze","purpose":"description"}]}}}},{"type":"Feature","geometry":{"type":"Point","coordinates":[-74.008146,40.709084]},"properties":{"id":124,"global_id":"manhattan:place:124-meyerson-building","name":"Meyerson Building","aliases":[],"category":"Konzerne","detail_map":"Downtown","source_pages":"Food Poisoning, Schauplätze","map_source":"Shadowrun Missions Season 3","placement_note":"Nach Quellenbezug im Teilraum Downtown angenähert","accuracy":"Teilraumzuordnung; Feinposition vorläufig","source_map":"manhattan-content","source_panel":"Downtown","description_preview":"Das Meyerson Building beherbergt Secure Data Storage und belastende Daten über das vergiftete Nahrungsmittelprojekt.","description_full":"Das Meyerson Building beherbergt Secure Data Storage und belastende Daten über das vergiftete Nahrungsmittelprojekt. Die Position ist auf den belegten Stadt- oder Teilraum angenähert; eine hausgenaue Lage ist aus dem Datenmaterial nicht sicher ableitbar.","description_source":"Food Poisoning, Schauplätze","description_kind":"Ortsprofil","description_has_more":true,"detail_plans":[],"alternate_locations":[],"sources":[{"bookId":"srm03-sr4","title":"Shadowrun Missions Season 3","edition":"SR4","citation":"Food Poisoning, Schauplätze","purpose":"description"}],"map_sources":[],"editions":["SR4"],"edition_descriptions":{"SR4":{"kind":"Ortsprofil","preview":"Das Meyerson Building beherbergt Secure Data Storage und belastende Daten über das vergiftete Nahrungsmittelprojekt.","full":"Das Meyerson Building beherbergt Secure Data Storage und belastende Daten über das vergiftete Nahrungsmittelprojekt. Die Position ist auf den belegten Stadt- oder Teilraum angenähert; eine hausgenaue Lage ist aus dem Datenmaterial nicht sicher ableitbar.","hasMore":true,"hasExcerpt":true,"sources":[{"bookId":"srm03-sr4","title":"Shadowrun Missions Season 3","edition":"SR4","citation":"Food Poisoning, Schauplätze","purpose":"description"}]}}}},{"type":"Feature","geometry":{"type":"Point","coordinates":[-73.984,40.7549]},"properties":{"id":55,"global_id":"manhattan:place:55-midtown","name":"Midtown","aliases":[],"category":"Bezirke","detail_map":"Midtown","source_pages":"The Rotten Apple: Manhattan, Viertelbeschreibung Midtown, S. 13-23","map_source":"The Rotten Apple: Manhattan","placement_note":"Lore-Bezirkszentrum Midtown","accuracy":"Lore-Bezirk; Grenzebene separat geprüft","source_map":"manhattan-content","source_panel":"Midtown","description_preview":"Midtown erstreckt sich zwischen 14th und 59th Street und bildet mit seinen Skyrakern, Verkehrsknoten, Medienhäusern und Geschäften das hell glänzende kommerzielle Zentrum der UCAS.","description_full":"Midtown erstreckt sich zwischen 14th und 59th Street und bildet mit seinen Skyrakern, Verkehrsknoten, Medienhäusern und Geschäften das hell glänzende kommerzielle Zentrum der UCAS. Die Zusammenfassung folgt dem Bezirkskapitel der angegebenen Edition; heutige Grenzen dienen nur der geografischen Einordnung.","description_source":"The Rotten Apple: Manhattan, Viertelbeschreibung Midtown, S. 13-23","description_kind":"Bezirksprofil","description_has_more":true,"detail_plans":[],"alternate_locations":[],"sources":[{"bookId":"rotten-apple-sr4","title":"The Rotten Apple: Manhattan","edition":"SR4","citation":"The Rotten Apple: Manhattan, Viertelbeschreibung Midtown, S. 13-23","purpose":"description"},{"bookId":"nagna-sr1","title":"The Neo-Anarchist’s Guide to North America","edition":"SR1","citation":"The Neo-Anarchist’s Guide to North America, New York City S. 114-128","purpose":"description"},{"bookId":"stolen-souls-sr5","title":"Gestohlene Seelen / Stolen Souls","edition":"SR5","citation":"Gestohlene Seelen, New Yorker Konzernidyll S. 118-147","purpose":"description"}],"map_sources":[],"editions":["SR4","SR1","SR5"],"edition_descriptions":{"SR4":{"kind":"Bezirksprofil","preview":"Midtown erstreckt sich zwischen 14th und 59th Street und bildet mit seinen Skyrakern, Verkehrsknoten, Medienhäusern und Geschäften das hell glänzende kommerzielle Zentrum der UCAS.","full":"Midtown erstreckt sich zwischen 14th und 59th Street und bildet mit seinen Skyrakern, Verkehrsknoten, Medienhäusern und Geschäften das hell glänzende kommerzielle Zentrum der UCAS. Die Zusammenfassung folgt dem Bezirkskapitel der angegebenen Edition; heutige Grenzen dienen nur der geografischen Einordnung.","hasMore":true,"hasExcerpt":true,"sources":[{"bookId":"rotten-apple-sr4","title":"The Rotten Apple: Manhattan","edition":"SR4","citation":"The Rotten Apple: Manhattan, Viertelbeschreibung Midtown, S. 13-23","purpose":"description"}]},"SR1":{"kind":"Bezirksprofil","preview":"Midtown ist 2050 das monumentale Konzernzentrum New Yorks mit Skyrakern, Arkologien, exklusiven Clubs und der höchsten Dichte multinationaler Niederlassungen.","full":"Midtown ist 2050 das monumentale Konzernzentrum New Yorks mit Skyrakern, Arkologien, exklusiven Clubs und der höchsten Dichte multinationaler Niederlassungen. Die Beschreibung folgt dem Lore-Stand der angegebenen Edition; die separat schaltbare Grenzebene bildet den jüngsten georeferenzierten Arbeitsstand ab.","hasMore":true,"hasExcerpt":true,"sources":[{"bookId":"nagna-sr1","title":"The Neo-Anarchist’s Guide to North America","edition":"SR1","citation":"The Neo-Anarchist’s Guide to North America, New York City S. 114-128","purpose":"description"}]},"SR5":{"kind":"Bezirksprofil","preview":"Midtown ist ein dichter Irrgarten konkurrierender exterritorialer Konzernflächen, Arkologien, Theater und Verkehrsknoten.","full":"Midtown ist ein dichter Irrgarten konkurrierender exterritorialer Konzernflächen, Arkologien, Theater und Verkehrsknoten. Die Beschreibung folgt dem Lore-Stand der angegebenen Edition; die separat schaltbare Grenzebene bildet den jüngsten georeferenzierten Arbeitsstand ab.","hasMore":true,"hasExcerpt":true,"sources":[{"bookId":"stolen-souls-sr5","title":"Gestohlene Seelen / Stolen Souls","edition":"SR5","citation":"Gestohlene Seelen, New Yorker Konzernidyll S. 118-147","purpose":"description"}]}}}},{"type":"Feature","geometry":{"type":"Point","coordinates":[-73.944712,40.807821]},"properties":{"id":98,"global_id":"manhattan:place:98-mitsuhama-arkologie","name":"Mitsuhama-Arkologie","aliases":[],"category":"Konzerne","detail_map":"New Harlem","source_pages":"Gestohlene Seelen, New Yorker Konzernidyll S. 118-147","map_source":"Gestohlene Seelen / Stolen Souls","placement_note":"Nach Quellenbezug im Teilraum New Harlem angenähert","accuracy":"Teilraumzuordnung; Feinposition vorläufig","source_map":"manhattan-content","source_panel":"New Harlem","description_preview":"Die öffentlich zugänglichen Bereiche der MCT-Arkologie verdecken mutmaßliche unterirdische Technomancerforschung.","description_full":"Die öffentlich zugänglichen Bereiche der MCT-Arkologie verdecken mutmaßliche unterirdische Technomancerforschung. Die Position ist auf den belegten Stadt- oder Teilraum angenähert; eine hausgenaue Lage ist aus dem Datenmaterial nicht sicher ableitbar.","description_source":"Gestohlene Seelen, New Yorker Konzernidyll S. 118-147","description_kind":"Ortsprofil","description_has_more":true,"detail_plans":[],"alternate_locations":[],"sources":[{"bookId":"stolen-souls-sr5","title":"Gestohlene Seelen / Stolen Souls","edition":"SR5","citation":"Gestohlene Seelen, New Yorker Konzernidyll S. 118-147","purpose":"description"},{"bookId":"fluesternetze-sr6","title":"Flüsternetze","edition":"SR6","citation":"Flüsternetze - Manhattankarte, Nr. 17","purpose":"description"}],"map_sources":[],"editions":["SR5","SR6"],"edition_descriptions":{"SR5":{"kind":"Ortsprofil","preview":"Die öffentlich zugänglichen Bereiche der MCT-Arkologie verdecken mutmaßliche unterirdische Technomancerforschung.","full":"Die öffentlich zugänglichen Bereiche der MCT-Arkologie verdecken mutmaßliche unterirdische Technomancerforschung. Die Position ist auf den belegten Stadt- oder Teilraum angenähert; eine hausgenaue Lage ist aus dem Datenmaterial nicht sicher ableitbar.","hasMore":true,"hasExcerpt":true,"sources":[{"bookId":"stolen-souls-sr5","title":"Gestohlene Seelen / Stolen Souls","edition":"SR5","citation":"Gestohlene Seelen, New Yorker Konzernidyll S. 118-147","purpose":"description"}]},"SR6":{"kind":"Quellennachweis","preview":"Mitsuhama-Arkologie ist für SR6 in Flüsternetze belegt.","full":"Mitsuhama-Arkologie ist für SR6 in Flüsternetze belegt. Der Eintrag wird editionsübergreifend mit demselben Ort zusammengeführt.","hasMore":true,"hasExcerpt":false,"sources":[{"bookId":"fluesternetze-sr6","title":"Flüsternetze","edition":"SR6","citation":"Flüsternetze - Manhattankarte, Nr. 17","purpose":"description"}]}},"map_number_sr6":17}},{"type":"Feature","geometry":{"type":"Point","coordinates":[-73.9776,40.7614]},"properties":{"id":15,"global_id":"manhattan:place:15-museum-of-modern-art","name":"Museum of Modern Art","aliases":[],"category":"Bildung und Kultur","detail_map":"Midtown","source_pages":"The Rotten Apple: Manhattan, Abschnitt Midtown","map_source":"The Rotten Apple: Manhattan","placement_note":"Erhaltener geographischer Bezugspunkt","accuracy":"Geographischer Bezugspunkt","source_map":"manhattan-content","source_panel":"Midtown","description_preview":"Museum of Modern Art ist ein in The Rotten Apple: Manhattan belegter Schauplatz im Bereich Midtown.","description_full":"Museum of Modern Art ist ein in The Rotten Apple: Manhattan belegter Schauplatz im Bereich Midtown. Die Position folgt einem erhaltenen heutigen Bezugspunkt.","description_source":"The Rotten Apple: Manhattan, Abschnitt Midtown","description_kind":"Ortsprofil","description_has_more":true,"detail_plans":[],"alternate_locations":[],"sources":[{"bookId":"rotten-apple-sr4","title":"The Rotten Apple: Manhattan","edition":"SR4","citation":"The Rotten Apple: Manhattan, Abschnitt Midtown","purpose":"description"},{"bookId":"srm03-sr4","title":"Shadowrun Missions Season 3","edition":"SR4","citation":"Ready, Set, Gogh!, Schauplätze","purpose":"description"}],"map_sources":[],"editions":["SR4"],"edition_descriptions":{"SR4":{"kind":"Ortsprofil","preview":"Das Museum of Modern Art ist Schauplatz des Diebstahls der transgenen Installation Starry Night.","full":"Das Museum of Modern Art ist Schauplatz des Diebstahls der transgenen Installation Starry Night. Die Position folgt einem erhaltenen heutigen Bezugspunkt.","hasMore":true,"hasExcerpt":true,"sources":[{"bookId":"rotten-apple-sr4","title":"The Rotten Apple: Manhattan","edition":"SR4","citation":"The Rotten Apple: Manhattan, Abschnitt Midtown","purpose":"description"},{"bookId":"srm03-sr4","title":"Shadowrun Missions Season 3","edition":"SR4","citation":"Ready, Set, Gogh!, Schauplätze","purpose":"description"}]}}}},{"type":"Feature","geometry":{"type":"Point","coordinates":[-73.989191,40.752918]},"properties":{"id":24,"global_id":"manhattan:place:24-neon-city","name":"Neon City","aliases":[],"category":"Bezirke","detail_map":"Times Square","source_pages":"The Rotten Apple: Manhattan, Abschnitt Times Square","map_source":"The Rotten Apple: Manhattan","placement_note":"Nach Quellenbezug im Teilraum Times Square angenähert","accuracy":"Teilraumzuordnung; Feinposition vorläufig","source_map":"manhattan-content","source_panel":"Times Square","description_preview":"Neon City ist ein in The Rotten Apple: Manhattan belegter Schauplatz im Bereich Times Square.","description_full":"Neon City ist ein in The Rotten Apple: Manhattan belegter Schauplatz im Bereich Times Square. Die Position ist auf den belegten Stadt- oder Teilraum angenähert; eine hausgenaue Lage ist aus dem Datenmaterial nicht sicher ableitbar.","description_source":"The Rotten Apple: Manhattan, Abschnitt Times Square","description_kind":"Ortsprofil","description_has_more":true,"detail_plans":[],"alternate_locations":[],"sources":[{"bookId":"rotten-apple-sr4","title":"The Rotten Apple: Manhattan","edition":"SR4","citation":"The Rotten Apple: Manhattan, Abschnitt Times Square","purpose":"description"}],"map_sources":[],"editions":["SR4"],"edition_descriptions":{"SR4":{"kind":"Ortsprofil","preview":"Neon City ist ein in The Rotten Apple: Manhattan belegter Schauplatz im Bereich Times Square.","full":"Neon City ist ein in The Rotten Apple: Manhattan belegter Schauplatz im Bereich Times Square. Die Position ist auf den belegten Stadt- oder Teilraum angenähert; eine hausgenaue Lage ist aus dem Datenmaterial nicht sicher ableitbar.","hasMore":true,"hasExcerpt":true,"sources":[{"bookId":"rotten-apple-sr4","title":"The Rotten Apple: Manhattan","edition":"SR4","citation":"The Rotten Apple: Manhattan, Abschnitt Times Square","purpose":"description"}]}}}},{"type":"Feature","geometry":{"type":"Point","coordinates":[-73.97769,40.752046]},"properties":{"id":65,"global_id":"manhattan:place:65-netlink","name":"Netlink","aliases":[],"category":"Konzerne","detail_map":"Midtown","source_pages":"The Neo-Anarchist’s Guide to North America, New York City S. 114-128","map_source":"The Neo-Anarchist’s Guide to North America","placement_note":"Nach Quellenbezug im Teilraum Midtown angenähert","accuracy":"Teilraumzuordnung; Feinposition vorläufig","source_map":"manhattan-content","source_panel":"Midtown","description_preview":"Netlink zählt zu den großen Daten- und Kommunikationskonzernen im Midtown-Korridor.","description_full":"Netlink zählt zu den großen Daten- und Kommunikationskonzernen im Midtown-Korridor. Die Position ist auf den belegten Stadt- oder Teilraum angenähert; eine hausgenaue Lage ist aus dem Datenmaterial nicht sicher ableitbar.","description_source":"The Neo-Anarchist’s Guide to North America, New York City S. 114-128","description_kind":"Ortsprofil","description_has_more":true,"detail_plans":[],"alternate_locations":[],"sources":[{"bookId":"nagna-sr1","title":"The Neo-Anarchist’s Guide to North America","edition":"SR1","citation":"The Neo-Anarchist’s Guide to North America, New York City S. 114-128","purpose":"description"}],"map_sources":[],"editions":["SR1"],"edition_descriptions":{"SR1":{"kind":"Ortsprofil","preview":"Netlink zählt zu den großen Daten- und Kommunikationskonzernen im Midtown-Korridor.","full":"Netlink zählt zu den großen Daten- und Kommunikationskonzernen im Midtown-Korridor. Die Position ist auf den belegten Stadt- oder Teilraum angenähert; eine hausgenaue Lage ist aus dem Datenmaterial nicht sicher ableitbar.","hasMore":true,"hasExcerpt":true,"sources":[{"bookId":"nagna-sr1","title":"The Neo-Anarchist’s Guide to North America","edition":"SR1","citation":"The Neo-Anarchist’s Guide to North America, New York City S. 114-128","purpose":"description"}]}}}},{"type":"Feature","geometry":{"type":"Point","coordinates":[-74.007178,40.71626]},"properties":{"id":169,"global_id":"manhattan:place:169-new-york-city-archives","name":"New York City Archives","aliases":[],"category":"Bildung und Kultur","detail_map":"Downtown","source_pages":"Krieg um Manhattan, Schauplätze","map_source":"Krieg um Manhattan / Battle of Manhattan","placement_note":"Nach Quellenbezug im Teilraum Downtown angenähert","accuracy":"Teilraumzuordnung; Feinposition vorläufig","source_map":"manhattan-content","source_panel":"Downtown","description_preview":"New York City Archives ist ein in Krieg um Manhattan / Battle of Manhattan belegter Schauplatz im Bereich Downtown.","description_full":"New York City Archives ist ein in Krieg um Manhattan / Battle of Manhattan belegter Schauplatz im Bereich Downtown. Die Position ist auf den belegten Stadt- oder Teilraum angenähert; eine hausgenaue Lage ist aus dem Datenmaterial nicht sicher ableitbar.","description_source":"Krieg um Manhattan, Schauplätze","description_kind":"Ortsprofil","description_has_more":true,"detail_plans":[],"alternate_locations":[],"sources":[{"bookId":"battle-manhattan-sr5","title":"Krieg um Manhattan / Battle of Manhattan","edition":"SR5","citation":"Krieg um Manhattan, Schauplätze","purpose":"description"}],"map_sources":[],"editions":["SR5"],"edition_descriptions":{"SR5":{"kind":"Ortsprofil","preview":"New York City Archives ist ein in Krieg um Manhattan / Battle of Manhattan belegter Schauplatz im Bereich Downtown.","full":"New York City Archives ist ein in Krieg um Manhattan / Battle of Manhattan belegter Schauplatz im Bereich Downtown. Die Position ist auf den belegten Stadt- oder Teilraum angenähert; eine hausgenaue Lage ist aus dem Datenmaterial nicht sicher ableitbar.","hasMore":true,"hasExcerpt":true,"sources":[{"bookId":"battle-manhattan-sr5","title":"Krieg um Manhattan / Battle of Manhattan","edition":"SR5","citation":"Krieg um Manhattan, Schauplätze","purpose":"description"}]}}}},{"type":"Feature","geometry":{"type":"Point","coordinates":[-74.025,40.699]},"properties":{"id":59,"global_id":"manhattan:place:59-new-york-harbor-islands","name":"New York Harbor Islands","aliases":[],"category":"Bezirke","detail_map":"New York Harbor Islands","source_pages":"The Rotten Apple: Manhattan, Viertelbeschreibung New York Harbor Islands, S. 13-23","map_source":"The Rotten Apple: Manhattan","placement_note":"Lore-Bezirkszentrum New York Harbor Islands","accuracy":"Lore-Bezirk; Grenzebene separat geprüft","source_map":"manhattan-content","source_panel":"New York Harbor Islands","description_preview":"Die Hafeninseln bilden getrennte Konzernräume: Governors Island ist ein Ares-Ausbildungs- und Testgelände, während Horizon Ellis und Liberty Island zum Virtual World Liberty Park umbaut.","description_full":"Die Hafeninseln bilden getrennte Konzernräume: Governors Island ist ein Ares-Ausbildungs- und Testgelände, während Horizon Ellis und Liberty Island zum Virtual World Liberty Park umbaut. Die Zusammenfassung folgt dem Bezirkskapitel der angegebenen Edition; heutige Grenzen dienen nur der geografischen Einordnung.","description_source":"The Rotten Apple: Manhattan, Viertelbeschreibung New York Harbor Islands, S. 13-23","description_kind":"Bezirksprofil","description_has_more":true,"detail_plans":[],"alternate_locations":[],"sources":[{"bookId":"rotten-apple-sr4","title":"The Rotten Apple: Manhattan","edition":"SR4","citation":"The Rotten Apple: Manhattan, Viertelbeschreibung New York Harbor Islands, S. 13-23","purpose":"description"},{"bookId":"nagna-sr1","title":"The Neo-Anarchist’s Guide to North America","edition":"SR1","citation":"The Neo-Anarchist’s Guide to North America, New York City S. 114-128","purpose":"description"},{"bookId":"stolen-souls-sr5","title":"Gestohlene Seelen / Stolen Souls","edition":"SR5","citation":"Gestohlene Seelen, New Yorker Konzernidyll S. 118-147","purpose":"description"}],"map_sources":[],"editions":["SR4","SR1","SR5"],"edition_descriptions":{"SR4":{"kind":"Bezirksprofil","preview":"Die Hafeninseln bilden getrennte Konzernräume: Governors Island ist ein Ares-Ausbildungs- und Testgelände, während Horizon Ellis und Liberty Island zum Virtual World Liberty Park umbaut.","full":"Die Hafeninseln bilden getrennte Konzernräume: Governors Island ist ein Ares-Ausbildungs- und Testgelände, während Horizon Ellis und Liberty Island zum Virtual World Liberty Park umbaut. Die Zusammenfassung folgt dem Bezirkskapitel der angegebenen Edition; heutige Grenzen dienen nur der geografischen Einordnung.","hasMore":true,"hasExcerpt":true,"sources":[{"bookId":"rotten-apple-sr4","title":"The Rotten Apple: Manhattan","edition":"SR4","citation":"The Rotten Apple: Manhattan, Viertelbeschreibung New York Harbor Islands, S. 13-23","purpose":"description"}]},"SR1":{"kind":"Bezirksprofil","preview":"Governors Island dient 2050 als stark bewaffneter Port-Authority-Komplex; die übrigen Hafeninseln bleiben wichtige Zugangspunkte und Symbole der Stadt.","full":"Governors Island dient 2050 als stark bewaffneter Port-Authority-Komplex; die übrigen Hafeninseln bleiben wichtige Zugangspunkte und Symbole der Stadt. Die Beschreibung folgt dem Lore-Stand der angegebenen Edition; die separat schaltbare Grenzebene bildet den jüngsten georeferenzierten Arbeitsstand ab.","hasMore":true,"hasExcerpt":true,"sources":[{"bookId":"nagna-sr1","title":"The Neo-Anarchist’s Guide to North America","edition":"SR1","citation":"The Neo-Anarchist’s Guide to North America, New York City S. 114-128","purpose":"description"}]},"SR5":{"kind":"Bezirksprofil","preview":"Governors Island gehört Ares; Ellis und Liberty Island bilden Horizons Virtual World Liberty Park mit Museum, Freizeitpark und unterirdischer Schnellbahn.","full":"Governors Island gehört Ares; Ellis und Liberty Island bilden Horizons Virtual World Liberty Park mit Museum, Freizeitpark und unterirdischer Schnellbahn. Die Beschreibung folgt dem Lore-Stand der angegebenen Edition; die separat schaltbare Grenzebene bildet den jüngsten georeferenzierten Arbeitsstand ab.","hasMore":true,"hasExcerpt":true,"sources":[{"bookId":"stolen-souls-sr5","title":"Gestohlene Seelen / Stolen Souls","edition":"SR5","citation":"Gestohlene Seelen, New Yorker Konzernidyll S. 118-147","purpose":"description"}]}}}},{"type":"Feature","geometry":{"type":"Point","coordinates":[-73.949404,40.803146]},"properties":{"id":3,"global_id":"manhattan:place:3-newtown","name":"Newtown","aliases":[],"category":"Bezirke","detail_map":"New Harlem","source_pages":"The Rotten Apple: Manhattan, Abschnitt New Harlem","map_source":"The Rotten Apple: Manhattan","placement_note":"Lore-Bezirkszentrum Newtown","accuracy":"Lore-Bezirk; Grenzebene separat geprüft","source_map":"manhattan-content","source_panel":"New Harlem","description_preview":"Das vollständig neu errichtete ehemalige Harlem sollte die konzernfreundliche Zukunft verkörpern; hinter der Fassade wachsen jedoch Neo-Anarchismus und kurzlebige Gangs aus Konzernjugendlichen.","description_full":"Das vollständig neu errichtete ehemalige Harlem sollte die konzernfreundliche Zukunft verkörpern; hinter der Fassade wachsen jedoch Neo-Anarchismus und kurzlebige Gangs aus Konzernjugendlichen. Die Zusammenfassung folgt dem Bezirkskapitel der angegebenen Edition; heutige Grenzen dienen nur der geografischen Einordnung.","description_source":"The Rotten Apple: Manhattan, Abschnitt New Harlem","description_kind":"Bezirksprofil","description_has_more":true,"detail_plans":[],"alternate_locations":[],"sources":[{"bookId":"rotten-apple-sr4","title":"The Rotten Apple: Manhattan","edition":"SR4","citation":"The Rotten Apple: Manhattan, Abschnitt New Harlem","purpose":"description"},{"bookId":"nagna-sr1","title":"The Neo-Anarchist’s Guide to North America","edition":"SR1","citation":"The Neo-Anarchist’s Guide to North America, New York City S. 114-128","purpose":"description"},{"bookId":"stolen-souls-sr5","title":"Gestohlene Seelen / Stolen Souls","edition":"SR5","citation":"Gestohlene Seelen, New Yorker Konzernidyll S. 118-147","purpose":"description"}],"map_sources":[],"editions":["SR4","SR1","SR5"],"edition_descriptions":{"SR4":{"kind":"Bezirksprofil","preview":"Das vollständig neu errichtete ehemalige Harlem sollte die konzernfreundliche Zukunft verkörpern; hinter der Fassade wachsen jedoch Neo-Anarchismus und kurzlebige Gangs aus Konzernjugendlichen.","full":"Das vollständig neu errichtete ehemalige Harlem sollte die konzernfreundliche Zukunft verkörpern; hinter der Fassade wachsen jedoch Neo-Anarchismus und kurzlebige Gangs aus Konzernjugendlichen. Die Zusammenfassung folgt dem Bezirkskapitel der angegebenen Edition; heutige Grenzen dienen nur der geografischen Einordnung.","hasMore":true,"hasExcerpt":true,"sources":[{"bookId":"rotten-apple-sr4","title":"The Rotten Apple: Manhattan","edition":"SR4","citation":"The Rotten Apple: Manhattan, Abschnitt New Harlem","purpose":"description"}]},"SR1":{"kind":"Bezirksprofil","preview":"Newtown ersetzt das weitgehend ausgelöschte Harlem durch neu errichtete Wohnquartiere; Apollo Theater, Cloisters und Columbia bewahren einzelne historische und kulturelle Anker.","full":"Newtown ersetzt das weitgehend ausgelöschte Harlem durch neu errichtete Wohnquartiere; Apollo Theater, Cloisters und Columbia bewahren einzelne historische und kulturelle Anker. Die Beschreibung folgt dem Lore-Stand der angegebenen Edition; die separat schaltbare Grenzebene bildet den jüngsten georeferenzierten Arbeitsstand ab.","hasMore":true,"hasExcerpt":true,"sources":[{"bookId":"nagna-sr1","title":"The Neo-Anarchist’s Guide to North America","edition":"SR1","citation":"The Neo-Anarchist’s Guide to North America, New York City S. 114-128","purpose":"description"}]},"SR5":{"kind":"Bezirksprofil","preview":"Newtown ist das konzerngeprägte Nachfolgeviertel Harlems; Zwangsräumungen und neue Luxusarkologien verstärken den neo-anarchistischen Widerstand.","full":"Newtown ist das konzerngeprägte Nachfolgeviertel Harlems; Zwangsräumungen und neue Luxusarkologien verstärken den neo-anarchistischen Widerstand. Die Beschreibung folgt dem Lore-Stand der angegebenen Edition; die separat schaltbare Grenzebene bildet den jüngsten georeferenzierten Arbeitsstand ab.","hasMore":true,"hasExcerpt":true,"sources":[{"bookId":"stolen-souls-sr5","title":"Gestohlene Seelen / Stolen Souls","edition":"SR5","citation":"Gestohlene Seelen, New Yorker Konzernidyll S. 118-147","purpose":"description"}]}}}},{"type":"Feature","geometry":{"type":"Point","coordinates":[-73.990552,40.75853]},"properties":{"id":52,"global_id":"manhattan:place:52-night-markets","name":"Night Markets","aliases":[],"category":"Einkaufen","detail_map":"Manhattan","source_pages":"The Rotten Apple: Manhattan, Abschnitt Manhattan","map_source":"The Rotten Apple: Manhattan","placement_note":"Nach Quellenbezug im Teilraum Manhattan angenähert","accuracy":"Teilraumzuordnung; Feinposition vorläufig","source_map":"manhattan-content","source_panel":"Manhattan","description_preview":"Night Markets ist ein in The Rotten Apple: Manhattan belegter Schauplatz im Bereich Manhattan.","description_full":"Night Markets ist ein in The Rotten Apple: Manhattan belegter Schauplatz im Bereich Manhattan. Die Position ist auf den belegten Stadt- oder Teilraum angenähert; eine hausgenaue Lage ist aus dem Datenmaterial nicht sicher ableitbar.","description_source":"The Rotten Apple: Manhattan, Abschnitt Manhattan","description_kind":"Ortsprofil","description_has_more":true,"detail_plans":[],"alternate_locations":[],"sources":[{"bookId":"rotten-apple-sr4","title":"The Rotten Apple: Manhattan","edition":"SR4","citation":"The Rotten Apple: Manhattan, Abschnitt Manhattan","purpose":"description"}],"map_sources":[],"editions":["SR4"],"edition_descriptions":{"SR4":{"kind":"Ortsprofil","preview":"Night Markets ist ein in The Rotten Apple: Manhattan belegter Schauplatz im Bereich Manhattan.","full":"Night Markets ist ein in The Rotten Apple: Manhattan belegter Schauplatz im Bereich Manhattan. Die Position ist auf den belegten Stadt- oder Teilraum angenähert; eine hausgenaue Lage ist aus dem Datenmaterial nicht sicher ableitbar.","hasMore":true,"hasExcerpt":true,"sources":[{"bookId":"rotten-apple-sr4","title":"The Rotten Apple: Manhattan","edition":"SR4","citation":"The Rotten Apple: Manhattan, Abschnitt Manhattan","purpose":"description"}]}}}},{"type":"Feature","geometry":{"type":"Point","coordinates":[-74.008208,40.74427]},"properties":{"id":140,"global_id":"manhattan:place:140-nowhere","name":"Nowhere","aliases":[],"category":"Bars und Clubs","detail_map":"Terminal","source_pages":"Flüsternetze - Manhattankarte, Nr. 19","map_source":"Flüsternetze","placement_note":"Nach Quellenbezug im Teilraum Terminal angenähert","accuracy":"Teilraumzuordnung; Feinposition vorläufig","source_map":"manhattan-content","source_panel":"Terminal","description_preview":"Nowhere ist ein in Flüsternetze belegter Schauplatz im Bereich Terminal.","description_full":"Nowhere ist ein in Flüsternetze belegter Schauplatz im Bereich Terminal. Die Position ist auf den belegten Stadt- oder Teilraum angenähert; eine hausgenaue Lage ist aus dem Datenmaterial nicht sicher ableitbar.","description_source":"Flüsternetze - Manhattankarte, Nr. 19","description_kind":"Ortsprofil","description_has_more":true,"detail_plans":[],"alternate_locations":[],"sources":[{"bookId":"fluesternetze-sr6","title":"Flüsternetze","edition":"SR6","citation":"Flüsternetze - Manhattankarte, Nr. 19","purpose":"description"}],"map_sources":[],"editions":["SR6"],"edition_descriptions":{"SR6":{"kind":"Ortsprofil","preview":"Nowhere ist ein in Flüsternetze belegter Schauplatz im Bereich Terminal.","full":"Nowhere ist ein in Flüsternetze belegter Schauplatz im Bereich Terminal. Die Position ist auf den belegten Stadt- oder Teilraum angenähert; eine hausgenaue Lage ist aus dem Datenmaterial nicht sicher ableitbar.","hasMore":true,"hasExcerpt":true,"sources":[{"bookId":"fluesternetze-sr6","title":"Flüsternetze","edition":"SR6","citation":"Flüsternetze - Manhattankarte, Nr. 19","purpose":"description"}]}},"map_number_sr6":19}},{"type":"Feature","geometry":{"type":"Point","coordinates":[-73.942153,40.809841]},"properties":{"id":156,"global_id":"manhattan:place:156-nullknoten","name":"Nullknoten","aliases":[],"category":"Matrix und Metaplanes","detail_map":"New Harlem","source_pages":"Flüsternetze, Kampagne S. 41-143","map_source":"Flüsternetze","placement_note":"Nach Quellenbezug im Teilraum New Harlem angenähert","accuracy":"Teilraumzuordnung; Feinposition vorläufig","source_map":"manhattan-content","source_panel":"New Harlem","description_preview":"Nullknoten ist ein in Flüsternetze belegter Schauplatz im Bereich New Harlem.","description_full":"Nullknoten ist ein in Flüsternetze belegter Schauplatz im Bereich New Harlem. Die Position ist auf den belegten Stadt- oder Teilraum angenähert; eine hausgenaue Lage ist aus dem Datenmaterial nicht sicher ableitbar.","description_source":"Flüsternetze, Kampagne S. 41-143","description_kind":"Ortsprofil","description_has_more":true,"detail_plans":[],"alternate_locations":[],"sources":[{"bookId":"fluesternetze-sr6","title":"Flüsternetze","edition":"SR6","citation":"Flüsternetze, Kampagne S. 41-143","purpose":"description"}],"map_sources":[],"editions":["SR6"],"edition_descriptions":{"SR6":{"kind":"Ortsprofil","preview":"Nullknoten ist ein in Flüsternetze belegter Schauplatz im Bereich New Harlem.","full":"Nullknoten ist ein in Flüsternetze belegter Schauplatz im Bereich New Harlem. Die Position ist auf den belegten Stadt- oder Teilraum angenähert; eine hausgenaue Lage ist aus dem Datenmaterial nicht sicher ableitbar.","hasMore":true,"hasExcerpt":true,"sources":[{"bookId":"fluesternetze-sr6","title":"Flüsternetze","edition":"SR6","citation":"Flüsternetze, Kampagne S. 41-143","purpose":"description"}]}}}},{"type":"Feature","geometry":{"type":"Point","coordinates":[-73.997031,40.733594]},"properties":{"id":87,"global_id":"manhattan:place:87-nypd-inc-headquarters","name":"NYPD, Inc. Headquarters","aliases":[],"category":"Sicherheit und Justiz","detail_map":"City Center","source_pages":"Gestohlene Seelen, New Yorker Konzernidyll S. 118-147","map_source":"Gestohlene Seelen / Stolen Souls","placement_note":"Nach Quellenbezug im Teilraum City Center angenähert","accuracy":"Teilraumzuordnung; Feinposition vorläufig","source_map":"manhattan-content","source_panel":"City Center","description_preview":"Der Hauptsitz von NYPD, Inc. liegt in City Center und koordiniert den größten Anteil des Sicherheitsvertrags der Insel.","description_full":"Der Hauptsitz von NYPD, Inc. liegt in City Center und koordiniert den größten Anteil des Sicherheitsvertrags der Insel. Die Position ist auf den belegten Stadt- oder Teilraum angenähert; eine hausgenaue Lage ist aus dem Datenmaterial nicht sicher ableitbar.","description_source":"Gestohlene Seelen, New Yorker Konzernidyll S. 118-147","description_kind":"Ortsprofil","description_has_more":true,"detail_plans":[],"alternate_locations":[],"sources":[{"bookId":"stolen-souls-sr5","title":"Gestohlene Seelen / Stolen Souls","edition":"SR5","citation":"Gestohlene Seelen, New Yorker Konzernidyll S. 118-147","purpose":"description"}],"map_sources":[],"editions":["SR5"],"edition_descriptions":{"SR5":{"kind":"Ortsprofil","preview":"Der Hauptsitz von NYPD, Inc. liegt in City Center und koordiniert den größten Anteil des Sicherheitsvertrags der Insel.","full":"Der Hauptsitz von NYPD, Inc. liegt in City Center und koordiniert den größten Anteil des Sicherheitsvertrags der Insel. Die Position ist auf den belegten Stadt- oder Teilraum angenähert; eine hausgenaue Lage ist aus dem Datenmaterial nicht sicher ableitbar.","hasMore":true,"hasExcerpt":true,"sources":[{"bookId":"stolen-souls-sr5","title":"Gestohlene Seelen / Stolen Souls","edition":"SR5","citation":"Gestohlene Seelen, New Yorker Konzernidyll S. 118-147","purpose":"description"}]}}}},{"type":"Feature","geometry":{"type":"Point","coordinates":[-73.924618,40.789385]},"properties":{"id":115,"global_id":"manhattan:place:115-nypd-inc-holding-facility","name":"NYPD, Inc. Holding Facility","aliases":[],"category":"Sicherheit und Justiz","detail_map":"Randalls Island","source_pages":"In and Out, Schauplätze","map_source":"Shadowrun Missions Season 3","placement_note":"Nach Quellenbezug im Teilraum Randalls Island angenähert","accuracy":"Teilraumzuordnung; Feinposition vorläufig","source_map":"manhattan-content","source_panel":"Randalls Island","description_preview":"Die Haftanlage von NYPD, Inc. auf Randall’s Island ist Ziel einer verdeckten Kontakt- und Befreiungsoperation.","description_full":"Die Haftanlage von NYPD, Inc. auf Randall’s Island ist Ziel einer verdeckten Kontakt- und Befreiungsoperation. Die Position ist auf den belegten Stadt- oder Teilraum angenähert; eine hausgenaue Lage ist aus dem Datenmaterial nicht sicher ableitbar.","description_source":"In and Out, Schauplätze","description_kind":"Ortsprofil","description_has_more":true,"detail_plans":[],"alternate_locations":[],"sources":[{"bookId":"srm03-sr4","title":"Shadowrun Missions Season 3","edition":"SR4","citation":"In and Out, Schauplätze","purpose":"description"}],"map_sources":[],"editions":["SR4"],"edition_descriptions":{"SR4":{"kind":"Ortsprofil","preview":"Die Haftanlage von NYPD, Inc. auf Randall’s Island ist Ziel einer verdeckten Kontakt- und Befreiungsoperation.","full":"Die Haftanlage von NYPD, Inc. auf Randall’s Island ist Ziel einer verdeckten Kontakt- und Befreiungsoperation. Die Position ist auf den belegten Stadt- oder Teilraum angenähert; eine hausgenaue Lage ist aus dem Datenmaterial nicht sicher ableitbar.","hasMore":true,"hasExcerpt":true,"sources":[{"bookId":"srm03-sr4","title":"Shadowrun Missions Season 3","edition":"SR4","citation":"In and Out, Schauplätze","purpose":"description"}]}}}},{"type":"Feature","geometry":{"type":"Point","coordinates":[-73.99246,40.711106]},"properties":{"id":143,"global_id":"manhattan:place:143-nypd-revier-10","name":"NYPD-Revier 10","aliases":[],"category":"Sicherheit und Justiz","detail_map":"Lower East Side","source_pages":"Flüsternetze - Manhattankarte, Nr. 22","map_source":"Flüsternetze","placement_note":"Nach Quellenbezug im Teilraum Lower East Side angenähert","accuracy":"Teilraumzuordnung; Feinposition vorläufig","source_map":"manhattan-content","source_panel":"Lower East Side","description_preview":"NYPD-Revier 10 ist ein in Flüsternetze belegter Schauplatz im Bereich Lower East Side.","description_full":"NYPD-Revier 10 ist ein in Flüsternetze belegter Schauplatz im Bereich Lower East Side. Die Position ist auf den belegten Stadt- oder Teilraum angenähert; eine hausgenaue Lage ist aus dem Datenmaterial nicht sicher ableitbar.","description_source":"Flüsternetze - Manhattankarte, Nr. 22","description_kind":"Ortsprofil","description_has_more":true,"detail_plans":[],"alternate_locations":[],"sources":[{"bookId":"fluesternetze-sr6","title":"Flüsternetze","edition":"SR6","citation":"Flüsternetze - Manhattankarte, Nr. 22","purpose":"description"}],"map_sources":[],"editions":["SR6"],"edition_descriptions":{"SR6":{"kind":"Ortsprofil","preview":"NYPD-Revier 10 ist ein in Flüsternetze belegter Schauplatz im Bereich Lower East Side.","full":"NYPD-Revier 10 ist ein in Flüsternetze belegter Schauplatz im Bereich Lower East Side. Die Position ist auf den belegten Stadt- oder Teilraum angenähert; eine hausgenaue Lage ist aus dem Datenmaterial nicht sicher ableitbar.","hasMore":true,"hasExcerpt":true,"sources":[{"bookId":"fluesternetze-sr6","title":"Flüsternetze","edition":"SR6","citation":"Flüsternetze - Manhattankarte, Nr. 22","purpose":"description"}]}},"map_number_sr6":22}},{"type":"Feature","geometry":{"type":"Point","coordinates":[-74.006254,40.726175]},"properties":{"id":159,"global_id":"manhattan:place:159-nyu-medical-school","name":"NYU Medical School","aliases":[],"category":"Medizin","detail_map":"Villages","source_pages":"Flüsternetze, Kampagne S. 41-143","map_source":"Flüsternetze","placement_note":"Nach Quellenbezug im Teilraum Villages angenähert","accuracy":"Teilraumzuordnung; Feinposition vorläufig","source_map":"manhattan-content","source_panel":"Villages","description_preview":"NYU Medical School ist ein in Flüsternetze belegter Schauplatz im Bereich Villages.","description_full":"NYU Medical School ist ein in Flüsternetze belegter Schauplatz im Bereich Villages. Die Position ist auf den belegten Stadt- oder Teilraum angenähert; eine hausgenaue Lage ist aus dem Datenmaterial nicht sicher ableitbar.","description_source":"Flüsternetze, Kampagne S. 41-143","description_kind":"Ortsprofil","description_has_more":true,"detail_plans":[],"alternate_locations":[],"sources":[{"bookId":"fluesternetze-sr6","title":"Flüsternetze","edition":"SR6","citation":"Flüsternetze, Kampagne S. 41-143","purpose":"description"}],"map_sources":[],"editions":["SR6"],"edition_descriptions":{"SR6":{"kind":"Ortsprofil","preview":"NYU Medical School ist ein in Flüsternetze belegter Schauplatz im Bereich Villages.","full":"NYU Medical School ist ein in Flüsternetze belegter Schauplatz im Bereich Villages. Die Position ist auf den belegten Stadt- oder Teilraum angenähert; eine hausgenaue Lage ist aus dem Datenmaterial nicht sicher ableitbar.","hasMore":true,"hasExcerpt":true,"sources":[{"bookId":"fluesternetze-sr6","title":"Flüsternetze","edition":"SR6","citation":"Flüsternetze, Kampagne S. 41-143","purpose":"description"}]}}}},{"type":"Feature","geometry":{"type":"Point","coordinates":[-73.970938,40.776708]},"properties":{"id":13,"global_id":"manhattan:place:13-obelisk","name":"Obelisk","aliases":[],"category":"Sonstige Spots","detail_map":"Central Park","source_pages":"The Rotten Apple: Manhattan, Abschnitt Central Park","map_source":"The Rotten Apple: Manhattan","placement_note":"Nach Quellenbezug im Teilraum Central Park angenähert","accuracy":"Teilraumzuordnung; Feinposition vorläufig","source_map":"manhattan-content","source_panel":"Central Park","description_preview":"Obelisk ist ein in The Rotten Apple: Manhattan belegter Schauplatz im Bereich Central Park.","description_full":"Obelisk ist ein in The Rotten Apple: Manhattan belegter Schauplatz im Bereich Central Park. Die Position ist auf den belegten Stadt- oder Teilraum angenähert; eine hausgenaue Lage ist aus dem Datenmaterial nicht sicher ableitbar.","description_source":"The Rotten Apple: Manhattan, Abschnitt Central Park","description_kind":"Ortsprofil","description_has_more":true,"detail_plans":[],"alternate_locations":[],"sources":[{"bookId":"rotten-apple-sr4","title":"The Rotten Apple: Manhattan","edition":"SR4","citation":"The Rotten Apple: Manhattan, Abschnitt Central Park","purpose":"description"}],"map_sources":[],"editions":["SR4"],"edition_descriptions":{"SR4":{"kind":"Ortsprofil","preview":"Obelisk ist ein in The Rotten Apple: Manhattan belegter Schauplatz im Bereich Central Park.","full":"Obelisk ist ein in The Rotten Apple: Manhattan belegter Schauplatz im Bereich Central Park. Die Position ist auf den belegten Stadt- oder Teilraum angenähert; eine hausgenaue Lage ist aus dem Datenmaterial nicht sicher ableitbar.","hasMore":true,"hasExcerpt":true,"sources":[{"bookId":"rotten-apple-sr4","title":"The Rotten Apple: Manhattan","edition":"SR4","citation":"The Rotten Apple: Manhattan, Abschnitt Central Park","purpose":"description"}]}}}},{"type":"Feature","geometry":{"type":"Point","coordinates":[-74.011442,40.739772]},"properties":{"id":82,"global_id":"manhattan:place:82-old-post-near-penn-station","name":"Old Post near Penn Station","aliases":[],"category":"Sonstige Spots","detail_map":"Terminal","source_pages":"Konzernenklaven: Manhattan, S. 1-4","map_source":"Konzernenklaven: Manhattan","placement_note":"Nach Quellenbezug im Teilraum Terminal angenähert","accuracy":"Teilraumzuordnung; Feinposition vorläufig","source_map":"manhattan-content","source_panel":"Terminal","description_preview":"Die alte Post nahe Penn Station ist ein lebendiger Treffpunkt von Kurieren, Dieben, Abhängigen und Neo-Anarchisten.","description_full":"Die alte Post nahe Penn Station ist ein lebendiger Treffpunkt von Kurieren, Dieben, Abhängigen und Neo-Anarchisten. Die Position ist auf den belegten Stadt- oder Teilraum angenähert; eine hausgenaue Lage ist aus dem Datenmaterial nicht sicher ableitbar.","description_source":"Konzernenklaven: Manhattan, S. 1-4","description_kind":"Ortsprofil","description_has_more":true,"detail_plans":[],"alternate_locations":[],"sources":[{"bookId":"corporate-enclaves-manhattan-sr4","title":"Konzernenklaven: Manhattan","edition":"SR4","citation":"Konzernenklaven: Manhattan, S. 1-4","purpose":"description"}],"map_sources":[],"editions":["SR4"],"edition_descriptions":{"SR4":{"kind":"Ortsprofil","preview":"Die alte Post nahe Penn Station ist ein lebendiger Treffpunkt von Kurieren, Dieben, Abhängigen und Neo-Anarchisten.","full":"Die alte Post nahe Penn Station ist ein lebendiger Treffpunkt von Kurieren, Dieben, Abhängigen und Neo-Anarchisten. Die Position ist auf den belegten Stadt- oder Teilraum angenähert; eine hausgenaue Lage ist aus dem Datenmaterial nicht sicher ableitbar.","hasMore":true,"hasExcerpt":true,"sources":[{"bookId":"corporate-enclaves-manhattan-sr4","title":"Konzernenklaven: Manhattan","edition":"SR4","citation":"Konzernenklaven: Manhattan, S. 1-4","purpose":"description"}]}}}},{"type":"Feature","geometry":{"type":"Point","coordinates":[-73.98536,40.726857]},"properties":{"id":38,"global_id":"manhattan:place:38-orchard-street","name":"Orchard Street","aliases":[],"category":"Sonstige Spots","detail_map":"Heritage","source_pages":"The Rotten Apple: Manhattan, Abschnitt Heritage","map_source":"The Rotten Apple: Manhattan","placement_note":"Nach Quellenbezug im Teilraum Heritage angenähert","accuracy":"Teilraumzuordnung; Feinposition vorläufig","source_map":"manhattan-content","source_panel":"Heritage","description_preview":"Orchard Street ist ein in The Rotten Apple: Manhattan belegter Schauplatz im Bereich Heritage.","description_full":"Orchard Street ist ein in The Rotten Apple: Manhattan belegter Schauplatz im Bereich Heritage. Die Position ist auf den belegten Stadt- oder Teilraum angenähert; eine hausgenaue Lage ist aus dem Datenmaterial nicht sicher ableitbar.","description_source":"The Rotten Apple: Manhattan, Abschnitt Heritage","description_kind":"Ortsprofil","description_has_more":true,"detail_plans":[],"alternate_locations":[],"sources":[{"bookId":"rotten-apple-sr4","title":"The Rotten Apple: Manhattan","edition":"SR4","citation":"The Rotten Apple: Manhattan, Abschnitt Heritage","purpose":"description"}],"map_sources":[],"editions":["SR4"],"edition_descriptions":{"SR4":{"kind":"Ortsprofil","preview":"Orchard Street ist ein in The Rotten Apple: Manhattan belegter Schauplatz im Bereich Heritage.","full":"Orchard Street ist ein in The Rotten Apple: Manhattan belegter Schauplatz im Bereich Heritage. Die Position ist auf den belegten Stadt- oder Teilraum angenähert; eine hausgenaue Lage ist aus dem Datenmaterial nicht sicher ableitbar.","hasMore":true,"hasExcerpt":true,"sources":[{"bookId":"rotten-apple-sr4","title":"The Rotten Apple: Manhattan","edition":"SR4","citation":"The Rotten Apple: Manhattan, Abschnitt Heritage","purpose":"description"}]}}}},{"type":"Feature","geometry":{"type":"Point","coordinates":[-73.9935,40.7506]},"properties":{"id":17,"global_id":"manhattan:place:17-penn-station","name":"Penn Station","aliases":[],"category":"Verkehr","detail_map":"Midtown","source_pages":"The Rotten Apple: Manhattan, Abschnitt Midtown","map_source":"The Rotten Apple: Manhattan","placement_note":"Erhaltener geographischer Bezugspunkt","accuracy":"Geographischer Bezugspunkt","source_map":"manhattan-content","source_panel":"Midtown","description_preview":"Penn Station ist ein in The Rotten Apple: Manhattan belegter Schauplatz im Bereich Midtown.","description_full":"Penn Station ist ein in The Rotten Apple: Manhattan belegter Schauplatz im Bereich Midtown. Die Position folgt einem erhaltenen heutigen Bezugspunkt.","description_source":"The Rotten Apple: Manhattan, Abschnitt Midtown","description_kind":"Ortsprofil","description_has_more":true,"detail_plans":[],"alternate_locations":[],"sources":[{"bookId":"rotten-apple-sr4","title":"The Rotten Apple: Manhattan","edition":"SR4","citation":"The Rotten Apple: Manhattan, Abschnitt Midtown","purpose":"description"},{"bookId":"nagna-sr1","title":"The Neo-Anarchist’s Guide to North America","edition":"SR1","citation":"The Neo-Anarchist’s Guide to North America, New York City S. 114-128","purpose":"description"},{"bookId":"fluesternetze-sr6","title":"Flüsternetze","edition":"SR6","citation":"Flüsternetze - Manhattankarte, Nr. 5","purpose":"description"}],"map_sources":[],"editions":["SR4","SR1","SR6"],"edition_descriptions":{"SR4":{"kind":"Ortsprofil","preview":"Penn Station ist ein in The Rotten Apple: Manhattan belegter Schauplatz im Bereich Midtown.","full":"Penn Station ist ein in The Rotten Apple: Manhattan belegter Schauplatz im Bereich Midtown. Die Position folgt einem erhaltenen heutigen Bezugspunkt.","hasMore":true,"hasExcerpt":true,"sources":[{"bookId":"rotten-apple-sr4","title":"The Rotten Apple: Manhattan","edition":"SR4","citation":"The Rotten Apple: Manhattan, Abschnitt Midtown","purpose":"description"}]},"SR1":{"kind":"Ortsprofil","preview":"Penn Station verbindet PATH-, Fern- und Vorortlinien und bildet zusammen mit Port Authority den Kern von Terminal.","full":"Penn Station verbindet PATH-, Fern- und Vorortlinien und bildet zusammen mit Port Authority den Kern von Terminal. Die Position folgt einem erhaltenen heutigen Bezugspunkt.","hasMore":true,"hasExcerpt":true,"sources":[{"bookId":"nagna-sr1","title":"The Neo-Anarchist’s Guide to North America","edition":"SR1","citation":"The Neo-Anarchist’s Guide to North America, New York City S. 114-128","purpose":"description"}]},"SR6":{"kind":"Quellennachweis","preview":"Penn Station ist für SR6 in Flüsternetze belegt.","full":"Penn Station ist für SR6 in Flüsternetze belegt. Der Eintrag wird editionsübergreifend mit demselben Ort zusammengeführt.","hasMore":true,"hasExcerpt":false,"sources":[{"bookId":"fluesternetze-sr6","title":"Flüsternetze","edition":"SR6","citation":"Flüsternetze - Manhattankarte, Nr. 5","purpose":"description"}]}},"map_number_sr6":5}},{"type":"Feature","geometry":{"type":"Point","coordinates":[-73.993192,40.708528]},"properties":{"id":22,"global_id":"manhattan:place:22-pizza-now","name":"Pizza Now","aliases":[],"category":"Sonstige Spots","detail_map":"Lower East Side","source_pages":"The Rotten Apple: Manhattan, Abschnitt Lower East Side","map_source":"The Rotten Apple: Manhattan","placement_note":"Nach Quellenbezug im Teilraum Lower East Side angenähert","accuracy":"Teilraumzuordnung; Feinposition vorläufig","source_map":"manhattan-content","source_panel":"Lower East Side","description_preview":"Pizza Now ist ein in The Rotten Apple: Manhattan belegter Schauplatz im Bereich Lower East Side.","description_full":"Pizza Now ist ein in The Rotten Apple: Manhattan belegter Schauplatz im Bereich Lower East Side. Die Position ist auf den belegten Stadt- oder Teilraum angenähert; eine hausgenaue Lage ist aus dem Datenmaterial nicht sicher ableitbar.","description_source":"The Rotten Apple: Manhattan, Abschnitt Lower East Side","description_kind":"Ortsprofil","description_has_more":true,"detail_plans":[],"alternate_locations":[],"sources":[{"bookId":"rotten-apple-sr4","title":"The Rotten Apple: Manhattan","edition":"SR4","citation":"The Rotten Apple: Manhattan, Abschnitt Lower East Side","purpose":"description"}],"map_sources":[],"editions":["SR4"],"edition_descriptions":{"SR4":{"kind":"Ortsprofil","preview":"Pizza Now ist ein in The Rotten Apple: Manhattan belegter Schauplatz im Bereich Lower East Side.","full":"Pizza Now ist ein in The Rotten Apple: Manhattan belegter Schauplatz im Bereich Lower East Side. Die Position ist auf den belegten Stadt- oder Teilraum angenähert; eine hausgenaue Lage ist aus dem Datenmaterial nicht sicher ableitbar.","hasMore":true,"hasExcerpt":true,"sources":[{"bookId":"rotten-apple-sr4","title":"The Rotten Apple: Manhattan","edition":"SR4","citation":"The Rotten Apple: Manhattan, Abschnitt Lower East Side","purpose":"description"}]}}}},{"type":"Feature","geometry":{"type":"Point","coordinates":[-74.006508,40.743891]},"properties":{"id":76,"global_id":"manhattan:place:76-port-authority-transit-terminal","name":"Port Authority Transit Terminal","aliases":[],"category":"Verkehr","detail_map":"Terminal","source_pages":"The Neo-Anarchist’s Guide to North America, New York City S. 114-128","map_source":"The Neo-Anarchist’s Guide to North America","placement_note":"Nach Quellenbezug im Teilraum Terminal angenähert","accuracy":"Teilraumzuordnung; Feinposition vorläufig","source_map":"manhattan-content","source_panel":"Terminal","description_preview":"Das Port Authority Transit Terminal ist einer der beiden wichtigsten Ankunftspunkte für die ärmere Pendler- und Besucherbevölkerung.","description_full":"Das Port Authority Transit Terminal ist einer der beiden wichtigsten Ankunftspunkte für die ärmere Pendler- und Besucherbevölkerung. Die Position ist auf den belegten Stadt- oder Teilraum angenähert; eine hausgenaue Lage ist aus dem Datenmaterial nicht sicher ableitbar.","description_source":"The Neo-Anarchist’s Guide to North America, New York City S. 114-128","description_kind":"Ortsprofil","description_has_more":true,"detail_plans":[],"alternate_locations":[],"sources":[{"bookId":"nagna-sr1","title":"The Neo-Anarchist’s Guide to North America","edition":"SR1","citation":"The Neo-Anarchist’s Guide to North America, New York City S. 114-128","purpose":"description"}],"map_sources":[],"editions":["SR1"],"edition_descriptions":{"SR1":{"kind":"Ortsprofil","preview":"Das Port Authority Transit Terminal ist einer der beiden wichtigsten Ankunftspunkte für die ärmere Pendler- und Besucherbevölkerung.","full":"Das Port Authority Transit Terminal ist einer der beiden wichtigsten Ankunftspunkte für die ärmere Pendler- und Besucherbevölkerung. Die Position ist auf den belegten Stadt- oder Teilraum angenähert; eine hausgenaue Lage ist aus dem Datenmaterial nicht sicher ableitbar.","hasMore":true,"hasExcerpt":true,"sources":[{"bookId":"nagna-sr1","title":"The Neo-Anarchist’s Guide to North America","edition":"SR1","citation":"The Neo-Anarchist’s Guide to North America, New York City S. 114-128","purpose":"description"}]}}}},{"type":"Feature","geometry":{"type":"Point","coordinates":[-73.973717,40.793375]},"properties":{"id":6,"global_id":"manhattan:place:6-prometheus-spire","name":"Prometheus Spire","aliases":[],"category":"Konzerne","detail_map":"Upper West Side","source_pages":"The Rotten Apple: Manhattan, Abschnitt Upper West Side","map_source":"The Rotten Apple: Manhattan","placement_note":"Nach Quellenbezug im Teilraum Upper West Side angenähert","accuracy":"Teilraumzuordnung; Feinposition vorläufig","source_map":"manhattan-content","source_panel":"Upper West Side","description_preview":"Prometheus Spire ist ein in The Rotten Apple: Manhattan belegter Schauplatz im Bereich Upper West Side.","description_full":"Prometheus Spire ist ein in The Rotten Apple: Manhattan belegter Schauplatz im Bereich Upper West Side. Die Position ist auf den belegten Stadt- oder Teilraum angenähert; eine hausgenaue Lage ist aus dem Datenmaterial nicht sicher ableitbar.","description_source":"The Rotten Apple: Manhattan, Abschnitt Upper West Side","description_kind":"Ortsprofil","description_has_more":true,"detail_plans":[],"alternate_locations":[],"sources":[{"bookId":"rotten-apple-sr4","title":"The Rotten Apple: Manhattan","edition":"SR4","citation":"The Rotten Apple: Manhattan, Abschnitt Upper West Side","purpose":"description"},{"bookId":"nagna-sr1","title":"The Neo-Anarchist’s Guide to North America","edition":"SR1","citation":"The Neo-Anarchist’s Guide to North America, New York City S. 114-128","purpose":"description"},{"bookId":"stolen-souls-sr5","title":"Gestohlene Seelen / Stolen Souls","edition":"SR5","citation":"Gestohlene Seelen, New Yorker Konzernidyll S. 118-147","purpose":"description"}],"map_sources":[],"editions":["SR4","SR1","SR5"],"edition_descriptions":{"SR4":{"kind":"Ortsprofil","preview":"Prometheus Spire ist ein in The Rotten Apple: Manhattan belegter Schauplatz im Bereich Upper West Side.","full":"Prometheus Spire ist ein in The Rotten Apple: Manhattan belegter Schauplatz im Bereich Upper West Side. Die Position ist auf den belegten Stadt- oder Teilraum angenähert; eine hausgenaue Lage ist aus dem Datenmaterial nicht sicher ableitbar.","hasMore":true,"hasExcerpt":true,"sources":[{"bookId":"rotten-apple-sr4","title":"The Rotten Apple: Manhattan","edition":"SR4","citation":"The Rotten Apple: Manhattan, Abschnitt Upper West Side","purpose":"description"}]},"SR1":{"kind":"Ortsprofil","preview":"Die spiralförmige Prometheus-Arkologie verbindet Forschung, Büros und abgeschirmte Wohnbereiche in einem ungewöhnlichen Hochhaus.","full":"Die spiralförmige Prometheus-Arkologie verbindet Forschung, Büros und abgeschirmte Wohnbereiche in einem ungewöhnlichen Hochhaus. Die Position ist auf den belegten Stadt- oder Teilraum angenähert; eine hausgenaue Lage ist aus dem Datenmaterial nicht sicher ableitbar.","hasMore":true,"hasExcerpt":true,"sources":[{"bookId":"nagna-sr1","title":"The Neo-Anarchist’s Guide to North America","edition":"SR1","citation":"The Neo-Anarchist’s Guide to North America, New York City S. 114-128","purpose":"description"}]},"SR5":{"kind":"Ortsprofil","preview":"Der Prometheus Tower ist ein zentraler Forschungs- und Verwaltungsstandort von Prometheus Engineering.","full":"Der Prometheus Tower ist ein zentraler Forschungs- und Verwaltungsstandort von Prometheus Engineering. Die Position ist auf den belegten Stadt- oder Teilraum angenähert; eine hausgenaue Lage ist aus dem Datenmaterial nicht sicher ableitbar.","hasMore":true,"hasExcerpt":true,"sources":[{"bookId":"stolen-souls-sr5","title":"Gestohlene Seelen / Stolen Souls","edition":"SR5","citation":"Gestohlene Seelen, New Yorker Konzernidyll S. 118-147","purpose":"description"}]}}}},{"type":"Feature","geometry":{"type":"Point","coordinates":[-73.977392,40.757686]},"properties":{"id":123,"global_id":"manhattan:place:123-pulaski-ftc-soyosset-facility","name":"Pulaski FTC Soyosset Facility","aliases":[],"category":"Konzerne","detail_map":"Manhattan","source_pages":"Food Poisoning, Schauplätze","map_source":"Shadowrun Missions Season 3","placement_note":"Nach Quellenbezug im Teilraum Manhattan angenähert","accuracy":"Teilraumzuordnung; Feinposition vorläufig","source_map":"manhattan-content","source_panel":"Manhattan","description_preview":"Pulaski Food Technology betreibt nördlich der Stadt eine Produktions- und Forschungsanlage, in der Kenji Vlastimil versteckt wird.","description_full":"Pulaski Food Technology betreibt nördlich der Stadt eine Produktions- und Forschungsanlage, in der Kenji Vlastimil versteckt wird. Die Position ist auf den belegten Stadt- oder Teilraum angenähert; eine hausgenaue Lage ist aus dem Datenmaterial nicht sicher ableitbar.","description_source":"Food Poisoning, Schauplätze","description_kind":"Ortsprofil","description_has_more":true,"detail_plans":[],"alternate_locations":[],"sources":[{"bookId":"srm03-sr4","title":"Shadowrun Missions Season 3","edition":"SR4","citation":"Food Poisoning, Schauplätze","purpose":"description"}],"map_sources":[],"editions":["SR4"],"edition_descriptions":{"SR4":{"kind":"Ortsprofil","preview":"Pulaski Food Technology betreibt nördlich der Stadt eine Produktions- und Forschungsanlage, in der Kenji Vlastimil versteckt wird.","full":"Pulaski Food Technology betreibt nördlich der Stadt eine Produktions- und Forschungsanlage, in der Kenji Vlastimil versteckt wird. Die Position ist auf den belegten Stadt- oder Teilraum angenähert; eine hausgenaue Lage ist aus dem Datenmaterial nicht sicher ableitbar.","hasMore":true,"hasExcerpt":true,"sources":[{"bookId":"srm03-sr4","title":"Shadowrun Missions Season 3","edition":"SR4","citation":"Food Poisoning, Schauplätze","purpose":"description"}]}}}},{"type":"Feature","geometry":{"type":"Point","coordinates":[-73.989,40.723695]},"properties":{"id":152,"global_id":"manhattan:place:152-quik-e-nap","name":"Quik-E-Nap","aliases":[],"category":"Hotels","detail_map":"Lower East Side","source_pages":"Flüsternetze, Kampagne S. 41-143","map_source":"Flüsternetze","placement_note":"Nach Quellenbezug im Teilraum Lower East Side angenähert","accuracy":"Teilraumzuordnung; Feinposition vorläufig","source_map":"manhattan-content","source_panel":"Lower East Side","description_preview":"Quik-E-Nap ist ein in Flüsternetze belegter Schauplatz im Bereich Lower East Side.","description_full":"Quik-E-Nap ist ein in Flüsternetze belegter Schauplatz im Bereich Lower East Side. Die Position ist auf den belegten Stadt- oder Teilraum angenähert; eine hausgenaue Lage ist aus dem Datenmaterial nicht sicher ableitbar.","description_source":"Flüsternetze, Kampagne S. 41-143","description_kind":"Ortsprofil","description_has_more":true,"detail_plans":[],"alternate_locations":[],"sources":[{"bookId":"fluesternetze-sr6","title":"Flüsternetze","edition":"SR6","citation":"Flüsternetze, Kampagne S. 41-143","purpose":"description"}],"map_sources":[],"editions":["SR6"],"edition_descriptions":{"SR6":{"kind":"Ortsprofil","preview":"Quik-E-Nap ist ein in Flüsternetze belegter Schauplatz im Bereich Lower East Side.","full":"Quik-E-Nap ist ein in Flüsternetze belegter Schauplatz im Bereich Lower East Side. Die Position ist auf den belegten Stadt- oder Teilraum angenähert; eine hausgenaue Lage ist aus dem Datenmaterial nicht sicher ableitbar.","hasMore":true,"hasExcerpt":true,"sources":[{"bookId":"fluesternetze-sr6","title":"Flüsternetze","edition":"SR6","citation":"Flüsternetze, Kampagne S. 41-143","purpose":"description"}]}}}},{"type":"Feature","geometry":{"type":"Point","coordinates":[-73.991116,40.763784]},"properties":{"id":137,"global_id":"manhattan:place:137-railspur-apartments","name":"Railspur-Apartments","aliases":[],"category":"Hotels","detail_map":"Manhattan","source_pages":"Flüsternetze - Manhattankarte, Nr. 15","map_source":"Flüsternetze","placement_note":"Nach Quellenbezug im Teilraum Manhattan angenähert","accuracy":"Teilraumzuordnung; Feinposition vorläufig","source_map":"manhattan-content","source_panel":"Manhattan","description_preview":"Railspur-Apartments ist ein in Flüsternetze belegter Schauplatz im Bereich Manhattan.","description_full":"Railspur-Apartments ist ein in Flüsternetze belegter Schauplatz im Bereich Manhattan. Die Position ist auf den belegten Stadt- oder Teilraum angenähert; eine hausgenaue Lage ist aus dem Datenmaterial nicht sicher ableitbar.","description_source":"Flüsternetze - Manhattankarte, Nr. 15","description_kind":"Ortsprofil","description_has_more":true,"detail_plans":[],"alternate_locations":[],"sources":[{"bookId":"fluesternetze-sr6","title":"Flüsternetze","edition":"SR6","citation":"Flüsternetze - Manhattankarte, Nr. 15","purpose":"description"}],"map_sources":[],"editions":["SR6"],"edition_descriptions":{"SR6":{"kind":"Ortsprofil","preview":"Railspur-Apartments ist ein in Flüsternetze belegter Schauplatz im Bereich Manhattan.","full":"Railspur-Apartments ist ein in Flüsternetze belegter Schauplatz im Bereich Manhattan. Die Position ist auf den belegten Stadt- oder Teilraum angenähert; eine hausgenaue Lage ist aus dem Datenmaterial nicht sicher ableitbar.","hasMore":true,"hasExcerpt":true,"sources":[{"bookId":"fluesternetze-sr6","title":"Flüsternetze","edition":"SR6","citation":"Flüsternetze - Manhattankarte, Nr. 15","purpose":"description"}]}},"map_number_sr6":15}},{"type":"Feature","geometry":{"type":"Point","coordinates":[-73.9227,40.7957]},"properties":{"id":129,"global_id":"manhattan:place:129-randalls-island","name":"Randalls Island","aliases":[],"category":"Sonstige Spots","detail_map":"Randalls Island","source_pages":"Flüsternetze - Manhattankarte, Nr. 3","map_source":"Flüsternetze","placement_note":"Erhaltener geographischer Bezugspunkt","accuracy":"Geographischer Bezugspunkt","source_map":"manhattan-content","source_panel":"Randalls Island","description_preview":"Randalls Island ist ein in Flüsternetze belegter Schauplatz im Bereich Randalls Island.","description_full":"Randalls Island ist ein in Flüsternetze belegter Schauplatz im Bereich Randalls Island. Die Position folgt einem erhaltenen heutigen Bezugspunkt.","description_source":"Flüsternetze - Manhattankarte, Nr. 3","description_kind":"Ortsprofil","description_has_more":true,"detail_plans":[],"alternate_locations":[],"sources":[{"bookId":"fluesternetze-sr6","title":"Flüsternetze","edition":"SR6","citation":"Flüsternetze - Manhattankarte, Nr. 3","purpose":"description"}],"map_sources":[],"editions":["SR6"],"edition_descriptions":{"SR6":{"kind":"Ortsprofil","preview":"Randalls Island ist ein in Flüsternetze belegter Schauplatz im Bereich Randalls Island.","full":"Randalls Island ist ein in Flüsternetze belegter Schauplatz im Bereich Randalls Island. Die Position folgt einem erhaltenen heutigen Bezugspunkt.","hasMore":true,"hasExcerpt":true,"sources":[{"bookId":"fluesternetze-sr6","title":"Flüsternetze","edition":"SR6","citation":"Flüsternetze - Manhattankarte, Nr. 3","purpose":"description"}]}},"map_number_sr6":3}},{"type":"Feature","geometry":{"type":"Point","coordinates":[-73.93095,40.789676]},"properties":{"id":10,"global_id":"manhattan:place:10-randalls-and-wards-islands","name":"Randall’s and Ward’s Islands","aliases":[],"category":"Bezirke","detail_map":"Randalls Island","source_pages":"The Rotten Apple: Manhattan, Abschnitt Randalls Island","map_source":"The Rotten Apple: Manhattan","placement_note":"Lore-Bezirkszentrum Randall’s and Ward’s Islands","accuracy":"Lore-Bezirk; Grenzebene separat geprüft","source_map":"manhattan-content","source_panel":"Randalls Island","description_preview":"Randall’s Island beherbergt Gefängnisse niedrigerer und mittlerer Sicherheitsstufe; das durch Aufschüttung verbundene Ward’s Island dient Horizon als Rehabilitations- und Psychiatriezentrum.","description_full":"Randall’s Island beherbergt Gefängnisse niedrigerer und mittlerer Sicherheitsstufe; das durch Aufschüttung verbundene Ward’s Island dient Horizon als Rehabilitations- und Psychiatriezentrum. Die Zusammenfassung folgt dem Bezirkskapitel der angegebenen Edition; heutige Grenzen dienen nur der geografischen Einordnung.","description_source":"The Rotten Apple: Manhattan, Abschnitt Randalls Island","description_kind":"Bezirksprofil","description_has_more":true,"detail_plans":[],"alternate_locations":[],"sources":[{"bookId":"rotten-apple-sr4","title":"The Rotten Apple: Manhattan","edition":"SR4","citation":"The Rotten Apple: Manhattan, Abschnitt Randalls Island","purpose":"description"},{"bookId":"nagna-sr1","title":"The Neo-Anarchist’s Guide to North America","edition":"SR1","citation":"The Neo-Anarchist’s Guide to North America, New York City S. 114-128","purpose":"description"},{"bookId":"stolen-souls-sr5","title":"Gestohlene Seelen / Stolen Souls","edition":"SR5","citation":"Gestohlene Seelen, New Yorker Konzernidyll S. 118-147","purpose":"description"}],"map_sources":[],"editions":["SR4","SR1","SR5"],"edition_descriptions":{"SR4":{"kind":"Bezirksprofil","preview":"Randall’s Island beherbergt Gefängnisse niedrigerer und mittlerer Sicherheitsstufe; das durch Aufschüttung verbundene Ward’s Island dient Horizon als Rehabilitations- und Psychiatriezentrum.","full":"Randall’s Island beherbergt Gefängnisse niedrigerer und mittlerer Sicherheitsstufe; das durch Aufschüttung verbundene Ward’s Island dient Horizon als Rehabilitations- und Psychiatriezentrum. Die Zusammenfassung folgt dem Bezirkskapitel der angegebenen Edition; heutige Grenzen dienen nur der geografischen Einordnung.","hasMore":true,"hasExcerpt":true,"sources":[{"bookId":"rotten-apple-sr4","title":"The Rotten Apple: Manhattan","edition":"SR4","citation":"The Rotten Apple: Manhattan, Abschnitt Randalls Island","purpose":"description"}]},"SR1":{"kind":"Bezirksprofil","preview":"Randall’s Island beherbergt 2050 Manhattans Gefängnisse niedrigerer und mittlerer Sicherheitsstufe.","full":"Randall’s Island beherbergt 2050 Manhattans Gefängnisse niedrigerer und mittlerer Sicherheitsstufe. Die Beschreibung folgt dem Lore-Stand der angegebenen Edition; die separat schaltbare Grenzebene bildet den jüngsten georeferenzierten Arbeitsstand ab.","hasMore":true,"hasExcerpt":true,"sources":[{"bookId":"nagna-sr1","title":"The Neo-Anarchist’s Guide to North America","edition":"SR1","citation":"The Neo-Anarchist’s Guide to North America, New York City S. 114-128","purpose":"description"}]},"SR5":{"kind":"Bezirksprofil","preview":"Randall’s Island trägt Gefängnis- und Konzernanlagen, während Ward’s Island mit dem Horizon Rehabilitation and Psychiatric Center verbunden ist.","full":"Randall’s Island trägt Gefängnis- und Konzernanlagen, während Ward’s Island mit dem Horizon Rehabilitation and Psychiatric Center verbunden ist. Die Beschreibung folgt dem Lore-Stand der angegebenen Edition; die separat schaltbare Grenzebene bildet den jüngsten georeferenzierten Arbeitsstand ab.","hasMore":true,"hasExcerpt":true,"sources":[{"bookId":"stolen-souls-sr5","title":"Gestohlene Seelen / Stolen Souls","edition":"SR5","citation":"Gestohlene Seelen, New Yorker Konzernidyll S. 118-147","purpose":"description"}]}}}},{"type":"Feature","geometry":{"type":"Point","coordinates":[-74.008292,40.719458]},"properties":{"id":105,"global_id":"manhattan:place:105-red-light-lounge","name":"Red Light Lounge","aliases":[],"category":"Bars und Clubs","detail_map":"Downtown","source_pages":"Gestohlene Seelen, New Yorker Konzernidyll S. 118-147","map_source":"Gestohlene Seelen / Stolen Souls","placement_note":"Nach Quellenbezug im Teilraum Downtown angenähert","accuracy":"Teilraumzuordnung; Feinposition vorläufig","source_map":"manhattan-content","source_panel":"Downtown","description_preview":"Die lizenzierte Red Light Lounge inszeniert Prohibitionskriminalität für zahlende Gäste und dient Konzernkontakten als diskreter Treffpunkt.","description_full":"Die lizenzierte Red Light Lounge inszeniert Prohibitionskriminalität für zahlende Gäste und dient Konzernkontakten als diskreter Treffpunkt. Die Position ist auf den belegten Stadt- oder Teilraum angenähert; eine hausgenaue Lage ist aus dem Datenmaterial nicht sicher ableitbar.","description_source":"Gestohlene Seelen, New Yorker Konzernidyll S. 118-147","description_kind":"Ortsprofil","description_has_more":true,"detail_plans":[],"alternate_locations":[],"sources":[{"bookId":"stolen-souls-sr5","title":"Gestohlene Seelen / Stolen Souls","edition":"SR5","citation":"Gestohlene Seelen, New Yorker Konzernidyll S. 118-147","purpose":"description"}],"map_sources":[],"editions":["SR5"],"edition_descriptions":{"SR5":{"kind":"Ortsprofil","preview":"Die lizenzierte Red Light Lounge inszeniert Prohibitionskriminalität für zahlende Gäste und dient Konzernkontakten als diskreter Treffpunkt.","full":"Die lizenzierte Red Light Lounge inszeniert Prohibitionskriminalität für zahlende Gäste und dient Konzernkontakten als diskreter Treffpunkt. Die Position ist auf den belegten Stadt- oder Teilraum angenähert; eine hausgenaue Lage ist aus dem Datenmaterial nicht sicher ableitbar.","hasMore":true,"hasExcerpt":true,"sources":[{"bookId":"stolen-souls-sr5","title":"Gestohlene Seelen / Stolen Souls","edition":"SR5","citation":"Gestohlene Seelen, New Yorker Konzernidyll S. 118-147","purpose":"description"}]}}}},{"type":"Feature","geometry":{"type":"Point","coordinates":[-73.99785,40.718036]},"properties":{"id":97,"global_id":"manhattan:place:97-renraku-tower","name":"Renraku Tower","aliases":[],"category":"Konzerne","detail_map":"Downtown","source_pages":"Gestohlene Seelen, New Yorker Konzernidyll S. 118-147","map_source":"Gestohlene Seelen / Stolen Souls","placement_note":"Nach Quellenbezug im Teilraum Downtown angenähert","accuracy":"Teilraumzuordnung; Feinposition vorläufig","source_map":"manhattan-content","source_panel":"Downtown","description_preview":"Der 280-stöckige Renraku Tower enthält Wohnungen, Büros, Finanzsparten und abgeschirmte Technomancer- sowie KI-Forschung.","description_full":"Der 280-stöckige Renraku Tower enthält Wohnungen, Büros, Finanzsparten und abgeschirmte Technomancer- sowie KI-Forschung. Die Position ist auf den belegten Stadt- oder Teilraum angenähert; eine hausgenaue Lage ist aus dem Datenmaterial nicht sicher ableitbar.","description_source":"Gestohlene Seelen, New Yorker Konzernidyll S. 118-147","description_kind":"Ortsprofil","description_has_more":true,"detail_plans":[],"alternate_locations":[],"sources":[{"bookId":"stolen-souls-sr5","title":"Gestohlene Seelen / Stolen Souls","edition":"SR5","citation":"Gestohlene Seelen, New Yorker Konzernidyll S. 118-147","purpose":"description"}],"map_sources":[],"editions":["SR5"],"edition_descriptions":{"SR5":{"kind":"Ortsprofil","preview":"Der 280-stöckige Renraku Tower enthält Wohnungen, Büros, Finanzsparten und abgeschirmte Technomancer- sowie KI-Forschung.","full":"Der 280-stöckige Renraku Tower enthält Wohnungen, Büros, Finanzsparten und abgeschirmte Technomancer- sowie KI-Forschung. Die Position ist auf den belegten Stadt- oder Teilraum angenähert; eine hausgenaue Lage ist aus dem Datenmaterial nicht sicher ableitbar.","hasMore":true,"hasExcerpt":true,"sources":[{"bookId":"stolen-souls-sr5","title":"Gestohlene Seelen / Stolen Souls","edition":"SR5","citation":"Gestohlene Seelen, New Yorker Konzernidyll S. 118-147","purpose":"description"}]}}}},{"type":"Feature","geometry":{"type":"Point","coordinates":[-74.022523,40.693236]},"properties":{"id":93,"global_id":"manhattan:place:93-rikers-island","name":"Rikers Island","aliases":[],"category":"Sicherheit und Justiz","detail_map":"New York Harbor Islands","source_pages":"Gestohlene Seelen, New Yorker Konzernidyll S. 118-147","map_source":"Gestohlene Seelen / Stolen Souls","placement_note":"Nach Quellenbezug im Teilraum New York Harbor Islands angenähert","accuracy":"Teilraumzuordnung; Feinposition vorläufig","source_map":"manhattan-content","source_panel":"New York Harbor Islands","description_preview":"Rikers Island bleibt Teil des Gefängnis- und Internierungssystems der New Yorker Region.","description_full":"Rikers Island bleibt Teil des Gefängnis- und Internierungssystems der New Yorker Region. Die Position ist auf den belegten Stadt- oder Teilraum angenähert; eine hausgenaue Lage ist aus dem Datenmaterial nicht sicher ableitbar.","description_source":"Gestohlene Seelen, New Yorker Konzernidyll S. 118-147","description_kind":"Ortsprofil","description_has_more":true,"detail_plans":[],"alternate_locations":[],"sources":[{"bookId":"stolen-souls-sr5","title":"Gestohlene Seelen / Stolen Souls","edition":"SR5","citation":"Gestohlene Seelen, New Yorker Konzernidyll S. 118-147","purpose":"description"}],"map_sources":[],"editions":["SR5"],"edition_descriptions":{"SR5":{"kind":"Ortsprofil","preview":"Rikers Island bleibt Teil des Gefängnis- und Internierungssystems der New Yorker Region.","full":"Rikers Island bleibt Teil des Gefängnis- und Internierungssystems der New Yorker Region. Die Position ist auf den belegten Stadt- oder Teilraum angenähert; eine hausgenaue Lage ist aus dem Datenmaterial nicht sicher ableitbar.","hasMore":true,"hasExcerpt":true,"sources":[{"bookId":"stolen-souls-sr5","title":"Gestohlene Seelen / Stolen Souls","edition":"SR5","citation":"Gestohlene Seelen, New Yorker Konzernidyll S. 118-147","purpose":"description"}]}}}},{"type":"Feature","geometry":{"type":"Point","coordinates":[-73.967246,40.786629]},"properties":{"id":4,"global_id":"manhattan:place:4-riverside","name":"Riverside","aliases":[],"category":"Bezirke","detail_map":"Upper West Side","source_pages":"The Rotten Apple: Manhattan, Abschnitt Upper West Side","map_source":"The Rotten Apple: Manhattan","placement_note":"Nach Quellenbezug im Teilraum Upper West Side angenähert","accuracy":"Teilraumzuordnung; Feinposition vorläufig","source_map":"manhattan-content","source_panel":"Upper West Side","description_preview":"Riverside ist ein in The Rotten Apple: Manhattan belegter Schauplatz im Bereich Upper West Side.","description_full":"Riverside ist ein in The Rotten Apple: Manhattan belegter Schauplatz im Bereich Upper West Side. Die Position ist auf den belegten Stadt- oder Teilraum angenähert; eine hausgenaue Lage ist aus dem Datenmaterial nicht sicher ableitbar.","description_source":"The Rotten Apple: Manhattan, Abschnitt Upper West Side","description_kind":"Ortsprofil","description_has_more":true,"detail_plans":[],"alternate_locations":[],"sources":[{"bookId":"rotten-apple-sr4","title":"The Rotten Apple: Manhattan","edition":"SR4","citation":"The Rotten Apple: Manhattan, Abschnitt Upper West Side","purpose":"description"}],"map_sources":[],"editions":["SR4"],"edition_descriptions":{"SR4":{"kind":"Ortsprofil","preview":"Riverside ist ein in The Rotten Apple: Manhattan belegter Schauplatz im Bereich Upper West Side.","full":"Riverside ist ein in The Rotten Apple: Manhattan belegter Schauplatz im Bereich Upper West Side. Die Position ist auf den belegten Stadt- oder Teilraum angenähert; eine hausgenaue Lage ist aus dem Datenmaterial nicht sicher ableitbar.","hasMore":true,"hasExcerpt":true,"sources":[{"bookId":"rotten-apple-sr4","title":"The Rotten Apple: Manhattan","edition":"SR4","citation":"The Rotten Apple: Manhattan, Abschnitt Upper West Side","purpose":"description"}]}}}},{"type":"Feature","geometry":{"type":"Point","coordinates":[-73.985596,40.751298]},"properties":{"id":126,"global_id":"manhattan:place:126-rocket-records-manhattan-office","name":"Rocket Records Manhattan Office","aliases":[],"category":"Konzerne","detail_map":"Midtown","source_pages":"Blutige Geschäfte, Manhattan-Schauplätze","map_source":"Blutige Geschäfte / Bloody Business","placement_note":"Nach Quellenbezug im Teilraum Midtown angenähert","accuracy":"Teilraumzuordnung; Feinposition vorläufig","source_map":"manhattan-content","source_panel":"Midtown","description_preview":"Rocket Records dient Johnny Spinrad als Ausgangspunkt für seine Manhattan-Verhandlungen und die anschließende Benefizveranstaltung.","description_full":"Rocket Records dient Johnny Spinrad als Ausgangspunkt für seine Manhattan-Verhandlungen und die anschließende Benefizveranstaltung. Die Position ist auf den belegten Stadt- oder Teilraum angenähert; eine hausgenaue Lage ist aus dem Datenmaterial nicht sicher ableitbar.","description_source":"Blutige Geschäfte, Manhattan-Schauplätze","description_kind":"Ortsprofil","description_has_more":true,"detail_plans":[],"alternate_locations":[],"sources":[{"bookId":"bloody-business-sr5","title":"Blutige Geschäfte / Bloody Business","edition":"SR5","citation":"Blutige Geschäfte, Manhattan-Schauplätze","purpose":"description"}],"map_sources":[],"editions":["SR5"],"edition_descriptions":{"SR5":{"kind":"Ortsprofil","preview":"Rocket Records dient Johnny Spinrad als Ausgangspunkt für seine Manhattan-Verhandlungen und die anschließende Benefizveranstaltung.","full":"Rocket Records dient Johnny Spinrad als Ausgangspunkt für seine Manhattan-Verhandlungen und die anschließende Benefizveranstaltung. Die Position ist auf den belegten Stadt- oder Teilraum angenähert; eine hausgenaue Lage ist aus dem Datenmaterial nicht sicher ableitbar.","hasMore":true,"hasExcerpt":true,"sources":[{"bookId":"bloody-business-sr5","title":"Blutige Geschäfte / Bloody Business","edition":"SR5","citation":"Blutige Geschäfte, Manhattan-Schauplätze","purpose":"description"}]}}}},{"type":"Feature","geometry":{"type":"Point","coordinates":[-73.977619,40.710222]},"properties":{"id":21,"global_id":"manhattan:place:21-roosevelt-island","name":"Roosevelt Island","aliases":[],"category":"Bezirke","detail_map":"Lower East Side","source_pages":"The Rotten Apple: Manhattan, Abschnitt Lower East Side","map_source":"The Rotten Apple: Manhattan","placement_note":"Lore-Bezirkszentrum Roosevelt Island","accuracy":"Lore-Bezirk; Grenzebene separat geprüft","source_map":"manhattan-content","source_panel":"Lower East Side","description_preview":"Roosevelt Island heißt inzwischen Penitentiary Island und trägt Manhattans Gefängnisse mittlerer bis maximaler Sicherheitsstufe, geschützt durch Zäune, Drohnen, Geister und Brückenstellungen.","description_full":"Roosevelt Island heißt inzwischen Penitentiary Island und trägt Manhattans Gefängnisse mittlerer bis maximaler Sicherheitsstufe, geschützt durch Zäune, Drohnen, Geister und Brückenstellungen. Die Zusammenfassung folgt dem Bezirkskapitel der angegebenen Edition; heutige Grenzen dienen nur der geografischen Einordnung.","description_source":"The Rotten Apple: Manhattan, Abschnitt Lower East Side","description_kind":"Bezirksprofil","description_has_more":true,"detail_plans":[],"alternate_locations":[],"sources":[{"bookId":"rotten-apple-sr4","title":"The Rotten Apple: Manhattan","edition":"SR4","citation":"The Rotten Apple: Manhattan, Abschnitt Lower East Side","purpose":"description"},{"bookId":"nagna-sr1","title":"The Neo-Anarchist’s Guide to North America","edition":"SR1","citation":"The Neo-Anarchist’s Guide to North America, New York City S. 114-128","purpose":"description"},{"bookId":"stolen-souls-sr5","title":"Gestohlene Seelen / Stolen Souls","edition":"SR5","citation":"Gestohlene Seelen, New Yorker Konzernidyll S. 118-147","purpose":"description"}],"map_sources":[],"editions":["SR4","SR1","SR5"],"edition_descriptions":{"SR4":{"kind":"Bezirksprofil","preview":"Roosevelt Island heißt inzwischen Penitentiary Island und trägt Manhattans Gefängnisse mittlerer bis maximaler Sicherheitsstufe, geschützt durch Zäune, Drohnen, Geister und Brückenstellungen.","full":"Roosevelt Island heißt inzwischen Penitentiary Island und trägt Manhattans Gefängnisse mittlerer bis maximaler Sicherheitsstufe, geschützt durch Zäune, Drohnen, Geister und Brückenstellungen. Die Zusammenfassung folgt dem Bezirkskapitel der angegebenen Edition; heutige Grenzen dienen nur der geografischen Einordnung.","hasMore":true,"hasExcerpt":true,"sources":[{"bookId":"rotten-apple-sr4","title":"The Rotten Apple: Manhattan","edition":"SR4","citation":"The Rotten Apple: Manhattan, Abschnitt Lower East Side","purpose":"description"}]},"SR1":{"kind":"Bezirksprofil","preview":"Roosevelt Island wird als Penitentiary Island für Haftanstalten mittlerer bis höchster Sicherheitsstufe genutzt.","full":"Roosevelt Island wird als Penitentiary Island für Haftanstalten mittlerer bis höchster Sicherheitsstufe genutzt. Die Beschreibung folgt dem Lore-Stand der angegebenen Edition; die separat schaltbare Grenzebene bildet den jüngsten georeferenzierten Arbeitsstand ab.","hasMore":true,"hasExcerpt":true,"sources":[{"bookId":"nagna-sr1","title":"The Neo-Anarchist’s Guide to North America","edition":"SR1","citation":"The Neo-Anarchist’s Guide to North America, New York City S. 114-128","purpose":"description"}]},"SR5":{"kind":"Bezirksprofil","preview":"Roosevelt Island ist weiterhin Gefängnisinsel und zusätzlich Standort von Internierungseinrichtungen für KFS-Fragmentierte.","full":"Roosevelt Island ist weiterhin Gefängnisinsel und zusätzlich Standort von Internierungseinrichtungen für KFS-Fragmentierte. Die Beschreibung folgt dem Lore-Stand der angegebenen Edition; die separat schaltbare Grenzebene bildet den jüngsten georeferenzierten Arbeitsstand ab.","hasMore":true,"hasExcerpt":true,"sources":[{"bookId":"stolen-souls-sr5","title":"Gestohlene Seelen / Stolen Souls","edition":"SR5","citation":"Gestohlene Seelen, New Yorker Konzernidyll S. 118-147","purpose":"description"}]}}}},{"type":"Feature","geometry":{"type":"Point","coordinates":[-73.979025,40.749456]},"properties":{"id":83,"global_id":"manhattan:place:83-s-k-north-america","name":"S-K North America","aliases":[],"category":"Konzerne","detail_map":"Midtown","source_pages":"Gestohlene Seelen, New Yorker Konzernidyll S. 118-147","map_source":"Gestohlene Seelen / Stolen Souls","placement_note":"Nach Quellenbezug im Teilraum Midtown angenähert","accuracy":"Teilraumzuordnung; Feinposition vorläufig","source_map":"manhattan-content","source_panel":"Midtown","description_preview":"S-K North America ist eine 175-stöckige Arkologie mit Büros zahlreicher Industrie-, Medien- und Finanzsparten.","description_full":"S-K North America ist eine 175-stöckige Arkologie mit Büros zahlreicher Industrie-, Medien- und Finanzsparten. Die Position ist auf den belegten Stadt- oder Teilraum angenähert; eine hausgenaue Lage ist aus dem Datenmaterial nicht sicher ableitbar.","description_source":"Gestohlene Seelen, New Yorker Konzernidyll S. 118-147","description_kind":"Ortsprofil","description_has_more":true,"detail_plans":[],"alternate_locations":[],"sources":[{"bookId":"stolen-souls-sr5","title":"Gestohlene Seelen / Stolen Souls","edition":"SR5","citation":"Gestohlene Seelen, New Yorker Konzernidyll S. 118-147","purpose":"description"}],"map_sources":[],"editions":["SR5"],"edition_descriptions":{"SR5":{"kind":"Ortsprofil","preview":"S-K North America ist eine 175-stöckige Arkologie mit Büros zahlreicher Industrie-, Medien- und Finanzsparten.","full":"S-K North America ist eine 175-stöckige Arkologie mit Büros zahlreicher Industrie-, Medien- und Finanzsparten. Die Position ist auf den belegten Stadt- oder Teilraum angenähert; eine hausgenaue Lage ist aus dem Datenmaterial nicht sicher ableitbar.","hasMore":true,"hasExcerpt":true,"sources":[{"bookId":"stolen-souls-sr5","title":"Gestohlene Seelen / Stolen Souls","edition":"SR5","citation":"Gestohlene Seelen, New Yorker Konzernidyll S. 118-147","purpose":"description"}]}}}},{"type":"Feature","geometry":{"type":"Point","coordinates":[-73.985677,40.744933]},"properties":{"id":84,"global_id":"manhattan:place:84-s-k-prime","name":"S-K Prime","aliases":[],"category":"Konzerne","detail_map":"City Center","source_pages":"Gestohlene Seelen, New Yorker Konzernidyll S. 118-147","map_source":"Gestohlene Seelen / Stolen Souls","placement_note":"Nach Quellenbezug im Teilraum City Center angenähert","accuracy":"Teilraumzuordnung; Feinposition vorläufig","source_map":"manhattan-content","source_panel":"City Center","description_preview":"S-K Prime gegenüber den Towers bündelt Anwälte, Lobbyisten, MDC-Angelegenheiten und einen erheblichen Teil der Schattenoperationen Saeder-Krupps.","description_full":"S-K Prime gegenüber den Towers bündelt Anwälte, Lobbyisten, MDC-Angelegenheiten und einen erheblichen Teil der Schattenoperationen Saeder-Krupps. Die Position ist auf den belegten Stadt- oder Teilraum angenähert; eine hausgenaue Lage ist aus dem Datenmaterial nicht sicher ableitbar.","description_source":"Gestohlene Seelen, New Yorker Konzernidyll S. 118-147","description_kind":"Ortsprofil","description_has_more":true,"detail_plans":[],"alternate_locations":[],"sources":[{"bookId":"stolen-souls-sr5","title":"Gestohlene Seelen / Stolen Souls","edition":"SR5","citation":"Gestohlene Seelen, New Yorker Konzernidyll S. 118-147","purpose":"description"}],"map_sources":[],"editions":["SR5"],"edition_descriptions":{"SR5":{"kind":"Ortsprofil","preview":"S-K Prime gegenüber den Towers bündelt Anwälte, Lobbyisten, MDC-Angelegenheiten und einen erheblichen Teil der Schattenoperationen Saeder-Krupps.","full":"S-K Prime gegenüber den Towers bündelt Anwälte, Lobbyisten, MDC-Angelegenheiten und einen erheblichen Teil der Schattenoperationen Saeder-Krupps. Die Position ist auf den belegten Stadt- oder Teilraum angenähert; eine hausgenaue Lage ist aus dem Datenmaterial nicht sicher ableitbar.","hasMore":true,"hasExcerpt":true,"sources":[{"bookId":"stolen-souls-sr5","title":"Gestohlene Seelen / Stolen Souls","edition":"SR5","citation":"Gestohlene Seelen, New Yorker Konzernidyll S. 118-147","purpose":"description"}]}}}},{"type":"Feature","geometry":{"type":"Point","coordinates":[-73.992287,40.756937]},"properties":{"id":68,"global_id":"manhattan:place:68-saeder-krupp-midtown","name":"Saeder-Krupp Midtown","aliases":[],"category":"Konzerne","detail_map":"Midtown","source_pages":"The Neo-Anarchist’s Guide to North America, New York City S. 114-128","map_source":"The Neo-Anarchist’s Guide to North America","placement_note":"Nach Quellenbezug im Teilraum Midtown angenähert","accuracy":"Teilraumzuordnung; Feinposition vorläufig","source_map":"manhattan-content","source_panel":"Midtown","description_preview":"Saeder-Krupp betreibt 2050 einen großen Midtown-Komplex an Third Avenue und East 72nd Street.","description_full":"Saeder-Krupp betreibt 2050 einen großen Midtown-Komplex an Third Avenue und East 72nd Street. Die Position ist auf den belegten Stadt- oder Teilraum angenähert; eine hausgenaue Lage ist aus dem Datenmaterial nicht sicher ableitbar.","description_source":"The Neo-Anarchist’s Guide to North America, New York City S. 114-128","description_kind":"Ortsprofil","description_has_more":true,"detail_plans":[],"alternate_locations":[],"sources":[{"bookId":"nagna-sr1","title":"The Neo-Anarchist’s Guide to North America","edition":"SR1","citation":"The Neo-Anarchist’s Guide to North America, New York City S. 114-128","purpose":"description"}],"map_sources":[],"editions":["SR1"],"edition_descriptions":{"SR1":{"kind":"Ortsprofil","preview":"Saeder-Krupp betreibt 2050 einen großen Midtown-Komplex an Third Avenue und East 72nd Street.","full":"Saeder-Krupp betreibt 2050 einen großen Midtown-Komplex an Third Avenue und East 72nd Street. Die Position ist auf den belegten Stadt- oder Teilraum angenähert; eine hausgenaue Lage ist aus dem Datenmaterial nicht sicher ableitbar.","hasMore":true,"hasExcerpt":true,"sources":[{"bookId":"nagna-sr1","title":"The Neo-Anarchist’s Guide to North America","edition":"SR1","citation":"The Neo-Anarchist’s Guide to North America, New York City S. 114-128","purpose":"description"}]}}}},{"type":"Feature","geometry":{"type":"Point","coordinates":[-74.005171,40.721545]},"properties":{"id":41,"global_id":"manhattan:place:41-saints-and-sinners","name":"Saints and SINners","aliases":[],"category":"Hotels","detail_map":"SoHo","source_pages":"The Rotten Apple: Manhattan, Abschnitt SoHo","map_source":"The Rotten Apple: Manhattan","placement_note":"Nach Quellenbezug im Teilraum SoHo angenähert","accuracy":"Teilraumzuordnung; Feinposition vorläufig","source_map":"manhattan-content","source_panel":"SoHo","description_preview":"Saints and SINners ist ein in The Rotten Apple: Manhattan belegter Schauplatz im Bereich SoHo.","description_full":"Saints and SINners ist ein in The Rotten Apple: Manhattan belegter Schauplatz im Bereich SoHo. Die Position ist auf den belegten Stadt- oder Teilraum angenähert; eine hausgenaue Lage ist aus dem Datenmaterial nicht sicher ableitbar.","description_source":"The Rotten Apple: Manhattan, Abschnitt SoHo","description_kind":"Ortsprofil","description_has_more":true,"detail_plans":[],"alternate_locations":[],"sources":[{"bookId":"rotten-apple-sr4","title":"The Rotten Apple: Manhattan","edition":"SR4","citation":"The Rotten Apple: Manhattan, Abschnitt SoHo","purpose":"description"}],"map_sources":[],"editions":["SR4"],"edition_descriptions":{"SR4":{"kind":"Ortsprofil","preview":"Saints and SINners ist ein in The Rotten Apple: Manhattan belegter Schauplatz im Bereich SoHo.","full":"Saints and SINners ist ein in The Rotten Apple: Manhattan belegter Schauplatz im Bereich SoHo. Die Position ist auf den belegten Stadt- oder Teilraum angenähert; eine hausgenaue Lage ist aus dem Datenmaterial nicht sicher ableitbar.","hasMore":true,"hasExcerpt":true,"sources":[{"bookId":"rotten-apple-sr4","title":"The Rotten Apple: Manhattan","edition":"SR4","citation":"The Rotten Apple: Manhattan, Abschnitt SoHo","purpose":"description"}]}}}},{"type":"Feature","geometry":{"type":"Point","coordinates":[-73.986123,40.757194]},"properties":{"id":114,"global_id":"manhattan:place:114-scientia-labs","name":"Scientia Labs","aliases":[],"category":"Konzerne","detail_map":"Midtown","source_pages":"Monkeywrench, Schauplätze","map_source":"Shadowrun Missions Season 3","placement_note":"Nach Quellenbezug im Teilraum Midtown angenähert","accuracy":"Teilraumzuordnung; Feinposition vorläufig","source_map":"manhattan-content","source_panel":"Midtown","description_preview":"Scientia Labs an der Tenth Avenue beherbergt Horizon Project Paracelsus, eine Ares-Anlage und den KI-Akteur Phrex.","description_full":"Scientia Labs an der Tenth Avenue beherbergt Horizon Project Paracelsus, eine Ares-Anlage und den KI-Akteur Phrex. Die Position ist auf den belegten Stadt- oder Teilraum angenähert; eine hausgenaue Lage ist aus dem Datenmaterial nicht sicher ableitbar.","description_source":"Monkeywrench, Schauplätze","description_kind":"Ortsprofil","description_has_more":true,"detail_plans":[],"alternate_locations":[],"sources":[{"bookId":"srm03-sr4","title":"Shadowrun Missions Season 3","edition":"SR4","citation":"Monkeywrench, Schauplätze","purpose":"description"}],"map_sources":[],"editions":["SR4"],"edition_descriptions":{"SR4":{"kind":"Ortsprofil","preview":"Scientia Labs an der Tenth Avenue beherbergt Horizon Project Paracelsus, eine Ares-Anlage und den KI-Akteur Phrex.","full":"Scientia Labs an der Tenth Avenue beherbergt Horizon Project Paracelsus, eine Ares-Anlage und den KI-Akteur Phrex. Die Position ist auf den belegten Stadt- oder Teilraum angenähert; eine hausgenaue Lage ist aus dem Datenmaterial nicht sicher ableitbar.","hasMore":true,"hasExcerpt":true,"sources":[{"bookId":"srm03-sr4","title":"Shadowrun Missions Season 3","edition":"SR4","citation":"Monkeywrench, Schauplätze","purpose":"description"}]}}}},{"type":"Feature","geometry":{"type":"Point","coordinates":[-73.966867,40.793951]},"properties":{"id":9,"global_id":"manhattan:place:9-sea-of-fools","name":"Sea of Fools","aliases":[],"category":"Sonstige Spots","detail_map":"Upper West Side","source_pages":"The Rotten Apple: Manhattan, Abschnitt Upper West Side","map_source":"The Rotten Apple: Manhattan","placement_note":"Nach Quellenbezug im Teilraum Upper West Side angenähert","accuracy":"Teilraumzuordnung; Feinposition vorläufig","source_map":"manhattan-content","source_panel":"Upper West Side","description_preview":"Sea of Fools ist ein in The Rotten Apple: Manhattan belegter Schauplatz im Bereich Upper West Side.","description_full":"Sea of Fools ist ein in The Rotten Apple: Manhattan belegter Schauplatz im Bereich Upper West Side. Die Position ist auf den belegten Stadt- oder Teilraum angenähert; eine hausgenaue Lage ist aus dem Datenmaterial nicht sicher ableitbar.","description_source":"The Rotten Apple: Manhattan, Abschnitt Upper West Side","description_kind":"Ortsprofil","description_has_more":true,"detail_plans":[],"alternate_locations":[],"sources":[{"bookId":"rotten-apple-sr4","title":"The Rotten Apple: Manhattan","edition":"SR4","citation":"The Rotten Apple: Manhattan, Abschnitt Upper West Side","purpose":"description"}],"map_sources":[],"editions":["SR4"],"edition_descriptions":{"SR4":{"kind":"Ortsprofil","preview":"Sea of Fools ist ein in The Rotten Apple: Manhattan belegter Schauplatz im Bereich Upper West Side.","full":"Sea of Fools ist ein in The Rotten Apple: Manhattan belegter Schauplatz im Bereich Upper West Side. Die Position ist auf den belegten Stadt- oder Teilraum angenähert; eine hausgenaue Lage ist aus dem Datenmaterial nicht sicher ableitbar.","hasMore":true,"hasExcerpt":true,"sources":[{"bookId":"rotten-apple-sr4","title":"The Rotten Apple: Manhattan","edition":"SR4","citation":"The Rotten Apple: Manhattan, Abschnitt Upper West Side","purpose":"description"}]}}}},{"type":"Feature","geometry":{"type":"Point","coordinates":[-73.998957,40.713167]},"properties":{"id":125,"global_id":"manhattan:place:125-secure-data-storage","name":"Secure Data Storage","aliases":[],"category":"Matrix und Metaplanes","detail_map":"Downtown","source_pages":"Food Poisoning, Schauplätze","map_source":"Shadowrun Missions Season 3","placement_note":"Nach Quellenbezug im Teilraum Downtown angenähert","accuracy":"Teilraumzuordnung; Feinposition vorläufig","source_map":"manhattan-content","source_panel":"Downtown","description_preview":"Secure Data Storage ist ein unabhängiger Langzeit-Datenspeicher im Meyerson Building.","description_full":"Secure Data Storage ist ein unabhängiger Langzeit-Datenspeicher im Meyerson Building. Die Position ist auf den belegten Stadt- oder Teilraum angenähert; eine hausgenaue Lage ist aus dem Datenmaterial nicht sicher ableitbar.","description_source":"Food Poisoning, Schauplätze","description_kind":"Ortsprofil","description_has_more":true,"detail_plans":[],"alternate_locations":[],"sources":[{"bookId":"srm03-sr4","title":"Shadowrun Missions Season 3","edition":"SR4","citation":"Food Poisoning, Schauplätze","purpose":"description"}],"map_sources":[],"editions":["SR4"],"edition_descriptions":{"SR4":{"kind":"Ortsprofil","preview":"Secure Data Storage ist ein unabhängiger Langzeit-Datenspeicher im Meyerson Building.","full":"Secure Data Storage ist ein unabhängiger Langzeit-Datenspeicher im Meyerson Building. Die Position ist auf den belegten Stadt- oder Teilraum angenähert; eine hausgenaue Lage ist aus dem Datenmaterial nicht sicher ableitbar.","hasMore":true,"hasExcerpt":true,"sources":[{"bookId":"srm03-sr4","title":"Shadowrun Missions Season 3","edition":"SR4","citation":"Food Poisoning, Schauplätze","purpose":"description"}]}}}},{"type":"Feature","geometry":{"type":"Point","coordinates":[-73.975486,40.735249]},"properties":{"id":91,"global_id":"manhattan:place:91-shiawase-bellevue-hospital","name":"Shiawase Bellevue Hospital","aliases":[],"category":"Medizin","detail_map":"Stuyvesant","source_pages":"Gestohlene Seelen, New Yorker Konzernidyll S. 118-147","map_source":"Gestohlene Seelen / Stolen Souls","placement_note":"Nach Quellenbezug im Teilraum Stuyvesant angenähert","accuracy":"Teilraumzuordnung; Feinposition vorläufig","source_map":"manhattan-content","source_panel":"Stuyvesant","description_preview":"Shiawase Bellevue Hospital gehört zu den wichtigsten medizinischen Einrichtungen Manhattans und arbeitet an KFS-bezogenen Fällen.","description_full":"Shiawase Bellevue Hospital gehört zu den wichtigsten medizinischen Einrichtungen Manhattans und arbeitet an KFS-bezogenen Fällen. Die Position ist auf den belegten Stadt- oder Teilraum angenähert; eine hausgenaue Lage ist aus dem Datenmaterial nicht sicher ableitbar.","description_source":"Gestohlene Seelen, New Yorker Konzernidyll S. 118-147","description_kind":"Ortsprofil","description_has_more":true,"detail_plans":[],"alternate_locations":[],"sources":[{"bookId":"stolen-souls-sr5","title":"Gestohlene Seelen / Stolen Souls","edition":"SR5","citation":"Gestohlene Seelen, New Yorker Konzernidyll S. 118-147","purpose":"description"}],"map_sources":[],"editions":["SR5"],"edition_descriptions":{"SR5":{"kind":"Ortsprofil","preview":"Shiawase Bellevue Hospital gehört zu den wichtigsten medizinischen Einrichtungen Manhattans und arbeitet an KFS-bezogenen Fällen.","full":"Shiawase Bellevue Hospital gehört zu den wichtigsten medizinischen Einrichtungen Manhattans und arbeitet an KFS-bezogenen Fällen. Die Position ist auf den belegten Stadt- oder Teilraum angenähert; eine hausgenaue Lage ist aus dem Datenmaterial nicht sicher ableitbar.","hasMore":true,"hasExcerpt":true,"sources":[{"bookId":"stolen-souls-sr5","title":"Gestohlene Seelen / Stolen Souls","edition":"SR5","citation":"Gestohlene Seelen, New Yorker Konzernidyll S. 118-147","purpose":"description"}]}}}},{"type":"Feature","geometry":{"type":"Point","coordinates":[-73.949317,40.816444]},"properties":{"id":89,"global_id":"manhattan:place:89-shiawase-manhattan-arcology","name":"Shiawase Manhattan Arcology","aliases":[],"category":"Konzerne","detail_map":"New Harlem","source_pages":"Gestohlene Seelen, New Yorker Konzernidyll S. 118-147","map_source":"Gestohlene Seelen / Stolen Souls","placement_note":"Nach Quellenbezug im Teilraum New Harlem angenähert","accuracy":"Teilraumzuordnung; Feinposition vorläufig","source_map":"manhattan-content","source_panel":"New Harlem","description_preview":"Shiawases Manhattan-Arkologie beherbergt Wohnungen, Büros, Forschung und umfangreiche Konzernversorgung.","description_full":"Shiawases Manhattan-Arkologie beherbergt Wohnungen, Büros, Forschung und umfangreiche Konzernversorgung. Die Position ist auf den belegten Stadt- oder Teilraum angenähert; eine hausgenaue Lage ist aus dem Datenmaterial nicht sicher ableitbar.","description_source":"Gestohlene Seelen, New Yorker Konzernidyll S. 118-147","description_kind":"Ortsprofil","description_has_more":true,"detail_plans":[],"alternate_locations":[],"sources":[{"bookId":"stolen-souls-sr5","title":"Gestohlene Seelen / Stolen Souls","edition":"SR5","citation":"Gestohlene Seelen, New Yorker Konzernidyll S. 118-147","purpose":"description"}],"map_sources":[],"editions":["SR5"],"edition_descriptions":{"SR5":{"kind":"Ortsprofil","preview":"Shiawases Manhattan-Arkologie beherbergt Wohnungen, Büros, Forschung und umfangreiche Konzernversorgung.","full":"Shiawases Manhattan-Arkologie beherbergt Wohnungen, Büros, Forschung und umfangreiche Konzernversorgung. Die Position ist auf den belegten Stadt- oder Teilraum angenähert; eine hausgenaue Lage ist aus dem Datenmaterial nicht sicher ableitbar.","hasMore":true,"hasExcerpt":true,"sources":[{"bookId":"stolen-souls-sr5","title":"Gestohlene Seelen / Stolen Souls","edition":"SR5","citation":"Gestohlene Seelen, New Yorker Konzernidyll S. 118-147","purpose":"description"}]}}}},{"type":"Feature","geometry":{"type":"Point","coordinates":[-73.954601,40.806087]},"properties":{"id":154,"global_id":"manhattan:place:154-shibata-consulting","name":"Shibata Consulting","aliases":[],"category":"Sonstige Spots","detail_map":"New Harlem","source_pages":"Flüsternetze, Kampagne S. 41-143","map_source":"Flüsternetze","placement_note":"Nach Quellenbezug im Teilraum New Harlem angenähert","accuracy":"Teilraumzuordnung; Feinposition vorläufig","source_map":"manhattan-content","source_panel":"New Harlem","description_preview":"Shibata Consulting ist ein in Flüsternetze belegter Schauplatz im Bereich New Harlem.","description_full":"Shibata Consulting ist ein in Flüsternetze belegter Schauplatz im Bereich New Harlem. Die Position ist auf den belegten Stadt- oder Teilraum angenähert; eine hausgenaue Lage ist aus dem Datenmaterial nicht sicher ableitbar.","description_source":"Flüsternetze, Kampagne S. 41-143","description_kind":"Ortsprofil","description_has_more":true,"detail_plans":[],"alternate_locations":[],"sources":[{"bookId":"fluesternetze-sr6","title":"Flüsternetze","edition":"SR6","citation":"Flüsternetze, Kampagne S. 41-143","purpose":"description"}],"map_sources":[],"editions":["SR6"],"edition_descriptions":{"SR6":{"kind":"Ortsprofil","preview":"Shibata Consulting ist ein in Flüsternetze belegter Schauplatz im Bereich New Harlem.","full":"Shibata Consulting ist ein in Flüsternetze belegter Schauplatz im Bereich New Harlem. Die Position ist auf den belegten Stadt- oder Teilraum angenähert; eine hausgenaue Lage ist aus dem Datenmaterial nicht sicher ableitbar.","hasMore":true,"hasExcerpt":true,"sources":[{"bookId":"fluesternetze-sr6","title":"Flüsternetze","edition":"SR6","citation":"Flüsternetze, Kampagne S. 41-143","purpose":"description"}]}}}},{"type":"Feature","geometry":{"type":"Point","coordinates":[-73.982703,40.762026]},"properties":{"id":133,"global_id":"manhattan:place:133-shogunate-club","name":"Shogunate Club","aliases":[],"category":"Bars und Clubs","detail_map":"Midtown","source_pages":"Flüsternetze - Manhattankarte, Nr. 11","map_source":"Flüsternetze","placement_note":"Nach Quellenbezug im Teilraum Midtown angenähert","accuracy":"Teilraumzuordnung; Feinposition vorläufig","source_map":"manhattan-content","source_panel":"Midtown","description_preview":"Shogunate Club ist ein in Flüsternetze belegter Schauplatz im Bereich Midtown.","description_full":"Shogunate Club ist ein in Flüsternetze belegter Schauplatz im Bereich Midtown. Die Position ist auf den belegten Stadt- oder Teilraum angenähert; eine hausgenaue Lage ist aus dem Datenmaterial nicht sicher ableitbar.","description_source":"Flüsternetze - Manhattankarte, Nr. 11","description_kind":"Ortsprofil","description_has_more":true,"detail_plans":[],"alternate_locations":[],"sources":[{"bookId":"fluesternetze-sr6","title":"Flüsternetze","edition":"SR6","citation":"Flüsternetze - Manhattankarte, Nr. 11","purpose":"description"}],"map_sources":[],"editions":["SR6"],"edition_descriptions":{"SR6":{"kind":"Ortsprofil","preview":"Shogunate Club ist ein in Flüsternetze belegter Schauplatz im Bereich Midtown.","full":"Shogunate Club ist ein in Flüsternetze belegter Schauplatz im Bereich Midtown. Die Position ist auf den belegten Stadt- oder Teilraum angenähert; eine hausgenaue Lage ist aus dem Datenmaterial nicht sicher ableitbar.","hasMore":true,"hasExcerpt":true,"sources":[{"bookId":"fluesternetze-sr6","title":"Flüsternetze","edition":"SR6","citation":"Flüsternetze - Manhattankarte, Nr. 11","purpose":"description"}]}},"map_number_sr6":11}},{"type":"Feature","geometry":{"type":"Point","coordinates":[-73.996483,40.718619]},"properties":{"id":40,"global_id":"manhattan:place:40-soho","name":"SoHo","aliases":[],"category":"Bezirke","detail_map":"SoHo","source_pages":"The Rotten Apple: Manhattan, Abschnitt SoHo","map_source":"The Rotten Apple: Manhattan","placement_note":"Lore-Bezirkszentrum SoHo","accuracy":"Lore-Bezirk; Grenzebene separat geprüft","source_map":"manhattan-content","source_panel":"SoHo","description_preview":"SoHo verbindet Galerien, Arkanshops und echte lokale Kultur mit sorgfältig inszenierter Konzernfolklore; je weiter südlich, desto weniger glatt wird die Fassade.","description_full":"SoHo verbindet Galerien, Arkanshops und echte lokale Kultur mit sorgfältig inszenierter Konzernfolklore; je weiter südlich, desto weniger glatt wird die Fassade. Die Zusammenfassung folgt dem Bezirkskapitel der angegebenen Edition; heutige Grenzen dienen nur der geografischen Einordnung.","description_source":"The Rotten Apple: Manhattan, Abschnitt SoHo","description_kind":"Bezirksprofil","description_has_more":true,"detail_plans":[],"alternate_locations":[],"sources":[{"bookId":"rotten-apple-sr4","title":"The Rotten Apple: Manhattan","edition":"SR4","citation":"The Rotten Apple: Manhattan, Abschnitt SoHo","purpose":"description"},{"bookId":"nagna-sr1","title":"The Neo-Anarchist’s Guide to North America","edition":"SR1","citation":"The Neo-Anarchist’s Guide to North America, New York City S. 114-128","purpose":"description"},{"bookId":"stolen-souls-sr5","title":"Gestohlene Seelen / Stolen Souls","edition":"SR5","citation":"Gestohlene Seelen, New Yorker Konzernidyll S. 118-147","purpose":"description"}],"map_sources":[],"editions":["SR4","SR1","SR5"],"edition_descriptions":{"SR4":{"kind":"Bezirksprofil","preview":"SoHo verbindet Galerien, Arkanshops und echte lokale Kultur mit sorgfältig inszenierter Konzernfolklore; je weiter südlich, desto weniger glatt wird die Fassade.","full":"SoHo verbindet Galerien, Arkanshops und echte lokale Kultur mit sorgfältig inszenierter Konzernfolklore; je weiter südlich, desto weniger glatt wird die Fassade. Die Zusammenfassung folgt dem Bezirkskapitel der angegebenen Edition; heutige Grenzen dienen nur der geografischen Einordnung.","hasMore":true,"hasExcerpt":true,"sources":[{"bookId":"rotten-apple-sr4","title":"The Rotten Apple: Manhattan","edition":"SR4","citation":"The Rotten Apple: Manhattan, Abschnitt SoHo","purpose":"description"}]},"SR1":{"kind":"Bezirksprofil","preview":"SoHo bewahrt im Gegensatz zum Village eine glaubwürdigere Kunst- und Subkultur und beherbergt hinter geschlossenen Fassaden mehrere magische Orden.","full":"SoHo bewahrt im Gegensatz zum Village eine glaubwürdigere Kunst- und Subkultur und beherbergt hinter geschlossenen Fassaden mehrere magische Orden. Die Beschreibung folgt dem Lore-Stand der angegebenen Edition; die separat schaltbare Grenzebene bildet den jüngsten georeferenzierten Arbeitsstand ab.","hasMore":true,"hasExcerpt":true,"sources":[{"bookId":"nagna-sr1","title":"The Neo-Anarchist’s Guide to North America","edition":"SR1","citation":"The Neo-Anarchist’s Guide to North America, New York City S. 114-128","purpose":"description"}]},"SR5":{"kind":"Bezirksprofil","preview":"SoHo verbindet Galerien, gehobene Subkultur und magische Geschäfte mit einem weiterhin sichtbaren lokalen Widerstand gegen vollständige Konzernkontrolle.","full":"SoHo verbindet Galerien, gehobene Subkultur und magische Geschäfte mit einem weiterhin sichtbaren lokalen Widerstand gegen vollständige Konzernkontrolle. Die Beschreibung folgt dem Lore-Stand der angegebenen Edition; die separat schaltbare Grenzebene bildet den jüngsten georeferenzierten Arbeitsstand ab.","hasMore":true,"hasExcerpt":true,"sources":[{"bookId":"stolen-souls-sr5","title":"Gestohlene Seelen / Stolen Souls","edition":"SR5","citation":"Gestohlene Seelen, New Yorker Konzernidyll S. 118-147","purpose":"description"}]}}}},{"type":"Feature","geometry":{"type":"Point","coordinates":[-73.984864,40.749544]},"properties":{"id":18,"global_id":"manhattan:place:18-some-assembly-required","name":"Some Assembly Required","aliases":[],"category":"Sonstige Spots","detail_map":"Midtown","source_pages":"The Rotten Apple: Manhattan, Abschnitt Midtown","map_source":"The Rotten Apple: Manhattan","placement_note":"Nach Quellenbezug im Teilraum Midtown angenähert","accuracy":"Teilraumzuordnung; Feinposition vorläufig","source_map":"manhattan-content","source_panel":"Midtown","description_preview":"Some Assembly Required ist ein in The Rotten Apple: Manhattan belegter Schauplatz im Bereich Midtown.","description_full":"Some Assembly Required ist ein in The Rotten Apple: Manhattan belegter Schauplatz im Bereich Midtown. Die Position ist auf den belegten Stadt- oder Teilraum angenähert; eine hausgenaue Lage ist aus dem Datenmaterial nicht sicher ableitbar.","description_source":"The Rotten Apple: Manhattan, Abschnitt Midtown","description_kind":"Ortsprofil","description_has_more":true,"detail_plans":[],"alternate_locations":[],"sources":[{"bookId":"rotten-apple-sr4","title":"The Rotten Apple: Manhattan","edition":"SR4","citation":"The Rotten Apple: Manhattan, Abschnitt Midtown","purpose":"description"},{"bookId":"srm03-sr4","title":"Shadowrun Missions Season 3","edition":"SR4","citation":"In and Out, Schauplätze","purpose":"description"}],"map_sources":[],"editions":["SR4"],"edition_descriptions":{"SR4":{"kind":"Ortsprofil","preview":"Some Assembly Required ist eine kleine Restaurantkette, die im Streit um Karl und Anna Gahley unter Druck gerät.","full":"Some Assembly Required ist eine kleine Restaurantkette, die im Streit um Karl und Anna Gahley unter Druck gerät. Die Position ist auf den belegten Stadt- oder Teilraum angenähert; eine hausgenaue Lage ist aus dem Datenmaterial nicht sicher ableitbar.","hasMore":true,"hasExcerpt":true,"sources":[{"bookId":"rotten-apple-sr4","title":"The Rotten Apple: Manhattan","edition":"SR4","citation":"The Rotten Apple: Manhattan, Abschnitt Midtown","purpose":"description"},{"bookId":"srm03-sr4","title":"Shadowrun Missions Season 3","edition":"SR4","citation":"In and Out, Schauplätze","purpose":"description"}]}}}},{"type":"Feature","geometry":{"type":"Point","coordinates":[-73.979912,40.746157]},"properties":{"id":64,"global_id":"manhattan:place:64-sony-dataworks","name":"Sony Dataworks","aliases":[],"category":"Konzerne","detail_map":"Midtown","source_pages":"The Neo-Anarchist’s Guide to North America, New York City S. 114-128","map_source":"The Neo-Anarchist’s Guide to North America","placement_note":"Nach Quellenbezug im Teilraum Midtown angenähert","accuracy":"Teilraumzuordnung; Feinposition vorläufig","source_map":"manhattan-content","source_panel":"Midtown","description_preview":"Sony Dataworks unterhält 2050 einen bedeutenden Komplex an der Fifth Avenue.","description_full":"Sony Dataworks unterhält 2050 einen bedeutenden Komplex an der Fifth Avenue. Die Position ist auf den belegten Stadt- oder Teilraum angenähert; eine hausgenaue Lage ist aus dem Datenmaterial nicht sicher ableitbar.","description_source":"The Neo-Anarchist’s Guide to North America, New York City S. 114-128","description_kind":"Ortsprofil","description_has_more":true,"detail_plans":[],"alternate_locations":[],"sources":[{"bookId":"nagna-sr1","title":"The Neo-Anarchist’s Guide to North America","edition":"SR1","citation":"The Neo-Anarchist’s Guide to North America, New York City S. 114-128","purpose":"description"}],"map_sources":[],"editions":["SR1"],"edition_descriptions":{"SR1":{"kind":"Ortsprofil","preview":"Sony Dataworks unterhält 2050 einen bedeutenden Komplex an der Fifth Avenue.","full":"Sony Dataworks unterhält 2050 einen bedeutenden Komplex an der Fifth Avenue. Die Position ist auf den belegten Stadt- oder Teilraum angenähert; eine hausgenaue Lage ist aus dem Datenmaterial nicht sicher ableitbar.","hasMore":true,"hasExcerpt":true,"sources":[{"bookId":"nagna-sr1","title":"The Neo-Anarchist’s Guide to North America","edition":"SR1","citation":"The Neo-Anarchist’s Guide to North America, New York City S. 114-128","purpose":"description"}]}}}},{"type":"Feature","geometry":{"type":"Point","coordinates":[-73.991109,40.759552]},"properties":{"id":131,"global_id":"manhattan:place:131-sony-plaza","name":"Sony Plaza","aliases":[],"category":"Konzerne","detail_map":"Midtown","source_pages":"Flüsternetze - Manhattankarte, Nr. 8","map_source":"Flüsternetze","placement_note":"Nach Quellenbezug im Teilraum Midtown angenähert","accuracy":"Teilraumzuordnung; Feinposition vorläufig","source_map":"manhattan-content","source_panel":"Midtown","description_preview":"Sony Plaza ist ein in Flüsternetze belegter Schauplatz im Bereich Midtown.","description_full":"Sony Plaza ist ein in Flüsternetze belegter Schauplatz im Bereich Midtown. Die Position ist auf den belegten Stadt- oder Teilraum angenähert; eine hausgenaue Lage ist aus dem Datenmaterial nicht sicher ableitbar.","description_source":"Flüsternetze - Manhattankarte, Nr. 8","description_kind":"Ortsprofil","description_has_more":true,"detail_plans":[],"alternate_locations":[],"sources":[{"bookId":"fluesternetze-sr6","title":"Flüsternetze","edition":"SR6","citation":"Flüsternetze - Manhattankarte, Nr. 8","purpose":"description"}],"map_sources":[],"editions":["SR6"],"edition_descriptions":{"SR6":{"kind":"Ortsprofil","preview":"Sony Plaza ist ein in Flüsternetze belegter Schauplatz im Bereich Midtown.","full":"Sony Plaza ist ein in Flüsternetze belegter Schauplatz im Bereich Midtown. Die Position ist auf den belegten Stadt- oder Teilraum angenähert; eine hausgenaue Lage ist aus dem Datenmaterial nicht sicher ableitbar.","hasMore":true,"hasExcerpt":true,"sources":[{"bookId":"fluesternetze-sr6","title":"Flüsternetze","edition":"SR6","citation":"Flüsternetze - Manhattankarte, Nr. 8","purpose":"description"}]}},"map_number_sr6":8}},{"type":"Feature","geometry":{"type":"Point","coordinates":[-74.002,40.72]},"properties":{"id":58,"global_id":"manhattan:place:58-southside","name":"Southside","aliases":[],"category":"Bezirke","detail_map":"Southside","source_pages":"The Rotten Apple: Manhattan, Viertelbeschreibung Southside, S. 13-23","map_source":"The Rotten Apple: Manhattan","placement_note":"Lore-Bezirkszentrum Southside","accuracy":"Lore-Bezirk; Grenzebene separat geprüft","source_map":"manhattan-content","source_panel":"Southside","description_preview":"Southside mischt kleinere Konzerne, Wohnungen und Gewerbe; zum angrenzenden Terminal hin werden Sicherheitsnetz und Ordnung schwächer und kurzlebige Thrillgangs häufiger.","description_full":"Southside mischt kleinere Konzerne, Wohnungen und Gewerbe; zum angrenzenden Terminal hin werden Sicherheitsnetz und Ordnung schwächer und kurzlebige Thrillgangs häufiger. Die Zusammenfassung folgt dem Bezirkskapitel der angegebenen Edition; heutige Grenzen dienen nur der geografischen Einordnung.","description_source":"The Rotten Apple: Manhattan, Viertelbeschreibung Southside, S. 13-23","description_kind":"Bezirksprofil","description_has_more":true,"detail_plans":[],"alternate_locations":[],"sources":[{"bookId":"rotten-apple-sr4","title":"The Rotten Apple: Manhattan","edition":"SR4","citation":"The Rotten Apple: Manhattan, Viertelbeschreibung Southside, S. 13-23","purpose":"description"},{"bookId":"nagna-sr1","title":"The Neo-Anarchist’s Guide to North America","edition":"SR1","citation":"The Neo-Anarchist’s Guide to North America, New York City S. 114-128","purpose":"description"},{"bookId":"stolen-souls-sr5","title":"Gestohlene Seelen / Stolen Souls","edition":"SR5","citation":"Gestohlene Seelen, New Yorker Konzernidyll S. 118-147","purpose":"description"}],"map_sources":[],"editions":["SR4","SR1","SR5"],"edition_descriptions":{"SR4":{"kind":"Bezirksprofil","preview":"Southside mischt kleinere Konzerne, Wohnungen und Gewerbe; zum angrenzenden Terminal hin werden Sicherheitsnetz und Ordnung schwächer und kurzlebige Thrillgangs häufiger.","full":"Southside mischt kleinere Konzerne, Wohnungen und Gewerbe; zum angrenzenden Terminal hin werden Sicherheitsnetz und Ordnung schwächer und kurzlebige Thrillgangs häufiger. Die Zusammenfassung folgt dem Bezirkskapitel der angegebenen Edition; heutige Grenzen dienen nur der geografischen Einordnung.","hasMore":true,"hasExcerpt":true,"sources":[{"bookId":"rotten-apple-sr4","title":"The Rotten Apple: Manhattan","edition":"SR4","citation":"The Rotten Apple: Manhattan, Viertelbeschreibung Southside, S. 13-23","purpose":"description"}]},"SR1":{"kind":"Bezirksprofil","preview":"Southside mischt Gewerbe, Wohnen und Hafenanlagen; im Norden liegt ein elfenstämmiges Viertel, das von Ancients und Axemen umkämpft wird.","full":"Southside mischt Gewerbe, Wohnen und Hafenanlagen; im Norden liegt ein elfenstämmiges Viertel, das von Ancients und Axemen umkämpft wird. Die Beschreibung folgt dem Lore-Stand der angegebenen Edition; die separat schaltbare Grenzebene bildet den jüngsten georeferenzierten Arbeitsstand ab.","hasMore":true,"hasExcerpt":true,"sources":[{"bookId":"nagna-sr1","title":"The Neo-Anarchist’s Guide to North America","edition":"SR1","citation":"The Neo-Anarchist’s Guide to North America, New York City S. 114-128","purpose":"description"}]},"SR5":{"kind":"Bezirksprofil","preview":"Southside ist ein gemischtes Wohn-, Gewerbe- und Hafengebiet mit wachsender Kriminalität und mehreren konkurrierenden Sicherheitsinteressen.","full":"Southside ist ein gemischtes Wohn-, Gewerbe- und Hafengebiet mit wachsender Kriminalität und mehreren konkurrierenden Sicherheitsinteressen. Die Beschreibung folgt dem Lore-Stand der angegebenen Edition; die separat schaltbare Grenzebene bildet den jüngsten georeferenzierten Arbeitsstand ab.","hasMore":true,"hasExcerpt":true,"sources":[{"bookId":"stolen-souls-sr5","title":"Gestohlene Seelen / Stolen Souls","edition":"SR5","citation":"Gestohlene Seelen, New Yorker Konzernidyll S. 118-147","purpose":"description"}]}}}},{"type":"Feature","geometry":{"type":"Point","coordinates":[-73.987997,40.753705]},"properties":{"id":118,"global_id":"manhattan:place:118-staten-island-safehouse","name":"Staten Island Safehouse","aliases":[],"category":"Sonstige Spots","detail_map":"Manhattan","source_pages":"Knight at the Opera, Schauplätze","map_source":"Shadowrun Missions Season 3","placement_note":"Nach Quellenbezug im Teilraum Manhattan angenähert","accuracy":"Teilraumzuordnung; Feinposition vorläufig","source_map":"manhattan-content","source_panel":"Manhattan","description_preview":"Ein privates Safehouse auf Staten Island dient während der Entführung Damien Knights als Zwischenstation.","description_full":"Ein privates Safehouse auf Staten Island dient während der Entführung Damien Knights als Zwischenstation. Die Position ist auf den belegten Stadt- oder Teilraum angenähert; eine hausgenaue Lage ist aus dem Datenmaterial nicht sicher ableitbar.","description_source":"Knight at the Opera, Schauplätze","description_kind":"Ortsprofil","description_has_more":true,"detail_plans":[],"alternate_locations":[],"sources":[{"bookId":"srm03-sr4","title":"Shadowrun Missions Season 3","edition":"SR4","citation":"Knight at the Opera, Schauplätze","purpose":"description"}],"map_sources":[],"editions":["SR4"],"edition_descriptions":{"SR4":{"kind":"Ortsprofil","preview":"Ein privates Safehouse auf Staten Island dient während der Entführung Damien Knights als Zwischenstation.","full":"Ein privates Safehouse auf Staten Island dient während der Entführung Damien Knights als Zwischenstation. Die Position ist auf den belegten Stadt- oder Teilraum angenähert; eine hausgenaue Lage ist aus dem Datenmaterial nicht sicher ableitbar.","hasMore":true,"hasExcerpt":true,"sources":[{"bookId":"srm03-sr4","title":"Shadowrun Missions Season 3","edition":"SR4","citation":"Knight at the Opera, Schauplätze","purpose":"description"}]}}}},{"type":"Feature","geometry":{"type":"Point","coordinates":[-73.978018,40.76282]},"properties":{"id":104,"global_id":"manhattan:place:104-studio-74","name":"Studio 74","aliases":[],"category":"Bars und Clubs","detail_map":"Midtown","source_pages":"Gestohlene Seelen, New Yorker Konzernidyll S. 118-147","map_source":"Gestohlene Seelen / Stolen Souls","placement_note":"Nach Quellenbezug im Teilraum Midtown angenähert","accuracy":"Teilraumzuordnung; Feinposition vorläufig","source_map":"manhattan-content","source_panel":"Midtown","description_preview":"Studio 74 rekonstruiert das historische Studio 54 als Horizon-Nachtclub und Theater mit Konzerten und VIP-Suiten.","description_full":"Studio 74 rekonstruiert das historische Studio 54 als Horizon-Nachtclub und Theater mit Konzerten und VIP-Suiten. Die Position ist auf den belegten Stadt- oder Teilraum angenähert; eine hausgenaue Lage ist aus dem Datenmaterial nicht sicher ableitbar.","description_source":"Gestohlene Seelen, New Yorker Konzernidyll S. 118-147","description_kind":"Ortsprofil","description_has_more":true,"detail_plans":[],"alternate_locations":[],"sources":[{"bookId":"stolen-souls-sr5","title":"Gestohlene Seelen / Stolen Souls","edition":"SR5","citation":"Gestohlene Seelen, New Yorker Konzernidyll S. 118-147","purpose":"description"}],"map_sources":[],"editions":["SR5"],"edition_descriptions":{"SR5":{"kind":"Ortsprofil","preview":"Studio 74 rekonstruiert das historische Studio 54 als Horizon-Nachtclub und Theater mit Konzerten und VIP-Suiten.","full":"Studio 74 rekonstruiert das historische Studio 54 als Horizon-Nachtclub und Theater mit Konzerten und VIP-Suiten. Die Position ist auf den belegten Stadt- oder Teilraum angenähert; eine hausgenaue Lage ist aus dem Datenmaterial nicht sicher ableitbar.","hasMore":true,"hasExcerpt":true,"sources":[{"bookId":"stolen-souls-sr5","title":"Gestohlene Seelen / Stolen Souls","edition":"SR5","citation":"Gestohlene Seelen, New Yorker Konzernidyll S. 118-147","purpose":"description"}]}}}},{"type":"Feature","geometry":{"type":"Point","coordinates":[-73.982057,40.731778]},"properties":{"id":31,"global_id":"manhattan:place:31-stuyvesant","name":"Stuyvesant","aliases":[],"category":"Bezirke","detail_map":"Stuyvesant","source_pages":"The Rotten Apple: Manhattan, Abschnitt Stuyvesant","map_source":"The Rotten Apple: Manhattan","placement_note":"Lore-Bezirkszentrum Stuyvesant","accuracy":"Lore-Bezirk; Grenzebene separat geprüft","source_map":"manhattan-content","source_panel":"Stuyvesant","description_preview":"Stuyvesant ist ein extrem wohlhabendes Villenviertel, dessen scheinbar dekorative Gebäude, Gärten und Tiere vielfach als bewaffnete Sicherheits- und Überwachungssysteme dienen.","description_full":"Stuyvesant ist ein extrem wohlhabendes Villenviertel, dessen scheinbar dekorative Gebäude, Gärten und Tiere vielfach als bewaffnete Sicherheits- und Überwachungssysteme dienen. Die Zusammenfassung folgt dem Bezirkskapitel der angegebenen Edition; heutige Grenzen dienen nur der geografischen Einordnung.","description_source":"The Rotten Apple: Manhattan, Abschnitt Stuyvesant","description_kind":"Bezirksprofil","description_has_more":true,"detail_plans":[],"alternate_locations":[],"sources":[{"bookId":"rotten-apple-sr4","title":"The Rotten Apple: Manhattan","edition":"SR4","citation":"The Rotten Apple: Manhattan, Abschnitt Stuyvesant","purpose":"description"},{"bookId":"nagna-sr1","title":"The Neo-Anarchist’s Guide to North America","edition":"SR1","citation":"The Neo-Anarchist’s Guide to North America, New York City S. 114-128","purpose":"description"},{"bookId":"stolen-souls-sr5","title":"Gestohlene Seelen / Stolen Souls","edition":"SR5","citation":"Gestohlene Seelen, New Yorker Konzernidyll S. 118-147","purpose":"description"}],"map_sources":[],"editions":["SR4","SR1","SR5"],"edition_descriptions":{"SR4":{"kind":"Bezirksprofil","preview":"Stuyvesant ist ein extrem wohlhabendes Villenviertel, dessen scheinbar dekorative Gebäude, Gärten und Tiere vielfach als bewaffnete Sicherheits- und Überwachungssysteme dienen.","full":"Stuyvesant ist ein extrem wohlhabendes Villenviertel, dessen scheinbar dekorative Gebäude, Gärten und Tiere vielfach als bewaffnete Sicherheits- und Überwachungssysteme dienen. Die Zusammenfassung folgt dem Bezirkskapitel der angegebenen Edition; heutige Grenzen dienen nur der geografischen Einordnung.","hasMore":true,"hasExcerpt":true,"sources":[{"bookId":"rotten-apple-sr4","title":"The Rotten Apple: Manhattan","edition":"SR4","citation":"The Rotten Apple: Manhattan, Abschnitt Stuyvesant","purpose":"description"}]},"SR1":{"kind":"Bezirksprofil","preview":"Stuyvesant besteht 2050 fast ausschließlich aus niedrig bebauten Einzelresidenzen der reichen und ultrareichen Oberschicht.","full":"Stuyvesant besteht 2050 fast ausschließlich aus niedrig bebauten Einzelresidenzen der reichen und ultrareichen Oberschicht. Die Beschreibung folgt dem Lore-Stand der angegebenen Edition; die separat schaltbare Grenzebene bildet den jüngsten georeferenzierten Arbeitsstand ab.","hasMore":true,"hasExcerpt":true,"sources":[{"bookId":"nagna-sr1","title":"The Neo-Anarchist’s Guide to North America","edition":"SR1","citation":"The Neo-Anarchist’s Guide to North America, New York City S. 114-128","purpose":"description"}]},"SR5":{"kind":"Bezirksprofil","preview":"Stuyvesant bleibt ein streng geschütztes Villen- und Luxuswohngebiet für die wohlhabendsten Bewohner Manhattans.","full":"Stuyvesant bleibt ein streng geschütztes Villen- und Luxuswohngebiet für die wohlhabendsten Bewohner Manhattans. Die Beschreibung folgt dem Lore-Stand der angegebenen Edition; die separat schaltbare Grenzebene bildet den jüngsten georeferenzierten Arbeitsstand ab.","hasMore":true,"hasExcerpt":true,"sources":[{"bookId":"stolen-souls-sr5","title":"Gestohlene Seelen / Stolen Souls","edition":"SR5","citation":"Gestohlene Seelen, New Yorker Konzernidyll S. 118-147","purpose":"description"}]}}}},{"type":"Feature","geometry":{"type":"Point","coordinates":[-73.9448,40.8089]},"properties":{"id":130,"global_id":"manhattan:place:130-sylvias","name":"Sylvia’s","aliases":[],"category":"Restaurants","detail_map":"New Harlem","source_pages":"Flüsternetze - Manhattankarte, Nr. 7","map_source":"Flüsternetze","placement_note":"Erhaltener geographischer Bezugspunkt","accuracy":"Geographischer Bezugspunkt","source_map":"manhattan-content","source_panel":"New Harlem","description_preview":"Sylvia’s ist ein in Flüsternetze belegter Schauplatz im Bereich New Harlem.","description_full":"Sylvia’s ist ein in Flüsternetze belegter Schauplatz im Bereich New Harlem. Die Position folgt einem erhaltenen heutigen Bezugspunkt.","description_source":"Flüsternetze - Manhattankarte, Nr. 7","description_kind":"Ortsprofil","description_has_more":true,"detail_plans":[],"alternate_locations":[],"sources":[{"bookId":"fluesternetze-sr6","title":"Flüsternetze","edition":"SR6","citation":"Flüsternetze - Manhattankarte, Nr. 7","purpose":"description"}],"map_sources":[],"editions":["SR6"],"edition_descriptions":{"SR6":{"kind":"Ortsprofil","preview":"Sylvia’s ist ein in Flüsternetze belegter Schauplatz im Bereich New Harlem.","full":"Sylvia’s ist ein in Flüsternetze belegter Schauplatz im Bereich New Harlem. Die Position folgt einem erhaltenen heutigen Bezugspunkt.","hasMore":true,"hasExcerpt":true,"sources":[{"bookId":"fluesternetze-sr6","title":"Flüsternetze","edition":"SR6","citation":"Flüsternetze - Manhattankarte, Nr. 7","purpose":"description"}]}},"map_number_sr6":7}},{"type":"Feature","geometry":{"type":"Point","coordinates":[-74.002263,40.754259]},"properties":{"id":32,"global_id":"manhattan:place:32-terminal","name":"Terminal","aliases":[],"category":"Bezirke","detail_map":"Terminal","source_pages":"The Rotten Apple: Manhattan, Abschnitt Terminal","map_source":"The Rotten Apple: Manhattan","placement_note":"Lore-Bezirkszentrum Terminal","accuracy":"Lore-Bezirk; Grenzebene separat geprüft","source_map":"manhattan-content","source_panel":"Terminal","description_preview":"Terminal rund um Penn Station und Port Authority ist Manhattans kontrollierte Schattenzone für billige Unterkünfte, Drogen, Sexarbeit und Schmuggel, gesichert durch Chokepoints statt flächiger Ordnung.","description_full":"Terminal rund um Penn Station und Port Authority ist Manhattans kontrollierte Schattenzone für billige Unterkünfte, Drogen, Sexarbeit und Schmuggel, gesichert durch Chokepoints statt flächiger Ordnung. Die Zusammenfassung folgt dem Bezirkskapitel der angegebenen Edition; heutige Grenzen dienen nur der geografischen Einordnung.","description_source":"The Rotten Apple: Manhattan, Abschnitt Terminal","description_kind":"Bezirksprofil","description_has_more":true,"detail_plans":[],"alternate_locations":[],"sources":[{"bookId":"rotten-apple-sr4","title":"The Rotten Apple: Manhattan","edition":"SR4","citation":"The Rotten Apple: Manhattan, Abschnitt Terminal","purpose":"description"},{"bookId":"nagna-sr1","title":"The Neo-Anarchist’s Guide to North America","edition":"SR1","citation":"The Neo-Anarchist’s Guide to North America, New York City S. 114-128","purpose":"description"},{"bookId":"stolen-souls-sr5","title":"Gestohlene Seelen / Stolen Souls","edition":"SR5","citation":"Gestohlene Seelen, New Yorker Konzernidyll S. 118-147","purpose":"description"}],"map_sources":[],"editions":["SR4","SR1","SR5"],"edition_descriptions":{"SR4":{"kind":"Bezirksprofil","preview":"Terminal rund um Penn Station und Port Authority ist Manhattans kontrollierte Schattenzone für billige Unterkünfte, Drogen, Sexarbeit und Schmuggel, gesichert durch Chokepoints statt flächiger Ordnung.","full":"Terminal rund um Penn Station und Port Authority ist Manhattans kontrollierte Schattenzone für billige Unterkünfte, Drogen, Sexarbeit und Schmuggel, gesichert durch Chokepoints statt flächiger Ordnung. Die Zusammenfassung folgt dem Bezirkskapitel der angegebenen Edition; heutige Grenzen dienen nur der geografischen Einordnung.","hasMore":true,"hasExcerpt":true,"sources":[{"bookId":"rotten-apple-sr4","title":"The Rotten Apple: Manhattan","edition":"SR4","citation":"The Rotten Apple: Manhattan, Abschnitt Terminal","purpose":"description"}]},"SR1":{"kind":"Bezirksprofil","preview":"Terminal bündelt Penn Station und Port Authority, billige Unterkünfte, Schwarzmärkte und fast tägliche Straßengewalt hinter kontrollierten Chokepoints.","full":"Terminal bündelt Penn Station und Port Authority, billige Unterkünfte, Schwarzmärkte und fast tägliche Straßengewalt hinter kontrollierten Chokepoints. Die Beschreibung folgt dem Lore-Stand der angegebenen Edition; die separat schaltbare Grenzebene bildet den jüngsten georeferenzierten Arbeitsstand ab.","hasMore":true,"hasExcerpt":true,"sources":[{"bookId":"nagna-sr1","title":"The Neo-Anarchist’s Guide to North America","edition":"SR1","citation":"The Neo-Anarchist’s Guide to North America, New York City S. 114-128","purpose":"description"}]},"SR5":{"kind":"Bezirksprofil","preview":"Terminal ist eine von Winter Systems abgeschottete Armuts- und Transitregion mit Sarghotels, Schmuggel und einem großen Anteil SINloser Bevölkerung.","full":"Terminal ist eine von Winter Systems abgeschottete Armuts- und Transitregion mit Sarghotels, Schmuggel und einem großen Anteil SINloser Bevölkerung. Die Beschreibung folgt dem Lore-Stand der angegebenen Edition; die separat schaltbare Grenzebene bildet den jüngsten georeferenzierten Arbeitsstand ab.","hasMore":true,"hasExcerpt":true,"sources":[{"bookId":"stolen-souls-sr5","title":"Gestohlene Seelen / Stolen Souls","edition":"SR5","citation":"Gestohlene Seelen, New Yorker Konzernidyll S. 118-147","purpose":"description"}]}}}},{"type":"Feature","geometry":{"type":"Point","coordinates":[-73.917218,40.869885]},"properties":{"id":60,"global_id":"manhattan:place:60-the-cloisters","name":"The Cloisters","aliases":[],"category":"Bildung und Kultur","detail_map":"Inwood","source_pages":"The Neo-Anarchist’s Guide to North America, New York City S. 114-128","map_source":"The Neo-Anarchist’s Guide to North America","placement_note":"Nach Quellenbezug im Teilraum Inwood angenähert","accuracy":"Teilraumzuordnung; Feinposition vorläufig","source_map":"manhattan-content","source_panel":"Inwood","description_preview":"The Cloisters beherbergt mittelalterliche Kunst und dient den Children of the New Crusade zugleich als Wohn-, Arbeits- und Ritualort.","description_full":"The Cloisters beherbergt mittelalterliche Kunst und dient den Children of the New Crusade zugleich als Wohn-, Arbeits- und Ritualort. Die Position ist auf den belegten Stadt- oder Teilraum angenähert; eine hausgenaue Lage ist aus dem Datenmaterial nicht sicher ableitbar.","description_source":"The Neo-Anarchist’s Guide to North America, New York City S. 114-128","description_kind":"Ortsprofil","description_has_more":true,"detail_plans":[],"alternate_locations":[],"sources":[{"bookId":"nagna-sr1","title":"The Neo-Anarchist’s Guide to North America","edition":"SR1","citation":"The Neo-Anarchist’s Guide to North America, New York City S. 114-128","purpose":"description"}],"map_sources":[],"editions":["SR1"],"edition_descriptions":{"SR1":{"kind":"Ortsprofil","preview":"The Cloisters beherbergt mittelalterliche Kunst und dient den Children of the New Crusade zugleich als Wohn-, Arbeits- und Ritualort.","full":"The Cloisters beherbergt mittelalterliche Kunst und dient den Children of the New Crusade zugleich als Wohn-, Arbeits- und Ritualort. Die Position ist auf den belegten Stadt- oder Teilraum angenähert; eine hausgenaue Lage ist aus dem Datenmaterial nicht sicher ableitbar.","hasMore":true,"hasExcerpt":true,"sources":[{"bookId":"nagna-sr1","title":"The Neo-Anarchist’s Guide to North America","edition":"SR1","citation":"The Neo-Anarchist’s Guide to North America, New York City S. 114-128","purpose":"description"}]}}}},{"type":"Feature","geometry":{"type":"Point","coordinates":[-74.006789,40.734836]},"properties":{"id":36,"global_id":"manhattan:place:36-the-cypress-tree","name":"The Cypress Tree","aliases":[],"category":"Sonstige Spots","detail_map":"Villages","source_pages":"The Rotten Apple: Manhattan, Abschnitt Villages","map_source":"The Rotten Apple: Manhattan","placement_note":"Nach Quellenbezug im Teilraum Villages angenähert","accuracy":"Teilraumzuordnung; Feinposition vorläufig","source_map":"manhattan-content","source_panel":"Villages","description_preview":"The Cypress Tree ist ein in The Rotten Apple: Manhattan belegter Schauplatz im Bereich Villages.","description_full":"The Cypress Tree ist ein in The Rotten Apple: Manhattan belegter Schauplatz im Bereich Villages. Die Position ist auf den belegten Stadt- oder Teilraum angenähert; eine hausgenaue Lage ist aus dem Datenmaterial nicht sicher ableitbar.","description_source":"The Rotten Apple: Manhattan, Abschnitt Villages","description_kind":"Ortsprofil","description_has_more":true,"detail_plans":[],"alternate_locations":[],"sources":[{"bookId":"rotten-apple-sr4","title":"The Rotten Apple: Manhattan","edition":"SR4","citation":"The Rotten Apple: Manhattan, Abschnitt Villages","purpose":"description"}],"map_sources":[],"editions":["SR4"],"edition_descriptions":{"SR4":{"kind":"Ortsprofil","preview":"The Cypress Tree ist ein in The Rotten Apple: Manhattan belegter Schauplatz im Bereich Villages.","full":"The Cypress Tree ist ein in The Rotten Apple: Manhattan belegter Schauplatz im Bereich Villages. Die Position ist auf den belegten Stadt- oder Teilraum angenähert; eine hausgenaue Lage ist aus dem Datenmaterial nicht sicher ableitbar.","hasMore":true,"hasExcerpt":true,"sources":[{"bookId":"rotten-apple-sr4","title":"The Rotten Apple: Manhattan","edition":"SR4","citation":"The Rotten Apple: Manhattan, Abschnitt Villages","purpose":"description"}]}}}},{"type":"Feature","geometry":{"type":"Point","coordinates":[-74.010859,40.714262]},"properties":{"id":49,"global_id":"manhattan:place:49-the-green-building","name":"The Green Building","aliases":[],"category":"Sonstige Spots","detail_map":"Battery City","source_pages":"The Rotten Apple: Manhattan, Abschnitt Battery City","map_source":"The Rotten Apple: Manhattan","placement_note":"Nach Quellenbezug im Teilraum Battery City angenähert","accuracy":"Teilraumzuordnung; Feinposition vorläufig","source_map":"manhattan-content","source_panel":"Battery City","description_preview":"The Green Building ist ein in The Rotten Apple: Manhattan belegter Schauplatz im Bereich Battery City.","description_full":"The Green Building ist ein in The Rotten Apple: Manhattan belegter Schauplatz im Bereich Battery City. Die Position ist auf den belegten Stadt- oder Teilraum angenähert; eine hausgenaue Lage ist aus dem Datenmaterial nicht sicher ableitbar.","description_source":"The Rotten Apple: Manhattan, Abschnitt Battery City","description_kind":"Ortsprofil","description_has_more":true,"detail_plans":[],"alternate_locations":[],"sources":[{"bookId":"rotten-apple-sr4","title":"The Rotten Apple: Manhattan","edition":"SR4","citation":"The Rotten Apple: Manhattan, Abschnitt Battery City","purpose":"description"}],"map_sources":[],"editions":["SR4"],"edition_descriptions":{"SR4":{"kind":"Ortsprofil","preview":"The Green Building ist ein in The Rotten Apple: Manhattan belegter Schauplatz im Bereich Battery City.","full":"The Green Building ist ein in The Rotten Apple: Manhattan belegter Schauplatz im Bereich Battery City. Die Position ist auf den belegten Stadt- oder Teilraum angenähert; eine hausgenaue Lage ist aus dem Datenmaterial nicht sicher ableitbar.","hasMore":true,"hasExcerpt":true,"sources":[{"bookId":"rotten-apple-sr4","title":"The Rotten Apple: Manhattan","edition":"SR4","citation":"The Rotten Apple: Manhattan, Abschnitt Battery City","purpose":"description"}]}}}},{"type":"Feature","geometry":{"type":"Point","coordinates":[-74.006144,40.71369]},"properties":{"id":33,"global_id":"manhattan:place:33-the-marquee","name":"The Marquee","aliases":[],"category":"Sonstige Spots","detail_map":"Southside","source_pages":"The Rotten Apple: Manhattan, Abschnitt Southside","map_source":"The Rotten Apple: Manhattan","placement_note":"Nach Quellenbezug im Teilraum Southside angenähert","accuracy":"Teilraumzuordnung; Feinposition vorläufig","source_map":"manhattan-content","source_panel":"Southside","description_preview":"The Marquee ist ein in The Rotten Apple: Manhattan belegter Schauplatz im Bereich Southside.","description_full":"The Marquee ist ein in The Rotten Apple: Manhattan belegter Schauplatz im Bereich Southside. Die Position ist auf den belegten Stadt- oder Teilraum angenähert; eine hausgenaue Lage ist aus dem Datenmaterial nicht sicher ableitbar.","description_source":"The Rotten Apple: Manhattan, Abschnitt Southside","description_kind":"Ortsprofil","description_has_more":true,"detail_plans":[],"alternate_locations":[],"sources":[{"bookId":"rotten-apple-sr4","title":"The Rotten Apple: Manhattan","edition":"SR4","citation":"The Rotten Apple: Manhattan, Abschnitt Southside","purpose":"description"},{"bookId":"stolen-souls-sr5","title":"Gestohlene Seelen / Stolen Souls","edition":"SR5","citation":"Gestohlene Seelen, New Yorker Konzernidyll S. 118-147","purpose":"description"}],"map_sources":[],"editions":["SR4","SR5"],"edition_descriptions":{"SR4":{"kind":"Ortsprofil","preview":"The Marquee ist ein in The Rotten Apple: Manhattan belegter Schauplatz im Bereich Southside.","full":"The Marquee ist ein in The Rotten Apple: Manhattan belegter Schauplatz im Bereich Southside. Die Position ist auf den belegten Stadt- oder Teilraum angenähert; eine hausgenaue Lage ist aus dem Datenmaterial nicht sicher ableitbar.","hasMore":true,"hasExcerpt":true,"sources":[{"bookId":"rotten-apple-sr4","title":"The Rotten Apple: Manhattan","edition":"SR4","citation":"The Rotten Apple: Manhattan, Abschnitt Southside","purpose":"description"}]},"SR5":{"kind":"Ortsprofil","preview":"Das Marquee ist ein gehobener Club für erfolgreiche Konzernbürger und Prominente mit abgeschirmten VIP-Räumen.","full":"Das Marquee ist ein gehobener Club für erfolgreiche Konzernbürger und Prominente mit abgeschirmten VIP-Räumen. Die Position ist auf den belegten Stadt- oder Teilraum angenähert; eine hausgenaue Lage ist aus dem Datenmaterial nicht sicher ableitbar.","hasMore":true,"hasExcerpt":true,"sources":[{"bookId":"stolen-souls-sr5","title":"Gestohlene Seelen / Stolen Souls","edition":"SR5","citation":"Gestohlene Seelen, New Yorker Konzernidyll S. 118-147","purpose":"description"}]}}}},{"type":"Feature","geometry":{"type":"Point","coordinates":[-74.003058,40.727781]},"properties":{"id":37,"global_id":"manhattan:place:37-the-pit","name":"The Pit","aliases":[],"category":"Bezirke","detail_map":"Heritage","source_pages":"The Rotten Apple: Manhattan, Abschnitt Heritage","map_source":"The Rotten Apple: Manhattan","placement_note":"Lore-Bezirkszentrum The Pit","accuracy":"Lore-Bezirk; Grenzebene separat geprüft","source_map":"manhattan-content","source_panel":"Heritage","description_preview":"The Pit bezeichnet die Lower Eastside jenseits verlässlicher NYPD-Kontrolle: eine eingedämmte Grenzzone aus Gangs, Squats und Sanierungsprojekten, in der zunehmend die Cutters auftreten.","description_full":"The Pit bezeichnet die Lower Eastside jenseits verlässlicher NYPD-Kontrolle: eine eingedämmte Grenzzone aus Gangs, Squats und Sanierungsprojekten, in der zunehmend die Cutters auftreten. Die Zusammenfassung folgt dem Bezirkskapitel der angegebenen Edition; heutige Grenzen dienen nur der geografischen Einordnung.","description_source":"The Rotten Apple: Manhattan, Abschnitt Heritage","description_kind":"Bezirksprofil","description_has_more":true,"detail_plans":[],"alternate_locations":[],"sources":[{"bookId":"rotten-apple-sr4","title":"The Rotten Apple: Manhattan","edition":"SR4","citation":"The Rotten Apple: Manhattan, Abschnitt Heritage","purpose":"description"},{"bookId":"nagna-sr1","title":"The Neo-Anarchist’s Guide to North America","edition":"SR1","citation":"The Neo-Anarchist’s Guide to North America, New York City S. 114-128","purpose":"description"},{"bookId":"stolen-souls-sr5","title":"Gestohlene Seelen / Stolen Souls","edition":"SR5","citation":"Gestohlene Seelen, New Yorker Konzernidyll S. 118-147","purpose":"description"}],"map_sources":[],"editions":["SR4","SR1","SR5"],"edition_descriptions":{"SR4":{"kind":"Bezirksprofil","preview":"The Pit bezeichnet die Lower Eastside jenseits verlässlicher NYPD-Kontrolle: eine eingedämmte Grenzzone aus Gangs, Squats und Sanierungsprojekten, in der zunehmend die Cutters auftreten.","full":"The Pit bezeichnet die Lower Eastside jenseits verlässlicher NYPD-Kontrolle: eine eingedämmte Grenzzone aus Gangs, Squats und Sanierungsprojekten, in der zunehmend die Cutters auftreten. Die Zusammenfassung folgt dem Bezirkskapitel der angegebenen Edition; heutige Grenzen dienen nur der geografischen Einordnung.","hasMore":true,"hasExcerpt":true,"sources":[{"bookId":"rotten-apple-sr4","title":"The Rotten Apple: Manhattan","edition":"SR4","citation":"The Rotten Apple: Manhattan, Abschnitt Heritage","purpose":"description"}]},"SR1":{"kind":"Bezirksprofil","preview":"Die Lower East Side beziehungsweise The Pit ist eine weitgehend aufgegebene Z-Zone, in der Gangs und Straßenregeln die staatliche Ordnung ersetzen.","full":"Die Lower East Side beziehungsweise The Pit ist eine weitgehend aufgegebene Z-Zone, in der Gangs und Straßenregeln die staatliche Ordnung ersetzen. Die Beschreibung folgt dem Lore-Stand der angegebenen Edition; die separat schaltbare Grenzebene bildet den jüngsten georeferenzierten Arbeitsstand ab.","hasMore":true,"hasExcerpt":true,"sources":[{"bookId":"nagna-sr1","title":"The Neo-Anarchist’s Guide to North America","edition":"SR1","citation":"The Neo-Anarchist’s Guide to North America, New York City S. 114-128","purpose":"description"}]},"SR5":{"kind":"Bezirksprofil","preview":"Die Grube ist 2076 eine teilweise aufgegebene C- bis Z-Zone, in der Gangs, Neo-Anarchisten und Syndikate große Teile des Alltags bestimmen.","full":"Die Grube ist 2076 eine teilweise aufgegebene C- bis Z-Zone, in der Gangs, Neo-Anarchisten und Syndikate große Teile des Alltags bestimmen. Die Beschreibung folgt dem Lore-Stand der angegebenen Edition; die separat schaltbare Grenzebene bildet den jüngsten georeferenzierten Arbeitsstand ab.","hasMore":true,"hasExcerpt":true,"sources":[{"bookId":"stolen-souls-sr5","title":"Gestohlene Seelen / Stolen Souls","edition":"SR5","citation":"Gestohlene Seelen, New Yorker Konzernidyll S. 118-147","purpose":"description"}]}}}},{"type":"Feature","geometry":{"type":"Point","coordinates":[-73.990874,40.75006]},"properties":{"id":42,"global_id":"manhattan:place:42-the-towers","name":"The Towers","aliases":[],"category":"Bezirke","detail_map":"City Center","source_pages":"The Rotten Apple: Manhattan, Abschnitt City Center","map_source":"The Rotten Apple: Manhattan","placement_note":"Lore-Bezirkszentrum The Towers","accuracy":"Lore-Bezirk; Grenzebene separat geprüft","source_map":"manhattan-content","source_panel":"City Center","description_preview":"Die drei ehemaligen Fuchi-Türme sind der irdische Hauptsitz des Konzerngerichtshofs und gelten nach ihrer Sanierung als eines der am stärksten gesicherten Konzernareale der Welt.","description_full":"Die drei ehemaligen Fuchi-Türme sind der irdische Hauptsitz des Konzerngerichtshofs und gelten nach ihrer Sanierung als eines der am stärksten gesicherten Konzernareale der Welt. Die Zusammenfassung folgt dem Bezirkskapitel der angegebenen Edition; heutige Grenzen dienen nur der geografischen Einordnung.","description_source":"The Rotten Apple: Manhattan, Abschnitt City Center","description_kind":"Bezirksprofil","description_has_more":true,"detail_plans":[],"alternate_locations":[],"sources":[{"bookId":"rotten-apple-sr4","title":"The Rotten Apple: Manhattan","edition":"SR4","citation":"The Rotten Apple: Manhattan, Abschnitt City Center","purpose":"description"},{"bookId":"nagna-sr1","title":"The Neo-Anarchist’s Guide to North America","edition":"SR1","citation":"The Neo-Anarchist’s Guide to North America, New York City S. 114-128","purpose":"description"},{"bookId":"stolen-souls-sr5","title":"Gestohlene Seelen / Stolen Souls","edition":"SR5","citation":"Gestohlene Seelen, New Yorker Konzernidyll S. 118-147","purpose":"description"}],"map_sources":[],"editions":["SR4","SR1","SR5"],"edition_descriptions":{"SR4":{"kind":"Bezirksprofil","preview":"Die drei ehemaligen Fuchi-Türme sind der irdische Hauptsitz des Konzerngerichtshofs und gelten nach ihrer Sanierung als eines der am stärksten gesicherten Konzernareale der Welt.","full":"Die drei ehemaligen Fuchi-Türme sind der irdische Hauptsitz des Konzerngerichtshofs und gelten nach ihrer Sanierung als eines der am stärksten gesicherten Konzernareale der Welt. Die Zusammenfassung folgt dem Bezirkskapitel der angegebenen Edition; heutige Grenzen dienen nur der geografischen Einordnung.","hasMore":true,"hasExcerpt":true,"sources":[{"bookId":"rotten-apple-sr4","title":"The Rotten Apple: Manhattan","edition":"SR4","citation":"The Rotten Apple: Manhattan, Abschnitt City Center","purpose":"description"}]},"SR1":{"kind":"Ortsprofil","preview":"Fuchi-Town besteht 2050 aus drei 250-stöckigen schwarzen Türmen auf den Ruinen des World Trade Center.","full":"Fuchi-Town besteht 2050 aus drei 250-stöckigen schwarzen Türmen auf den Ruinen des World Trade Center. Die Position ist auf den belegten Stadt- oder Teilraum angenähert; eine hausgenaue Lage ist aus dem Datenmaterial nicht sicher ableitbar.","hasMore":true,"hasExcerpt":true,"sources":[{"bookId":"nagna-sr1","title":"The Neo-Anarchist’s Guide to North America","edition":"SR1","citation":"The Neo-Anarchist’s Guide to North America, New York City S. 114-128","purpose":"description"}]},"SR5":{"kind":"Ortsprofil","preview":"Die drei sanierten Fuchi-Türme beherbergen NeoNET-Anteile und den terrestrischen Konzerngerichtshof mit extrem hoher Sicherheit.","full":"Die drei sanierten Fuchi-Türme beherbergen NeoNET-Anteile und den terrestrischen Konzerngerichtshof mit extrem hoher Sicherheit. Die Position ist auf den belegten Stadt- oder Teilraum angenähert; eine hausgenaue Lage ist aus dem Datenmaterial nicht sicher ableitbar.","hasMore":true,"hasExcerpt":true,"sources":[{"bookId":"stolen-souls-sr5","title":"Gestohlene Seelen / Stolen Souls","edition":"SR5","citation":"Gestohlene Seelen, New Yorker Konzernidyll S. 118-147","purpose":"description"}]}}}},{"type":"Feature","geometry":{"type":"Point","coordinates":[-73.992102,40.760985]},"properties":{"id":51,"global_id":"manhattan:place:51-the-underground","name":"The Underground","aliases":[],"category":"Sonstige Spots","detail_map":"Manhattan","source_pages":"The Rotten Apple: Manhattan, Abschnitt Manhattan","map_source":"The Rotten Apple: Manhattan","placement_note":"Nach Quellenbezug im Teilraum Manhattan angenähert","accuracy":"Teilraumzuordnung; Feinposition vorläufig","source_map":"manhattan-content","source_panel":"Manhattan","description_preview":"The Underground ist ein in The Rotten Apple: Manhattan belegter Schauplatz im Bereich Manhattan.","description_full":"The Underground ist ein in The Rotten Apple: Manhattan belegter Schauplatz im Bereich Manhattan. Die Position ist auf den belegten Stadt- oder Teilraum angenähert; eine hausgenaue Lage ist aus dem Datenmaterial nicht sicher ableitbar.","description_source":"The Rotten Apple: Manhattan, Abschnitt Manhattan","description_kind":"Ortsprofil","description_has_more":true,"detail_plans":[],"alternate_locations":[],"sources":[{"bookId":"rotten-apple-sr4","title":"The Rotten Apple: Manhattan","edition":"SR4","citation":"The Rotten Apple: Manhattan, Abschnitt Manhattan","purpose":"description"}],"map_sources":[],"editions":["SR4"],"edition_descriptions":{"SR4":{"kind":"Ortsprofil","preview":"The Underground ist ein in The Rotten Apple: Manhattan belegter Schauplatz im Bereich Manhattan.","full":"The Underground ist ein in The Rotten Apple: Manhattan belegter Schauplatz im Bereich Manhattan. Die Position ist auf den belegten Stadt- oder Teilraum angenähert; eine hausgenaue Lage ist aus dem Datenmaterial nicht sicher ableitbar.","hasMore":true,"hasExcerpt":true,"sources":[{"bookId":"rotten-apple-sr4","title":"The Rotten Apple: Manhattan","edition":"SR4","citation":"The Rotten Apple: Manhattan, Abschnitt Manhattan","purpose":"description"}]}}}},{"type":"Feature","geometry":{"type":"Point","coordinates":[-74.0027,40.7336]},"properties":{"id":57,"global_id":"manhattan:place:57-the-village","name":"The Village","aliases":[],"category":"Bezirke","detail_map":"The Village","source_pages":"The Rotten Apple: Manhattan, Viertelbeschreibung The Village, S. 13-23","map_source":"The Rotten Apple: Manhattan","placement_note":"Lore-Bezirkszentrum The Village","accuracy":"Lore-Bezirk; Grenzebene separat geprüft","source_map":"manhattan-content","source_panel":"The Village","description_preview":"The Village vermarktet eine konzernkompatible Nachbildung seiner früheren Bohème; NYCU, genehmigte Gegenkultur und touristische Geschäfte dominieren das Quartier.","description_full":"The Village vermarktet eine konzernkompatible Nachbildung seiner früheren Bohème; NYCU, genehmigte Gegenkultur und touristische Geschäfte dominieren das Quartier. Die Zusammenfassung folgt dem Bezirkskapitel der angegebenen Edition; heutige Grenzen dienen nur der geografischen Einordnung.","description_source":"The Rotten Apple: Manhattan, Viertelbeschreibung The Village, S. 13-23","description_kind":"Bezirksprofil","description_has_more":true,"detail_plans":[],"alternate_locations":[],"sources":[{"bookId":"rotten-apple-sr4","title":"The Rotten Apple: Manhattan","edition":"SR4","citation":"The Rotten Apple: Manhattan, Viertelbeschreibung The Village, S. 13-23","purpose":"description"},{"bookId":"nagna-sr1","title":"The Neo-Anarchist’s Guide to North America","edition":"SR1","citation":"The Neo-Anarchist’s Guide to North America, New York City S. 114-128","purpose":"description"},{"bookId":"stolen-souls-sr5","title":"Gestohlene Seelen / Stolen Souls","edition":"SR5","citation":"Gestohlene Seelen, New Yorker Konzernidyll S. 118-147","purpose":"description"}],"map_sources":[],"editions":["SR4","SR1","SR5"],"edition_descriptions":{"SR4":{"kind":"Bezirksprofil","preview":"The Village vermarktet eine konzernkompatible Nachbildung seiner früheren Bohème; NYCU, genehmigte Gegenkultur und touristische Geschäfte dominieren das Quartier.","full":"The Village vermarktet eine konzernkompatible Nachbildung seiner früheren Bohème; NYCU, genehmigte Gegenkultur und touristische Geschäfte dominieren das Quartier. Die Zusammenfassung folgt dem Bezirkskapitel der angegebenen Edition; heutige Grenzen dienen nur der geografischen Einordnung.","hasMore":true,"hasExcerpt":true,"sources":[{"bookId":"rotten-apple-sr4","title":"The Rotten Apple: Manhattan","edition":"SR4","citation":"The Rotten Apple: Manhattan, Viertelbeschreibung The Village, S. 13-23","purpose":"description"}]},"SR1":{"kind":"Bezirksprofil","preview":"The Village verkauft eine bereinigte und teure Version seiner früheren Gegenkultur mit Galerien, Buchläden, Lofts und nächtlichen Modegruppen.","full":"The Village verkauft eine bereinigte und teure Version seiner früheren Gegenkultur mit Galerien, Buchläden, Lofts und nächtlichen Modegruppen. Die Beschreibung folgt dem Lore-Stand der angegebenen Edition; die separat schaltbare Grenzebene bildet den jüngsten georeferenzierten Arbeitsstand ab.","hasMore":true,"hasExcerpt":true,"sources":[{"bookId":"nagna-sr1","title":"The Neo-Anarchist’s Guide to North America","edition":"SR1","citation":"The Neo-Anarchist’s Guide to North America, New York City S. 114-128","purpose":"description"}]},"SR5":{"kind":"Bezirksprofil","preview":"The Village ist ein kommerzialisierter Kulturbezirk mit teurem Wohnen, Gastronomie und einer weitgehend konzernverträglichen Bohème.","full":"The Village ist ein kommerzialisierter Kulturbezirk mit teurem Wohnen, Gastronomie und einer weitgehend konzernverträglichen Bohème. Die Beschreibung folgt dem Lore-Stand der angegebenen Edition; die separat schaltbare Grenzebene bildet den jüngsten georeferenzierten Arbeitsstand ab.","hasMore":true,"hasExcerpt":true,"sources":[{"bookId":"stolen-souls-sr5","title":"Gestohlene Seelen / Stolen Souls","edition":"SR5","citation":"Gestohlene Seelen, New Yorker Konzernidyll S. 118-147","purpose":"description"}]}}}},{"type":"Feature","geometry":{"type":"Point","coordinates":[-73.990457,40.750954]},"properties":{"id":14,"global_id":"manhattan:place:14-theater-district","name":"Theater District","aliases":[],"category":"Bezirke","detail_map":"Midtown","source_pages":"The Rotten Apple: Manhattan, Abschnitt Midtown","map_source":"The Rotten Apple: Manhattan","placement_note":"Nach Quellenbezug im Teilraum Midtown angenähert","accuracy":"Teilraumzuordnung; Feinposition vorläufig","source_map":"manhattan-content","source_panel":"Midtown","description_preview":"Theater District ist ein in The Rotten Apple: Manhattan belegter Schauplatz im Bereich Midtown.","description_full":"Theater District ist ein in The Rotten Apple: Manhattan belegter Schauplatz im Bereich Midtown. Die Position ist auf den belegten Stadt- oder Teilraum angenähert; eine hausgenaue Lage ist aus dem Datenmaterial nicht sicher ableitbar.","description_source":"The Rotten Apple: Manhattan, Abschnitt Midtown","description_kind":"Ortsprofil","description_has_more":true,"detail_plans":[],"alternate_locations":[],"sources":[{"bookId":"rotten-apple-sr4","title":"The Rotten Apple: Manhattan","edition":"SR4","citation":"The Rotten Apple: Manhattan, Abschnitt Midtown","purpose":"description"}],"map_sources":[],"editions":["SR4"],"edition_descriptions":{"SR4":{"kind":"Ortsprofil","preview":"Theater District ist ein in The Rotten Apple: Manhattan belegter Schauplatz im Bereich Midtown.","full":"Theater District ist ein in The Rotten Apple: Manhattan belegter Schauplatz im Bereich Midtown. Die Position ist auf den belegten Stadt- oder Teilraum angenähert; eine hausgenaue Lage ist aus dem Datenmaterial nicht sicher ableitbar.","hasMore":true,"hasExcerpt":true,"sources":[{"bookId":"rotten-apple-sr4","title":"The Rotten Apple: Manhattan","edition":"SR4","citation":"The Rotten Apple: Manhattan, Abschnitt Midtown","purpose":"description"}]}}}},{"type":"Feature","geometry":{"type":"Point","coordinates":[-73.987479,40.750516]},"properties":{"id":116,"global_id":"manhattan:place:116-throgs-neck-tunnel","name":"Throgs Neck Tunnel","aliases":[],"category":"Verkehr","detail_map":"Manhattan","source_pages":"Jackknifed!, Schauplätze","map_source":"Shadowrun Missions Season 3","placement_note":"Nach Quellenbezug im Teilraum Manhattan angenähert","accuracy":"Teilraumzuordnung; Feinposition vorläufig","source_map":"manhattan-content","source_panel":"Manhattan","description_preview":"Der stillgelegte Throgs Neck Tunnel unter der Bronx ist eine matrixfreie Gangzone und Schauplatz eines Überfalls auf einen Transport.","description_full":"Der stillgelegte Throgs Neck Tunnel unter der Bronx ist eine matrixfreie Gangzone und Schauplatz eines Überfalls auf einen Transport. Die Position ist auf den belegten Stadt- oder Teilraum angenähert; eine hausgenaue Lage ist aus dem Datenmaterial nicht sicher ableitbar.","description_source":"Jackknifed!, Schauplätze","description_kind":"Ortsprofil","description_has_more":true,"detail_plans":[],"alternate_locations":[],"sources":[{"bookId":"srm03-sr4","title":"Shadowrun Missions Season 3","edition":"SR4","citation":"Jackknifed!, Schauplätze","purpose":"description"}],"map_sources":[],"editions":["SR4"],"edition_descriptions":{"SR4":{"kind":"Ortsprofil","preview":"Der stillgelegte Throgs Neck Tunnel unter der Bronx ist eine matrixfreie Gangzone und Schauplatz eines Überfalls auf einen Transport.","full":"Der stillgelegte Throgs Neck Tunnel unter der Bronx ist eine matrixfreie Gangzone und Schauplatz eines Überfalls auf einen Transport. Die Position ist auf den belegten Stadt- oder Teilraum angenähert; eine hausgenaue Lage ist aus dem Datenmaterial nicht sicher ableitbar.","hasMore":true,"hasExcerpt":true,"sources":[{"bookId":"srm03-sr4","title":"Shadowrun Missions Season 3","edition":"SR4","citation":"Jackknifed!, Schauplätze","purpose":"description"}]}}}},{"type":"Feature","geometry":{"type":"Point","coordinates":[-73.977741,40.766509]},"properties":{"id":23,"global_id":"manhattan:place:23-times-square","name":"Times Square","aliases":[],"category":"Bezirke","detail_map":"Times Square","source_pages":"The Rotten Apple: Manhattan, Abschnitt Times Square","map_source":"The Rotten Apple: Manhattan","placement_note":"Lore-Bezirkszentrum Times Square","accuracy":"Lore-Bezirk; Grenzebene separat geprüft","source_map":"manhattan-content","source_panel":"Times Square","description_preview":"Times Square ist Manhattans ikonische Bühne aus Theater, AR-Werbung und lückenloser Profilerfassung; im nahen Neon City konsumieren Konzernbürger kontrolliert inszenierte Verruchtheit.","description_full":"Times Square ist Manhattans ikonische Bühne aus Theater, AR-Werbung und lückenloser Profilerfassung; im nahen Neon City konsumieren Konzernbürger kontrolliert inszenierte Verruchtheit. Die Zusammenfassung folgt dem Bezirkskapitel der angegebenen Edition; heutige Grenzen dienen nur der geografischen Einordnung.","description_source":"The Rotten Apple: Manhattan, Abschnitt Times Square","description_kind":"Bezirksprofil","description_has_more":true,"detail_plans":[],"alternate_locations":[],"sources":[{"bookId":"rotten-apple-sr4","title":"The Rotten Apple: Manhattan","edition":"SR4","citation":"The Rotten Apple: Manhattan, Abschnitt Times Square","purpose":"description"},{"bookId":"nagna-sr1","title":"The Neo-Anarchist’s Guide to North America","edition":"SR1","citation":"The Neo-Anarchist’s Guide to North America, New York City S. 114-128","purpose":"description"},{"bookId":"stolen-souls-sr5","title":"Gestohlene Seelen / Stolen Souls","edition":"SR5","citation":"Gestohlene Seelen, New Yorker Konzernidyll S. 118-147","purpose":"description"}],"map_sources":[],"editions":["SR4","SR1","SR5"],"edition_descriptions":{"SR4":{"kind":"Bezirksprofil","preview":"Times Square ist Manhattans ikonische Bühne aus Theater, AR-Werbung und lückenloser Profilerfassung; im nahen Neon City konsumieren Konzernbürger kontrolliert inszenierte Verruchtheit.","full":"Times Square ist Manhattans ikonische Bühne aus Theater, AR-Werbung und lückenloser Profilerfassung; im nahen Neon City konsumieren Konzernbürger kontrolliert inszenierte Verruchtheit. Die Zusammenfassung folgt dem Bezirkskapitel der angegebenen Edition; heutige Grenzen dienen nur der geografischen Einordnung.","hasMore":true,"hasExcerpt":true,"sources":[{"bookId":"rotten-apple-sr4","title":"The Rotten Apple: Manhattan","edition":"SR4","citation":"The Rotten Apple: Manhattan, Abschnitt Times Square","purpose":"description"}]},"SR1":{"kind":"Bezirksprofil","preview":"Times Square konzentriert Theater und Hochkultur, während Neon City eine kontrollierte, stark gesicherte Simulation des Rotlicht- und Unterhaltungsviertels bietet.","full":"Times Square konzentriert Theater und Hochkultur, während Neon City eine kontrollierte, stark gesicherte Simulation des Rotlicht- und Unterhaltungsviertels bietet. Die Beschreibung folgt dem Lore-Stand der angegebenen Edition; die separat schaltbare Grenzebene bildet den jüngsten georeferenzierten Arbeitsstand ab.","hasMore":true,"hasExcerpt":true,"sources":[{"bookId":"nagna-sr1","title":"The Neo-Anarchist’s Guide to North America","edition":"SR1","citation":"The Neo-Anarchist’s Guide to North America, New York City S. 114-128","purpose":"description"}]},"SR5":{"kind":"Bezirksprofil","preview":"Times Square bleibt eine streng gesicherte Theater- und Werbezone, in der Konzerne Unterhaltung, Tourismus und öffentliche Wahrnehmung kontrollieren.","full":"Times Square bleibt eine streng gesicherte Theater- und Werbezone, in der Konzerne Unterhaltung, Tourismus und öffentliche Wahrnehmung kontrollieren. Die Beschreibung folgt dem Lore-Stand der angegebenen Edition; die separat schaltbare Grenzebene bildet den jüngsten georeferenzierten Arbeitsstand ab.","hasMore":true,"hasExcerpt":true,"sources":[{"bookId":"stolen-souls-sr5","title":"Gestohlene Seelen / Stolen Souls","edition":"SR5","citation":"Gestohlene Seelen, New Yorker Konzernidyll S. 118-147","purpose":"description"}]}}}},{"type":"Feature","geometry":{"type":"Point","coordinates":[-73.985784,40.752463]},"properties":{"id":163,"global_id":"manhattan:place:163-topside","name":"Topside","aliases":[],"category":"Bezirke","detail_map":"Manhattan","source_pages":"Flüsternetze, Kampagne S. 41-143","map_source":"Flüsternetze","placement_note":"Nach Quellenbezug im Teilraum Manhattan angenähert","accuracy":"Teilraumzuordnung; Feinposition vorläufig","source_map":"manhattan-content","source_panel":"Manhattan","description_preview":"Topside ist ein in Flüsternetze belegter Schauplatz im Bereich Manhattan.","description_full":"Topside ist ein in Flüsternetze belegter Schauplatz im Bereich Manhattan. Die Position ist auf den belegten Stadt- oder Teilraum angenähert; eine hausgenaue Lage ist aus dem Datenmaterial nicht sicher ableitbar.","description_source":"Flüsternetze, Kampagne S. 41-143","description_kind":"Ortsprofil","description_has_more":true,"detail_plans":[],"alternate_locations":[],"sources":[{"bookId":"fluesternetze-sr6","title":"Flüsternetze","edition":"SR6","citation":"Flüsternetze, Kampagne S. 41-143","purpose":"description"}],"map_sources":[],"editions":["SR6"],"edition_descriptions":{"SR6":{"kind":"Ortsprofil","preview":"Topside ist ein in Flüsternetze belegter Schauplatz im Bereich Manhattan.","full":"Topside ist ein in Flüsternetze belegter Schauplatz im Bereich Manhattan. Die Position ist auf den belegten Stadt- oder Teilraum angenähert; eine hausgenaue Lage ist aus dem Datenmaterial nicht sicher ableitbar.","hasMore":true,"hasExcerpt":true,"sources":[{"bookId":"fluesternetze-sr6","title":"Flüsternetze","edition":"SR6","citation":"Flüsternetze, Kampagne S. 41-143","purpose":"description"}]}}}},{"type":"Feature","geometry":{"type":"Point","coordinates":[-73.990826,40.763461]},"properties":{"id":106,"global_id":"manhattan:place:106-tough-tonys","name":"Tough Tony’s","aliases":[],"category":"Bars und Clubs","detail_map":"Midtown","source_pages":"Gestohlene Seelen, New Yorker Konzernidyll S. 118-147","map_source":"Gestohlene Seelen / Stolen Souls","placement_note":"Nach Quellenbezug im Teilraum Midtown angenähert","accuracy":"Teilraumzuordnung; Feinposition vorläufig","source_map":"manhattan-content","source_panel":"Midtown","description_preview":"Tough Tony’s ist ein nur über Mafia-Verbindungen erreichbares illegales Lokal der Lucchese-Familie mit Zugang zum Untergrund.","description_full":"Tough Tony’s ist ein nur über Mafia-Verbindungen erreichbares illegales Lokal der Lucchese-Familie mit Zugang zum Untergrund. Die Position ist auf den belegten Stadt- oder Teilraum angenähert; eine hausgenaue Lage ist aus dem Datenmaterial nicht sicher ableitbar.","description_source":"Gestohlene Seelen, New Yorker Konzernidyll S. 118-147","description_kind":"Ortsprofil","description_has_more":true,"detail_plans":[],"alternate_locations":[],"sources":[{"bookId":"stolen-souls-sr5","title":"Gestohlene Seelen / Stolen Souls","edition":"SR5","citation":"Gestohlene Seelen, New Yorker Konzernidyll S. 118-147","purpose":"description"},{"bookId":"fluesternetze-sr6","title":"Flüsternetze","edition":"SR6","citation":"Flüsternetze - Manhattankarte, Nr. 9","purpose":"description"}],"map_sources":[],"editions":["SR5","SR6"],"edition_descriptions":{"SR5":{"kind":"Ortsprofil","preview":"Tough Tony’s ist ein nur über Mafia-Verbindungen erreichbares illegales Lokal der Lucchese-Familie mit Zugang zum Untergrund.","full":"Tough Tony’s ist ein nur über Mafia-Verbindungen erreichbares illegales Lokal der Lucchese-Familie mit Zugang zum Untergrund. Die Position ist auf den belegten Stadt- oder Teilraum angenähert; eine hausgenaue Lage ist aus dem Datenmaterial nicht sicher ableitbar.","hasMore":true,"hasExcerpt":true,"sources":[{"bookId":"stolen-souls-sr5","title":"Gestohlene Seelen / Stolen Souls","edition":"SR5","citation":"Gestohlene Seelen, New Yorker Konzernidyll S. 118-147","purpose":"description"}]},"SR6":{"kind":"Quellennachweis","preview":"Tough Tony’s ist für SR6 in Flüsternetze belegt.","full":"Tough Tony’s ist für SR6 in Flüsternetze belegt. Der Eintrag wird editionsübergreifend mit demselben Ort zusammengeführt.","hasMore":true,"hasExcerpt":false,"sources":[{"bookId":"fluesternetze-sr6","title":"Flüsternetze","edition":"SR6","citation":"Flüsternetze - Manhattankarte, Nr. 9","purpose":"description"}]}},"map_number_sr6":9}},{"type":"Feature","geometry":{"type":"Point","coordinates":[-73.989472,40.748602]},"properties":{"id":73,"global_id":"manhattan:place:73-transorbital-midtown","name":"TransOrbital Midtown","aliases":[],"category":"Konzerne","detail_map":"Midtown","source_pages":"The Neo-Anarchist’s Guide to North America, New York City S. 114-128","map_source":"The Neo-Anarchist’s Guide to North America","placement_note":"Nach Quellenbezug im Teilraum Midtown angenähert","accuracy":"Teilraumzuordnung; Feinposition vorläufig","source_map":"manhattan-content","source_panel":"Midtown","description_preview":"TransOrbital besitzt 2050 einen wichtigen Standort im südlichen Midtown.","description_full":"TransOrbital besitzt 2050 einen wichtigen Standort im südlichen Midtown. Die Position ist auf den belegten Stadt- oder Teilraum angenähert; eine hausgenaue Lage ist aus dem Datenmaterial nicht sicher ableitbar.","description_source":"The Neo-Anarchist’s Guide to North America, New York City S. 114-128","description_kind":"Ortsprofil","description_has_more":true,"detail_plans":[],"alternate_locations":[],"sources":[{"bookId":"nagna-sr1","title":"The Neo-Anarchist’s Guide to North America","edition":"SR1","citation":"The Neo-Anarchist’s Guide to North America, New York City S. 114-128","purpose":"description"}],"map_sources":[],"editions":["SR1"],"edition_descriptions":{"SR1":{"kind":"Ortsprofil","preview":"TransOrbital besitzt 2050 einen wichtigen Standort im südlichen Midtown.","full":"TransOrbital besitzt 2050 einen wichtigen Standort im südlichen Midtown. Die Position ist auf den belegten Stadt- oder Teilraum angenähert; eine hausgenaue Lage ist aus dem Datenmaterial nicht sicher ableitbar.","hasMore":true,"hasExcerpt":true,"sources":[{"bookId":"nagna-sr1","title":"The Neo-Anarchist’s Guide to North America","edition":"SR1","citation":"The Neo-Anarchist’s Guide to North America, New York City S. 114-128","purpose":"description"}]}}}},{"type":"Feature","geometry":{"type":"Point","coordinates":[-73.977757,40.714201]},"properties":{"id":153,"global_id":"manhattan:place:153-u-bahnhof-an-der-18th-street","name":"U-Bahnhof an der 18th Street","aliases":[],"category":"Verkehr","detail_map":"Lower East Side","source_pages":"Flüsternetze, Kampagne S. 41-143","map_source":"Flüsternetze","placement_note":"Nach Quellenbezug im Teilraum Lower East Side angenähert","accuracy":"Teilraumzuordnung; Feinposition vorläufig","source_map":"manhattan-content","source_panel":"Lower East Side","description_preview":"U-Bahnhof an der 18th Street ist ein in Flüsternetze belegter Schauplatz im Bereich Lower East Side.","description_full":"U-Bahnhof an der 18th Street ist ein in Flüsternetze belegter Schauplatz im Bereich Lower East Side. Die Position ist auf den belegten Stadt- oder Teilraum angenähert; eine hausgenaue Lage ist aus dem Datenmaterial nicht sicher ableitbar.","description_source":"Flüsternetze, Kampagne S. 41-143","description_kind":"Ortsprofil","description_has_more":true,"detail_plans":[],"alternate_locations":[],"sources":[{"bookId":"fluesternetze-sr6","title":"Flüsternetze","edition":"SR6","citation":"Flüsternetze, Kampagne S. 41-143","purpose":"description"}],"map_sources":[],"editions":["SR6"],"edition_descriptions":{"SR6":{"kind":"Ortsprofil","preview":"U-Bahnhof an der 18th Street ist ein in Flüsternetze belegter Schauplatz im Bereich Lower East Side.","full":"U-Bahnhof an der 18th Street ist ein in Flüsternetze belegter Schauplatz im Bereich Lower East Side. Die Position ist auf den belegten Stadt- oder Teilraum angenähert; eine hausgenaue Lage ist aus dem Datenmaterial nicht sicher ableitbar.","hasMore":true,"hasExcerpt":true,"sources":[{"bookId":"fluesternetze-sr6","title":"Flüsternetze","edition":"SR6","citation":"Flüsternetze, Kampagne S. 41-143","purpose":"description"}]}}}},{"type":"Feature","geometry":{"type":"Point","coordinates":[-73.980328,40.754606]},"properties":{"id":66,"global_id":"manhattan:place:66-ucas-data-systems","name":"UCAS Data Systems","aliases":[],"category":"Konzerne","detail_map":"Midtown","source_pages":"The Neo-Anarchist’s Guide to North America, New York City S. 114-128","map_source":"The Neo-Anarchist’s Guide to North America","placement_note":"Nach Quellenbezug im Teilraum Midtown angenähert","accuracy":"Teilraumzuordnung; Feinposition vorläufig","source_map":"manhattan-content","source_panel":"Midtown","description_preview":"UCAS Data Systems besitzt 2050 einen wichtigen Midtown-Standort nahe Park Avenue.","description_full":"UCAS Data Systems besitzt 2050 einen wichtigen Midtown-Standort nahe Park Avenue. Die Position ist auf den belegten Stadt- oder Teilraum angenähert; eine hausgenaue Lage ist aus dem Datenmaterial nicht sicher ableitbar.","description_source":"The Neo-Anarchist’s Guide to North America, New York City S. 114-128","description_kind":"Ortsprofil","description_has_more":true,"detail_plans":[],"alternate_locations":[],"sources":[{"bookId":"nagna-sr1","title":"The Neo-Anarchist’s Guide to North America","edition":"SR1","citation":"The Neo-Anarchist’s Guide to North America, New York City S. 114-128","purpose":"description"}],"map_sources":[],"editions":["SR1"],"edition_descriptions":{"SR1":{"kind":"Ortsprofil","preview":"UCAS Data Systems besitzt 2050 einen wichtigen Midtown-Standort nahe Park Avenue.","full":"UCAS Data Systems besitzt 2050 einen wichtigen Midtown-Standort nahe Park Avenue. Die Position ist auf den belegten Stadt- oder Teilraum angenähert; eine hausgenaue Lage ist aus dem Datenmaterial nicht sicher ableitbar.","hasMore":true,"hasExcerpt":true,"sources":[{"bookId":"nagna-sr1","title":"The Neo-Anarchist’s Guide to North America","edition":"SR1","citation":"The Neo-Anarchist’s Guide to North America, New York City S. 114-128","purpose":"description"}]}}}},{"type":"Feature","geometry":{"type":"Point","coordinates":[-73.9903,40.7359]},"properties":{"id":149,"global_id":"manhattan:place:149-union-square","name":"Union Square","aliases":[],"category":"Einkaufen","detail_map":"City Center","source_pages":"Flüsternetze - Manhattankarte, Nr. 29","map_source":"Flüsternetze","placement_note":"Erhaltener geographischer Bezugspunkt","accuracy":"Geographischer Bezugspunkt","source_map":"manhattan-content","source_panel":"City Center","description_preview":"Union Square ist ein in Flüsternetze belegter Schauplatz im Bereich City Center.","description_full":"Union Square ist ein in Flüsternetze belegter Schauplatz im Bereich City Center. Die Position folgt einem erhaltenen heutigen Bezugspunkt.","description_source":"Flüsternetze - Manhattankarte, Nr. 29","description_kind":"Ortsprofil","description_has_more":true,"detail_plans":[],"alternate_locations":[],"sources":[{"bookId":"fluesternetze-sr6","title":"Flüsternetze","edition":"SR6","citation":"Flüsternetze - Manhattankarte, Nr. 29","purpose":"description"}],"map_sources":[],"editions":["SR6"],"edition_descriptions":{"SR6":{"kind":"Ortsprofil","preview":"Union Square ist ein in Flüsternetze belegter Schauplatz im Bereich City Center.","full":"Union Square ist ein in Flüsternetze belegter Schauplatz im Bereich City Center. Die Position folgt einem erhaltenen heutigen Bezugspunkt.","hasMore":true,"hasExcerpt":true,"sources":[{"bookId":"fluesternetze-sr6","title":"Flüsternetze","edition":"SR6","citation":"Flüsternetze - Manhattankarte, Nr. 29","purpose":"description"}]}},"map_number_sr6":29}},{"type":"Feature","geometry":{"type":"Point","coordinates":[-73.9566,40.7736]},"properties":{"id":54,"global_id":"manhattan:place:54-upper-eastside","name":"Upper Eastside","aliases":[],"category":"Bezirke","detail_map":"Upper Eastside","source_pages":"The Rotten Apple: Manhattan, Viertelbeschreibung Upper Eastside, S. 13-23","map_source":"The Rotten Apple: Manhattan","placement_note":"Lore-Bezirkszentrum Upper Eastside","accuracy":"Lore-Bezirk; Grenzebene separat geprüft","source_map":"manhattan-content","source_panel":"Upper Eastside","description_preview":"Die Upper Eastside enthält einige der teuersten Wohnlagen der Stadt sowie den dominanten Hauptsitz des Manhattan Development Consortium.","description_full":"Die Upper Eastside enthält einige der teuersten Wohnlagen der Stadt sowie den dominanten Hauptsitz des Manhattan Development Consortium. Die Zusammenfassung folgt dem Bezirkskapitel der angegebenen Edition; heutige Grenzen dienen nur der geografischen Einordnung.","description_source":"The Rotten Apple: Manhattan, Viertelbeschreibung Upper Eastside, S. 13-23","description_kind":"Bezirksprofil","description_has_more":true,"detail_plans":[],"alternate_locations":[],"sources":[{"bookId":"rotten-apple-sr4","title":"The Rotten Apple: Manhattan","edition":"SR4","citation":"The Rotten Apple: Manhattan, Viertelbeschreibung Upper Eastside, S. 13-23","purpose":"description"},{"bookId":"nagna-sr1","title":"The Neo-Anarchist’s Guide to North America","edition":"SR1","citation":"The Neo-Anarchist’s Guide to North America, New York City S. 114-128","purpose":"description"},{"bookId":"stolen-souls-sr5","title":"Gestohlene Seelen / Stolen Souls","edition":"SR5","citation":"Gestohlene Seelen, New Yorker Konzernidyll S. 118-147","purpose":"description"}],"map_sources":[],"editions":["SR4","SR1","SR5"],"edition_descriptions":{"SR4":{"kind":"Bezirksprofil","preview":"Die Upper Eastside enthält einige der teuersten Wohnlagen der Stadt sowie den dominanten Hauptsitz des Manhattan Development Consortium.","full":"Die Upper Eastside enthält einige der teuersten Wohnlagen der Stadt sowie den dominanten Hauptsitz des Manhattan Development Consortium. Die Zusammenfassung folgt dem Bezirkskapitel der angegebenen Edition; heutige Grenzen dienen nur der geografischen Einordnung.","hasMore":true,"hasExcerpt":true,"sources":[{"bookId":"rotten-apple-sr4","title":"The Rotten Apple: Manhattan","edition":"SR4","citation":"The Rotten Apple: Manhattan, Viertelbeschreibung Upper Eastside, S. 13-23","purpose":"description"}]},"SR1":{"kind":"Bezirksprofil","preview":"Die Upper Eastside ist ein gehobenes Wohngebiet; an ihrer Ostkante liegt Gracie Mansion als stark bewachter Amtssitz des Bürgermeisters.","full":"Die Upper Eastside ist ein gehobenes Wohngebiet; an ihrer Ostkante liegt Gracie Mansion als stark bewachter Amtssitz des Bürgermeisters. Die Beschreibung folgt dem Lore-Stand der angegebenen Edition; die separat schaltbare Grenzebene bildet den jüngsten georeferenzierten Arbeitsstand ab.","hasMore":true,"hasExcerpt":true,"sources":[{"bookId":"nagna-sr1","title":"The Neo-Anarchist’s Guide to North America","edition":"SR1","citation":"The Neo-Anarchist’s Guide to North America, New York City S. 114-128","purpose":"description"}]},"SR5":{"kind":"Bezirksprofil","preview":"Die Upper Eastside verbindet elitäres Wohnen mit dem MDC-Gebäude und weiteren politischen sowie wirtschaftlichen Machtzentren.","full":"Die Upper Eastside verbindet elitäres Wohnen mit dem MDC-Gebäude und weiteren politischen sowie wirtschaftlichen Machtzentren. Die Beschreibung folgt dem Lore-Stand der angegebenen Edition; die separat schaltbare Grenzebene bildet den jüngsten georeferenzierten Arbeitsstand ab.","hasMore":true,"hasExcerpt":true,"sources":[{"bookId":"stolen-souls-sr5","title":"Gestohlene Seelen / Stolen Souls","edition":"SR5","citation":"Gestohlene Seelen, New Yorker Konzernidyll S. 118-147","purpose":"description"}]}}}},{"type":"Feature","geometry":{"type":"Point","coordinates":[-73.992337,40.758304]},"properties":{"id":63,"global_id":"manhattan:place:63-us-tower","name":"US Tower","aliases":[],"category":"Konzerne","detail_map":"Midtown","source_pages":"The Neo-Anarchist’s Guide to North America, New York City S. 114-128","map_source":"The Neo-Anarchist’s Guide to North America","placement_note":"Nach Quellenbezug im Teilraum Midtown angenähert","accuracy":"Teilraumzuordnung; Feinposition vorläufig","source_map":"manhattan-content","source_panel":"Midtown","description_preview":"Der US Tower gehört zu den markanten Konzernhochhäusern am Nordrand des Central Park.","description_full":"Der US Tower gehört zu den markanten Konzernhochhäusern am Nordrand des Central Park. Die Position ist auf den belegten Stadt- oder Teilraum angenähert; eine hausgenaue Lage ist aus dem Datenmaterial nicht sicher ableitbar.","description_source":"The Neo-Anarchist’s Guide to North America, New York City S. 114-128","description_kind":"Ortsprofil","description_has_more":true,"detail_plans":[],"alternate_locations":[],"sources":[{"bookId":"nagna-sr1","title":"The Neo-Anarchist’s Guide to North America","edition":"SR1","citation":"The Neo-Anarchist’s Guide to North America, New York City S. 114-128","purpose":"description"}],"map_sources":[],"editions":["SR1"],"edition_descriptions":{"SR1":{"kind":"Ortsprofil","preview":"Der US Tower gehört zu den markanten Konzernhochhäusern am Nordrand des Central Park.","full":"Der US Tower gehört zu den markanten Konzernhochhäusern am Nordrand des Central Park. Die Position ist auf den belegten Stadt- oder Teilraum angenähert; eine hausgenaue Lage ist aus dem Datenmaterial nicht sicher ableitbar.","hasMore":true,"hasExcerpt":true,"sources":[{"bookId":"nagna-sr1","title":"The Neo-Anarchist’s Guide to North America","edition":"SR1","citation":"The Neo-Anarchist’s Guide to North America, New York City S. 114-128","purpose":"description"}]}}}},{"type":"Feature","geometry":{"type":"Point","coordinates":[-73.988813,40.75673]},"properties":{"id":134,"global_id":"manhattan:place:134-vibe","name":"Vibe","aliases":[],"category":"Bars und Clubs","detail_map":"Midtown","source_pages":"Flüsternetze - Manhattankarte, Nr. 12","map_source":"Flüsternetze","placement_note":"Nach Quellenbezug im Teilraum Midtown angenähert","accuracy":"Teilraumzuordnung; Feinposition vorläufig","source_map":"manhattan-content","source_panel":"Midtown","description_preview":"Vibe ist ein in Flüsternetze belegter Schauplatz im Bereich Midtown.","description_full":"Vibe ist ein in Flüsternetze belegter Schauplatz im Bereich Midtown. Die Position ist auf den belegten Stadt- oder Teilraum angenähert; eine hausgenaue Lage ist aus dem Datenmaterial nicht sicher ableitbar.","description_source":"Flüsternetze - Manhattankarte, Nr. 12","description_kind":"Ortsprofil","description_has_more":true,"detail_plans":[],"alternate_locations":[],"sources":[{"bookId":"fluesternetze-sr6","title":"Flüsternetze","edition":"SR6","citation":"Flüsternetze - Manhattankarte, Nr. 12","purpose":"description"}],"map_sources":[],"editions":["SR6"],"edition_descriptions":{"SR6":{"kind":"Ortsprofil","preview":"Vibe ist ein in Flüsternetze belegter Schauplatz im Bereich Midtown.","full":"Vibe ist ein in Flüsternetze belegter Schauplatz im Bereich Midtown. Die Position ist auf den belegten Stadt- oder Teilraum angenähert; eine hausgenaue Lage ist aus dem Datenmaterial nicht sicher ableitbar.","hasMore":true,"hasExcerpt":true,"sources":[{"bookId":"fluesternetze-sr6","title":"Flüsternetze","edition":"SR6","citation":"Flüsternetze - Manhattankarte, Nr. 12","purpose":"description"}]}},"map_number_sr6":12}},{"type":"Feature","geometry":{"type":"Point","coordinates":[-73.983389,40.752065]},"properties":{"id":67,"global_id":"manhattan:place:67-villiers-international","name":"Villiers International","aliases":[],"category":"Konzerne","detail_map":"Midtown","source_pages":"The Neo-Anarchist’s Guide to North America, New York City S. 114-128","map_source":"The Neo-Anarchist’s Guide to North America","placement_note":"Nach Quellenbezug im Teilraum Midtown angenähert","accuracy":"Teilraumzuordnung; Feinposition vorläufig","source_map":"manhattan-content","source_panel":"Midtown","description_preview":"Villiers International ist mit einem hochrangigen Konzernkomplex in Midtown vertreten.","description_full":"Villiers International ist mit einem hochrangigen Konzernkomplex in Midtown vertreten. Die Position ist auf den belegten Stadt- oder Teilraum angenähert; eine hausgenaue Lage ist aus dem Datenmaterial nicht sicher ableitbar.","description_source":"The Neo-Anarchist’s Guide to North America, New York City S. 114-128","description_kind":"Ortsprofil","description_has_more":true,"detail_plans":[],"alternate_locations":[],"sources":[{"bookId":"nagna-sr1","title":"The Neo-Anarchist’s Guide to North America","edition":"SR1","citation":"The Neo-Anarchist’s Guide to North America, New York City S. 114-128","purpose":"description"}],"map_sources":[],"editions":["SR1"],"edition_descriptions":{"SR1":{"kind":"Ortsprofil","preview":"Villiers International ist mit einem hochrangigen Konzernkomplex in Midtown vertreten.","full":"Villiers International ist mit einem hochrangigen Konzernkomplex in Midtown vertreten. Die Position ist auf den belegten Stadt- oder Teilraum angenähert; eine hausgenaue Lage ist aus dem Datenmaterial nicht sicher ableitbar.","hasMore":true,"hasExcerpt":true,"sources":[{"bookId":"nagna-sr1","title":"The Neo-Anarchist’s Guide to North America","edition":"SR1","citation":"The Neo-Anarchist’s Guide to North America, New York City S. 114-128","purpose":"description"}]}}}},{"type":"Feature","geometry":{"type":"Point","coordinates":[-74.006159,40.738349]},"properties":{"id":158,"global_id":"manhattan:place:158-virtueller-aufenthaltsraum-der-nyu-medical-school","name":"Virtueller Aufenthaltsraum der NYU Medical School","aliases":[],"category":"Medizin","detail_map":"Villages","source_pages":"Flüsternetze, Kampagne S. 41-143","map_source":"Flüsternetze","placement_note":"Nach Quellenbezug im Teilraum Villages angenähert","accuracy":"Teilraumzuordnung; Feinposition vorläufig","source_map":"manhattan-content","source_panel":"Villages","description_preview":"Virtueller Aufenthaltsraum der NYU Medical School ist ein in Flüsternetze belegter Schauplatz im Bereich Villages.","description_full":"Virtueller Aufenthaltsraum der NYU Medical School ist ein in Flüsternetze belegter Schauplatz im Bereich Villages. Die Position ist auf den belegten Stadt- oder Teilraum angenähert; eine hausgenaue Lage ist aus dem Datenmaterial nicht sicher ableitbar.","description_source":"Flüsternetze, Kampagne S. 41-143","description_kind":"Ortsprofil","description_has_more":true,"detail_plans":[],"alternate_locations":[],"sources":[{"bookId":"fluesternetze-sr6","title":"Flüsternetze","edition":"SR6","citation":"Flüsternetze, Kampagne S. 41-143","purpose":"description"}],"map_sources":[],"editions":["SR6"],"edition_descriptions":{"SR6":{"kind":"Ortsprofil","preview":"Virtueller Aufenthaltsraum der NYU Medical School ist ein in Flüsternetze belegter Schauplatz im Bereich Villages.","full":"Virtueller Aufenthaltsraum der NYU Medical School ist ein in Flüsternetze belegter Schauplatz im Bereich Villages. Die Position ist auf den belegten Stadt- oder Teilraum angenähert; eine hausgenaue Lage ist aus dem Datenmaterial nicht sicher ableitbar.","hasMore":true,"hasExcerpt":true,"sources":[{"bookId":"fluesternetze-sr6","title":"Flüsternetze","edition":"SR6","citation":"Flüsternetze, Kampagne S. 41-143","purpose":"description"}]}}}},{"type":"Feature","geometry":{"type":"Point","coordinates":[-73.998445,40.716526]},"properties":{"id":27,"global_id":"manhattan:place:27-waldorf-astoria","name":"Waldorf-Astoria","aliases":[],"category":"Sonstige Spots","detail_map":"Downtown","source_pages":"The Rotten Apple: Manhattan, Abschnitt Downtown","map_source":"The Rotten Apple: Manhattan","placement_note":"Nach Quellenbezug im Teilraum Downtown angenähert","accuracy":"Teilraumzuordnung; Feinposition vorläufig","source_map":"manhattan-content","source_panel":"Downtown","description_preview":"Waldorf-Astoria ist ein in The Rotten Apple: Manhattan belegter Schauplatz im Bereich Downtown.","description_full":"Waldorf-Astoria ist ein in The Rotten Apple: Manhattan belegter Schauplatz im Bereich Downtown. Die Position ist auf den belegten Stadt- oder Teilraum angenähert; eine hausgenaue Lage ist aus dem Datenmaterial nicht sicher ableitbar.","description_source":"The Rotten Apple: Manhattan, Abschnitt Downtown","description_kind":"Ortsprofil","description_has_more":true,"detail_plans":[],"alternate_locations":[],"sources":[{"bookId":"rotten-apple-sr4","title":"The Rotten Apple: Manhattan","edition":"SR4","citation":"The Rotten Apple: Manhattan, Abschnitt Downtown","purpose":"description"}],"map_sources":[],"editions":["SR4"],"edition_descriptions":{"SR4":{"kind":"Ortsprofil","preview":"Waldorf-Astoria ist ein in The Rotten Apple: Manhattan belegter Schauplatz im Bereich Downtown.","full":"Waldorf-Astoria ist ein in The Rotten Apple: Manhattan belegter Schauplatz im Bereich Downtown. Die Position ist auf den belegten Stadt- oder Teilraum angenähert; eine hausgenaue Lage ist aus dem Datenmaterial nicht sicher ableitbar.","hasMore":true,"hasExcerpt":true,"sources":[{"bookId":"rotten-apple-sr4","title":"The Rotten Apple: Manhattan","edition":"SR4","citation":"The Rotten Apple: Manhattan, Abschnitt Downtown","purpose":"description"}]}}}},{"type":"Feature","geometry":{"type":"Point","coordinates":[-73.947964,40.842337]},"properties":{"id":2,"global_id":"manhattan:place:2-washington-heights","name":"Washington Heights","aliases":[],"category":"Bezirke","detail_map":"Washington Heights","source_pages":"The Rotten Apple: Manhattan, Abschnitt Washington Heights","map_source":"The Rotten Apple: Manhattan","placement_note":"Lore-Bezirkszentrum Washington Heights","accuracy":"Lore-Bezirk; Grenzebene separat geprüft","source_map":"manhattan-content","source_panel":"Washington Heights","description_preview":"Washington Heights verbindet Kliniken, Hochschulen, Parks und historische Orte mit wachsender antikonzernlicher Unruhe, die von Newtown nach Norden ausstrahlt.","description_full":"Washington Heights verbindet Kliniken, Hochschulen, Parks und historische Orte mit wachsender antikonzernlicher Unruhe, die von Newtown nach Norden ausstrahlt. Die Zusammenfassung folgt dem Bezirkskapitel der angegebenen Edition; heutige Grenzen dienen nur der geografischen Einordnung.","description_source":"The Rotten Apple: Manhattan, Abschnitt Washington Heights","description_kind":"Bezirksprofil","description_has_more":true,"detail_plans":[],"alternate_locations":[],"sources":[{"bookId":"rotten-apple-sr4","title":"The Rotten Apple: Manhattan","edition":"SR4","citation":"The Rotten Apple: Manhattan, Abschnitt Washington Heights","purpose":"description"},{"bookId":"nagna-sr1","title":"The Neo-Anarchist’s Guide to North America","edition":"SR1","citation":"The Neo-Anarchist’s Guide to North America, New York City S. 114-128","purpose":"description"},{"bookId":"stolen-souls-sr5","title":"Gestohlene Seelen / Stolen Souls","edition":"SR5","citation":"Gestohlene Seelen, New Yorker Konzernidyll S. 118-147","purpose":"description"}],"map_sources":[],"editions":["SR4","SR1","SR5"],"edition_descriptions":{"SR4":{"kind":"Bezirksprofil","preview":"Washington Heights verbindet Kliniken, Hochschulen, Parks und historische Orte mit wachsender antikonzernlicher Unruhe, die von Newtown nach Norden ausstrahlt.","full":"Washington Heights verbindet Kliniken, Hochschulen, Parks und historische Orte mit wachsender antikonzernlicher Unruhe, die von Newtown nach Norden ausstrahlt. Die Zusammenfassung folgt dem Bezirkskapitel der angegebenen Edition; heutige Grenzen dienen nur der geografischen Einordnung.","hasMore":true,"hasExcerpt":true,"sources":[{"bookId":"rotten-apple-sr4","title":"The Rotten Apple: Manhattan","edition":"SR4","citation":"The Rotten Apple: Manhattan, Abschnitt Washington Heights","purpose":"description"}]},"SR1":{"kind":"Bezirksprofil","preview":"Washington Heights gehört zum nördlichen Wohnband der Insel und liegt außerhalb des glitzernden Konzernkerns.","full":"Washington Heights gehört zum nördlichen Wohnband der Insel und liegt außerhalb des glitzernden Konzernkerns. Die Beschreibung folgt dem Lore-Stand der angegebenen Edition; die separat schaltbare Grenzebene bildet den jüngsten georeferenzierten Arbeitsstand ab.","hasMore":true,"hasExcerpt":true,"sources":[{"bookId":"nagna-sr1","title":"The Neo-Anarchist’s Guide to North America","edition":"SR1","citation":"The Neo-Anarchist’s Guide to North America, New York City S. 114-128","purpose":"description"}]},"SR5":{"kind":"Bezirksprofil","preview":"Washington Heights bleibt ein Wohn- und Klinikbezirk mittlerer Sicherheitsstufe, in dem soziale Spannungen und antikonzernliche Aktivitäten wachsen.","full":"Washington Heights bleibt ein Wohn- und Klinikbezirk mittlerer Sicherheitsstufe, in dem soziale Spannungen und antikonzernliche Aktivitäten wachsen. Die Beschreibung folgt dem Lore-Stand der angegebenen Edition; die separat schaltbare Grenzebene bildet den jüngsten georeferenzierten Arbeitsstand ab.","hasMore":true,"hasExcerpt":true,"sources":[{"bookId":"stolen-souls-sr5","title":"Gestohlene Seelen / Stolen Souls","edition":"SR5","citation":"Gestohlene Seelen, New Yorker Konzernidyll S. 118-147","purpose":"description"}]}}}},{"type":"Feature","geometry":{"type":"Point","coordinates":[-73.9973,40.7308]},"properties":{"id":35,"global_id":"manhattan:place:35-washington-square-park-nycu-campus","name":"Washington Square Park / NYCU Campus","aliases":[],"category":"Einkaufen","detail_map":"Villages","source_pages":"The Rotten Apple: Manhattan, Abschnitt Villages","map_source":"The Rotten Apple: Manhattan","placement_note":"Erhaltener geographischer Bezugspunkt","accuracy":"Geographischer Bezugspunkt","source_map":"manhattan-content","source_panel":"Villages","description_preview":"Washington Square Park / NYCU Campus ist ein in The Rotten Apple: Manhattan belegter Schauplatz im Bereich Villages.","description_full":"Washington Square Park / NYCU Campus ist ein in The Rotten Apple: Manhattan belegter Schauplatz im Bereich Villages. Die Position folgt einem erhaltenen heutigen Bezugspunkt.","description_source":"The Rotten Apple: Manhattan, Abschnitt Villages","description_kind":"Ortsprofil","description_has_more":true,"detail_plans":[],"alternate_locations":[],"sources":[{"bookId":"rotten-apple-sr4","title":"The Rotten Apple: Manhattan","edition":"SR4","citation":"The Rotten Apple: Manhattan, Abschnitt Villages","purpose":"description"}],"map_sources":[],"editions":["SR4"],"edition_descriptions":{"SR4":{"kind":"Ortsprofil","preview":"Washington Square Park / NYCU Campus ist ein in The Rotten Apple: Manhattan belegter Schauplatz im Bereich Villages.","full":"Washington Square Park / NYCU Campus ist ein in The Rotten Apple: Manhattan belegter Schauplatz im Bereich Villages. Die Position folgt einem erhaltenen heutigen Bezugspunkt.","hasMore":true,"hasExcerpt":true,"sources":[{"bookId":"rotten-apple-sr4","title":"The Rotten Apple: Manhattan","edition":"SR4","citation":"The Rotten Apple: Manhattan, Abschnitt Villages","purpose":"description"}]}}}},{"type":"Feature","geometry":{"type":"Point","coordinates":[-73.991937,40.766604]},"properties":{"id":170,"global_id":"manhattan:place:170-water-blossom","name":"Water Blossom","aliases":[],"category":"Verkehr","detail_map":"Manhattan","source_pages":"Krieg um Manhattan, Schauplätze","map_source":"Krieg um Manhattan / Battle of Manhattan","placement_note":"Nach Quellenbezug im Teilraum Manhattan angenähert","accuracy":"Teilraumzuordnung; Feinposition vorläufig","source_map":"manhattan-content","source_panel":"Manhattan","description_preview":"Water Blossom ist ein in Krieg um Manhattan / Battle of Manhattan belegter Schauplatz im Bereich Manhattan.","description_full":"Water Blossom ist ein in Krieg um Manhattan / Battle of Manhattan belegter Schauplatz im Bereich Manhattan. Die Position ist auf den belegten Stadt- oder Teilraum angenähert; eine hausgenaue Lage ist aus dem Datenmaterial nicht sicher ableitbar.","description_source":"Krieg um Manhattan, Schauplätze","description_kind":"Ortsprofil","description_has_more":true,"detail_plans":[],"alternate_locations":[],"sources":[{"bookId":"battle-manhattan-sr5","title":"Krieg um Manhattan / Battle of Manhattan","edition":"SR5","citation":"Krieg um Manhattan, Schauplätze","purpose":"description"}],"map_sources":[],"editions":["SR5"],"edition_descriptions":{"SR5":{"kind":"Ortsprofil","preview":"Water Blossom ist ein in Krieg um Manhattan / Battle of Manhattan belegter Schauplatz im Bereich Manhattan.","full":"Water Blossom ist ein in Krieg um Manhattan / Battle of Manhattan belegter Schauplatz im Bereich Manhattan. Die Position ist auf den belegten Stadt- oder Teilraum angenähert; eine hausgenaue Lage ist aus dem Datenmaterial nicht sicher ableitbar.","hasMore":true,"hasExcerpt":true,"sources":[{"bookId":"battle-manhattan-sr5","title":"Krieg um Manhattan / Battle of Manhattan","edition":"SR5","citation":"Krieg um Manhattan, Schauplätze","purpose":"description"}]}}}},{"type":"Feature","geometry":{"type":"Point","coordinates":[-73.9754,40.787]},"properties":{"id":53,"global_id":"manhattan:place:53-westside","name":"Westside","aliases":[],"category":"Bezirke","detail_map":"Westside","source_pages":"The Rotten Apple: Manhattan, Viertelbeschreibung Westside, S. 13-23","map_source":"The Rotten Apple: Manhattan","placement_note":"Lore-Bezirkszentrum Westside","accuracy":"Lore-Bezirk; Grenzebene separat geprüft","source_map":"manhattan-content","source_panel":"Westside","description_preview":"Die Westside ist ein überwiegend von Konzernangestellten bewohnter Mittelschichtsstreifen am Hudson mit Einkaufsmöglichkeiten und einzelnen Geschäftskomplexen aus Midtown.","description_full":"Die Westside ist ein überwiegend von Konzernangestellten bewohnter Mittelschichtsstreifen am Hudson mit Einkaufsmöglichkeiten und einzelnen Geschäftskomplexen aus Midtown. Die Zusammenfassung folgt dem Bezirkskapitel der angegebenen Edition; heutige Grenzen dienen nur der geografischen Einordnung.","description_source":"The Rotten Apple: Manhattan, Viertelbeschreibung Westside, S. 13-23","description_kind":"Bezirksprofil","description_has_more":true,"detail_plans":[],"alternate_locations":[],"sources":[{"bookId":"rotten-apple-sr4","title":"The Rotten Apple: Manhattan","edition":"SR4","citation":"The Rotten Apple: Manhattan, Viertelbeschreibung Westside, S. 13-23","purpose":"description"},{"bookId":"nagna-sr1","title":"The Neo-Anarchist’s Guide to North America","edition":"SR1","citation":"The Neo-Anarchist’s Guide to North America, New York City S. 114-128","purpose":"description"},{"bookId":"stolen-souls-sr5","title":"Gestohlene Seelen / Stolen Souls","edition":"SR5","citation":"Gestohlene Seelen, New Yorker Konzernidyll S. 118-147","purpose":"description"}],"map_sources":[],"editions":["SR4","SR1","SR5"],"edition_descriptions":{"SR4":{"kind":"Bezirksprofil","preview":"Die Westside ist ein überwiegend von Konzernangestellten bewohnter Mittelschichtsstreifen am Hudson mit Einkaufsmöglichkeiten und einzelnen Geschäftskomplexen aus Midtown.","full":"Die Westside ist ein überwiegend von Konzernangestellten bewohnter Mittelschichtsstreifen am Hudson mit Einkaufsmöglichkeiten und einzelnen Geschäftskomplexen aus Midtown. Die Zusammenfassung folgt dem Bezirkskapitel der angegebenen Edition; heutige Grenzen dienen nur der geografischen Einordnung.","hasMore":true,"hasExcerpt":true,"sources":[{"bookId":"rotten-apple-sr4","title":"The Rotten Apple: Manhattan","edition":"SR4","citation":"The Rotten Apple: Manhattan, Viertelbeschreibung Westside, S. 13-23","purpose":"description"}]},"SR1":{"kind":"Bezirksprofil","preview":"Die Westside ist ein teures Wohngebiet für Konzernangestellte entlang des Hudson mit einzelnen aus Midtown übergreifenden Geschäftstürmen.","full":"Die Westside ist ein teures Wohngebiet für Konzernangestellte entlang des Hudson mit einzelnen aus Midtown übergreifenden Geschäftstürmen. Die Beschreibung folgt dem Lore-Stand der angegebenen Edition; die separat schaltbare Grenzebene bildet den jüngsten georeferenzierten Arbeitsstand ab.","hasMore":true,"hasExcerpt":true,"sources":[{"bookId":"nagna-sr1","title":"The Neo-Anarchist’s Guide to North America","edition":"SR1","citation":"The Neo-Anarchist’s Guide to North America, New York City S. 114-128","purpose":"description"}]},"SR5":{"kind":"Bezirksprofil","preview":"Westside ist ein hochpreisiges Wohngebiet für einflussreiche Konzernbürger und wird je nach Teilgebiet von NYPD und Knight Errant geschützt.","full":"Westside ist ein hochpreisiges Wohngebiet für einflussreiche Konzernbürger und wird je nach Teilgebiet von NYPD und Knight Errant geschützt. Die Beschreibung folgt dem Lore-Stand der angegebenen Edition; die separat schaltbare Grenzebene bildet den jüngsten georeferenzierten Arbeitsstand ab.","hasMore":true,"hasExcerpt":true,"sources":[{"bookId":"stolen-souls-sr5","title":"Gestohlene Seelen / Stolen Souls","edition":"SR5","citation":"Gestohlene Seelen, New Yorker Konzernidyll S. 118-147","purpose":"description"}]}}}},{"type":"Feature","geometry":{"type":"Point","coordinates":[-73.988539,40.750609]},"properties":{"id":171,"global_id":"manhattan:place:171-wheels-up-arts-bar","name":"Wheels Up, Art’s Bar","aliases":[],"category":"Bars und Clubs","detail_map":"Manhattan","source_pages":"Krieg um Manhattan, Schauplätze","map_source":"Krieg um Manhattan / Battle of Manhattan","placement_note":"Nach Quellenbezug im Teilraum Manhattan angenähert","accuracy":"Teilraumzuordnung; Feinposition vorläufig","source_map":"manhattan-content","source_panel":"Manhattan","description_preview":"Wheels Up, Art’s Bar ist ein in Krieg um Manhattan / Battle of Manhattan belegter Schauplatz im Bereich Manhattan.","description_full":"Wheels Up, Art’s Bar ist ein in Krieg um Manhattan / Battle of Manhattan belegter Schauplatz im Bereich Manhattan. Die Position ist auf den belegten Stadt- oder Teilraum angenähert; eine hausgenaue Lage ist aus dem Datenmaterial nicht sicher ableitbar.","description_source":"Krieg um Manhattan, Schauplätze","description_kind":"Ortsprofil","description_has_more":true,"detail_plans":[],"alternate_locations":[],"sources":[{"bookId":"battle-manhattan-sr5","title":"Krieg um Manhattan / Battle of Manhattan","edition":"SR5","citation":"Krieg um Manhattan, Schauplätze","purpose":"description"}],"map_sources":[],"editions":["SR5"],"edition_descriptions":{"SR5":{"kind":"Ortsprofil","preview":"Wheels Up, Art’s Bar ist ein in Krieg um Manhattan / Battle of Manhattan belegter Schauplatz im Bereich Manhattan.","full":"Wheels Up, Art’s Bar ist ein in Krieg um Manhattan / Battle of Manhattan belegter Schauplatz im Bereich Manhattan. Die Position ist auf den belegten Stadt- oder Teilraum angenähert; eine hausgenaue Lage ist aus dem Datenmaterial nicht sicher ableitbar.","hasMore":true,"hasExcerpt":true,"sources":[{"bookId":"battle-manhattan-sr5","title":"Krieg um Manhattan / Battle of Manhattan","edition":"SR5","citation":"Krieg um Manhattan, Schauplätze","purpose":"description"}]}}}},{"type":"Feature","geometry":{"type":"Point","coordinates":[-73.985533,40.756116]},"properties":{"id":81,"global_id":"manhattan:place:81-wrights","name":"Wright’s","aliases":[],"category":"Bars und Clubs","detail_map":"Midtown","source_pages":"Konzernenklaven: Manhattan, S. 1-4","map_source":"Konzernenklaven: Manhattan","placement_note":"Nach Quellenbezug im Teilraum Midtown angenähert","accuracy":"Teilraumzuordnung; Feinposition vorläufig","source_map":"manhattan-content","source_panel":"Midtown","description_preview":"Wright’s gehört zu den exklusiven Midtown-Clubs der Konzernszene.","description_full":"Wright’s gehört zu den exklusiven Midtown-Clubs der Konzernszene. Die Position ist auf den belegten Stadt- oder Teilraum angenähert; eine hausgenaue Lage ist aus dem Datenmaterial nicht sicher ableitbar.","description_source":"Konzernenklaven: Manhattan, S. 1-4","description_kind":"Ortsprofil","description_has_more":true,"detail_plans":[],"alternate_locations":[],"sources":[{"bookId":"corporate-enclaves-manhattan-sr4","title":"Konzernenklaven: Manhattan","edition":"SR4","citation":"Konzernenklaven: Manhattan, S. 1-4","purpose":"description"}],"map_sources":[],"editions":["SR4"],"edition_descriptions":{"SR4":{"kind":"Ortsprofil","preview":"Wright’s gehört zu den exklusiven Midtown-Clubs der Konzernszene.","full":"Wright’s gehört zu den exklusiven Midtown-Clubs der Konzernszene. Die Position ist auf den belegten Stadt- oder Teilraum angenähert; eine hausgenaue Lage ist aus dem Datenmaterial nicht sicher ableitbar.","hasMore":true,"hasExcerpt":true,"sources":[{"bookId":"corporate-enclaves-manhattan-sr4","title":"Konzernenklaven: Manhattan","edition":"SR4","citation":"Konzernenklaven: Manhattan, S. 1-4","purpose":"description"}]}}}},{"type":"Feature","geometry":{"type":"Point","coordinates":[-74.015057,40.711805]},"properties":{"id":103,"global_id":"manhattan:place:103-wuxing-manhattan-building","name":"Wuxing Manhattan Building","aliases":[],"category":"Konzerne","detail_map":"Downtown","source_pages":"Gestohlene Seelen, New Yorker Konzernidyll S. 118-147","map_source":"Gestohlene Seelen / Stolen Souls","placement_note":"Nach Quellenbezug im Teilraum Downtown angenähert","accuracy":"Teilraumzuordnung; Feinposition vorläufig","source_map":"manhattan-content","source_panel":"Downtown","description_preview":"Wuxings gold-karmesinroter Manhattan-Komplex beherbergt Finanzsparten, Ming Solutions und führende magische Forscher.","description_full":"Wuxings gold-karmesinroter Manhattan-Komplex beherbergt Finanzsparten, Ming Solutions und führende magische Forscher. Die Position ist auf den belegten Stadt- oder Teilraum angenähert; eine hausgenaue Lage ist aus dem Datenmaterial nicht sicher ableitbar.","description_source":"Gestohlene Seelen, New Yorker Konzernidyll S. 118-147","description_kind":"Ortsprofil","description_has_more":true,"detail_plans":[],"alternate_locations":[],"sources":[{"bookId":"stolen-souls-sr5","title":"Gestohlene Seelen / Stolen Souls","edition":"SR5","citation":"Gestohlene Seelen, New Yorker Konzernidyll S. 118-147","purpose":"description"}],"map_sources":[],"editions":["SR5"],"edition_descriptions":{"SR5":{"kind":"Ortsprofil","preview":"Wuxings gold-karmesinroter Manhattan-Komplex beherbergt Finanzsparten, Ming Solutions und führende magische Forscher.","full":"Wuxings gold-karmesinroter Manhattan-Komplex beherbergt Finanzsparten, Ming Solutions und führende magische Forscher. Die Position ist auf den belegten Stadt- oder Teilraum angenähert; eine hausgenaue Lage ist aus dem Datenmaterial nicht sicher ableitbar.","hasMore":true,"hasExcerpt":true,"sources":[{"bookId":"stolen-souls-sr5","title":"Gestohlene Seelen / Stolen Souls","edition":"SR5","citation":"Gestohlene Seelen, New Yorker Konzernidyll S. 118-147","purpose":"description"}]}}}},{"type":"Feature","geometry":{"type":"Point","coordinates":[-73.986035,40.75404]},"properties":{"id":19,"global_id":"manhattan:place:19-zoe","name":"Zoé","aliases":[],"category":"Sonstige Spots","detail_map":"Midtown","source_pages":"The Rotten Apple: Manhattan, Abschnitt Midtown","map_source":"The Rotten Apple: Manhattan","placement_note":"Nach Quellenbezug im Teilraum Midtown angenähert","accuracy":"Teilraumzuordnung; Feinposition vorläufig","source_map":"manhattan-content","source_panel":"Midtown","description_preview":"Zoé ist ein in The Rotten Apple: Manhattan belegter Schauplatz im Bereich Midtown.","description_full":"Zoé ist ein in The Rotten Apple: Manhattan belegter Schauplatz im Bereich Midtown. Die Position ist auf den belegten Stadt- oder Teilraum angenähert; eine hausgenaue Lage ist aus dem Datenmaterial nicht sicher ableitbar.","description_source":"The Rotten Apple: Manhattan, Abschnitt Midtown","description_kind":"Ortsprofil","description_has_more":true,"detail_plans":[],"alternate_locations":[],"sources":[{"bookId":"rotten-apple-sr4","title":"The Rotten Apple: Manhattan","edition":"SR4","citation":"The Rotten Apple: Manhattan, Abschnitt Midtown","purpose":"description"}],"map_sources":[],"editions":["SR4"],"edition_descriptions":{"SR4":{"kind":"Ortsprofil","preview":"Zoé ist ein in The Rotten Apple: Manhattan belegter Schauplatz im Bereich Midtown.","full":"Zoé ist ein in The Rotten Apple: Manhattan belegter Schauplatz im Bereich Midtown. Die Position ist auf den belegten Stadt- oder Teilraum angenähert; eine hausgenaue Lage ist aus dem Datenmaterial nicht sicher ableitbar.","hasMore":true,"hasExcerpt":true,"sources":[{"bookId":"rotten-apple-sr4","title":"The Rotten Apple: Manhattan","edition":"SR4","citation":"The Rotten Apple: Manhattan, Abschnitt Midtown","purpose":"description"}]}}}},{"type":"Feature","geometry":{"type":"Point","coordinates":[-73.982223,40.759881]},"properties":{"id":168,"global_id":"manhattan:place:168-zuckermans","name":"Zuckerman’s","aliases":[],"category":"Restaurants","detail_map":"Midtown","source_pages":"Krieg um Manhattan, Schauplätze","map_source":"Krieg um Manhattan / Battle of Manhattan","placement_note":"Nach Quellenbezug im Teilraum Midtown angenähert","accuracy":"Teilraumzuordnung; Feinposition vorläufig","source_map":"manhattan-content","source_panel":"Midtown","description_preview":"Zuckerman’s ist ein in Krieg um Manhattan / Battle of Manhattan belegter Schauplatz im Bereich Midtown.","description_full":"Zuckerman’s ist ein in Krieg um Manhattan / Battle of Manhattan belegter Schauplatz im Bereich Midtown. Die Position ist auf den belegten Stadt- oder Teilraum angenähert; eine hausgenaue Lage ist aus dem Datenmaterial nicht sicher ableitbar.","description_source":"Krieg um Manhattan, Schauplätze","description_kind":"Ortsprofil","description_has_more":true,"detail_plans":[],"alternate_locations":[],"sources":[{"bookId":"battle-manhattan-sr5","title":"Krieg um Manhattan / Battle of Manhattan","edition":"SR5","citation":"Krieg um Manhattan, Schauplätze","purpose":"description"}],"map_sources":[],"editions":["SR5"],"edition_descriptions":{"SR5":{"kind":"Ortsprofil","preview":"Zuckerman’s ist ein in Krieg um Manhattan / Battle of Manhattan belegter Schauplatz im Bereich Midtown.","full":"Zuckerman’s ist ein in Krieg um Manhattan / Battle of Manhattan belegter Schauplatz im Bereich Midtown. Die Position ist auf den belegten Stadt- oder Teilraum angenähert; eine hausgenaue Lage ist aus dem Datenmaterial nicht sicher ableitbar.","hasMore":true,"hasExcerpt":true,"sources":[{"bookId":"battle-manhattan-sr5","title":"Krieg um Manhattan / Battle of Manhattan","edition":"SR5","citation":"Krieg um Manhattan, Schauplätze","purpose":"description"}]}}}}]}
