{"type":"FeatureCollection","name":"Denver FRFZ-Distrikte","features":[{"type":"Feature","geometry":{"type":"MultiPolygon","coordinates":[[[[-105.29065799956237,39.8835409999046],[-105.2787250003137,39.884594999809124],[-105.27878800006287,39.88494399988026],[-105.27608499991568,39.88483000003066],[-105.27613500014438,39.890923999954005],[-105.27517699989448,39.888498999813315],[-105.27425499962959,39.88543800002507],[-105.27447100043797,39.884571000060916],[-105.27548900006401,39.88341799999075],[-105.27576799972326,39.88268599994111],[-105.2756849998826,39.88157300031103],[-105.27551800037634,39.88101099996956],[-105.27531400016184,39.881014000008136],[-105.27546200029985,39.88020599980955],[-105.27600500044805,39.87967100017486],[-105.27725400005278,39.879322000149266],[-105.28115899994906,39.88018000008357],[-105.28257599978328,39.88001400032808],[-105.28354099970589,39.87946099993775],[-105.28404899969398,39.878716000244594],[-105.28413599973264,39.877936999925666],[-105.28375800033918,39.87728200012967],[-105.28128899964538,39.87759399972444],[-105.2813099995618,39.878220000048174],[-105.2778890002625,39.87798400032406],[-105.27481799986928,39.87728299973731],[-105.251001999804,39.86709599994447],[-105.24952399987042,39.86660400026405],[-105.24091300018681,39.865801000165035],[-105.24091499983662,39.865948000028176],[-105.23926899967356,39.8658139999968],[-105.24049999973492,39.86665499989455],[-105.24060400039033,39.86692700027126],[-105.24093099973015,39.868475000041784],[-105.24096199969229,39.87043700013786],[-105.18423799965419,39.87068300011888],[-105.16548800012467,39.870580000208946],[-105.1654630000103,39.86340200018685],[-105.15705900001593,39.86356800015668],[-105.15707135626279,39.86212559120655],[-105.14395444335551,39.862036436318476],[-105.14452599981932,39.86146899969114],[-105.14425800003073,39.860862999956716],[-105.14253400004982,39.86149399977685],[-105.14086000029765,39.861641999739305],[-105.14518199994544,39.85915600001651],[-105.14515600000617,39.85668200015363],[-105.14295300034948,39.85668499987719],[-105.14295800037236,39.85896199978418],[-105.14196999998522,39.85896699984683],[-105.14191599955853,39.85665599978573],[-105.14091499965093,39.85662200013852],[-105.14092100039703,39.854947000152734],[-105.1383710004107,39.85495600024008],[-105.13831899963385,39.85300499975721],[-105.13643300016956,39.85294200008881],[-105.1311280001575,39.852130000336075],[-105.12975599963082,39.852266000138826],[-105.13005399955664,39.852955000287835],[-105.12494600008641,39.852915999683354],[-105.11963936805246,39.8516912440828],[-105.11654840581504,39.851619601765044],[-105.11031909191769,39.85359641473391],[-105.10959154666885,39.85432693793916],[-105.10929299999106,39.855530000077565],[-105.10896800030106,39.856031999724706],[-105.10836499987839,39.85642900023996],[-105.10771899979801,39.856595999747945],[-105.1077310003919,39.856394999790695],[-105.10741199965135,39.85735499967122],[-105.10700300029575,39.857785000004],[-105.10591100015154,39.85813100031059],[-105.10527299956875,39.85888399986324],[-105.10530699990396,39.85642100025748],[-105.10059000024596,39.85638599989205],[-105.10059500026883,39.85293800023923],[-105.09335899968833,39.85197500002445],[-105.09119799986443,39.85132199988699],[-105.08783500029148,39.851725999921136],[-105.08738500002968,39.85217499984933],[-105.08741099996895,39.85249700022577],[-105.08349299965388,39.851586999791905],[-105.08190099991751,39.851614999974565],[-105.08183200032052,39.85643900004436],[-105.06474599959911,39.856547000045936],[-105.05290000038906,39.852041999792775],[-105.05318800026916,39.84964900023571],[-105.05325900041427,39.83992699979342],[-105.05679600006451,39.839931999863175],[-105.05679400041468,39.83815699982219],[-105.05838600015109,39.838157999999915],[-105.05841200009036,39.83760800007951],[-105.06014399956884,39.83707899981928],[-105.06137700017838,39.83629599980365],[-105.06216899984861,39.8372149997772],[-105.06223800034391,39.83826699996907],[-105.06273399973814,39.83824699989278],[-105.06271000034701,39.83090399991113],[-105.07210000018038,39.83089800028039],[-105.0720449999288,39.82730899996977],[-105.06265099989746,39.82729399976205],[-105.0626800002098,39.8209710001906],[-105.06217899989437,39.82097900016407],[-105.06218100044251,39.82131800016895],[-105.06148099993544,39.82131899990187],[-105.06148000011055,39.821851999696875],[-105.05657000010868,39.8218630001229],[-105.05656799956054,39.82367399989562],[-105.05327100010983,39.823666000235846],[-105.05328100015556,39.82185899984274],[-105.05519500010726,39.821851999696875],[-105.055205000153,39.82254100008709],[-105.05589200024127,39.82254199980226],[-105.05587899982247,39.821851999696875],[-105.05563600014823,39.82185000024649],[-105.05563699997313,39.82117199967381],[-105.05328199998048,39.82116299998753],[-105.05327000028491,39.820027999979935],[-105.05138599957213,39.82004600033847],[-105.05138499974724,39.81960899992211],[-105.05055000041929,39.819075999978665],[-105.04925099968752,39.819210000174806],[-105.04887999996676,39.818980000336595],[-105.04873299965367,39.818236999721144],[-105.04603299987953,39.817549999910995],[-105.04576599991582,39.81729399994283],[-105.04410999970699,39.81744999967036],[-105.04402500021651,39.804447999984546],[-105.05002300016459,39.8032119997515],[-105.0500239999895,39.80302300018457],[-105.0434269998167,39.8043770001042],[-105.04154200017733,39.80452499965528],[-105.04051299978232,39.80445999972383],[-105.04049900043694,39.80287400015974],[-105.0439470003987,39.802883000170446],[-105.04393599962974,39.80193100010657],[-105.04925999990836,39.8019290000766],[-105.04925400006057,39.80087799975221],[-105.04963002236323,39.80087640486342],[-105.03426683358587,39.77808087697254],[-105.04873386813244,39.75597088077872],[-105.07201030704773,39.75452351811426],[-105.07200999976868,39.75479599989157],[-105.11897300025267,39.75467800005268],[-105.11896800022978,39.75828299993981],[-105.11940300042298,39.758765999781595],[-105.11688299967557,39.75901499977074],[-105.1168979997442,39.759471000204115],[-105.11612299979237,39.76016900010474],[-105.11457899973655,39.76070799973016],[-105.11528400026647,39.76145400018846],[-105.11514899964894,39.761718000143844],[-105.11434699993295,39.76194200010739],[-105.13306399985052,39.76187600008286],[-105.13308200029218,39.75825499970499],[-105.14245899970675,39.758224000270296],[-105.14239797471538,39.75014671105235],[-105.15474444370028,39.74937898973933],[-105.19207357064467,39.80549081030446],[-105.21222599957942,39.80545699972985],[-105.21221700025691,39.80913299983362],[-105.22165899996882,39.809116999888126],[-105.22165499977086,39.81076799990515],[-105.22115199980561,39.811414999981324],[-105.22105999974409,39.81182400022193],[-105.22129999994364,39.81281400001763],[-105.22116699987423,39.81630200020186],[-105.22142499961708,39.818148999899975],[-105.21857199968207,39.81810799997614],[-105.21707299983207,39.817334999662286],[-105.21691600037155,39.817613000312164],[-105.21694399996063,39.81948200020201],[-105.21547000022501,39.81859599973719],[-105.21508799973527,39.817972000137935],[-105.21481699957363,39.816615999959005],[-105.21457899992227,39.81627100000076],[-105.21399999978904,39.8162619996727],[-105.21448400038601,39.816720999722534],[-105.21473899975581,39.81804100021631],[-105.2152579996146,39.81884199992616],[-105.21660599985185,39.81958399976214],[-105.21749899980442,39.82056100012914],[-105.21909700028695,39.821459000319585],[-105.22168400008319,39.82229599974953],[-105.22184599956657,39.82332700008594],[-105.22267699959487,39.82469999976469],[-105.22713300003527,39.82816699977751],[-105.2278810002229,39.829552999808904],[-105.22877699965022,39.833959999658674],[-105.23037000010984,39.83697500031898],[-105.23126399988735,39.83825099990849],[-105.23373600005586,39.84028799989274],[-105.23460100041936,39.841392999957364],[-105.22668899962126,39.84152099999922],[-105.22678400005582,39.84472499969569],[-105.22897500001693,39.84349500017479],[-105.23049899998128,39.84302900028815],[-105.23214199977131,39.84315200020434],[-105.23437000044068,39.84402399998151],[-105.23432600005974,39.844217000274405],[-105.23210199958834,39.84332500021254],[-105.23017500011618,39.84324599966088],[-105.2263530000606,39.84501700027412],[-105.22210699968247,39.84579100026293],[-105.22114799960767,39.845778000086575],[-105.21921471423941,39.84628841539151],[-105.22087603462134,39.848785653307395],[-105.22196699994038,39.84879099980532],[-105.22197338065641,39.85043514497402],[-105.22566757745238,39.85598813066418],[-105.22672200013153,39.85598300030963],[-105.22673840050123,39.85759775391799],[-105.22939168867592,39.86158608266159],[-105.23082899969417,39.86131299994328],[-105.23256899956858,39.8606800001386],[-105.23435799984678,39.85959199998033],[-105.23503700043746,39.85958199994579],[-105.23290300037773,39.8570409999296],[-105.23236299970425,39.85594799972083],[-105.23615999964547,39.8559180000886],[-105.23623400016363,39.84863100010456],[-105.26910299977843,39.84843799980555],[-105.26908500023507,39.84478800000823],[-105.26434099991458,39.84478800000823],[-105.26433199969374,39.84120700024733],[-105.2761009998092,39.8411190001867],[-105.27595500021935,39.849439999827936],[-105.27639999955994,39.849532000306894],[-105.27977300007697,39.852815999888826],[-105.28153300004287,39.85327599980619],[-105.28188299984724,39.85395599994394],[-105.28243100001833,39.85435499993807],[-105.28310399986287,39.85461500016726],[-105.28386899976896,39.85441399992529],[-105.28401799973186,39.855367999679764],[-105.27584600043942,39.85570399984903],[-105.27587700040155,39.853893999717606],[-105.2735459998,39.85387999974771],[-105.27348700024879,39.85583200010474],[-105.26908600005999,39.85579299975578],[-105.26920400006074,39.87028199980607],[-105.28523899974752,39.87007500029358],[-105.28520100011266,39.86313500007406],[-105.28774100005326,39.862558000250914],[-105.28851099998218,39.862953999742444],[-105.28932100009409,39.86307100023613],[-105.2885679998836,39.86342800006743],[-105.28862399996008,39.863842999771315],[-105.2894759999048,39.86395200033406],[-105.29084800043148,39.86463299997987],[-105.29457199967946,39.865398999803446],[-105.29685600042532,39.866567000048725],[-105.29417300036963,39.86992400007199],[-105.29446799992239,39.8764320001929],[-105.30366600013515,39.875705000244004],[-105.30382000012092,39.88406199965954],[-105.3021909996763,39.88399200022832],[-105.30117399987516,39.88291600011688],[-105.30042999988548,39.88242899989901],[-105.29640500033861,39.88225100013675],[-105.29563399968646,39.8818799999137],[-105.29249899971913,39.87962999975234],[-105.29172700014036,39.87945799983124],[-105.2906669997832,39.87952900001931],[-105.29065799956237,39.8835409999046]],[[-105.16303000019987,39.824449999719555],[-105.16302500017699,39.82522999983243],[-105.16311399986544,39.825392999958005],[-105.16303000019987,39.824449999719555]],[[-105.18379199959035,39.81087500009164],[-105.1838019996361,39.81203299987099],[-105.1838159998798,39.81069100032569],[-105.18379199959035,39.81087500009164]],[[-105.18501299960597,39.81016899976428],[-105.18467299984736,39.81017499982495],[-105.18739699991096,39.81063899994254],[-105.18501299960597,39.81016899976428]],[[-105.19931099979138,39.80910199984959],[-105.19926700030877,39.812667000227954],[-105.20278800006547,39.812667000227954],[-105.20282599970031,39.809103999670924],[-105.19931099979138,39.80910199984959]],[[-105.19975544565267,39.86241571245984],[-105.20352399965923,39.862898000343144],[-105.22208699959099,39.864391000239976],[-105.2220661523654,39.86256735702543],[-105.19975544565267,39.86241571245984]],[[-105.22173900033476,39.86478499991564],[-105.22173900033476,39.8650649997869],[-105.22209400016199,39.8650730001407],[-105.22209099978896,39.8648679996568],[-105.22173900033476,39.86478499991564]]],[[[-105.21975300041306,39.821459000319585],[-105.21735700041252,39.82000599991856],[-105.22165899996882,39.82010500013915],[-105.22167400003742,39.8220059999811],[-105.21975300041306,39.821459000319585]]]]},"properties":{"name":"Arvada","basis":"Shadowrun-Distrikt der Front Range Free Zone; aktuelle Gemeinde- bzw. Denver-Stadtteilgrenzen liefern die harte Linienbasis, Zwischenräume folgen der relativen SR6-Kartenlage","boundary_role":"lore-district","lore_source":"The Third Parallel, S. 12-50 und Denver-Karte (SR6)","source":"U.S. Census Bureau TIGERweb","source_url":"https://tigerweb.geo.census.gov/arcgis/rest/services/TIGERweb/Places_CouSub_ConCity_SubMCD/MapServer/4/query","boundary_review_status":"source-aligned","boundary_review_label":"Mit SR6-Distriktliste und geografischen Außenkanten abgeglichen"}},{"type":"Feature","geometry":{"type":"MultiPolygon","coordinates":[[[[-104.87772799986121,39.69843799978866],[-104.87531799961698,39.69843799978866],[-104.87530900029445,39.69650500003792],[-104.87772000036361,39.69650799983882],[-104.87772799986121,39.69843799978866]]],[[[-104.87530900029445,39.69650500003792],[-104.86596200011878,39.696558999890286],[-104.86596399976862,39.69927899987326],[-104.86713299990572,39.69927999999715],[-104.86713600027878,39.700188000034586],[-104.86830899971552,39.70019199978604],[-104.86830100021791,39.69837100031756],[-104.87066200005836,39.69837699975706],[-104.87064799981465,39.70053500024762],[-104.86939300036214,39.70108899988335],[-104.86866199989294,39.70300800020419],[-104.86596700014167,39.70380700021951],[-104.86597100033963,39.71105300025764],[-104.87062500024844,39.710173999846226],[-104.8705959999361,39.71817599996364],[-104.87064434913474,39.71817632453813],[-104.870644,39.718314],[-104.874252,39.718329],[-104.875116,39.718842],[-104.87527944964722,39.719118000500785],[-104.87533000021085,39.72557599965821],[-104.87998999996745,39.725604000047326],[-104.88007630438794,39.725584764420525],[-104.880745,39.725586],[-104.881997,39.725057],[-104.884728,39.727899],[-104.88495061103104,39.72805419452806],[-104.88644433493508,39.729196600076456],[-104.885276,39.729922],[-104.884713,39.730567],[-104.8847,39.732847],[-104.88470555147089,39.73284701420495],[-104.88466404901587,39.74744974208854],[-104.88207177040981,39.747450981359094],[-104.87997099970086,39.74743799986226],[-104.87997086553584,39.747451985722414],[-104.879941,39.747452],[-104.87993819799355,39.75085737184521],[-104.87990100027898,39.754734999976684],[-104.84693999970439,39.754687000152856],[-104.8563462645145,39.75470069813065],[-104.85631695276507,39.75472971676258],[-104.846864,39.754724],[-104.846869,39.755233],[-104.847739,39.755263],[-104.848013,39.755467],[-104.848219,39.756434],[-104.850778,39.756771],[-104.854314,39.758075],[-104.855482,39.75781],[-104.856338,39.758131],[-104.85633813978625,39.75815310740849],[-104.85639393168823,39.768568245973675],[-104.83759,39.76716],[-104.83287,39.766367],[-104.832869,39.769173],[-104.828173,39.769158],[-104.828163,39.772788],[-104.781577,39.772796],[-104.781561,39.776436],[-104.772157,39.77641],[-104.772184,39.771499],[-104.764548,39.771567],[-104.764573,39.769186],[-104.734596,39.769217],[-104.734372,39.798308],[-104.7626856517001,39.79843394507217],[-104.762493,39.823451],[-104.666038,39.822886],[-104.666156,39.813168],[-104.655477,39.813091],[-104.655359,39.822698],[-104.640309,39.822587],[-104.640312,39.826972],[-104.619701,39.826868],[-104.61943038633834,39.84813869247462],[-104.41765961833785,39.83915007678409],[-104.41668119599456,39.81371109585847],[-104.4097383848407,39.63319800585775],[-104.53852892996163,39.55877727321629],[-104.65900530304977,39.59547922144018],[-104.65942400002412,39.59493299973822],[-104.66075899984257,39.594929000122974],[-104.66078300013204,39.57434900006428],[-104.6420129996127,39.57430799978038],[-104.64212499976568,39.56588999979997],[-104.6795090002704,39.56590000025806],[-104.67943399992734,39.572521999918855],[-104.6796430001647,39.5729029999205],[-104.67963700031693,39.57344500025301],[-104.6816059996219,39.57683599968289],[-104.68468000038816,39.58040399997503],[-104.69589299993662,39.580335000073106],[-104.69598499999813,39.57673400009181],[-104.69830200035595,39.57673199975895],[-104.69831200040169,39.57493399980155],[-104.6945110002625,39.5749540001847],[-104.69421099978852,39.5740899998396],[-104.69385599996129,39.57377299969666],[-104.69385400031146,39.57337499978661],[-104.69337999976023,39.573118999694735],[-104.68775599990595,39.573141000345636],[-104.68779000024112,39.569516000302684],[-104.68655900017974,39.568853000208634],[-104.68663799982247,39.56825900022643],[-104.68605299984146,39.56777300017024],[-104.68678500013556,39.56590300018741],[-104.70702400036764,39.565897000328526],[-104.70690100034399,39.57674299985812],[-104.70764600015856,39.57674600001079],[-104.70777699967982,39.565897000328526],[-104.7176949995928,39.565897000328526],[-104.71771200020953,39.56395700002745],[-104.7080229997271,39.56409599982183],[-104.70778500007575,39.55118600017903],[-104.70710999968304,39.55116299999243],[-104.70731300007263,39.56397500010623],[-104.70695400004743,39.56371599990804],[-104.7069580002454,39.56408599979608],[-104.70545000017457,39.56349399985871],[-104.70506199983706,39.56237799986902],[-104.70394600030171,39.56189899969389],[-104.70388199982929,39.56097299995026],[-104.70447500020623,39.5567829997268],[-104.70492799994275,39.55628599970398],[-104.70456399989467,39.55262400026017],[-104.70490399965331,39.55264299998468],[-104.7049930002401,39.55090799982151],[-104.73672799987784,39.55117299980348],[-104.73662800031875,39.56588799984668],[-104.73583999994814,39.56588799984668],[-104.73576799997811,39.57312999967481],[-104.74322200011848,39.573143999961694],[-104.74334400031722,39.57178400003904],[-104.74373699977932,39.57164000026114],[-104.74380600027459,39.57086899968055],[-104.7432999999363,39.57076499980634],[-104.7447579997784,39.56843600020429],[-104.74439100025559,39.56827599993879],[-104.7460469995661,39.5657820001623],[-104.74616399974198,39.55869100006649],[-104.755608000002,39.55882400024851],[-104.75559299993341,39.55974700009366],[-104.75651600002321,39.55974299983273],[-104.75653100009184,39.55882300016998],[-104.7681729999857,39.558817999777155],[-104.76870000024037,39.55971400001153],[-104.76952200004786,39.56023599978528],[-104.77221599997424,39.561059999875745],[-104.77442899967666,39.561091999964184],[-104.77438900039199,39.565847000099005],[-104.78453999993347,39.56585000003071],[-104.78496500008092,39.566087999737576],[-104.78736799975414,39.569562000269364],[-104.78285899961028,39.56955500011079],[-104.78279199966313,39.573186000113004],[-104.75654699998536,39.57316400016884],[-104.75634100012103,39.574937999878664],[-104.75676399972032,39.57523499993727],[-104.7561849995871,39.57591499984885],[-104.75623900001379,39.57692400029552],[-104.7554160003814,39.577001000047595],[-104.75555299975042,39.57825500009246],[-104.756121000013,39.578248000119295],[-104.7554659997118,39.57977399970525],[-104.75472900029315,39.580215999850004],[-104.75194999997797,39.580287000100775],[-104.7519590001988,39.580460000075774],[-104.74529199970578,39.58058400008831],[-104.7319869999304,39.580391999997026],[-104.73111999991708,39.581751000224834],[-104.73166700026326,39.581134000037906],[-104.73275900040748,39.581131999832024],[-104.73249900011648,39.58147799997806],[-104.73241700010072,39.58336899986562],[-104.73173099983737,39.583232000084784],[-104.73175400030189,39.585028000005664],[-104.73281899978363,39.584963000052134],[-104.73474899962883,39.58627600002902],[-104.73422899994515,39.58687099968737],[-104.734971000285,39.58721100016517],[-104.73554399967212,39.58721599989504],[-104.73557999965712,39.58492899980716],[-104.73797900003072,39.58495399996851],[-104.73792600032726,39.587665999721445],[-104.7439970000703,39.58769500031311],[-104.74396699993306,39.58967799973015],[-104.74314400030067,39.59171899975294],[-104.74323299998915,39.592689000013856],[-104.74357299974777,39.593083000052005],[-104.74459499957179,39.59347199995564],[-104.74492299963484,39.59388499988639],[-104.74510199973498,39.58769700032956],[-104.74975099962091,39.587718000153004],[-104.74960099983309,39.595104000033814],[-104.74546699960797,39.59518900024632],[-104.74514600011591,39.595584999698566],[-104.74487300030445,39.595599000295046],[-104.7449190003352,39.596144999891195],[-104.74069800007145,39.59580899990359],[-104.7403430002442,39.59599999996048],[-104.73981299961646,39.597057000244796],[-104.74054300026073,39.59739099997961],[-104.73995200043196,39.598227999943035],[-104.73920199969618,39.598597000242336],[-104.73795399991636,39.598485000239236],[-104.73679400000009,39.59757499972992],[-104.73603400011689,39.5980269998252],[-104.73458100029767,39.5993520001853],[-104.73393199984423,39.60047600018299],[-104.73309599979305,39.60123800013562],[-104.73267800021661,39.60210100033327],[-104.73357399964395,39.60200500005693],[-104.73408900020307,39.60308599977822],[-104.73432100000664,39.60304999985614],[-104.73460999971165,39.60381400010808],[-104.73417700006661,39.605239999699215],[-104.73444700040336,39.60552300003297],[-104.73533699998288,39.605294000289945],[-104.73536200009724,39.60544299984307],[-104.73249200044378,39.60630600023877],[-104.73070700036354,39.606092999662],[-104.72817499992055,39.60484899992021],[-104.72738300025033,39.60430000007463],[-104.72530500026708,39.602080000024664],[-104.72382999980823,39.60141800011566],[-104.72245800017987,39.601385999953436],[-104.71845799984904,39.60240899974476],[-104.71674700028694,39.60244100012643],[-104.71672385954214,39.61306261491096],[-104.7387025477114,39.61975820720462],[-104.73869899973094,39.621496000165045],[-104.738265000261,39.62283600029635],[-104.7382309999258,39.6239759996961],[-104.75020599990559,39.62399700028273],[-104.75020599990559,39.62381999968558],[-104.74977300026055,39.62360100000886],[-104.74881500001064,39.6235780003217],[-104.74870399968255,39.623302999860094],[-104.74822300035693,39.62330399970022],[-104.74810000033327,39.62295900003376],[-104.7475117044277,39.622441830602384],[-104.75135257498567,39.62361191423572],[-104.75177699972559,39.62400100029493],[-104.75263103618495,39.62400138493059],[-104.75399391520632,39.62441657268894],[-104.7538899998689,39.63838199975555],[-104.76047299979801,39.638419999916756],[-104.7604860002168,39.63487799992069],[-104.76076999989894,39.63439299984168],[-104.76221699987039,39.63495899966385],[-104.76307499966288,39.63590100013946],[-104.7632599996108,39.63585600029177],[-104.76342000034268,39.62399199974825],[-104.7860489998292,39.623966000007556],[-104.79817299977191,39.62840500004234],[-104.798171999947,39.62396399965453],[-104.81034899959317,39.62387400031447],[-104.8104070002178,39.62006800001513],[-104.81068199967909,39.61944200019928],[-104.81124099972082,39.618941000025906],[-104.80966400005303,39.61774600027884],[-104.81042200028641,39.61709399997439],[-104.81050099992912,39.61035899967445],[-104.81141999982097,39.611394999940515],[-104.81743600021073,39.61601700005418],[-104.81953799958508,39.618235999676855],[-104.82032900032873,39.62036700013764],[-104.82005200031928,39.62036899990266],[-104.82070500007235,39.622099999763584],[-104.8180100003211,39.62209499978398],[-104.81800399957498,39.62284100022242],[-104.8214880004201,39.62284899968822],[-104.82191699986717,39.62402899968173],[-104.82886499966926,39.62400500030684],[-104.82883100023238,39.62776400013262],[-104.82761299969147,39.62776199988939],[-104.82759699979795,39.62867500009628],[-104.8277270003926,39.62868600025041],[-104.82772400001956,39.6296109997824],[-104.82880199992006,39.629616999659675],[-104.82872199955412,39.635371999817586],[-104.82894900023315,39.63794999973157],[-104.82983799998777,39.637954000320654],[-104.82983200014,39.638571999661146],[-104.82894000001234,39.638571999661146],[-104.82890662555069,39.647237996889345],[-104.85377221792491,39.654813056301265],[-104.854832116678,39.66056321567821],[-104.85336699999789,39.65997999966433],[-104.8554369995852,39.66080400018554],[-104.85644099986584,39.66033999997931],[-104.86633399966448,39.6603090000855],[-104.86605099980726,39.67084700026058],[-104.87527400013437,39.678364999881445],[-104.87530900029445,39.69650500003792]],[[-104.69279700032736,39.59454600024303],[-104.69386699983195,39.59454600024303],[-104.69386699983195,39.59372000026307],[-104.69279899997717,39.59371899999563],[-104.69279700032736,39.59454600024303]],[[-104.70670899982505,39.5977220002438],[-104.70746399968537,39.598056000232916],[-104.70753599965539,39.587601999829026],[-104.70679400021385,39.58759599977117],[-104.70670899982505,39.5977220002438]],[[-104.71632399978932,39.601010999697586],[-104.71658499990524,39.60036499992899],[-104.71735300018435,39.60052699982845],[-104.71750999964488,39.60133500024837],[-104.71838500005411,39.60117800026903],[-104.71870999974412,39.60049700028586],[-104.71891300013371,39.600645999778116],[-104.71867299993418,39.601086000049676],[-104.72006899985203,39.60109699974377],[-104.72008899994351,39.59961299980883],[-104.71678699957161,39.59961599966358],[-104.71679499996752,39.598555999767804],[-104.71562599983042,39.5985580001629],[-104.715604999914,39.6003670002719],[-104.71444300034793,39.600371999744524],[-104.71443699960182,39.60117700010935],[-104.71674999976167,39.60222599983036],[-104.71675200030982,39.601797000155194],[-104.71585500015928,39.60141800011566],[-104.71632399978932,39.601010999697586]],[[-104.72341200023182,39.59613500033535],[-104.7234110004069,39.59653599966662],[-104.72353500025547,39.59653599966662],[-104.72341200023182,39.59613500033535]],[[-104.72629199993102,39.580744000334995],[-104.72672999959894,39.58074299988023],[-104.72673399979688,39.5804000002134],[-104.72629600012897,39.58040099998075],[-104.72629199993102,39.580744000334995]],[[-104.72839300037877,39.60089799997365],[-104.72830399979199,39.600968000326645],[-104.72860599991579,39.60119599968076],[-104.72839300037877,39.60089799997365]],[[-104.73694600033603,39.597088000111846],[-104.73660300020438,39.59729999979076],[-104.73669299971775,39.59737500000833],[-104.73694600033603,39.597088000111846]]],[[[-104.7632599996108,39.63585600029177],[-104.76327899987737,39.63376799993184],[-104.7625769997205,39.63376199972272],[-104.76264000036801,39.63141200024517],[-104.76331700041051,39.63141299996812],[-104.76337572973172,39.62727465068492],[-104.7632599996108,39.63585600029177]]],[[[-104.74748900041301,39.852225999859705],[-104.7481317579033,39.853872165064864],[-104.73084856005187,39.853102221901494],[-104.730938,39.845205],[-104.75306289476323,39.84535114376208],[-104.75304600032013,39.84729999992504],[-104.74738700030576,39.84729000016853],[-104.74748900041301,39.852225999859705]]],[[[-104.762315,39.841801],[-104.76231686316937,39.84180100104562],[-104.76227899979467,39.845390000002624],[-104.76227623777237,39.84538998471792],[-104.762315,39.841801]]],[[[-104.770552,39.798271],[-104.77492336161471,39.7984436792781],[-104.774227,39.798446],[-104.770552,39.798271]]],[[[-104.790819,39.798254],[-104.78863,39.798398],[-104.77610513482963,39.798439740854555],[-104.790819,39.798254]]],[[[-104.790819,39.798254],[-104.81238751444293,39.79821986070149],[-104.7908263439915,39.81956541944841],[-104.790966,39.812861],[-104.790819,39.798254]]],[[[-104.81689899991031,39.596070999959665],[-104.8160970001943,39.598288999797965],[-104.81625600020298,39.599790000012256],[-104.81549700014469,39.599857000256726],[-104.8149840001337,39.59856999976371],[-104.8133870003744,39.598534000262866],[-104.81274999961656,39.59694100032899],[-104.81283300035555,39.595273999662304],[-104.8117310001656,39.595370000269895],[-104.81151799973027,39.59597299985394],[-104.8108440000608,39.596655000243665],[-104.81088199969561,39.598053999823264],[-104.81104800027528,39.59845099970803],[-104.81062399995278,39.598450000201105],[-104.81065699956473,39.595144999782875],[-104.80775500012422,39.59515800022163],[-104.80775500012422,39.59491500008331],[-104.80225099992055,39.594938999852914],[-104.79966699959904,39.590180999775676],[-104.79773199973094,39.58714899988474],[-104.80601500024981,39.58718200006323],[-104.80601299970168,39.587730999908665],[-104.80984800017605,39.589618999868144],[-104.81069099989993,39.58969999997093],[-104.81070299959548,39.58774999970688],[-104.81536499990021,39.58775900011964],[-104.81530100032612,39.59475900034004],[-104.8208849999974,39.59477700003548],[-104.82542199973035,39.60004400021383],[-104.82687399972468,39.60222300008873],[-104.81838699988964,39.602164999982165],[-104.81838699988964,39.60171400004997],[-104.82410600017847,39.601735999929076],[-104.82411100020136,39.60115699968053],[-104.82181099956195,39.59847100022609],[-104.82215700006668,39.59724499967192],[-104.82195100020236,39.59673099999912],[-104.81996699993046,39.596084999765694],[-104.81689899991031,39.596070999959665]],[[-104.80206199977465,39.5942359999553],[-104.80291200006953,39.59423299986755],[-104.80317900003323,39.59475600027494],[-104.8035360004086,39.59472699987003],[-104.8028750002596,39.593282999705835],[-104.8015169999766,39.59327799972152],[-104.80206199977465,39.5942359999553]]],[[[-104.80225099992055,39.594938999852914],[-104.8058460001954,39.60148400001417],[-104.80629700028211,39.602167000273035],[-104.80650200032153,39.602196000331574],[-104.80589899989886,39.602196000331574],[-104.80605500043278,39.60249000011981],[-104.80552099960708,39.602525000192735],[-104.79651200043853,39.60253400007022],[-104.79661000034783,39.594924000257464],[-104.80225099992055,39.594938999852914]]],[[[-104.87545400005942,39.651466000076596],[-104.87555199996869,39.64461700028754],[-104.87610400033776,39.64437299989156],[-104.876086999721,39.64589399969759],[-104.88031300000762,39.645901999956465],[-104.88013999975529,39.65305699970971],[-104.87699999976506,39.65304999968895],[-104.87545400005942,39.651466000076596]]]]},"properties":{"name":"Aurora Warrens","basis":"Shadowrun-Distrikt der Front Range Free Zone; aktuelle Gemeinde- bzw. Denver-Stadtteilgrenzen liefern die harte Linienbasis, Zwischenräume folgen der relativen SR6-Kartenlage","boundary_role":"lore-district","lore_source":"The Third Parallel, S. 12-50 und Denver-Karte (SR6)","source":"U.S. Census Bureau TIGERweb","source_url":"https://tigerweb.geo.census.gov/arcgis/rest/services/TIGERweb/Places_CouSub_ConCity_SubMCD/MapServer/4/query","boundary_review_status":"source-aligned","boundary_review_label":"Mit SR6-Distriktliste und geografischen Außenkanten abgeglichen"}},{"type":"Feature","geometry":{"type":"Polygon","coordinates":[[[-105.24049999973492,39.86665499989455],[-105.23926899967356,39.8658139999968],[-105.24091499983662,39.865948000028176],[-105.24091300018681,39.865801000165035],[-105.24952399987042,39.86660400026405],[-105.251001999804,39.86709599994447],[-105.27481799986928,39.87728299973731],[-105.2778890002625,39.87798400032406],[-105.2813099995618,39.878220000048174],[-105.28128899964538,39.87759399972444],[-105.28375800033918,39.87728200012967],[-105.28413599973264,39.877936999925666],[-105.28404899969398,39.878716000244594],[-105.28354099970589,39.87946099993775],[-105.28257599978328,39.88001400032808],[-105.28115899994906,39.88018000008357],[-105.27725400005278,39.879322000149266],[-105.27600500044805,39.87967100017486],[-105.27546200029985,39.88020599980955],[-105.27531400016184,39.881014000008136],[-105.27551800037634,39.88101099996956],[-105.2756849998826,39.88157300031103],[-105.27576799972326,39.88268599994111],[-105.27548900006401,39.88341799999075],[-105.27447100043797,39.884571000060916],[-105.27425499962959,39.88543800002507],[-105.27517699989448,39.888498999813315],[-105.27613500014438,39.890923999954005],[-105.27608499991568,39.88483000003066],[-105.27878800006287,39.88494399988026],[-105.2787250003137,39.884594999809124],[-105.29065799956237,39.8835409999046],[-105.2906669997832,39.87952900001931],[-105.29172700014036,39.87945799983124],[-105.29249899971913,39.87962999975234],[-105.29563399968646,39.8818799999137],[-105.29640500033861,39.88225100013675],[-105.30042999988548,39.88242899989901],[-105.30117399987516,39.88291600011688],[-105.3021909996763,39.88399200022832],[-105.30382000012092,39.88406199965954],[-105.30366600013515,39.875705000244004],[-105.29446799992239,39.8764320001929],[-105.29417300036963,39.86992400007199],[-105.29685600042532,39.866567000048725],[-105.29457199967946,39.865398999803446],[-105.29084800043148,39.86463299997987],[-105.2894759999048,39.86395200033406],[-105.28862399996008,39.863842999771315],[-105.2885679998836,39.86342800006743],[-105.28932100009409,39.86307100023613],[-105.28851099998218,39.862953999742444],[-105.28774100005326,39.862558000250914],[-105.28520100011266,39.86313500007406],[-105.28523899974752,39.87007500029358],[-105.26920400006074,39.87028199980607],[-105.26911221320074,39.85901166242791],[-105.42456691959961,39.838503793994185],[-105.43,39.92],[-105.34,40.1],[-105.09309450244335,40.13405593069747],[-105.22860551944484,39.870490587577116],[-105.24096199969229,39.87043700013786],[-105.24093099973015,39.868475000041784],[-105.24060400039033,39.86692700027126],[-105.24049999973492,39.86665499989455]],[[-105.20669200013683,40.01637999971671],[-105.21834400007643,40.01766800016969],[-105.217954999914,40.01761000003315],[-105.20669200013683,40.01637999971671]],[[-105.2266280004202,40.00081799968401],[-105.2268329995613,40.000643000338705],[-105.22603099984532,40.00127100014891],[-105.2266280004202,40.00081799968401]],[[-105.23007899985672,40.018885000300116],[-105.23191900018855,40.01882800011538],[-105.2301759999411,40.018826000216684],[-105.23007899985672,40.018885000300116]],[[-105.2934040002656,40.013059999686156],[-105.29341000011338,40.0132059996582],[-105.29365100013779,40.013233999852794],[-105.2934040002656,40.013059999686156]],[[-105.29504399968258,40.04168600001725],[-105.2946510002205,40.04134199978519],[-105.29415400010305,40.041170999671806],[-105.29504399968258,40.04168600001725]]]},"properties":{"name":"Boulder","basis":"Shadowrun-Distrikt der Front Range Free Zone; aktuelle Gemeinde- bzw. Denver-Stadtteilgrenzen liefern die harte Linienbasis, Zwischenräume folgen der relativen SR6-Kartenlage","boundary_role":"lore-district","lore_source":"The Third Parallel, S. 12-50 und Denver-Karte (SR6)","source":"U.S. Census Bureau TIGERweb","source_url":"https://tigerweb.geo.census.gov/arcgis/rest/services/TIGERweb/Places_CouSub_ConCity_SubMCD/MapServer/4/query","boundary_review_status":"source-aligned","boundary_review_label":"Mit SR6-Distriktliste und geografischen Außenkanten abgeglichen"}},{"type":"Feature","geometry":{"type":"MultiPolygon","coordinates":[[[[-104.84672999964212,39.89970499997389],[-104.84673800003803,39.90259500027895],[-104.84762199976979,39.90259099987871],[-104.84803400039675,39.903573999734604],[-104.84674499971072,39.90358400024675],[-104.84676999982507,39.91002000006414],[-104.84754700032502,39.91002000006414],[-104.84754899997485,39.91059199978953],[-104.84676800017527,39.9105959997226],[-104.84678599971862,39.9144649997632],[-104.8536753069848,39.91445395511961],[-104.85192800042236,39.91772399994816],[-104.85370199973366,39.914404000242065],[-104.870488999806,39.91442700012436],[-104.87138900032957,39.91409200005724],[-104.87118299956694,39.913994999847105],[-104.87397299975278,39.91050300001233],[-104.8765160000664,39.9064640001717],[-104.87820099968923,39.90647099995943],[-104.87782400012067,39.90695400012381],[-104.88095499571041,39.90697315729375],[-104.89366956383518,39.92338394684268],[-104.89365200011821,39.928532000294524],[-104.8841340002383,39.928680000226926],[-104.88410900012396,39.93587999973521],[-104.88030100031207,39.935898000017794],[-104.88029600028919,39.93770900000433],[-104.87958300026166,39.93771299973107],[-104.8795790000637,39.93952000027956],[-104.8780219995891,39.93952800020981],[-104.87949200002507,39.941121000144655],[-104.88066899965979,39.94178999996526],[-104.88107500043897,39.94238699967784],[-104.88223399963202,39.94313400010445],[-104.88428300020124,39.94313800020283],[-104.88414099991101,39.95036399989332],[-104.89164000025721,39.950346999892034],[-104.89161099994492,39.943195000201385],[-104.89368399990525,39.94310700012323],[-104.8937090000196,39.95017700033527],[-104.90032899975864,39.95016499989695],[-104.90033200013168,39.94972499981529],[-104.90068899960876,39.949723999887006],[-104.90068100011113,39.94825399998037],[-104.90225399958099,39.947716000091994],[-104.90303299973074,39.947920000099636],[-104.90315400010455,39.95015499998912],[-104.90372200036715,39.95015799975501],[-104.90377000004771,39.95031900008324],[-104.90315199955643,39.95032000000282],[-104.90304199995157,39.95756700010684],[-104.89375699970019,39.95759900033283],[-104.89375900024831,39.958689000076895],[-104.88577100018055,39.955611999797306],[-104.88469599975478,39.95543199972932],[-104.88477199992276,39.95530800026383],[-104.8843169996381,39.955146000123605],[-104.8843169996381,39.95675400012414],[-104.88470900017357,39.95701600004334],[-104.89379500023333,39.9600189997683],[-104.8937500000275,39.964783000091266],[-104.88423799999539,39.96484400016072],[-104.88439700000406,39.98668299984876],[-104.89781800013037,39.98652500003108],[-104.90332900000675,39.98627900025832],[-104.90333099965656,39.98653199989132],[-104.9071679997808,39.986397000198316],[-104.9218769998699,39.98647699969168],[-104.92213399978785,39.99913100003451],[-104.92275599957878,39.99913100003451],[-104.92275700030203,39.99936899981767],[-104.92330999959766,39.99936999970799],[-104.92331399979561,40.000417999931614],[-104.95334462506234,40.00040700114611],[-104.96142659379224,40.01083845950677],[-104.96107099967092,40.044144000059006],[-104.97573533214604,40.04383249100737],[-104.99705502822232,40.13141432890092],[-104.68,40.08],[-104.42,39.9],[-104.41765961833785,39.83915007678409],[-104.61943038633834,39.84813869247462],[-104.619111,39.873243],[-104.605217,39.873137],[-104.605111,39.881372],[-104.599767,39.881331],[-104.599538,39.899067],[-104.630905,39.899424],[-104.630905,39.906676],[-104.65916323325669,39.90688590008082],[-104.65917999962666,39.91399199987392],[-104.67804999970508,39.91400500021606],[-104.67808283350223,39.90702643348164],[-104.67964,39.907038],[-104.679537,39.914105],[-104.692013,39.914209],[-104.6921,39.90687],[-104.703149,39.906947],[-104.703277,39.895967],[-104.730361,39.896152],[-104.73084856005187,39.853102221901494],[-104.7481317579033,39.853872165064864],[-104.74909299984496,39.85633400030133],[-104.7529800001979,39.85633999977874],[-104.75297699982484,39.85647099996037],[-104.73412500018809,39.856583000238544],[-104.73393900041523,39.87084399982223],[-104.75166200009787,39.870832999657495],[-104.75282399966396,39.87104500020187],[-104.75268499974678,39.883140999842],[-104.74643900010157,39.883107999744716],[-104.74643099970565,39.88368400022755],[-104.7526770002492,39.8837049996762],[-104.75263100021843,39.888187000208084],[-104.74880599978978,39.888173000342704],[-104.74880599978978,39.89063700016121],[-104.74990100030706,39.89065800023725],[-104.74989100026131,39.89506999986451],[-104.75004299969896,39.896024000108],[-104.75052999977069,39.896795000211604],[-104.75181899955838,39.89806300005282],[-104.75213300027606,39.89878300013751],[-104.74701400003686,39.898757999859335],[-104.74700999983888,39.9003680002575],[-104.75256000007333,39.9003680002575],[-104.7524670001869,39.90717800033248],[-104.7711530001423,39.90723800022714],[-104.77100400017942,39.91449899967597],[-104.7713260003947,39.91455800029524],[-104.7712989997322,39.92157899974615],[-104.78991000024286,39.92158499971666],[-104.7899830000378,39.914326999741135],[-104.79010600006143,39.91453000031134],[-104.79478099988664,39.914525999918965],[-104.79475599977228,39.91680099966428],[-104.79355599967303,39.916794000243115],[-104.7935409996044,39.917558999877485],[-104.79369100029056,39.917718000328335],[-104.7947220003354,39.917711000311954],[-104.79473300020605,39.919013999699075],[-104.79913100002182,39.91925600026636],[-104.79975899966054,39.91980000012761],[-104.80006800035534,39.92081299988747],[-104.8012480003631,39.92109800005882],[-104.80443100001101,39.92074399976191],[-104.80547600029955,39.92000300032113],[-104.8073249999539,39.91957500017716],[-104.80839100015885,39.918904999850355],[-104.80892500008625,39.918339999914586],[-104.80891000001762,39.914401000286794],[-104.81833097818647,39.91439660930136],[-104.81832999998821,39.914198000023276],[-104.81402800043192,39.914218000011466],[-104.81602000020142,39.91246899974208],[-104.81638099987643,39.911943999696696],[-104.81614400004996,39.91020800030331],[-104.81527799986156,39.908283000300095],[-104.81531899986945,39.90719099990066],[-104.80915000021713,39.90722800024834],[-104.80919299987485,39.90579199999214],[-104.81592399994194,39.905645000086324],[-104.8155680002898,39.904876000111955],[-104.8145980003443,39.904278999876105],[-104.80923399988272,39.90436800015923],[-104.80933500016506,39.90012299991041],[-104.81627000044668,39.900010999735635],[-104.8157459996667,39.9023830001071],[-104.81464699984981,39.9040580002448],[-104.81593099961464,39.90514600002705],[-104.81600299958467,39.90635899982448],[-104.81563699988676,39.907195000032324],[-104.81651399994583,39.90719900016375],[-104.81627499957123,39.908807000316074],[-104.81679000013034,39.910054000116325],[-104.8168439996587,39.91063800003938],[-104.8174970003101,39.9117280003366],[-104.82302800027796,39.90697000001536],[-104.82180700026231,39.90498700002206],[-104.82254600022912,39.89990999970408],[-104.8231429999057,39.899902999935215],[-104.82374499960513,39.901455000112854],[-104.82509799986525,39.90352200008008],[-104.82623500021532,39.90254399980992],[-104.82773499989021,39.90198099985248],[-104.82773800026325,39.902506999689145],[-104.82575599964119,39.904213000032804],[-104.82439800025652,39.903028999937064],[-104.82348100001448,39.90465399975222],[-104.8233279998536,39.905550000087224],[-104.82349199988514,39.90661099969843],[-104.82483699974934,39.90553299997919],[-104.82509299984237,39.90705199983147],[-104.82586899961912,39.90706099997341],[-104.82698400022785,39.906287999859394],[-104.82795900019622,39.906210000007114],[-104.82795400017334,39.90375800010358],[-104.83200300000964,39.90233200016947],[-104.83385400021213,39.90103999988325],[-104.8348240001576,39.90089599997675],[-104.83618800028839,39.90153700032742],[-104.83722799965574,39.90149899971915],[-104.83724779541868,39.90259963919314],[-104.82536400000404,39.909062000332334],[-104.84191800044788,39.90006000009303],[-104.8419279995953,39.90020700026589],[-104.84290658058322,39.89968622293024],[-104.84264999984366,39.899684999883355],[-104.84635100042374,39.8976539999552],[-104.84651799993001,39.89963400000502],[-104.84672999964212,39.89970499997389]],[[-104.79948400019923,39.92176299997918],[-104.79948400019923,39.919902999812294],[-104.799053000204,39.91960399984479],[-104.79472900000808,39.91936100013541],[-104.79472599963505,39.919579000274545],[-104.79131899968117,39.9195569997358],[-104.79132999955179,39.91855700016451],[-104.79117200026637,39.91855399970218],[-104.79113700010626,39.91955300032605],[-104.79015000044237,39.919549000227086],[-104.79005699965762,39.92881200023181],[-104.79346100013679,39.9288369998753],[-104.79323400035607,39.928013000176776],[-104.7985300001473,39.92802700016918],[-104.79577099992359,39.93040500024334],[-104.80461500013402,39.92282999978297],[-104.80257300013581,39.92253500012046],[-104.80152000034967,39.92276399990113],[-104.80029799961079,39.92234100005603],[-104.79948400019923,39.92176299997918]],[[-104.827852999891,39.9214499999095],[-104.85211099982214,39.921499000089725],[-104.85278200001689,39.92147300018124],[-104.827852999891,39.9214499999095]],[[-104.8479759997721,39.9666940001483],[-104.84838699967585,39.9648510001765],[-104.8481070001917,39.965940000295554],[-104.8479759997721,39.9666940001483]]],[[[-104.75994800009147,39.8927310002992],[-104.75990700008357,39.89655100020073],[-104.76166899969931,39.896559000327805],[-104.76171899992802,39.89036199975359],[-104.76088100022702,39.88551600008532],[-104.76514299960034,39.88553499999822],[-104.76512699970684,39.88573499988629],[-104.7637650001242,39.88600900007477],[-104.76330499981664,39.88638799994939],[-104.76275499999574,39.88856900015711],[-104.76234599974183,39.893129000105354],[-104.76250899994845,39.89720399992235],[-104.76366200019203,39.89939600030082],[-104.7640549996541,39.89959699969119],[-104.76603399990312,39.899812000117976],[-104.76603100042838,39.90008299996745],[-104.75256799957093,39.90003800017598],[-104.75261000030206,39.8927539998764],[-104.75994800009147,39.8927310002992]]],[[[-104.77143000015177,39.91086299972292],[-104.77388300005369,39.91085300027329],[-104.77383700002294,39.91423700023601],[-104.77137700044831,39.91426099993186],[-104.77143000015177,39.91086299972292]]],[[[-104.77376699970274,39.900150000306624],[-104.77369800010575,39.905458000303476],[-104.77146500031186,39.905441000172615],[-104.77152100038835,39.90012899969309],[-104.77376699970274,39.900150000306624]]],[[[-104.77203699987408,39.87084599991462],[-104.77663999972926,39.87092600011681],[-104.7764589999793,39.878233000283934],[-104.77190399980469,39.87822899984047],[-104.77203699987408,39.87084599991462]]],[[[-104.78564600032136,39.900182999781045],[-104.78664700022901,39.90019200013615],[-104.78664499968087,39.90101299983767],[-104.78564100029851,39.90101299983767],[-104.78564600032136,39.900182999781045]]],[[[-104.79971000015503,39.90020800022851],[-104.79960200020001,39.907347000039046],[-104.79020099959767,39.907400000093546],[-104.79033399966707,39.90026400017779],[-104.79971000015503,39.90020800022851]]],[[[-104.7909689998768,39.865579000112476],[-104.79098829716334,39.86461484845677],[-104.8116968790895,39.87073992198422],[-104.79349299992383,39.87078500017178],[-104.79301300042312,39.87056699990141],[-104.79238499988608,39.86983400016079],[-104.7909689998768,39.865579000112476]]],[[[-104.79975700001071,39.88557299980817],[-104.79974699996497,39.88648399979422],[-104.79510999977461,39.88650099980296],[-104.79511599962238,39.88559100021871],[-104.79975700001071,39.88557299980817]]],[[[-104.81628200014225,39.88552000010372],[-104.81628799999002,39.88904400006038],[-104.81400900016534,39.88906200024884],[-104.81406100004389,39.885525000298685],[-104.81628200014225,39.88552000010372]]],[[[-104.82787800000534,39.881732000182545],[-104.82787600035553,39.88287699999752],[-104.82346400029606,39.88294399992379],[-104.82348299966432,39.88177000003219],[-104.82787800000534,39.881732000182545]]],[[[-104.82787999965517,39.880806999795354],[-104.82787899983026,39.88163599988802],[-104.82647899971448,39.881655000186726],[-104.8264879999353,39.88082300027703],[-104.82787999965517,39.880806999795354]]],[[[-104.82788399985313,39.877132000216946],[-104.82788499967805,39.878274000162975],[-104.82718099987135,39.8782849998237],[-104.82718300041948,39.87713099991771],[-104.82788399985313,39.877132000216946]]],[[[-104.82781199988311,39.90286099983975],[-104.82782299975376,39.901954000177746],[-104.82973199968256,39.901165999725485],[-104.82781199988311,39.90286099983975]]],[[[-104.82782500030189,39.89977299996246],[-104.83094000017773,39.8997749999003],[-104.82935799958877,39.901046000274796],[-104.82782100010392,39.90165700029654],[-104.82782500030189,39.89977299996246]]],[[[-104.83144300014298,39.8997379996626],[-104.83240600041577,39.899736999693125],[-104.83128599978414,39.90070099999431],[-104.83088900012412,39.90021599992868],[-104.83144300014298,39.8997379996626]]],[[[-104.85203300000434,39.91423700023601],[-104.84983299982238,39.91416699992667],[-104.84983000034765,39.91352299992533],[-104.8520220001337,39.91363599982758],[-104.85203300000434,39.91423700023601]]],[[[-104.86182700006876,39.914178999787914],[-104.85772100033104,39.91418000023559],[-104.85850499960537,39.912866999980935],[-104.86068300004601,39.910081999862825],[-104.86078500015327,39.91059899984453],[-104.86422300006929,39.91060400027711],[-104.864229999742,39.910138000010676],[-104.86531199984046,39.90941700020659],[-104.8660809999445,39.90860400001097],[-104.86830899971552,39.908218000025215],[-104.86989299995435,39.90833399994249],[-104.87078000005913,39.90772800015589],[-104.8716019998666,39.90654699977452],[-104.87387900004143,39.905342000340084],[-104.87672699995359,39.90481700011139],[-104.8778469996869,39.90400700017561],[-104.87801400009148,39.90364200001843],[-104.87791100015932,39.90333899968339],[-104.87829559650542,39.903540650562],[-104.87785099988487,39.90441600025624],[-104.87610400033776,39.906633000261415],[-104.87371699965973,39.91038800013672],[-104.87243100024507,39.91205400007882],[-104.86965600012788,39.91231099998242],[-104.86488400021828,39.913650999770105],[-104.86444099962918,39.91314799967603],[-104.86388800033352,39.91302700007613],[-104.86182700006876,39.914178999787914]]],[[[-104.86995800025164,39.91276900032369],[-104.8718629999825,39.91276199980147],[-104.87074599972394,39.91414600016445],[-104.86796599958384,39.914094000266154],[-104.86795399988827,39.91336400007032],[-104.86995800025164,39.91276900032369]]],[[[-104.87525428975272,39.89961521286072],[-104.87475399955235,39.899613999893766],[-104.87475087540102,39.898965452137396],[-104.87525428975272,39.89961521286072]]],[[[-104.8794262613249,39.905000008223276],[-104.87943199975061,39.9060180003103],[-104.87706199968933,39.9058010002996],[-104.87846263044236,39.90375624253174],[-104.8794262613249,39.905000008223276]]],[[[-104.88434599995041,39.92881700002346],[-104.88598999956537,39.92875999975929],[-104.88599399976331,39.9293630001493],[-104.88435599999616,39.929369000126485],[-104.88434599995041,39.92881700002346]]],[[[-104.88440700004979,39.934065999782796],[-104.88662300012525,39.934060999685705],[-104.88663099962288,39.93587300019798],[-104.88686599979951,39.93587200006725],[-104.88686499997459,39.93669600021293],[-104.88438399958525,39.93670100011751],[-104.88440700004979,39.934065999782796]]],[[[-104.88568699961667,39.938424999708914],[-104.88568699961667,39.9392899999905],[-104.88438500030848,39.93929100007134],[-104.88438500030848,39.93842599980234],[-104.88568699961667,39.938424999708914]]],[[[-104.88444300003478,39.943204999749156],[-104.88577600020344,39.94320299970198],[-104.8857810002263,39.94426199997705],[-104.88444800005766,39.94426299998522],[-104.88444300003478,39.943204999749156]]],[[[-104.89840499976121,39.9423830002243],[-104.89840700030933,39.943012999773885],[-104.89690900028427,39.94301799990559],[-104.89691000010919,39.94238699967784],[-104.89840499976121,39.9423830002243]]],[[[-104.89761885895608,39.92848133202005],[-104.89718399974556,39.928483999875354],[-104.89718399974556,39.92792005593759],[-104.89761885895608,39.92848133202005]]],[[[-104.8993060001097,39.986313999678494],[-104.89757200008309,39.98632100024866],[-104.89929600006398,39.98509799987369],[-104.8993060001097,39.986313999678494]]],[[[-104.90380299965967,39.9432230001712],[-104.90455900024324,39.94409299977199],[-104.90458000015963,39.94946899979264],[-104.90337900023546,39.94947200027729],[-104.90324500034117,39.94326899985082],[-104.90380299965967,39.9432230001712]]],[[[-104.91896100018567,39.977896999716705],[-104.9200950001627,39.97749800016531],[-104.92202900020587,39.97766999967964],[-104.9220020004417,39.97297500026458],[-104.92106900030613,39.97298200013621],[-104.92105099986449,39.97186100025107],[-104.92993600008278,39.97189999996558],[-104.93237631933575,39.973343049850236],[-104.93481003896704,39.97648427024391],[-104.93458800034176,39.976765000227026],[-104.93511949790671,39.976883691245334],[-104.94233116201919,39.986191840832944],[-104.92263299955515,39.986024000205184],[-104.90332800018184,39.98614099981329],[-104.90329300002173,39.97913899968524],[-104.91626100041155,39.979124000327374],[-104.9175469998262,39.97801400016303],[-104.91896100018567,39.977896999716705]]],[[[-104.91260900023526,39.97185899966492],[-104.91856299980243,39.971854000264635],[-104.91857399967309,39.97428199975936],[-104.91262000010593,39.97428699967047],[-104.91260900023526,39.97185899966492]]],[[[-104.91402056693819,39.949651140958586],[-104.91587780367206,39.95204829050257],[-104.91394599970356,39.95205999976979],[-104.91402056693819,39.949651140958586]]],[[[-104.92006591358984,39.95745391575023],[-104.92058823676386,39.958128082234005],[-104.92057899986136,39.95917000000548],[-104.91909099988204,39.95917999997237],[-104.9191029995776,39.957410000266094],[-104.92006591358984,39.95745391575023]]],[[[-104.92077600040317,39.961802000324816],[-104.92080022131464,39.95840169230209],[-104.92204752566089,39.96001159748558],[-104.92203599987856,39.9618099997151],[-104.92077600040317,39.961802000324816]]],[[[-104.93318700040106,39.98809299968298],[-104.93243300036566,39.988894000179144],[-104.93148500016147,39.98923499978775],[-104.93148799963622,39.99161900030201],[-104.93106699968675,39.99164499970864],[-104.93104499994543,39.992399000219116],[-104.9302259996127,39.99303400002384],[-104.92862100035582,39.993599999825335],[-104.92220599975788,39.9935890001013],[-104.92215499970426,39.98641400018452],[-104.93375599959023,39.98655799985762],[-104.9351259995688,39.987214000339634],[-104.93529299997338,39.987456999992595],[-104.9351890002163,39.98783600008815],[-104.93439300034811,39.98822900020749],[-104.93318700040106,39.98809299968298]]],[[[-104.94178300001606,39.99351899975105],[-104.9480174121905,39.99353112707282],[-104.95320089756736,40.00022149097783],[-104.93125699965753,40.00026000023027],[-104.9313040004115,39.99706299968582],[-104.94071299961315,39.99709699985049],[-104.94031299958006,39.993607000337036],[-104.9401100000888,39.98728500033611],[-104.93881999957785,39.98706300017931],[-104.93882999962362,39.98656200016926],[-104.94118200014152,39.98657800003676],[-104.94117799994355,39.98878400009768],[-104.94178300001606,39.99351899975105]]],[[[-104.97304999984867,40.03303699970672],[-104.97305156242729,40.032807498736794],[-104.97310748997545,40.03303725048555],[-104.97304999984867,40.03303699970672]]]]},"properties":{"name":"Brighton","basis":"Shadowrun-Distrikt der Front Range Free Zone; aktuelle Gemeinde- bzw. Denver-Stadtteilgrenzen liefern die harte Linienbasis, Zwischenräume folgen der relativen SR6-Kartenlage","boundary_role":"lore-district","lore_source":"The Third Parallel, S. 12-50 und Denver-Karte (SR6)","source":"U.S. Census Bureau TIGERweb","source_url":"https://tigerweb.geo.census.gov/arcgis/rest/services/TIGERweb/Places_CouSub_ConCity_SubMCD/MapServer/4/query","boundary_review_status":"source-aligned","boundary_review_label":"Mit SR6-Distriktliste und geografischen Außenkanten abgeglichen"}},{"type":"Feature","geometry":{"type":"MultiPolygon","coordinates":[[[[-105.1474399998537,39.889297000322635],[-105.1474399998537,39.88945000017525],[-105.1644228144822,39.891400527757106],[-105.16441699989684,39.89116599982056],[-105.16514300034316,39.891237000291405],[-105.16514199961995,39.890999999781954],[-105.16555699972164,39.89098799999614],[-105.16545299996457,39.87286600006805],[-105.1640899996587,39.87288000030112],[-105.16406600026758,39.87071599999035],[-105.16542600020037,39.87069900020478],[-105.16540899958365,39.870526999947394],[-105.14909000021474,39.871025000022414],[-105.14775799987103,39.86976699983615],[-105.14777999961234,39.867531000040096],[-105.15231300004564,39.86739899984609],[-105.15232899993914,39.86560100005659],[-105.1526849995913,39.86560100005659],[-105.1526849995913,39.86463999990263],[-105.15304000031686,39.86462699984846],[-105.15311800013467,39.86341499978357],[-105.14913799989532,39.86362600000164],[-105.14913799989532,39.863076999814055],[-105.14764400006821,39.863078000318254],[-105.14764900009109,39.863897999975684],[-105.14531699966466,39.86390499997349],[-105.14357299959228,39.86361699967228],[-105.14300000020515,39.86298399974661],[-105.14395444335551,39.862036436318476],[-105.15707135626279,39.86212559120655],[-105.15705900001593,39.86356800015668],[-105.1654630000103,39.86340200018685],[-105.16548800012467,39.870580000208946],[-105.18423799965419,39.87068300011888],[-105.22860551944484,39.870490587577116],[-105.09309450244335,40.13405593069747],[-105.05,40.14],[-104.99705502822232,40.13141432890092],[-104.97573533214604,40.04383249100737],[-104.97924199996552,40.04375800014536],[-104.96107099967092,40.044144000059006],[-104.96138236660221,40.01498085214757],[-104.96148300029789,40.014979000197805],[-104.9615200001078,40.01118800006051],[-104.96153799965114,40.00040400030384],[-104.96140499958175,40.000336999686176],[-104.98094400020511,40.00032499979456],[-104.98160700000392,39.99865699984573],[-104.98676800007593,39.98910700021497],[-104.98774600041732,39.98648300016611],[-104.98778400005216,39.975745999820155],[-104.9944110003622,39.9758030001799],[-104.9920138498165,39.97578238173459],[-104.99367095177071,39.97215885212805],[-104.9970650001056,39.97214900005431],[-104.98810799991726,39.97217499998643],[-104.98810799991726,39.9684679998016],[-104.99725000005351,39.96852900002543],[-104.99533700774013,39.968515743074924],[-104.99711799980902,39.96852799968361],[-104.99707099995338,39.9648510001765],[-105.00871500039537,39.964940999922106],[-105.00867400038749,39.95951199969606],[-105.00914600039059,39.95950799986661],[-105.00914100036772,39.958935999811466],[-105.00999300031242,39.95893999967437],[-105.00998300026667,39.957815000261256],[-105.01548200044748,39.9578899997421],[-105.01553400032603,39.95547099986458],[-105.0146249995816,39.95564699977464],[-105.01472900023698,39.956707999871796],[-105.01382399969052,39.95675999976555],[-105.01378299968263,39.956335000335365],[-105.01162900042974,39.956454000166616],[-105.01168299995811,39.95604600017824],[-105.01233099968832,39.95574800023836],[-105.01556500028816,39.9551879999673],[-105.01640999966185,39.95410099979135],[-105.01685599972569,39.95284199997477],[-105.01554000017381,39.951643999846475],[-105.01253300025299,39.95034400013444],[-105.01099500004494,39.95134400019888],[-105.01099199967189,39.950473999840156],[-105.00629799958011,39.95043899997015],[-105.00626499996817,39.946805000246165],[-104.99705599988474,39.9467719998192],[-104.99702499992262,39.943238999853655],[-105.01565700034966,39.943131000030554],[-105.01548800029526,39.9284259997832],[-105.01366472588056,39.92843913274118],[-105.01495623596881,39.925615030681534],[-105.0155040532552,39.92537777755373],[-105.01502316223802,39.92546868523953],[-105.01527833193319,39.92491071417275],[-105.01550002412905,39.924910099674186],[-105.01550287261753,39.925240735896516],[-105.01546900002867,39.92130899984207],[-105.02153599957377,39.92135899977705],[-105.02155200036559,39.91920699985899],[-105.02354499996001,39.919224999703374],[-105.02354800033305,39.92131699983413],[-105.03440000020647,39.92137099975603],[-105.03434699960474,39.91418099999428],[-105.05297099963586,39.91422399993791],[-105.0529790000318,39.91372199968312],[-105.05531899995582,39.91372499966813],[-105.05529399984147,39.91242600007473],[-105.05886109404388,39.91247730344594],[-105.05886400000198,39.913687000307775],[-105.05886099962893,39.91243800024099],[-105.0623856765515,39.912527995397],[-105.0623920003297,39.90702500008776],[-105.07177499959207,39.90701799966756],[-105.07168799955342,39.89983200017151],[-105.08105499982058,39.89982099983265],[-105.08105599964549,39.89898000002572],[-105.08428500022247,39.898956999781085],[-105.08429299972006,39.89815400012508],[-105.08774900007776,39.89813600025669],[-105.08796099978987,39.896768999884586],[-105.08944399974632,39.89417499969162],[-105.09087599964917,39.89419299991113],[-105.09083700018942,39.89563200005904],[-105.095236999655,39.89771699991697],[-105.09557899996177,39.89731799987017],[-105.09632299995143,39.897307999821855],[-105.09636700033236,39.89824500007649],[-105.09995599986114,39.89822900021498],[-105.10210699963929,39.899766000179596],[-105.10941199981676,39.900066999845905],[-105.11418399972635,39.90006399995192],[-105.11376299977685,39.901734999819205],[-105.11574500039892,39.903157000095675],[-105.11773200014552,39.90420199970814],[-105.1185959997858,39.903226999941275],[-105.11786299966678,39.90252900019178],[-105.11842199970854,39.90192499992817],[-105.12040599998042,39.90196400023719],[-105.12292300035479,39.901411999734144],[-105.12353099990202,39.90210600009691],[-105.12009399981088,39.905675999905185],[-105.1221099998698,39.90673599976503],[-105.12335199980186,39.90707400025289],[-105.12781499991495,39.907131999826426],[-105.12845400032263,39.90642299992405],[-105.12866799968457,39.906424999667756],[-105.12876399994403,39.90023699982645],[-105.12891799992983,39.90025499983213],[-105.12891799992983,39.8999849999396],[-105.1286779997303,39.8999849999396],[-105.12872299993616,39.89459899985432],[-105.12894100039436,39.89459799980985],[-105.12889500036361,39.890353000175274],[-105.12982500012609,39.89037800007321],[-105.13020900026565,39.890579999823984],[-105.13109700019537,39.889985000016],[-105.13143299975604,39.889175999954105],[-105.1325500000146,39.889175999954105],[-105.13225000043896,39.889943000134465],[-105.13173300023001,39.88979000000365],[-105.13228100040111,39.88999900020055],[-105.13253699959581,39.8907299999567],[-105.1335550001202,39.89078499996905],[-105.13401799990247,39.88993200027611],[-105.13455000018001,39.889829999750965],[-105.1346050004316,39.889297000322635],[-105.13485686034473,39.88929527163156],[-105.13713799980118,39.89083099973247],[-105.13485200030382,39.8892919997135],[-105.146988999767,39.88921200025695],[-105.1474399998537,39.889297000322635]],[[-104.97310748997545,40.03303725048555],[-104.97305156242729,40.032807498736794],[-104.97304999984867,40.03303699970672],[-104.97310748997545,40.03303725048555]]],[[[-105.12889500036361,39.890353000175274],[-105.12972300001886,39.890356999911404],[-105.12976526780464,39.89037639437179],[-105.12889500036361,39.890353000175274]]],[[[-105.00867400038749,39.95951199969606],[-105.00634199996104,39.959503000251615],[-105.00630400032622,39.9613139999426],[-105.00403899984694,39.96129900011551],[-105.00402999962611,39.96070399973109],[-105.00515199990754,39.960688999770234],[-105.00516399960311,39.95976199993392],[-105.0040079998848,39.9597570003375],[-105.0040070000599,39.95778000001634],[-105.0086619997936,39.95778399994686],[-105.00867400038749,39.95951199969606]]],[[[-104.99864850752633,39.96127459687576],[-104.99975900003194,39.961282000078036],[-104.99978699962104,39.9641690002887],[-104.99732939444085,39.96415905748934],[-104.99864850752633,39.96127459687576]]],[[[-105.02357599992214,39.90925500028644],[-105.02485700021225,39.90925100027507],[-105.02487300010579,39.90983199999813],[-105.02357699974706,39.90983199999813],[-105.02357599992214,39.90925500028644]]],[[[-105.07671504040992,39.86987840691776],[-105.0767349998226,39.87102999989544],[-105.07475797808372,39.87103442822023],[-105.07542500011851,39.870967999927096],[-105.0754281175587,39.87063858211031],[-105.07671504040992,39.86987840691776]]],[[[-105.07997299972209,39.87094400023567],[-105.07999299981358,39.870340999889166],[-105.07843299986423,39.870350999734576],[-105.07843600023729,39.869702000261285],[-105.07701065002018,39.869703792649176],[-105.07971418844052,39.868106833797064],[-105.07971199960618,39.86842200022227],[-105.08161700023537,39.86840799976879],[-105.08154600009024,39.87094099975651],[-105.08108300030797,39.87094200014609],[-105.08101800001064,39.87114899980008],[-105.08080100027568,39.871100000148225],[-105.08083800008559,39.87094799972519],[-105.07997299972209,39.87094400023567]]],[[[-105.0894699996856,39.878080999812404],[-105.08934400018722,39.87758800003727],[-105.08837599989155,39.87760300028828],[-105.08836599984582,39.87808000021635],[-105.08859299962656,39.878080999812404],[-105.0885900001518,39.87897899998164],[-105.08902600016991,39.878980000253925],[-105.08695700040752,39.880806999795354],[-105.08472799991324,39.88028199980043],[-105.08472500043851,39.87994799986512],[-105.08377100038655,39.87994100012563],[-105.08380499982344,39.878980000253925],[-105.08134900044676,39.87897099987086],[-105.08137899968567,39.877278000320075],[-105.0839510003116,39.877226000016805],[-105.08382900011287,39.87546500022269],[-105.083463000415,39.87527499984005],[-105.08175100012967,39.87533700005179],[-105.08187099978026,39.87490599976655],[-105.08158100025035,39.87490199981839],[-105.08163200030397,39.87329599971835],[-105.07859600007086,39.87332199998598],[-105.0786129997893,39.872929999731404],[-105.08153600004452,39.87222800020223],[-105.0815429997172,39.871015999974226],[-105.08872499987102,39.870999000263005],[-105.0901469997281,39.87218399973121],[-105.09094400031957,39.873137000280394],[-105.09117699994805,39.875863000305124],[-105.09104600042679,39.87637299983384],[-105.08994400023684,39.876620999821164],[-105.09000199996315,39.87687800026003],[-105.09075699982347,39.877176000271305],[-105.09002399970447,39.87808299969376],[-105.0894699996856,39.878080999812404]]],[[[-105.08872499987102,39.870999000263005],[-105.08194128441201,39.86679130574708],[-105.08231111814266,39.86657284787516],[-105.08976799961144,39.870992000299594],[-105.08872499987102,39.870999000263005]]],[[[-105.09324200041078,39.8924840000678],[-105.09092400022806,39.89245800017306],[-105.09098899962707,39.8898359997455],[-105.09048300018709,39.88983799997334],[-105.09050300027857,39.88893700033599],[-105.08860299967229,39.88894899979163],[-105.08865799992387,39.88711099976114],[-105.08705299976867,39.887101999756034],[-105.08710600037043,39.88780500019826],[-105.0863220001978,39.88780299991111],[-105.08616200036421,39.89243599988327],[-105.08153600004452,39.8923439997228],[-105.08156799983156,39.890290000336876],[-105.08113600001143,39.890160000049676],[-105.08115699992783,39.88851499987851],[-105.07877799964572,39.88852200012123],[-105.08200800004761,39.88562600016091],[-105.0818230000997,39.88542099975268],[-105.08236000040012,39.885712000021904],[-105.08276399973285,39.8856900003242],[-105.08303800026754,39.88529899994509],[-105.08485299958673,39.885330000007215],[-105.08485099993689,39.88588199976631],[-105.08628200001482,39.88588500028107],[-105.08628200001482,39.885335999706285],[-105.09110199960499,39.88535100033036],[-105.09103700020596,39.88793000010736],[-105.09186900005919,39.8879279998239],[-105.09186499986122,39.88895899968103],[-105.09248800037537,39.88895599999004],[-105.09254100007882,39.88722399980162],[-105.09340399989419,39.88723500009455],[-105.09336999955899,39.888957000116825],[-105.09450400043431,39.88895499986327],[-105.09448799964247,39.88990299976381],[-105.0933079996347,39.88995999997473],[-105.09324200041078,39.8924840000678]]],[[[-105.08045700031907,39.88345200014593],[-105.08046399999179,39.88308599990079],[-105.08125999986,39.88312199995501],[-105.08122800007294,39.88345999973394],[-105.08045700031907,39.88345200014593]]],[[[-105.08109500000354,39.89418999976],[-105.08112099994281,39.892534999753174],[-105.08237600029365,39.89260400003747],[-105.08234699998133,39.89417899989396],[-105.08109500000354,39.89418999976]]],[[[-105.08406799958918,39.88335600019152],[-105.0828659998401,39.88443100009836],[-105.08121999967702,39.88456800017792],[-105.08122700024802,39.88352500005716],[-105.08242800017217,39.88359099983452],[-105.08243800021793,39.88313000027085],[-105.08125800021017,39.88303999976566],[-105.08127300027877,39.88202800001483],[-105.08207599981968,39.88202200002622],[-105.0820769996446,39.881676999800426],[-105.08127900012657,39.881672000014184],[-105.08129099982212,39.88069600001334],[-105.08314200002462,39.880677000138206],[-105.08314500039768,39.88036200002646],[-105.08472799991324,39.88076600005206],[-105.08472700008835,39.88131300020797],[-105.08640199966541,39.88131600023333],[-105.08677400010941,39.88167999980992],[-105.08665799975846,39.88177400026913],[-105.08913099975187,39.881788000062514],[-105.0891390001478,39.88415699980726],[-105.08643400035079,39.88398599972225],[-105.08397700025088,39.88425800030613],[-105.08406799958918,39.88335600019152]]],[[[-105.0815236244667,39.86703801418734],[-105.08160501202448,39.86698993919794],[-105.08160800001453,39.86703699982841],[-105.0815236244667,39.86703801418734]]],[[[-105.08537399999362,39.892608999715755],[-105.08636300020567,39.892608999715755],[-105.08635300015993,39.8934589996848],[-105.08535300007722,39.89345999974589],[-105.08537399999362,39.892608999715755]]],[[[-105.08684600007945,39.893457000251914],[-105.08685600012517,39.892611999936086],[-105.08883500037419,39.892610999862626],[-105.08881000025983,39.89345400006857],[-105.08684600007945,39.893457000251914]]],[[[-105.08981100016747,39.892610999862626],[-105.09267099977517,39.89263699969938],[-105.09267699962294,39.893415999802485],[-105.08981000034255,39.89345400006857],[-105.08981100016747,39.892610999862626]]],[[[-105.14424999963481,39.87863999989685],[-105.14425300000785,39.87841600015978],[-105.14453300039034,39.87842100018343],[-105.14453099984219,39.878644000316385],[-105.14424999963481,39.87863999989685]]],[[[-105.14591000004157,39.87908999978553],[-105.14748400023464,39.87909799988243],[-105.14750699980085,39.880384000054995],[-105.14590599984362,39.88036500009343],[-105.14591000004157,39.87908999978553]]],[[[-105.14993399976352,39.87779900009519],[-105.14994899983215,39.87588499970883],[-105.14909199986458,39.87605099980763],[-105.14826800040727,39.8767750000013],[-105.1482559998134,39.87825700018244],[-105.14741800011241,39.87825900005872],[-105.14743700037899,39.87295000004486],[-105.14876100032677,39.87118600030194],[-105.15227100021285,39.87110400031811],[-105.15225600014422,39.87773099967695],[-105.14993399976352,39.87779900009519]]],[[[-105.2220661523654,39.86256735702543],[-105.22208699959099,39.864391000239976],[-105.20352399965923,39.862898000343144],[-105.19975544565267,39.86241571245984],[-105.2220661523654,39.86256735702543]]],[[[-105.22173900033476,39.8650649997869],[-105.22173900033476,39.86478499991564],[-105.22209099978896,39.8648679996568],[-105.22209400016199,39.8650730001407],[-105.22173900033476,39.8650649997869]]]]},"properties":{"name":"Broomfield","basis":"Shadowrun-Distrikt der Front Range Free Zone; aktuelle Gemeinde- bzw. Denver-Stadtteilgrenzen liefern die harte Linienbasis, Zwischenräume folgen der relativen SR6-Kartenlage","boundary_role":"lore-district","lore_source":"The Third Parallel, S. 12-50 und Denver-Karte (SR6)","source":"U.S. Census Bureau TIGERweb","source_url":"https://tigerweb.geo.census.gov/arcgis/rest/services/TIGERweb/Places_CouSub_ConCity_SubMCD/MapServer/4/query","boundary_review_status":"source-aligned","boundary_review_label":"Mit SR6-Distriktliste und geografischen Außenkanten abgeglichen"}},{"type":"Feature","geometry":{"type":"Polygon","coordinates":[[[-105.15966326908617,39.08236322601284],[-104.9158661472683,39.384053174693065],[-104.91449499969956,39.38405200002266],[-104.91916399967697,39.38405599998314],[-104.91922999979921,39.402239000196346],[-104.9207289996492,39.40218400030103],[-104.92068199979353,39.40587600012149],[-104.91925200043883,39.40594799976104],[-104.919235999647,39.409629000016835],[-104.91462399957096,39.40976200031927],[-104.91459900035494,39.41340100021332],[-104.90539199992136,39.413724000087406],[-104.90529300018716,39.423910000029096],[-104.90292599960061,39.42290900020911],[-104.90001900013725,39.422881000114174],[-104.8970669995697,39.421995999793815],[-104.89685300020778,39.422351000260576],[-104.89690000006343,39.42308700005372],[-104.88722690563685,39.41949318019276],[-104.88710726451191,39.41964123167332],[-104.89038499990639,39.42084100020958],[-104.88818899992239,39.42082499978108],[-104.8864220002838,39.42294499991805],[-104.88427599963022,39.42429499986814],[-104.88229100043175,39.42486799979074],[-104.88306374767944,39.42464493465628],[-104.83893315300728,39.47925491832876],[-104.5970178274324,39.50373651722387],[-104.78742017977274,39.10635883292195],[-105.15966326908617,39.08236322601284]],[[-104.86793799999478,39.400058000197845],[-104.86832899980702,39.40063400024581],[-104.86812200011778,39.40032799998828],[-104.86793799999478,39.400058000197845]]]},"properties":{"name":"Castle Rock","basis":"Shadowrun-Distrikt der Front Range Free Zone; aktuelle Gemeinde- bzw. Denver-Stadtteilgrenzen liefern die harte Linienbasis, Zwischenräume folgen der relativen SR6-Kartenlage","boundary_role":"lore-district","lore_source":"The Third Parallel, S. 12-50 und Denver-Karte (SR6)","source":"U.S. Census Bureau TIGERweb","source_url":"https://tigerweb.geo.census.gov/arcgis/rest/services/TIGERweb/Places_CouSub_ConCity_SubMCD/MapServer/4/query","boundary_review_status":"source-aligned","boundary_review_label":"Mit SR6-Distriktliste und geografischen Außenkanten abgeglichen"}},{"type":"Feature","geometry":{"type":"MultiPolygon","coordinates":[[[[-104.81034899959317,39.62387400031447],[-104.798171999947,39.62396399965453],[-104.79817200013845,39.62396485003509],[-104.79817299977191,39.62840500004234],[-104.7860489998292,39.623966000007556],[-104.76342000034268,39.62399199974825],[-104.76331700041051,39.63141299996812],[-104.76264000036801,39.63141200024517],[-104.76258000009354,39.63289399995848],[-104.7625769997205,39.63376199972272],[-104.76327899987737,39.63376799993184],[-104.7632599996108,39.63585600029177],[-104.76307499966288,39.63590100013946],[-104.76221699987039,39.63495899966385],[-104.76076999989894,39.63439299984168],[-104.7604860002168,39.63487799992069],[-104.76047299979801,39.638419999916756],[-104.7538899998689,39.63838199975555],[-104.75399391520632,39.62441657268894],[-104.75263103618495,39.62400138493059],[-104.75177699972559,39.62400100029493],[-104.75135257498567,39.62361191423572],[-104.74926002710988,39.622974440000526],[-104.7475117044277,39.622441830602384],[-104.74810000033327,39.62295900003376],[-104.74822300035693,39.62330399970022],[-104.74870399968255,39.623302999860094],[-104.74881500001064,39.6235780003217],[-104.74977300026055,39.62360100000886],[-104.75020599990559,39.62381999968558],[-104.75020599990559,39.62399700028273],[-104.7382309999258,39.6239759996961],[-104.738265000261,39.62283600029635],[-104.73869899973094,39.621496000165045],[-104.7387025477114,39.61975820720462],[-104.71672385954214,39.61306261491096],[-104.71674700028694,39.60244100012643],[-104.71845799984904,39.60240899974476],[-104.72245800017987,39.601385999953436],[-104.72382999980823,39.60141800011566],[-104.72530500026708,39.602080000024664],[-104.72738300025033,39.60430000007463],[-104.72817499992055,39.60484899992021],[-104.73070700036354,39.606092999662],[-104.73249200044378,39.60630600023877],[-104.7353371961448,39.60545045831811],[-104.73536200009724,39.60544299984307],[-104.73533699998288,39.605294000289945],[-104.73444700040336,39.60552300003297],[-104.73417700006661,39.605239999699215],[-104.73460999971165,39.60381400010808],[-104.73432100000664,39.60304999985614],[-104.73408900020307,39.60308599977822],[-104.73357399964395,39.60200500005693],[-104.73267800021661,39.60210100033327],[-104.73309599979305,39.60123800013562],[-104.73393199984423,39.60047600018299],[-104.73458100029767,39.5993520001853],[-104.73603400011689,39.5980269998252],[-104.73679400000009,39.59757499972992],[-104.73795399991636,39.598485000239236],[-104.73920199969618,39.598597000242336],[-104.73995200043196,39.598227999943035],[-104.74054300026073,39.59739099997961],[-104.73981299961646,39.597057000244796],[-104.7403430002442,39.59599999996048],[-104.74069800007145,39.59580899990359],[-104.74487020459605,39.59614111565364],[-104.7449190003352,39.596144999891195],[-104.74487300030445,39.595599000295046],[-104.74514600011591,39.595584999698566],[-104.74546699960797,39.59518900024632],[-104.74960099983309,39.595104000033814],[-104.74960479721702,39.59491701658811],[-104.74975099962091,39.587718000153004],[-104.74510199973498,39.58769700032956],[-104.74492299963484,39.59388499988639],[-104.74459499957179,39.59347199995564],[-104.74357299974777,39.593083000052005],[-104.74323299998915,39.592689000013856],[-104.74314400030067,39.59171899975294],[-104.74396699993306,39.58967799973015],[-104.7439970000703,39.58769500031311],[-104.73792600032726,39.587665999721445],[-104.73797900003072,39.58495399996851],[-104.73557999965712,39.58492899980716],[-104.73554399967212,39.58721599989504],[-104.734971000285,39.58721100016517],[-104.73422899994515,39.58687099968737],[-104.73474899962883,39.58627600002902],[-104.73281899978363,39.584963000052134],[-104.73175400030189,39.585028000005664],[-104.73173099983737,39.583232000084784],[-104.73241700010072,39.58336899986562],[-104.73249900011648,39.58147799997806],[-104.73275900040748,39.581131999832024],[-104.73166700026326,39.581134000037906],[-104.73111999991708,39.581751000224834],[-104.7319869999304,39.580391999997026],[-104.74529199970578,39.58058400008831],[-104.7519590001988,39.580460000075774],[-104.75194999997797,39.580287000100775],[-104.75472900029315,39.580215999850004],[-104.7547771830592,39.5801871032335],[-104.7554659997118,39.57977399970525],[-104.756121000013,39.578248000119295],[-104.75555299975042,39.57825500009246],[-104.7554160003814,39.577001000047595],[-104.75623900001379,39.57692400029552],[-104.7561849995871,39.57591499984885],[-104.75676399972032,39.57523499993727],[-104.75634100012103,39.574937999878664],[-104.75654699998536,39.57316400016884],[-104.78279199966313,39.573186000113004],[-104.78285899961028,39.56955500011079],[-104.78736799975414,39.569562000269364],[-104.78496500008092,39.566087999737576],[-104.78453999993347,39.56585000003071],[-104.77438900039199,39.565847000099005],[-104.77442899967666,39.561091999964184],[-104.77221599997424,39.561059999875745],[-104.76952200004786,39.56023599978528],[-104.76870000024037,39.55971400001153],[-104.7681729999857,39.558817999777155],[-104.75653100009184,39.55882300016998],[-104.75651600002321,39.55974299983273],[-104.75559299993341,39.55974700009366],[-104.755608000002,39.55882400024851],[-104.74616399974198,39.55869100006649],[-104.7460469995661,39.5657820001623],[-104.74439100025559,39.56827599993879],[-104.7447579997784,39.56843600020429],[-104.7432999999363,39.57076499980634],[-104.74380600027459,39.57086899968055],[-104.74373699977932,39.57164000026114],[-104.74334400031722,39.57178400003904],[-104.74322200011848,39.573143999961694],[-104.73576799997811,39.57312999967481],[-104.73583999994814,39.56588799984668],[-104.73662800031875,39.56588799984668],[-104.73672799987784,39.55117299980348],[-104.7049930002401,39.55090799982151],[-104.70490399965331,39.55264299998468],[-104.70456399989467,39.55262400026017],[-104.70492799994275,39.55628599970398],[-104.70447500020623,39.5567829997268],[-104.70388199982929,39.56097299995026],[-104.70394600030171,39.56189899969389],[-104.70506199983706,39.56237799986902],[-104.70545000017457,39.56349399985871],[-104.7069580002454,39.56408599979608],[-104.70695400004743,39.56371599990804],[-104.70731300007263,39.56397500010623],[-104.70710999968304,39.55116299999243],[-104.70778500007575,39.55118600017903],[-104.7080229997271,39.56409599982183],[-104.71771200020953,39.56395700002745],[-104.7176949995928,39.565897000328526],[-104.70777699967982,39.565897000328526],[-104.70764600015856,39.57674600001079],[-104.70690100034399,39.57674299985812],[-104.70702400036764,39.565897000328526],[-104.68678500013556,39.56590300018741],[-104.68605299984146,39.56777300017024],[-104.68663799982247,39.56825900022643],[-104.68655900017974,39.568853000208634],[-104.68779000024112,39.569516000302684],[-104.68775599990595,39.573141000345636],[-104.69337999976023,39.573118999694735],[-104.69385400031146,39.57337499978661],[-104.69385599996129,39.57377299969666],[-104.69421099978852,39.5740899998396],[-104.6945110002625,39.5749540001847],[-104.69831200040169,39.57493399980155],[-104.69830200035595,39.57673199975895],[-104.69598499999813,39.57673400009181],[-104.69589299993662,39.580335000073106],[-104.68468000038816,39.58040399997503],[-104.6816059996219,39.57683599968289],[-104.67963700031693,39.57344500025301],[-104.6796430001647,39.5729029999205],[-104.67943399992734,39.572521999918855],[-104.6795090002704,39.56590000025806],[-104.64212499976568,39.56588999979997],[-104.6420129996127,39.57430799978038],[-104.66078300013204,39.57434900006428],[-104.66075899984257,39.594929000122974],[-104.65942400002412,39.59493299973822],[-104.65900530304977,39.59547922144018],[-104.53852892996163,39.55877727321629],[-104.5970178274324,39.50373651722387],[-104.83893315300728,39.47925491832876],[-104.97701032606332,39.540884246458965],[-104.96173682826146,39.56605934119644],[-104.97325499988807,39.56606900023323],[-104.97324599966724,39.56777000032174],[-104.97491899959452,39.56812600013357],[-104.97711799995156,39.56951499968586],[-104.97912300013984,39.569600000128474],[-104.97909800002549,39.57277999989258],[-104.97584800043042,39.57232799988594],[-104.97564699969064,39.5721649999418],[-104.97550399957552,39.5724809999393],[-104.97558200029162,39.57272800002344],[-104.97667400043585,39.57353300032365],[-104.97825799977635,39.574148999767374],[-104.97906899971315,39.57492399995403],[-104.97899099989536,39.584192999903934],[-104.98833999972085,39.584243000056404],[-104.98832600037545,39.5889879999617],[-104.98693200010746,39.58900100017133],[-104.98692500043475,39.58920699975975],[-104.98692600025967,39.589684999933404],[-104.98831100030685,39.58968699989241],[-104.98827100012386,39.594546999806234],[-104.98643400016509,39.59396700011099],[-104.98641700044665,39.59509900018094],[-104.98828899966722,39.595110000133694],[-104.98821599987228,39.59897299991701],[-104.98615700015564,39.5989839999467],[-104.98557899984732,39.600258999670096],[-104.98515600024804,39.60076100024475],[-104.98646900032517,39.60130900030281],[-104.98818699955997,39.60138499979671],[-104.98818400008523,39.601793000244136],[-104.98760699960184,39.60178700003101],[-104.9874850003014,39.60146099989937],[-104.98749600017206,39.601788000181934],[-104.98703400021469,39.601811000188135],[-104.98703000001673,39.60218100023122],[-104.9874290002249,39.60235599981553],[-104.98817999988728,39.602295000081796],[-104.98816999984155,39.603514000340205],[-104.98735200023201,39.603506000024055],[-104.98733999963815,39.60388599983129],[-104.98690899964292,39.60388599983129],[-104.98690399962004,39.604296000308146],[-104.98635600034727,39.60429500019344],[-104.98628199982912,39.60959200023784],[-104.98569900039625,39.609593000275986],[-104.98567799958154,39.61231000016368],[-104.98336799979472,39.61230800016581],[-104.98336600014491,39.613185999912105],[-104.98042600017124,39.61319199982949],[-104.97871800008387,39.61157599982627],[-104.97871999973371,39.61141800021606],[-104.97987899982506,39.611415000180564],[-104.97985999955849,39.60960400000299],[-104.9646669997707,39.60968999975866],[-104.96469400043318,39.60740299968818],[-104.96365499999244,39.60736100020395],[-104.96264999988686,39.60688599973256],[-104.9623650003798,39.6066030001247],[-104.96236299983167,39.60608400024705],[-104.96003700015132,39.606108999695564],[-104.96002899975541,39.60718800026386],[-104.95823500035263,39.607167000113705],[-104.95735999994342,39.60742599990573],[-104.95634700034022,39.60847299967366],[-104.95617800028583,39.609697000015736],[-104.93530595707527,39.60962497984313],[-104.91425870631979,39.644316871550394],[-104.88020846020041,39.65022559072993],[-104.88031300000762,39.645901999956465],[-104.876086999721,39.64589399969759],[-104.87610400033776,39.64437299989156],[-104.87555199996869,39.64461700028754],[-104.87545995824512,39.651049595481],[-104.85377221792491,39.654813056301265],[-104.82890662555069,39.647237996889345],[-104.82894000001234,39.638571999661146],[-104.82983200014,39.638571999661146],[-104.82983799998777,39.637954000320654],[-104.82894900023315,39.63794999973157],[-104.82872199955412,39.635371999817586],[-104.82880199992006,39.629616999659675],[-104.82772400001956,39.6296109997824],[-104.8277270003926,39.62868600025041],[-104.82759699979795,39.62867500009628],[-104.82761299969147,39.62776199988939],[-104.82883100023238,39.62776400013262],[-104.82886499966926,39.62400500030684],[-104.82191699986717,39.62402899968173],[-104.8214880004201,39.62284899968822],[-104.81800399957498,39.62284100022242],[-104.8180100003211,39.62209499978398],[-104.82070500007235,39.622099999763584],[-104.82005200031928,39.62036899990266],[-104.82032900032873,39.62036700013764],[-104.81953799958508,39.618235999676855],[-104.81743600021073,39.61601700005418],[-104.81141999982097,39.611394999940515],[-104.81051248267894,39.610371944324385],[-104.81050099992912,39.61035899967445],[-104.81042200028641,39.61709399997439],[-104.80966400005303,39.61774600027884],[-104.81124099972082,39.618941000025906],[-104.81068199967909,39.61944200019928],[-104.8104070002178,39.62006800001513],[-104.81034899959317,39.62387400031447]],[[-104.81065699956473,39.595144999782875],[-104.81062399995278,39.598450000201105],[-104.81104800027528,39.59845099970803],[-104.81088199969561,39.598053999823264],[-104.8108440000608,39.596655000243665],[-104.81151799973027,39.59597299985394],[-104.8117310001656,39.595370000269895],[-104.81283300035555,39.595273999662304],[-104.81274999961656,39.59694100032899],[-104.8133870003744,39.598534000262866],[-104.8149840001337,39.59856999976371],[-104.81549700014469,39.599857000256726],[-104.81625600020298,39.599790000012256],[-104.8160970001943,39.598288999797965],[-104.81689899991031,39.596070999959665],[-104.81996699993046,39.596084999765694],[-104.82195100020236,39.59673099999912],[-104.82215700006668,39.59724499967192],[-104.82181099956195,39.59847100022609],[-104.82411100020136,39.60115699968053],[-104.82410600017847,39.601735999929076],[-104.81838699988964,39.60171400004997],[-104.81838699988964,39.602164999982165],[-104.82687399972468,39.60222300008873],[-104.82542199973035,39.60004400021383],[-104.8208849999974,39.59477700003548],[-104.81530100032612,39.59475900034004],[-104.81536499990021,39.58775900011964],[-104.81070299959548,39.58774999970688],[-104.81069099989993,39.58969999997093],[-104.80984800017605,39.589618999868144],[-104.80601299970168,39.587730999908665],[-104.80601500024981,39.58718200006323],[-104.79773199973094,39.58714899988474],[-104.79966699959904,39.590180999775676],[-104.80225099992055,39.594938999852914],[-104.80775500012422,39.59491500008331],[-104.80775500012422,39.59515800022163],[-104.8078149341037,39.59515773172812],[-104.81065699956473,39.595144999782875]],[[-104.80225099992055,39.594938999852914],[-104.79661000034783,39.594924000257464],[-104.79651200043853,39.60253400007022],[-104.80552099960708,39.602525000192735],[-104.80605500043278,39.60249000011981],[-104.80589899989886,39.602196000331574],[-104.80650200032153,39.602196000331574],[-104.80629700028211,39.602167000273035],[-104.8058460001954,39.60148400001417],[-104.80225099992055,39.594938999852914]],[[-104.80338300024772,39.58512000009136],[-104.80242199962476,39.583535000323664],[-104.80152799984727,39.5821180001858],[-104.80338300024772,39.58512000009136]]],[[[-104.69279700032736,39.59454600024303],[-104.69279899997717,39.59371899999563],[-104.69386699983195,39.59372000026307],[-104.69386699983195,39.59454600024303],[-104.69279700032736,39.59454600024303]]],[[[-104.70670899982505,39.5977220002438],[-104.70679400021385,39.58759599977117],[-104.70753599965539,39.587601999829026],[-104.70746399968537,39.598056000232916],[-104.70670899982505,39.5977220002438]]],[[[-104.71867299993418,39.601086000049676],[-104.71891300013371,39.600645999778116],[-104.71870999974412,39.60049700028586],[-104.71838500005411,39.60117800026903],[-104.71750999964488,39.60133500024837],[-104.71735300018435,39.60052699982845],[-104.71658499990524,39.60036499992899],[-104.71632399978932,39.601010999697586],[-104.71585500015928,39.60141800011566],[-104.71675200030982,39.601797000155194],[-104.71674999976167,39.60222599983036],[-104.71443699960182,39.60117700010935],[-104.71444300034793,39.600371999744524],[-104.715604999914,39.6003670002719],[-104.71562599983042,39.5985580001629],[-104.71679499996752,39.598555999767804],[-104.71678699957161,39.59961599966358],[-104.72008899994351,39.59961299980883],[-104.72006899985203,39.60109699974377],[-104.71867299993418,39.601086000049676]]],[[[-104.72341200023182,39.59613500033535],[-104.72353500025547,39.59653599966662],[-104.7234110004069,39.59653599966662],[-104.72341200023182,39.59613500033535]]],[[[-104.72629199993102,39.580744000334995],[-104.72629600012897,39.58040099998075],[-104.72673399979688,39.5804000002134],[-104.72672999959894,39.58074299988023],[-104.72629199993102,39.580744000334995]]],[[[-104.72839300037877,39.60089799997365],[-104.72860599991579,39.60119599968076],[-104.72830399979199,39.600968000326645],[-104.72839300037877,39.60089799997365]]],[[[-104.73694600033603,39.597088000111846],[-104.73669299971775,39.59737500000833],[-104.73660300020438,39.59729999979076],[-104.73694600033603,39.597088000111846]]],[[[-104.80291200006953,39.59423299986755],[-104.80206199977465,39.5942359999553],[-104.8015169999766,39.59327799972152],[-104.8028750002596,39.593282999705835],[-104.8035360004086,39.59472699987003],[-104.80317900003323,39.59475600027494],[-104.80291200006953,39.59423299986755]]],[[[-104.97741400022755,39.56741599997639],[-104.97744900038767,39.5660829998685],[-104.97918699971395,39.56609099965884],[-104.97912599961458,39.56942099980832],[-104.97724400034825,39.569346999726626],[-104.97594999963935,39.56851700013734],[-104.97741400022755,39.56741599997639]]]]},"properties":{"name":"Centennial","basis":"Shadowrun-Distrikt der Front Range Free Zone; aktuelle Gemeinde- bzw. Denver-Stadtteilgrenzen liefern die harte Linienbasis, Zwischenräume folgen der relativen SR6-Kartenlage","boundary_role":"lore-district","lore_source":"The Third Parallel, S. 12-50 und Denver-Karte (SR6)","source":"U.S. Census Bureau TIGERweb","source_url":"https://tigerweb.geo.census.gov/arcgis/rest/services/TIGERweb/Places_CouSub_ConCity_SubMCD/MapServer/4/query","boundary_review_status":"source-aligned","boundary_review_label":"Mit SR6-Distriktliste und geografischen Außenkanten abgeglichen"}},{"type":"Feature","geometry":{"type":"Polygon","coordinates":[[[-104.44904087279923,38.85689735680815],[-104.46,38.74],[-104.78,38.65],[-105.2,38.72],[-105.37,39.02],[-105.37139546964745,39.04093204471178],[-105.15966326908617,39.08236322601284],[-104.78742017977274,39.10635883292195],[-104.44904087279923,38.85689735680815]],[[-104.69228299959315,38.83673299990879],[-104.69190699984951,38.836762000220524],[-104.70137600022392,38.83675500012218],[-104.69228299959315,38.83673299990879]],[[-104.72200100024538,38.92692000031132],[-104.72267999993771,38.92749300000652],[-104.72197600013102,38.926898000044126],[-104.72200100024538,38.92692000031132]],[[-104.81938199994946,38.932800999856134],[-104.81702899960665,38.93280199981698],[-104.81671099958933,38.93287499971508],[-104.81938199994946,38.932800999856134]]]},"properties":{"name":"Colorado Springs","basis":"Shadowrun-Distrikt der Front Range Free Zone; aktuelle Gemeinde- bzw. Denver-Stadtteilgrenzen liefern die harte Linienbasis, Zwischenräume folgen der relativen SR6-Kartenlage","boundary_role":"lore-district","lore_source":"The Third Parallel, S. 12-50 und Denver-Karte (SR6)","source":"U.S. Census Bureau TIGERweb","source_url":"https://tigerweb.geo.census.gov/arcgis/rest/services/TIGERweb/Places_CouSub_ConCity_SubMCD/MapServer/4/query","boundary_review_status":"source-aligned","boundary_review_label":"Mit SR6-Distriktliste und geografischen Außenkanten abgeglichen"}},{"type":"Feature","geometry":{"type":"MultiPolygon","coordinates":[[[[-104.65916323325669,39.90688590008082],[-104.67808283350223,39.90702643348164],[-104.67804999970508,39.91400500021606],[-104.65917999962666,39.91399199987392],[-104.65916323325669,39.90688590008082]]],[[[-104.93623600015466,39.83815600033422],[-104.93783799993683,39.838160999843176],[-104.93783200008903,39.839150000119496],[-104.93446799979284,39.839138000228665],[-104.93341199963365,39.840062000169304],[-104.93339400009032,39.84197200001257],[-104.93286799966052,39.84188800004642],[-104.9328669998356,39.842825000277934],[-104.93149000018435,39.84282300005845],[-104.93151199992568,39.845789000129855],[-104.93018999962769,39.84565600011516],[-104.93021899993998,39.84546299972906],[-104.9295229996309,39.84672500018013],[-104.9287469998542,39.84698799980104],[-104.92797299972729,39.84793299968619],[-104.92798199994813,39.849387999802474],[-104.92680500031341,39.849387999802474],[-104.92680600013833,39.849594000335266],[-104.92500799963929,39.850987000325794],[-104.92501400038536,39.85265200004835],[-104.92445500034363,39.85265200004835],[-104.92374399996592,39.85321099978004],[-104.92304699983193,39.854772999841316],[-104.92226100000944,39.85454900009093],[-104.92209000030523,39.85481900031532],[-104.92209399960488,39.856175000167966],[-104.92209399960488,39.8560110000782],[-104.93165800041385,39.85625799997995],[-104.93597400021383,39.856162999804674],[-104.93516400010193,39.857394999719624],[-104.93156800000216,39.856927999804995],[-104.93153200001714,39.85802100026676],[-104.92914299968932,39.85802800017452],[-104.92920299996376,39.85634200029401],[-104.9243222542982,39.85634018989395],[-104.92163880553761,39.85804824773151],[-104.9197933093824,39.858053675588835],[-104.91958800252522,39.85935361648312],[-104.91593837670968,39.86167666139084],[-104.92002999986538,39.86167499982255],[-104.91966400016749,39.862582000117996],[-104.91891000013207,39.863488000337696],[-104.91723399983177,39.86440299985399],[-104.91485600027288,39.86441500015544],[-104.91486499959541,39.862602000000855],[-104.91448754749057,39.86260013727569],[-104.88020523817603,39.88442137268529],[-104.87964900038392,39.885130999809526],[-104.88976499976529,39.885111000291154],[-104.89214200039756,39.880972999699246],[-104.8947359998665,39.878073999882346],[-104.89501500042407,39.87808000021635],[-104.89211200026034,39.881493999665445],[-104.88556199994318,39.892475000078846],[-104.89833500033933,39.89247800030505],[-104.89838700021785,39.900578999814975],[-104.89709400023219,39.90182899965603],[-104.89701200021644,39.902357999764085],[-104.8973899996099,39.90336600019065],[-104.8935609998816,39.90335600033581],[-104.89355400020891,39.90687700020594],[-104.8908989997423,39.907034000233196],[-104.88095499571041,39.90697315729375],[-104.87782400012067,39.90695400012381],[-104.87820099968923,39.90647099995943],[-104.8765160000664,39.9064640001717],[-104.87397299975278,39.91050300001233],[-104.87118299956694,39.913994999847105],[-104.87138900032957,39.91409200005724],[-104.870488999806,39.91442700012436],[-104.85370199973366,39.914404000242065],[-104.8536753069848,39.91445395511961],[-104.84678599971862,39.9144649997632],[-104.84676800017527,39.9105959997226],[-104.84754899997485,39.91059199978953],[-104.84754899997485,39.910429000078565],[-104.84754700032502,39.91002000006414],[-104.84676999982507,39.91002000006414],[-104.84674499971072,39.90358400024675],[-104.84803400039675,39.903573999734604],[-104.84762199976979,39.90259099987871],[-104.84673800003803,39.90259500027895],[-104.84672999964212,39.89970499997389],[-104.84651799993001,39.89963400000502],[-104.84635100042374,39.8976539999552],[-104.84264999984366,39.899684999883355],[-104.84290658058322,39.89968622293024],[-104.8419279995953,39.90020700026589],[-104.84191800044788,39.90006000009303],[-104.83724779541868,39.90259963919314],[-104.83722799965574,39.90149899971915],[-104.83618800028839,39.90153700032742],[-104.8348240001576,39.90089599997675],[-104.83385400021213,39.90103999988325],[-104.83200300000964,39.90233200016947],[-104.82795400017334,39.90375800010358],[-104.82795900019622,39.906210000007114],[-104.82698400022785,39.906287999859394],[-104.82586899961912,39.90706099997341],[-104.82509299984237,39.90705199983147],[-104.82483699974934,39.90553299997919],[-104.82349199988514,39.90661099969843],[-104.8233279998536,39.905550000087224],[-104.82348100001448,39.90465399975222],[-104.82439800025652,39.903028999937064],[-104.82575599964119,39.904213000032804],[-104.82773800026325,39.902506999689145],[-104.82773499989021,39.90198099985248],[-104.82623500021532,39.90254399980992],[-104.82509799986525,39.90352200008008],[-104.82374499960513,39.901455000112854],[-104.8231429999057,39.899902999935215],[-104.82254600022912,39.89990999970408],[-104.82180700026231,39.90498700002206],[-104.82302800027796,39.90697000001536],[-104.8174970003101,39.9117280003366],[-104.8168439996587,39.91063800003938],[-104.81679000013034,39.910054000116325],[-104.81627499957123,39.908807000316074],[-104.81651399994583,39.90719900016375],[-104.81563699988676,39.907195000032324],[-104.81600299958467,39.90635899982448],[-104.81593099961464,39.90514600002705],[-104.81464699984981,39.9040580002448],[-104.8157459996667,39.9023830001071],[-104.81627000044668,39.900010999735635],[-104.80933500016506,39.90012299991041],[-104.80923399988272,39.90436800015923],[-104.8145980003443,39.904278999876105],[-104.8155680002898,39.904876000111955],[-104.81592399994194,39.905645000086324],[-104.80919299987485,39.90579199999214],[-104.80915000021713,39.90722800024834],[-104.81531899986945,39.90719099990066],[-104.81527799986156,39.908283000300095],[-104.81614400004996,39.91020800030331],[-104.81638099987643,39.911943999696696],[-104.81602000020142,39.91246899974208],[-104.81402800043192,39.914218000011466],[-104.81832999998821,39.914198000023276],[-104.81833097818647,39.91439660930136],[-104.80891000001762,39.914401000286794],[-104.80892500008625,39.918339999914586],[-104.80839100015885,39.918904999850355],[-104.8073249999539,39.91957500017716],[-104.80547600029955,39.92000300032113],[-104.80443100001101,39.92074399976191],[-104.8012480003631,39.92109800005882],[-104.80006800035534,39.92081299988747],[-104.79975899966054,39.91980000012761],[-104.79913100002182,39.91925600026636],[-104.79473300020605,39.919013999699075],[-104.7947220003354,39.917711000311954],[-104.79369100029056,39.917718000328335],[-104.7935409996044,39.917558999877485],[-104.79355599967303,39.916794000243115],[-104.79475599977228,39.91680099966428],[-104.79478099988664,39.914525999918965],[-104.79010600006143,39.91453000031134],[-104.7899830000378,39.914326999741135],[-104.78991000024286,39.92158499971666],[-104.7712989997322,39.92157899974615],[-104.7713260003947,39.91455800029524],[-104.77100400017942,39.91449899967597],[-104.7711530001423,39.90723800022714],[-104.7524670001869,39.90717800033248],[-104.75256000007333,39.9003680002575],[-104.74700999983888,39.9003680002575],[-104.74701400003686,39.898757999859335],[-104.75213300027606,39.89878300013751],[-104.75181899955838,39.89806300005282],[-104.75052999977069,39.896795000211604],[-104.75004299969896,39.896024000108],[-104.74989100026131,39.89506999986451],[-104.74990100030706,39.89065800023725],[-104.74880599978978,39.89063700016121],[-104.74880599978978,39.888173000342704],[-104.75263100021843,39.888187000208084],[-104.7526770002492,39.8837049996762],[-104.74643099970565,39.88368400022755],[-104.74643900010157,39.883107999744716],[-104.75268499974678,39.883140999842],[-104.75282399966396,39.87104500020187],[-104.75166200009787,39.870832999657495],[-104.73393900041523,39.87084399982223],[-104.73412500018809,39.856583000238544],[-104.75297699982484,39.85647099996037],[-104.7529800001979,39.85633999977874],[-104.74909299984496,39.85633400030133],[-104.7481317579033,39.853872165064864],[-104.74748900041301,39.852225999859705],[-104.74738700030576,39.84729000016853],[-104.75304600032013,39.84729999992504],[-104.75306289476323,39.84535114376208],[-104.762276,39.845412],[-104.76227623777237,39.84538998471792],[-104.76227899979467,39.845390000002624],[-104.76231686316937,39.84180100104562],[-104.77605080156351,39.84180870862241],[-104.77594199977034,39.842112999847835],[-104.77517900041241,39.84222299986562],[-104.77504399979489,39.84289799997258],[-104.77418299962935,39.843432000055316],[-104.77401500029818,39.843872999677856],[-104.7757569998224,39.843894000278944],[-104.77947799959567,39.84440899993812],[-104.7865069995886,39.84431700018063],[-104.78647229925225,39.84181455723564],[-104.790825,39.841817],[-104.79082484390263,39.841802711690924],[-104.79095399980818,39.84180299985292],[-104.79110399959599,39.85883399984959],[-104.79098829716334,39.86461484845677],[-104.7909689998768,39.865579000112476],[-104.79238499988608,39.86983400016079],[-104.79301300042312,39.87056699990141],[-104.79349299992383,39.87078500017178],[-104.8116968790895,39.87073992198422],[-104.86456700002587,39.8706089999315],[-104.86616623934907,39.86920977280878],[-104.89712584450393,39.81296827555514],[-104.88458500032502,39.81297500021516],[-104.88458500032502,39.81281200030422],[-104.88440500039997,39.812814999874305],[-104.88447370951977,39.798383012973744],[-104.89619079934297,39.798389424514006],[-104.89616500029459,39.80422300034504],[-104.90151999963705,39.80422600028985],[-104.90141826597319,39.79905702829463],[-104.901419,39.798392],[-104.903555,39.798394],[-104.90355499165382,39.79839097796395],[-104.90356099981034,39.79839100025915],[-104.90355206665741,39.79733187710732],[-104.9035147581812,39.78382299247403],[-104.926981,39.783776],[-104.92695,39.791039],[-104.940487,39.790973],[-104.940476,39.79461],[-104.955429,39.794646],[-104.960191,39.791025],[-104.968754,39.79104],[-104.974364,39.787165],[-104.975156,39.786356],[-104.975409,39.785738],[-104.97539704593223,39.78460316050041],[-104.99219863549352,39.7983167589267],[-104.98726028753039,39.81627913021516],[-104.94894398151303,39.84066806871868],[-104.9454689996292,39.83399199970599],[-104.94435700029182,39.83088000000528],[-104.94260599964845,39.83087300008864],[-104.94245400021079,39.831195999933385],[-104.93941899980256,39.833206000308294],[-104.93625000039836,39.83573300013832],[-104.93623600015466,39.83815600033422]],[[-104.76088100022702,39.88551600008532],[-104.76171899992802,39.89036199975359],[-104.76166899969931,39.896559000327805],[-104.75990700008357,39.89655100020073],[-104.75994800009147,39.8927310002992],[-104.75261000030206,39.8927539998764],[-104.75256799957093,39.90003800017598],[-104.76603100042838,39.90008299996745],[-104.76603399990312,39.899812000117976],[-104.7640549996541,39.89959699969119],[-104.76366200019203,39.89939600030082],[-104.76250899994845,39.89720399992235],[-104.76234599974183,39.893129000105354],[-104.76275499999574,39.88856900015711],[-104.76330499981664,39.88638799994939],[-104.7637650001242,39.88600900007477],[-104.76512699970684,39.88573499988629],[-104.76514299960034,39.88553499999822],[-104.76088100022702,39.88551600008532]],[[-104.77137700044831,39.91426099993186],[-104.77383700002294,39.91423700023601],[-104.77388300005369,39.91085300027329],[-104.77143000015177,39.91086299972292],[-104.77137700044831,39.91426099993186]],[[-104.77146500031186,39.905441000172615],[-104.77369800010575,39.905458000303476],[-104.77376699970274,39.900150000306624],[-104.77152100038835,39.90012899969309],[-104.77146500031186,39.905441000172615]],[[-104.77190399980469,39.87822899984047],[-104.7764589999793,39.878233000283934],[-104.77663999972926,39.87092600011681],[-104.77203699987408,39.87084599991462],[-104.77190399980469,39.87822899984047]],[[-104.77206600018638,39.857027999814875],[-104.77263299972573,39.857026000009206],[-104.77263699992369,39.85647099996037],[-104.7720670000113,39.85647399969315],[-104.77206600018638,39.857027999814875]],[[-104.78564100029851,39.90101299983767],[-104.78664499968087,39.90101299983767],[-104.78664700022901,39.90019200013615],[-104.78564600032136,39.900182999781045],[-104.78564100029851,39.90101299983767]],[[-104.79020099959767,39.907400000093546],[-104.79960200020001,39.907347000039046],[-104.79971000015503,39.90020800022851],[-104.79033399966707,39.90026400017779],[-104.79020099959767,39.907400000093546]],[[-104.79510999977461,39.88650099980296],[-104.79974699996497,39.88648399979422],[-104.79975700001071,39.88557299980817],[-104.79511599962238,39.88559100021871],[-104.79510999977461,39.88650099980296]],[[-104.81406100004389,39.885525000298685],[-104.81400900016534,39.88906200024884],[-104.81628799999002,39.88904400006038],[-104.81628200014225,39.88552000010372],[-104.81406100004389,39.885525000298685]],[[-104.82346400029606,39.88294399992379],[-104.82787600035553,39.88287699999752],[-104.82787800000534,39.881732000182545],[-104.82348299966432,39.88177000003219],[-104.82346400029606,39.88294399992379]],[[-104.82647899971448,39.881655000186726],[-104.82787899983026,39.88163599988802],[-104.82787999965517,39.880806999795354],[-104.8264879999353,39.88082300027703],[-104.82647899971448,39.881655000186726]],[[-104.82718300041948,39.87713099991771],[-104.82718099987135,39.8782849998237],[-104.82788499967805,39.878274000162975],[-104.82788399985313,39.877132000216946],[-104.82718300041948,39.87713099991771]],[[-104.82782299975376,39.901954000177746],[-104.82781199988311,39.90286099983975],[-104.82973199968256,39.901165999725485],[-104.82782299975376,39.901954000177746]],[[-104.82782100010392,39.90165700029654],[-104.82935799958877,39.901046000274796],[-104.83094000017773,39.8997749999003],[-104.82782500030189,39.89977299996246],[-104.82782100010392,39.90165700029654]],[[-104.83088900012412,39.90021599992868],[-104.83128599978414,39.90070099999431],[-104.83240600041577,39.899736999693125],[-104.83144300014298,39.8997379996626],[-104.83088900012412,39.90021599992868]],[[-104.84983000034765,39.91352299992533],[-104.84983299982238,39.91416699992667],[-104.85203300000434,39.91423700023601],[-104.8520220001337,39.91363599982758],[-104.84983000034765,39.91352299992533]],[[-104.85020199989334,39.88189699968538],[-104.85169999991842,39.88189000014485],[-104.85481300014443,39.87921100003159],[-104.85018400035,39.8792070003345],[-104.85020199989334,39.88189699968538]],[[-104.8521779997693,39.88188799968517],[-104.85314299969191,39.88189699968538],[-104.85602800031229,39.87941200001966],[-104.85521300017751,39.87927399971051],[-104.8521779997693,39.88188799968517]],[[-104.85672899974594,39.87797299992567],[-104.85745699984209,39.877976000097206],[-104.86484278703792,39.871613968183716],[-104.8653318310379,39.87072556645363],[-104.86514199996114,39.87072399968521],[-104.86528500007628,39.87080100023393],[-104.85672899974594,39.87797299992567]],[[-104.86830899971552,39.908218000025215],[-104.8660809999445,39.90860400001097],[-104.86531199984046,39.90941700020659],[-104.864229999742,39.910138000010676],[-104.86422300006929,39.91060400027711],[-104.86078500015327,39.91059899984453],[-104.86068300004601,39.910081999862825],[-104.85850499960537,39.912866999980935],[-104.85772100033104,39.91418000023559],[-104.86182700006876,39.914178999787914],[-104.86388800033352,39.91302700007613],[-104.86444099962918,39.91314799967603],[-104.86488400021828,39.913650999770105],[-104.86965600012788,39.91231099998242],[-104.87243100024507,39.91205400007882],[-104.87371699965973,39.91038800013672],[-104.87610400033776,39.906633000261415],[-104.87785099988487,39.90441600025624],[-104.87829559650542,39.903540650562],[-104.87839700040611,39.90334100020624],[-104.87791100015932,39.90333899968339],[-104.87801400009148,39.90364200001843],[-104.8778469996869,39.90400700017561],[-104.87672699995359,39.90481700011139],[-104.87387900004143,39.905342000340084],[-104.8716019998666,39.90654699977452],[-104.87078000005913,39.90772800015589],[-104.86989299995435,39.90833399994249],[-104.86830899971552,39.908218000025215]],[[-104.8718629999825,39.91276199980147],[-104.86995800025164,39.91276900032369],[-104.86795399988827,39.91336400007032],[-104.86796599958384,39.914094000266154],[-104.87074599972394,39.91414600016445],[-104.8718629999825,39.91276199980147]],[[-104.87475087540102,39.898965452137396],[-104.87475399955235,39.899613999893766],[-104.87525428975272,39.89961521286072],[-104.88011600036414,39.899627000207964],[-104.88399899962077,39.89449600002511],[-104.88534100001026,39.89235700003767],[-104.88365399983928,39.89247600015425],[-104.88365700021232,39.893951999758016],[-104.88183100012418,39.89361800024961],[-104.87974899994302,39.89488999975986],[-104.88207200014863,39.896086000167074],[-104.88175199958316,39.896086000167074],[-104.87891799991472,39.89461800000661],[-104.87695600028245,39.89608800021253],[-104.87473699983391,39.896085000144346],[-104.87475087540102,39.898965452137396]],[[-104.87846263044236,39.90375624253174],[-104.87706199968933,39.9058010002996],[-104.87943199975061,39.9060180003103],[-104.8794262613249,39.905000008223276],[-104.879416999682,39.903357000252434],[-104.88133900002961,39.90333799976646],[-104.88137099981667,39.90231400002023],[-104.87909100016707,39.90230300007988],[-104.87846263044236,39.90375624253174]],[[-104.88030100031207,39.89971099979317],[-104.88423700017047,39.89970400000397],[-104.88419500033768,39.89463600010977],[-104.88030100031207,39.89971099979317]],[[-104.88961499997747,39.88537899983215],[-104.88391900015316,39.885384000037405],[-104.88392400017602,39.88570299983309],[-104.88419500033768,39.88570800001471],[-104.8841969999875,39.88705500009298],[-104.88731900043436,39.8870579998671],[-104.88686599979951,39.887836999959575],[-104.88700300006687,39.88786599996732],[-104.88690599998249,39.888068999678005],[-104.88789500019452,39.888239999918596],[-104.88961499997747,39.88537899983215]],[[-104.88692000022618,39.889817999760325],[-104.88539700008674,39.88983500032086],[-104.88520899976575,39.890322999734295],[-104.88451300035501,39.89097400001353],[-104.88605900006065,39.89119699998665],[-104.88692000022618,39.889817999760325]],[[-104.92220900013093,39.83671100008424],[-104.92165699976188,39.83660500031583],[-104.92108900039764,39.83653999968066],[-104.92220900013093,39.83671100008424]]],[[[-104.79472599963505,39.919579000274545],[-104.79472900000808,39.91936100013541],[-104.799053000204,39.91960399984479],[-104.79948400019923,39.919902999812294],[-104.79948400019923,39.92176299997918],[-104.80029799961079,39.92234100005603],[-104.80152000034967,39.92276399990113],[-104.80257300013581,39.92253500012046],[-104.80461500013402,39.92282999978297],[-104.7985300001473,39.92802700016918],[-104.79323400035607,39.928013000176776],[-104.79346100013679,39.9288369998753],[-104.79005699965762,39.92881200023181],[-104.79015000044237,39.919549000227086],[-104.79113700010626,39.91955300032605],[-104.79117200026637,39.91855399970218],[-104.79132999955179,39.91855700016451],[-104.79131899968117,39.9195569997358],[-104.79472599963505,39.919579000274545]]],[[[-104.92918271812202,39.85324642732602],[-104.92917899967433,39.85265200004835],[-104.9301089054026,39.85265689438361],[-104.92918271812202,39.85324642732602]]],[[[-104.93024499987928,39.851470999701796],[-104.93023800020656,39.850540000207616],[-104.93163499994931,39.850530000233434],[-104.9316409997971,39.85147600031021],[-104.93024499987928,39.851470999701796]]],[[[-104.93070600001171,39.84876399987337],[-104.93163099975133,39.84876499989661],[-104.93163099975133,39.84898399980165],[-104.93071000020969,39.84897799968126],[-104.93070600001171,39.84876399987337]]],[[[-104.94055036106136,39.788319883915705],[-104.940548,39.788867],[-104.9405172034408,39.789008128579994],[-104.94055036106136,39.788319883915705]]],[[[-104.94057048140348,39.78365750492329],[-104.94061298541787,39.75621211834397],[-104.9610613155533,39.77290221703626],[-104.940617,39.772878],[-104.94057048140348,39.78365750492329]]]]},"properties":{"name":"Commerce City","basis":"Shadowrun-Distrikt der Front Range Free Zone; aktuelle Gemeinde- bzw. Denver-Stadtteilgrenzen liefern die harte Linienbasis, Zwischenräume folgen der relativen SR6-Kartenlage","boundary_role":"lore-district","lore_source":"The Third Parallel, S. 12-50 und Denver-Karte (SR6)","source":"U.S. Census Bureau TIGERweb","source_url":"https://tigerweb.geo.census.gov/arcgis/rest/services/TIGERweb/Places_CouSub_ConCity_SubMCD/MapServer/4/query","boundary_review_status":"source-aligned","boundary_review_label":"Mit SR6-Distriktliste und geografischen Außenkanten abgeglichen"}},{"type":"Feature","geometry":{"type":"Polygon","coordinates":[[[-104.4,39.38],[-104.44904087279923,38.85689735680815],[-104.78742017977274,39.10635883292195],[-104.5970178274324,39.50373651722387],[-104.53852892996163,39.55877727321629],[-104.4097383848407,39.63319800585775],[-104.4,39.38]]]},"properties":{"name":"Elbert","basis":"Shadowrun-Distrikt der Front Range Free Zone; aktuelle Gemeinde- bzw. Denver-Stadtteilgrenzen liefern die harte Linienbasis, Zwischenräume folgen der relativen SR6-Kartenlage","boundary_role":"lore-district","lore_source":"The Third Parallel, S. 12-50 und Denver-Karte (SR6)","source":"U.S. Census Bureau TIGERweb","source_url":"https://tigerweb.geo.census.gov/arcgis/rest/services/TIGERweb/Places_CouSub_ConCity_SubMCD/MapServer/4/query","boundary_review_status":"source-aligned","boundary_review_label":"Mit SR6-Distriktliste und geografischen Außenkanten abgeglichen"}},{"type":"Feature","geometry":{"type":"Polygon","coordinates":[[[-104.95735999994342,39.60742599990573],[-104.95823500035263,39.607167000113705],[-104.96002899975541,39.60718800026386],[-104.96003700015132,39.606108999695564],[-104.96236299983167,39.60608400024705],[-104.9623650003798,39.6066030001247],[-104.96264999988686,39.60688599973256],[-104.96365499999244,39.60736100020395],[-104.96469400043318,39.60740299968818],[-104.9646669997707,39.60968999975866],[-104.97985999955849,39.60960400000299],[-104.97987899982506,39.611415000180564],[-104.97871999973371,39.61141800021606],[-104.97871800008387,39.61157599982627],[-104.98042600017124,39.61319199982949],[-104.98336600014491,39.613185999912105],[-104.98336799979472,39.61230800016581],[-104.98567799958154,39.61231000016368],[-104.98569900039625,39.609593000275986],[-104.98628199982912,39.60959200023784],[-104.98635600034727,39.60429500019344],[-104.98690399962004,39.604296000308146],[-104.98690899964292,39.60388599983129],[-104.98733999963815,39.60388599983129],[-104.98735200023201,39.603506000024055],[-104.98816999984155,39.603514000340205],[-104.98817999988728,39.602295000081796],[-104.9874290002249,39.60235599981553],[-104.98703000001673,39.60218100023122],[-104.98703400021469,39.601811000188135],[-104.98749600017206,39.601788000181934],[-104.9874850003014,39.60146099989937],[-104.98760699960184,39.60178700003101],[-104.98818400008523,39.601793000244136],[-104.98818699955997,39.60138499979671],[-104.98646900032517,39.60130900030281],[-104.98515600024804,39.60076100024475],[-104.98557899984732,39.600258999670096],[-104.98615700015564,39.5989839999467],[-104.98821599987228,39.59897299991701],[-104.98828899966722,39.595110000133694],[-104.98641700044665,39.59509900018094],[-104.98643400016509,39.59396700011099],[-104.98827100012386,39.594546999806234],[-104.98831100030685,39.58968699989241],[-104.98692600025967,39.589684999933404],[-104.98692500043475,39.58920699975975],[-104.98693200010746,39.58900100017133],[-104.98832600037545,39.5889879999617],[-104.98833999972085,39.584243000056404],[-104.97899099989536,39.584192999903934],[-104.97906899971315,39.57492399995403],[-104.97825799977635,39.574148999767374],[-104.97667400043585,39.57353300032365],[-104.97558200029162,39.57272800002344],[-104.97550399957552,39.5724809999393],[-104.97564699969064,39.5721649999418],[-104.97584800043042,39.57232799988594],[-104.97909800002549,39.57277999989258],[-104.97912300013984,39.569600000128474],[-104.97711799995156,39.56951499968586],[-104.97491899959452,39.56812600013357],[-104.97324599966724,39.56777000032174],[-104.97325499988807,39.56606900023323],[-104.96173682826146,39.56605934119644],[-104.97701032606332,39.540884246458965],[-105.1396296798137,39.50347709963862],[-105.06965643568189,39.61858247135632],[-105.06514099960931,39.61858199996126],[-105.06509100027894,39.62004499984575],[-105.06566200001625,39.620600000054985],[-105.06794807332312,39.6213927124245],[-105.02470650479805,39.69252471266963],[-104.9539693905749,39.69445953526874],[-104.91425870631979,39.644316871550394],[-104.93530595707527,39.60962497984313],[-104.95617800028583,39.609697000015736],[-104.95634700034022,39.60847299967366],[-104.95735999994342,39.60742599990573]],[[-104.97594999963935,39.56851700013734],[-104.97724400034825,39.569346999726626],[-104.97912599961458,39.56942099980832],[-104.97918699971395,39.56609099965884],[-104.97744900038767,39.5660829998685],[-104.97741400022755,39.56741599997639],[-104.97594999963935,39.56851700013734]],[[-105.02542200010177,39.62855800011004],[-105.0253610000024,39.630357999879585],[-105.02536000017747,39.631445000088604],[-105.02542200010177,39.62855800011004]]]},"properties":{"name":"Englewood","basis":"Shadowrun-Distrikt der Front Range Free Zone; aktuelle Gemeinde- bzw. Denver-Stadtteilgrenzen liefern die harte Linienbasis, Zwischenräume folgen der relativen SR6-Kartenlage","boundary_role":"lore-district","lore_source":"The Third Parallel, S. 12-50 und Denver-Karte (SR6)","source":"U.S. Census Bureau TIGERweb","source_url":"https://tigerweb.geo.census.gov/arcgis/rest/services/TIGERweb/Places_CouSub_ConCity_SubMCD/MapServer/4/query","boundary_review_status":"source-aligned","boundary_review_label":"Mit SR6-Distriktliste und geografischen Außenkanten abgeglichen"}},{"type":"Feature","geometry":{"type":"MultiPolygon","coordinates":[[[[-105.37408674344921,39.08130115173809],[-105.37139546964745,39.04093204471178],[-105.37,39.02],[-105.37408674344921,39.08130115173809]]],[[[-105.2263530000606,39.84501700027412],[-105.23017500011618,39.84324599966088],[-105.23210199958834,39.84332500021254],[-105.23432600005974,39.844217000274405],[-105.23437000044068,39.84402399998151],[-105.23214199977131,39.84315200020434],[-105.23049899998128,39.84302900028815],[-105.22897500001693,39.84349500017479],[-105.22678400005582,39.84472499969569],[-105.22668899962126,39.84152099999922],[-105.23460100041936,39.841392999957364],[-105.23373600005586,39.84028799989274],[-105.23126399988735,39.83825099990849],[-105.23037000010984,39.83697500031898],[-105.22877699965022,39.833959999658674],[-105.2278810002229,39.829552999808904],[-105.22713300003527,39.82816699977751],[-105.22267699959487,39.82469999976469],[-105.22184599956657,39.82332700008594],[-105.22168400008319,39.82229599974953],[-105.21909700028695,39.821459000319585],[-105.21749899980442,39.82056100012914],[-105.21660599985185,39.81958399976214],[-105.2152579996146,39.81884199992616],[-105.21473899975581,39.81804100021631],[-105.21448400038601,39.816720999722534],[-105.21399999978904,39.8162619996727],[-105.21457899992227,39.81627100000076],[-105.21481699957363,39.816615999959005],[-105.21508799973527,39.817972000137935],[-105.21547000022501,39.81859599973719],[-105.21694399996063,39.81948200020201],[-105.21691600037155,39.817613000312164],[-105.21707299983207,39.817334999662286],[-105.21857199968207,39.81810799997614],[-105.22142499961708,39.818148999899975],[-105.22116699987423,39.81630200020186],[-105.22129999994364,39.81281400001763],[-105.22105999974409,39.81182400022193],[-105.22115199980561,39.811414999981324],[-105.22165499977086,39.81076799990515],[-105.22165899996882,39.809116999888126],[-105.21221700025691,39.80913299983362],[-105.21222599957942,39.80545699972985],[-105.19207357064467,39.80549081030446],[-105.15474444370028,39.74937898973933],[-105.15483408881038,39.745342243266364],[-105.15558799975506,39.744632999871534],[-105.15692799959638,39.74563299974739],[-105.15648999992845,39.74589799970279],[-105.15648200043084,39.7473160000699],[-105.16543799989594,39.747248000295684],[-105.16544600029188,39.7438370001422],[-105.16497699976351,39.744211000007944],[-105.16332700030077,39.74487100022281],[-105.1624140002567,39.74328599968529],[-105.16321199977475,39.74278799974891],[-105.16374800025025,39.74180099984238],[-105.16302099997901,39.74275300021442],[-105.16232100037028,39.743148000046766],[-105.16104299955494,39.74131399972097],[-105.16284299970378,39.74068799966968],[-105.16555300042201,39.74018799985608],[-105.16657900044397,39.74018399966061],[-105.1666170000788,39.737528000264774],[-105.16545999963726,39.73752700000463],[-105.16550700039123,39.73559300025425],[-105.1649480003495,39.735163000012946],[-105.16791099988939,39.73278199970307],[-105.16664999969076,39.73277399983382],[-105.16664399984299,39.731853999695545],[-105.16813000017248,39.731497000165675],[-105.16811299955576,39.732627999984246],[-105.16903399999575,39.731621000331934],[-105.1690180001022,39.73141699994001],[-105.16878799994844,39.731344999657566],[-105.16897600026941,39.73118399979017],[-105.16903700036877,39.72948500014937],[-105.16844599964168,39.72948100002352],[-105.16844999983964,39.72917000023895],[-105.16792500013308,39.729081000086865],[-105.16785200033814,39.72880500029731],[-105.16670300029253,39.72866600029031],[-105.16670400011743,39.728392000315736],[-105.16611400011355,39.72838199984222],[-105.16611499993847,39.72810399991494],[-105.16670300029253,39.728108999826624],[-105.1667019995693,39.727769000171016],[-105.16613800040301,39.72776400023468],[-105.16613599985487,39.72734600026845],[-105.16668900004883,39.727336000334105],[-105.16671199961506,39.72607299986586],[-105.16607800012854,39.72607899966022],[-105.16562000036916,39.72630699974914],[-105.1656599996538,39.724006000261824],[-105.16531700042043,39.72399400031185],[-105.16531999989519,39.72431199966243],[-105.16496099986998,39.7245749998684],[-105.16328100027002,39.72464299990557],[-105.16413999988741,39.72444200025217],[-105.16402299971155,39.72428400013046],[-105.16089600014014,39.724275000204486],[-105.1597450004447,39.72471999974479],[-105.15529222569621,39.72471220046772],[-105.15559477275451,39.71108841475188],[-105.15771400031714,39.71111500009337],[-105.15770900029429,39.711376000284446],[-105.16068500025295,39.71142900030059],[-105.16067000018433,39.71174900011964],[-105.16023800036419,39.71190200023205],[-105.16088400044457,39.711924000310646],[-105.16109399960855,39.711146999942194],[-105.16551200041411,39.711210000335505],[-105.16549700034551,39.71296000008753],[-105.17481600003376,39.71293599979649],[-105.17479500011736,39.711104999878444],[-105.18375700032858,39.71136800000465],[-105.19082399995634,39.71117100016464],[-105.19075100016141,39.71021299988964],[-105.19126800037034,39.70983700012971],[-105.19121700031673,39.70563000006341],[-105.19257600042464,39.704584999675824],[-105.19272600021247,39.70376699995171],[-105.1990150004137,39.70367700012838],[-105.19938600013445,39.70265799976091],[-105.19929999992073,39.702082999918126],[-105.19990599981813,39.701884999743164],[-105.19933000005797,39.70033400014366],[-105.19809099960065,39.70050800015424],[-105.19783600023085,39.699168999984515],[-105.19822899969293,39.69911699966194],[-105.19726999961809,39.695789999993416],[-105.1935959997005,39.69694400016065],[-105.19400800032746,39.69267999990182],[-105.18458800035687,39.69275199976846],[-105.1848929999554,39.68911199969389],[-105.18274300000213,39.68913499970571],[-105.18278499983495,39.68190199973055],[-105.19072500022213,39.68185900015731],[-105.1906309996125,39.680673000024306],[-105.18958299984922,39.67923099976095],[-105.18842299993292,39.676479999863595],[-105.18941999964258,39.67647499966676],[-105.189404999574,39.6746320000851],[-105.18885300010325,39.67333399973801],[-105.18783899977683,39.669346999716836],[-105.18784499962462,39.66823799973443],[-105.18746399985811,39.66739099970556],[-105.18474399999248,39.667386000233755],[-105.18465699995386,39.66373399968019],[-105.17238099967517,39.66390400018287],[-105.17235300008608,39.667431000307076],[-105.1656529999811,39.66754800022218],[-105.16556900031551,39.66029900011683],[-105.16237300024883,39.66028100016949],[-105.16557199979025,39.65722700001927],[-105.16758299982631,39.65451399977178],[-105.16978100035844,39.655335000242275],[-105.17178300017366,39.65578900023163],[-105.1732130004267,39.65665999981351],[-105.17250100022407,39.657708000273544],[-105.17338699960565,39.65910599969162],[-105.17690700043576,39.659077999979814],[-105.17690800026068,39.65852500006189],[-105.17388899974598,39.657847000078746],[-105.17442000019862,39.65634400001739],[-105.17247199991176,39.65509299977601],[-105.1724459999725,39.654548999818964],[-105.17127500018557,39.65454500018992],[-105.17125500009408,39.65358400012807],[-105.17483199992728,39.653076000256604],[-105.17615699970001,39.653240000100354],[-105.17630700038615,39.65286700017863],[-105.17892400031963,39.653544999905385],[-105.17970799959394,39.65345799991447],[-105.17969900027141,39.652928999711705],[-105.17915299975017,39.6529330001259],[-105.17914500025255,39.65237599970352],[-105.18022200032816,39.6520390000131],[-105.1803310001081,39.64945699970985],[-105.18191899964654,39.64945699970985],[-105.18179999982085,39.64931600001317],[-105.18004800025088,39.64932200025629],[-105.1797960003558,39.64914900006915],[-105.17979399980766,39.6468340002635],[-105.17900399978724,39.64556400031689],[-105.17155999969262,39.639819999822784],[-105.1699269999483,39.63808800020547],[-105.16524600027533,39.634985000116444],[-105.16351600044665,39.63453600026701],[-105.16157900003044,39.63460399977047],[-105.16171499957457,39.63490999982202],[-105.16340000009572,39.63502399973931],[-105.16417199967447,39.63522499968198],[-105.16453099969966,39.6355309997537],[-105.16324699993484,39.63633800015124],[-105.16068100005499,39.63752100006414],[-105.15721902631259,39.6379477848331],[-105.16045226897329,39.49235388805129],[-105.38527192575407,39.2490788863109],[-105.40139166618047,39.49087499270696],[-105.42456691959961,39.838503793994185],[-105.26911221320074,39.85901166242791],[-105.26908600005999,39.85579299975578],[-105.27348700024879,39.85583200010474],[-105.2735459998,39.85387999974771],[-105.27587700040155,39.853893999717606],[-105.27584600043942,39.85570399984903],[-105.28401799973186,39.855367999679764],[-105.28386899976896,39.85441399992529],[-105.28310399986287,39.85461500016726],[-105.28243100001833,39.85435499993807],[-105.28188299984724,39.85395599994394],[-105.28153300004287,39.85327599980619],[-105.27977300007697,39.852815999888826],[-105.27639999955994,39.849532000306894],[-105.27595500021935,39.849439999827936],[-105.2761009998092,39.8411190001867],[-105.26433199969374,39.84120700024733],[-105.26434099991458,39.84478800000823],[-105.26908500023507,39.84478800000823],[-105.26910299977843,39.84843799980555],[-105.23623400016363,39.84863100010456],[-105.23615999964547,39.8559180000886],[-105.23236299970425,39.85594799972083],[-105.23290300037773,39.8570409999296],[-105.23503700043746,39.85958199994579],[-105.23435799984678,39.85959199998033],[-105.23256899956858,39.8606800001386],[-105.23082899969417,39.86131299994328],[-105.22939168867592,39.86158608266159],[-105.22673840050123,39.85759775391799],[-105.22672200013153,39.85598300030963],[-105.22566757745238,39.85598813066418],[-105.22197338065641,39.85043514497402],[-105.22196699994038,39.84879099980532],[-105.22087603462134,39.848785653307395],[-105.21921471423941,39.84628841539151],[-105.22114799960767,39.845778000086575],[-105.22210699968247,39.84579100026293],[-105.2263530000606,39.84501700027412]],[[-105.21975300041306,39.821459000319585],[-105.22167400003742,39.8220059999811],[-105.22165899996882,39.82010500013915],[-105.21735700041252,39.82000599991856],[-105.21975300041306,39.821459000319585]]],[[[-105.16563600026267,39.645358000303304],[-105.16128199992953,39.64548500027339],[-105.16142000002176,39.64532200023118],[-105.16180599981116,39.640207000142524],[-105.16209399969124,39.63985700028483],[-105.16412700036695,39.638757999886025],[-105.16567200024768,39.63892199979583],[-105.16565600035416,39.64150000021011],[-105.16640100016872,39.641502000056136],[-105.1663919999479,39.642848999776106],[-105.16565200015619,39.64284299966299],[-105.16563600026267,39.645358000303304]]],[[[-105.12520899985213,39.66388000012097],[-105.1260669996446,39.663922999822574],[-105.12371900022298,39.664028000139325],[-105.12520899985213,39.66388000012097]]],[[[-105.16173899986401,39.72732000002154],[-105.16167799976465,39.72879600027057],[-105.16231399979927,39.72879699996653],[-105.1623289998679,39.729121999876234],[-105.15519486995045,39.729096159201625],[-105.15527148114604,39.725646333847955],[-105.15644700027075,39.72564600026427],[-105.15644499972261,39.72732400027277],[-105.15727300027618,39.72732799983287],[-105.15727800029906,39.7264049996769],[-105.15824999989437,39.7264049996769],[-105.15824400004658,39.72733400020885],[-105.15938899989423,39.72749000012978],[-105.1597450004447,39.72732900024101],[-105.16173899986401,39.72732000002154]]],[[[-105.16431700033775,39.73900299999947],[-105.16386200005306,39.73809499967633],[-105.16351100042378,39.7381099999995],[-105.16358500004364,39.737592999873634],[-105.16434800029988,39.7370679999526],[-105.16475300035583,39.737033000276185],[-105.16545999963726,39.73762400030314],[-105.16545799998744,39.73885400018721],[-105.16474099976196,39.73876800013968],[-105.16431700033775,39.73900299999947]]],[[[-105.1621890001258,39.74068199976524],[-105.16105500014879,39.74114900020415],[-105.16035399981682,39.74031400002391],[-105.16163199973387,39.73883799978485],[-105.16359199971632,39.73902599996032],[-105.16374599970212,39.74027599995372],[-105.16351700027157,39.740422000181795],[-105.1621890001258,39.74068199976524]]],[[[-105.15578299974872,39.74088599967619],[-105.15624399988116,39.740390000101485],[-105.15685800017448,39.73912699978768],[-105.15730500006323,39.738771999726566],[-105.15759299994333,39.73925400005816],[-105.15824599969639,39.739742999996515],[-105.15653099993635,39.741479999736214],[-105.15578299974872,39.74088599967619]]],[[[-105.16028699986967,39.744876000299726],[-105.15793900044805,39.742923999744775],[-105.15978100042972,39.741884999855735],[-105.16085599995718,39.74157599979559],[-105.16202000007142,39.74320499984086],[-105.16133200015825,39.743602999670344],[-105.16082300034522,39.74449000006326],[-105.16028699986967,39.744876000299726]]],[[[-105.43,39.92],[-105.42456691959961,39.838503793994185],[-105.40997750673864,39.619662601079476],[-105.43,39.92]]],[[[-105.18501299960597,39.81016899976428],[-105.18739699991096,39.81063899994254],[-105.18467299984736,39.81017499982495],[-105.18501299960597,39.81016899976428]]],[[[-105.19931099979138,39.80910199984959],[-105.20282599970031,39.809103999670924],[-105.20278800006547,39.812667000227954],[-105.19926700030877,39.812667000227954],[-105.19931099979138,39.80910199984959]]],[[[-105.18379199959035,39.81087500009164],[-105.1838159998798,39.81069100032569],[-105.1838019996361,39.81203299987099],[-105.18379199959035,39.81087500009164]]],[[[-105.16303000019987,39.824449999719555],[-105.16311399986544,39.825392999958005],[-105.16302500017699,39.82522999983243],[-105.16303000019987,39.824449999719555]]],[[[-105.1077310003919,39.856394999790695],[-105.10771899979801,39.856595999747945],[-105.10772047710778,39.85657125603918],[-105.10766862913675,39.85658269966056],[-105.10741199965135,39.85735499967122],[-105.1077310003919,39.856394999790695]]],[[[-105.08158799992304,39.86672199981113],[-105.08160501202448,39.86698993919794],[-105.0815236244667,39.86703801418734],[-105.08158799992304,39.86672199981113]]],[[[-105.07971418844052,39.868106833797064],[-105.07701065002018,39.869703792649176],[-105.07684600015068,39.86970399969754],[-105.07971418844052,39.868106833797064]]],[[[-105.14743700037899,39.87295000004486],[-105.14774100015259,39.87239600023674],[-105.14876100032677,39.87118600030194],[-105.14743700037899,39.87295000004486]]],[[[-105.22603099984532,40.00127100014891],[-105.2268329995613,40.000643000338705],[-105.2266280004202,40.00081799968401],[-105.22603099984532,40.00127100014891]]],[[[-105.29365100013779,40.013233999852794],[-105.29341000011338,40.0132059996582],[-105.2934040002656,40.013059999686156],[-105.29365100013779,40.013233999852794]]],[[[-105.217954999914,40.01761000003315],[-105.21834400007643,40.01766800016969],[-105.20669200013683,40.01637999971671],[-105.217954999914,40.01761000003315]]],[[[-105.2301759999411,40.018826000216684],[-105.23191900018855,40.01882800011538],[-105.23007899985672,40.018885000300116],[-105.2301759999411,40.018826000216684]]],[[[-105.29415400010305,40.041170999671806],[-105.2946510002205,40.04134199978519],[-105.29504399968258,40.04168600001725],[-105.29415400010305,40.041170999671806]]],[[[-105.02542200010177,39.62855800011004],[-105.02536000017747,39.631445000088604],[-105.0253610000024,39.630357999879585],[-105.02542200010177,39.62855800011004]]],[[[-104.968476,39.772911],[-104.973347,39.769188],[-104.971916,39.770301],[-104.968476,39.772911]]],[[[-104.975394,39.784314],[-104.975613,39.78319],[-104.97539704593223,39.78460316050041],[-104.975394,39.784314]]],[[[-104.92220900013093,39.83671100008424],[-104.92108900039764,39.83653999968066],[-104.92165699976188,39.83660500031583],[-104.92220900013093,39.83671100008424]]],[[[-104.92209399960488,39.856175000167966],[-104.92209000030523,39.85481900031532],[-104.92209399960488,39.8560110000782],[-104.92209399960488,39.856175000167966]]],[[[-104.93597400021383,39.856162999804674],[-104.93663700001265,39.85528700002711],[-104.93516400010193,39.857394999719624],[-104.93597400021383,39.856162999804674]]],[[[-104.91723399983177,39.86440299985399],[-104.9148564454861,39.864414997908725],[-104.91485600027288,39.86441500015544],[-104.91723399983177,39.86440299985399]]],[[[-105.07542500011851,39.870967999927096],[-105.07475797808372,39.87103442822023],[-105.07182399999587,39.87104100002854],[-105.07493725466341,39.870928530956576],[-105.07542500011851,39.870967999927096]]],[[[-104.9898700004313,39.91406399988282],[-104.96845299984128,39.91404999979135],[-104.9932020000421,39.91404600005997],[-104.9898700004313,39.91406399988282]]],[[[-105.01497299973614,39.92547899985597],[-105.01527833193319,39.92491071417275],[-105.01502316223802,39.92546868523953],[-105.01497299973614,39.92547899985597]]],[[[-105.0155040532552,39.92537777755373],[-105.01495623596881,39.925615030681534],[-105.01497199991124,39.92559899990819],[-105.0155040532552,39.92537777755373]]],[[[-104.99811301496916,39.9467757876299],[-104.99705599988474,39.9467719998192],[-105.00626499996817,39.946805000246165],[-104.99811301496916,39.9467757876299]]],[[[-104.91392999981002,39.94965200019163],[-104.91401721878209,39.949759301538414],[-104.91394599970356,39.95205999976979],[-104.91392999981002,39.94965200019163]]],[[[-104.92171899968616,39.95203499965719],[-104.91394599970356,39.95205999976979],[-104.91587780367206,39.95204829050257],[-104.92203000003079,39.952011000118894],[-104.92171899968616,39.95203499965719]]],[[[-104.95582000008554,39.950371999933004],[-104.95657300029605,39.9569260001948],[-104.95656499990011,39.95733699989283],[-104.95582000008554,39.950371999933004]]],[[[-104.92204752566089,39.96001159748558],[-104.92206400036598,39.957441000061486],[-104.92203599987856,39.9618099997151],[-104.92204752566089,39.96001159748558]]],[[[-104.92077600040317,39.961802000324816],[-104.9208070003653,39.957449999777296],[-104.92080022131464,39.95840169230209],[-104.92077600040317,39.961802000324816]]],[[[-104.98810799991726,39.9684679998016],[-104.98815898422163,39.96846833999564],[-104.98815899997088,39.96846599980462],[-104.99533700774013,39.968515743074924],[-104.99725000005351,39.96852900002543],[-104.98810799991726,39.9684679998016]]],[[[-104.99533703900039,39.96851567471915],[-104.99711799980902,39.96852799968361],[-104.99533700774013,39.968515743074924],[-104.99533703900039,39.96851567471915]]],[[[-104.97358499960097,39.98645800025068],[-104.97815300019435,39.98633500001028],[-104.97800000003349,39.98645299985349],[-104.97358499960097,39.98645800025068]]],[[[-104.94178300001606,39.99351899975105],[-104.95926200019953,39.993553000303706],[-104.9480174121905,39.99353112707282],[-104.94178300001606,39.99351899975105]]],[[[-104.96144364609067,40.000356468397584],[-104.96153799965114,40.00040400030384],[-104.95334462506234,40.00040700114611],[-104.92331399979561,40.000417999931614],[-104.96144364609067,40.000356468397584]]],[[[-104.96148300029789,40.014979000197805],[-104.96138236660221,40.01498085214757],[-104.96142659379224,40.01083845950677],[-104.96153799965114,40.00040400030384],[-104.9615200001078,40.01118800006051],[-104.96148300029789,40.014979000197805]]],[[[-104.69190699984951,38.836762000220524],[-104.69228299959315,38.83673299990879],[-104.70137600022392,38.83675500012218],[-104.69190699984951,38.836762000220524]]],[[[-104.72267999993771,38.92749300000652],[-104.72200100024538,38.92692000031132],[-104.72197600013102,38.926898000044126],[-104.72267999993771,38.92749300000652]]],[[[-104.81702899960665,38.93280199981698],[-104.81938199994946,38.932800999856134],[-104.81671099958933,38.93287499971508],[-104.81702899960665,38.93280199981698]]],[[[-104.86832899980702,39.40063400024581],[-104.86793799999478,39.400058000197845],[-104.86812200011778,39.40032799998828],[-104.86832899980702,39.40063400024581]]],[[[-104.4097383848407,39.63319800585775],[-104.41469802759349,39.76214871743054],[-104.4,39.38],[-104.4097383848407,39.63319800585775]]],[[[-104.80242199962476,39.583535000323664],[-104.80338300024772,39.58512000009136],[-104.80152799984727,39.5821180001858],[-104.80242199962476,39.583535000323664]]],[[[-104.76337572973172,39.62727465068492],[-104.76331700041051,39.63141299996812],[-104.76342000034268,39.62399199974825],[-104.76337572973172,39.62727465068492]]],[[[-104.76264000036801,39.63141200024517],[-104.7625769997205,39.63376199972272],[-104.76258000009354,39.63289399995848],[-104.76264000036801,39.63141200024517]]],[[[-104.8706436786382,39.718176320036996],[-104.8705959999361,39.71817599996364],[-104.87062500024844,39.710173999846226],[-104.8706436786382,39.718176320036996]]],[[[-104.88007630152993,39.72558476505752],[-104.87998999996745,39.725604000047326],[-104.87533000021085,39.72557599965821],[-104.88007630152993,39.72558476505752]]],[[[-104.88207177040981,39.747450981359094],[-104.87997086553584,39.747451985722414],[-104.87997099970086,39.74743799986226],[-104.88207177040981,39.747450981359094]]],[[[-104.87990100027898,39.754734999976684],[-104.85631954715917,39.75472714831242],[-104.8563462645145,39.75470069813065],[-104.87990100027898,39.754734999976684]]],[[[-104.901419,39.798392],[-104.90355499172314,39.79839100306332],[-104.903555,39.798394],[-104.901419,39.798392]]],[[[-104.78647229925225,39.84181455723564],[-104.79082485068925,39.841803332901904],[-104.790825,39.841817],[-104.78647229925225,39.84181455723564]]],[[[-104.89833500033933,39.89247800030505],[-104.89833531845,39.892527558387854],[-104.89838700021785,39.900578999814975],[-104.89833500033933,39.89247800030505]]],[[[-104.878140094314,39.903339942703674],[-104.87829559650542,39.903540650562],[-104.87791100015932,39.90333899968339],[-104.878140094314,39.903339942703674]]],[[[-104.84754700032502,39.91002000006414],[-104.84754899997485,39.910429000078565],[-104.84754899997485,39.91059199978953],[-104.84754700032502,39.91002000006414]]],[[[-104.88095499571041,39.90697315729375],[-104.89366956383518,39.92338394684267],[-104.89366956383518,39.92338394684268],[-104.88095499571041,39.90697315729375]]],[[[-104.85211099982214,39.921499000089725],[-104.827852999891,39.9214499999095],[-104.85278200001689,39.92147300018124],[-104.85211099982214,39.921499000089725]]],[[[-104.79577099992359,39.93040500024334],[-104.7985300001473,39.92802700016918],[-104.80461500013402,39.92282999978297],[-104.79577099992359,39.93040500024334]]],[[[-104.8479759997721,39.9666940001483],[-104.8481070001917,39.965940000295554],[-104.84838699967585,39.9648510001765],[-104.8479759997721,39.9666940001483]]],[[[-104.99705502822232,40.13141432890092],[-105.05,40.14],[-104.68,40.08],[-104.99705502822232,40.13141432890092]]]]},"properties":{"name":"Front Range","basis":"Shadowrun-Distrikt der Front Range Free Zone; aktuelle Gemeinde- bzw. Denver-Stadtteilgrenzen liefern die harte Linienbasis, Zwischenräume folgen der relativen SR6-Kartenlage","boundary_role":"lore-district","lore_source":"The Third Parallel, S. 12-50 und Denver-Karte (SR6)","source":"U.S. Census Bureau TIGERweb","source_url":"https://tigerweb.geo.census.gov/arcgis/rest/services/TIGERweb/Places_CouSub_ConCity_SubMCD/MapServer/4/query","boundary_review_status":"source-aligned","boundary_review_label":"Mit SR6-Distriktliste und geografischen Außenkanten abgeglichen"}},{"type":"Feature","geometry":{"type":"Polygon","coordinates":[[[-105.19075100016141,39.71021299988964],[-105.19082399995634,39.71117100016464],[-105.18375700032858,39.71136800000465],[-105.17479500011736,39.711104999878444],[-105.17481600003376,39.71293599979649],[-105.16549700034551,39.71296000008753],[-105.16551200041411,39.711210000335505],[-105.16109399960855,39.711146999942194],[-105.16088400044457,39.711924000310646],[-105.16023800036419,39.71190200023205],[-105.16067000018433,39.71174900011964],[-105.16068500025295,39.71142900030059],[-105.15770900029429,39.711376000284446],[-105.15771400031714,39.71111500009337],[-105.15559477275451,39.71108841475188],[-105.15529222569621,39.72471220046772],[-105.1540360002016,39.72471000012047],[-105.1597450004447,39.72471999974479],[-105.16089600014014,39.724275000204486],[-105.16402299971155,39.72428400013046],[-105.16413999988741,39.72444200025217],[-105.16328100027002,39.72464299990557],[-105.16496099986998,39.7245749998684],[-105.16531999989519,39.72431199966243],[-105.16531700042043,39.72399400031185],[-105.1656599996538,39.724006000261824],[-105.16562000036916,39.72630699974914],[-105.16607800012854,39.72607899966022],[-105.16671199961506,39.72607299986586],[-105.16668900004883,39.727336000334105],[-105.16613599985487,39.72734600026845],[-105.16613800040301,39.72776400023468],[-105.1667019995693,39.727769000171016],[-105.16670300029253,39.728108999826624],[-105.16611499993847,39.72810399991494],[-105.16611400011355,39.72838199984222],[-105.16670400011743,39.728392000315736],[-105.16670300029253,39.72866600029031],[-105.16785200033814,39.72880500029731],[-105.16792500013308,39.729081000086865],[-105.16844999983964,39.72917000023895],[-105.16844599964168,39.72948100002352],[-105.16903700036877,39.72948500014937],[-105.16897600026941,39.73118399979017],[-105.16878799994844,39.731344999657566],[-105.1690180001022,39.73141699994001],[-105.16903399999575,39.731621000331934],[-105.16811299955576,39.732627999984246],[-105.16813000017248,39.731497000165675],[-105.16664399984299,39.731853999695545],[-105.16664999969076,39.73277399983382],[-105.16791099988939,39.73278199970307],[-105.1649480003495,39.735163000012946],[-105.16550700039123,39.73559300025425],[-105.16545999963726,39.73752700000463],[-105.1666170000788,39.737528000264774],[-105.16657900044397,39.74018399966061],[-105.16555300042201,39.74018799985608],[-105.16284299970378,39.74068799966968],[-105.16104299955494,39.74131399972097],[-105.16232100037028,39.743148000046766],[-105.16302099997901,39.74275300021442],[-105.16374800025025,39.74180099984238],[-105.16321199977475,39.74278799974891],[-105.1624140002567,39.74328599968529],[-105.16332700030077,39.74487100022281],[-105.16497699976351,39.744211000007944],[-105.16544600029188,39.7438370001422],[-105.16543799989594,39.747248000295684],[-105.15648200043084,39.7473160000699],[-105.15648999992845,39.74589799970279],[-105.15692799959638,39.74563299974739],[-105.15558799975506,39.744632999871534],[-105.15483408881038,39.745342243266364],[-105.15474444370028,39.74937898973933],[-105.14239797471538,39.75014671105235],[-105.14245899970675,39.758224000270296],[-105.13308200029218,39.75825499970499],[-105.13306399985052,39.76187600008286],[-105.11434699993295,39.76194200010739],[-105.11514899964894,39.761718000143844],[-105.11528400026647,39.76145400018846],[-105.11457899973655,39.76070799973016],[-105.11612299979237,39.76016900010474],[-105.1168979997442,39.759471000204115],[-105.11688299967557,39.75901499977074],[-105.11940300042298,39.758765999781595],[-105.11896800022978,39.75828299993981],[-105.11897300025267,39.75467800005268],[-105.07200999976868,39.75479599989157],[-105.07201030704773,39.75452351811426],[-105.04873386813244,39.75597088077872],[-105.02470650479805,39.69252471266963],[-105.06794807332312,39.6213927124245],[-105.06566200001625,39.620600000054985],[-105.06509100027894,39.62004499984575],[-105.06514099960931,39.61858199996126],[-105.08429699991801,39.618583999777854],[-105.06965643568189,39.61858247135632],[-105.1396296798137,39.50347709963862],[-105.16045226897329,39.49235388805129],[-105.15721902631259,39.6379477848331],[-105.15226100016709,39.63855899976437],[-105.16068100005499,39.63752100006414],[-105.16324699993484,39.63633800015124],[-105.16453099969966,39.6355309997537],[-105.16417199967447,39.63522499968198],[-105.16340000009572,39.63502399973931],[-105.16171499957457,39.63490999982202],[-105.16157900003044,39.63460399977047],[-105.16351600044665,39.63453600026701],[-105.16524600027533,39.634985000116444],[-105.1699269999483,39.63808800020547],[-105.17155999969262,39.639819999822784],[-105.17900399978724,39.64556400031689],[-105.17979399980766,39.6468340002635],[-105.1797960003558,39.64914900006915],[-105.18004800025088,39.64932200025629],[-105.18179999982085,39.64931600001317],[-105.18191899964654,39.64945699970985],[-105.1803310001081,39.64945699970985],[-105.18022200032816,39.6520390000131],[-105.17914500025255,39.65237599970352],[-105.17915299975017,39.6529330001259],[-105.17969900027141,39.652928999711705],[-105.17970799959394,39.65345799991447],[-105.17892400031963,39.653544999905385],[-105.17630700038615,39.65286700017863],[-105.17615699970001,39.653240000100354],[-105.17483199992728,39.653076000256604],[-105.17125500009408,39.65358400012807],[-105.17127500018557,39.65454500018992],[-105.1724459999725,39.654548999818964],[-105.17247199991176,39.65509299977601],[-105.17442000019862,39.65634400001739],[-105.17388899974598,39.657847000078746],[-105.17690800026068,39.65852500006189],[-105.17690700043576,39.659077999979814],[-105.17338699960565,39.65910599969162],[-105.17250100022407,39.657708000273544],[-105.1732130004267,39.65665999981351],[-105.17178300017366,39.65578900023163],[-105.16978100035844,39.655335000242275],[-105.16758299982631,39.65451399977178],[-105.16557199979025,39.65722700001927],[-105.16237300024883,39.66028100016949],[-105.16556900031551,39.66029900011683],[-105.1656529999811,39.66754800022218],[-105.17235300008608,39.667431000307076],[-105.17238099967517,39.66390400018287],[-105.18465699995386,39.66373399968019],[-105.18474399999248,39.667386000233755],[-105.18746399985811,39.66739099970556],[-105.18784499962462,39.66823799973443],[-105.18783899977683,39.669346999716836],[-105.18885300010325,39.67333399973801],[-105.189404999574,39.6746320000851],[-105.18941999964258,39.67647499966676],[-105.18842299993292,39.676479999863595],[-105.18958299984922,39.67923099976095],[-105.1906309996125,39.680673000024306],[-105.19072500022213,39.68185900015731],[-105.18278499983495,39.68190199973055],[-105.18274300000213,39.68913499970571],[-105.1848929999554,39.68911199969389],[-105.18458800035687,39.69275199976846],[-105.19400800032746,39.69267999990182],[-105.1935959997005,39.69694400016065],[-105.19726999961809,39.695789999993416],[-105.19822899969293,39.69911699966194],[-105.19783600023085,39.699168999984515],[-105.19809099960065,39.70050800015424],[-105.19933000005797,39.70033400014366],[-105.19990599981813,39.701884999743164],[-105.19929999992073,39.702082999918126],[-105.19938600013445,39.70265799976091],[-105.1990150004137,39.70367700012838],[-105.19272600021247,39.70376699995171],[-105.19257600042464,39.704584999675824],[-105.19121700031673,39.70563000006341],[-105.19126800037034,39.70983700012971],[-105.19075100016141,39.71021299988964]],[[-105.12520899985213,39.66388000012097],[-105.12371900022298,39.664028000139325],[-105.1260669996446,39.663922999822574],[-105.12520899985213,39.66388000012097]],[[-105.16173899986401,39.72732000002154],[-105.1597450004447,39.72732900024101],[-105.15938899989423,39.72749000012978],[-105.15824400004658,39.72733400020885],[-105.15824999989437,39.7264049996769],[-105.15727800029906,39.7264049996769],[-105.15727300027618,39.72732799983287],[-105.15644499972261,39.72732400027277],[-105.15644700027075,39.72564600026427],[-105.15292399996589,39.725647000005914],[-105.15527148114604,39.725646333847955],[-105.15519486995045,39.729096159201625],[-105.1623289998679,39.729121999876234],[-105.16231399979927,39.72879699996653],[-105.16167799976465,39.72879600027057],[-105.16173899986401,39.72732000002154]],[[-105.15730500006323,39.738771999726566],[-105.15685800017448,39.73912699978768],[-105.15624399988116,39.740390000101485],[-105.15578299974872,39.74088599967619],[-105.15653099993635,39.741479999736214],[-105.15824599969639,39.739742999996515],[-105.15759299994333,39.73925400005816],[-105.15730500006323,39.738771999726566]],[[-105.16085599995718,39.74157599979559],[-105.15978100042972,39.741884999855735],[-105.15793900044805,39.742923999744775],[-105.16028699986967,39.744876000299726],[-105.16082300034522,39.74449000006326],[-105.16133200015825,39.743602999670344],[-105.16202000007142,39.74320499984086],[-105.16085599995718,39.74157599979559]],[[-105.16163199973387,39.73883799978485],[-105.16035399981682,39.74031400002391],[-105.16105500014879,39.74114900020415],[-105.1621890001258,39.74068199976524],[-105.16351700027157,39.740422000181795],[-105.16374599970212,39.74027599995372],[-105.16359199971632,39.73902599996032],[-105.16163199973387,39.73883799978485]],[[-105.16563600026267,39.645358000303304],[-105.16565200015619,39.64284299966299],[-105.1663919999479,39.642848999776106],[-105.16640100016872,39.641502000056136],[-105.16565600035416,39.64150000021011],[-105.16567200024768,39.63892199979583],[-105.16412700036695,39.638757999886025],[-105.16209399969124,39.63985700028483],[-105.16180599981116,39.640207000142524],[-105.16142000002176,39.64532200023118],[-105.16128199992953,39.64548500027339],[-105.16563600026267,39.645358000303304]],[[-105.16545799998744,39.73885400018721],[-105.16545999963726,39.73762400030314],[-105.16475300035583,39.737033000276185],[-105.16434800029988,39.7370679999526],[-105.16358500004364,39.737592999873634],[-105.16351100042378,39.7381099999995],[-105.16386200005306,39.73809499967633],[-105.16431700033775,39.73900299999947],[-105.16474099976196,39.73876800013968],[-105.16545799998744,39.73885400018721]]]},"properties":{"name":"Lakewood","basis":"Shadowrun-Distrikt der Front Range Free Zone; aktuelle Gemeinde- bzw. Denver-Stadtteilgrenzen liefern die harte Linienbasis, Zwischenräume folgen der relativen SR6-Kartenlage","boundary_role":"lore-district","lore_source":"The Third Parallel, S. 12-50 und Denver-Karte (SR6)","source":"U.S. Census Bureau TIGERweb","source_url":"https://tigerweb.geo.census.gov/arcgis/rest/services/TIGERweb/Places_CouSub_ConCity_SubMCD/MapServer/4/query","boundary_review_status":"source-aligned","boundary_review_label":"Mit SR6-Distriktliste und geografischen Außenkanten abgeglichen"}},{"type":"Feature","geometry":{"type":"Polygon","coordinates":[[[-104.87530900029445,39.69650500003792],[-104.87527400013437,39.678364999881445],[-104.86605099980726,39.67084700026058],[-104.86633399966448,39.6603090000855],[-104.85644099986584,39.66033999997931],[-104.8554369995852,39.66080400018554],[-104.854832116678,39.66056321567821],[-104.85377221792491,39.654813056301265],[-104.87545995824512,39.651049595481],[-104.87545400005942,39.651466000076596],[-104.87699999976506,39.65304999968895],[-104.88013999975529,39.65305699970971],[-104.88020846020041,39.65022559072993],[-104.91425870631979,39.644316871550394],[-104.9539693905749,39.69445953526874],[-104.95343006489696,39.69660485296541],[-104.959321,39.696583],[-104.959459,39.724961],[-104.960171,39.725608],[-104.94614021952925,39.725602237872494],[-104.93974611060702,39.75103658225211],[-104.90069224209819,39.7510179345567],[-104.8987403988588,39.75041401495791],[-104.898767,39.747443],[-104.88915305532045,39.74744759606406],[-104.88466799916017,39.74605987533823],[-104.88470555147089,39.73284701420495],[-104.903459,39.732895],[-104.8847,39.732847],[-104.884713,39.730567],[-104.885276,39.729922],[-104.88644433493508,39.729196600076456],[-104.88495061103104,39.72805419452806],[-104.886521,39.729149],[-104.884728,39.727899],[-104.881997,39.725057],[-104.880745,39.725586],[-104.88007630438794,39.725584764420525],[-104.88007630152993,39.72558476505752],[-104.87533000021085,39.72557599965821],[-104.87527944964722,39.719118000500785],[-104.875116,39.718842],[-104.874252,39.718329],[-104.870644,39.718314],[-104.87064434913474,39.71817632453813],[-104.8706436786382,39.718176320036996],[-104.87062500024844,39.710173999846226],[-104.86597100033963,39.71105300025764],[-104.86596700014167,39.70380700021951],[-104.86866199989294,39.70300800020419],[-104.86939300036214,39.70108899988335],[-104.87064799981465,39.70053500024762],[-104.87066200005836,39.69837699975706],[-104.86830100021791,39.69837100031756],[-104.86830899971552,39.70019199978604],[-104.86713600027878,39.700188000034586],[-104.86713299990572,39.69927999999715],[-104.86596399976862,39.69927899987326],[-104.86596200011878,39.696558999890286],[-104.87530900029445,39.69650500003792]],[[-104.87531799961698,39.69843799978866],[-104.87772799986121,39.69843799978866],[-104.87772000036361,39.69650799983882],[-104.87530900029445,39.69650500003792],[-104.87531799961698,39.69843799978866]]]},"properties":{"name":"Lowry","basis":"Shadowrun-Distrikt der Front Range Free Zone; aktuelle Gemeinde- bzw. Denver-Stadtteilgrenzen liefern die harte Linienbasis, Zwischenräume folgen der relativen SR6-Kartenlage","boundary_role":"lore-district","lore_source":"The Third Parallel, S. 12-50 und Denver-Karte (SR6)","source":"U.S. Census Bureau TIGERweb","source_url":"https://tigerweb.geo.census.gov/arcgis/rest/services/TIGERweb/Places_CouSub_ConCity_SubMCD/MapServer/4/query","boundary_review_status":"source-aligned","boundary_review_label":"Mit SR6-Distriktliste und geografischen Außenkanten abgeglichen"}},{"type":"Feature","geometry":{"type":"MultiPolygon","coordinates":[[[[-104.898767,39.747443],[-104.8987403988588,39.75041401495791],[-104.90069224209819,39.7510179345567],[-104.93974611060702,39.75103658225211],[-104.940621,39.751037],[-104.94061298541787,39.75621211834397],[-104.94057048140348,39.78365750492329],[-104.940617,39.772878],[-104.9610613155533,39.77290221703626],[-104.968476,39.772911],[-104.971916,39.770301],[-104.978415,39.775306],[-104.977798,39.776552],[-104.977998,39.779007],[-104.977208,39.780582],[-104.9761,39.782071],[-104.975613,39.78319],[-104.975394,39.784314],[-104.97539704593223,39.78460316050041],[-104.975409,39.785738],[-104.975156,39.786356],[-104.974364,39.787165],[-104.968754,39.79104],[-104.960191,39.791025],[-104.955429,39.794646],[-104.940476,39.79461],[-104.940487,39.790973],[-104.92695,39.791039],[-104.926981,39.783776],[-104.9035147581812,39.78382299247403],[-104.90355206665741,39.79733187710732],[-104.90356099981034,39.79839100025915],[-104.90355499165382,39.79839097796395],[-104.90355499172314,39.79839100306332],[-104.901419,39.798392],[-104.90141826597319,39.79905702829463],[-104.90151999963705,39.80422600028985],[-104.89616500029459,39.80422300034504],[-104.89619079934297,39.798389424514006],[-104.88447370951977,39.798383012973744],[-104.88440500039997,39.812814999874305],[-104.88458500032502,39.81281200030422],[-104.88458500032502,39.81297500021516],[-104.89712584450393,39.81296827555514],[-104.86616623934907,39.86920977280878],[-104.86456700002587,39.8706089999315],[-104.8116968790895,39.87073992198422],[-104.79098829716334,39.86461484845677],[-104.79110399959599,39.85883399984959],[-104.79095399980818,39.84180299985292],[-104.79082484390263,39.841802711690924],[-104.79082485068925,39.841803332901904],[-104.78647229925225,39.84181455723564],[-104.7865069995886,39.84431700018063],[-104.77947799959567,39.84440899993812],[-104.7757569998224,39.843894000278944],[-104.77401500029818,39.843872999677856],[-104.77418299962935,39.843432000055316],[-104.77504399979489,39.84289799997258],[-104.77517900041241,39.84222299986562],[-104.77594199977034,39.842112999847835],[-104.77605080156351,39.84180870862241],[-104.76231686316937,39.84180100104562],[-104.762315,39.841801],[-104.76227623777237,39.84538998471792],[-104.762276,39.845412],[-104.75306289476323,39.84535114376208],[-104.730938,39.845205],[-104.73084856005187,39.853102221901494],[-104.730361,39.896152],[-104.703277,39.895967],[-104.703149,39.906947],[-104.6921,39.90687],[-104.692013,39.914209],[-104.679537,39.914105],[-104.67964,39.907038],[-104.67808283350223,39.90702643348164],[-104.66657298620571,39.90694093918142],[-104.65916323325669,39.90688590008082],[-104.630905,39.906676],[-104.630905,39.899424],[-104.599538,39.899067],[-104.599767,39.881331],[-104.605111,39.881372],[-104.605217,39.873137],[-104.619111,39.873243],[-104.61943038633834,39.84813869247462],[-104.619701,39.826868],[-104.640312,39.826972],[-104.640309,39.822587],[-104.655359,39.822698],[-104.655477,39.813091],[-104.666156,39.813168],[-104.666038,39.822886],[-104.762493,39.823451],[-104.7626856517001,39.79843394507217],[-104.734372,39.798308],[-104.734596,39.769217],[-104.764573,39.769186],[-104.764548,39.771567],[-104.772184,39.771499],[-104.772157,39.77641],[-104.781561,39.776436],[-104.781577,39.772796],[-104.828163,39.772788],[-104.828173,39.769158],[-104.832869,39.769173],[-104.83287,39.766367],[-104.83759,39.76716],[-104.85639393168823,39.768568245973675],[-104.85633813978625,39.75815310740849],[-104.856338,39.758131],[-104.855482,39.75781],[-104.854314,39.758075],[-104.850778,39.756771],[-104.848219,39.756434],[-104.848013,39.755467],[-104.847739,39.755263],[-104.846869,39.755233],[-104.846864,39.754724],[-104.85631695276507,39.75472971676258],[-104.85631954715917,39.75472714831242],[-104.87990100027898,39.754734999976684],[-104.87993819799355,39.75085737184521],[-104.879941,39.747452],[-104.87997086553584,39.747451985722414],[-104.88207177040981,39.747450981359094],[-104.88466404901587,39.74744974208854],[-104.88466799916016,39.74605987533823],[-104.88915305532045,39.74744759606406],[-104.898767,39.747443]],[[-104.774227,39.798446],[-104.77492336161471,39.7984436792781],[-104.770552,39.798271],[-104.774227,39.798446]],[[-104.790966,39.812861],[-104.7908263439915,39.81956541944841],[-104.81238751444293,39.79821986070149],[-104.790819,39.798254],[-104.790966,39.812861]],[[-104.790819,39.798254],[-104.77610513482963,39.798439740854555],[-104.78863,39.798398],[-104.790819,39.798254]],[[-104.9405172034408,39.789008128579994],[-104.940548,39.788867],[-104.94055036106136,39.788319883915705],[-104.9405172034408,39.789008128579994]]],[[[-104.77263299972573,39.857026000009206],[-104.77206600018638,39.857027999814875],[-104.7720670000113,39.85647399969315],[-104.77263699992369,39.85647099996037],[-104.77263299972573,39.857026000009206]]],[[[-104.85169999991842,39.88189000014485],[-104.85020199989334,39.88189699968538],[-104.85018400035,39.8792070003345],[-104.85481300014443,39.87921100003159],[-104.85169999991842,39.88189000014485]]],[[[-104.85314299969191,39.88189699968538],[-104.8521779997693,39.88188799968517],[-104.85521300017751,39.87927399971051],[-104.85602800031229,39.87941200001966],[-104.85314299969191,39.88189699968538]]],[[[-104.85745699984209,39.877976000097206],[-104.85672899974594,39.87797299992567],[-104.86528500007628,39.87080100023393],[-104.86514199996114,39.87072399968521],[-104.8653318310379,39.87072556645363],[-104.86484278703792,39.871613968183716],[-104.85745699984209,39.877976000097206]]]]},"properties":{"name":"Stapleton","basis":"Shadowrun-Distrikt der Front Range Free Zone; aktuelle Gemeinde- bzw. Denver-Stadtteilgrenzen liefern die harte Linienbasis, Zwischenräume folgen der relativen SR6-Kartenlage","boundary_role":"lore-district","lore_source":"The Third Parallel, S. 12-50 und Denver-Karte (SR6)","source":"U.S. Census Bureau TIGERweb","source_url":"https://tigerweb.geo.census.gov/arcgis/rest/services/TIGERweb/Places_CouSub_ConCity_SubMCD/MapServer/4/query","boundary_review_status":"source-aligned","boundary_review_label":"Mit SR6-Distriktliste und geografischen Außenkanten abgeglichen"}},{"type":"Feature","geometry":{"type":"Polygon","coordinates":[[[-104.88427599963022,39.42429499986814],[-104.8864220002838,39.42294499991805],[-104.88818899992239,39.42082499978108],[-104.89038499990639,39.42084100020958],[-104.88710726451191,39.41964123167332],[-104.88722690563685,39.41949318019276],[-104.89690000006343,39.42308700005372],[-104.89685300020778,39.422351000260576],[-104.8970669995697,39.421995999793815],[-104.90001900013725,39.422881000114174],[-104.90292599960061,39.42290900020911],[-104.90529300018716,39.423910000029096],[-104.90539199992136,39.413724000087406],[-104.91459900035494,39.41340100021332],[-104.91462399957096,39.40976200031927],[-104.919235999647,39.409629000016835],[-104.91925200043883,39.40594799976104],[-104.92068199979353,39.40587600012149],[-104.9207289996492,39.40218400030103],[-104.91922999979921,39.402239000196346],[-104.91916399967697,39.38405599998314],[-104.9158661472683,39.384053174693065],[-105.15966326908617,39.08236322601284],[-105.37139546964745,39.04093204471178],[-105.37762818792106,39.134422818815786],[-105.38527192575407,39.2490788863109],[-105.16045226897329,39.49235388805129],[-105.1396296798137,39.50347709963862],[-104.97701032606332,39.540884246458965],[-104.83893315300728,39.47925491832876],[-104.88306374767944,39.42464493465628],[-104.88427599963022,39.42429499986814]]]},"properties":{"name":"The Gap","basis":"Shadowrun-Distrikt der Front Range Free Zone; aktuelle Gemeinde- bzw. Denver-Stadtteilgrenzen liefern die harte Linienbasis, Zwischenräume folgen der relativen SR6-Kartenlage","boundary_role":"lore-district","lore_source":"The Third Parallel, S. 12-50 und Denver-Karte (SR6)","source":"U.S. Census Bureau TIGERweb","source_url":"https://tigerweb.geo.census.gov/arcgis/rest/services/TIGERweb/Places_CouSub_ConCity_SubMCD/MapServer/4/query","boundary_review_status":"source-aligned","boundary_review_label":"Mit SR6-Distriktliste und geografischen Außenkanten abgeglichen"}},{"type":"Feature","geometry":{"type":"Polygon","coordinates":[[[-104.977208,39.780582],[-104.977998,39.779007],[-104.977798,39.776552],[-104.978415,39.775306],[-104.971916,39.770301],[-104.973347,39.769188],[-104.968476,39.772911],[-104.9610613155533,39.77290221703626],[-104.94061298541787,39.75621211834397],[-104.940621,39.751037],[-104.93974611060702,39.75103658225211],[-104.94614021952925,39.725602237872494],[-104.960171,39.725608],[-104.959459,39.724961],[-104.959321,39.696583],[-104.95343006489696,39.69660485296541],[-104.9539693905749,39.69445953526874],[-105.02470650479805,39.69252471266963],[-105.04873386813244,39.75597088077872],[-105.03426683358587,39.77808087697254],[-104.99219863549352,39.7983167589267],[-104.97539704593223,39.78460316050041],[-104.975613,39.78319],[-104.9761,39.782071],[-104.977208,39.780582]]]},"properties":{"name":"The Hub","basis":"Shadowrun-Distrikt der Front Range Free Zone; aktuelle Gemeinde- bzw. Denver-Stadtteilgrenzen liefern die harte Linienbasis, Zwischenräume folgen der relativen SR6-Kartenlage","boundary_role":"lore-district","lore_source":"The Third Parallel, S. 12-50 und Denver-Karte (SR6)","source":"U.S. Census Bureau TIGERweb","source_url":"https://tigerweb.geo.census.gov/arcgis/rest/services/TIGERweb/Places_CouSub_ConCity_SubMCD/MapServer/4/query","boundary_review_status":"source-aligned","boundary_review_label":"Mit SR6-Distriktliste und geografischen Außenkanten abgeglichen"}},{"type":"Feature","geometry":{"type":"MultiPolygon","coordinates":[[[[-104.88365399983928,39.89247600015425],[-104.88534100001026,39.89235700003767],[-104.88399899962077,39.89449600002511],[-104.88011600036414,39.899627000207964],[-104.87525428975272,39.89961521286072],[-104.87475087540102,39.898965452137396],[-104.87473699983391,39.896085000144346],[-104.87695600028245,39.89608800021253],[-104.87891799991472,39.89461800000661],[-104.88175199958316,39.896086000167074],[-104.88207200014863,39.896086000167074],[-104.87974899994302,39.89488999975986],[-104.88183100012418,39.89361800024961],[-104.88365700021232,39.893951999758016],[-104.88365399983928,39.89247600015425]]],[[[-105.0116336547361,39.867128359561256],[-105.01544999976211,39.86715899972017],[-105.01547991683684,39.875152669950346],[-105.02026135235042,39.88512799707611],[-105.0155180004325,39.885126000275136],[-105.01553199977789,39.89965700002238],[-105.00803400015488,39.899711999762985],[-105.00802599975897,39.90058700016105],[-105.00755499958079,39.90058199968642],[-105.00755600030399,39.899711999762985],[-104.99663199956223,39.89972400008896],[-104.99664699963083,39.911424000134296],[-104.99264800002324,39.91142199984747],[-104.99266300009187,39.91333000028309],[-104.99319799984416,39.91333000028309],[-104.9932020000421,39.91404600005997],[-104.96845299984128,39.91404999979135],[-104.9898700004313,39.91406399988282],[-104.98822316437113,39.91822717102235],[-104.98777926516135,39.92107850593499],[-104.98815899997088,39.96846599980462],[-104.98815898422163,39.96846833999564],[-104.98810799991726,39.9684679998016],[-104.98810799991726,39.97217499998643],[-104.99367095177071,39.97215885212805],[-104.9920138498165,39.97578238173459],[-104.98778400005216,39.975745999820155],[-104.98774600041732,39.98648300016611],[-104.98676800007593,39.98910700021497],[-104.98160700000392,39.99865699984573],[-104.98094400020511,40.00032499979456],[-104.96140499958175,40.000336999686176],[-104.96144364609067,40.000356468397584],[-104.92331399979561,40.000417999931614],[-104.92330999959766,39.99936999970799],[-104.92275700030203,39.99936899981767],[-104.92275599957878,39.99913100003451],[-104.92213399978785,39.99913100003451],[-104.9218769998699,39.98647699969168],[-104.9071679997808,39.986397000198316],[-104.90333099965656,39.98653199989132],[-104.90332900000675,39.98627900025832],[-104.89781800013037,39.98652500003108],[-104.88439700000406,39.98668299984876],[-104.88423799999539,39.96484400016072],[-104.8937500000275,39.964783000091266],[-104.89379500023333,39.9600189997683],[-104.88470900017357,39.95701600004334],[-104.8843169996381,39.95675400012414],[-104.8843169996381,39.955146000123605],[-104.88477199992276,39.95530800026383],[-104.88469599975478,39.95543199972932],[-104.88577100018055,39.955611999797306],[-104.89375900024831,39.958689000076895],[-104.89375699970019,39.95759900033283],[-104.90304199995157,39.95756700010684],[-104.90315199955643,39.95032000000282],[-104.90377000004771,39.95031900008324],[-104.90372200036715,39.95015799975501],[-104.90315400010455,39.95015499998912],[-104.90303299973074,39.947920000099636],[-104.90225399958099,39.947716000091994],[-104.90068100011113,39.94825399998037],[-104.90068899960876,39.949723999887006],[-104.90033200013168,39.94972499981529],[-104.90032899975864,39.95016499989695],[-104.8937090000196,39.95017700033527],[-104.89368399990525,39.94310700012323],[-104.89161099994492,39.943195000201385],[-104.89164000025721,39.950346999892034],[-104.88414099991101,39.95036399989332],[-104.88428300020124,39.94313800020283],[-104.88223399963202,39.94313400010445],[-104.88107500043897,39.94238699967784],[-104.88066899965979,39.94178999996526],[-104.87949200002507,39.941121000144655],[-104.8780219995891,39.93952800020981],[-104.8795790000637,39.93952000027956],[-104.87958300026166,39.93771299973107],[-104.88029600028919,39.93770900000433],[-104.88030100031207,39.935898000017794],[-104.88410900012396,39.93587999973521],[-104.8841340002383,39.928680000226926],[-104.89365200011821,39.928532000294524],[-104.89366956383518,39.92338394684268],[-104.89366956383518,39.92338394684267],[-104.88095499571041,39.90697315729375],[-104.8908989997423,39.907034000233196],[-104.89355400020891,39.90687700020594],[-104.8935609998816,39.90335600033581],[-104.8973899996099,39.90336600019065],[-104.89701200021644,39.902357999764085],[-104.89709400023219,39.90182899965603],[-104.89838700021785,39.900578999814975],[-104.89833531845,39.892527558387854],[-104.89833500033933,39.89247800030505],[-104.88556199994318,39.892475000078846],[-104.89211200026034,39.881493999665445],[-104.89501500042407,39.87808000021635],[-104.8947359998665,39.878073999882346],[-104.89214200039756,39.880972999699246],[-104.88976499976529,39.885111000291154],[-104.87964900038392,39.885130999809526],[-104.88020523817603,39.88442137268529],[-104.91448754749057,39.86260013727569],[-104.91486499959541,39.862602000000855],[-104.91485600027288,39.86441500015544],[-104.9148564454861,39.864414997908725],[-104.91723399983177,39.86440299985399],[-104.91891000013207,39.863488000337696],[-104.91966400016749,39.862582000117996],[-104.92002999986538,39.86167499982255],[-104.91593837670968,39.86167666139084],[-104.91958800252522,39.85935361648312],[-104.9197933093824,39.858053675588835],[-104.92163880553761,39.85804824773151],[-104.9243222542982,39.85634018989395],[-104.92920299996376,39.85634200029401],[-104.92914299968932,39.85802800017452],[-104.93153200001714,39.85802100026676],[-104.93156800000216,39.856927999804995],[-104.93516400010193,39.857394999719624],[-104.93663700001265,39.85528700002711],[-104.93597400021383,39.856162999804674],[-104.93165800041385,39.85625799997995],[-104.92209399960488,39.8560110000782],[-104.92209000030523,39.85481900031532],[-104.92226100000944,39.85454900009093],[-104.92304699983193,39.854772999841316],[-104.92374399996592,39.85321099978004],[-104.92445500034363,39.85265200004835],[-104.92501400038536,39.85265200004835],[-104.92500799963929,39.850987000325794],[-104.92680600013833,39.849594000335266],[-104.92680500031341,39.849387999802474],[-104.92798199994813,39.849387999802474],[-104.92797299972729,39.84793299968619],[-104.9287469998542,39.84698799980104],[-104.9295229996309,39.84672500018013],[-104.93021899993998,39.84546299972906],[-104.93018999962769,39.84565600011516],[-104.93151199992568,39.845789000129855],[-104.93149000018435,39.84282300005845],[-104.9328669998356,39.842825000277934],[-104.93286799966052,39.84188800004642],[-104.93339400009032,39.84197200001257],[-104.93341199963365,39.840062000169304],[-104.93446799979284,39.839138000228665],[-104.93783200008903,39.839150000119496],[-104.93783799993683,39.838160999843176],[-104.93623600015466,39.83815600033422],[-104.93625000039836,39.83573300013832],[-104.93941899980256,39.833206000308294],[-104.94245400021079,39.831195999933385],[-104.94260599964845,39.83087300008864],[-104.94435700029182,39.83088000000528],[-104.9454689996292,39.83399199970599],[-104.94894398151303,39.84066806871868],[-104.98726028753039,39.81627913021516],[-105.00465938595472,39.852578207758576],[-105.00596000036961,39.85257199991668],[-105.00597087451095,39.85531431647171],[-105.0116336547361,39.867128359561256]],[[-104.88599399976331,39.9293630001493],[-104.88598999956537,39.92875999975929],[-104.88434599995041,39.92881700002346],[-104.88435599999616,39.929369000126485],[-104.88599399976331,39.9293630001493]],[[-104.88686499997459,39.93669600021293],[-104.88686599979951,39.93587200006725],[-104.88663099962288,39.93587300019798],[-104.88662300012525,39.934060999685705],[-104.88440700004979,39.934065999782796],[-104.88438399958525,39.93670100011751],[-104.88686499997459,39.93669600021293]],[[-104.88568699961667,39.9392899999905],[-104.88568699961667,39.938424999708914],[-104.88438500030848,39.93842599980234],[-104.88438500030848,39.93929100007134],[-104.88568699961667,39.9392899999905]],[[-104.8857810002263,39.94426199997705],[-104.88577600020344,39.94320299970198],[-104.88444300003478,39.943204999749156],[-104.88444800005766,39.94426299998522],[-104.8857810002263,39.94426199997705]],[[-104.89840700030933,39.943012999773885],[-104.89840499976121,39.9423830002243],[-104.89691000010919,39.94238699967784],[-104.89690900028427,39.94301799990559],[-104.89840700030933,39.943012999773885]],[[-104.89718399974556,39.928483999875354],[-104.89761885895608,39.92848133202005],[-104.89718399974556,39.92792005593759],[-104.89718399974556,39.928483999875354]],[[-104.8993060001097,39.986313999678494],[-104.89929600006398,39.98509799987369],[-104.89757200008309,39.98632100024866],[-104.8993060001097,39.986313999678494]],[[-104.90380299965967,39.9432230001712],[-104.90324500034117,39.94326899985082],[-104.90337900023546,39.94947200027729],[-104.90458000015963,39.94946899979264],[-104.90455900024324,39.94409299977199],[-104.90380299965967,39.9432230001712]],[[-104.93237631933575,39.973343049850236],[-104.92993600008278,39.97189999996558],[-104.92105099986449,39.97186100025107],[-104.92106900030613,39.97298200013621],[-104.9220020004417,39.97297500026458],[-104.92202900020587,39.97766999967964],[-104.9200950001627,39.97749800016531],[-104.91896100018567,39.977896999716705],[-104.9175469998262,39.97801400016303],[-104.91626100041155,39.979124000327374],[-104.90329300002173,39.97913899968524],[-104.90332800018184,39.98614099981329],[-104.92263299955515,39.986024000205184],[-104.94233116201919,39.986191840832944],[-104.93511949790671,39.976883691245334],[-104.93458800034176,39.976765000227026],[-104.93481003896704,39.97648427024391],[-104.93237631933575,39.973343049850236]],[[-104.91857399967309,39.97428199975936],[-104.91856299980243,39.971854000264635],[-104.91260900023526,39.97185899966492],[-104.91262000010593,39.97428699967047],[-104.91857399967309,39.97428199975936]],[[-104.92203000003079,39.952011000118894],[-104.91587780367206,39.95204829050257],[-104.91402056693819,39.949651140958586],[-104.91401721878209,39.94975930153842],[-104.91392999981002,39.94965200019163],[-104.91394599970356,39.95205999976979],[-104.92171899968616,39.95203499965719],[-104.92203000003079,39.952011000118894]],[[-104.91909099988204,39.95917999997237],[-104.92057899986136,39.95917000000548],[-104.92058823676386,39.958128082234005],[-104.92006591358984,39.95745391575023],[-104.9191029995776,39.957410000266094],[-104.91909099988204,39.95917999997237]],[[-104.9208070003653,39.957449999777296],[-104.92077600040317,39.961802000324816],[-104.92203599987856,39.9618099997151],[-104.92206400036598,39.957441000061486],[-104.92204752566089,39.96001159748558],[-104.92080022131464,39.95840169230209],[-104.9208070003653,39.957449999777296]],[[-104.93243300036566,39.988894000179144],[-104.93318700040106,39.98809299968298],[-104.93439300034811,39.98822900020749],[-104.9351890002163,39.98783600008815],[-104.93529299997338,39.987456999992595],[-104.9351259995688,39.987214000339634],[-104.93375599959023,39.98655799985762],[-104.92215499970426,39.98641400018452],[-104.92220599975788,39.9935890001013],[-104.92862100035582,39.993599999825335],[-104.9302259996127,39.99303400002384],[-104.93104499994543,39.992399000219116],[-104.93106699968675,39.99164499970864],[-104.93148799963622,39.99161900030201],[-104.93148500016147,39.98923499978775],[-104.93243300036566,39.988894000179144]],[[-104.92917899967433,39.85265200004835],[-104.92918271812202,39.85324642732602],[-104.9301089054026,39.85265689438361],[-104.92917899967433,39.85265200004835]],[[-104.9316409997971,39.85147600031021],[-104.93163499994931,39.850530000233434],[-104.93023800020656,39.850540000207616],[-104.93024499987928,39.851470999701796],[-104.9316409997971,39.85147600031021]],[[-104.93163099975133,39.84898399980165],[-104.93163099975133,39.84876499989661],[-104.93070600001171,39.84876399987337],[-104.93071000020969,39.84897799968126],[-104.93163099975133,39.84898399980165]],[[-104.93881999957785,39.98706300017931],[-104.9401100000888,39.98728500033611],[-104.94031299958006,39.993607000337036],[-104.94071299961315,39.99709699985049],[-104.9313040004115,39.99706299968582],[-104.93125699965753,40.00026000023027],[-104.95320089756736,40.00022149097783],[-104.9480174121905,39.99353112707282],[-104.95926200019953,39.993553000303706],[-104.94178300001606,39.99351899975105],[-104.94117799994355,39.98878400009768],[-104.94118200014152,39.98657800003676],[-104.93882999962362,39.98656200016926],[-104.93881999957785,39.98706300017931]],[[-104.95657300029605,39.9569260001948],[-104.95582000008554,39.950371999933004],[-104.95656499990011,39.95733699989283],[-104.95657300029605,39.9569260001948]],[[-104.97815300019435,39.98633500001028],[-104.97358499960097,39.98645800025068],[-104.97800000003349,39.98645299985349],[-104.97815300019435,39.98633500001028]]],[[[-104.98815899997088,39.96846599980462],[-104.99533703900039,39.96851567471915],[-104.99533700774013,39.968515743074924],[-104.98815899997088,39.96846599980462]]],[[[-104.878140094314,39.903339942703674],[-104.87839700040611,39.90334100020624],[-104.87829559650542,39.903540650562],[-104.878140094314,39.903339942703674]]],[[[-104.88133900002961,39.90333799976646],[-104.879416999682,39.903357000252434],[-104.8794262613249,39.905000008223276],[-104.87846263044236,39.90375624253174],[-104.87909100016707,39.90230300007988],[-104.88137099981667,39.90231400002023],[-104.88133900002961,39.90333799976646]]],[[[-104.88419500033768,39.89463600010977],[-104.88423700017047,39.89970400000397],[-104.88030100031207,39.89971099979317],[-104.88419500033768,39.89463600010977]]],[[[-104.88700300006687,39.88786599996732],[-104.88686599979951,39.887836999959575],[-104.88731900043436,39.8870579998671],[-104.8841969999875,39.88705500009298],[-104.88419500033768,39.88570800001471],[-104.88392400017602,39.88570299983309],[-104.88391900015316,39.885384000037405],[-104.88961499997747,39.88537899983215],[-104.88789500019452,39.888239999918596],[-104.88690599998249,39.888068999678005],[-104.88700300006687,39.88786599996732]]],[[[-104.88520899976575,39.890322999734295],[-104.88539700008674,39.88983500032086],[-104.88692000022618,39.889817999760325],[-104.88605900006065,39.89119699998665],[-104.88451300035501,39.89097400001353],[-104.88520899976575,39.890322999734295]]],[[[-104.95334462506234,40.00040700114611],[-104.96153799965114,40.00040400030384],[-104.96142659379224,40.01083845950677],[-104.95334462506234,40.00040700114611]]],[[[-104.99702499992262,39.943238999853655],[-104.99705599988474,39.9467719998192],[-104.99811301496916,39.9467757876299],[-104.99812299991461,39.94795799974355],[-104.9970659999305,39.947954999881134],[-104.99702499992262,39.943238999853655]]],[[[-104.99706799958032,39.96415799995712],[-104.99705900025779,39.961264000276714],[-104.99864850752633,39.96127459687576],[-104.99732939444085,39.96415905748934],[-104.99706799958032,39.96415799995712]]],[[[-105.00610699978442,39.90491099985472],[-105.00731299973144,39.90490700027877],[-105.00731299973144,39.90546199984721],[-105.00611799965507,39.90546199984721],[-105.00610699978442,39.90491099985472]]],[[[-105.01495623596881,39.925615030681534],[-105.01366472588056,39.92843913274118],[-105.01298900036258,39.92844399995961],[-105.01343000040353,39.92795499968557],[-105.01420399963213,39.926379999868004],[-105.01495623596881,39.925615030681534]]],[[[-105.01527833193319,39.92491071417275],[-105.01497299973614,39.92547899985597],[-105.01410999992079,39.92635100031454],[-105.01409300020234,39.92491399974015],[-105.01527833193319,39.92491071417275]]]]},"properties":{"name":"Thornton","basis":"Shadowrun-Distrikt der Front Range Free Zone; aktuelle Gemeinde- bzw. Denver-Stadtteilgrenzen liefern die harte Linienbasis, Zwischenräume folgen der relativen SR6-Kartenlage","boundary_role":"lore-district","lore_source":"The Third Parallel, S. 12-50 und Denver-Karte (SR6)","source":"U.S. Census Bureau TIGERweb","source_url":"https://tigerweb.geo.census.gov/arcgis/rest/services/TIGERweb/Places_CouSub_ConCity_SubMCD/MapServer/4/query","boundary_review_status":"source-aligned","boundary_review_label":"Mit SR6-Distriktliste und geografischen Außenkanten abgeglichen"}},{"type":"Feature","geometry":{"type":"Polygon","coordinates":[[[-105.13401799990247,39.88993200027611],[-105.1335550001202,39.89078499996905],[-105.13253699959581,39.8907299999567],[-105.13228100040111,39.88999900020055],[-105.13173300023001,39.88979000000365],[-105.13225000043896,39.889943000134465],[-105.1325500000146,39.889175999954105],[-105.13143299975604,39.889175999954105],[-105.13109700019537,39.889985000016],[-105.13020900026565,39.890579999823984],[-105.12982500012609,39.89037800007321],[-105.12976526780464,39.89037639437179],[-105.12972300001886,39.890356999911404],[-105.12889500036361,39.890353000175274],[-105.12894100039436,39.89459799980985],[-105.12872299993616,39.89459899985432],[-105.1286779997303,39.8999849999396],[-105.12891799992983,39.8999849999396],[-105.12891799992983,39.90025499983213],[-105.12876399994403,39.90023699982645],[-105.12866799968457,39.906424999667756],[-105.12845400032263,39.90642299992405],[-105.12781499991495,39.907131999826426],[-105.12335199980186,39.90707400025289],[-105.1221099998698,39.90673599976503],[-105.12009399981088,39.905675999905185],[-105.12353099990202,39.90210600009691],[-105.12292300035479,39.901411999734144],[-105.12040599998042,39.90196400023719],[-105.11842199970854,39.90192499992817],[-105.11786299966678,39.90252900019178],[-105.1185959997858,39.903226999941275],[-105.11773200014552,39.90420199970814],[-105.11574500039892,39.903157000095675],[-105.11376299977685,39.901734999819205],[-105.11418399972635,39.90006399995192],[-105.10941199981676,39.900066999845905],[-105.10210699963929,39.899766000179596],[-105.09995599986114,39.89822900021498],[-105.09636700033236,39.89824500007649],[-105.09632299995143,39.897307999821855],[-105.09557899996177,39.89731799987017],[-105.095236999655,39.89771699991697],[-105.09083700018942,39.89563200005904],[-105.09087599964917,39.89419299991113],[-105.08944399974632,39.89417499969162],[-105.08796099978987,39.896768999884586],[-105.08774900007776,39.89813600025669],[-105.08429299972006,39.89815400012508],[-105.08428500022247,39.898956999781085],[-105.08105599964549,39.89898000002572],[-105.08105499982058,39.89982099983265],[-105.07168799955342,39.89983200017151],[-105.07177499959207,39.90701799966756],[-105.0623920003297,39.90702500008776],[-105.0623856765515,39.912527995397],[-105.05886099962893,39.91243800024099],[-105.05886109404388,39.91247730344594],[-105.05529399984147,39.91242600007473],[-105.05531899995582,39.91372499966813],[-105.0529790000318,39.91372199968312],[-105.05297099963586,39.91422399993791],[-105.03434699960474,39.91418099999428],[-105.03440000020647,39.92137099975603],[-105.02354800033305,39.92131699983413],[-105.02354499996001,39.919224999703374],[-105.02155200036559,39.91920699985899],[-105.02153599957377,39.92135899977705],[-105.01546900002867,39.92130899984207],[-105.01550002412905,39.924910099674186],[-105.01527833193319,39.92491071417275],[-105.01409300020234,39.92491399974015],[-105.01410999992079,39.92635100031454],[-105.01497299973614,39.92547899985597],[-105.01502316223802,39.92546868523953],[-105.0155040532552,39.92537777755373],[-105.01497199991124,39.92559899990819],[-105.01495623596881,39.925615030681534],[-105.01420399963213,39.926379999868004],[-105.01343000040353,39.92795499968557],[-105.01298900036258,39.92844399995961],[-105.01366472588056,39.92843913274118],[-105.01548800029526,39.9284259997832],[-105.01565700034966,39.943131000030554],[-104.99702499992262,39.943238999853655],[-104.9970659999305,39.947954999881134],[-104.99812299991461,39.94795799974355],[-104.99811301496916,39.9467757876299],[-105.00626499996817,39.946805000246165],[-105.00629799958011,39.95043899997015],[-105.01099199967189,39.950473999840156],[-105.01099500004494,39.95134400019888],[-105.01253300025299,39.95034400013444],[-105.01554000017381,39.951643999846475],[-105.01685599972569,39.95284199997477],[-105.01640999966185,39.95410099979135],[-105.01556500028816,39.9551879999673],[-105.01233099968832,39.95574800023836],[-105.01168299995811,39.95604600017824],[-105.01162900042974,39.956454000166616],[-105.01378299968263,39.956335000335365],[-105.01382399969052,39.95675999976555],[-105.01472900023698,39.956707999871796],[-105.0146249995816,39.95564699977464],[-105.01553400032603,39.95547099986458],[-105.01548200044748,39.9578899997421],[-105.00998300026667,39.957815000261256],[-105.00999300031242,39.95893999967437],[-105.00914100036772,39.958935999811466],[-105.00914600039059,39.95950799986661],[-105.00867400038749,39.95951199969606],[-105.00871500039537,39.964940999922106],[-104.99707099995338,39.9648510001765],[-104.99711799980902,39.96852799968361],[-104.99533703900039,39.96851567471915],[-104.98815899997088,39.96846599980462],[-104.98777926516135,39.92107850593499],[-104.98822316437113,39.91822717102235],[-104.9898700004313,39.91406399988282],[-104.9932020000421,39.91404600005997],[-104.99319799984416,39.91333000028309],[-104.99266300009187,39.91333000028309],[-104.99264800002324,39.91142199984747],[-104.99664699963083,39.911424000134296],[-104.99663199956223,39.89972400008896],[-105.00755600030399,39.899711999762985],[-105.00755499958079,39.90058199968642],[-105.00802599975897,39.90058700016105],[-105.00803400015488,39.899711999762985],[-105.01553199977789,39.89965700002238],[-105.0155180004325,39.885126000275136],[-105.02026135235042,39.88512799707611],[-105.01547991683684,39.875152669950346],[-105.01544999976211,39.86715899972017],[-105.0116336547361,39.867128359561256],[-105.00597087451095,39.85531431647171],[-105.00596000036961,39.85257199991668],[-105.00465938595472,39.852578207758576],[-104.98726028753039,39.81627913021516],[-104.99219863549352,39.7983167589267],[-105.03426683358587,39.77808087697254],[-105.04963002236323,39.80087640486342],[-105.04925400006057,39.80087799975221],[-105.04925999990836,39.8019290000766],[-105.04393599962974,39.80193100010657],[-105.0439470003987,39.802883000170446],[-105.04049900043694,39.80287400015974],[-105.04051299978232,39.80445999972383],[-105.04154200017733,39.80452499965528],[-105.0434269998167,39.8043770001042],[-105.0500239999895,39.80302300018457],[-105.05002300016459,39.8032119997515],[-105.04402500021651,39.804447999984546],[-105.04410999970699,39.81744999967036],[-105.04576599991582,39.81729399994283],[-105.04603299987953,39.817549999910995],[-105.04873299965367,39.818236999721144],[-105.04887999996676,39.818980000336595],[-105.04925099968752,39.819210000174806],[-105.05055000041929,39.819075999978665],[-105.05138499974724,39.81960899992211],[-105.0513859754407,39.82003545304234],[-105.05138599957213,39.82004600033847],[-105.05327000028491,39.820027999979935],[-105.05328199998048,39.82116299998753],[-105.05563699997313,39.82117199967381],[-105.05563600014823,39.82185000024649],[-105.05587899982247,39.821851999696875],[-105.05589200024127,39.82254199980226],[-105.055205000153,39.82254100008709],[-105.05519500010726,39.821851999696875],[-105.05328100015556,39.82185899984274],[-105.05327100010983,39.823666000235846],[-105.05656799956054,39.82367399989562],[-105.05656801149595,39.82366319533934],[-105.05657000010868,39.8218630001229],[-105.06148000011055,39.821851999696875],[-105.06148099993544,39.82131899990187],[-105.06218100044251,39.82131800016895],[-105.06217899989437,39.82097900016407],[-105.0626800002098,39.8209710001906],[-105.06266767631033,39.82365800611598],[-105.06265099989746,39.82729399976205],[-105.0720449999288,39.82730899996977],[-105.07210000018038,39.83089800028039],[-105.06271000034701,39.83090399991113],[-105.06273399973814,39.83824699989278],[-105.06223800034391,39.83826699996907],[-105.06216899984861,39.8372149997772],[-105.06137700017838,39.83629599980365],[-105.06014399956884,39.83707899981928],[-105.05841200009036,39.83760800007951],[-105.05838600015109,39.838157999999915],[-105.05679400041468,39.83815699982219],[-105.05679600006451,39.839931999863175],[-105.05325900041427,39.83992699979342],[-105.05318800026916,39.84964900023571],[-105.05290000038906,39.852041999792775],[-105.06474599959911,39.856547000045936],[-105.08183200032052,39.85643900004436],[-105.08190099991751,39.851614999974565],[-105.08349299965388,39.851586999791905],[-105.08741099996895,39.85249700022577],[-105.08738500002968,39.85217499984933],[-105.08783500029148,39.851725999921136],[-105.09119799986443,39.85132199988699],[-105.09335899968833,39.85197500002445],[-105.10059500026883,39.85293800023923],[-105.10059000024596,39.85638599989205],[-105.10530699990396,39.85642100025748],[-105.10527299956875,39.85888399986324],[-105.10591100015154,39.85813100031059],[-105.10700300029575,39.857785000004],[-105.10741199965135,39.85735499967122],[-105.10766862913675,39.85658269966056],[-105.10772047710778,39.85657125603918],[-105.10771899979801,39.856595999747945],[-105.10836499987839,39.85642900023996],[-105.10896800030106,39.856031999724706],[-105.10929299999106,39.855530000077565],[-105.10959154666885,39.85432693793916],[-105.11031909191769,39.85359641473391],[-105.11654840581504,39.851619601765044],[-105.11963936805246,39.8516912440828],[-105.12494600008641,39.852915999683354],[-105.13005399955664,39.852955000287835],[-105.12975599963082,39.852266000138826],[-105.1311280001575,39.852130000336075],[-105.13643300016956,39.85294200008881],[-105.13831899963385,39.85300499975721],[-105.1383710004107,39.85495600024008],[-105.14092100039703,39.854947000152734],[-105.14091499965093,39.85662200013852],[-105.14191599955853,39.85665599978573],[-105.14196999998522,39.85896699984683],[-105.14295800037236,39.85896199978418],[-105.14295300034948,39.85668499987719],[-105.14515600000617,39.85668200015363],[-105.14518199994544,39.85915600001651],[-105.14086000029765,39.861641999739305],[-105.14253400004982,39.86149399977685],[-105.14425800003073,39.860862999956716],[-105.14452599981932,39.86146899969114],[-105.14395444335551,39.862036436318476],[-105.14300000020515,39.86298399974661],[-105.14357299959228,39.86361699967228],[-105.14531699966466,39.86390499997349],[-105.14764900009109,39.863897999975684],[-105.14764400006821,39.863078000318254],[-105.14913799989532,39.863076999814055],[-105.14913799989532,39.86362600000164],[-105.15311800013467,39.86341499978357],[-105.15304000031686,39.86462699984846],[-105.1526849995913,39.86463999990263],[-105.1526849995913,39.86560100005659],[-105.15232899993914,39.86560100005659],[-105.15231300004564,39.86739899984609],[-105.14777999961234,39.867531000040096],[-105.14775799987103,39.86976699983615],[-105.14909000021474,39.871025000022414],[-105.16540899958365,39.870526999947394],[-105.16542600020037,39.87069900020478],[-105.16406600026758,39.87071599999035],[-105.1640899996587,39.87288000030112],[-105.16545299996457,39.87286600006805],[-105.16555699972164,39.89098799999614],[-105.16514199961995,39.890999999781954],[-105.16514300034316,39.891237000291405],[-105.16441699989684,39.89116599982056],[-105.1644228144822,39.891400527757106],[-105.1474399998537,39.88945000017525],[-105.1474399998537,39.889297000322635],[-105.146988999767,39.88921200025695],[-105.13485200030382,39.8892919997135],[-105.13485686034473,39.88929527163156],[-105.1346050004316,39.889297000322635],[-105.13455000018001,39.889829999750965],[-105.13401799990247,39.88993200027611]],[[-105.00867400038749,39.95951199969606],[-105.0086619997936,39.95778399994686],[-105.0040070000599,39.95778000001634],[-105.0040079998848,39.9597570003375],[-105.00516399960311,39.95976199993392],[-105.00515199990754,39.960688999770234],[-105.00402999962611,39.96070399973109],[-105.00403899984694,39.96129900011551],[-105.00630400032622,39.9613139999426],[-105.00634199996104,39.959503000251615],[-105.00867400038749,39.95951199969606]],[[-104.99975900003194,39.961282000078036],[-104.99864850752633,39.96127459687576],[-104.99705900025779,39.961264000276714],[-104.99706799958032,39.96415799995712],[-104.99732939444085,39.96415905748934],[-104.99978699962104,39.9641690002887],[-104.99975900003194,39.961282000078036]],[[-105.00610699978442,39.90491099985472],[-105.00611799965507,39.90546199984721],[-105.00731299973144,39.90546199984721],[-105.00731299973144,39.90490700027877],[-105.00610699978442,39.90491099985472]],[[-105.02485700021225,39.90925100027507],[-105.02357599992214,39.90925500028644],[-105.02357699974706,39.90983199999813],[-105.02487300010579,39.90983199999813],[-105.02485700021225,39.90925100027507]],[[-105.07542500011851,39.870967999927096],[-105.07493725466341,39.870928530956576],[-105.07182399999587,39.87104100002854],[-105.07475797808372,39.87103442822023],[-105.0767349998226,39.87102999989544],[-105.07671504040992,39.86987840691776],[-105.0754281175587,39.87063858211031],[-105.07542500011851,39.870967999927096]],[[-105.08080100027568,39.871100000148225],[-105.08101800001064,39.87114899980008],[-105.08108300030797,39.87094200014609],[-105.08154600009024,39.87094099975651],[-105.08161700023537,39.86840799976879],[-105.07971199960618,39.86842200022227],[-105.07971418844052,39.868106833797064],[-105.07684600015068,39.86970399969754],[-105.07701065002018,39.869703792649176],[-105.07843600023729,39.869702000261285],[-105.07843299986423,39.870350999734576],[-105.07999299981358,39.870340999889166],[-105.07997299972209,39.87094400023567],[-105.08083800008559,39.87094799972519],[-105.08080100027568,39.871100000148225]],[[-105.08872499987102,39.870999000263005],[-105.0815429997172,39.871015999974226],[-105.08153600004452,39.87222800020223],[-105.0786129997893,39.872929999731404],[-105.07859600007086,39.87332199998598],[-105.08163200030397,39.87329599971835],[-105.08158100025035,39.87490199981839],[-105.08187099978026,39.87490599976655],[-105.08175100012967,39.87533700005179],[-105.083463000415,39.87527499984005],[-105.08382900011287,39.87546500022269],[-105.0839510003116,39.877226000016805],[-105.08137899968567,39.877278000320075],[-105.08134900044676,39.87897099987086],[-105.08380499982344,39.878980000253925],[-105.08377100038655,39.87994100012563],[-105.08472500043851,39.87994799986512],[-105.08472799991324,39.88028199980043],[-105.08695700040752,39.880806999795354],[-105.08902600016991,39.878980000253925],[-105.0885900001518,39.87897899998164],[-105.08859299962656,39.878080999812404],[-105.08836599984582,39.87808000021635],[-105.08837599989155,39.87760300028828],[-105.08934400018722,39.87758800003727],[-105.0894699996856,39.878080999812404],[-105.09002399970447,39.87808299969376],[-105.09075699982347,39.877176000271305],[-105.09000199996315,39.87687800026003],[-105.08994400023684,39.876620999821164],[-105.09104600042679,39.87637299983384],[-105.09117699994805,39.875863000305124],[-105.09094400031957,39.873137000280394],[-105.0901469997281,39.87218399973121],[-105.08872499987102,39.870999000263005]],[[-105.08872499987102,39.870999000263005],[-105.08976799961144,39.870992000299594],[-105.08231111814266,39.86657284787516],[-105.08194128441201,39.86679130574708],[-105.08872499987102,39.870999000263005]],[[-105.08628200001482,39.885335999706285],[-105.08628200001482,39.88588500028107],[-105.08485099993689,39.88588199976631],[-105.08485299958673,39.885330000007215],[-105.08303800026754,39.88529899994509],[-105.08276399973285,39.8856900003242],[-105.08236000040012,39.885712000021904],[-105.0818230000997,39.88542099975268],[-105.08200800004761,39.88562600016091],[-105.07877799964572,39.88852200012123],[-105.08115699992783,39.88851499987851],[-105.08113600001143,39.890160000049676],[-105.08156799983156,39.890290000336876],[-105.08153600004452,39.8923439997228],[-105.08616200036421,39.89243599988327],[-105.0863220001978,39.88780299991111],[-105.08710600037043,39.88780500019826],[-105.08705299976867,39.887101999756034],[-105.08865799992387,39.88711099976114],[-105.08860299967229,39.88894899979163],[-105.09050300027857,39.88893700033599],[-105.09048300018709,39.88983799997334],[-105.09098899962707,39.8898359997455],[-105.09092400022806,39.89245800017306],[-105.09324200041078,39.8924840000678],[-105.0933079996347,39.88995999997473],[-105.09448799964247,39.88990299976381],[-105.09450400043431,39.88895499986327],[-105.09336999955899,39.888957000116825],[-105.09340399989419,39.88723500009455],[-105.09254100007882,39.88722399980162],[-105.09248800037537,39.88895599999004],[-105.09186499986122,39.88895899968103],[-105.09186900005919,39.8879279998239],[-105.09103700020596,39.88793000010736],[-105.09110199960499,39.88535100033036],[-105.08628200001482,39.885335999706285]],[[-105.08046399999179,39.88308599990079],[-105.08045700031907,39.88345200014593],[-105.08122800007294,39.88345999973394],[-105.08125999986,39.88312199995501],[-105.08046399999179,39.88308599990079]],[[-105.08112099994281,39.892534999753174],[-105.08109500000354,39.89418999976],[-105.08234699998133,39.89417899989396],[-105.08237600029365,39.89260400003747],[-105.08112099994281,39.892534999753174]],[[-105.08129099982212,39.88069600001334],[-105.08127900012657,39.881672000014184],[-105.0820769996446,39.881676999800426],[-105.08207599981968,39.88202200002622],[-105.08127300027877,39.88202800001483],[-105.08125800021017,39.88303999976566],[-105.08243800021793,39.88313000027085],[-105.08242800017217,39.88359099983452],[-105.08122700024802,39.88352500005716],[-105.08121999967702,39.88456800017792],[-105.0828659998401,39.88443100009836],[-105.08406799958918,39.88335600019152],[-105.08397700025088,39.88425800030613],[-105.08643400035079,39.88398599972225],[-105.0891390001478,39.88415699980726],[-105.08913099975187,39.881788000062514],[-105.08665799975846,39.88177400026913],[-105.08677400010941,39.88167999980992],[-105.08640199966541,39.88131600023333],[-105.08472700008835,39.88131300020797],[-105.08472799991324,39.88076600005206],[-105.08314500039768,39.88036200002646],[-105.08314200002462,39.880677000138206],[-105.08129099982212,39.88069600001334]],[[-105.08160800001453,39.86703699982841],[-105.08160501202448,39.86698993919794],[-105.08158799992304,39.86672199981113],[-105.0815236244667,39.86703801418734],[-105.08160800001453,39.86703699982841]],[[-105.08636300020567,39.892608999715755],[-105.08537399999362,39.892608999715755],[-105.08535300007722,39.89345999974589],[-105.08635300015993,39.8934589996848],[-105.08636300020567,39.892608999715755]],[[-105.08685600012517,39.892611999936086],[-105.08684600007945,39.893457000251914],[-105.08881000025983,39.89345400006857],[-105.08883500037419,39.892610999862626],[-105.08685600012517,39.892611999936086]],[[-105.09267099977517,39.89263699969938],[-105.08981100016747,39.892610999862626],[-105.08981000034255,39.89345400006857],[-105.09267699962294,39.893415999802485],[-105.09267099977517,39.89263699969938]],[[-105.14425300000785,39.87841600015978],[-105.14424999963481,39.87863999989685],[-105.14453099984219,39.878644000316385],[-105.14453300039034,39.87842100018343],[-105.14425300000785,39.87841600015978]],[[-105.14748400023464,39.87909799988243],[-105.14591000004157,39.87908999978553],[-105.14590599984362,39.88036500009343],[-105.14750699980085,39.880384000054995],[-105.14748400023464,39.87909799988243]],[[-105.14993399976352,39.87779900009519],[-105.15225600014422,39.87773099967695],[-105.15227100021285,39.87110400031811],[-105.14876100032677,39.87118600030194],[-105.14774100015259,39.87239600023674],[-105.14743700037899,39.87295000004486],[-105.14741800011241,39.87825900005872],[-105.1482559998134,39.87825700018244],[-105.14826800040727,39.8767750000013],[-105.14909199986458,39.87605099980763],[-105.14994899983215,39.87588499970883],[-105.14993399976352,39.87779900009519]]]},"properties":{"name":"Westminster","basis":"Shadowrun-Distrikt der Front Range Free Zone; aktuelle Gemeinde- bzw. Denver-Stadtteilgrenzen liefern die harte Linienbasis, Zwischenräume folgen der relativen SR6-Kartenlage","boundary_role":"lore-district","lore_source":"The Third Parallel, S. 12-50 und Denver-Karte (SR6)","source":"U.S. Census Bureau TIGERweb","source_url":"https://tigerweb.geo.census.gov/arcgis/rest/services/TIGERweb/Places_CouSub_ConCity_SubMCD/MapServer/4/query","boundary_review_status":"source-aligned","boundary_review_label":"Mit SR6-Distriktliste und geografischen Außenkanten abgeglichen"}}]}
