{"type":"FeatureCollection","name":"Denver Orte","features":[{"type":"Feature","geometry":{"type":"Point","coordinates":[-105.134914,39.71206]},"properties":{"id":192,"global_id":"denver:place:192-adirondack","name":"Adirondack","aliases":[],"category":"Sonstige Spots","detail_map":"Ute Sector","source_pages":"Denver: The City of Shadows, Abschnitt Ute Sector","map_source":"Denver: The City of Shadows","placement_note":"Nach Quellenbezug im Teilraum Ute Sector angenähert","accuracy":"Teilraumzuordnung; Feinposition vorläufig","source_map":"denver-content","source_panel":"Ute Sector","description_preview":"Adirondack ist ein in Denver: The City of Shadows belegter Schauplatz im Bereich Ute Sector.","description_full":"Adirondack ist ein in Denver: The City of Shadows belegter Schauplatz im Bereich Ute Sector. Die Position ist auf den belegten Stadt- oder Teilraum angenähert; eine hausgenaue Lage ist aus dem Datenmaterial nicht sicher ableitbar.","description_source":"Denver: The City of Shadows, Abschnitt Ute Sector","description_kind":"Ortsprofil","description_has_more":true,"detail_plans":[],"alternate_locations":[],"sources":[{"bookId":"denver-city-shadows-sr2","title":"Denver: The City of Shadows","edition":"SR2","citation":"Denver: The City of Shadows, Abschnitt Ute Sector","purpose":"description"}],"map_sources":[],"editions":["SR2"],"edition_descriptions":{"SR2":{"kind":"Ortsprofil","preview":"Adirondack ist ein in Denver: The City of Shadows belegter Schauplatz im Bereich Ute Sector.","full":"Adirondack ist ein in Denver: The City of Shadows belegter Schauplatz im Bereich Ute Sector. Die Position ist auf den belegten Stadt- oder Teilraum angenähert; eine hausgenaue Lage ist aus dem Datenmaterial nicht sicher ableitbar.","hasMore":true,"hasExcerpt":true,"sources":[{"bookId":"denver-city-shadows-sr2","title":"Denver: The City of Shadows","edition":"SR2","citation":"Denver: The City of Shadows, Abschnitt Ute Sector","purpose":"description"}]}}}},{"type":"Feature","geometry":{"type":"Point","coordinates":[-104.871722,39.579392]},"properties":{"id":38,"global_id":"denver:place:38-aegis-cognito-office","name":"Aegis Cognito Office","aliases":[],"category":"Konzerne","detail_map":"Centennial","source_pages":"The Third Parallel, S. 10-39","map_source":"The Third Parallel","placement_note":"Nach Quellenbezug im Teilraum Centennial angenähert","accuracy":"Teilraumzuordnung; Feinposition vorläufig","source_map":"denver-content","source_panel":"Centennial","description_preview":"Aegis Cognito Office ist ein in The Third Parallel belegter Schauplatz im Bereich Centennial.","description_full":"Aegis Cognito Office ist ein in The Third Parallel belegter Schauplatz im Bereich Centennial. Die Position ist auf den belegten Stadt- oder Teilraum angenähert; eine hausgenaue Lage ist aus dem Datenmaterial nicht sicher ableitbar.","description_source":"The Third Parallel, S. 10-39","description_kind":"Ortsprofil","description_has_more":true,"detail_plans":[],"alternate_locations":[],"sources":[{"bookId":"third-parallel-sr6","title":"The Third Parallel","edition":"SR6","citation":"The Third Parallel, S. 10-39","purpose":"description"}],"map_sources":[],"editions":["SR6"],"edition_descriptions":{"SR6":{"kind":"Ortsprofil","preview":"Aegis Cognito Office ist ein in The Third Parallel belegter Schauplatz im Bereich Centennial.","full":"Aegis Cognito Office ist ein in The Third Parallel belegter Schauplatz im Bereich Centennial. Die Position ist auf den belegten Stadt- oder Teilraum angenähert; eine hausgenaue Lage ist aus dem Datenmaterial nicht sicher ableitbar.","hasMore":true,"hasExcerpt":true,"sources":[{"bookId":"third-parallel-sr6","title":"The Third Parallel","edition":"SR6","citation":"The Third Parallel, S. 10-39","purpose":"description"}]}}}},{"type":"Feature","geometry":{"type":"Point","coordinates":[-105.079303,39.700856]},"properties":{"id":78,"global_id":"denver:place:78-all-the-worlds-a-stage","name":"All the World’s a Stage","aliases":[],"category":"Sonstige Spots","detail_map":"Lakewood","source_pages":"The Third Parallel, S. 10-39","map_source":"The Third Parallel","placement_note":"Nach Quellenbezug im Teilraum Lakewood angenähert","accuracy":"Teilraumzuordnung; Feinposition vorläufig","source_map":"denver-content","source_panel":"Lakewood","description_preview":"All the World’s a Stage ist ein in The Third Parallel belegter Schauplatz im Bereich Lakewood.","description_full":"All the World’s a Stage ist ein in The Third Parallel belegter Schauplatz im Bereich Lakewood. Die Position ist auf den belegten Stadt- oder Teilraum angenähert; eine hausgenaue Lage ist aus dem Datenmaterial nicht sicher ableitbar.","description_source":"The Third Parallel, S. 10-39","description_kind":"Ortsprofil","description_has_more":true,"detail_plans":[],"alternate_locations":[],"sources":[{"bookId":"third-parallel-sr6","title":"The Third Parallel","edition":"SR6","citation":"The Third Parallel, S. 10-39","purpose":"description"}],"map_sources":[],"editions":["SR6"],"edition_descriptions":{"SR6":{"kind":"Ortsprofil","preview":"All the World’s a Stage ist ein in The Third Parallel belegter Schauplatz im Bereich Lakewood.","full":"All the World’s a Stage ist ein in The Third Parallel belegter Schauplatz im Bereich Lakewood. Die Position ist auf den belegten Stadt- oder Teilraum angenähert; eine hausgenaue Lage ist aus dem Datenmaterial nicht sicher ableitbar.","hasMore":true,"hasExcerpt":true,"sources":[{"bookId":"third-parallel-sr6","title":"The Third Parallel","edition":"SR6","citation":"The Third Parallel, S. 10-39","purpose":"description"}]}}}},{"type":"Feature","geometry":{"type":"Point","coordinates":[-104.988985,39.735172]},"properties":{"id":197,"global_id":"denver:place:197-altitude","name":"Altitude","aliases":[],"category":"Bars und Clubs","detail_map":"The Hub","source_pages":"Spy Games, Denver-Kapitel S. 6-86","map_source":"Spy Games","placement_note":"Nach Quellenbezug im Teilraum The Hub angenähert","accuracy":"Teilraumzuordnung; Feinposition vorläufig","source_map":"denver-content","source_panel":"The Hub","description_preview":"Altitude ist eine unaufgeregte Bar im Hub und einer der wenigen öffentlich bekannten Aufenthaltsorte von Nicholas Whitebird.","description_full":"Altitude ist eine unaufgeregte Bar im Hub und einer der wenigen öffentlich bekannten Aufenthaltsorte von Nicholas Whitebird. Die Position ist auf den belegten Stadt- oder Teilraum angenähert; eine hausgenaue Lage ist aus dem Datenmaterial nicht sicher ableitbar.","description_source":"Spy Games, Denver-Kapitel S. 6-86","description_kind":"Ortsprofil","description_has_more":true,"detail_plans":[],"alternate_locations":[],"sources":[{"bookId":"spy-games-sr4","title":"Spy Games","edition":"SR4","citation":"Spy Games, Denver-Kapitel S. 6-86","purpose":"description"}],"map_sources":[],"editions":["SR4"],"edition_descriptions":{"SR4":{"kind":"Ortsprofil","preview":"Altitude ist eine unaufgeregte Bar im Hub und einer der wenigen öffentlich bekannten Aufenthaltsorte von Nicholas Whitebird.","full":"Altitude ist eine unaufgeregte Bar im Hub und einer der wenigen öffentlich bekannten Aufenthaltsorte von Nicholas Whitebird. Die Position ist auf den belegten Stadt- oder Teilraum angenähert; eine hausgenaue Lage ist aus dem Datenmaterial nicht sicher ableitbar.","hasMore":true,"hasExcerpt":true,"sources":[{"bookId":"spy-games-sr4","title":"Spy Games","edition":"SR4","citation":"Spy Games, Denver-Kapitel S. 6-86","purpose":"description"}]}}}},{"type":"Feature","geometry":{"type":"Point","coordinates":[-104.979187,39.729334]},"properties":{"id":158,"global_id":"denver:place:158-anahuac-university","name":"Anahuac University","aliases":[],"category":"Bildung und Kultur","detail_map":"Aztlan Sector","source_pages":"Denver: The City of Shadows, Abschnitt Aztlan Sector","map_source":"Denver: The City of Shadows","placement_note":"Nach Quellenbezug im Teilraum Aztlan Sector angenähert","accuracy":"Teilraumzuordnung; Feinposition vorläufig","source_map":"denver-content","source_panel":"Aztlan Sector","description_preview":"Anahuac University ist ein in Denver: The City of Shadows belegter Schauplatz im Bereich Aztlan Sector.","description_full":"Anahuac University ist ein in Denver: The City of Shadows belegter Schauplatz im Bereich Aztlan Sector. Die Position ist auf den belegten Stadt- oder Teilraum angenähert; eine hausgenaue Lage ist aus dem Datenmaterial nicht sicher ableitbar.","description_source":"Denver: The City of Shadows, Abschnitt Aztlan Sector","description_kind":"Ortsprofil","description_has_more":true,"detail_plans":[],"alternate_locations":[],"sources":[{"bookId":"denver-city-shadows-sr2","title":"Denver: The City of Shadows","edition":"SR2","citation":"Denver: The City of Shadows, Abschnitt Aztlan Sector","purpose":"description"}],"map_sources":[],"editions":["SR2"],"edition_descriptions":{"SR2":{"kind":"Ortsprofil","preview":"Anahuac University ist ein in Denver: The City of Shadows belegter Schauplatz im Bereich Aztlan Sector.","full":"Anahuac University ist ein in Denver: The City of Shadows belegter Schauplatz im Bereich Aztlan Sector. Die Position ist auf den belegten Stadt- oder Teilraum angenähert; eine hausgenaue Lage ist aus dem Datenmaterial nicht sicher ableitbar.","hasMore":true,"hasExcerpt":true,"sources":[{"bookId":"denver-city-shadows-sr2","title":"Denver: The City of Shadows","edition":"SR2","citation":"Denver: The City of Shadows, Abschnitt Aztlan Sector","purpose":"description"}]}}}},{"type":"Feature","geometry":{"type":"Point","coordinates":[-104.990668,39.739063]},"properties":{"id":108,"global_id":"denver:place:108-anasazi-holding-company-headquarters","name":"Anasazi Holding Company Headquarters","aliases":[],"category":"Konzerne","detail_map":"The Hub","source_pages":"The Third Parallel - Denver Map, Nr. 1","map_source":"The Third Parallel","placement_note":"Nach Quellenbezug im Teilraum The Hub angenähert","accuracy":"Teilraumzuordnung; Feinposition vorläufig","source_map":"denver-content","source_panel":"The Hub","description_preview":"Anasazi Holding Company Headquarters ist ein in The Third Parallel belegter Schauplatz im Bereich The Hub.","description_full":"Anasazi Holding Company Headquarters ist ein in The Third Parallel belegter Schauplatz im Bereich The Hub. Die Position ist auf den belegten Stadt- oder Teilraum angenähert; eine hausgenaue Lage ist aus dem Datenmaterial nicht sicher ableitbar.","description_source":"The Third Parallel - Denver Map, Nr. 1","description_kind":"Ortsprofil","description_has_more":true,"detail_plans":[],"alternate_locations":[],"sources":[{"bookId":"third-parallel-sr6","title":"The Third Parallel","edition":"SR6","citation":"The Third Parallel - Denver Map, Nr. 1","purpose":"description"}],"map_sources":[],"editions":["SR6"],"edition_descriptions":{"SR6":{"kind":"Ortsprofil","preview":"Anasazi Holding Company Headquarters ist ein in The Third Parallel belegter Schauplatz im Bereich The Hub.","full":"Anasazi Holding Company Headquarters ist ein in The Third Parallel belegter Schauplatz im Bereich The Hub. Die Position ist auf den belegten Stadt- oder Teilraum angenähert; eine hausgenaue Lage ist aus dem Datenmaterial nicht sicher ableitbar.","hasMore":true,"hasExcerpt":true,"sources":[{"bookId":"third-parallel-sr6","title":"The Third Parallel","edition":"SR6","citation":"The Third Parallel - Denver Map, Nr. 1","purpose":"description"}]}},"map_number_sr6":1}},{"type":"Feature","geometry":{"type":"Point","coordinates":[-104.976325,39.860072]},"properties":{"id":143,"global_id":"denver:place:143-apex-plasmids-complex","name":"Apex Plasmids Complex","aliases":[],"category":"Konzerne","detail_map":"Thornton","source_pages":"The Third Parallel - Denver Map, Nr. 2","map_source":"The Third Parallel","placement_note":"Nach Quellenbezug im Teilraum Thornton angenähert","accuracy":"Teilraumzuordnung; Feinposition vorläufig","source_map":"denver-content","source_panel":"Thornton","description_preview":"Apex Plasmids Complex ist ein in The Third Parallel belegter Schauplatz im Bereich Thornton.","description_full":"Apex Plasmids Complex ist ein in The Third Parallel belegter Schauplatz im Bereich Thornton. Die Position ist auf den belegten Stadt- oder Teilraum angenähert; eine hausgenaue Lage ist aus dem Datenmaterial nicht sicher ableitbar.","description_source":"The Third Parallel - Denver Map, Nr. 2","description_kind":"Ortsprofil","description_has_more":true,"detail_plans":[],"alternate_locations":[],"sources":[{"bookId":"third-parallel-sr6","title":"The Third Parallel","edition":"SR6","citation":"The Third Parallel - Denver Map, Nr. 2","purpose":"description"},{"bookId":"spy-games-sr4","title":"Spy Games","edition":"SR4","citation":"Spy Games, Denver-Kapitel S. 6-86","purpose":"description"}],"map_sources":[],"editions":["SR6","SR4"],"edition_descriptions":{"SR6":{"kind":"Ortsprofil","preview":"Apex Plasmids Complex ist ein in The Third Parallel belegter Schauplatz im Bereich Thornton.","full":"Apex Plasmids Complex ist ein in The Third Parallel belegter Schauplatz im Bereich Thornton. Die Position ist auf den belegten Stadt- oder Teilraum angenähert; eine hausgenaue Lage ist aus dem Datenmaterial nicht sicher ableitbar.","hasMore":true,"hasExcerpt":true,"sources":[{"bookId":"third-parallel-sr6","title":"The Third Parallel","edition":"SR6","citation":"The Third Parallel - Denver Map, Nr. 2","purpose":"description"}]},"SR4":{"kind":"Ortsprofil","preview":"Apex Plasmids ist ein einheimischer A-Konzern mit Ghostwalkers Wohlwollen, dessen Hauptkomplex trotz schneller Expansion verwundbar geblieben ist.","full":"Apex Plasmids ist ein einheimischer A-Konzern mit Ghostwalkers Wohlwollen, dessen Hauptkomplex trotz schneller Expansion verwundbar geblieben ist. Die Position ist auf den belegten Stadt- oder Teilraum angenähert; eine hausgenaue Lage ist aus dem Datenmaterial nicht sicher ableitbar.","hasMore":true,"hasExcerpt":true,"sources":[{"bookId":"spy-games-sr4","title":"Spy Games","edition":"SR4","citation":"Spy Games, Denver-Kapitel S. 6-86","purpose":"description"}]}},"map_number_sr6":2}},{"type":"Feature","geometry":{"type":"Point","coordinates":[-104.993712,39.731794]},"properties":{"id":205,"global_id":"denver:place:205-archer-heights","name":"Archer Heights","aliases":[],"category":"Konzerne","detail_map":"The Hub","source_pages":"Denver Adventure Trilogy, Kampagnenschauplätze","map_source":"Denver Adventure Trilogy","placement_note":"Nach Quellenbezug im Teilraum The Hub angenähert","accuracy":"Teilraumzuordnung; Feinposition vorläufig","source_map":"denver-content","source_panel":"The Hub","description_preview":"Archer Heights ist ein in Denver Adventure Trilogy belegter Schauplatz im Bereich The Hub.","description_full":"Archer Heights ist ein in Denver Adventure Trilogy belegter Schauplatz im Bereich The Hub. Die Position ist auf den belegten Stadt- oder Teilraum angenähert; eine hausgenaue Lage ist aus dem Datenmaterial nicht sicher ableitbar.","description_source":"Denver Adventure Trilogy, Kampagnenschauplätze","description_kind":"Ortsprofil","description_has_more":true,"detail_plans":[],"alternate_locations":[],"sources":[{"bookId":"denver-trilogy-sr5","title":"Denver Adventure Trilogy","edition":"SR5","citation":"Denver Adventure Trilogy, Kampagnenschauplätze","purpose":"description"}],"map_sources":[],"editions":["SR5"],"edition_descriptions":{"SR5":{"kind":"Ortsprofil","preview":"Archer Heights ist ein in Denver Adventure Trilogy belegter Schauplatz im Bereich The Hub.","full":"Archer Heights ist ein in Denver Adventure Trilogy belegter Schauplatz im Bereich The Hub. Die Position ist auf den belegten Stadt- oder Teilraum angenähert; eine hausgenaue Lage ist aus dem Datenmaterial nicht sicher ableitbar.","hasMore":true,"hasExcerpt":true,"sources":[{"bookId":"denver-trilogy-sr5","title":"Denver Adventure Trilogy","edition":"SR5","citation":"Denver Adventure Trilogy, Kampagnenschauplätze","purpose":"description"}]}}}},{"type":"Feature","geometry":{"type":"Point","coordinates":[-105.079928,39.699268]},"properties":{"id":79,"global_id":"denver:place:79-ares-arms-factory","name":"Ares Arms Factory","aliases":[],"category":"Konzerne","detail_map":"Lakewood","source_pages":"The Third Parallel, S. 10-39","map_source":"The Third Parallel","placement_note":"Nach Quellenbezug im Teilraum Lakewood angenähert","accuracy":"Teilraumzuordnung; Feinposition vorläufig","source_map":"denver-content","source_panel":"Lakewood","description_preview":"Ares Arms Factory ist ein in The Third Parallel belegter Schauplatz im Bereich Lakewood.","description_full":"Ares Arms Factory ist ein in The Third Parallel belegter Schauplatz im Bereich Lakewood. Die Position ist auf den belegten Stadt- oder Teilraum angenähert; eine hausgenaue Lage ist aus dem Datenmaterial nicht sicher ableitbar.","description_source":"The Third Parallel, S. 10-39","description_kind":"Ortsprofil","description_has_more":true,"detail_plans":[],"alternate_locations":[],"sources":[{"bookId":"third-parallel-sr6","title":"The Third Parallel","edition":"SR6","citation":"The Third Parallel, S. 10-39","purpose":"description"}],"map_sources":[],"editions":["SR6"],"edition_descriptions":{"SR6":{"kind":"Ortsprofil","preview":"Ares Arms Factory ist ein in The Third Parallel belegter Schauplatz im Bereich Lakewood.","full":"Ares Arms Factory ist ein in The Third Parallel belegter Schauplatz im Bereich Lakewood. Die Position ist auf den belegten Stadt- oder Teilraum angenähert; eine hausgenaue Lage ist aus dem Datenmaterial nicht sicher ableitbar.","hasMore":true,"hasExcerpt":true,"sources":[{"bookId":"third-parallel-sr6","title":"The Third Parallel","edition":"SR6","citation":"The Third Parallel, S. 10-39","purpose":"description"}]}}}},{"type":"Feature","geometry":{"type":"Point","coordinates":[-104.98188,39.731556]},"properties":{"id":110,"global_id":"denver:place:110-ares-spire","name":"Ares Spire","aliases":[],"category":"Konzerne","detail_map":"The Hub","source_pages":"The Third Parallel, S. 10-39","map_source":"The Third Parallel","placement_note":"Nach Quellenbezug im Teilraum The Hub angenähert","accuracy":"Teilraumzuordnung; Feinposition vorläufig","source_map":"denver-content","source_panel":"The Hub","description_preview":"Ares Spire ist ein in The Third Parallel belegter Schauplatz im Bereich The Hub.","description_full":"Ares Spire ist ein in The Third Parallel belegter Schauplatz im Bereich The Hub. Die Position ist auf den belegten Stadt- oder Teilraum angenähert; eine hausgenaue Lage ist aus dem Datenmaterial nicht sicher ableitbar.","description_source":"The Third Parallel, S. 10-39","description_kind":"Ortsprofil","description_has_more":true,"detail_plans":[],"alternate_locations":[],"sources":[{"bookId":"third-parallel-sr6","title":"The Third Parallel","edition":"SR6","citation":"The Third Parallel, S. 10-39","purpose":"description"}],"map_sources":[],"editions":["SR6"],"edition_descriptions":{"SR6":{"kind":"Ortsprofil","preview":"Ares Spire ist ein in The Third Parallel belegter Schauplatz im Bereich The Hub.","full":"Ares Spire ist ein in The Third Parallel belegter Schauplatz im Bereich The Hub. Die Position ist auf den belegten Stadt- oder Teilraum angenähert; eine hausgenaue Lage ist aus dem Datenmaterial nicht sicher ableitbar.","hasMore":true,"hasExcerpt":true,"sources":[{"bookId":"third-parallel-sr6","title":"The Third Parallel","edition":"SR6","citation":"The Third Parallel, S. 10-39","purpose":"description"}]}}}},{"type":"Feature","geometry":{"type":"Point","coordinates":[-104.991215,39.733897]},"properties":{"id":109,"global_id":"denver:place:109-ares-mcauliffe-international-school","name":"Ares-McAuliffe International School","aliases":[],"category":"Bildung und Kultur","detail_map":"The Hub","source_pages":"The Third Parallel, S. 10-39","map_source":"The Third Parallel","placement_note":"Nach Quellenbezug im Teilraum The Hub angenähert","accuracy":"Teilraumzuordnung; Feinposition vorläufig","source_map":"denver-content","source_panel":"The Hub","description_preview":"Ares-McAuliffe International School ist ein in The Third Parallel belegter Schauplatz im Bereich The Hub.","description_full":"Ares-McAuliffe International School ist ein in The Third Parallel belegter Schauplatz im Bereich The Hub. Die Position ist auf den belegten Stadt- oder Teilraum angenähert; eine hausgenaue Lage ist aus dem Datenmaterial nicht sicher ableitbar.","description_source":"The Third Parallel, S. 10-39","description_kind":"Ortsprofil","description_has_more":true,"detail_plans":[],"alternate_locations":[],"sources":[{"bookId":"third-parallel-sr6","title":"The Third Parallel","edition":"SR6","citation":"The Third Parallel, S. 10-39","purpose":"description"}],"map_sources":[],"editions":["SR6"],"edition_descriptions":{"SR6":{"kind":"Ortsprofil","preview":"Ares-McAuliffe International School ist ein in The Third Parallel belegter Schauplatz im Bereich The Hub.","full":"Ares-McAuliffe International School ist ein in The Third Parallel belegter Schauplatz im Bereich The Hub. Die Position ist auf den belegten Stadt- oder Teilraum angenähert; eine hausgenaue Lage ist aus dem Datenmaterial nicht sicher ableitbar.","hasMore":true,"hasExcerpt":true,"sources":[{"bookId":"third-parallel-sr6","title":"The Third Parallel","edition":"SR6","citation":"The Third Parallel, S. 10-39","purpose":"description"}]}}}},{"type":"Feature","geometry":{"type":"Point","coordinates":[-105.091174,39.809525]},"properties":{"id":1,"global_id":"denver:place:1-arvada","name":"Arvada","aliases":[],"category":"Bezirke","detail_map":"Arvada","source_pages":"The Third Parallel, S. 10-39","map_source":"The Third Parallel","placement_note":"Lore-Bezirkszentrum Arvada","accuracy":"Lore-Bezirk; Grenzebene separat geprüft","source_map":"denver-content","source_panel":"Arvada","description_preview":"Arvada ist eine überwiegend urbane Pendler- und Schlafstadt nordwestlich des Zentrums; der Westen wird ländlicher, während sich die Bebauung zum Hub hin stark verdichtet.","description_full":"Arvada ist eine überwiegend urbane Pendler- und Schlafstadt nordwestlich des Zentrums; der Westen wird ländlicher, während sich die Bebauung zum Hub hin stark verdichtet. Die Zusammenfassung folgt dem Bezirkskapitel der angegebenen Edition; heutige Grenzen dienen nur der geografischen Einordnung.","description_source":"The Third Parallel, S. 10-39","description_kind":"Bezirksprofil","description_has_more":true,"detail_plans":[],"alternate_locations":[],"sources":[{"bookId":"third-parallel-sr6","title":"The Third Parallel","edition":"SR6","citation":"The Third Parallel, S. 10-39","purpose":"description"}],"map_sources":[],"editions":["SR6"],"edition_descriptions":{"SR6":{"kind":"Bezirksprofil","preview":"Arvada ist eine überwiegend urbane Pendler- und Schlafstadt nordwestlich des Zentrums; der Westen wird ländlicher, während sich die Bebauung zum Hub hin stark verdichtet.","full":"Arvada ist eine überwiegend urbane Pendler- und Schlafstadt nordwestlich des Zentrums; der Westen wird ländlicher, während sich die Bebauung zum Hub hin stark verdichtet. Die Zusammenfassung folgt dem Bezirkskapitel der angegebenen Edition; heutige Grenzen dienen nur der geografischen Einordnung.","hasMore":true,"hasExcerpt":true,"sources":[{"bookId":"third-parallel-sr6","title":"The Third Parallel","edition":"SR6","citation":"The Third Parallel, S. 10-39","purpose":"description"}]}}}},{"type":"Feature","geometry":{"type":"Point","coordinates":[-104.904432,39.720052]},"properties":{"id":86,"global_id":"denver:place:86-ascending-star","name":"Ascending Star","aliases":[],"category":"Sonstige Spots","detail_map":"Lowry","source_pages":"The Third Parallel, S. 10-39","map_source":"The Third Parallel","placement_note":"Nach Quellenbezug im Teilraum Lowry angenähert","accuracy":"Teilraumzuordnung; Feinposition vorläufig","source_map":"denver-content","source_panel":"Lowry","description_preview":"Ascending Star ist ein in The Third Parallel belegter Schauplatz im Bereich Lowry.","description_full":"Ascending Star ist ein in The Third Parallel belegter Schauplatz im Bereich Lowry. Die Position ist auf den belegten Stadt- oder Teilraum angenähert; eine hausgenaue Lage ist aus dem Datenmaterial nicht sicher ableitbar.","description_source":"The Third Parallel, S. 10-39","description_kind":"Ortsprofil","description_has_more":true,"detail_plans":[],"alternate_locations":[],"sources":[{"bookId":"third-parallel-sr6","title":"The Third Parallel","edition":"SR6","citation":"The Third Parallel, S. 10-39","purpose":"description"}],"map_sources":[],"editions":["SR6"],"edition_descriptions":{"SR6":{"kind":"Ortsprofil","preview":"Ascending Star ist ein in The Third Parallel belegter Schauplatz im Bereich Lowry.","full":"Ascending Star ist ein in The Third Parallel belegter Schauplatz im Bereich Lowry. Die Position ist auf den belegten Stadt- oder Teilraum angenähert; eine hausgenaue Lage ist aus dem Datenmaterial nicht sicher ableitbar.","hasMore":true,"hasExcerpt":true,"sources":[{"bookId":"third-parallel-sr6","title":"The Third Parallel","edition":"SR6","citation":"The Third Parallel, S. 10-39","purpose":"description"}]}}}},{"type":"Feature","geometry":{"type":"Point","coordinates":[-105.092857,39.80615]},"properties":{"id":2,"global_id":"denver:place:2-atlantean-foundation-offices","name":"Atlantean Foundation Offices","aliases":[],"category":"Bildung und Kultur","detail_map":"Arvada","source_pages":"The Third Parallel - Denver Map, Nr. 3","map_source":"The Third Parallel","placement_note":"Nach Quellenbezug im Teilraum Arvada angenähert","accuracy":"Teilraumzuordnung; Feinposition vorläufig","source_map":"denver-content","source_panel":"Arvada","description_preview":"Atlantean Foundation Offices ist ein in The Third Parallel belegter Schauplatz im Bereich Arvada.","description_full":"Atlantean Foundation Offices ist ein in The Third Parallel belegter Schauplatz im Bereich Arvada. Die Position ist auf den belegten Stadt- oder Teilraum angenähert; eine hausgenaue Lage ist aus dem Datenmaterial nicht sicher ableitbar.","description_source":"The Third Parallel - Denver Map, Nr. 3","description_kind":"Ortsprofil","description_has_more":true,"detail_plans":[],"alternate_locations":[],"sources":[{"bookId":"third-parallel-sr6","title":"The Third Parallel","edition":"SR6","citation":"The Third Parallel - Denver Map, Nr. 3","purpose":"description"}],"map_sources":[],"editions":["SR6"],"edition_descriptions":{"SR6":{"kind":"Ortsprofil","preview":"Atlantean Foundation Offices ist ein in The Third Parallel belegter Schauplatz im Bereich Arvada.","full":"Atlantean Foundation Offices ist ein in The Third Parallel belegter Schauplatz im Bereich Arvada. Die Position ist auf den belegten Stadt- oder Teilraum angenähert; eine hausgenaue Lage ist aus dem Datenmaterial nicht sicher ableitbar.","hasMore":true,"hasExcerpt":true,"sources":[{"bookId":"third-parallel-sr6","title":"The Third Parallel","edition":"SR6","citation":"The Third Parallel - Denver Map, Nr. 3","purpose":"description"}]}},"map_number_sr6":3}},{"type":"Feature","geometry":{"type":"Point","coordinates":[-104.98556,39.760279]},"properties":{"id":183,"global_id":"denver:place:183-augusta","name":"Augusta","aliases":[],"category":"Sonstige Spots","detail_map":"UCAS Sector","source_pages":"Denver: The City of Shadows, Abschnitt UCAS Sector","map_source":"Denver: The City of Shadows","placement_note":"Nach Quellenbezug im Teilraum UCAS Sector angenähert","accuracy":"Teilraumzuordnung; Feinposition vorläufig","source_map":"denver-content","source_panel":"UCAS Sector","description_preview":"Augusta ist ein in Denver: The City of Shadows belegter Schauplatz im Bereich UCAS Sector.","description_full":"Augusta ist ein in Denver: The City of Shadows belegter Schauplatz im Bereich UCAS Sector. Die Position ist auf den belegten Stadt- oder Teilraum angenähert; eine hausgenaue Lage ist aus dem Datenmaterial nicht sicher ableitbar.","description_source":"Denver: The City of Shadows, Abschnitt UCAS Sector","description_kind":"Ortsprofil","description_has_more":true,"detail_plans":[],"alternate_locations":[],"sources":[{"bookId":"denver-city-shadows-sr2","title":"Denver: The City of Shadows","edition":"SR2","citation":"Denver: The City of Shadows, Abschnitt UCAS Sector","purpose":"description"}],"map_sources":[],"editions":["SR2"],"edition_descriptions":{"SR2":{"kind":"Ortsprofil","preview":"Augusta ist ein in Denver: The City of Shadows belegter Schauplatz im Bereich UCAS Sector.","full":"Augusta ist ein in Denver: The City of Shadows belegter Schauplatz im Bereich UCAS Sector. Die Position ist auf den belegten Stadt- oder Teilraum angenähert; eine hausgenaue Lage ist aus dem Datenmaterial nicht sicher ableitbar.","hasMore":true,"hasExcerpt":true,"sources":[{"bookId":"denver-city-shadows-sr2","title":"Denver: The City of Shadows","edition":"SR2","citation":"Denver: The City of Shadows, Abschnitt UCAS Sector","purpose":"description"}]}}}},{"type":"Feature","geometry":{"type":"Point","coordinates":[-104.834935,39.735108]},"properties":{"id":8,"global_id":"denver:place:8-aurora-village-medical-center","name":"Aurora Village Medical Center","aliases":[],"category":"Medizin","detail_map":"Aurora Warrens","source_pages":"The Third Parallel, S. 10-39","map_source":"The Third Parallel","placement_note":"Nach Quellenbezug im Teilraum Aurora Warrens angenähert","accuracy":"Teilraumzuordnung; Feinposition vorläufig","source_map":"denver-content","source_panel":"Aurora Warrens","description_preview":"Aurora Village Medical Center ist ein in The Third Parallel belegter Schauplatz im Bereich Aurora Warrens.","description_full":"Aurora Village Medical Center ist ein in The Third Parallel belegter Schauplatz im Bereich Aurora Warrens. Die Position ist auf den belegten Stadt- oder Teilraum angenähert; eine hausgenaue Lage ist aus dem Datenmaterial nicht sicher ableitbar.","description_source":"The Third Parallel, S. 10-39","description_kind":"Ortsprofil","description_has_more":true,"detail_plans":[],"alternate_locations":[],"sources":[{"bookId":"third-parallel-sr6","title":"The Third Parallel","edition":"SR6","citation":"The Third Parallel, S. 10-39","purpose":"description"},{"bookId":"spy-games-sr4","title":"Spy Games","edition":"SR4","citation":"Spy Games, Denver-Kapitel S. 6-86","purpose":"description"}],"map_sources":[],"editions":["SR6","SR4"],"edition_descriptions":{"SR6":{"kind":"Ortsprofil","preview":"Aurora Village Medical Center ist ein in The Third Parallel belegter Schauplatz im Bereich Aurora Warrens.","full":"Aurora Village Medical Center ist ein in The Third Parallel belegter Schauplatz im Bereich Aurora Warrens. Die Position ist auf den belegten Stadt- oder Teilraum angenähert; eine hausgenaue Lage ist aus dem Datenmaterial nicht sicher ableitbar.","hasMore":true,"hasExcerpt":true,"sources":[{"bookId":"third-parallel-sr6","title":"The Third Parallel","edition":"SR6","citation":"The Third Parallel, S. 10-39","purpose":"description"}]},"SR4":{"kind":"Ortsprofil","preview":"Das Aurora Village Sports Medical Center versorgt Sportler und zahlungskräftige Klienten am Rand der Warrens.","full":"Das Aurora Village Sports Medical Center versorgt Sportler und zahlungskräftige Klienten am Rand der Warrens. Die Position ist auf den belegten Stadt- oder Teilraum angenähert; eine hausgenaue Lage ist aus dem Datenmaterial nicht sicher ableitbar.","hasMore":true,"hasExcerpt":true,"sources":[{"bookId":"spy-games-sr4","title":"Spy Games","edition":"SR4","citation":"Spy Games, Denver-Kapitel S. 6-86","purpose":"description"}]}}}},{"type":"Feature","geometry":{"type":"Point","coordinates":[-104.829032,39.733526]},"properties":{"id":7,"global_id":"denver:place:7-aurora-warrens","name":"Aurora Warrens","aliases":[],"category":"Bezirke","detail_map":"Aurora Warrens","source_pages":"The Third Parallel, S. 10-39","map_source":"The Third Parallel","placement_note":"Lore-Bezirkszentrum Aurora Warrens","accuracy":"Lore-Bezirk; Grenzebene separat geprüft","source_map":"denver-content","source_panel":"Aurora Warrens","description_preview":"Die Aurora Warrens sind ein dicht bevölkertes Elendsgebiet mit zerfallender Infrastruktur, starker Gangkontrolle und einer wachsenden Untergrundbevölkerung.","description_full":"Die Aurora Warrens sind ein dicht bevölkertes Elendsgebiet mit zerfallender Infrastruktur, starker Gangkontrolle und einer wachsenden Untergrundbevölkerung. Die Zusammenfassung folgt dem Bezirkskapitel der angegebenen Edition; heutige Grenzen dienen nur der geografischen Einordnung.","description_source":"The Third Parallel, S. 10-39","description_kind":"Bezirksprofil","description_has_more":true,"detail_plans":[],"alternate_locations":[],"sources":[{"bookId":"third-parallel-sr6","title":"The Third Parallel","edition":"SR6","citation":"The Third Parallel, S. 10-39","purpose":"description"},{"bookId":"denver-city-shadows-sr2","title":"Denver: The City of Shadows","edition":"SR2","citation":"Denver: The City of Shadows, Abschnitt UCAS Sector","purpose":"description"}],"map_sources":[],"editions":["SR6","SR2"],"edition_descriptions":{"SR6":{"kind":"Bezirksprofil","preview":"Die Aurora Warrens sind ein dicht bevölkertes Elendsgebiet mit zerfallender Infrastruktur, starker Gangkontrolle und einer wachsenden Untergrundbevölkerung.","full":"Die Aurora Warrens sind ein dicht bevölkertes Elendsgebiet mit zerfallender Infrastruktur, starker Gangkontrolle und einer wachsenden Untergrundbevölkerung. Die Zusammenfassung folgt dem Bezirkskapitel der angegebenen Edition; heutige Grenzen dienen nur der geografischen Einordnung.","hasMore":true,"hasExcerpt":true,"sources":[{"bookId":"third-parallel-sr6","title":"The Third Parallel","edition":"SR6","citation":"The Third Parallel, S. 10-39","purpose":"description"}]},"SR2":{"kind":"Quellennachweis","preview":"Aurora Warrens ist für SR2 in Denver: The City of Shadows belegt.","full":"Aurora Warrens ist für SR2 in Denver: The City of Shadows belegt. Der Eintrag wird editionsübergreifend mit demselben Ort zusammengeführt.","hasMore":true,"hasExcerpt":false,"sources":[{"bookId":"denver-city-shadows-sr2","title":"Denver: The City of Shadows","edition":"SR2","citation":"Denver: The City of Shadows, Abschnitt UCAS Sector","purpose":"description"}]}}}},{"type":"Feature","geometry":{"type":"Point","coordinates":[-104.983337,39.730132]},"properties":{"id":159,"global_id":"denver:place:159-aztechnology-building","name":"Aztechnology Building","aliases":[],"category":"Sonstige Spots","detail_map":"Aztlan Sector","source_pages":"Denver: The City of Shadows, Abschnitt Aztlan Sector","map_source":"Denver: The City of Shadows","placement_note":"Nach Quellenbezug im Teilraum Aztlan Sector angenähert","accuracy":"Teilraumzuordnung; Feinposition vorläufig","source_map":"denver-content","source_panel":"Aztlan Sector","description_preview":"Aztechnology Building ist ein in Denver: The City of Shadows belegter Schauplatz im Bereich Aztlan Sector.","description_full":"Aztechnology Building ist ein in Denver: The City of Shadows belegter Schauplatz im Bereich Aztlan Sector. Die Position ist auf den belegten Stadt- oder Teilraum angenähert; eine hausgenaue Lage ist aus dem Datenmaterial nicht sicher ableitbar.","description_source":"Denver: The City of Shadows, Abschnitt Aztlan Sector","description_kind":"Ortsprofil","description_has_more":true,"detail_plans":[],"alternate_locations":[],"sources":[{"bookId":"denver-city-shadows-sr2","title":"Denver: The City of Shadows","edition":"SR2","citation":"Denver: The City of Shadows, Abschnitt Aztlan Sector","purpose":"description"}],"map_sources":[],"editions":["SR2"],"edition_descriptions":{"SR2":{"kind":"Ortsprofil","preview":"Aztechnology Building ist ein in Denver: The City of Shadows belegter Schauplatz im Bereich Aztlan Sector.","full":"Aztechnology Building ist ein in Denver: The City of Shadows belegter Schauplatz im Bereich Aztlan Sector. Die Position ist auf den belegten Stadt- oder Teilraum angenähert; eine hausgenaue Lage ist aus dem Datenmaterial nicht sicher ableitbar.","hasMore":true,"hasExcerpt":true,"sources":[{"bookId":"denver-city-shadows-sr2","title":"Denver: The City of Shadows","edition":"SR2","citation":"Denver: The City of Shadows, Abschnitt Aztlan Sector","purpose":"description"}]}}}},{"type":"Feature","geometry":{"type":"Point","coordinates":[-105.230405,39.707476]},"properties":{"id":73,"global_id":"denver:place:73-blackhawk-resort-and-casino","name":"Blackhawk Resort and Casino","aliases":[],"category":"Hotels","detail_map":"Front Range","source_pages":"The Third Parallel, S. 10-39","map_source":"The Third Parallel","placement_note":"Nach Quellenbezug im Teilraum Front Range angenähert","accuracy":"Teilraumzuordnung; Feinposition vorläufig","source_map":"denver-content","source_panel":"Front Range","description_preview":"Blackhawk Resort and Casino ist ein in The Third Parallel belegter Schauplatz im Bereich Front Range.","description_full":"Blackhawk Resort and Casino ist ein in The Third Parallel belegter Schauplatz im Bereich Front Range. Die Position ist auf den belegten Stadt- oder Teilraum angenähert; eine hausgenaue Lage ist aus dem Datenmaterial nicht sicher ableitbar.","description_source":"The Third Parallel, S. 10-39","description_kind":"Ortsprofil","description_has_more":true,"detail_plans":[],"alternate_locations":[],"sources":[{"bookId":"third-parallel-sr6","title":"The Third Parallel","edition":"SR6","citation":"The Third Parallel, S. 10-39","purpose":"description"}],"map_sources":[],"editions":["SR6"],"edition_descriptions":{"SR6":{"kind":"Ortsprofil","preview":"Blackhawk Resort and Casino ist ein in The Third Parallel belegter Schauplatz im Bereich Front Range.","full":"Blackhawk Resort and Casino ist ein in The Third Parallel belegter Schauplatz im Bereich Front Range. Die Position ist auf den belegten Stadt- oder Teilraum angenähert; eine hausgenaue Lage ist aus dem Datenmaterial nicht sicher ableitbar.","hasMore":true,"hasExcerpt":true,"sources":[{"bookId":"third-parallel-sr6","title":"The Third Parallel","edition":"SR6","citation":"The Third Parallel, S. 10-39","purpose":"description"}]}}}},{"type":"Feature","geometry":{"type":"Point","coordinates":[-104.980618,39.734369]},"properties":{"id":157,"global_id":"denver:place:157-boettcher-memorial-conservatory","name":"Boettcher Memorial Conservatory","aliases":[],"category":"Sonstige Spots","detail_map":"Aztlan Sector","source_pages":"Denver: The City of Shadows, Abschnitt Aztlan Sector","map_source":"Denver: The City of Shadows","placement_note":"Nach Quellenbezug im Teilraum Aztlan Sector angenähert","accuracy":"Teilraumzuordnung; Feinposition vorläufig","source_map":"denver-content","source_panel":"Aztlan Sector","description_preview":"Boettcher Memorial Conservatory ist ein in Denver: The City of Shadows belegter Schauplatz im Bereich Aztlan Sector.","description_full":"Boettcher Memorial Conservatory ist ein in Denver: The City of Shadows belegter Schauplatz im Bereich Aztlan Sector. Die Position ist auf den belegten Stadt- oder Teilraum angenähert; eine hausgenaue Lage ist aus dem Datenmaterial nicht sicher ableitbar.","description_source":"Denver: The City of Shadows, Abschnitt Aztlan Sector","description_kind":"Ortsprofil","description_has_more":true,"detail_plans":[],"alternate_locations":[],"sources":[{"bookId":"denver-city-shadows-sr2","title":"Denver: The City of Shadows","edition":"SR2","citation":"Denver: The City of Shadows, Abschnitt Aztlan Sector","purpose":"description"}],"map_sources":[],"editions":["SR2"],"edition_descriptions":{"SR2":{"kind":"Ortsprofil","preview":"Boettcher Memorial Conservatory ist ein in Denver: The City of Shadows belegter Schauplatz im Bereich Aztlan Sector.","full":"Boettcher Memorial Conservatory ist ein in Denver: The City of Shadows belegter Schauplatz im Bereich Aztlan Sector. Die Position ist auf den belegten Stadt- oder Teilraum angenähert; eine hausgenaue Lage ist aus dem Datenmaterial nicht sicher ableitbar.","hasMore":true,"hasExcerpt":true,"sources":[{"bookId":"denver-city-shadows-sr2","title":"Denver: The City of Shadows","edition":"SR2","citation":"Denver: The City of Shadows, Abschnitt Aztlan Sector","purpose":"description"}]}}}},{"type":"Feature","geometry":{"type":"Point","coordinates":[-105.278032,40.022578]},"properties":{"id":13,"global_id":"denver:place:13-boulder","name":"Boulder","aliases":[],"category":"Bezirke","detail_map":"Boulder","source_pages":"The Third Parallel, S. 10-39","map_source":"The Third Parallel","placement_note":"Lore-Bezirkszentrum Boulder","accuracy":"Lore-Bezirk; Grenzebene separat geprüft","source_map":"denver-content","source_panel":"Boulder","description_preview":"Boulder bildet den nördlichen Abschluss der FRFZ und verbindet strenge Umweltauflagen mit Universität, Kunstszene und einer vergleichsweise geringen Konzernpräsenz.","description_full":"Boulder bildet den nördlichen Abschluss der FRFZ und verbindet strenge Umweltauflagen mit Universität, Kunstszene und einer vergleichsweise geringen Konzernpräsenz. Die Zusammenfassung folgt dem Bezirkskapitel der angegebenen Edition; heutige Grenzen dienen nur der geografischen Einordnung.","description_source":"The Third Parallel, S. 10-39","description_kind":"Bezirksprofil","description_has_more":true,"detail_plans":[],"alternate_locations":[],"sources":[{"bookId":"third-parallel-sr6","title":"The Third Parallel","edition":"SR6","citation":"The Third Parallel, S. 10-39","purpose":"description"}],"map_sources":[],"editions":["SR6"],"edition_descriptions":{"SR6":{"kind":"Bezirksprofil","preview":"Boulder bildet den nördlichen Abschluss der FRFZ und verbindet strenge Umweltauflagen mit Universität, Kunstszene und einer vergleichsweise geringen Konzernpräsenz.","full":"Boulder bildet den nördlichen Abschluss der FRFZ und verbindet strenge Umweltauflagen mit Universität, Kunstszene und einer vergleichsweise geringen Konzernpräsenz. Die Zusammenfassung folgt dem Bezirkskapitel der angegebenen Edition; heutige Grenzen dienen nur der geografischen Einordnung.","hasMore":true,"hasExcerpt":true,"sources":[{"bookId":"third-parallel-sr6","title":"The Third Parallel","edition":"SR6","citation":"The Third Parallel, S. 10-39","purpose":"description"}]}}}},{"type":"Feature","geometry":{"type":"Point","coordinates":[-104.882465,39.781962]},"properties":{"id":96,"global_id":"denver:place:96-brainwave-inc-office","name":"Brainwave, Inc. Office","aliases":[],"category":"Konzerne","detail_map":"Stapleton","source_pages":"The Third Parallel, S. 10-39","map_source":"The Third Parallel","placement_note":"Nach Quellenbezug im Teilraum Stapleton angenähert","accuracy":"Teilraumzuordnung; Feinposition vorläufig","source_map":"denver-content","source_panel":"Stapleton","description_preview":"Brainwave, Inc. Office ist ein in The Third Parallel belegter Schauplatz im Bereich Stapleton.","description_full":"Brainwave, Inc. Office ist ein in The Third Parallel belegter Schauplatz im Bereich Stapleton. Die Position ist auf den belegten Stadt- oder Teilraum angenähert; eine hausgenaue Lage ist aus dem Datenmaterial nicht sicher ableitbar.","description_source":"The Third Parallel, S. 10-39","description_kind":"Ortsprofil","description_has_more":true,"detail_plans":[],"alternate_locations":[],"sources":[{"bookId":"third-parallel-sr6","title":"The Third Parallel","edition":"SR6","citation":"The Third Parallel, S. 10-39","purpose":"description"}],"map_sources":[],"editions":["SR6"],"edition_descriptions":{"SR6":{"kind":"Ortsprofil","preview":"Brainwave, Inc. Office ist ein in The Third Parallel belegter Schauplatz im Bereich Stapleton.","full":"Brainwave, Inc. Office ist ein in The Third Parallel belegter Schauplatz im Bereich Stapleton. Die Position ist auf den belegten Stadt- oder Teilraum angenähert; eine hausgenaue Lage ist aus dem Datenmaterial nicht sicher ableitbar.","hasMore":true,"hasExcerpt":true,"sources":[{"bookId":"third-parallel-sr6","title":"The Third Parallel","edition":"SR6","citation":"The Third Parallel, S. 10-39","purpose":"description"}]}}}},{"type":"Feature","geometry":{"type":"Point","coordinates":[-104.81154,39.984917]},"properties":{"id":20,"global_id":"denver:place:20-brighton","name":"Brighton","aliases":[],"category":"Bezirke","detail_map":"Brighton","source_pages":"The Third Parallel, S. 10-39","map_source":"The Third Parallel","placement_note":"Lore-Bezirkszentrum Brighton","accuracy":"Lore-Bezirk; Grenzebene separat geprüft","source_map":"denver-content","source_panel":"Brighton","description_preview":"Brighton liegt als dünn besiedelter Agrardistrikt am nordöstlichen Zonenrand zur Sioux Nation; Farmen, Solaranlagen und abgelegene Konzernstandorte prägen die Ebene.","description_full":"Brighton liegt als dünn besiedelter Agrardistrikt am nordöstlichen Zonenrand zur Sioux Nation; Farmen, Solaranlagen und abgelegene Konzernstandorte prägen die Ebene. Die Zusammenfassung folgt dem Bezirkskapitel der angegebenen Edition; heutige Grenzen dienen nur der geografischen Einordnung.","description_source":"The Third Parallel, S. 10-39","description_kind":"Bezirksprofil","description_has_more":true,"detail_plans":[],"alternate_locations":[],"sources":[{"bookId":"third-parallel-sr6","title":"The Third Parallel","edition":"SR6","citation":"The Third Parallel, S. 10-39","purpose":"description"}],"map_sources":[],"editions":["SR6"],"edition_descriptions":{"SR6":{"kind":"Bezirksprofil","preview":"Brighton liegt als dünn besiedelter Agrardistrikt am nordöstlichen Zonenrand zur Sioux Nation; Farmen, Solaranlagen und abgelegene Konzernstandorte prägen die Ebene.","full":"Brighton liegt als dünn besiedelter Agrardistrikt am nordöstlichen Zonenrand zur Sioux Nation; Farmen, Solaranlagen und abgelegene Konzernstandorte prägen die Ebene. Die Zusammenfassung folgt dem Bezirkskapitel der angegebenen Edition; heutige Grenzen dienen nur der geografischen Einordnung.","hasMore":true,"hasExcerpt":true,"sources":[{"bookId":"third-parallel-sr6","title":"The Third Parallel","edition":"SR6","citation":"The Third Parallel, S. 10-39","purpose":"description"}]}}}},{"type":"Feature","geometry":{"type":"Point","coordinates":[-104.978012,39.754581]},"properties":{"id":187,"global_id":"denver:place:187-broncomania-stadium","name":"Broncomania Stadium","aliases":[],"category":"Sonstige Spots","detail_map":"UCAS Sector","source_pages":"Denver: The City of Shadows, Abschnitt UCAS Sector","map_source":"Denver: The City of Shadows","placement_note":"Nach Quellenbezug im Teilraum UCAS Sector angenähert","accuracy":"Teilraumzuordnung; Feinposition vorläufig","source_map":"denver-content","source_panel":"UCAS Sector","description_preview":"Broncomania Stadium ist ein in Denver: The City of Shadows belegter Schauplatz im Bereich UCAS Sector.","description_full":"Broncomania Stadium ist ein in Denver: The City of Shadows belegter Schauplatz im Bereich UCAS Sector. Die Position ist auf den belegten Stadt- oder Teilraum angenähert; eine hausgenaue Lage ist aus dem Datenmaterial nicht sicher ableitbar.","description_source":"Denver: The City of Shadows, Abschnitt UCAS Sector","description_kind":"Ortsprofil","description_has_more":true,"detail_plans":[],"alternate_locations":[],"sources":[{"bookId":"denver-city-shadows-sr2","title":"Denver: The City of Shadows","edition":"SR2","citation":"Denver: The City of Shadows, Abschnitt UCAS Sector","purpose":"description"}],"map_sources":[],"editions":["SR2"],"edition_descriptions":{"SR2":{"kind":"Ortsprofil","preview":"Broncomania Stadium ist ein in Denver: The City of Shadows belegter Schauplatz im Bereich UCAS Sector.","full":"Broncomania Stadium ist ein in Denver: The City of Shadows belegter Schauplatz im Bereich UCAS Sector. Die Position ist auf den belegten Stadt- oder Teilraum angenähert; eine hausgenaue Lage ist aus dem Datenmaterial nicht sicher ableitbar.","hasMore":true,"hasExcerpt":true,"sources":[{"bookId":"denver-city-shadows-sr2","title":"Denver: The City of Shadows","edition":"SR2","citation":"Denver: The City of Shadows, Abschnitt UCAS Sector","purpose":"description"}]}}}},{"type":"Feature","geometry":{"type":"Point","coordinates":[-105.086157,39.929204]},"properties":{"id":27,"global_id":"denver:place:27-broomfield","name":"Broomfield","aliases":[],"category":"Bezirke","detail_map":"Broomfield","source_pages":"The Third Parallel, S. 10-39","map_source":"The Third Parallel","placement_note":"Lore-Bezirkszentrum Broomfield","accuracy":"Lore-Bezirk; Grenzebene separat geprüft","source_map":"denver-content","source_panel":"Broomfield","description_preview":"Broomfield ist ein wohlhabender Vorstadtdistrikt mit teuren Wohnlagen, zahlreichen Konzernenklaven, niedriger Kriminalität und besonders schnellen ZDF-Reaktionen.","description_full":"Broomfield ist ein wohlhabender Vorstadtdistrikt mit teuren Wohnlagen, zahlreichen Konzernenklaven, niedriger Kriminalität und besonders schnellen ZDF-Reaktionen. Die Zusammenfassung folgt dem Bezirkskapitel der angegebenen Edition; heutige Grenzen dienen nur der geografischen Einordnung.","description_source":"The Third Parallel, S. 10-39","description_kind":"Bezirksprofil","description_has_more":true,"detail_plans":[],"alternate_locations":[],"sources":[{"bookId":"third-parallel-sr6","title":"The Third Parallel","edition":"SR6","citation":"The Third Parallel, S. 10-39","purpose":"description"}],"map_sources":[],"editions":["SR6"],"edition_descriptions":{"SR6":{"kind":"Bezirksprofil","preview":"Broomfield ist ein wohlhabender Vorstadtdistrikt mit teuren Wohnlagen, zahlreichen Konzernenklaven, niedriger Kriminalität und besonders schnellen ZDF-Reaktionen.","full":"Broomfield ist ein wohlhabender Vorstadtdistrikt mit teuren Wohnlagen, zahlreichen Konzernenklaven, niedriger Kriminalität und besonders schnellen ZDF-Reaktionen. Die Zusammenfassung folgt dem Bezirkskapitel der angegebenen Edition; heutige Grenzen dienen nur der geografischen Einordnung.","hasMore":true,"hasExcerpt":true,"sources":[{"bookId":"third-parallel-sr6","title":"The Third Parallel","edition":"SR6","citation":"The Third Parallel, S. 10-39","purpose":"description"}]}}}},{"type":"Feature","geometry":{"type":"Point","coordinates":[-104.9878,39.7441]},"properties":{"id":111,"global_id":"denver:place:111-brown-palace-hotel","name":"Brown Palace Hotel","aliases":[],"category":"Hotels","detail_map":"The Hub","source_pages":"The Third Parallel, S. 10-39","map_source":"The Third Parallel","placement_note":"Erhaltener geographischer Bezugspunkt","accuracy":"Geographischer Bezugspunkt","source_map":"denver-content","source_panel":"The Hub","description_preview":"Brown Palace Hotel ist ein in The Third Parallel belegter Schauplatz im Bereich The Hub.","description_full":"Brown Palace Hotel ist ein in The Third Parallel belegter Schauplatz im Bereich The Hub. Die Position folgt einem erhaltenen heutigen Bezugspunkt.","description_source":"The Third Parallel, S. 10-39","description_kind":"Ortsprofil","description_has_more":true,"detail_plans":[],"alternate_locations":[],"sources":[{"bookId":"third-parallel-sr6","title":"The Third Parallel","edition":"SR6","citation":"The Third Parallel, S. 10-39","purpose":"description"},{"bookId":"denver-city-shadows-sr2","title":"Denver: The City of Shadows","edition":"SR2","citation":"Denver: The City of Shadows, Abschnitt UCAS Sector","purpose":"description"},{"bookId":"spy-games-sr4","title":"Spy Games","edition":"SR4","citation":"Spy Games, Denver-Kapitel S. 6-86","purpose":"description"}],"map_sources":[],"editions":["SR6","SR2","SR4"],"edition_descriptions":{"SR6":{"kind":"Ortsprofil","preview":"Brown Palace Hotel ist ein in The Third Parallel belegter Schauplatz im Bereich The Hub.","full":"Brown Palace Hotel ist ein in The Third Parallel belegter Schauplatz im Bereich The Hub. Die Position folgt einem erhaltenen heutigen Bezugspunkt.","hasMore":true,"hasExcerpt":true,"sources":[{"bookId":"third-parallel-sr6","title":"The Third Parallel","edition":"SR6","citation":"The Third Parallel, S. 10-39","purpose":"description"}]},"SR2":{"kind":"Quellennachweis","preview":"Brown Palace Hotel ist für SR2 in Denver: The City of Shadows belegt.","full":"Brown Palace Hotel ist für SR2 in Denver: The City of Shadows belegt. Der Eintrag wird editionsübergreifend mit demselben Ort zusammengeführt.","hasMore":true,"hasExcerpt":false,"sources":[{"bookId":"denver-city-shadows-sr2","title":"Denver: The City of Shadows","edition":"SR2","citation":"Denver: The City of Shadows, Abschnitt UCAS Sector","purpose":"description"}]},"SR4":{"kind":"Ortsprofil","preview":"Das Brown Palace schützt seine wertvolle Kunst besser als seine Matrix und eignet sich daher besonders zum Platzieren langfristiger Überwachungstechnik.","full":"Das Brown Palace schützt seine wertvolle Kunst besser als seine Matrix und eignet sich daher besonders zum Platzieren langfristiger Überwachungstechnik. Die Position ist auf den belegten Stadt- oder Teilraum angenähert; eine hausgenaue Lage ist aus dem Datenmaterial nicht sicher ableitbar.","hasMore":true,"hasExcerpt":true,"sources":[{"bookId":"spy-games-sr4","title":"Spy Games","edition":"SR4","citation":"Spy Games, Denver-Kapitel S. 6-86","purpose":"description"}]}}}},{"type":"Feature","geometry":{"type":"Point","coordinates":[-104.876395,39.771768]},"properties":{"id":97,"global_id":"denver:place:97-buckley-air-force-base","name":"Buckley Air Force Base","aliases":[],"category":"Sicherheit und Justiz","detail_map":"Stapleton","source_pages":"The Third Parallel, S. 10-39","map_source":"The Third Parallel","placement_note":"Nach Quellenbezug im Teilraum Stapleton angenähert","accuracy":"Teilraumzuordnung; Feinposition vorläufig","source_map":"denver-content","source_panel":"Stapleton","description_preview":"Buckley Air Force Base ist ein in The Third Parallel belegter Schauplatz im Bereich Stapleton.","description_full":"Buckley Air Force Base ist ein in The Third Parallel belegter Schauplatz im Bereich Stapleton. Die Position ist auf den belegten Stadt- oder Teilraum angenähert; eine hausgenaue Lage ist aus dem Datenmaterial nicht sicher ableitbar.","description_source":"The Third Parallel, S. 10-39","description_kind":"Ortsprofil","description_has_more":true,"detail_plans":[],"alternate_locations":[],"sources":[{"bookId":"third-parallel-sr6","title":"The Third Parallel","edition":"SR6","citation":"The Third Parallel, S. 10-39","purpose":"description"}],"map_sources":[],"editions":["SR6"],"edition_descriptions":{"SR6":{"kind":"Ortsprofil","preview":"Buckley Air Force Base ist ein in The Third Parallel belegter Schauplatz im Bereich Stapleton.","full":"Buckley Air Force Base ist ein in The Third Parallel belegter Schauplatz im Bereich Stapleton. Die Position ist auf den belegten Stadt- oder Teilraum angenähert; eine hausgenaue Lage ist aus dem Datenmaterial nicht sicher ableitbar.","hasMore":true,"hasExcerpt":true,"sources":[{"bookId":"third-parallel-sr6","title":"The Third Parallel","edition":"SR6","citation":"The Third Parallel, S. 10-39","purpose":"description"}]}}}},{"type":"Feature","geometry":{"type":"Point","coordinates":[-104.981152,39.741022]},"properties":{"id":153,"global_id":"denver:place:153-burnsley-hotel","name":"Burnsley Hotel","aliases":[],"category":"Hotels","detail_map":"Aztlan Sector","source_pages":"Denver: The City of Shadows, Abschnitt Aztlan Sector","map_source":"Denver: The City of Shadows","placement_note":"Nach Quellenbezug im Teilraum Aztlan Sector angenähert","accuracy":"Teilraumzuordnung; Feinposition vorläufig","source_map":"denver-content","source_panel":"Aztlan Sector","description_preview":"Burnsley Hotel ist ein in Denver: The City of Shadows belegter Schauplatz im Bereich Aztlan Sector.","description_full":"Burnsley Hotel ist ein in Denver: The City of Shadows belegter Schauplatz im Bereich Aztlan Sector. Die Position ist auf den belegten Stadt- oder Teilraum angenähert; eine hausgenaue Lage ist aus dem Datenmaterial nicht sicher ableitbar.","description_source":"Denver: The City of Shadows, Abschnitt Aztlan Sector","description_kind":"Ortsprofil","description_has_more":true,"detail_plans":[],"alternate_locations":[],"sources":[{"bookId":"denver-city-shadows-sr2","title":"Denver: The City of Shadows","edition":"SR2","citation":"Denver: The City of Shadows, Abschnitt Aztlan Sector","purpose":"description"}],"map_sources":[],"editions":["SR2"],"edition_descriptions":{"SR2":{"kind":"Ortsprofil","preview":"Burnsley Hotel ist ein in Denver: The City of Shadows belegter Schauplatz im Bereich Aztlan Sector.","full":"Burnsley Hotel ist ein in Denver: The City of Shadows belegter Schauplatz im Bereich Aztlan Sector. Die Position ist auf den belegten Stadt- oder Teilraum angenähert; eine hausgenaue Lage ist aus dem Datenmaterial nicht sicher ableitbar.","hasMore":true,"hasExcerpt":true,"sources":[{"bookId":"denver-city-shadows-sr2","title":"Denver: The City of Shadows","edition":"SR2","citation":"Denver: The City of Shadows, Abschnitt Aztlan Sector","purpose":"description"}]}}}},{"type":"Feature","geometry":{"type":"Point","coordinates":[-104.974588,39.753769]},"properties":{"id":184,"global_id":"denver:place:184-cafe-giovanni","name":"Café Giovanni","aliases":[],"category":"Restaurants","detail_map":"UCAS Sector","source_pages":"Denver: The City of Shadows, Abschnitt UCAS Sector","map_source":"Denver: The City of Shadows","placement_note":"Nach Quellenbezug im Teilraum UCAS Sector angenähert","accuracy":"Teilraumzuordnung; Feinposition vorläufig","source_map":"denver-content","source_panel":"UCAS Sector","description_preview":"Café Giovanni ist ein in Denver: The City of Shadows belegter Schauplatz im Bereich UCAS Sector.","description_full":"Café Giovanni ist ein in Denver: The City of Shadows belegter Schauplatz im Bereich UCAS Sector. Die Position ist auf den belegten Stadt- oder Teilraum angenähert; eine hausgenaue Lage ist aus dem Datenmaterial nicht sicher ableitbar.","description_source":"Denver: The City of Shadows, Abschnitt UCAS Sector","description_kind":"Ortsprofil","description_has_more":true,"detail_plans":[],"alternate_locations":[],"sources":[{"bookId":"denver-city-shadows-sr2","title":"Denver: The City of Shadows","edition":"SR2","citation":"Denver: The City of Shadows, Abschnitt UCAS Sector","purpose":"description"}],"map_sources":[],"editions":["SR2"],"edition_descriptions":{"SR2":{"kind":"Ortsprofil","preview":"Café Giovanni ist ein in Denver: The City of Shadows belegter Schauplatz im Bereich UCAS Sector.","full":"Café Giovanni ist ein in Denver: The City of Shadows belegter Schauplatz im Bereich UCAS Sector. Die Position ist auf den belegten Stadt- oder Teilraum angenähert; eine hausgenaue Lage ist aus dem Datenmaterial nicht sicher ableitbar.","hasMore":true,"hasExcerpt":true,"sources":[{"bookId":"denver-city-shadows-sr2","title":"Denver: The City of Shadows","edition":"SR2","citation":"Denver: The City of Shadows, Abschnitt UCAS Sector","purpose":"description"}]}}}},{"type":"Feature","geometry":{"type":"Point","coordinates":[-104.973421,39.757666]},"properties":{"id":181,"global_id":"denver:place:181-cambridge-hotel","name":"Cambridge Hotel","aliases":[],"category":"Hotels","detail_map":"UCAS Sector","source_pages":"Denver: The City of Shadows, Abschnitt UCAS Sector","map_source":"Denver: The City of Shadows","placement_note":"Nach Quellenbezug im Teilraum UCAS Sector angenähert","accuracy":"Teilraumzuordnung; Feinposition vorläufig","source_map":"denver-content","source_panel":"UCAS Sector","description_preview":"Cambridge Hotel ist ein in Denver: The City of Shadows belegter Schauplatz im Bereich UCAS Sector.","description_full":"Cambridge Hotel ist ein in Denver: The City of Shadows belegter Schauplatz im Bereich UCAS Sector. Die Position ist auf den belegten Stadt- oder Teilraum angenähert; eine hausgenaue Lage ist aus dem Datenmaterial nicht sicher ableitbar.","description_source":"Denver: The City of Shadows, Abschnitt UCAS Sector","description_kind":"Ortsprofil","description_has_more":true,"detail_plans":[],"alternate_locations":[],"sources":[{"bookId":"denver-city-shadows-sr2","title":"Denver: The City of Shadows","edition":"SR2","citation":"Denver: The City of Shadows, Abschnitt UCAS Sector","purpose":"description"}],"map_sources":[],"editions":["SR2"],"edition_descriptions":{"SR2":{"kind":"Ortsprofil","preview":"Cambridge Hotel ist ein in Denver: The City of Shadows belegter Schauplatz im Bereich UCAS Sector.","full":"Cambridge Hotel ist ein in Denver: The City of Shadows belegter Schauplatz im Bereich UCAS Sector. Die Position ist auf den belegten Stadt- oder Teilraum angenähert; eine hausgenaue Lage ist aus dem Datenmaterial nicht sicher ableitbar.","hasMore":true,"hasExcerpt":true,"sources":[{"bookId":"denver-city-shadows-sr2","title":"Denver: The City of Shadows","edition":"SR2","citation":"Denver: The City of Shadows, Abschnitt UCAS Sector","purpose":"description"}]}}}},{"type":"Feature","geometry":{"type":"Point","coordinates":[-104.971957,39.876868]},"properties":{"id":144,"global_id":"denver:place:144-carnimore","name":"Carnimore","aliases":[],"category":"Sonstige Spots","detail_map":"Thornton","source_pages":"The Third Parallel, S. 10-39","map_source":"The Third Parallel","placement_note":"Nach Quellenbezug im Teilraum Thornton angenähert","accuracy":"Teilraumzuordnung; Feinposition vorläufig","source_map":"denver-content","source_panel":"Thornton","description_preview":"Carnimore ist ein in The Third Parallel belegter Schauplatz im Bereich Thornton.","description_full":"Carnimore ist ein in The Third Parallel belegter Schauplatz im Bereich Thornton. Die Position ist auf den belegten Stadt- oder Teilraum angenähert; eine hausgenaue Lage ist aus dem Datenmaterial nicht sicher ableitbar.","description_source":"The Third Parallel, S. 10-39","description_kind":"Ortsprofil","description_has_more":true,"detail_plans":[],"alternate_locations":[],"sources":[{"bookId":"third-parallel-sr6","title":"The Third Parallel","edition":"SR6","citation":"The Third Parallel, S. 10-39","purpose":"description"}],"map_sources":[],"editions":["SR6"],"edition_descriptions":{"SR6":{"kind":"Ortsprofil","preview":"Carnimore ist ein in The Third Parallel belegter Schauplatz im Bereich Thornton.","full":"Carnimore ist ein in The Third Parallel belegter Schauplatz im Bereich Thornton. Die Position ist auf den belegten Stadt- oder Teilraum angenähert; eine hausgenaue Lage ist aus dem Datenmaterial nicht sicher ableitbar.","hasMore":true,"hasExcerpt":true,"sources":[{"bookId":"third-parallel-sr6","title":"The Third Parallel","edition":"SR6","citation":"The Third Parallel, S. 10-39","purpose":"description"}]}}}},{"type":"Feature","geometry":{"type":"Point","coordinates":[-105.0708,39.7415]},"properties":{"id":80,"global_id":"denver:place:80-casa-bonita","name":"Casa Bonita","aliases":[],"category":"Sonstige Spots","detail_map":"Lakewood","source_pages":"The Third Parallel, S. 10-39","map_source":"The Third Parallel","placement_note":"Erhaltener geographischer Bezugspunkt","accuracy":"Geographischer Bezugspunkt","source_map":"denver-content","source_panel":"Lakewood","description_preview":"Casa Bonita ist ein in The Third Parallel belegter Schauplatz im Bereich Lakewood.","description_full":"Casa Bonita ist ein in The Third Parallel belegter Schauplatz im Bereich Lakewood. Die Position folgt einem erhaltenen heutigen Bezugspunkt.","description_source":"The Third Parallel, S. 10-39","description_kind":"Ortsprofil","description_has_more":true,"detail_plans":[],"alternate_locations":[],"sources":[{"bookId":"third-parallel-sr6","title":"The Third Parallel","edition":"SR6","citation":"The Third Parallel, S. 10-39","purpose":"description"}],"map_sources":[],"editions":["SR6"],"edition_descriptions":{"SR6":{"kind":"Ortsprofil","preview":"Casa Bonita ist ein in The Third Parallel belegter Schauplatz im Bereich Lakewood.","full":"Casa Bonita ist ein in The Third Parallel belegter Schauplatz im Bereich Lakewood. Die Position folgt einem erhaltenen heutigen Bezugspunkt.","hasMore":true,"hasExcerpt":true,"sources":[{"bookId":"third-parallel-sr6","title":"The Third Parallel","edition":"SR6","citation":"The Third Parallel, S. 10-39","purpose":"description"}]}}}},{"type":"Feature","geometry":{"type":"Point","coordinates":[-104.874991,39.775439]},"properties":{"id":98,"global_id":"denver:place:98-casquilho-imports","name":"Casquilho Imports","aliases":[],"category":"Einkaufen","detail_map":"Stapleton","source_pages":"The Third Parallel - Denver Map, Nr. 4","map_source":"The Third Parallel","placement_note":"Nach Quellenbezug im Teilraum Stapleton angenähert","accuracy":"Teilraumzuordnung; Feinposition vorläufig","source_map":"denver-content","source_panel":"Stapleton","description_preview":"Casquilho Imports ist ein in The Third Parallel belegter Schauplatz im Bereich Stapleton.","description_full":"Casquilho Imports ist ein in The Third Parallel belegter Schauplatz im Bereich Stapleton. Die Position ist auf den belegten Stadt- oder Teilraum angenähert; eine hausgenaue Lage ist aus dem Datenmaterial nicht sicher ableitbar.","description_source":"The Third Parallel - Denver Map, Nr. 4","description_kind":"Ortsprofil","description_has_more":true,"detail_plans":[],"alternate_locations":[],"sources":[{"bookId":"third-parallel-sr6","title":"The Third Parallel","edition":"SR6","citation":"The Third Parallel - Denver Map, Nr. 4","purpose":"description"}],"map_sources":[],"editions":["SR6"],"edition_descriptions":{"SR6":{"kind":"Ortsprofil","preview":"Casquilho Imports ist ein in The Third Parallel belegter Schauplatz im Bereich Stapleton.","full":"Casquilho Imports ist ein in The Third Parallel belegter Schauplatz im Bereich Stapleton. Die Position ist auf den belegten Stadt- oder Teilraum angenähert; eine hausgenaue Lage ist aus dem Datenmaterial nicht sicher ableitbar.","hasMore":true,"hasExcerpt":true,"sources":[{"bookId":"third-parallel-sr6","title":"The Third Parallel","edition":"SR6","citation":"The Third Parallel - Denver Map, Nr. 4","purpose":"description"}]}},"map_number_sr6":4}},{"type":"Feature","geometry":{"type":"Point","coordinates":[-104.856712,39.379043]},"properties":{"id":33,"global_id":"denver:place:33-castle-rock","name":"Castle Rock","aliases":[],"category":"Bezirke","detail_map":"Castle Rock","source_pages":"The Third Parallel, S. 10-39","map_source":"The Third Parallel","placement_note":"Lore-Bezirkszentrum Castle Rock","accuracy":"Lore-Bezirk; Grenzebene separat geprüft","source_map":"denver-content","source_panel":"Castle Rock","description_preview":"Castle Rock konzentriert seine kritische Infrastruktur entlang der Interstate 25; abseits dieses Korridors ist der Distrikt dünn besiedelt und weitgehend ländlich.","description_full":"Castle Rock konzentriert seine kritische Infrastruktur entlang der Interstate 25; abseits dieses Korridors ist der Distrikt dünn besiedelt und weitgehend ländlich. Die Zusammenfassung folgt dem Bezirkskapitel der angegebenen Edition; heutige Grenzen dienen nur der geografischen Einordnung.","description_source":"The Third Parallel, S. 10-39","description_kind":"Bezirksprofil","description_has_more":true,"detail_plans":[],"alternate_locations":[],"sources":[{"bookId":"third-parallel-sr6","title":"The Third Parallel","edition":"SR6","citation":"The Third Parallel, S. 10-39","purpose":"description"}],"map_sources":[],"editions":["SR6"],"edition_descriptions":{"SR6":{"kind":"Bezirksprofil","preview":"Castle Rock konzentriert seine kritische Infrastruktur entlang der Interstate 25; abseits dieses Korridors ist der Distrikt dünn besiedelt und weitgehend ländlich.","full":"Castle Rock konzentriert seine kritische Infrastruktur entlang der Interstate 25; abseits dieses Korridors ist der Distrikt dünn besiedelt und weitgehend ländlich. Die Zusammenfassung folgt dem Bezirkskapitel der angegebenen Edition; heutige Grenzen dienen nur der geografischen Einordnung.","hasMore":true,"hasExcerpt":true,"sources":[{"bookId":"third-parallel-sr6","title":"The Third Parallel","edition":"SR6","citation":"The Third Parallel, S. 10-39","purpose":"description"}]}}}},{"type":"Feature","geometry":{"type":"Point","coordinates":[-104.858555,39.367859]},"properties":{"id":34,"global_id":"denver:place:34-castle-rock-fusion-plant","name":"Castle Rock Fusion Plant","aliases":[],"category":"Sonstige Spots","detail_map":"Castle Rock","source_pages":"The Third Parallel, S. 10-39","map_source":"The Third Parallel","placement_note":"Nach Quellenbezug im Teilraum Castle Rock angenähert","accuracy":"Teilraumzuordnung; Feinposition vorläufig","source_map":"denver-content","source_panel":"Castle Rock","description_preview":"Castle Rock Fusion Plant ist ein in The Third Parallel belegter Schauplatz im Bereich Castle Rock.","description_full":"Castle Rock Fusion Plant ist ein in The Third Parallel belegter Schauplatz im Bereich Castle Rock. Die Position ist auf den belegten Stadt- oder Teilraum angenähert; eine hausgenaue Lage ist aus dem Datenmaterial nicht sicher ableitbar.","description_source":"The Third Parallel, S. 10-39","description_kind":"Ortsprofil","description_has_more":true,"detail_plans":[],"alternate_locations":[],"sources":[{"bookId":"third-parallel-sr6","title":"The Third Parallel","edition":"SR6","citation":"The Third Parallel, S. 10-39","purpose":"description"}],"map_sources":[],"editions":["SR6"],"edition_descriptions":{"SR6":{"kind":"Ortsprofil","preview":"Castle Rock Fusion Plant ist ein in The Third Parallel belegter Schauplatz im Bereich Castle Rock.","full":"Castle Rock Fusion Plant ist ein in The Third Parallel belegter Schauplatz im Bereich Castle Rock. Die Position ist auf den belegten Stadt- oder Teilraum angenähert; eine hausgenaue Lage ist aus dem Datenmaterial nicht sicher ableitbar.","hasMore":true,"hasExcerpt":true,"sources":[{"bookId":"third-parallel-sr6","title":"The Third Parallel","edition":"SR6","citation":"The Third Parallel, S. 10-39","purpose":"description"}]}}}},{"type":"Feature","geometry":{"type":"Point","coordinates":[-104.870017,39.576931]},"properties":{"id":37,"global_id":"denver:place:37-centennial","name":"Centennial","aliases":[],"category":"Bezirke","detail_map":"Centennial","source_pages":"The Third Parallel, S. 10-39","map_source":"The Third Parallel","placement_note":"Lore-Bezirkszentrum Centennial","accuracy":"Lore-Bezirk; Grenzebene separat geprüft","source_map":"denver-content","source_panel":"Centennial","description_preview":"Centennial ist das Technologiezentrum der FRFZ, Sitz zahlreicher Matrixfirmen und der University of Denver; nach der Reclamation übernahm es zudem Teile des zerstörten Englewood.","description_full":"Centennial ist das Technologiezentrum der FRFZ, Sitz zahlreicher Matrixfirmen und der University of Denver; nach der Reclamation übernahm es zudem Teile des zerstörten Englewood. Die Zusammenfassung folgt dem Bezirkskapitel der angegebenen Edition; heutige Grenzen dienen nur der geografischen Einordnung.","description_source":"The Third Parallel, S. 10-39","description_kind":"Bezirksprofil","description_has_more":true,"detail_plans":[],"alternate_locations":[],"sources":[{"bookId":"third-parallel-sr6","title":"The Third Parallel","edition":"SR6","citation":"The Third Parallel, S. 10-39","purpose":"description"}],"map_sources":[],"editions":["SR6"],"edition_descriptions":{"SR6":{"kind":"Bezirksprofil","preview":"Centennial ist das Technologiezentrum der FRFZ, Sitz zahlreicher Matrixfirmen und der University of Denver; nach der Reclamation übernahm es zudem Teile des zerstörten Englewood.","full":"Centennial ist das Technologiezentrum der FRFZ, Sitz zahlreicher Matrixfirmen und der University of Denver; nach der Reclamation übernahm es zudem Teile des zerstörten Englewood. Die Zusammenfassung folgt dem Bezirkskapitel der angegebenen Edition; heutige Grenzen dienen nur der geografischen Einordnung.","hasMore":true,"hasExcerpt":true,"sources":[{"bookId":"third-parallel-sr6","title":"The Third Parallel","edition":"SR6","citation":"The Third Parallel, S. 10-39","purpose":"description"}]}}}},{"type":"Feature","geometry":{"type":"Point","coordinates":[-104.881879,39.58359]},"properties":{"id":39,"global_id":"denver:place:39-centennial-airport","name":"Centennial Airport","aliases":[],"category":"Verkehr","detail_map":"Centennial","source_pages":"The Third Parallel, S. 10-39","map_source":"The Third Parallel","placement_note":"Nach Quellenbezug im Teilraum Centennial angenähert","accuracy":"Teilraumzuordnung; Feinposition vorläufig","source_map":"denver-content","source_panel":"Centennial","description_preview":"Centennial Airport ist ein in The Third Parallel belegter Schauplatz im Bereich Centennial.","description_full":"Centennial Airport ist ein in The Third Parallel belegter Schauplatz im Bereich Centennial. Die Position ist auf den belegten Stadt- oder Teilraum angenähert; eine hausgenaue Lage ist aus dem Datenmaterial nicht sicher ableitbar.","description_source":"The Third Parallel, S. 10-39","description_kind":"Ortsprofil","description_has_more":true,"detail_plans":[],"alternate_locations":[],"sources":[{"bookId":"third-parallel-sr6","title":"The Third Parallel","edition":"SR6","citation":"The Third Parallel, S. 10-39","purpose":"description"}],"map_sources":[],"editions":["SR6"],"edition_descriptions":{"SR6":{"kind":"Ortsprofil","preview":"Centennial Airport ist ein in The Third Parallel belegter Schauplatz im Bereich Centennial.","full":"Centennial Airport ist ein in The Third Parallel belegter Schauplatz im Bereich Centennial. Die Position ist auf den belegten Stadt- oder Teilraum angenähert; eine hausgenaue Lage ist aus dem Datenmaterial nicht sicher ableitbar.","hasMore":true,"hasExcerpt":true,"sources":[{"bookId":"third-parallel-sr6","title":"The Third Parallel","edition":"SR6","citation":"The Third Parallel, S. 10-39","purpose":"description"}]}}}},{"type":"Feature","geometry":{"type":"Point","coordinates":[-105.079634,39.929114]},"properties":{"id":28,"global_id":"denver:place:28-cerebrotech-factory","name":"Cerebrotech Factory","aliases":[],"category":"Konzerne","detail_map":"Broomfield","source_pages":"The Third Parallel, S. 10-39","map_source":"The Third Parallel","placement_note":"Nach Quellenbezug im Teilraum Broomfield angenähert","accuracy":"Teilraumzuordnung; Feinposition vorläufig","source_map":"denver-content","source_panel":"Broomfield","description_preview":"Cerebrotech Factory ist ein in The Third Parallel belegter Schauplatz im Bereich Broomfield.","description_full":"Cerebrotech Factory ist ein in The Third Parallel belegter Schauplatz im Bereich Broomfield. Die Position ist auf den belegten Stadt- oder Teilraum angenähert; eine hausgenaue Lage ist aus dem Datenmaterial nicht sicher ableitbar.","description_source":"The Third Parallel, S. 10-39","description_kind":"Ortsprofil","description_has_more":true,"detail_plans":[],"alternate_locations":[],"sources":[{"bookId":"third-parallel-sr6","title":"The Third Parallel","edition":"SR6","citation":"The Third Parallel, S. 10-39","purpose":"description"}],"map_sources":[],"editions":["SR6"],"edition_descriptions":{"SR6":{"kind":"Ortsprofil","preview":"Cerebrotech Factory ist ein in The Third Parallel belegter Schauplatz im Bereich Broomfield.","full":"Cerebrotech Factory ist ein in The Third Parallel belegter Schauplatz im Bereich Broomfield. Die Position ist auf den belegten Stadt- oder Teilraum angenähert; eine hausgenaue Lage ist aus dem Datenmaterial nicht sicher ableitbar.","hasMore":true,"hasExcerpt":true,"sources":[{"bookId":"third-parallel-sr6","title":"The Third Parallel","edition":"SR6","citation":"The Third Parallel, S. 10-39","purpose":"description"}]}}}},{"type":"Feature","geometry":{"type":"Point","coordinates":[-104.87846,39.581119]},"properties":{"id":40,"global_id":"denver:place:40-chamberlain-airport","name":"Chamberlain Airport","aliases":[],"category":"Verkehr","detail_map":"Centennial","source_pages":"The Third Parallel, S. 10-39","map_source":"The Third Parallel","placement_note":"Nach Quellenbezug im Teilraum Centennial angenähert","accuracy":"Teilraumzuordnung; Feinposition vorläufig","source_map":"denver-content","source_panel":"Centennial","description_preview":"Chamberlain Airport ist ein in The Third Parallel belegter Schauplatz im Bereich Centennial.","description_full":"Chamberlain Airport ist ein in The Third Parallel belegter Schauplatz im Bereich Centennial. Die Position ist auf den belegten Stadt- oder Teilraum angenähert; eine hausgenaue Lage ist aus dem Datenmaterial nicht sicher ableitbar.","description_source":"The Third Parallel, S. 10-39","description_kind":"Ortsprofil","description_has_more":true,"detail_plans":[],"alternate_locations":[],"sources":[{"bookId":"third-parallel-sr6","title":"The Third Parallel","edition":"SR6","citation":"The Third Parallel, S. 10-39","purpose":"description"}],"map_sources":[],"editions":["SR6"],"edition_descriptions":{"SR6":{"kind":"Ortsprofil","preview":"Chamberlain Airport ist ein in The Third Parallel belegter Schauplatz im Bereich Centennial.","full":"Chamberlain Airport ist ein in The Third Parallel belegter Schauplatz im Bereich Centennial. Die Position ist auf den belegten Stadt- oder Teilraum angenähert; eine hausgenaue Lage ist aus dem Datenmaterial nicht sicher ableitbar.","hasMore":true,"hasExcerpt":true,"sources":[{"bookId":"third-parallel-sr6","title":"The Third Parallel","edition":"SR6","citation":"The Third Parallel, S. 10-39","purpose":"description"}]}}}},{"type":"Feature","geometry":{"type":"Point","coordinates":[-104.825514,39.982824]},"properties":{"id":21,"global_id":"denver:place:21-change-the-range-solar-farm","name":"Change the Range Solar Farm","aliases":[],"category":"Sonstige Spots","detail_map":"Brighton","source_pages":"The Third Parallel, S. 10-39","map_source":"The Third Parallel","placement_note":"Nach Quellenbezug im Teilraum Brighton angenähert","accuracy":"Teilraumzuordnung; Feinposition vorläufig","source_map":"denver-content","source_panel":"Brighton","description_preview":"Change the Range Solar Farm ist ein in The Third Parallel belegter Schauplatz im Bereich Brighton.","description_full":"Change the Range Solar Farm ist ein in The Third Parallel belegter Schauplatz im Bereich Brighton. Die Position ist auf den belegten Stadt- oder Teilraum angenähert; eine hausgenaue Lage ist aus dem Datenmaterial nicht sicher ableitbar.","description_source":"The Third Parallel, S. 10-39","description_kind":"Ortsprofil","description_has_more":true,"detail_plans":[],"alternate_locations":[],"sources":[{"bookId":"third-parallel-sr6","title":"The Third Parallel","edition":"SR6","citation":"The Third Parallel, S. 10-39","purpose":"description"}],"map_sources":[],"editions":["SR6"],"edition_descriptions":{"SR6":{"kind":"Ortsprofil","preview":"Change the Range Solar Farm ist ein in The Third Parallel belegter Schauplatz im Bereich Brighton.","full":"Change the Range Solar Farm ist ein in The Third Parallel belegter Schauplatz im Bereich Brighton. Die Position ist auf den belegten Stadt- oder Teilraum angenähert; eine hausgenaue Lage ist aus dem Datenmaterial nicht sicher ableitbar.","hasMore":true,"hasExcerpt":true,"sources":[{"bookId":"third-parallel-sr6","title":"The Third Parallel","edition":"SR6","citation":"The Third Parallel, S. 10-39","purpose":"description"}]}}}},{"type":"Feature","geometry":{"type":"Point","coordinates":[-104.883478,39.576239]},"properties":{"id":41,"global_id":"denver:place:41-cherry-creek-country-club","name":"Cherry Creek Country Club","aliases":[],"category":"Bars und Clubs","detail_map":"Centennial","source_pages":"The Third Parallel, S. 10-39","map_source":"The Third Parallel","placement_note":"Nach Quellenbezug im Teilraum Centennial angenähert","accuracy":"Teilraumzuordnung; Feinposition vorläufig","source_map":"denver-content","source_panel":"Centennial","description_preview":"Cherry Creek Country Club ist ein in The Third Parallel belegter Schauplatz im Bereich Centennial.","description_full":"Cherry Creek Country Club ist ein in The Third Parallel belegter Schauplatz im Bereich Centennial. Die Position ist auf den belegten Stadt- oder Teilraum angenähert; eine hausgenaue Lage ist aus dem Datenmaterial nicht sicher ableitbar.","description_source":"The Third Parallel, S. 10-39","description_kind":"Ortsprofil","description_has_more":true,"detail_plans":[],"alternate_locations":[],"sources":[{"bookId":"third-parallel-sr6","title":"The Third Parallel","edition":"SR6","citation":"The Third Parallel, S. 10-39","purpose":"description"}],"map_sources":[],"editions":["SR6"],"edition_descriptions":{"SR6":{"kind":"Ortsprofil","preview":"Cherry Creek Country Club ist ein in The Third Parallel belegter Schauplatz im Bereich Centennial.","full":"Cherry Creek Country Club ist ein in The Third Parallel belegter Schauplatz im Bereich Centennial. Die Position ist auf den belegten Stadt- oder Teilraum angenähert; eine hausgenaue Lage ist aus dem Datenmaterial nicht sicher ableitbar.","hasMore":true,"hasExcerpt":true,"sources":[{"bookId":"third-parallel-sr6","title":"The Third Parallel","edition":"SR6","citation":"The Third Parallel, S. 10-39","purpose":"description"}]}}}},{"type":"Feature","geometry":{"type":"Point","coordinates":[-104.8675,38.7441]},"properties":{"id":50,"global_id":"denver:place:50-cheyenne-mountain","name":"Cheyenne Mountain","aliases":[],"category":"Sonstige Spots","detail_map":"Colorado Springs","source_pages":"The Third Parallel, S. 10-39","map_source":"The Third Parallel","placement_note":"Erhaltener geographischer Bezugspunkt","accuracy":"Geographischer Bezugspunkt","source_map":"denver-content","source_panel":"Colorado Springs","description_preview":"Cheyenne Mountain ist ein in The Third Parallel belegter Schauplatz im Bereich Colorado Springs.","description_full":"Cheyenne Mountain ist ein in The Third Parallel belegter Schauplatz im Bereich Colorado Springs. Die Position folgt einem erhaltenen heutigen Bezugspunkt.","description_source":"The Third Parallel, S. 10-39","description_kind":"Ortsprofil","description_has_more":true,"detail_plans":[],"alternate_locations":[],"sources":[{"bookId":"third-parallel-sr6","title":"The Third Parallel","edition":"SR6","citation":"The Third Parallel, S. 10-39","purpose":"description"}],"map_sources":[],"editions":["SR6"],"edition_descriptions":{"SR6":{"kind":"Ortsprofil","preview":"Cheyenne Mountain ist ein in The Third Parallel belegter Schauplatz im Bereich Colorado Springs.","full":"Cheyenne Mountain ist ein in The Third Parallel belegter Schauplatz im Bereich Colorado Springs. Die Position folgt einem erhaltenen heutigen Bezugspunkt.","hasMore":true,"hasExcerpt":true,"sources":[{"bookId":"third-parallel-sr6","title":"The Third Parallel","edition":"SR6","citation":"The Third Parallel, S. 10-39","purpose":"description"}]}}}},{"type":"Feature","geometry":{"type":"Point","coordinates":[-104.889716,39.786939]},"properties":{"id":99,"global_id":"denver:place:99-children-of-the-dragon-headquarters","name":"Children of the Dragon Headquarters","aliases":[],"category":"Konzerne","detail_map":"Stapleton","source_pages":"The Third Parallel - Denver Map, Nr. 5","map_source":"The Third Parallel","placement_note":"Nach Quellenbezug im Teilraum Stapleton angenähert","accuracy":"Teilraumzuordnung; Feinposition vorläufig","source_map":"denver-content","source_panel":"Stapleton","description_preview":"Children of the Dragon Headquarters ist ein in The Third Parallel belegter Schauplatz im Bereich Stapleton.","description_full":"Children of the Dragon Headquarters ist ein in The Third Parallel belegter Schauplatz im Bereich Stapleton. Die Position ist auf den belegten Stadt- oder Teilraum angenähert; eine hausgenaue Lage ist aus dem Datenmaterial nicht sicher ableitbar.","description_source":"The Third Parallel - Denver Map, Nr. 5","description_kind":"Ortsprofil","description_has_more":true,"detail_plans":[],"alternate_locations":[],"sources":[{"bookId":"third-parallel-sr6","title":"The Third Parallel","edition":"SR6","citation":"The Third Parallel - Denver Map, Nr. 5","purpose":"description"}],"map_sources":[],"editions":["SR6"],"edition_descriptions":{"SR6":{"kind":"Ortsprofil","preview":"Children of the Dragon Headquarters ist ein in The Third Parallel belegter Schauplatz im Bereich Stapleton.","full":"Children of the Dragon Headquarters ist ein in The Third Parallel belegter Schauplatz im Bereich Stapleton. Die Position ist auf den belegten Stadt- oder Teilraum angenähert; eine hausgenaue Lage ist aus dem Datenmaterial nicht sicher ableitbar.","hasMore":true,"hasExcerpt":true,"sources":[{"bookId":"third-parallel-sr6","title":"The Third Parallel","edition":"SR6","citation":"The Third Parallel - Denver Map, Nr. 5","purpose":"description"}]}},"map_number_sr6":5}},{"type":"Feature","geometry":{"type":"Point","coordinates":[-104.98361,39.727597]},"properties":{"id":155,"global_id":"denver:place:155-chinampas","name":"Chinampas","aliases":[],"category":"Sonstige Spots","detail_map":"Aztlan Sector","source_pages":"Denver: The City of Shadows, Abschnitt Aztlan Sector","map_source":"Denver: The City of Shadows","placement_note":"Nach Quellenbezug im Teilraum Aztlan Sector angenähert","accuracy":"Teilraumzuordnung; Feinposition vorläufig","source_map":"denver-content","source_panel":"Aztlan Sector","description_preview":"Chinampas ist ein in Denver: The City of Shadows belegter Schauplatz im Bereich Aztlan Sector.","description_full":"Chinampas ist ein in Denver: The City of Shadows belegter Schauplatz im Bereich Aztlan Sector. Die Position ist auf den belegten Stadt- oder Teilraum angenähert; eine hausgenaue Lage ist aus dem Datenmaterial nicht sicher ableitbar.","description_source":"Denver: The City of Shadows, Abschnitt Aztlan Sector","description_kind":"Ortsprofil","description_has_more":true,"detail_plans":[],"alternate_locations":[],"sources":[{"bookId":"denver-city-shadows-sr2","title":"Denver: The City of Shadows","edition":"SR2","citation":"Denver: The City of Shadows, Abschnitt Aztlan Sector","purpose":"description"}],"map_sources":[],"editions":["SR2"],"edition_descriptions":{"SR2":{"kind":"Ortsprofil","preview":"Chinampas ist ein in Denver: The City of Shadows belegter Schauplatz im Bereich Aztlan Sector.","full":"Chinampas ist ein in Denver: The City of Shadows belegter Schauplatz im Bereich Aztlan Sector. Die Position ist auf den belegten Stadt- oder Teilraum angenähert; eine hausgenaue Lage ist aus dem Datenmaterial nicht sicher ableitbar.","hasMore":true,"hasExcerpt":true,"sources":[{"bookId":"denver-city-shadows-sr2","title":"Denver: The City of Shadows","edition":"SR2","citation":"Denver: The City of Shadows, Abschnitt Aztlan Sector","purpose":"description"}]}}}},{"type":"Feature","geometry":{"type":"Point","coordinates":[-104.995666,39.748142]},"properties":{"id":112,"global_id":"denver:place:112-church-of-the-dragon-reborn-headquarters","name":"Church of the Dragon Reborn Headquarters","aliases":[],"category":"Bars und Clubs","detail_map":"The Hub","source_pages":"The Third Parallel - Denver Map, Nr. 6","map_source":"The Third Parallel","placement_note":"Nach Quellenbezug im Teilraum The Hub angenähert","accuracy":"Teilraumzuordnung; Feinposition vorläufig","source_map":"denver-content","source_panel":"The Hub","description_preview":"Church of the Dragon Reborn Headquarters ist ein in The Third Parallel belegter Schauplatz im Bereich The Hub.","description_full":"Church of the Dragon Reborn Headquarters ist ein in The Third Parallel belegter Schauplatz im Bereich The Hub. Die Position ist auf den belegten Stadt- oder Teilraum angenähert; eine hausgenaue Lage ist aus dem Datenmaterial nicht sicher ableitbar.","description_source":"The Third Parallel - Denver Map, Nr. 6","description_kind":"Ortsprofil","description_has_more":true,"detail_plans":[],"alternate_locations":[],"sources":[{"bookId":"third-parallel-sr6","title":"The Third Parallel","edition":"SR6","citation":"The Third Parallel - Denver Map, Nr. 6","purpose":"description"}],"map_sources":[],"editions":["SR6"],"edition_descriptions":{"SR6":{"kind":"Ortsprofil","preview":"Church of the Dragon Reborn Headquarters ist ein in The Third Parallel belegter Schauplatz im Bereich The Hub.","full":"Church of the Dragon Reborn Headquarters ist ein in The Third Parallel belegter Schauplatz im Bereich The Hub. Die Position ist auf den belegten Stadt- oder Teilraum angenähert; eine hausgenaue Lage ist aus dem Datenmaterial nicht sicher ableitbar.","hasMore":true,"hasExcerpt":true,"sources":[{"bookId":"third-parallel-sr6","title":"The Third Parallel","edition":"SR6","citation":"The Third Parallel - Denver Map, Nr. 6","purpose":"description"}]}},"map_number_sr6":6}},{"type":"Feature","geometry":{"type":"Point","coordinates":[-104.813841,38.83324]},"properties":{"id":51,"global_id":"denver:place:51-church-of-the-holy-word","name":"Church of the Holy Word","aliases":[],"category":"Bars und Clubs","detail_map":"Colorado Springs","source_pages":"The Third Parallel, S. 10-39","map_source":"The Third Parallel","placement_note":"Nach Quellenbezug im Teilraum Colorado Springs angenähert","accuracy":"Teilraumzuordnung; Feinposition vorläufig","source_map":"denver-content","source_panel":"Colorado Springs","description_preview":"Church of the Holy Word ist ein in The Third Parallel belegter Schauplatz im Bereich Colorado Springs.","description_full":"Church of the Holy Word ist ein in The Third Parallel belegter Schauplatz im Bereich Colorado Springs. Die Position ist auf den belegten Stadt- oder Teilraum angenähert; eine hausgenaue Lage ist aus dem Datenmaterial nicht sicher ableitbar.","description_source":"The Third Parallel, S. 10-39","description_kind":"Ortsprofil","description_has_more":true,"detail_plans":[],"alternate_locations":[],"sources":[{"bookId":"third-parallel-sr6","title":"The Third Parallel","edition":"SR6","citation":"The Third Parallel, S. 10-39","purpose":"description"}],"map_sources":[],"editions":["SR6"],"edition_descriptions":{"SR6":{"kind":"Ortsprofil","preview":"Church of the Holy Word ist ein in The Third Parallel belegter Schauplatz im Bereich Colorado Springs.","full":"Church of the Holy Word ist ein in The Third Parallel belegter Schauplatz im Bereich Colorado Springs. Die Position ist auf den belegten Stadt- oder Teilraum angenähert; eine hausgenaue Lage ist aus dem Datenmaterial nicht sicher ableitbar.","hasMore":true,"hasExcerpt":true,"sources":[{"bookId":"third-parallel-sr6","title":"The Third Parallel","edition":"SR6","citation":"The Third Parallel, S. 10-39","purpose":"description"}]}}}},{"type":"Feature","geometry":{"type":"Point","coordinates":[-104.82904,38.839037]},"properties":{"id":52,"global_id":"denver:place:52-colorado-college","name":"Colorado College","aliases":[],"category":"Bildung und Kultur","detail_map":"Colorado Springs","source_pages":"The Third Parallel, S. 10-39","map_source":"The Third Parallel","placement_note":"Nach Quellenbezug im Teilraum Colorado Springs angenähert","accuracy":"Teilraumzuordnung; Feinposition vorläufig","source_map":"denver-content","source_panel":"Colorado Springs","description_preview":"Colorado College ist ein in The Third Parallel belegter Schauplatz im Bereich Colorado Springs.","description_full":"Colorado College ist ein in The Third Parallel belegter Schauplatz im Bereich Colorado Springs. Die Position ist auf den belegten Stadt- oder Teilraum angenähert; eine hausgenaue Lage ist aus dem Datenmaterial nicht sicher ableitbar.","description_source":"The Third Parallel, S. 10-39","description_kind":"Ortsprofil","description_has_more":true,"detail_plans":[],"alternate_locations":[],"sources":[{"bookId":"third-parallel-sr6","title":"The Third Parallel","edition":"SR6","citation":"The Third Parallel, S. 10-39","purpose":"description"}],"map_sources":[],"editions":["SR6"],"edition_descriptions":{"SR6":{"kind":"Ortsprofil","preview":"Colorado College ist ein in The Third Parallel belegter Schauplatz im Bereich Colorado Springs.","full":"Colorado College ist ein in The Third Parallel belegter Schauplatz im Bereich Colorado Springs. Die Position ist auf den belegten Stadt- oder Teilraum angenähert; eine hausgenaue Lage ist aus dem Datenmaterial nicht sicher ableitbar.","hasMore":true,"hasExcerpt":true,"sources":[{"bookId":"third-parallel-sr6","title":"The Third Parallel","edition":"SR6","citation":"The Third Parallel, S. 10-39","purpose":"description"}]}}}},{"type":"Feature","geometry":{"type":"Point","coordinates":[-104.820796,38.825586]},"properties":{"id":49,"global_id":"denver:place:49-colorado-springs","name":"Colorado Springs","aliases":[],"category":"Bezirke","detail_map":"Colorado Springs","source_pages":"The Third Parallel, S. 10-39","map_source":"The Third Parallel","placement_note":"Lore-Bezirkszentrum Colorado Springs","accuracy":"Lore-Bezirk; Grenzebene separat geprüft","source_map":"denver-content","source_panel":"Colorado Springs","description_preview":"Colorado Springs ist die südlichste Großstadt der FRFZ und leidet nach wiederholten Machtwechseln zwischen Aztlan, CAS, PCC und Ghostwalker unter Abwanderung und schwacher Verwaltung.","description_full":"Colorado Springs ist die südlichste Großstadt der FRFZ und leidet nach wiederholten Machtwechseln zwischen Aztlan, CAS, PCC und Ghostwalker unter Abwanderung und schwacher Verwaltung. Die Zusammenfassung folgt dem Bezirkskapitel der angegebenen Edition; heutige Grenzen dienen nur der geografischen Einordnung.","description_source":"The Third Parallel, S. 10-39","description_kind":"Bezirksprofil","description_has_more":true,"detail_plans":[],"alternate_locations":[],"sources":[{"bookId":"third-parallel-sr6","title":"The Third Parallel","edition":"SR6","citation":"The Third Parallel, S. 10-39","purpose":"description"}],"map_sources":[],"editions":["SR6"],"edition_descriptions":{"SR6":{"kind":"Bezirksprofil","preview":"Colorado Springs ist die südlichste Großstadt der FRFZ und leidet nach wiederholten Machtwechseln zwischen Aztlan, CAS, PCC und Ghostwalker unter Abwanderung und schwacher Verwaltung.","full":"Colorado Springs ist die südlichste Großstadt der FRFZ und leidet nach wiederholten Machtwechseln zwischen Aztlan, CAS, PCC und Ghostwalker unter Abwanderung und schwacher Verwaltung. Die Zusammenfassung folgt dem Bezirkskapitel der angegebenen Edition; heutige Grenzen dienen nur der geografischen Einordnung.","hasMore":true,"hasExcerpt":true,"sources":[{"bookId":"third-parallel-sr6","title":"The Third Parallel","edition":"SR6","citation":"The Third Parallel, S. 10-39","purpose":"description"}]}}}},{"type":"Feature","geometry":{"type":"Point","coordinates":[-104.883013,39.800335]},"properties":{"id":175,"global_id":"denver:place:175-comfort-inn","name":"Comfort Inn","aliases":[],"category":"Hotels","detail_map":"Sioux Sector","source_pages":"Denver: The City of Shadows, Abschnitt Sioux Sector","map_source":"Denver: The City of Shadows","placement_note":"Nach Quellenbezug im Teilraum Sioux Sector angenähert","accuracy":"Teilraumzuordnung; Feinposition vorläufig","source_map":"denver-content","source_panel":"Sioux Sector","description_preview":"Comfort Inn ist ein in Denver: The City of Shadows belegter Schauplatz im Bereich Sioux Sector.","description_full":"Comfort Inn ist ein in Denver: The City of Shadows belegter Schauplatz im Bereich Sioux Sector. Die Position ist auf den belegten Stadt- oder Teilraum angenähert; eine hausgenaue Lage ist aus dem Datenmaterial nicht sicher ableitbar.","description_source":"Denver: The City of Shadows, Abschnitt Sioux Sector","description_kind":"Ortsprofil","description_has_more":true,"detail_plans":[],"alternate_locations":[],"sources":[{"bookId":"denver-city-shadows-sr2","title":"Denver: The City of Shadows","edition":"SR2","citation":"Denver: The City of Shadows, Abschnitt Sioux Sector","purpose":"description"}],"map_sources":[],"editions":["SR2"],"edition_descriptions":{"SR2":{"kind":"Ortsprofil","preview":"Comfort Inn ist ein in Denver: The City of Shadows belegter Schauplatz im Bereich Sioux Sector.","full":"Comfort Inn ist ein in Denver: The City of Shadows belegter Schauplatz im Bereich Sioux Sector. Die Position ist auf den belegten Stadt- oder Teilraum angenähert; eine hausgenaue Lage ist aus dem Datenmaterial nicht sicher ableitbar.","hasMore":true,"hasExcerpt":true,"sources":[{"bookId":"denver-city-shadows-sr2","title":"Denver: The City of Shadows","edition":"SR2","citation":"Denver: The City of Shadows, Abschnitt Sioux Sector","purpose":"description"}]}}}},{"type":"Feature","geometry":{"type":"Point","coordinates":[-104.927733,39.804666]},"properties":{"id":61,"global_id":"denver:place:61-commerce-city","name":"Commerce City","aliases":[],"category":"Bezirke","detail_map":"Commerce City","source_pages":"The Third Parallel, S. 10-39","map_source":"The Third Parallel","placement_note":"Lore-Bezirkszentrum Commerce City","accuracy":"Lore-Bezirk; Grenzebene separat geprüft","source_map":"denver-content","source_panel":"Commerce City","description_preview":"Commerce City ist ein dichtes Arbeitergebiet nördlich des Zentrums, wirtschaftlich stark von Industrie, Raffinerien und dem Güterumschlag abhängig.","description_full":"Commerce City ist ein dichtes Arbeitergebiet nördlich des Zentrums, wirtschaftlich stark von Industrie, Raffinerien und dem Güterumschlag abhängig. Die Zusammenfassung folgt dem Bezirkskapitel der angegebenen Edition; heutige Grenzen dienen nur der geografischen Einordnung.","description_source":"The Third Parallel, S. 10-39","description_kind":"Bezirksprofil","description_has_more":true,"detail_plans":[],"alternate_locations":[],"sources":[{"bookId":"third-parallel-sr6","title":"The Third Parallel","edition":"SR6","citation":"The Third Parallel, S. 10-39","purpose":"description"}],"map_sources":[],"editions":["SR6"],"edition_descriptions":{"SR6":{"kind":"Bezirksprofil","preview":"Commerce City ist ein dichtes Arbeitergebiet nördlich des Zentrums, wirtschaftlich stark von Industrie, Raffinerien und dem Güterumschlag abhängig.","full":"Commerce City ist ein dichtes Arbeitergebiet nördlich des Zentrums, wirtschaftlich stark von Industrie, Raffinerien und dem Güterumschlag abhängig. Die Zusammenfassung folgt dem Bezirkskapitel der angegebenen Edition; heutige Grenzen dienen nur der geografischen Einordnung.","hasMore":true,"hasExcerpt":true,"sources":[{"bookId":"third-parallel-sr6","title":"The Third Parallel","edition":"SR6","citation":"The Third Parallel, S. 10-39","purpose":"description"}]}}}},{"type":"Feature","geometry":{"type":"Point","coordinates":[-105.086425,39.70608]},"properties":{"id":81,"global_id":"denver:place:81-compri-hotel","name":"Compri Hotel","aliases":[],"category":"Hotels","detail_map":"Lakewood","source_pages":"The Third Parallel, S. 10-39","map_source":"The Third Parallel","placement_note":"Nach Quellenbezug im Teilraum Lakewood angenähert","accuracy":"Teilraumzuordnung; Feinposition vorläufig","source_map":"denver-content","source_panel":"Lakewood","description_preview":"Compri Hotel ist ein in The Third Parallel belegter Schauplatz im Bereich Lakewood.","description_full":"Compri Hotel ist ein in The Third Parallel belegter Schauplatz im Bereich Lakewood. Die Position ist auf den belegten Stadt- oder Teilraum angenähert; eine hausgenaue Lage ist aus dem Datenmaterial nicht sicher ableitbar.","description_source":"The Third Parallel, S. 10-39","description_kind":"Ortsprofil","description_has_more":true,"detail_plans":[],"alternate_locations":[],"sources":[{"bookId":"third-parallel-sr6","title":"The Third Parallel","edition":"SR6","citation":"The Third Parallel, S. 10-39","purpose":"description"},{"bookId":"denver-city-shadows-sr2","title":"Denver: The City of Shadows","edition":"SR2","citation":"Denver: The City of Shadows, Abschnitt Pueblo Sector","purpose":"description"},{"bookId":"spy-games-sr4","title":"Spy Games","edition":"SR4","citation":"Spy Games, Denver-Kapitel S. 6-86","purpose":"description"}],"map_sources":[],"editions":["SR6","SR2","SR4"],"edition_descriptions":{"SR6":{"kind":"Ortsprofil","preview":"Compri Hotel ist ein in The Third Parallel belegter Schauplatz im Bereich Lakewood.","full":"Compri Hotel ist ein in The Third Parallel belegter Schauplatz im Bereich Lakewood. Die Position ist auf den belegten Stadt- oder Teilraum angenähert; eine hausgenaue Lage ist aus dem Datenmaterial nicht sicher ableitbar.","hasMore":true,"hasExcerpt":true,"sources":[{"bookId":"third-parallel-sr6","title":"The Third Parallel","edition":"SR6","citation":"The Third Parallel, S. 10-39","purpose":"description"}]},"SR2":{"kind":"Quellennachweis","preview":"Compri Hotel ist für SR2 in Denver: The City of Shadows belegt.","full":"Compri Hotel ist für SR2 in Denver: The City of Shadows belegt. Der Eintrag wird editionsübergreifend mit demselben Ort zusammengeführt.","hasMore":true,"hasExcerpt":false,"sources":[{"bookId":"denver-city-shadows-sr2","title":"Denver: The City of Shadows","edition":"SR2","citation":"Denver: The City of Shadows, Abschnitt Pueblo Sector","purpose":"description"}]},"SR4":{"kind":"Ortsprofil","preview":"Das Compri Hotel wirbt mit außergewöhnlicher Diskretion und meldet zugleich jeden Verdacht auf Spionage an Ghostwalkers Behörden.","full":"Das Compri Hotel wirbt mit außergewöhnlicher Diskretion und meldet zugleich jeden Verdacht auf Spionage an Ghostwalkers Behörden. Die Position ist auf den belegten Stadt- oder Teilraum angenähert; eine hausgenaue Lage ist aus dem Datenmaterial nicht sicher ableitbar.","hasMore":true,"hasExcerpt":true,"sources":[{"bookId":"spy-games-sr4","title":"Spy Games","edition":"SR4","citation":"Spy Games, Denver-Kapitel S. 6-86","purpose":"description"}]}}}},{"type":"Feature","geometry":{"type":"Point","coordinates":[-104.981892,39.751228]},"properties":{"id":179,"global_id":"denver:place:179-conner-westin-hotel","name":"Conner-Westin Hotel","aliases":[],"category":"Hotels","detail_map":"UCAS Sector","source_pages":"Denver: The City of Shadows, Abschnitt UCAS Sector","map_source":"Denver: The City of Shadows","placement_note":"Nach Quellenbezug im Teilraum UCAS Sector angenähert","accuracy":"Teilraumzuordnung; Feinposition vorläufig","source_map":"denver-content","source_panel":"UCAS Sector","description_preview":"Conner-Westin Hotel ist ein in Denver: The City of Shadows belegter Schauplatz im Bereich UCAS Sector.","description_full":"Conner-Westin Hotel ist ein in Denver: The City of Shadows belegter Schauplatz im Bereich UCAS Sector. Die Position ist auf den belegten Stadt- oder Teilraum angenähert; eine hausgenaue Lage ist aus dem Datenmaterial nicht sicher ableitbar.","description_source":"Denver: The City of Shadows, Abschnitt UCAS Sector","description_kind":"Ortsprofil","description_has_more":true,"detail_plans":[],"alternate_locations":[],"sources":[{"bookId":"denver-city-shadows-sr2","title":"Denver: The City of Shadows","edition":"SR2","citation":"Denver: The City of Shadows, Abschnitt UCAS Sector","purpose":"description"}],"map_sources":[],"editions":["SR2"],"edition_descriptions":{"SR2":{"kind":"Ortsprofil","preview":"Conner-Westin Hotel ist ein in Denver: The City of Shadows belegter Schauplatz im Bereich UCAS Sector.","full":"Conner-Westin Hotel ist ein in Denver: The City of Shadows belegter Schauplatz im Bereich UCAS Sector. Die Position ist auf den belegten Stadt- oder Teilraum angenähert; eine hausgenaue Lage ist aus dem Datenmaterial nicht sicher ableitbar.","hasMore":true,"hasExcerpt":true,"sources":[{"bookId":"denver-city-shadows-sr2","title":"Denver: The City of Shadows","edition":"SR2","citation":"Denver: The City of Shadows, Abschnitt UCAS Sector","purpose":"description"}]}}}},{"type":"Feature","geometry":{"type":"Point","coordinates":[-104.996725,39.746396]},"properties":{"id":113,"global_id":"denver:place:113-council-hall","name":"Council Hall","aliases":[],"category":"Sonstige Spots","detail_map":"The Hub","source_pages":"The Third Parallel - Denver Map, Nr. 7","map_source":"The Third Parallel","placement_note":"Nach Quellenbezug im Teilraum The Hub angenähert","accuracy":"Teilraumzuordnung; Feinposition vorläufig","source_map":"denver-content","source_panel":"The Hub","description_preview":"Council Hall ist ein in The Third Parallel belegter Schauplatz im Bereich The Hub.","description_full":"Council Hall ist ein in The Third Parallel belegter Schauplatz im Bereich The Hub. Die Position ist auf den belegten Stadt- oder Teilraum angenähert; eine hausgenaue Lage ist aus dem Datenmaterial nicht sicher ableitbar.","description_source":"The Third Parallel - Denver Map, Nr. 7","description_kind":"Ortsprofil","description_has_more":true,"detail_plans":[],"alternate_locations":[],"sources":[{"bookId":"third-parallel-sr6","title":"The Third Parallel","edition":"SR6","citation":"The Third Parallel - Denver Map, Nr. 7","purpose":"description"},{"bookId":"denver-city-shadows-sr2","title":"Denver: The City of Shadows","edition":"SR2","citation":"Denver: The City of Shadows, Abschnitt The Hub","purpose":"description"}],"map_sources":[],"editions":["SR6","SR2"],"edition_descriptions":{"SR6":{"kind":"Ortsprofil","preview":"Council Hall ist ein in The Third Parallel belegter Schauplatz im Bereich The Hub.","full":"Council Hall ist ein in The Third Parallel belegter Schauplatz im Bereich The Hub. Die Position ist auf den belegten Stadt- oder Teilraum angenähert; eine hausgenaue Lage ist aus dem Datenmaterial nicht sicher ableitbar.","hasMore":true,"hasExcerpt":true,"sources":[{"bookId":"third-parallel-sr6","title":"The Third Parallel","edition":"SR6","citation":"The Third Parallel - Denver Map, Nr. 7","purpose":"description"}]},"SR2":{"kind":"Quellennachweis","preview":"Council Hall ist für SR2 in Denver: The City of Shadows belegt.","full":"Council Hall ist für SR2 in Denver: The City of Shadows belegt. Der Eintrag wird editionsübergreifend mit demselben Ort zusammengeführt.","hasMore":true,"hasExcerpt":false,"sources":[{"bookId":"denver-city-shadows-sr2","title":"Denver: The City of Shadows","edition":"SR2","citation":"Denver: The City of Shadows, Abschnitt The Hub","purpose":"description"}]}},"map_number_sr6":7}},{"type":"Feature","geometry":{"type":"Point","coordinates":[-104.99483,39.736469]},"properties":{"id":114,"global_id":"denver:place:114-daniels-fisher-clock-tower","name":"Daniels & Fisher Clock Tower","aliases":[],"category":"Sonstige Spots","detail_map":"The Hub","source_pages":"The Third Parallel, S. 10-39","map_source":"The Third Parallel","placement_note":"Nach Quellenbezug im Teilraum The Hub angenähert","accuracy":"Teilraumzuordnung; Feinposition vorläufig","source_map":"denver-content","source_panel":"The Hub","description_preview":"Daniels & Fisher Clock Tower ist ein in The Third Parallel belegter Schauplatz im Bereich The Hub.","description_full":"Daniels & Fisher Clock Tower ist ein in The Third Parallel belegter Schauplatz im Bereich The Hub. Die Position ist auf den belegten Stadt- oder Teilraum angenähert; eine hausgenaue Lage ist aus dem Datenmaterial nicht sicher ableitbar.","description_source":"The Third Parallel, S. 10-39","description_kind":"Ortsprofil","description_has_more":true,"detail_plans":[],"alternate_locations":[],"sources":[{"bookId":"third-parallel-sr6","title":"The Third Parallel","edition":"SR6","citation":"The Third Parallel, S. 10-39","purpose":"description"}],"map_sources":[],"editions":["SR6"],"edition_descriptions":{"SR6":{"kind":"Ortsprofil","preview":"Daniels & Fisher Clock Tower ist ein in The Third Parallel belegter Schauplatz im Bereich The Hub.","full":"Daniels & Fisher Clock Tower ist ein in The Third Parallel belegter Schauplatz im Bereich The Hub. Die Position ist auf den belegten Stadt- oder Teilraum angenähert; eine hausgenaue Lage ist aus dem Datenmaterial nicht sicher ableitbar.","hasMore":true,"hasExcerpt":true,"sources":[{"bookId":"third-parallel-sr6","title":"The Third Parallel","edition":"SR6","citation":"The Third Parallel, S. 10-39","purpose":"description"}]}}}},{"type":"Feature","geometry":{"type":"Point","coordinates":[-104.982003,39.738936]},"properties":{"id":154,"global_id":"denver:place:154-days-inn-capitol-hill","name":"Days Inn Capitol Hill","aliases":[],"category":"Hotels","detail_map":"Aztlan Sector","source_pages":"Denver: The City of Shadows, Abschnitt Aztlan Sector","map_source":"Denver: The City of Shadows","placement_note":"Nach Quellenbezug im Teilraum Aztlan Sector angenähert","accuracy":"Teilraumzuordnung; Feinposition vorläufig","source_map":"denver-content","source_panel":"Aztlan Sector","description_preview":"Days Inn Capitol Hill ist ein in Denver: The City of Shadows belegter Schauplatz im Bereich Aztlan Sector.","description_full":"Days Inn Capitol Hill ist ein in Denver: The City of Shadows belegter Schauplatz im Bereich Aztlan Sector. Die Position ist auf den belegten Stadt- oder Teilraum angenähert; eine hausgenaue Lage ist aus dem Datenmaterial nicht sicher ableitbar.","description_source":"Denver: The City of Shadows, Abschnitt Aztlan Sector","description_kind":"Ortsprofil","description_has_more":true,"detail_plans":[],"alternate_locations":[],"sources":[{"bookId":"denver-city-shadows-sr2","title":"Denver: The City of Shadows","edition":"SR2","citation":"Denver: The City of Shadows, Abschnitt Aztlan Sector","purpose":"description"}],"map_sources":[],"editions":["SR2"],"edition_descriptions":{"SR2":{"kind":"Ortsprofil","preview":"Days Inn Capitol Hill ist ein in Denver: The City of Shadows belegter Schauplatz im Bereich Aztlan Sector.","full":"Days Inn Capitol Hill ist ein in Denver: The City of Shadows belegter Schauplatz im Bereich Aztlan Sector. Die Position ist auf den belegten Stadt- oder Teilraum angenähert; eine hausgenaue Lage ist aus dem Datenmaterial nicht sicher ableitbar.","hasMore":true,"hasExcerpt":true,"sources":[{"bookId":"denver-city-shadows-sr2","title":"Denver: The City of Shadows","edition":"SR2","citation":"Denver: The City of Shadows, Abschnitt Aztlan Sector","purpose":"description"}]}}}},{"type":"Feature","geometry":{"type":"Point","coordinates":[-105.080182,39.708836]},"properties":{"id":82,"global_id":"denver:place:82-denim","name":"Denim","aliases":[],"category":"Bars und Clubs","detail_map":"Lakewood","source_pages":"The Third Parallel - Denver Map, Nr. 8","map_source":"The Third Parallel","placement_note":"Nach Quellenbezug im Teilraum Lakewood angenähert","accuracy":"Teilraumzuordnung; Feinposition vorläufig","source_map":"denver-content","source_panel":"Lakewood","description_preview":"Denim ist ein in The Third Parallel belegter Schauplatz im Bereich Lakewood.","description_full":"Denim ist ein in The Third Parallel belegter Schauplatz im Bereich Lakewood. Die Position ist auf den belegten Stadt- oder Teilraum angenähert; eine hausgenaue Lage ist aus dem Datenmaterial nicht sicher ableitbar.","description_source":"The Third Parallel - Denver Map, Nr. 8","description_kind":"Ortsprofil","description_has_more":true,"detail_plans":[],"alternate_locations":[],"sources":[{"bookId":"third-parallel-sr6","title":"The Third Parallel","edition":"SR6","citation":"The Third Parallel - Denver Map, Nr. 8","purpose":"description"},{"bookId":"denver-city-shadows-sr2","title":"Denver: The City of Shadows","edition":"SR2","citation":"Denver: The City of Shadows, Abschnitt Ute Sector","purpose":"description"},{"bookId":"spy-games-sr4","title":"Spy Games","edition":"SR4","citation":"Spy Games, Denver-Kapitel S. 6-86","purpose":"description"}],"map_sources":[],"editions":["SR6","SR2","SR4"],"edition_descriptions":{"SR6":{"kind":"Ortsprofil","preview":"Denim ist ein in The Third Parallel belegter Schauplatz im Bereich Lakewood.","full":"Denim ist ein in The Third Parallel belegter Schauplatz im Bereich Lakewood. Die Position ist auf den belegten Stadt- oder Teilraum angenähert; eine hausgenaue Lage ist aus dem Datenmaterial nicht sicher ableitbar.","hasMore":true,"hasExcerpt":true,"sources":[{"bookId":"third-parallel-sr6","title":"The Third Parallel","edition":"SR6","citation":"The Third Parallel - Denver Map, Nr. 8","purpose":"description"}]},"SR2":{"kind":"Quellennachweis","preview":"Denim ist für SR2 in Denver: The City of Shadows belegt.","full":"Denim ist für SR2 in Denver: The City of Shadows belegt. Der Eintrag wird editionsübergreifend mit demselben Ort zusammengeführt.","hasMore":true,"hasExcerpt":false,"sources":[{"bookId":"denver-city-shadows-sr2","title":"Denver: The City of Shadows","edition":"SR2","citation":"Denver: The City of Shadows, Abschnitt Ute Sector","purpose":"description"}]},"SR4":{"kind":"Ortsprofil","preview":"Denim ist ein Hopi-thematisierter Nachtclub der Koshari, in dem auch Angehörige der Pueblo-Sicherheit verkehren.","full":"Denim ist ein Hopi-thematisierter Nachtclub der Koshari, in dem auch Angehörige der Pueblo-Sicherheit verkehren. Die Position ist auf den belegten Stadt- oder Teilraum angenähert; eine hausgenaue Lage ist aus dem Datenmaterial nicht sicher ableitbar.","hasMore":true,"hasExcerpt":true,"sources":[{"bookId":"spy-games-sr4","title":"Spy Games","edition":"SR4","citation":"Spy Games, Denver-Kapitel S. 6-86","purpose":"description"}]}},"map_number_sr6":8}},{"type":"Feature","geometry":{"type":"Point","coordinates":[-104.986295,39.744074]},"properties":{"id":115,"global_id":"denver:place:115-denver-administration-building","name":"Denver Administration Building","aliases":[],"category":"Sonstige Spots","detail_map":"The Hub","source_pages":"The Third Parallel - Denver Map, Nr. 9","map_source":"The Third Parallel","placement_note":"Nach Quellenbezug im Teilraum The Hub angenähert","accuracy":"Teilraumzuordnung; Feinposition vorläufig","source_map":"denver-content","source_panel":"The Hub","description_preview":"Denver Administration Building ist ein in The Third Parallel belegter Schauplatz im Bereich The Hub.","description_full":"Denver Administration Building ist ein in The Third Parallel belegter Schauplatz im Bereich The Hub. Die Position ist auf den belegten Stadt- oder Teilraum angenähert; eine hausgenaue Lage ist aus dem Datenmaterial nicht sicher ableitbar.","description_source":"The Third Parallel - Denver Map, Nr. 9","description_kind":"Ortsprofil","description_has_more":true,"detail_plans":[],"alternate_locations":[],"sources":[{"bookId":"third-parallel-sr6","title":"The Third Parallel","edition":"SR6","citation":"The Third Parallel - Denver Map, Nr. 9","purpose":"description"}],"map_sources":[],"editions":["SR6"],"edition_descriptions":{"SR6":{"kind":"Ortsprofil","preview":"Denver Administration Building ist ein in The Third Parallel belegter Schauplatz im Bereich The Hub.","full":"Denver Administration Building ist ein in The Third Parallel belegter Schauplatz im Bereich The Hub. Die Position ist auf den belegten Stadt- oder Teilraum angenähert; eine hausgenaue Lage ist aus dem Datenmaterial nicht sicher ableitbar.","hasMore":true,"hasExcerpt":true,"sources":[{"bookId":"third-parallel-sr6","title":"The Third Parallel","edition":"SR6","citation":"The Third Parallel - Denver Map, Nr. 9","purpose":"description"}]}},"map_number_sr6":9}},{"type":"Feature","geometry":{"type":"Point","coordinates":[-104.998388,39.741009]},"properties":{"id":194,"global_id":"denver:place:194-denver-data-haven","name":"Denver Data Haven","aliases":[],"category":"Matrix und Metaplanes","detail_map":"The Hub","source_pages":"Denver: The City of Shadows, Abschnitt The Hub","map_source":"Denver: The City of Shadows","placement_note":"Nach Quellenbezug im Teilraum The Hub angenähert","accuracy":"Teilraumzuordnung; Feinposition vorläufig","source_map":"denver-content","source_panel":"The Hub","description_preview":"Denver Data Haven ist ein in Denver: The City of Shadows belegter Schauplatz im Bereich The Hub.","description_full":"Denver Data Haven ist ein in Denver: The City of Shadows belegter Schauplatz im Bereich The Hub. Die Position ist auf den belegten Stadt- oder Teilraum angenähert; eine hausgenaue Lage ist aus dem Datenmaterial nicht sicher ableitbar.","description_source":"Denver: The City of Shadows, Abschnitt The Hub","description_kind":"Ortsprofil","description_has_more":true,"detail_plans":[],"alternate_locations":[],"sources":[{"bookId":"denver-city-shadows-sr2","title":"Denver: The City of Shadows","edition":"SR2","citation":"Denver: The City of Shadows, Abschnitt The Hub","purpose":"description"},{"bookId":"shadows-north-america-sr3","title":"Shadows of North America","edition":"SR3","citation":"Shadows of North America, Denver Matrix, S. 195","purpose":"description"}],"map_sources":[],"editions":["SR2","SR3"],"edition_descriptions":{"SR2":{"kind":"Ortsprofil","preview":"Denver Data Haven ist ein in Denver: The City of Shadows belegter Schauplatz im Bereich The Hub.","full":"Denver Data Haven ist ein in Denver: The City of Shadows belegter Schauplatz im Bereich The Hub. Die Position ist auf den belegten Stadt- oder Teilraum angenähert; eine hausgenaue Lage ist aus dem Datenmaterial nicht sicher ableitbar.","hasMore":true,"hasExcerpt":true,"sources":[{"bookId":"denver-city-shadows-sr2","title":"Denver: The City of Shadows","edition":"SR2","citation":"Denver: The City of Shadows, Abschnitt The Hub","purpose":"description"}]},"SR3":{"kind":"Ortsprofil","preview":"Der Nexus ist in SR3 das größte Data Haven Nordamerikas und ein entscheidender Informationsknoten der Denver-Schatten.","full":"Der Nexus ist in SR3 das größte Data Haven Nordamerikas und ein entscheidender Informationsknoten der Denver-Schatten. Die Position ist auf den belegten Stadt- oder Teilraum angenähert; eine hausgenaue Lage ist aus dem Datenmaterial nicht sicher ableitbar.","hasMore":true,"hasExcerpt":true,"sources":[{"bookId":"shadows-north-america-sr3","title":"Shadows of North America","edition":"SR3","citation":"Shadows of North America, Denver Matrix, S. 195","purpose":"description"}]}}}},{"type":"Feature","geometry":{"type":"Point","coordinates":[-104.815103,38.838998]},"properties":{"id":53,"global_id":"denver:place:53-denver-data-haven-ruins","name":"Denver Data Haven Ruins","aliases":[],"category":"Matrix und Metaplanes","detail_map":"Colorado Springs","source_pages":"The Third Parallel, S. 10-39","map_source":"The Third Parallel","placement_note":"Nach Quellenbezug im Teilraum Colorado Springs angenähert","accuracy":"Teilraumzuordnung; Feinposition vorläufig","source_map":"denver-content","source_panel":"Colorado Springs","description_preview":"Denver Data Haven Ruins ist ein in The Third Parallel belegter Schauplatz im Bereich Colorado Springs.","description_full":"Denver Data Haven Ruins ist ein in The Third Parallel belegter Schauplatz im Bereich Colorado Springs. Die Position ist auf den belegten Stadt- oder Teilraum angenähert; eine hausgenaue Lage ist aus dem Datenmaterial nicht sicher ableitbar.","description_source":"The Third Parallel, S. 10-39","description_kind":"Ortsprofil","description_has_more":true,"detail_plans":[],"alternate_locations":[],"sources":[{"bookId":"third-parallel-sr6","title":"The Third Parallel","edition":"SR6","citation":"The Third Parallel, S. 10-39","purpose":"description"}],"map_sources":[],"editions":["SR6"],"edition_descriptions":{"SR6":{"kind":"Ortsprofil","preview":"Denver Data Haven Ruins ist ein in The Third Parallel belegter Schauplatz im Bereich Colorado Springs.","full":"Denver Data Haven Ruins ist ein in The Third Parallel belegter Schauplatz im Bereich Colorado Springs. Die Position ist auf den belegten Stadt- oder Teilraum angenähert; eine hausgenaue Lage ist aus dem Datenmaterial nicht sicher ableitbar.","hasMore":true,"hasExcerpt":true,"sources":[{"bookId":"third-parallel-sr6","title":"The Third Parallel","edition":"SR6","citation":"The Third Parallel, S. 10-39","purpose":"description"}]}}}},{"type":"Feature","geometry":{"type":"Point","coordinates":[-104.895278,39.793253]},"properties":{"id":177,"global_id":"denver:place:177-denver-foodstuffs-inc","name":"Denver Foodstuffs Inc.","aliases":[],"category":"Restaurants","detail_map":"Sioux Sector","source_pages":"Denver: The City of Shadows, Abschnitt Sioux Sector","map_source":"Denver: The City of Shadows","placement_note":"Nach Quellenbezug im Teilraum Sioux Sector angenähert","accuracy":"Teilraumzuordnung; Feinposition vorläufig","source_map":"denver-content","source_panel":"Sioux Sector","description_preview":"Denver Foodstuffs Inc. ist ein in Denver: The City of Shadows belegter Schauplatz im Bereich Sioux Sector.","description_full":"Denver Foodstuffs Inc. ist ein in Denver: The City of Shadows belegter Schauplatz im Bereich Sioux Sector. Die Position ist auf den belegten Stadt- oder Teilraum angenähert; eine hausgenaue Lage ist aus dem Datenmaterial nicht sicher ableitbar.","description_source":"Denver: The City of Shadows, Abschnitt Sioux Sector","description_kind":"Ortsprofil","description_has_more":true,"detail_plans":[],"alternate_locations":[],"sources":[{"bookId":"denver-city-shadows-sr2","title":"Denver: The City of Shadows","edition":"SR2","citation":"Denver: The City of Shadows, Abschnitt Sioux Sector","purpose":"description"}],"map_sources":[],"editions":["SR2"],"edition_descriptions":{"SR2":{"kind":"Ortsprofil","preview":"Denver Foodstuffs Inc. ist ein in Denver: The City of Shadows belegter Schauplatz im Bereich Sioux Sector.","full":"Denver Foodstuffs Inc. ist ein in Denver: The City of Shadows belegter Schauplatz im Bereich Sioux Sector. Die Position ist auf den belegten Stadt- oder Teilraum angenähert; eine hausgenaue Lage ist aus dem Datenmaterial nicht sicher ableitbar.","hasMore":true,"hasExcerpt":true,"sources":[{"bookId":"denver-city-shadows-sr2","title":"Denver: The City of Shadows","edition":"SR2","citation":"Denver: The City of Shadows, Abschnitt Sioux Sector","purpose":"description"}]}}}},{"type":"Feature","geometry":{"type":"Point","coordinates":[-104.982855,39.740867]},"properties":{"id":201,"global_id":"denver:place:201-denver-gridguide","name":"Denver GridGuide","aliases":[],"category":"Matrix und Metaplanes","detail_map":"The Hub","source_pages":"Storm Front, Lightning in Denver S. 87-111","map_source":"Storm Front","placement_note":"Nach Quellenbezug im Teilraum The Hub angenähert","accuracy":"Teilraumzuordnung; Feinposition vorläufig","source_map":"denver-content","source_panel":"The Hub","description_preview":"Denvers GridGuide wird im Oktober 2074 stadtweit kompromittiert und legt Verkehr, Flughäfen und sektorübergreifende Bewegungen lahm.","description_full":"Denvers GridGuide wird im Oktober 2074 stadtweit kompromittiert und legt Verkehr, Flughäfen und sektorübergreifende Bewegungen lahm. Die Position ist auf den belegten Stadt- oder Teilraum angenähert; eine hausgenaue Lage ist aus dem Datenmaterial nicht sicher ableitbar.","description_source":"Storm Front, Lightning in Denver S. 87-111","description_kind":"Ortsprofil","description_has_more":true,"detail_plans":[],"alternate_locations":[],"sources":[{"bookId":"storm-front-sr4","title":"Storm Front","edition":"SR4","citation":"Storm Front, Lightning in Denver S. 87-111","purpose":"description"}],"map_sources":[],"editions":["SR4"],"edition_descriptions":{"SR4":{"kind":"Ortsprofil","preview":"Denvers GridGuide wird im Oktober 2074 stadtweit kompromittiert und legt Verkehr, Flughäfen und sektorübergreifende Bewegungen lahm.","full":"Denvers GridGuide wird im Oktober 2074 stadtweit kompromittiert und legt Verkehr, Flughäfen und sektorübergreifende Bewegungen lahm. Die Position ist auf den belegten Stadt- oder Teilraum angenähert; eine hausgenaue Lage ist aus dem Datenmaterial nicht sicher ableitbar.","hasMore":true,"hasExcerpt":true,"sources":[{"bookId":"storm-front-sr4","title":"Storm Front","edition":"SR4","citation":"Storm Front, Lightning in Denver S. 87-111","purpose":"description"}]}}}},{"type":"Feature","geometry":{"type":"Point","coordinates":[-104.6737,39.8561]},"properties":{"id":100,"global_id":"denver:place:100-denver-international-airport","name":"Denver International Airport","aliases":[],"category":"Verkehr","detail_map":"Stapleton","source_pages":"The Third Parallel, S. 10-39","map_source":"The Third Parallel","placement_note":"Erhaltener geographischer Bezugspunkt","accuracy":"Geographischer Bezugspunkt","source_map":"denver-content","source_panel":"Stapleton","description_preview":"Denver International Airport ist ein in The Third Parallel belegter Schauplatz im Bereich Stapleton.","description_full":"Denver International Airport ist ein in The Third Parallel belegter Schauplatz im Bereich Stapleton. Die Position folgt einem erhaltenen heutigen Bezugspunkt.","description_source":"The Third Parallel, S. 10-39","description_kind":"Ortsprofil","description_has_more":true,"detail_plans":[],"alternate_locations":[],"sources":[{"bookId":"third-parallel-sr6","title":"The Third Parallel","edition":"SR6","citation":"The Third Parallel, S. 10-39","purpose":"description"}],"map_sources":[],"editions":["SR6"],"edition_descriptions":{"SR6":{"kind":"Ortsprofil","preview":"Denver International Airport ist ein in The Third Parallel belegter Schauplatz im Bereich Stapleton.","full":"Denver International Airport ist ein in The Third Parallel belegter Schauplatz im Bereich Stapleton. Die Position folgt einem erhaltenen heutigen Bezugspunkt.","hasMore":true,"hasExcerpt":true,"sources":[{"bookId":"third-parallel-sr6","title":"The Third Parallel","edition":"SR6","citation":"The Third Parallel, S. 10-39","purpose":"description"}]}}}},{"type":"Feature","geometry":{"type":"Point","coordinates":[-105.127982,39.726198]},"properties":{"id":190,"global_id":"denver:place:190-denver-marriott-west","name":"Denver Marriott West","aliases":[],"category":"Sonstige Spots","detail_map":"Ute Sector","source_pages":"Denver: The City of Shadows, Abschnitt Ute Sector","map_source":"Denver: The City of Shadows","placement_note":"Nach Quellenbezug im Teilraum Ute Sector angenähert","accuracy":"Teilraumzuordnung; Feinposition vorläufig","source_map":"denver-content","source_panel":"Ute Sector","description_preview":"Denver Marriott West ist ein in Denver: The City of Shadows belegter Schauplatz im Bereich Ute Sector.","description_full":"Denver Marriott West ist ein in Denver: The City of Shadows belegter Schauplatz im Bereich Ute Sector. Die Position ist auf den belegten Stadt- oder Teilraum angenähert; eine hausgenaue Lage ist aus dem Datenmaterial nicht sicher ableitbar.","description_source":"Denver: The City of Shadows, Abschnitt Ute Sector","description_kind":"Ortsprofil","description_has_more":true,"detail_plans":[],"alternate_locations":[],"sources":[{"bookId":"denver-city-shadows-sr2","title":"Denver: The City of Shadows","edition":"SR2","citation":"Denver: The City of Shadows, Abschnitt Ute Sector","purpose":"description"}],"map_sources":[],"editions":["SR2"],"edition_descriptions":{"SR2":{"kind":"Ortsprofil","preview":"Denver Marriott West ist ein in Denver: The City of Shadows belegter Schauplatz im Bereich Ute Sector.","full":"Denver Marriott West ist ein in Denver: The City of Shadows belegter Schauplatz im Bereich Ute Sector. Die Position ist auf den belegten Stadt- oder Teilraum angenähert; eine hausgenaue Lage ist aus dem Datenmaterial nicht sicher ableitbar.","hasMore":true,"hasExcerpt":true,"sources":[{"bookId":"denver-city-shadows-sr2","title":"Denver: The City of Shadows","edition":"SR2","citation":"Denver: The City of Shadows, Abschnitt Ute Sector","purpose":"description"}]}}}},{"type":"Feature","geometry":{"type":"Point","coordinates":[-104.998203,39.733185]},"properties":{"id":214,"global_id":"denver:place:214-denver-metaplane","name":"Denver Metaplane","aliases":[],"category":"Matrix und Metaplanes","detail_map":"The Hub","source_pages":"The Third Parallel, metaplanare Schauplätze","map_source":"The Third Parallel","placement_note":"Nach Quellenbezug im Teilraum The Hub angenähert","accuracy":"Teilraumzuordnung; Feinposition vorläufig","source_map":"denver-content","source_panel":"The Hub","description_preview":"Denver Metaplane ist ein in The Third Parallel belegter Schauplatz im Bereich The Hub.","description_full":"Denver Metaplane ist ein in The Third Parallel belegter Schauplatz im Bereich The Hub. Die Position ist auf den belegten Stadt- oder Teilraum angenähert; eine hausgenaue Lage ist aus dem Datenmaterial nicht sicher ableitbar.","description_source":"The Third Parallel, metaplanare Schauplätze","description_kind":"Ortsprofil","description_has_more":true,"detail_plans":[],"alternate_locations":[],"sources":[{"bookId":"third-parallel-sr6","title":"The Third Parallel","edition":"SR6","citation":"The Third Parallel, metaplanare Schauplätze","purpose":"description"}],"map_sources":[],"editions":["SR6"],"edition_descriptions":{"SR6":{"kind":"Ortsprofil","preview":"Denver Metaplane ist ein in The Third Parallel belegter Schauplatz im Bereich The Hub.","full":"Denver Metaplane ist ein in The Third Parallel belegter Schauplatz im Bereich The Hub. Die Position ist auf den belegten Stadt- oder Teilraum angenähert; eine hausgenaue Lage ist aus dem Datenmaterial nicht sicher ableitbar.","hasMore":true,"hasExcerpt":true,"sources":[{"bookId":"third-parallel-sr6","title":"The Third Parallel","edition":"SR6","citation":"The Third Parallel, metaplanare Schauplätze","purpose":"description"}]}}}},{"type":"Feature","geometry":{"type":"Point","coordinates":[-104.877405,39.783768]},"properties":{"id":101,"global_id":"denver:place:101-denver-sports-complex","name":"Denver Sports Complex","aliases":[],"category":"Konzerne","detail_map":"Stapleton","source_pages":"The Third Parallel - Denver Map, Nr. 10","map_source":"The Third Parallel","placement_note":"Nach Quellenbezug im Teilraum Stapleton angenähert","accuracy":"Teilraumzuordnung; Feinposition vorläufig","source_map":"denver-content","source_panel":"Stapleton","description_preview":"Denver Sports Complex ist ein in The Third Parallel belegter Schauplatz im Bereich Stapleton.","description_full":"Denver Sports Complex ist ein in The Third Parallel belegter Schauplatz im Bereich Stapleton. Die Position ist auf den belegten Stadt- oder Teilraum angenähert; eine hausgenaue Lage ist aus dem Datenmaterial nicht sicher ableitbar.","description_source":"The Third Parallel - Denver Map, Nr. 10","description_kind":"Ortsprofil","description_has_more":true,"detail_plans":[],"alternate_locations":[],"sources":[{"bookId":"third-parallel-sr6","title":"The Third Parallel","edition":"SR6","citation":"The Third Parallel - Denver Map, Nr. 10","purpose":"description"},{"bookId":"denver-city-shadows-sr2","title":"Denver: The City of Shadows","edition":"SR2","citation":"Denver: The City of Shadows, Abschnitt UCAS Sector","purpose":"description"}],"map_sources":[],"editions":["SR6","SR2"],"edition_descriptions":{"SR6":{"kind":"Ortsprofil","preview":"Denver Sports Complex ist ein in The Third Parallel belegter Schauplatz im Bereich Stapleton.","full":"Denver Sports Complex ist ein in The Third Parallel belegter Schauplatz im Bereich Stapleton. Die Position ist auf den belegten Stadt- oder Teilraum angenähert; eine hausgenaue Lage ist aus dem Datenmaterial nicht sicher ableitbar.","hasMore":true,"hasExcerpt":true,"sources":[{"bookId":"third-parallel-sr6","title":"The Third Parallel","edition":"SR6","citation":"The Third Parallel - Denver Map, Nr. 10","purpose":"description"}]},"SR2":{"kind":"Quellennachweis","preview":"Denver Sports Complex ist für SR2 in Denver: The City of Shadows belegt.","full":"Denver Sports Complex ist für SR2 in Denver: The City of Shadows belegt. Der Eintrag wird editionsübergreifend mit demselben Ort zusammengeführt.","hasMore":true,"hasExcerpt":false,"sources":[{"bookId":"denver-city-shadows-sr2","title":"Denver: The City of Shadows","edition":"SR2","citation":"Denver: The City of Shadows, Abschnitt UCAS Sector","purpose":"description"}]}},"map_number_sr6":10}},{"type":"Feature","geometry":{"type":"Point","coordinates":[-104.962664,39.629802]},"properties":{"id":166,"global_id":"denver:place:166-denver-tech-center","name":"Denver Tech Center","aliases":[],"category":"Sonstige Spots","detail_map":"CAS Sector","source_pages":"Denver: The City of Shadows, Abschnitt CAS Sector","map_source":"Denver: The City of Shadows","placement_note":"Nach Quellenbezug im Teilraum CAS Sector angenähert","accuracy":"Teilraumzuordnung; Feinposition vorläufig","source_map":"denver-content","source_panel":"CAS Sector","description_preview":"Denver Tech Center ist ein in Denver: The City of Shadows belegter Schauplatz im Bereich CAS Sector.","description_full":"Denver Tech Center ist ein in Denver: The City of Shadows belegter Schauplatz im Bereich CAS Sector. Die Position ist auf den belegten Stadt- oder Teilraum angenähert; eine hausgenaue Lage ist aus dem Datenmaterial nicht sicher ableitbar.","description_source":"Denver: The City of Shadows, Abschnitt CAS Sector","description_kind":"Ortsprofil","description_has_more":true,"detail_plans":[],"alternate_locations":[],"sources":[{"bookId":"denver-city-shadows-sr2","title":"Denver: The City of Shadows","edition":"SR2","citation":"Denver: The City of Shadows, Abschnitt CAS Sector","purpose":"description"}],"map_sources":[],"editions":["SR2"],"edition_descriptions":{"SR2":{"kind":"Ortsprofil","preview":"Denver Tech Center ist ein in Denver: The City of Shadows belegter Schauplatz im Bereich CAS Sector.","full":"Denver Tech Center ist ein in Denver: The City of Shadows belegter Schauplatz im Bereich CAS Sector. Die Position ist auf den belegten Stadt- oder Teilraum angenähert; eine hausgenaue Lage ist aus dem Datenmaterial nicht sicher ableitbar.","hasMore":true,"hasExcerpt":true,"sources":[{"bookId":"denver-city-shadows-sr2","title":"Denver: The City of Shadows","edition":"SR2","citation":"Denver: The City of Shadows, Abschnitt CAS Sector","purpose":"description"}]}}}},{"type":"Feature","geometry":{"type":"Point","coordinates":[-104.882546,39.804305]},"properties":{"id":178,"global_id":"denver:place:178-denver-union-stockyards","name":"Denver Union Stockyards","aliases":[],"category":"Sonstige Spots","detail_map":"Sioux Sector","source_pages":"Denver: The City of Shadows, Abschnitt Sioux Sector","map_source":"Denver: The City of Shadows","placement_note":"Nach Quellenbezug im Teilraum Sioux Sector angenähert","accuracy":"Teilraumzuordnung; Feinposition vorläufig","source_map":"denver-content","source_panel":"Sioux Sector","description_preview":"Denver Union Stockyards ist ein in Denver: The City of Shadows belegter Schauplatz im Bereich Sioux Sector.","description_full":"Denver Union Stockyards ist ein in Denver: The City of Shadows belegter Schauplatz im Bereich Sioux Sector. Die Position ist auf den belegten Stadt- oder Teilraum angenähert; eine hausgenaue Lage ist aus dem Datenmaterial nicht sicher ableitbar.","description_source":"Denver: The City of Shadows, Abschnitt Sioux Sector","description_kind":"Ortsprofil","description_has_more":true,"detail_plans":[],"alternate_locations":[],"sources":[{"bookId":"denver-city-shadows-sr2","title":"Denver: The City of Shadows","edition":"SR2","citation":"Denver: The City of Shadows, Abschnitt Sioux Sector","purpose":"description"}],"map_sources":[],"editions":["SR2"],"edition_descriptions":{"SR2":{"kind":"Ortsprofil","preview":"Denver Union Stockyards ist ein in Denver: The City of Shadows belegter Schauplatz im Bereich Sioux Sector.","full":"Denver Union Stockyards ist ein in Denver: The City of Shadows belegter Schauplatz im Bereich Sioux Sector. Die Position ist auf den belegten Stadt- oder Teilraum angenähert; eine hausgenaue Lage ist aus dem Datenmaterial nicht sicher ableitbar.","hasMore":true,"hasExcerpt":true,"sources":[{"bookId":"denver-city-shadows-sr2","title":"Denver: The City of Shadows","edition":"SR2","citation":"Denver: The City of Shadows, Abschnitt Sioux Sector","purpose":"description"}]}}}},{"type":"Feature","geometry":{"type":"Point","coordinates":[-104.9508,39.7508]},"properties":{"id":116,"global_id":"denver:place:116-denver-zoo","name":"Denver Zoo","aliases":[],"category":"Freizeit und Natur","detail_map":"The Hub","source_pages":"The Third Parallel, S. 10-39","map_source":"The Third Parallel","placement_note":"Erhaltener geographischer Bezugspunkt","accuracy":"Geographischer Bezugspunkt","source_map":"denver-content","source_panel":"The Hub","description_preview":"Denver Zoo ist ein in The Third Parallel belegter Schauplatz im Bereich The Hub.","description_full":"Denver Zoo ist ein in The Third Parallel belegter Schauplatz im Bereich The Hub. Die Position folgt einem erhaltenen heutigen Bezugspunkt.","description_source":"The Third Parallel, S. 10-39","description_kind":"Ortsprofil","description_has_more":true,"detail_plans":[],"alternate_locations":[],"sources":[{"bookId":"third-parallel-sr6","title":"The Third Parallel","edition":"SR6","citation":"The Third Parallel, S. 10-39","purpose":"description"}],"map_sources":[],"editions":["SR6"],"edition_descriptions":{"SR6":{"kind":"Ortsprofil","preview":"Denver Zoo ist ein in The Third Parallel belegter Schauplatz im Bereich The Hub.","full":"Denver Zoo ist ein in The Third Parallel belegter Schauplatz im Bereich The Hub. Die Position folgt einem erhaltenen heutigen Bezugspunkt.","hasMore":true,"hasExcerpt":true,"sources":[{"bookId":"third-parallel-sr6","title":"The Third Parallel","edition":"SR6","citation":"The Third Parallel, S. 10-39","purpose":"description"}]}}}},{"type":"Feature","geometry":{"type":"Point","coordinates":[-104.991632,39.742874]},"properties":{"id":199,"global_id":"denver:place:199-docwagon-hospital-complex","name":"DocWagon Hospital Complex","aliases":[],"category":"Medizin","detail_map":"The Hub","source_pages":"Spy Games, Denver-Kapitel S. 6-86","map_source":"Spy Games","placement_note":"Nach Quellenbezug im Teilraum The Hub angenähert","accuracy":"Teilraumzuordnung; Feinposition vorläufig","source_map":"denver-content","source_panel":"The Hub","description_preview":"Der größte DocWagon-Komplex der FRFZ verbindet ein hochklassiges Traumazentrum mit einer inoffiziellen Straßenklinik in Raum 4-203.","description_full":"Der größte DocWagon-Komplex der FRFZ verbindet ein hochklassiges Traumazentrum mit einer inoffiziellen Straßenklinik in Raum 4-203. Die Position ist auf den belegten Stadt- oder Teilraum angenähert; eine hausgenaue Lage ist aus dem Datenmaterial nicht sicher ableitbar.","description_source":"Spy Games, Denver-Kapitel S. 6-86","description_kind":"Ortsprofil","description_has_more":true,"detail_plans":[],"alternate_locations":[],"sources":[{"bookId":"spy-games-sr4","title":"Spy Games","edition":"SR4","citation":"Spy Games, Denver-Kapitel S. 6-86","purpose":"description"},{"bookId":"denver-trilogy-sr5","title":"Denver Adventure Trilogy","edition":"SR5","citation":"Denver Adventure Trilogy, Kampagnenschauplätze","purpose":"description"}],"map_sources":[],"editions":["SR4","SR5"],"edition_descriptions":{"SR4":{"kind":"Ortsprofil","preview":"Der größte DocWagon-Komplex der FRFZ verbindet ein hochklassiges Traumazentrum mit einer inoffiziellen Straßenklinik in Raum 4-203.","full":"Der größte DocWagon-Komplex der FRFZ verbindet ein hochklassiges Traumazentrum mit einer inoffiziellen Straßenklinik in Raum 4-203. Die Position ist auf den belegten Stadt- oder Teilraum angenähert; eine hausgenaue Lage ist aus dem Datenmaterial nicht sicher ableitbar.","hasMore":true,"hasExcerpt":true,"sources":[{"bookId":"spy-games-sr4","title":"Spy Games","edition":"SR4","citation":"Spy Games, Denver-Kapitel S. 6-86","purpose":"description"}]},"SR5":{"kind":"Quellennachweis","preview":"DocWagon Hospital Complex ist für SR5 in Denver Adventure Trilogy belegt.","full":"DocWagon Hospital Complex ist für SR5 in Denver Adventure Trilogy belegt. Der Eintrag wird editionsübergreifend mit demselben Ort zusammengeführt.","hasMore":true,"hasExcerpt":false,"sources":[{"bookId":"denver-trilogy-sr5","title":"Denver Adventure Trilogy","edition":"SR5","citation":"Denver Adventure Trilogy, Kampagnenschauplätze","purpose":"description"}]}}}},{"type":"Feature","geometry":{"type":"Point","coordinates":[-104.981647,39.735218]},"properties":{"id":117,"global_id":"denver:place:117-draco-foundation-office","name":"Draco Foundation Office","aliases":[],"category":"Bildung und Kultur","detail_map":"The Hub","source_pages":"The Third Parallel - Denver Map, Nr. 11","map_source":"The Third Parallel","placement_note":"Nach Quellenbezug im Teilraum The Hub angenähert","accuracy":"Teilraumzuordnung; Feinposition vorläufig","source_map":"denver-content","source_panel":"The Hub","description_preview":"Draco Foundation Office ist ein in The Third Parallel belegter Schauplatz im Bereich The Hub.","description_full":"Draco Foundation Office ist ein in The Third Parallel belegter Schauplatz im Bereich The Hub. Die Position ist auf den belegten Stadt- oder Teilraum angenähert; eine hausgenaue Lage ist aus dem Datenmaterial nicht sicher ableitbar.","description_source":"The Third Parallel - Denver Map, Nr. 11","description_kind":"Ortsprofil","description_has_more":true,"detail_plans":[],"alternate_locations":[],"sources":[{"bookId":"third-parallel-sr6","title":"The Third Parallel","edition":"SR6","citation":"The Third Parallel - Denver Map, Nr. 11","purpose":"description"}],"map_sources":[],"editions":["SR6"],"edition_descriptions":{"SR6":{"kind":"Ortsprofil","preview":"Draco Foundation Office ist ein in The Third Parallel belegter Schauplatz im Bereich The Hub.","full":"Draco Foundation Office ist ein in The Third Parallel belegter Schauplatz im Bereich The Hub. Die Position ist auf den belegten Stadt- oder Teilraum angenähert; eine hausgenaue Lage ist aus dem Datenmaterial nicht sicher ableitbar.","hasMore":true,"hasExcerpt":true,"sources":[{"bookId":"third-parallel-sr6","title":"The Third Parallel","edition":"SR6","citation":"The Third Parallel - Denver Map, Nr. 11","purpose":"description"}]}},"map_number_sr6":11}},{"type":"Feature","geometry":{"type":"Point","coordinates":[-104.997197,39.738109]},"properties":{"id":200,"global_id":"denver:place:200-dragons-lair","name":"Dragon’s Lair","aliases":[],"category":"Matrix und Metaplanes","detail_map":"The Hub","source_pages":"Storm Front, Lightning in Denver S. 87-111","map_source":"Storm Front","placement_note":"Nach Quellenbezug im Teilraum The Hub angenähert","accuracy":"Teilraumzuordnung; Feinposition vorläufig","source_map":"denver-content","source_panel":"The Hub","description_preview":"Dragon’s Lair bezeichnet Ghostwalkers privaten Knoten im Denver Data Haven; 2074 wurden daraus kompromittierte Daten in die Matrix gestreut.","description_full":"Dragon’s Lair bezeichnet Ghostwalkers privaten Knoten im Denver Data Haven; 2074 wurden daraus kompromittierte Daten in die Matrix gestreut. Die Position ist auf den belegten Stadt- oder Teilraum angenähert; eine hausgenaue Lage ist aus dem Datenmaterial nicht sicher ableitbar.","description_source":"Storm Front, Lightning in Denver S. 87-111","description_kind":"Ortsprofil","description_has_more":true,"detail_plans":[],"alternate_locations":[],"sources":[{"bookId":"storm-front-sr4","title":"Storm Front","edition":"SR4","citation":"Storm Front, Lightning in Denver S. 87-111","purpose":"description"}],"map_sources":[],"editions":["SR4"],"edition_descriptions":{"SR4":{"kind":"Ortsprofil","preview":"Dragon’s Lair bezeichnet Ghostwalkers privaten Knoten im Denver Data Haven; 2074 wurden daraus kompromittierte Daten in die Matrix gestreut.","full":"Dragon’s Lair bezeichnet Ghostwalkers privaten Knoten im Denver Data Haven; 2074 wurden daraus kompromittierte Daten in die Matrix gestreut. Die Position ist auf den belegten Stadt- oder Teilraum angenähert; eine hausgenaue Lage ist aus dem Datenmaterial nicht sicher ableitbar.","hasMore":true,"hasExcerpt":true,"sources":[{"bookId":"storm-front-sr4","title":"Storm Front","edition":"SR4","citation":"Storm Front, Lightning in Denver S. 87-111","purpose":"description"}]}}}},{"type":"Feature","geometry":{"type":"Point","coordinates":[-105.222887,39.707919]},"properties":{"id":74,"global_id":"denver:place:74-echo-mountain","name":"Echo Mountain","aliases":[],"category":"Sonstige Spots","detail_map":"Front Range","source_pages":"The Third Parallel, S. 10-39","map_source":"The Third Parallel","placement_note":"Nach Quellenbezug im Teilraum Front Range angenähert","accuracy":"Teilraumzuordnung; Feinposition vorläufig","source_map":"denver-content","source_panel":"Front Range","description_preview":"Echo Mountain ist ein in The Third Parallel belegter Schauplatz im Bereich Front Range.","description_full":"Echo Mountain ist ein in The Third Parallel belegter Schauplatz im Bereich Front Range. Die Position ist auf den belegten Stadt- oder Teilraum angenähert; eine hausgenaue Lage ist aus dem Datenmaterial nicht sicher ableitbar.","description_source":"The Third Parallel, S. 10-39","description_kind":"Ortsprofil","description_has_more":true,"detail_plans":[],"alternate_locations":[],"sources":[{"bookId":"third-parallel-sr6","title":"The Third Parallel","edition":"SR6","citation":"The Third Parallel, S. 10-39","purpose":"description"}],"map_sources":[],"editions":["SR6"],"edition_descriptions":{"SR6":{"kind":"Ortsprofil","preview":"Echo Mountain ist ein in The Third Parallel belegter Schauplatz im Bereich Front Range.","full":"Echo Mountain ist ein in The Third Parallel belegter Schauplatz im Bereich Front Range. Die Position ist auf den belegten Stadt- oder Teilraum angenähert; eine hausgenaue Lage ist aus dem Datenmaterial nicht sicher ableitbar.","hasMore":true,"hasExcerpt":true,"sources":[{"bookId":"third-parallel-sr6","title":"The Third Parallel","edition":"SR6","citation":"The Third Parallel, S. 10-39","purpose":"description"}]}}}},{"type":"Feature","geometry":{"type":"Point","coordinates":[-104.537712,39.210847]},"properties":{"id":66,"global_id":"denver:place:66-elbert","name":"Elbert","aliases":[],"category":"Bezirke","detail_map":"Elbert","source_pages":"The Third Parallel, S. 10-39","map_source":"The Third Parallel","placement_note":"Lore-Bezirkszentrum Elbert","accuracy":"Lore-Bezirk; Grenzebene separat geprüft","source_map":"denver-content","source_panel":"Elbert","description_preview":"Elbert umfasst die ländlichen Ebenen östlich der Interstate 25 zwischen Denver und Colorado Springs; nomadische Gruppen und Go-Gangs kontrollieren viele Schmuggelwege.","description_full":"Elbert umfasst die ländlichen Ebenen östlich der Interstate 25 zwischen Denver und Colorado Springs; nomadische Gruppen und Go-Gangs kontrollieren viele Schmuggelwege. Die Zusammenfassung folgt dem Bezirkskapitel der angegebenen Edition; heutige Grenzen dienen nur der geografischen Einordnung.","description_source":"The Third Parallel, S. 10-39","description_kind":"Bezirksprofil","description_has_more":true,"detail_plans":[],"alternate_locations":[],"sources":[{"bookId":"third-parallel-sr6","title":"The Third Parallel","edition":"SR6","citation":"The Third Parallel, S. 10-39","purpose":"description"}],"map_sources":[],"editions":["SR6"],"edition_descriptions":{"SR6":{"kind":"Bezirksprofil","preview":"Elbert umfasst die ländlichen Ebenen östlich der Interstate 25 zwischen Denver und Colorado Springs; nomadische Gruppen und Go-Gangs kontrollieren viele Schmuggelwege.","full":"Elbert umfasst die ländlichen Ebenen östlich der Interstate 25 zwischen Denver und Colorado Springs; nomadische Gruppen und Go-Gangs kontrollieren viele Schmuggelwege. Die Zusammenfassung folgt dem Bezirkskapitel der angegebenen Edition; heutige Grenzen dienen nur der geografischen Einordnung.","hasMore":true,"hasExcerpt":true,"sources":[{"bookId":"third-parallel-sr6","title":"The Third Parallel","edition":"SR6","citation":"The Third Parallel, S. 10-39","purpose":"description"}]}}}},{"type":"Feature","geometry":{"type":"Point","coordinates":[-104.816208,38.832322]},"properties":{"id":54,"global_id":"denver:place:54-energia-viva-solar-farm","name":"Energia Viva Solar Farm","aliases":[],"category":"Sonstige Spots","detail_map":"Colorado Springs","source_pages":"The Third Parallel, S. 10-39","map_source":"The Third Parallel","placement_note":"Nach Quellenbezug im Teilraum Colorado Springs angenähert","accuracy":"Teilraumzuordnung; Feinposition vorläufig","source_map":"denver-content","source_panel":"Colorado Springs","description_preview":"Energia Viva Solar Farm ist ein in The Third Parallel belegter Schauplatz im Bereich Colorado Springs.","description_full":"Energia Viva Solar Farm ist ein in The Third Parallel belegter Schauplatz im Bereich Colorado Springs. Die Position ist auf den belegten Stadt- oder Teilraum angenähert; eine hausgenaue Lage ist aus dem Datenmaterial nicht sicher ableitbar.","description_source":"The Third Parallel, S. 10-39","description_kind":"Ortsprofil","description_has_more":true,"detail_plans":[],"alternate_locations":[],"sources":[{"bookId":"third-parallel-sr6","title":"The Third Parallel","edition":"SR6","citation":"The Third Parallel, S. 10-39","purpose":"description"}],"map_sources":[],"editions":["SR6"],"edition_descriptions":{"SR6":{"kind":"Ortsprofil","preview":"Energia Viva Solar Farm ist ein in The Third Parallel belegter Schauplatz im Bereich Colorado Springs.","full":"Energia Viva Solar Farm ist ein in The Third Parallel belegter Schauplatz im Bereich Colorado Springs. Die Position ist auf den belegten Stadt- oder Teilraum angenähert; eine hausgenaue Lage ist aus dem Datenmaterial nicht sicher ableitbar.","hasMore":true,"hasExcerpt":true,"sources":[{"bookId":"third-parallel-sr6","title":"The Third Parallel","edition":"SR6","citation":"The Third Parallel, S. 10-39","purpose":"description"}]}}}},{"type":"Feature","geometry":{"type":"Point","coordinates":[-104.980325,39.652599]},"properties":{"id":69,"global_id":"denver:place:69-englewood","name":"Englewood","aliases":[],"category":"Bezirke","detail_map":"Englewood","source_pages":"The Third Parallel, S. 10-39","map_source":"The Third Parallel","placement_note":"Lore-Bezirkszentrum Englewood","accuracy":"Lore-Bezirk; Grenzebene separat geprüft","source_map":"denver-content","source_panel":"Englewood","description_preview":"Englewood wurde während der Reclamation nahezu vollständig zerstört und besitzt keinen Ratssitz mehr; wenige Überlebende halten sich vor allem um Ketring Park zwischen Ruinen und gefährlichen Geistern.","description_full":"Englewood wurde während der Reclamation nahezu vollständig zerstört und besitzt keinen Ratssitz mehr; wenige Überlebende halten sich vor allem um Ketring Park zwischen Ruinen und gefährlichen Geistern. Die Zusammenfassung folgt dem Bezirkskapitel der angegebenen Edition; heutige Grenzen dienen nur der geografischen Einordnung.","description_source":"The Third Parallel, S. 10-39","description_kind":"Bezirksprofil","description_has_more":true,"detail_plans":[],"alternate_locations":[],"sources":[{"bookId":"third-parallel-sr6","title":"The Third Parallel","edition":"SR6","citation":"The Third Parallel, S. 10-39","purpose":"description"}],"map_sources":[],"editions":["SR6"],"edition_descriptions":{"SR6":{"kind":"Bezirksprofil","preview":"Englewood wurde während der Reclamation nahezu vollständig zerstört und besitzt keinen Ratssitz mehr; wenige Überlebende halten sich vor allem um Ketring Park zwischen Ruinen und gefährlichen Geistern.","full":"Englewood wurde während der Reclamation nahezu vollständig zerstört und besitzt keinen Ratssitz mehr; wenige Überlebende halten sich vor allem um Ketring Park zwischen Ruinen und gefährlichen Geistern. Die Zusammenfassung folgt dem Bezirkskapitel der angegebenen Edition; heutige Grenzen dienen nur der geografischen Einordnung.","hasMore":true,"hasExcerpt":true,"sources":[{"bookId":"third-parallel-sr6","title":"The Third Parallel","edition":"SR6","citation":"The Third Parallel, S. 10-39","purpose":"description"}]}}}},{"type":"Feature","geometry":{"type":"Point","coordinates":[-104.994843,39.747439]},"properties":{"id":118,"global_id":"denver:place:118-evo-gardens","name":"Evo Gardens","aliases":[],"category":"Freizeit und Natur","detail_map":"The Hub","source_pages":"The Third Parallel, S. 10-39","map_source":"The Third Parallel","placement_note":"Nach Quellenbezug im Teilraum The Hub angenähert","accuracy":"Teilraumzuordnung; Feinposition vorläufig","source_map":"denver-content","source_panel":"The Hub","description_preview":"Evo Gardens ist ein in The Third Parallel belegter Schauplatz im Bereich The Hub.","description_full":"Evo Gardens ist ein in The Third Parallel belegter Schauplatz im Bereich The Hub. Die Position ist auf den belegten Stadt- oder Teilraum angenähert; eine hausgenaue Lage ist aus dem Datenmaterial nicht sicher ableitbar.","description_source":"The Third Parallel, S. 10-39","description_kind":"Ortsprofil","description_has_more":true,"detail_plans":[],"alternate_locations":[],"sources":[{"bookId":"third-parallel-sr6","title":"The Third Parallel","edition":"SR6","citation":"The Third Parallel, S. 10-39","purpose":"description"}],"map_sources":[],"editions":["SR6"],"edition_descriptions":{"SR6":{"kind":"Ortsprofil","preview":"Evo Gardens ist ein in The Third Parallel belegter Schauplatz im Bereich The Hub.","full":"Evo Gardens ist ein in The Third Parallel belegter Schauplatz im Bereich The Hub. Die Position ist auf den belegten Stadt- oder Teilraum angenähert; eine hausgenaue Lage ist aus dem Datenmaterial nicht sicher ableitbar.","hasMore":true,"hasExcerpt":true,"sources":[{"bookId":"third-parallel-sr6","title":"The Third Parallel","edition":"SR6","citation":"The Third Parallel, S. 10-39","purpose":"description"}]}}}},{"type":"Feature","geometry":{"type":"Point","coordinates":[-104.89459,39.806171]},"properties":{"id":176,"global_id":"denver:place:176-eyrie","name":"Eyrie","aliases":[],"category":"Sonstige Spots","detail_map":"Sioux Sector","source_pages":"Denver: The City of Shadows, Abschnitt Sioux Sector","map_source":"Denver: The City of Shadows","placement_note":"Nach Quellenbezug im Teilraum Sioux Sector angenähert","accuracy":"Teilraumzuordnung; Feinposition vorläufig","source_map":"denver-content","source_panel":"Sioux Sector","description_preview":"Eyrie ist ein in Denver: The City of Shadows belegter Schauplatz im Bereich Sioux Sector.","description_full":"Eyrie ist ein in Denver: The City of Shadows belegter Schauplatz im Bereich Sioux Sector. Die Position ist auf den belegten Stadt- oder Teilraum angenähert; eine hausgenaue Lage ist aus dem Datenmaterial nicht sicher ableitbar.","description_source":"Denver: The City of Shadows, Abschnitt Sioux Sector","description_kind":"Ortsprofil","description_has_more":true,"detail_plans":[],"alternate_locations":[],"sources":[{"bookId":"denver-city-shadows-sr2","title":"Denver: The City of Shadows","edition":"SR2","citation":"Denver: The City of Shadows, Abschnitt Sioux Sector","purpose":"description"}],"map_sources":[],"editions":["SR2"],"edition_descriptions":{"SR2":{"kind":"Ortsprofil","preview":"Eyrie ist ein in Denver: The City of Shadows belegter Schauplatz im Bereich Sioux Sector.","full":"Eyrie ist ein in Denver: The City of Shadows belegter Schauplatz im Bereich Sioux Sector. Die Position ist auf den belegten Stadt- oder Teilraum angenähert; eine hausgenaue Lage ist aus dem Datenmaterial nicht sicher ableitbar.","hasMore":true,"hasExcerpt":true,"sources":[{"bookId":"denver-city-shadows-sr2","title":"Denver: The City of Shadows","edition":"SR2","citation":"Denver: The City of Shadows, Abschnitt Sioux Sector","purpose":"description"}]}}}},{"type":"Feature","geometry":{"type":"Point","coordinates":[-104.992814,39.745137]},"properties":{"id":119,"global_id":"denver:place:119-feed-trough","name":"Feed Trough","aliases":[],"category":"Restaurants","detail_map":"The Hub","source_pages":"The Third Parallel, S. 10-39","map_source":"The Third Parallel","placement_note":"Nach Quellenbezug im Teilraum The Hub angenähert","accuracy":"Teilraumzuordnung; Feinposition vorläufig","source_map":"denver-content","source_panel":"The Hub","description_preview":"Feed Trough ist ein in The Third Parallel belegter Schauplatz im Bereich The Hub.","description_full":"Feed Trough ist ein in The Third Parallel belegter Schauplatz im Bereich The Hub. Die Position ist auf den belegten Stadt- oder Teilraum angenähert; eine hausgenaue Lage ist aus dem Datenmaterial nicht sicher ableitbar.","description_source":"The Third Parallel, S. 10-39","description_kind":"Ortsprofil","description_has_more":true,"detail_plans":[],"alternate_locations":[],"sources":[{"bookId":"third-parallel-sr6","title":"The Third Parallel","edition":"SR6","citation":"The Third Parallel, S. 10-39","purpose":"description"}],"map_sources":[],"editions":["SR6"],"edition_descriptions":{"SR6":{"kind":"Ortsprofil","preview":"Feed Trough ist ein in The Third Parallel belegter Schauplatz im Bereich The Hub.","full":"Feed Trough ist ein in The Third Parallel belegter Schauplatz im Bereich The Hub. Die Position ist auf den belegten Stadt- oder Teilraum angenähert; eine hausgenaue Lage ist aus dem Datenmaterial nicht sicher ableitbar.","hasMore":true,"hasExcerpt":true,"sources":[{"bookId":"third-parallel-sr6","title":"The Third Parallel","edition":"SR6","citation":"The Third Parallel, S. 10-39","purpose":"description"}]}}}},{"type":"Feature","geometry":{"type":"Point","coordinates":[-104.9752,39.7404]},"properties":{"id":120,"global_id":"denver:place:120-fillmore-auditorium","name":"Fillmore Auditorium","aliases":[],"category":"Sonstige Spots","detail_map":"The Hub","source_pages":"The Third Parallel, S. 10-39","map_source":"The Third Parallel","placement_note":"Erhaltener geographischer Bezugspunkt","accuracy":"Geographischer Bezugspunkt","source_map":"denver-content","source_panel":"The Hub","description_preview":"Fillmore Auditorium ist ein in The Third Parallel belegter Schauplatz im Bereich The Hub.","description_full":"Fillmore Auditorium ist ein in The Third Parallel belegter Schauplatz im Bereich The Hub. Die Position folgt einem erhaltenen heutigen Bezugspunkt.","description_source":"The Third Parallel, S. 10-39","description_kind":"Ortsprofil","description_has_more":true,"detail_plans":[],"alternate_locations":[],"sources":[{"bookId":"third-parallel-sr6","title":"The Third Parallel","edition":"SR6","citation":"The Third Parallel, S. 10-39","purpose":"description"}],"map_sources":[],"editions":["SR6"],"edition_descriptions":{"SR6":{"kind":"Ortsprofil","preview":"Fillmore Auditorium ist ein in The Third Parallel belegter Schauplatz im Bereich The Hub.","full":"Fillmore Auditorium ist ein in The Third Parallel belegter Schauplatz im Bereich The Hub. Die Position folgt einem erhaltenen heutigen Bezugspunkt.","hasMore":true,"hasExcerpt":true,"sources":[{"bookId":"third-parallel-sr6","title":"The Third Parallel","edition":"SR6","citation":"The Third Parallel, S. 10-39","purpose":"description"}]}}}},{"type":"Feature","geometry":{"type":"Point","coordinates":[-104.995283,39.732693]},"properties":{"id":206,"global_id":"denver:place:206-first-pit-stop","name":"First Pit Stop","aliases":[],"category":"Bars und Clubs","detail_map":"The Hub","source_pages":"Denver Adventure Trilogy, Kampagnenschauplätze","map_source":"Denver Adventure Trilogy","placement_note":"Nach Quellenbezug im Teilraum The Hub angenähert","accuracy":"Teilraumzuordnung; Feinposition vorläufig","source_map":"denver-content","source_panel":"The Hub","description_preview":"First Pit Stop ist ein in Denver Adventure Trilogy belegter Schauplatz im Bereich The Hub.","description_full":"First Pit Stop ist ein in Denver Adventure Trilogy belegter Schauplatz im Bereich The Hub. Die Position ist auf den belegten Stadt- oder Teilraum angenähert; eine hausgenaue Lage ist aus dem Datenmaterial nicht sicher ableitbar.","description_source":"Denver Adventure Trilogy, Kampagnenschauplätze","description_kind":"Ortsprofil","description_has_more":true,"detail_plans":[],"alternate_locations":[],"sources":[{"bookId":"denver-trilogy-sr5","title":"Denver Adventure Trilogy","edition":"SR5","citation":"Denver Adventure Trilogy, Kampagnenschauplätze","purpose":"description"}],"map_sources":[],"editions":["SR5"],"edition_descriptions":{"SR5":{"kind":"Ortsprofil","preview":"First Pit Stop ist ein in Denver Adventure Trilogy belegter Schauplatz im Bereich The Hub.","full":"First Pit Stop ist ein in Denver Adventure Trilogy belegter Schauplatz im Bereich The Hub. Die Position ist auf den belegten Stadt- oder Teilraum angenähert; eine hausgenaue Lage ist aus dem Datenmaterial nicht sicher ableitbar.","hasMore":true,"hasExcerpt":true,"sources":[{"bookId":"denver-trilogy-sr5","title":"Denver Adventure Trilogy","edition":"SR5","citation":"Denver Adventure Trilogy, Kampagnenschauplätze","purpose":"description"}]}}}},{"type":"Feature","geometry":{"type":"Point","coordinates":[-104.996222,39.733657]},"properties":{"id":121,"global_id":"denver:place:121-five-by-five","name":"Five by Five","aliases":[],"category":"Sonstige Spots","detail_map":"The Hub","source_pages":"The Third Parallel, S. 10-39","map_source":"The Third Parallel","placement_note":"Nach Quellenbezug im Teilraum The Hub angenähert","accuracy":"Teilraumzuordnung; Feinposition vorläufig","source_map":"denver-content","source_panel":"The Hub","description_preview":"Five by Five ist ein in The Third Parallel belegter Schauplatz im Bereich The Hub.","description_full":"Five by Five ist ein in The Third Parallel belegter Schauplatz im Bereich The Hub. Die Position ist auf den belegten Stadt- oder Teilraum angenähert; eine hausgenaue Lage ist aus dem Datenmaterial nicht sicher ableitbar.","description_source":"The Third Parallel, S. 10-39","description_kind":"Ortsprofil","description_has_more":true,"detail_plans":[],"alternate_locations":[],"sources":[{"bookId":"third-parallel-sr6","title":"The Third Parallel","edition":"SR6","citation":"The Third Parallel, S. 10-39","purpose":"description"},{"bookId":"spy-games-sr4","title":"Spy Games","edition":"SR4","citation":"Spy Games, Denver-Kapitel S. 6-86","purpose":"description"}],"map_sources":[],"editions":["SR6","SR4"],"edition_descriptions":{"SR6":{"kind":"Ortsprofil","preview":"Five by Five ist ein in The Third Parallel belegter Schauplatz im Bereich The Hub.","full":"Five by Five ist ein in The Third Parallel belegter Schauplatz im Bereich The Hub. Die Position ist auf den belegten Stadt- oder Teilraum angenähert; eine hausgenaue Lage ist aus dem Datenmaterial nicht sicher ableitbar.","hasMore":true,"hasExcerpt":true,"sources":[{"bookId":"third-parallel-sr6","title":"The Third Parallel","edition":"SR6","citation":"The Third Parallel, S. 10-39","purpose":"description"}]},"SR4":{"kind":"Ortsprofil","preview":"Five by Five ist eine nur über Tunnel und unterirdische Zugänge erreichbare Bar für Schmuggler und Coyoten; Geschäfte werden dort angebahnt, aber nicht offen verhandelt.","full":"Five by Five ist eine nur über Tunnel und unterirdische Zugänge erreichbare Bar für Schmuggler und Coyoten; Geschäfte werden dort angebahnt, aber nicht offen verhandelt. Die Position ist auf den belegten Stadt- oder Teilraum angenähert; eine hausgenaue Lage ist aus dem Datenmaterial nicht sicher ableitbar.","hasMore":true,"hasExcerpt":true,"sources":[{"bookId":"spy-games-sr4","title":"Spy Games","edition":"SR4","citation":"Spy Games, Denver-Kapitel S. 6-86","purpose":"description"}]}}}},{"type":"Feature","geometry":{"type":"Point","coordinates":[-104.983735,39.740636]},"properties":{"id":122,"global_id":"denver:place:122-focused-consulting-and-brokerage-headquarters","name":"Focused Consulting and Brokerage Headquarters","aliases":[],"category":"Konzerne","detail_map":"The Hub","source_pages":"The Third Parallel, S. 10-39","map_source":"The Third Parallel","placement_note":"Nach Quellenbezug im Teilraum The Hub angenähert","accuracy":"Teilraumzuordnung; Feinposition vorläufig","source_map":"denver-content","source_panel":"The Hub","description_preview":"Focused Consulting and Brokerage Headquarters ist ein in The Third Parallel belegter Schauplatz im Bereich The Hub.","description_full":"Focused Consulting and Brokerage Headquarters ist ein in The Third Parallel belegter Schauplatz im Bereich The Hub. Die Position ist auf den belegten Stadt- oder Teilraum angenähert; eine hausgenaue Lage ist aus dem Datenmaterial nicht sicher ableitbar.","description_source":"The Third Parallel, S. 10-39","description_kind":"Ortsprofil","description_has_more":true,"detail_plans":[],"alternate_locations":[],"sources":[{"bookId":"third-parallel-sr6","title":"The Third Parallel","edition":"SR6","citation":"The Third Parallel, S. 10-39","purpose":"description"},{"bookId":"spy-games-sr4","title":"Spy Games","edition":"SR4","citation":"Spy Games, Denver-Kapitel S. 6-86","purpose":"description"}],"map_sources":[],"editions":["SR6","SR4"],"edition_descriptions":{"SR6":{"kind":"Ortsprofil","preview":"Focused Consulting and Brokerage Headquarters ist ein in The Third Parallel belegter Schauplatz im Bereich The Hub.","full":"Focused Consulting and Brokerage Headquarters ist ein in The Third Parallel belegter Schauplatz im Bereich The Hub. Die Position ist auf den belegten Stadt- oder Teilraum angenähert; eine hausgenaue Lage ist aus dem Datenmaterial nicht sicher ableitbar.","hasMore":true,"hasExcerpt":true,"sources":[{"bookId":"third-parallel-sr6","title":"The Third Parallel","edition":"SR6","citation":"The Third Parallel, S. 10-39","purpose":"description"}]},"SR4":{"kind":"Ortsprofil","preview":"Focused Consulting and Brokerage gehört zu Denvers einflussreichen A-Konzernen und vermittelt diskret zwischen Wirtschaft, Politik und Nachrichtendiensten.","full":"Focused Consulting and Brokerage gehört zu Denvers einflussreichen A-Konzernen und vermittelt diskret zwischen Wirtschaft, Politik und Nachrichtendiensten. Die Position ist auf den belegten Stadt- oder Teilraum angenähert; eine hausgenaue Lage ist aus dem Datenmaterial nicht sicher ableitbar.","hasMore":true,"hasExcerpt":true,"sources":[{"bookId":"spy-games-sr4","title":"Spy Games","edition":"SR4","citation":"Spy Games, Denver-Kapitel S. 6-86","purpose":"description"}]}}}},{"type":"Feature","geometry":{"type":"Point","coordinates":[-104.815612,38.827886]},"properties":{"id":55,"global_id":"denver:place:55-fort-carson","name":"Fort Carson","aliases":[],"category":"Sicherheit und Justiz","detail_map":"Colorado Springs","source_pages":"The Third Parallel, S. 10-39","map_source":"The Third Parallel","placement_note":"Nach Quellenbezug im Teilraum Colorado Springs angenähert","accuracy":"Teilraumzuordnung; Feinposition vorläufig","source_map":"denver-content","source_panel":"Colorado Springs","description_preview":"Fort Carson ist ein in The Third Parallel belegter Schauplatz im Bereich Colorado Springs.","description_full":"Fort Carson ist ein in The Third Parallel belegter Schauplatz im Bereich Colorado Springs. Die Position ist auf den belegten Stadt- oder Teilraum angenähert; eine hausgenaue Lage ist aus dem Datenmaterial nicht sicher ableitbar.","description_source":"The Third Parallel, S. 10-39","description_kind":"Ortsprofil","description_has_more":true,"detail_plans":[],"alternate_locations":[],"sources":[{"bookId":"third-parallel-sr6","title":"The Third Parallel","edition":"SR6","citation":"The Third Parallel, S. 10-39","purpose":"description"}],"map_sources":[],"editions":["SR6"],"edition_descriptions":{"SR6":{"kind":"Ortsprofil","preview":"Fort Carson ist ein in The Third Parallel belegter Schauplatz im Bereich Colorado Springs.","full":"Fort Carson ist ein in The Third Parallel belegter Schauplatz im Bereich Colorado Springs. Die Position ist auf den belegten Stadt- oder Teilraum angenähert; eine hausgenaue Lage ist aus dem Datenmaterial nicht sicher ableitbar.","hasMore":true,"hasExcerpt":true,"sources":[{"bookId":"third-parallel-sr6","title":"The Third Parallel","edition":"SR6","citation":"The Third Parallel, S. 10-39","purpose":"description"}]}}}},{"type":"Feature","geometry":{"type":"Point","coordinates":[-105.109953,39.700381]},"properties":{"id":173,"global_id":"denver:place:173-fort-carson-military-reservation","name":"Fort Carson Military Reservation","aliases":[],"category":"Sicherheit und Justiz","detail_map":"Pueblo Sector","source_pages":"Denver: The City of Shadows, Abschnitt Pueblo Sector","map_source":"Denver: The City of Shadows","placement_note":"Nach Quellenbezug im Teilraum Pueblo Sector angenähert","accuracy":"Teilraumzuordnung; Feinposition vorläufig","source_map":"denver-content","source_panel":"Pueblo Sector","description_preview":"Fort Carson Military Reservation ist ein in Denver: The City of Shadows belegter Schauplatz im Bereich Pueblo Sector.","description_full":"Fort Carson Military Reservation ist ein in Denver: The City of Shadows belegter Schauplatz im Bereich Pueblo Sector. Die Position ist auf den belegten Stadt- oder Teilraum angenähert; eine hausgenaue Lage ist aus dem Datenmaterial nicht sicher ableitbar.","description_source":"Denver: The City of Shadows, Abschnitt Pueblo Sector","description_kind":"Ortsprofil","description_has_more":true,"detail_plans":[],"alternate_locations":[],"sources":[{"bookId":"denver-city-shadows-sr2","title":"Denver: The City of Shadows","edition":"SR2","citation":"Denver: The City of Shadows, Abschnitt Pueblo Sector","purpose":"description"}],"map_sources":[],"editions":["SR2"],"edition_descriptions":{"SR2":{"kind":"Ortsprofil","preview":"Fort Carson Military Reservation ist ein in Denver: The City of Shadows belegter Schauplatz im Bereich Pueblo Sector.","full":"Fort Carson Military Reservation ist ein in Denver: The City of Shadows belegter Schauplatz im Bereich Pueblo Sector. Die Position ist auf den belegten Stadt- oder Teilraum angenähert; eine hausgenaue Lage ist aus dem Datenmaterial nicht sicher ableitbar.","hasMore":true,"hasExcerpt":true,"sources":[{"bookId":"denver-city-shadows-sr2","title":"Denver: The City of Shadows","edition":"SR2","citation":"Denver: The City of Shadows, Abschnitt Pueblo Sector","purpose":"description"}]}}}},{"type":"Feature","geometry":{"type":"Point","coordinates":[-105.103595,39.686822]},"properties":{"id":172,"global_id":"denver:place:172-fort-logan-medical-center","name":"Fort Logan Medical Center","aliases":[],"category":"Medizin","detail_map":"Pueblo Sector","source_pages":"Denver: The City of Shadows, Abschnitt Pueblo Sector","map_source":"Denver: The City of Shadows","placement_note":"Nach Quellenbezug im Teilraum Pueblo Sector angenähert","accuracy":"Teilraumzuordnung; Feinposition vorläufig","source_map":"denver-content","source_panel":"Pueblo Sector","description_preview":"Fort Logan Medical Center ist ein in Denver: The City of Shadows belegter Schauplatz im Bereich Pueblo Sector.","description_full":"Fort Logan Medical Center ist ein in Denver: The City of Shadows belegter Schauplatz im Bereich Pueblo Sector. Die Position ist auf den belegten Stadt- oder Teilraum angenähert; eine hausgenaue Lage ist aus dem Datenmaterial nicht sicher ableitbar.","description_source":"Denver: The City of Shadows, Abschnitt Pueblo Sector","description_kind":"Ortsprofil","description_has_more":true,"detail_plans":[],"alternate_locations":[],"sources":[{"bookId":"denver-city-shadows-sr2","title":"Denver: The City of Shadows","edition":"SR2","citation":"Denver: The City of Shadows, Abschnitt Pueblo Sector","purpose":"description"}],"map_sources":[],"editions":["SR2"],"edition_descriptions":{"SR2":{"kind":"Ortsprofil","preview":"Fort Logan Medical Center ist ein in Denver: The City of Shadows belegter Schauplatz im Bereich Pueblo Sector.","full":"Fort Logan Medical Center ist ein in Denver: The City of Shadows belegter Schauplatz im Bereich Pueblo Sector. Die Position ist auf den belegten Stadt- oder Teilraum angenähert; eine hausgenaue Lage ist aus dem Datenmaterial nicht sicher ableitbar.","hasMore":true,"hasExcerpt":true,"sources":[{"bookId":"denver-city-shadows-sr2","title":"Denver: The City of Shadows","edition":"SR2","citation":"Denver: The City of Shadows, Abschnitt Pueblo Sector","purpose":"description"}]}}}},{"type":"Feature","geometry":{"type":"Point","coordinates":[-105.2709,40.0191]},"properties":{"id":14,"global_id":"denver:place:14-fox-theatre","name":"Fox Theatre","aliases":[],"category":"Sonstige Spots","detail_map":"Boulder","source_pages":"The Third Parallel - Denver Map, Nr. 12","map_source":"The Third Parallel","placement_note":"Erhaltener geographischer Bezugspunkt","accuracy":"Geographischer Bezugspunkt","source_map":"denver-content","source_panel":"Boulder","description_preview":"Fox Theatre ist ein in The Third Parallel belegter Schauplatz im Bereich Boulder.","description_full":"Fox Theatre ist ein in The Third Parallel belegter Schauplatz im Bereich Boulder. Die Position folgt einem erhaltenen heutigen Bezugspunkt.","description_source":"The Third Parallel - Denver Map, Nr. 12","description_kind":"Ortsprofil","description_has_more":true,"detail_plans":[],"alternate_locations":[],"sources":[{"bookId":"third-parallel-sr6","title":"The Third Parallel","edition":"SR6","citation":"The Third Parallel - Denver Map, Nr. 12","purpose":"description"}],"map_sources":[],"editions":["SR6"],"edition_descriptions":{"SR6":{"kind":"Ortsprofil","preview":"Fox Theatre ist ein in The Third Parallel belegter Schauplatz im Bereich Boulder.","full":"Fox Theatre ist ein in The Third Parallel belegter Schauplatz im Bereich Boulder. Die Position folgt einem erhaltenen heutigen Bezugspunkt.","hasMore":true,"hasExcerpt":true,"sources":[{"bookId":"third-parallel-sr6","title":"The Third Parallel","edition":"SR6","citation":"The Third Parallel - Denver Map, Nr. 12","purpose":"description"}]}},"map_number_sr6":12}},{"type":"Feature","geometry":{"type":"Point","coordinates":[-104.883422,39.584222]},"properties":{"id":42,"global_id":"denver:place:42-free-zone-voice-offices","name":"Free Zone Voice Offices","aliases":[],"category":"Konzerne","detail_map":"Centennial","source_pages":"The Third Parallel, S. 10-39","map_source":"The Third Parallel","placement_note":"Nach Quellenbezug im Teilraum Centennial angenähert","accuracy":"Teilraumzuordnung; Feinposition vorläufig","source_map":"denver-content","source_panel":"Centennial","description_preview":"Free Zone Voice Offices ist ein in The Third Parallel belegter Schauplatz im Bereich Centennial.","description_full":"Free Zone Voice Offices ist ein in The Third Parallel belegter Schauplatz im Bereich Centennial. Die Position ist auf den belegten Stadt- oder Teilraum angenähert; eine hausgenaue Lage ist aus dem Datenmaterial nicht sicher ableitbar.","description_source":"The Third Parallel, S. 10-39","description_kind":"Ortsprofil","description_has_more":true,"detail_plans":[],"alternate_locations":[],"sources":[{"bookId":"third-parallel-sr6","title":"The Third Parallel","edition":"SR6","citation":"The Third Parallel, S. 10-39","purpose":"description"}],"map_sources":[],"editions":["SR6"],"edition_descriptions":{"SR6":{"kind":"Ortsprofil","preview":"Free Zone Voice Offices ist ein in The Third Parallel belegter Schauplatz im Bereich Centennial.","full":"Free Zone Voice Offices ist ein in The Third Parallel belegter Schauplatz im Bereich Centennial. Die Position ist auf den belegten Stadt- oder Teilraum angenähert; eine hausgenaue Lage ist aus dem Datenmaterial nicht sicher ableitbar.","hasMore":true,"hasExcerpt":true,"sources":[{"bookId":"third-parallel-sr6","title":"The Third Parallel","edition":"SR6","citation":"The Third Parallel, S. 10-39","purpose":"description"}]}}}},{"type":"Feature","geometry":{"type":"Point","coordinates":[-105.228451,39.713641]},"properties":{"id":72,"global_id":"denver:place:72-front-range","name":"Front Range","aliases":["The Front Range"],"category":"Bezirke","detail_map":"Front Range","source_pages":"The Third Parallel, S. 10-39","map_source":"The Third Parallel","placement_note":"Lore-Bezirkszentrum Front Range","accuracy":"Lore-Bezirk; Grenzebene separat geprüft","source_map":"denver-content","source_panel":"Front Range","description_preview":"Der Front-Range-Distrikt ist das größte und westlichste Gebiet der Zone: schwer zugängliches Gebirge zwischen Boulder und Colorado Springs mit Resorts, Casinos und Schmuggelrouten.","description_full":"Der Front-Range-Distrikt ist das größte und westlichste Gebiet der Zone: schwer zugängliches Gebirge zwischen Boulder und Colorado Springs mit Resorts, Casinos und Schmuggelrouten. Die Zusammenfassung folgt dem Bezirkskapitel der angegebenen Edition; heutige Grenzen dienen nur der geografischen Einordnung.","description_source":"The Third Parallel, S. 10-39","description_kind":"Bezirksprofil","description_has_more":true,"detail_plans":[],"alternate_locations":[],"sources":[{"bookId":"third-parallel-sr6","title":"The Third Parallel","edition":"SR6","citation":"The Third Parallel, S. 10-39","purpose":"description"},{"bookId":"denver-city-shadows-sr2","title":"Denver: The City of Shadows","edition":"SR2","citation":"Denver: The City of Shadows, Abschnitt Sioux Sector","purpose":"description"},{"bookId":"shadows-north-america-sr3","title":"Shadows of North America","edition":"SR3","citation":"Shadows of North America, Denver, S. 195","purpose":"description"}],"map_sources":[],"editions":["SR6","SR2","SR3"],"edition_descriptions":{"SR6":{"kind":"Bezirksprofil","preview":"Der Front-Range-Distrikt ist das größte und westlichste Gebiet der Zone: schwer zugängliches Gebirge zwischen Boulder und Colorado Springs mit Resorts, Casinos und Schmuggelrouten.","full":"Der Front-Range-Distrikt ist das größte und westlichste Gebiet der Zone: schwer zugängliches Gebirge zwischen Boulder und Colorado Springs mit Resorts, Casinos und Schmuggelrouten. Die Zusammenfassung folgt dem Bezirkskapitel der angegebenen Edition; heutige Grenzen dienen nur der geografischen Einordnung.","hasMore":true,"hasExcerpt":true,"sources":[{"bookId":"third-parallel-sr6","title":"The Third Parallel","edition":"SR6","citation":"The Third Parallel, S. 10-39","purpose":"description"}]},"SR2":{"kind":"Quellennachweis","preview":"The Front Range ist für SR2 in Denver: The City of Shadows belegt.","full":"The Front Range ist für SR2 in Denver: The City of Shadows belegt. Der Eintrag wird editionsübergreifend mit demselben Ort zusammengeführt.","hasMore":true,"hasExcerpt":false,"sources":[{"bookId":"denver-city-shadows-sr2","title":"Denver: The City of Shadows","edition":"SR2","citation":"Denver: The City of Shadows, Abschnitt Sioux Sector","purpose":"description"}]},"SR3":{"kind":"Ortsprofil","preview":"Die Front Range Free Zone bleibt nach Ghostwalkers Machtübernahme eine geteilte Stadt und ein zentraler Umschlagplatz für Schmuggel, Politik und Informationen.","full":"Die Front Range Free Zone bleibt nach Ghostwalkers Machtübernahme eine geteilte Stadt und ein zentraler Umschlagplatz für Schmuggel, Politik und Informationen. Die Position ist auf den belegten Stadt- oder Teilraum angenähert; eine hausgenaue Lage ist aus dem Datenmaterial nicht sicher ableitbar.","hasMore":true,"hasExcerpt":true,"sources":[{"bookId":"shadows-north-america-sr3","title":"Shadows of North America","edition":"SR3","citation":"Shadows of North America, Denver, S. 195","purpose":"description"}]}}}},{"type":"Feature","geometry":{"type":"Point","coordinates":[-104.875746,39.778443]},"properties":{"id":102,"global_id":"denver:place:102-front-range-space-port","name":"Front Range Space Port","aliases":[],"category":"Sonstige Spots","detail_map":"Stapleton","source_pages":"The Third Parallel, S. 10-39","map_source":"The Third Parallel","placement_note":"Nach Quellenbezug im Teilraum Stapleton angenähert","accuracy":"Teilraumzuordnung; Feinposition vorläufig","source_map":"denver-content","source_panel":"Stapleton","description_preview":"Front Range Space Port ist ein in The Third Parallel belegter Schauplatz im Bereich Stapleton.","description_full":"Front Range Space Port ist ein in The Third Parallel belegter Schauplatz im Bereich Stapleton. Die Position ist auf den belegten Stadt- oder Teilraum angenähert; eine hausgenaue Lage ist aus dem Datenmaterial nicht sicher ableitbar.","description_source":"The Third Parallel, S. 10-39","description_kind":"Ortsprofil","description_has_more":true,"detail_plans":[],"alternate_locations":[],"sources":[{"bookId":"third-parallel-sr6","title":"The Third Parallel","edition":"SR6","citation":"The Third Parallel, S. 10-39","purpose":"description"}],"map_sources":[],"editions":["SR6"],"edition_descriptions":{"SR6":{"kind":"Ortsprofil","preview":"Front Range Space Port ist ein in The Third Parallel belegter Schauplatz im Bereich Stapleton.","full":"Front Range Space Port ist ein in The Third Parallel belegter Schauplatz im Bereich Stapleton. Die Position ist auf den belegten Stadt- oder Teilraum angenähert; eine hausgenaue Lage ist aus dem Datenmaterial nicht sicher ableitbar.","hasMore":true,"hasExcerpt":true,"sources":[{"bookId":"third-parallel-sr6","title":"The Third Parallel","edition":"SR6","citation":"The Third Parallel, S. 10-39","purpose":"description"}]}}}},{"type":"Feature","geometry":{"type":"Point","coordinates":[-104.879655,39.588994]},"properties":{"id":43,"global_id":"denver:place:43-ftl-technologies-headquarters","name":"FTL Technologies Headquarters","aliases":[],"category":"Konzerne","detail_map":"Centennial","source_pages":"The Third Parallel, S. 10-39","map_source":"The Third Parallel","placement_note":"Nach Quellenbezug im Teilraum Centennial angenähert","accuracy":"Teilraumzuordnung; Feinposition vorläufig","source_map":"denver-content","source_panel":"Centennial","description_preview":"FTL Technologies Headquarters ist ein in The Third Parallel belegter Schauplatz im Bereich Centennial.","description_full":"FTL Technologies Headquarters ist ein in The Third Parallel belegter Schauplatz im Bereich Centennial. Die Position ist auf den belegten Stadt- oder Teilraum angenähert; eine hausgenaue Lage ist aus dem Datenmaterial nicht sicher ableitbar.","description_source":"The Third Parallel, S. 10-39","description_kind":"Ortsprofil","description_has_more":true,"detail_plans":[],"alternate_locations":[],"sources":[{"bookId":"third-parallel-sr6","title":"The Third Parallel","edition":"SR6","citation":"The Third Parallel, S. 10-39","purpose":"description"}],"map_sources":[],"editions":["SR6"],"edition_descriptions":{"SR6":{"kind":"Ortsprofil","preview":"FTL Technologies Headquarters ist ein in The Third Parallel belegter Schauplatz im Bereich Centennial.","full":"FTL Technologies Headquarters ist ein in The Third Parallel belegter Schauplatz im Bereich Centennial. Die Position ist auf den belegten Stadt- oder Teilraum angenähert; eine hausgenaue Lage ist aus dem Datenmaterial nicht sicher ableitbar.","hasMore":true,"hasExcerpt":true,"sources":[{"bookId":"third-parallel-sr6","title":"The Third Parallel","edition":"SR6","citation":"The Third Parallel, S. 10-39","purpose":"description"}]}}}},{"type":"Feature","geometry":{"type":"Point","coordinates":[-104.994204,39.733216]},"properties":{"id":123,"global_id":"denver:place:123-gadgeteers-electronics","name":"Gadgeteer’s Electronics","aliases":[],"category":"Sonstige Spots","detail_map":"The Hub","source_pages":"The Third Parallel, S. 10-39","map_source":"The Third Parallel","placement_note":"Nach Quellenbezug im Teilraum The Hub angenähert","accuracy":"Teilraumzuordnung; Feinposition vorläufig","source_map":"denver-content","source_panel":"The Hub","description_preview":"Gadgeteer’s Electronics ist ein in The Third Parallel belegter Schauplatz im Bereich The Hub.","description_full":"Gadgeteer’s Electronics ist ein in The Third Parallel belegter Schauplatz im Bereich The Hub. Die Position ist auf den belegten Stadt- oder Teilraum angenähert; eine hausgenaue Lage ist aus dem Datenmaterial nicht sicher ableitbar.","description_source":"The Third Parallel, S. 10-39","description_kind":"Ortsprofil","description_has_more":true,"detail_plans":[],"alternate_locations":[],"sources":[{"bookId":"third-parallel-sr6","title":"The Third Parallel","edition":"SR6","citation":"The Third Parallel, S. 10-39","purpose":"description"}],"map_sources":[],"editions":["SR6"],"edition_descriptions":{"SR6":{"kind":"Ortsprofil","preview":"Gadgeteer’s Electronics ist ein in The Third Parallel belegter Schauplatz im Bereich The Hub.","full":"Gadgeteer’s Electronics ist ein in The Third Parallel belegter Schauplatz im Bereich The Hub. Die Position ist auf den belegten Stadt- oder Teilraum angenähert; eine hausgenaue Lage ist aus dem Datenmaterial nicht sicher ableitbar.","hasMore":true,"hasExcerpt":true,"sources":[{"bookId":"third-parallel-sr6","title":"The Third Parallel","edition":"SR6","citation":"The Third Parallel, S. 10-39","purpose":"description"}]}}}},{"type":"Feature","geometry":{"type":"Point","coordinates":[-104.8864,38.873]},"properties":{"id":56,"global_id":"denver:place:56-garden-of-the-gods","name":"Garden of the Gods","aliases":[],"category":"Freizeit und Natur","detail_map":"Colorado Springs","source_pages":"The Third Parallel, S. 10-39","map_source":"The Third Parallel","placement_note":"Erhaltener geographischer Bezugspunkt","accuracy":"Geographischer Bezugspunkt","source_map":"denver-content","source_panel":"Colorado Springs","description_preview":"Garden of the Gods ist ein in The Third Parallel belegter Schauplatz im Bereich Colorado Springs.","description_full":"Garden of the Gods ist ein in The Third Parallel belegter Schauplatz im Bereich Colorado Springs. Die Position folgt einem erhaltenen heutigen Bezugspunkt.","description_source":"The Third Parallel, S. 10-39","description_kind":"Ortsprofil","description_has_more":true,"detail_plans":[],"alternate_locations":[],"sources":[{"bookId":"third-parallel-sr6","title":"The Third Parallel","edition":"SR6","citation":"The Third Parallel, S. 10-39","purpose":"description"}],"map_sources":[],"editions":["SR6"],"edition_descriptions":{"SR6":{"kind":"Ortsprofil","preview":"Garden of the Gods ist ein in The Third Parallel belegter Schauplatz im Bereich Colorado Springs.","full":"Garden of the Gods ist ein in The Third Parallel belegter Schauplatz im Bereich Colorado Springs. Die Position folgt einem erhaltenen heutigen Bezugspunkt.","hasMore":true,"hasExcerpt":true,"sources":[{"bookId":"third-parallel-sr6","title":"The Third Parallel","edition":"SR6","citation":"The Third Parallel, S. 10-39","purpose":"description"}]}}}},{"type":"Feature","geometry":{"type":"Point","coordinates":[-104.996698,39.732777]},"properties":{"id":124,"global_id":"denver:place:124-ghostwalkers-liaison-office","name":"Ghostwalker’s Liaison Office","aliases":[],"category":"Konzerne","detail_map":"The Hub","source_pages":"The Third Parallel - Denver Map, Nr. 13","map_source":"The Third Parallel","placement_note":"Nach Quellenbezug im Teilraum The Hub angenähert","accuracy":"Teilraumzuordnung; Feinposition vorläufig","source_map":"denver-content","source_panel":"The Hub","description_preview":"Ghostwalker’s Liaison Office ist ein in The Third Parallel belegter Schauplatz im Bereich The Hub.","description_full":"Ghostwalker’s Liaison Office ist ein in The Third Parallel belegter Schauplatz im Bereich The Hub. Die Position ist auf den belegten Stadt- oder Teilraum angenähert; eine hausgenaue Lage ist aus dem Datenmaterial nicht sicher ableitbar.","description_source":"The Third Parallel - Denver Map, Nr. 13","description_kind":"Ortsprofil","description_has_more":true,"detail_plans":[],"alternate_locations":[],"sources":[{"bookId":"third-parallel-sr6","title":"The Third Parallel","edition":"SR6","citation":"The Third Parallel - Denver Map, Nr. 13","purpose":"description"}],"map_sources":[],"editions":["SR6"],"edition_descriptions":{"SR6":{"kind":"Ortsprofil","preview":"Ghostwalker’s Liaison Office ist ein in The Third Parallel belegter Schauplatz im Bereich The Hub.","full":"Ghostwalker’s Liaison Office ist ein in The Third Parallel belegter Schauplatz im Bereich The Hub. Die Position ist auf den belegten Stadt- oder Teilraum angenähert; eine hausgenaue Lage ist aus dem Datenmaterial nicht sicher ableitbar.","hasMore":true,"hasExcerpt":true,"sources":[{"bookId":"third-parallel-sr6","title":"The Third Parallel","edition":"SR6","citation":"The Third Parallel - Denver Map, Nr. 13","purpose":"description"}]}},"map_number_sr6":13}},{"type":"Feature","geometry":{"type":"Point","coordinates":[-105.099935,39.691853]},"properties":{"id":167,"global_id":"denver:place:167-golden-days-inn","name":"Golden Days Inn","aliases":[],"category":"Hotels","detail_map":"Pueblo Sector","source_pages":"Denver: The City of Shadows, Abschnitt Pueblo Sector","map_source":"Denver: The City of Shadows","placement_note":"Nach Quellenbezug im Teilraum Pueblo Sector angenähert","accuracy":"Teilraumzuordnung; Feinposition vorläufig","source_map":"denver-content","source_panel":"Pueblo Sector","description_preview":"Golden Days Inn ist ein in Denver: The City of Shadows belegter Schauplatz im Bereich Pueblo Sector.","description_full":"Golden Days Inn ist ein in Denver: The City of Shadows belegter Schauplatz im Bereich Pueblo Sector. Die Position ist auf den belegten Stadt- oder Teilraum angenähert; eine hausgenaue Lage ist aus dem Datenmaterial nicht sicher ableitbar.","description_source":"Denver: The City of Shadows, Abschnitt Pueblo Sector","description_kind":"Ortsprofil","description_has_more":true,"detail_plans":[],"alternate_locations":[],"sources":[{"bookId":"denver-city-shadows-sr2","title":"Denver: The City of Shadows","edition":"SR2","citation":"Denver: The City of Shadows, Abschnitt Pueblo Sector","purpose":"description"}],"map_sources":[],"editions":["SR2"],"edition_descriptions":{"SR2":{"kind":"Ortsprofil","preview":"Golden Days Inn ist ein in Denver: The City of Shadows belegter Schauplatz im Bereich Pueblo Sector.","full":"Golden Days Inn ist ein in Denver: The City of Shadows belegter Schauplatz im Bereich Pueblo Sector. Die Position ist auf den belegten Stadt- oder Teilraum angenähert; eine hausgenaue Lage ist aus dem Datenmaterial nicht sicher ableitbar.","hasMore":true,"hasExcerpt":true,"sources":[{"bookId":"denver-city-shadows-sr2","title":"Denver: The City of Shadows","edition":"SR2","citation":"Denver: The City of Shadows, Abschnitt Pueblo Sector","purpose":"description"}]}}}},{"type":"Feature","geometry":{"type":"Point","coordinates":[-104.992257,39.740618]},"properties":{"id":125,"global_id":"denver:place:125-goodfriends","name":"Goodfriends","aliases":[],"category":"Sonstige Spots","detail_map":"The Hub","source_pages":"The Third Parallel, S. 10-39","map_source":"The Third Parallel","placement_note":"Nach Quellenbezug im Teilraum The Hub angenähert","accuracy":"Teilraumzuordnung; Feinposition vorläufig","source_map":"denver-content","source_panel":"The Hub","description_preview":"Goodfriends ist ein in The Third Parallel belegter Schauplatz im Bereich The Hub.","description_full":"Goodfriends ist ein in The Third Parallel belegter Schauplatz im Bereich The Hub. Die Position ist auf den belegten Stadt- oder Teilraum angenähert; eine hausgenaue Lage ist aus dem Datenmaterial nicht sicher ableitbar.","description_source":"The Third Parallel, S. 10-39","description_kind":"Ortsprofil","description_has_more":true,"detail_plans":[],"alternate_locations":[],"sources":[{"bookId":"third-parallel-sr6","title":"The Third Parallel","edition":"SR6","citation":"The Third Parallel, S. 10-39","purpose":"description"},{"bookId":"denver-city-shadows-sr2","title":"Denver: The City of Shadows","edition":"SR2","citation":"Denver: The City of Shadows, Abschnitt CAS Sector","purpose":"description"},{"bookId":"spy-games-sr4","title":"Spy Games","edition":"SR4","citation":"Spy Games, Denver-Kapitel S. 6-86","purpose":"description"}],"map_sources":[],"editions":["SR6","SR2","SR4"],"edition_descriptions":{"SR6":{"kind":"Ortsprofil","preview":"Goodfriends ist ein in The Third Parallel belegter Schauplatz im Bereich The Hub.","full":"Goodfriends ist ein in The Third Parallel belegter Schauplatz im Bereich The Hub. Die Position ist auf den belegten Stadt- oder Teilraum angenähert; eine hausgenaue Lage ist aus dem Datenmaterial nicht sicher ableitbar.","hasMore":true,"hasExcerpt":true,"sources":[{"bookId":"third-parallel-sr6","title":"The Third Parallel","edition":"SR6","citation":"The Third Parallel, S. 10-39","purpose":"description"}]},"SR2":{"kind":"Quellennachweis","preview":"Goodfriends ist für SR2 in Denver: The City of Shadows belegt.","full":"Goodfriends ist für SR2 in Denver: The City of Shadows belegt. Der Eintrag wird editionsübergreifend mit demselben Ort zusammengeführt.","hasMore":true,"hasExcerpt":false,"sources":[{"bookId":"denver-city-shadows-sr2","title":"Denver: The City of Shadows","edition":"SR2","citation":"Denver: The City of Shadows, Abschnitt CAS Sector","purpose":"description"}]},"SR4":{"kind":"Ortsprofil","preview":"Goodfriends ist ein wechselhaft geführter Treffpunkt für schnelle Kontakte und diskrete Begegnungen mit kleinen privaten Räumen.","full":"Goodfriends ist ein wechselhaft geführter Treffpunkt für schnelle Kontakte und diskrete Begegnungen mit kleinen privaten Räumen. Die Position ist auf den belegten Stadt- oder Teilraum angenähert; eine hausgenaue Lage ist aus dem Datenmaterial nicht sicher ableitbar.","hasMore":true,"hasExcerpt":true,"sources":[{"bookId":"spy-games-sr4","title":"Spy Games","edition":"SR4","citation":"Spy Games, Denver-Kapitel S. 6-86","purpose":"description"}]}}}},{"type":"Feature","geometry":{"type":"Point","coordinates":[-104.96362,39.631481]},"properties":{"id":164,"global_id":"denver:place:164-grassroots","name":"Grassroots","aliases":[],"category":"Sonstige Spots","detail_map":"CAS Sector","source_pages":"Denver: The City of Shadows, Abschnitt CAS Sector","map_source":"Denver: The City of Shadows","placement_note":"Nach Quellenbezug im Teilraum CAS Sector angenähert","accuracy":"Teilraumzuordnung; Feinposition vorläufig","source_map":"denver-content","source_panel":"CAS Sector","description_preview":"Grassroots ist ein in Denver: The City of Shadows belegter Schauplatz im Bereich CAS Sector.","description_full":"Grassroots ist ein in Denver: The City of Shadows belegter Schauplatz im Bereich CAS Sector. Die Position ist auf den belegten Stadt- oder Teilraum angenähert; eine hausgenaue Lage ist aus dem Datenmaterial nicht sicher ableitbar.","description_source":"Denver: The City of Shadows, Abschnitt CAS Sector","description_kind":"Ortsprofil","description_has_more":true,"detail_plans":[],"alternate_locations":[],"sources":[{"bookId":"denver-city-shadows-sr2","title":"Denver: The City of Shadows","edition":"SR2","citation":"Denver: The City of Shadows, Abschnitt CAS Sector","purpose":"description"}],"map_sources":[],"editions":["SR2"],"edition_descriptions":{"SR2":{"kind":"Ortsprofil","preview":"Grassroots ist ein in Denver: The City of Shadows belegter Schauplatz im Bereich CAS Sector.","full":"Grassroots ist ein in Denver: The City of Shadows belegter Schauplatz im Bereich CAS Sector. Die Position ist auf den belegten Stadt- oder Teilraum angenähert; eine hausgenaue Lage ist aus dem Datenmaterial nicht sicher ableitbar.","hasMore":true,"hasExcerpt":true,"sources":[{"bookId":"denver-city-shadows-sr2","title":"Denver: The City of Shadows","edition":"SR2","citation":"Denver: The City of Shadows, Abschnitt CAS Sector","purpose":"description"}]}}}},{"type":"Feature","geometry":{"type":"Point","coordinates":[-104.538205,39.223821]},"properties":{"id":67,"global_id":"denver:place:67-grassy-knoll-ranch","name":"Grassy Knoll Ranch","aliases":[],"category":"Sonstige Spots","detail_map":"Elbert","source_pages":"The Third Parallel, S. 10-39","map_source":"The Third Parallel","placement_note":"Nach Quellenbezug im Teilraum Elbert angenähert","accuracy":"Teilraumzuordnung; Feinposition vorläufig","source_map":"denver-content","source_panel":"Elbert","description_preview":"Grassy Knoll Ranch ist ein in The Third Parallel belegter Schauplatz im Bereich Elbert.","description_full":"Grassy Knoll Ranch ist ein in The Third Parallel belegter Schauplatz im Bereich Elbert. Die Position ist auf den belegten Stadt- oder Teilraum angenähert; eine hausgenaue Lage ist aus dem Datenmaterial nicht sicher ableitbar.","description_source":"The Third Parallel, S. 10-39","description_kind":"Ortsprofil","description_has_more":true,"detail_plans":[],"alternate_locations":[],"sources":[{"bookId":"third-parallel-sr6","title":"The Third Parallel","edition":"SR6","citation":"The Third Parallel, S. 10-39","purpose":"description"}],"map_sources":[],"editions":["SR6"],"edition_descriptions":{"SR6":{"kind":"Ortsprofil","preview":"Grassy Knoll Ranch ist ein in The Third Parallel belegter Schauplatz im Bereich Elbert.","full":"Grassy Knoll Ranch ist ein in The Third Parallel belegter Schauplatz im Bereich Elbert. Die Position ist auf den belegten Stadt- oder Teilraum angenähert; eine hausgenaue Lage ist aus dem Datenmaterial nicht sicher ableitbar.","hasMore":true,"hasExcerpt":true,"sources":[{"bookId":"third-parallel-sr6","title":"The Third Parallel","edition":"SR6","citation":"The Third Parallel, S. 10-39","purpose":"description"}]}}}},{"type":"Feature","geometry":{"type":"Point","coordinates":[-105.266525,40.01536]},"properties":{"id":15,"global_id":"denver:place:15-halferville","name":"Halferville","aliases":[],"category":"Sonstige Spots","detail_map":"Boulder","source_pages":"The Third Parallel, S. 10-39","map_source":"The Third Parallel","placement_note":"Nach Quellenbezug im Teilraum Boulder angenähert","accuracy":"Teilraumzuordnung; Feinposition vorläufig","source_map":"denver-content","source_panel":"Boulder","description_preview":"Halferville ist ein in The Third Parallel belegter Schauplatz im Bereich Boulder.","description_full":"Halferville ist ein in The Third Parallel belegter Schauplatz im Bereich Boulder. Die Position ist auf den belegten Stadt- oder Teilraum angenähert; eine hausgenaue Lage ist aus dem Datenmaterial nicht sicher ableitbar.","description_source":"The Third Parallel, S. 10-39","description_kind":"Ortsprofil","description_has_more":true,"detail_plans":[],"alternate_locations":[],"sources":[{"bookId":"third-parallel-sr6","title":"The Third Parallel","edition":"SR6","citation":"The Third Parallel, S. 10-39","purpose":"description"}],"map_sources":[],"editions":["SR6"],"edition_descriptions":{"SR6":{"kind":"Ortsprofil","preview":"Halferville ist ein in The Third Parallel belegter Schauplatz im Bereich Boulder.","full":"Halferville ist ein in The Third Parallel belegter Schauplatz im Bereich Boulder. Die Position ist auf den belegten Stadt- oder Teilraum angenähert; eine hausgenaue Lage ist aus dem Datenmaterial nicht sicher ableitbar.","hasMore":true,"hasExcerpt":true,"sources":[{"bookId":"third-parallel-sr6","title":"The Third Parallel","edition":"SR6","citation":"The Third Parallel, S. 10-39","purpose":"description"}]}}}},{"type":"Feature","geometry":{"type":"Point","coordinates":[-104.89444,39.720301]},"properties":{"id":87,"global_id":"denver:place:87-happy-canyon-mall","name":"Happy Canyon Mall","aliases":["Happy Canyon Shopping Center"],"category":"Einkaufen","detail_map":"Lowry","source_pages":"The Third Parallel - Denver Map, Nr. 14","map_source":"The Third Parallel","placement_note":"Nach Quellenbezug im Teilraum Lowry angenähert","accuracy":"Teilraumzuordnung; Feinposition vorläufig","source_map":"denver-content","source_panel":"Lowry","description_preview":"Happy Canyon Mall ist ein in The Third Parallel belegter Schauplatz im Bereich Lowry.","description_full":"Happy Canyon Mall ist ein in The Third Parallel belegter Schauplatz im Bereich Lowry. Die Position ist auf den belegten Stadt- oder Teilraum angenähert; eine hausgenaue Lage ist aus dem Datenmaterial nicht sicher ableitbar.","description_source":"The Third Parallel - Denver Map, Nr. 14","description_kind":"Ortsprofil","description_has_more":true,"detail_plans":[],"alternate_locations":[],"sources":[{"bookId":"third-parallel-sr6","title":"The Third Parallel","edition":"SR6","citation":"The Third Parallel - Denver Map, Nr. 14","purpose":"description"},{"bookId":"welcome-denver-sr4","title":"Welcome to Denver","edition":"SR4","citation":"Welcome to Denver, Making the Scene","purpose":"description"}],"map_sources":[],"editions":["SR6","SR4"],"edition_descriptions":{"SR6":{"kind":"Ortsprofil","preview":"Happy Canyon Mall ist ein in The Third Parallel belegter Schauplatz im Bereich Lowry.","full":"Happy Canyon Mall ist ein in The Third Parallel belegter Schauplatz im Bereich Lowry. Die Position ist auf den belegten Stadt- oder Teilraum angenähert; eine hausgenaue Lage ist aus dem Datenmaterial nicht sicher ableitbar.","hasMore":true,"hasExcerpt":true,"sources":[{"bookId":"third-parallel-sr6","title":"The Third Parallel","edition":"SR6","citation":"The Third Parallel - Denver Map, Nr. 14","purpose":"description"}]},"SR4":{"kind":"Quellennachweis","preview":"Happy Canyon Shopping Center ist für SR4 in Welcome to Denver belegt.","full":"Happy Canyon Shopping Center ist für SR4 in Welcome to Denver belegt. Der Eintrag wird editionsübergreifend mit demselben Ort zusammengeführt.","hasMore":true,"hasExcerpt":false,"sources":[{"bookId":"welcome-denver-sr4","title":"Welcome to Denver","edition":"SR4","citation":"Welcome to Denver, Making the Scene","purpose":"description"}]}},"map_number_sr6":14}},{"type":"Feature","geometry":{"type":"Point","coordinates":[-105.098185,39.693066]},"properties":{"id":170,"global_id":"denver:place:170-hard-target","name":"Hard Target","aliases":[],"category":"Sonstige Spots","detail_map":"Pueblo Sector","source_pages":"Denver: The City of Shadows, Abschnitt Pueblo Sector","map_source":"Denver: The City of Shadows","placement_note":"Nach Quellenbezug im Teilraum Pueblo Sector angenähert","accuracy":"Teilraumzuordnung; Feinposition vorläufig","source_map":"denver-content","source_panel":"Pueblo Sector","description_preview":"Hard Target ist ein in Denver: The City of Shadows belegter Schauplatz im Bereich Pueblo Sector.","description_full":"Hard Target ist ein in Denver: The City of Shadows belegter Schauplatz im Bereich Pueblo Sector. Die Position ist auf den belegten Stadt- oder Teilraum angenähert; eine hausgenaue Lage ist aus dem Datenmaterial nicht sicher ableitbar.","description_source":"Denver: The City of Shadows, Abschnitt Pueblo Sector","description_kind":"Ortsprofil","description_has_more":true,"detail_plans":[],"alternate_locations":[],"sources":[{"bookId":"denver-city-shadows-sr2","title":"Denver: The City of Shadows","edition":"SR2","citation":"Denver: The City of Shadows, Abschnitt Pueblo Sector","purpose":"description"}],"map_sources":[],"editions":["SR2"],"edition_descriptions":{"SR2":{"kind":"Ortsprofil","preview":"Hard Target ist ein in Denver: The City of Shadows belegter Schauplatz im Bereich Pueblo Sector.","full":"Hard Target ist ein in Denver: The City of Shadows belegter Schauplatz im Bereich Pueblo Sector. Die Position ist auf den belegten Stadt- oder Teilraum angenähert; eine hausgenaue Lage ist aus dem Datenmaterial nicht sicher ableitbar.","hasMore":true,"hasExcerpt":true,"sources":[{"bookId":"denver-city-shadows-sr2","title":"Denver: The City of Shadows","edition":"SR2","citation":"Denver: The City of Shadows, Abschnitt Pueblo Sector","purpose":"description"}]}}}},{"type":"Feature","geometry":{"type":"Point","coordinates":[-104.970476,39.873403]},"properties":{"id":145,"global_id":"denver:place:145-hardpan","name":"Hardpan","aliases":["The Hardpan"],"category":"Sonstige Spots","detail_map":"Thornton","source_pages":"The Third Parallel, S. 10-39","map_source":"The Third Parallel","placement_note":"Nach Quellenbezug im Teilraum Thornton angenähert","accuracy":"Teilraumzuordnung; Feinposition vorläufig","source_map":"denver-content","source_panel":"Thornton","description_preview":"Hardpan ist ein in The Third Parallel belegter Schauplatz im Bereich Thornton.","description_full":"Hardpan ist ein in The Third Parallel belegter Schauplatz im Bereich Thornton. Die Position ist auf den belegten Stadt- oder Teilraum angenähert; eine hausgenaue Lage ist aus dem Datenmaterial nicht sicher ableitbar.","description_source":"The Third Parallel, S. 10-39","description_kind":"Ortsprofil","description_has_more":true,"detail_plans":[],"alternate_locations":[],"sources":[{"bookId":"third-parallel-sr6","title":"The Third Parallel","edition":"SR6","citation":"The Third Parallel, S. 10-39","purpose":"description"},{"bookId":"denver-city-shadows-sr2","title":"Denver: The City of Shadows","edition":"SR2","citation":"Denver: The City of Shadows, Abschnitt Sioux Sector","purpose":"description"},{"bookId":"spy-games-sr4","title":"Spy Games","edition":"SR4","citation":"Spy Games, Denver-Kapitel S. 6-86","purpose":"description"},{"bookId":"welcome-denver-sr4","title":"Welcome to Denver","edition":"SR4","citation":"Welcome to Denver, Making the Scene","purpose":"description"}],"map_sources":[],"editions":["SR6","SR2","SR4"],"edition_descriptions":{"SR6":{"kind":"Ortsprofil","preview":"Hardpan ist ein in The Third Parallel belegter Schauplatz im Bereich Thornton.","full":"Hardpan ist ein in The Third Parallel belegter Schauplatz im Bereich Thornton. Die Position ist auf den belegten Stadt- oder Teilraum angenähert; eine hausgenaue Lage ist aus dem Datenmaterial nicht sicher ableitbar.","hasMore":true,"hasExcerpt":true,"sources":[{"bookId":"third-parallel-sr6","title":"The Third Parallel","edition":"SR6","citation":"The Third Parallel, S. 10-39","purpose":"description"}]},"SR2":{"kind":"Quellennachweis","preview":"Hardpan ist für SR2 in Denver: The City of Shadows belegt.","full":"Hardpan ist für SR2 in Denver: The City of Shadows belegt. Der Eintrag wird editionsübergreifend mit demselben Ort zusammengeführt.","hasMore":true,"hasExcerpt":false,"sources":[{"bookId":"denver-city-shadows-sr2","title":"Denver: The City of Shadows","edition":"SR2","citation":"Denver: The City of Shadows, Abschnitt Sioux Sector","purpose":"description"}]},"SR4":{"kind":"Ortsprofil","preview":"Das abgelegene Hardpan ist Raquel Sands’ Bar nahe Algenbecken, Kläranlage und Friedhof und ein wichtiger Treffpunkt harter Sioux-Straßenkontakte.","full":"Das abgelegene Hardpan ist Raquel Sands’ Bar nahe Algenbecken, Kläranlage und Friedhof und ein wichtiger Treffpunkt harter Sioux-Straßenkontakte. Die Position ist auf den belegten Stadt- oder Teilraum angenähert; eine hausgenaue Lage ist aus dem Datenmaterial nicht sicher ableitbar.","hasMore":true,"hasExcerpt":true,"sources":[{"bookId":"spy-games-sr4","title":"Spy Games","edition":"SR4","citation":"Spy Games, Denver-Kapitel S. 6-86","purpose":"description"},{"bookId":"welcome-denver-sr4","title":"Welcome to Denver","edition":"SR4","citation":"Welcome to Denver, Making the Scene","purpose":"description"}]}}}},{"type":"Feature","geometry":{"type":"Point","coordinates":[-104.977537,39.868741]},"properties":{"id":207,"global_id":"denver:place:207-hardpan-bar","name":"Hardpan Bar","aliases":[],"category":"Bars und Clubs","detail_map":"Thornton","source_pages":"Denver Adventure Trilogy, Kampagnenschauplätze","map_source":"Denver Adventure Trilogy","placement_note":"Nach Quellenbezug im Teilraum Thornton angenähert","accuracy":"Teilraumzuordnung; Feinposition vorläufig","source_map":"denver-content","source_panel":"Thornton","description_preview":"Hardpan Bar ist ein in Denver Adventure Trilogy belegter Schauplatz im Bereich Thornton.","description_full":"Hardpan Bar ist ein in Denver Adventure Trilogy belegter Schauplatz im Bereich Thornton. Die Position ist auf den belegten Stadt- oder Teilraum angenähert; eine hausgenaue Lage ist aus dem Datenmaterial nicht sicher ableitbar.","description_source":"Denver Adventure Trilogy, Kampagnenschauplätze","description_kind":"Ortsprofil","description_has_more":true,"detail_plans":[],"alternate_locations":[],"sources":[{"bookId":"denver-trilogy-sr5","title":"Denver Adventure Trilogy","edition":"SR5","citation":"Denver Adventure Trilogy, Kampagnenschauplätze","purpose":"description"}],"map_sources":[],"editions":["SR5"],"edition_descriptions":{"SR5":{"kind":"Ortsprofil","preview":"Hardpan Bar ist ein in Denver Adventure Trilogy belegter Schauplatz im Bereich Thornton.","full":"Hardpan Bar ist ein in Denver Adventure Trilogy belegter Schauplatz im Bereich Thornton. Die Position ist auf den belegten Stadt- oder Teilraum angenähert; eine hausgenaue Lage ist aus dem Datenmaterial nicht sicher ableitbar.","hasMore":true,"hasExcerpt":true,"sources":[{"bookId":"denver-trilogy-sr5","title":"Denver Adventure Trilogy","edition":"SR5","citation":"Denver Adventure Trilogy, Kampagnenschauplätze","purpose":"description"}]}}}},{"type":"Feature","geometry":{"type":"Point","coordinates":[-104.985578,39.732215]},"properties":{"id":126,"global_id":"denver:place:126-hargreaves-clinic","name":"Hargreaves Clinic","aliases":[],"category":"Medizin","detail_map":"The Hub","source_pages":"The Third Parallel, S. 10-39","map_source":"The Third Parallel","placement_note":"Nach Quellenbezug im Teilraum The Hub angenähert","accuracy":"Teilraumzuordnung; Feinposition vorläufig","source_map":"denver-content","source_panel":"The Hub","description_preview":"Hargreaves Clinic ist ein in The Third Parallel belegter Schauplatz im Bereich The Hub.","description_full":"Hargreaves Clinic ist ein in The Third Parallel belegter Schauplatz im Bereich The Hub. Die Position ist auf den belegten Stadt- oder Teilraum angenähert; eine hausgenaue Lage ist aus dem Datenmaterial nicht sicher ableitbar.","description_source":"The Third Parallel, S. 10-39","description_kind":"Ortsprofil","description_has_more":true,"detail_plans":[],"alternate_locations":[],"sources":[{"bookId":"third-parallel-sr6","title":"The Third Parallel","edition":"SR6","citation":"The Third Parallel, S. 10-39","purpose":"description"},{"bookId":"spy-games-sr4","title":"Spy Games","edition":"SR4","citation":"Spy Games, Denver-Kapitel S. 6-86","purpose":"description"}],"map_sources":[],"editions":["SR6","SR4"],"edition_descriptions":{"SR6":{"kind":"Ortsprofil","preview":"Hargreaves Clinic ist ein in The Third Parallel belegter Schauplatz im Bereich The Hub.","full":"Hargreaves Clinic ist ein in The Third Parallel belegter Schauplatz im Bereich The Hub. Die Position ist auf den belegten Stadt- oder Teilraum angenähert; eine hausgenaue Lage ist aus dem Datenmaterial nicht sicher ableitbar.","hasMore":true,"hasExcerpt":true,"sources":[{"bookId":"third-parallel-sr6","title":"The Third Parallel","edition":"SR6","citation":"The Third Parallel, S. 10-39","purpose":"description"}]},"SR4":{"kind":"Ortsprofil","preview":"Die Hargreaves Clinic gehört zu den spezialisierten medizinischen Einrichtungen der FRFZ und wird auch von politisch oder geheimdienstlich exponierten Personen genutzt.","full":"Die Hargreaves Clinic gehört zu den spezialisierten medizinischen Einrichtungen der FRFZ und wird auch von politisch oder geheimdienstlich exponierten Personen genutzt. Die Position ist auf den belegten Stadt- oder Teilraum angenähert; eine hausgenaue Lage ist aus dem Datenmaterial nicht sicher ableitbar.","hasMore":true,"hasExcerpt":true,"sources":[{"bookId":"spy-games-sr4","title":"Spy Games","edition":"SR4","citation":"Spy Games, Denver-Kapitel S. 6-86","purpose":"description"}]}}}},{"type":"Feature","geometry":{"type":"Point","coordinates":[-105.278455,40.013158]},"properties":{"id":16,"global_id":"denver:place:16-heritage-museum","name":"Heritage Museum","aliases":[],"category":"Bildung und Kultur","detail_map":"Boulder","source_pages":"The Third Parallel, S. 10-39","map_source":"The Third Parallel","placement_note":"Nach Quellenbezug im Teilraum Boulder angenähert","accuracy":"Teilraumzuordnung; Feinposition vorläufig","source_map":"denver-content","source_panel":"Boulder","description_preview":"Heritage Museum ist ein in The Third Parallel belegter Schauplatz im Bereich Boulder.","description_full":"Heritage Museum ist ein in The Third Parallel belegter Schauplatz im Bereich Boulder. Die Position ist auf den belegten Stadt- oder Teilraum angenähert; eine hausgenaue Lage ist aus dem Datenmaterial nicht sicher ableitbar.","description_source":"The Third Parallel, S. 10-39","description_kind":"Ortsprofil","description_has_more":true,"detail_plans":[],"alternate_locations":[],"sources":[{"bookId":"third-parallel-sr6","title":"The Third Parallel","edition":"SR6","citation":"The Third Parallel, S. 10-39","purpose":"description"}],"map_sources":[],"editions":["SR6"],"edition_descriptions":{"SR6":{"kind":"Ortsprofil","preview":"Heritage Museum ist ein in The Third Parallel belegter Schauplatz im Bereich Boulder.","full":"Heritage Museum ist ein in The Third Parallel belegter Schauplatz im Bereich Boulder. Die Position ist auf den belegten Stadt- oder Teilraum angenähert; eine hausgenaue Lage ist aus dem Datenmaterial nicht sicher ableitbar.","hasMore":true,"hasExcerpt":true,"sources":[{"bookId":"third-parallel-sr6","title":"The Third Parallel","edition":"SR6","citation":"The Third Parallel, S. 10-39","purpose":"description"}]}}}},{"type":"Feature","geometry":{"type":"Point","coordinates":[-104.985674,39.757823]},"properties":{"id":182,"global_id":"denver:place:182-holiday-inn","name":"Holiday Inn","aliases":[],"category":"Hotels","detail_map":"UCAS Sector","source_pages":"Denver: The City of Shadows, Abschnitt UCAS Sector","map_source":"Denver: The City of Shadows","placement_note":"Nach Quellenbezug im Teilraum UCAS Sector angenähert","accuracy":"Teilraumzuordnung; Feinposition vorläufig","source_map":"denver-content","source_panel":"UCAS Sector","description_preview":"Holiday Inn ist ein in Denver: The City of Shadows belegter Schauplatz im Bereich UCAS Sector.","description_full":"Holiday Inn ist ein in Denver: The City of Shadows belegter Schauplatz im Bereich UCAS Sector. Die Position ist auf den belegten Stadt- oder Teilraum angenähert; eine hausgenaue Lage ist aus dem Datenmaterial nicht sicher ableitbar.","description_source":"Denver: The City of Shadows, Abschnitt UCAS Sector","description_kind":"Ortsprofil","description_has_more":true,"detail_plans":[],"alternate_locations":[],"sources":[{"bookId":"denver-city-shadows-sr2","title":"Denver: The City of Shadows","edition":"SR2","citation":"Denver: The City of Shadows, Abschnitt UCAS Sector","purpose":"description"}],"map_sources":[],"editions":["SR2"],"edition_descriptions":{"SR2":{"kind":"Ortsprofil","preview":"Holiday Inn ist ein in Denver: The City of Shadows belegter Schauplatz im Bereich UCAS Sector.","full":"Holiday Inn ist ein in Denver: The City of Shadows belegter Schauplatz im Bereich UCAS Sector. Die Position ist auf den belegten Stadt- oder Teilraum angenähert; eine hausgenaue Lage ist aus dem Datenmaterial nicht sicher ableitbar.","hasMore":true,"hasExcerpt":true,"sources":[{"bookId":"denver-city-shadows-sr2","title":"Denver: The City of Shadows","edition":"SR2","citation":"Denver: The City of Shadows, Abschnitt UCAS Sector","purpose":"description"}]}}}},{"type":"Feature","geometry":{"type":"Point","coordinates":[-105.125153,39.715944]},"properties":{"id":189,"global_id":"denver:place:189-holiday-inn-denver-sports-center","name":"Holiday Inn Denver Sports Center","aliases":[],"category":"Hotels","detail_map":"Ute Sector","source_pages":"Denver: The City of Shadows, Abschnitt Ute Sector","map_source":"Denver: The City of Shadows","placement_note":"Nach Quellenbezug im Teilraum Ute Sector angenähert","accuracy":"Teilraumzuordnung; Feinposition vorläufig","source_map":"denver-content","source_panel":"Ute Sector","description_preview":"Holiday Inn Denver Sports Center ist ein in Denver: The City of Shadows belegter Schauplatz im Bereich Ute Sector.","description_full":"Holiday Inn Denver Sports Center ist ein in Denver: The City of Shadows belegter Schauplatz im Bereich Ute Sector. Die Position ist auf den belegten Stadt- oder Teilraum angenähert; eine hausgenaue Lage ist aus dem Datenmaterial nicht sicher ableitbar.","description_source":"Denver: The City of Shadows, Abschnitt Ute Sector","description_kind":"Ortsprofil","description_has_more":true,"detail_plans":[],"alternate_locations":[],"sources":[{"bookId":"denver-city-shadows-sr2","title":"Denver: The City of Shadows","edition":"SR2","citation":"Denver: The City of Shadows, Abschnitt Ute Sector","purpose":"description"}],"map_sources":[],"editions":["SR2"],"edition_descriptions":{"SR2":{"kind":"Ortsprofil","preview":"Holiday Inn Denver Sports Center ist ein in Denver: The City of Shadows belegter Schauplatz im Bereich Ute Sector.","full":"Holiday Inn Denver Sports Center ist ein in Denver: The City of Shadows belegter Schauplatz im Bereich Ute Sector. Die Position ist auf den belegten Stadt- oder Teilraum angenähert; eine hausgenaue Lage ist aus dem Datenmaterial nicht sicher ableitbar.","hasMore":true,"hasExcerpt":true,"sources":[{"bookId":"denver-city-shadows-sr2","title":"Denver: The City of Shadows","edition":"SR2","citation":"Denver: The City of Shadows, Abschnitt Ute Sector","purpose":"description"}]}}}},{"type":"Feature","geometry":{"type":"Point","coordinates":[-105.262706,40.020356]},"properties":{"id":17,"global_id":"denver:place:17-horizon-office-complex","name":"Horizon Office Complex","aliases":[],"category":"Konzerne","detail_map":"Boulder","source_pages":"The Third Parallel - Denver Map, Nr. 15","map_source":"The Third Parallel","placement_note":"Nach Quellenbezug im Teilraum Boulder angenähert","accuracy":"Teilraumzuordnung; Feinposition vorläufig","source_map":"denver-content","source_panel":"Boulder","description_preview":"Horizon Office Complex ist ein in The Third Parallel belegter Schauplatz im Bereich Boulder.","description_full":"Horizon Office Complex ist ein in The Third Parallel belegter Schauplatz im Bereich Boulder. Die Position ist auf den belegten Stadt- oder Teilraum angenähert; eine hausgenaue Lage ist aus dem Datenmaterial nicht sicher ableitbar.","description_source":"The Third Parallel - Denver Map, Nr. 15","description_kind":"Ortsprofil","description_has_more":true,"detail_plans":[],"alternate_locations":[],"sources":[{"bookId":"third-parallel-sr6","title":"The Third Parallel","edition":"SR6","citation":"The Third Parallel - Denver Map, Nr. 15","purpose":"description"}],"map_sources":[],"editions":["SR6"],"edition_descriptions":{"SR6":{"kind":"Ortsprofil","preview":"Horizon Office Complex ist ein in The Third Parallel belegter Schauplatz im Bereich Boulder.","full":"Horizon Office Complex ist ein in The Third Parallel belegter Schauplatz im Bereich Boulder. Die Position ist auf den belegten Stadt- oder Teilraum angenähert; eine hausgenaue Lage ist aus dem Datenmaterial nicht sicher ableitbar.","hasMore":true,"hasExcerpt":true,"sources":[{"bookId":"third-parallel-sr6","title":"The Third Parallel","edition":"SR6","citation":"The Third Parallel - Denver Map, Nr. 15","purpose":"description"}]}},"map_number_sr6":15}},{"type":"Feature","geometry":{"type":"Point","coordinates":[-104.823598,39.977415]},"properties":{"id":22,"global_id":"denver:place:22-horse-trot-ranch","name":"Horse Trot Ranch","aliases":[],"category":"Sonstige Spots","detail_map":"Brighton","source_pages":"The Third Parallel, S. 10-39","map_source":"The Third Parallel","placement_note":"Nach Quellenbezug im Teilraum Brighton angenähert","accuracy":"Teilraumzuordnung; Feinposition vorläufig","source_map":"denver-content","source_panel":"Brighton","description_preview":"Horse Trot Ranch ist ein in The Third Parallel belegter Schauplatz im Bereich Brighton.","description_full":"Horse Trot Ranch ist ein in The Third Parallel belegter Schauplatz im Bereich Brighton. Die Position ist auf den belegten Stadt- oder Teilraum angenähert; eine hausgenaue Lage ist aus dem Datenmaterial nicht sicher ableitbar.","description_source":"The Third Parallel, S. 10-39","description_kind":"Ortsprofil","description_has_more":true,"detail_plans":[],"alternate_locations":[],"sources":[{"bookId":"third-parallel-sr6","title":"The Third Parallel","edition":"SR6","citation":"The Third Parallel, S. 10-39","purpose":"description"},{"bookId":"spy-games-sr4","title":"Spy Games","edition":"SR4","citation":"Spy Games, Denver-Kapitel S. 6-86","purpose":"description"}],"map_sources":[],"editions":["SR6","SR4"],"edition_descriptions":{"SR6":{"kind":"Ortsprofil","preview":"Horse Trot Ranch ist ein in The Third Parallel belegter Schauplatz im Bereich Brighton.","full":"Horse Trot Ranch ist ein in The Third Parallel belegter Schauplatz im Bereich Brighton. Die Position ist auf den belegten Stadt- oder Teilraum angenähert; eine hausgenaue Lage ist aus dem Datenmaterial nicht sicher ableitbar.","hasMore":true,"hasExcerpt":true,"sources":[{"bookId":"third-parallel-sr6","title":"The Third Parallel","edition":"SR6","citation":"The Third Parallel, S. 10-39","purpose":"description"}]},"SR4":{"kind":"Ortsprofil","preview":"Die weitläufige Horse Trot Ranch von Falcone Corporate Consultants dient als abgeschirmter Rückzugs- und Verhandlungsort für Konzernführungskräfte.","full":"Die weitläufige Horse Trot Ranch von Falcone Corporate Consultants dient als abgeschirmter Rückzugs- und Verhandlungsort für Konzernführungskräfte. Die Position ist auf den belegten Stadt- oder Teilraum angenähert; eine hausgenaue Lage ist aus dem Datenmaterial nicht sicher ableitbar.","hasMore":true,"hasExcerpt":true,"sources":[{"bookId":"spy-games-sr4","title":"Spy Games","edition":"SR4","citation":"Spy Games, Denver-Kapitel S. 6-86","purpose":"description"}]}}}},{"type":"Feature","geometry":{"type":"Point","coordinates":[-104.884238,39.800964]},"properties":{"id":174,"global_id":"denver:place:174-hyatt-star-regency","name":"Hyatt-Star Regency","aliases":[],"category":"Sonstige Spots","detail_map":"Sioux Sector","source_pages":"Denver: The City of Shadows, Abschnitt Sioux Sector","map_source":"Denver: The City of Shadows","placement_note":"Nach Quellenbezug im Teilraum Sioux Sector angenähert","accuracy":"Teilraumzuordnung; Feinposition vorläufig","source_map":"denver-content","source_panel":"Sioux Sector","description_preview":"Hyatt-Star Regency ist ein in Denver: The City of Shadows belegter Schauplatz im Bereich Sioux Sector.","description_full":"Hyatt-Star Regency ist ein in Denver: The City of Shadows belegter Schauplatz im Bereich Sioux Sector. Die Position ist auf den belegten Stadt- oder Teilraum angenähert; eine hausgenaue Lage ist aus dem Datenmaterial nicht sicher ableitbar.","description_source":"Denver: The City of Shadows, Abschnitt Sioux Sector","description_kind":"Ortsprofil","description_has_more":true,"detail_plans":[],"alternate_locations":[],"sources":[{"bookId":"denver-city-shadows-sr2","title":"Denver: The City of Shadows","edition":"SR2","citation":"Denver: The City of Shadows, Abschnitt Sioux Sector","purpose":"description"}],"map_sources":[],"editions":["SR2"],"edition_descriptions":{"SR2":{"kind":"Ortsprofil","preview":"Hyatt-Star Regency ist ein in Denver: The City of Shadows belegter Schauplatz im Bereich Sioux Sector.","full":"Hyatt-Star Regency ist ein in Denver: The City of Shadows belegter Schauplatz im Bereich Sioux Sector. Die Position ist auf den belegten Stadt- oder Teilraum angenähert; eine hausgenaue Lage ist aus dem Datenmaterial nicht sicher ableitbar.","hasMore":true,"hasExcerpt":true,"sources":[{"bookId":"denver-city-shadows-sr2","title":"Denver: The City of Shadows","edition":"SR2","citation":"Denver: The City of Shadows, Abschnitt Sioux Sector","purpose":"description"}]}}}},{"type":"Feature","geometry":{"type":"Point","coordinates":[-105.091494,39.918653]},"properties":{"id":29,"global_id":"denver:place:29-hypersense-headquarters","name":"HyperSense Headquarters","aliases":[],"category":"Konzerne","detail_map":"Broomfield","source_pages":"The Third Parallel, S. 10-39","map_source":"The Third Parallel","placement_note":"Nach Quellenbezug im Teilraum Broomfield angenähert","accuracy":"Teilraumzuordnung; Feinposition vorläufig","source_map":"denver-content","source_panel":"Broomfield","description_preview":"HyperSense Headquarters ist ein in The Third Parallel belegter Schauplatz im Bereich Broomfield.","description_full":"HyperSense Headquarters ist ein in The Third Parallel belegter Schauplatz im Bereich Broomfield. Die Position ist auf den belegten Stadt- oder Teilraum angenähert; eine hausgenaue Lage ist aus dem Datenmaterial nicht sicher ableitbar.","description_source":"The Third Parallel, S. 10-39","description_kind":"Ortsprofil","description_has_more":true,"detail_plans":[],"alternate_locations":[],"sources":[{"bookId":"third-parallel-sr6","title":"The Third Parallel","edition":"SR6","citation":"The Third Parallel, S. 10-39","purpose":"description"}],"map_sources":[],"editions":["SR6"],"edition_descriptions":{"SR6":{"kind":"Ortsprofil","preview":"HyperSense Headquarters ist ein in The Third Parallel belegter Schauplatz im Bereich Broomfield.","full":"HyperSense Headquarters ist ein in The Third Parallel belegter Schauplatz im Bereich Broomfield. Die Position ist auf den belegten Stadt- oder Teilraum angenähert; eine hausgenaue Lage ist aus dem Datenmaterial nicht sicher ableitbar.","hasMore":true,"hasExcerpt":true,"sources":[{"bookId":"third-parallel-sr6","title":"The Third Parallel","edition":"SR6","citation":"The Third Parallel, S. 10-39","purpose":"description"}]}}}},{"type":"Feature","geometry":{"type":"Point","coordinates":[-104.990731,39.73234]},"properties":{"id":127,"global_id":"denver:place:127-idyll-recovery-center","name":"Idyll Recovery Center","aliases":[],"category":"Medizin","detail_map":"The Hub","source_pages":"The Third Parallel, S. 10-39","map_source":"The Third Parallel","placement_note":"Nach Quellenbezug im Teilraum The Hub angenähert","accuracy":"Teilraumzuordnung; Feinposition vorläufig","source_map":"denver-content","source_panel":"The Hub","description_preview":"Idyll Recovery Center ist ein in The Third Parallel belegter Schauplatz im Bereich The Hub.","description_full":"Idyll Recovery Center ist ein in The Third Parallel belegter Schauplatz im Bereich The Hub. Die Position ist auf den belegten Stadt- oder Teilraum angenähert; eine hausgenaue Lage ist aus dem Datenmaterial nicht sicher ableitbar.","description_source":"The Third Parallel, S. 10-39","description_kind":"Ortsprofil","description_has_more":true,"detail_plans":[],"alternate_locations":[],"sources":[{"bookId":"third-parallel-sr6","title":"The Third Parallel","edition":"SR6","citation":"The Third Parallel, S. 10-39","purpose":"description"}],"map_sources":[],"editions":["SR6"],"edition_descriptions":{"SR6":{"kind":"Ortsprofil","preview":"Idyll Recovery Center ist ein in The Third Parallel belegter Schauplatz im Bereich The Hub.","full":"Idyll Recovery Center ist ein in The Third Parallel belegter Schauplatz im Bereich The Hub. Die Position ist auf den belegten Stadt- oder Teilraum angenähert; eine hausgenaue Lage ist aus dem Datenmaterial nicht sicher ableitbar.","hasMore":true,"hasExcerpt":true,"sources":[{"bookId":"third-parallel-sr6","title":"The Third Parallel","edition":"SR6","citation":"The Third Parallel, S. 10-39","purpose":"description"}]}}}},{"type":"Feature","geometry":{"type":"Point","coordinates":[-104.99051,39.741201]},"properties":{"id":128,"global_id":"denver:place:128-inari-jinja","name":"Inari Jinja","aliases":[],"category":"Magie und Religion","detail_map":"The Hub","source_pages":"The Third Parallel - Denver Map, Nr. 16","map_source":"The Third Parallel","placement_note":"Nach Quellenbezug im Teilraum The Hub angenähert","accuracy":"Teilraumzuordnung; Feinposition vorläufig","source_map":"denver-content","source_panel":"The Hub","description_preview":"Inari Jinja ist ein in The Third Parallel belegter Schauplatz im Bereich The Hub.","description_full":"Inari Jinja ist ein in The Third Parallel belegter Schauplatz im Bereich The Hub. Die Position ist auf den belegten Stadt- oder Teilraum angenähert; eine hausgenaue Lage ist aus dem Datenmaterial nicht sicher ableitbar.","description_source":"The Third Parallel - Denver Map, Nr. 16","description_kind":"Ortsprofil","description_has_more":true,"detail_plans":[],"alternate_locations":[],"sources":[{"bookId":"third-parallel-sr6","title":"The Third Parallel","edition":"SR6","citation":"The Third Parallel - Denver Map, Nr. 16","purpose":"description"}],"map_sources":[],"editions":["SR6"],"edition_descriptions":{"SR6":{"kind":"Ortsprofil","preview":"Inari Jinja ist ein in The Third Parallel belegter Schauplatz im Bereich The Hub.","full":"Inari Jinja ist ein in The Third Parallel belegter Schauplatz im Bereich The Hub. Die Position ist auf den belegten Stadt- oder Teilraum angenähert; eine hausgenaue Lage ist aus dem Datenmaterial nicht sicher ableitbar.","hasMore":true,"hasExcerpt":true,"sources":[{"bookId":"third-parallel-sr6","title":"The Third Parallel","edition":"SR6","citation":"The Third Parallel - Denver Map, Nr. 16","purpose":"description"}]}},"map_number_sr6":16}},{"type":"Feature","geometry":{"type":"Point","coordinates":[-105.035981,39.830009]},"properties":{"id":149,"global_id":"denver:place:149-iris-firmware-office","name":"Iris Firmware Office","aliases":[],"category":"Konzerne","detail_map":"Westminster","source_pages":"The Third Parallel, S. 10-39","map_source":"The Third Parallel","placement_note":"Nach Quellenbezug im Teilraum Westminster angenähert","accuracy":"Teilraumzuordnung; Feinposition vorläufig","source_map":"denver-content","source_panel":"Westminster","description_preview":"Iris Firmware Office ist ein in The Third Parallel belegter Schauplatz im Bereich Westminster.","description_full":"Iris Firmware Office ist ein in The Third Parallel belegter Schauplatz im Bereich Westminster. Die Position ist auf den belegten Stadt- oder Teilraum angenähert; eine hausgenaue Lage ist aus dem Datenmaterial nicht sicher ableitbar.","description_source":"The Third Parallel, S. 10-39","description_kind":"Ortsprofil","description_has_more":true,"detail_plans":[],"alternate_locations":[],"sources":[{"bookId":"third-parallel-sr6","title":"The Third Parallel","edition":"SR6","citation":"The Third Parallel, S. 10-39","purpose":"description"}],"map_sources":[],"editions":["SR6"],"edition_descriptions":{"SR6":{"kind":"Ortsprofil","preview":"Iris Firmware Office ist ein in The Third Parallel belegter Schauplatz im Bereich Westminster.","full":"Iris Firmware Office ist ein in The Third Parallel belegter Schauplatz im Bereich Westminster. Die Position ist auf den belegten Stadt- oder Teilraum angenähert; eine hausgenaue Lage ist aus dem Datenmaterial nicht sicher ableitbar.","hasMore":true,"hasExcerpt":true,"sources":[{"bookId":"third-parallel-sr6","title":"The Third Parallel","edition":"SR6","citation":"The Third Parallel, S. 10-39","purpose":"description"}]}}}},{"type":"Feature","geometry":{"type":"Point","coordinates":[-105.072706,39.699609]},"properties":{"id":83,"global_id":"denver:place:83-joes-drop-off","name":"Joe’s Drop Off","aliases":[],"category":"Sonstige Spots","detail_map":"Lakewood","source_pages":"The Third Parallel - Denver Map, Nr. 17","map_source":"The Third Parallel","placement_note":"Nach Quellenbezug im Teilraum Lakewood angenähert","accuracy":"Teilraumzuordnung; Feinposition vorläufig","source_map":"denver-content","source_panel":"Lakewood","description_preview":"Joe’s Drop Off ist ein in The Third Parallel belegter Schauplatz im Bereich Lakewood.","description_full":"Joe’s Drop Off ist ein in The Third Parallel belegter Schauplatz im Bereich Lakewood. Die Position ist auf den belegten Stadt- oder Teilraum angenähert; eine hausgenaue Lage ist aus dem Datenmaterial nicht sicher ableitbar.","description_source":"The Third Parallel - Denver Map, Nr. 17","description_kind":"Ortsprofil","description_has_more":true,"detail_plans":[],"alternate_locations":[],"sources":[{"bookId":"third-parallel-sr6","title":"The Third Parallel","edition":"SR6","citation":"The Third Parallel - Denver Map, Nr. 17","purpose":"description"}],"map_sources":[],"editions":["SR6"],"edition_descriptions":{"SR6":{"kind":"Ortsprofil","preview":"Joe’s Drop Off ist ein in The Third Parallel belegter Schauplatz im Bereich Lakewood.","full":"Joe’s Drop Off ist ein in The Third Parallel belegter Schauplatz im Bereich Lakewood. Die Position ist auf den belegten Stadt- oder Teilraum angenähert; eine hausgenaue Lage ist aus dem Datenmaterial nicht sicher ableitbar.","hasMore":true,"hasExcerpt":true,"sources":[{"bookId":"third-parallel-sr6","title":"The Third Parallel","edition":"SR6","citation":"The Third Parallel - Denver Map, Nr. 17","purpose":"description"}]}},"map_number_sr6":17}},{"type":"Feature","geometry":{"type":"Point","coordinates":[-104.983805,39.655593]},"properties":{"id":70,"global_id":"denver:place:70-ketring-park","name":"Ketring Park","aliases":[],"category":"Freizeit und Natur","detail_map":"Englewood","source_pages":"The Third Parallel - Denver Map, Nr. 18","map_source":"The Third Parallel","placement_note":"Nach Quellenbezug im Teilraum Englewood angenähert","accuracy":"Teilraumzuordnung; Feinposition vorläufig","source_map":"denver-content","source_panel":"Englewood","description_preview":"Ketring Park ist ein in The Third Parallel belegter Schauplatz im Bereich Englewood.","description_full":"Ketring Park ist ein in The Third Parallel belegter Schauplatz im Bereich Englewood. Die Position ist auf den belegten Stadt- oder Teilraum angenähert; eine hausgenaue Lage ist aus dem Datenmaterial nicht sicher ableitbar.","description_source":"The Third Parallel - Denver Map, Nr. 18","description_kind":"Ortsprofil","description_has_more":true,"detail_plans":[],"alternate_locations":[],"sources":[{"bookId":"third-parallel-sr6","title":"The Third Parallel","edition":"SR6","citation":"The Third Parallel - Denver Map, Nr. 18","purpose":"description"},{"bookId":"denver-city-shadows-sr2","title":"Denver: The City of Shadows","edition":"SR2","citation":"Denver: The City of Shadows, Abschnitt CAS Sector","purpose":"description"},{"bookId":"spy-games-sr4","title":"Spy Games","edition":"SR4","citation":"Spy Games, Denver-Kapitel S. 6-86","purpose":"description"}],"map_sources":[],"editions":["SR6","SR2","SR4"],"edition_descriptions":{"SR6":{"kind":"Ortsprofil","preview":"Ketring Park ist ein in The Third Parallel belegter Schauplatz im Bereich Englewood.","full":"Ketring Park ist ein in The Third Parallel belegter Schauplatz im Bereich Englewood. Die Position ist auf den belegten Stadt- oder Teilraum angenähert; eine hausgenaue Lage ist aus dem Datenmaterial nicht sicher ableitbar.","hasMore":true,"hasExcerpt":true,"sources":[{"bookId":"third-parallel-sr6","title":"The Third Parallel","edition":"SR6","citation":"The Third Parallel - Denver Map, Nr. 18","purpose":"description"}]},"SR2":{"kind":"Quellennachweis","preview":"Ketring Park ist für SR2 in Denver: The City of Shadows belegt.","full":"Ketring Park ist für SR2 in Denver: The City of Shadows belegt. Der Eintrag wird editionsübergreifend mit demselben Ort zusammengeführt.","hasMore":true,"hasExcerpt":false,"sources":[{"bookId":"denver-city-shadows-sr2","title":"Denver: The City of Shadows","edition":"SR2","citation":"Denver: The City of Shadows, Abschnitt CAS Sector","purpose":"description"}]},"SR4":{"kind":"Ortsprofil","preview":"Ketring Park wandelte sich vom Gang-Schlachtfeld zu einem geduldeten neutralen Verhandlungsort, an dem Unterweltakteure Konflikte ohne offene Gewalt regeln.","full":"Ketring Park wandelte sich vom Gang-Schlachtfeld zu einem geduldeten neutralen Verhandlungsort, an dem Unterweltakteure Konflikte ohne offene Gewalt regeln. Die Position ist auf den belegten Stadt- oder Teilraum angenähert; eine hausgenaue Lage ist aus dem Datenmaterial nicht sicher ableitbar.","hasMore":true,"hasExcerpt":true,"sources":[{"bookId":"spy-games-sr4","title":"Spy Games","edition":"SR4","citation":"Spy Games, Denver-Kapitel S. 6-86","purpose":"description"}]}},"map_number_sr6":18}},{"type":"Feature","geometry":{"type":"Point","coordinates":[-104.895497,39.709094]},"properties":{"id":89,"global_id":"denver:place:89-klub-karma","name":"Klub Karma","aliases":[],"category":"Sonstige Spots","detail_map":"Lowry","source_pages":"The Third Parallel, S. 10-39","map_source":"The Third Parallel","placement_note":"Nach Quellenbezug im Teilraum Lowry angenähert","accuracy":"Teilraumzuordnung; Feinposition vorläufig","source_map":"denver-content","source_panel":"Lowry","description_preview":"Klub Karma ist ein in The Third Parallel belegter Schauplatz im Bereich Lowry.","description_full":"Klub Karma ist ein in The Third Parallel belegter Schauplatz im Bereich Lowry. Die Position ist auf den belegten Stadt- oder Teilraum angenähert; eine hausgenaue Lage ist aus dem Datenmaterial nicht sicher ableitbar.","description_source":"The Third Parallel, S. 10-39","description_kind":"Ortsprofil","description_has_more":true,"detail_plans":[],"alternate_locations":[],"sources":[{"bookId":"third-parallel-sr6","title":"The Third Parallel","edition":"SR6","citation":"The Third Parallel, S. 10-39","purpose":"description"},{"bookId":"spy-games-sr4","title":"Spy Games","edition":"SR4","citation":"Spy Games, Denver-Kapitel S. 6-86","purpose":"description"}],"map_sources":[],"editions":["SR6","SR4"],"edition_descriptions":{"SR6":{"kind":"Ortsprofil","preview":"Klub Karma ist ein in The Third Parallel belegter Schauplatz im Bereich Lowry.","full":"Klub Karma ist ein in The Third Parallel belegter Schauplatz im Bereich Lowry. Die Position ist auf den belegten Stadt- oder Teilraum angenähert; eine hausgenaue Lage ist aus dem Datenmaterial nicht sicher ableitbar.","hasMore":true,"hasExcerpt":true,"sources":[{"bookId":"third-parallel-sr6","title":"The Third Parallel","edition":"SR6","citation":"The Third Parallel, S. 10-39","purpose":"description"}]},"SR4":{"kind":"Ortsprofil","preview":"Klub Karma ist ein langjähriger Treffpunkt der Schatten in Chinatown und zugleich Territorium der Mafia; private Räume dienen diskreten Verhandlungen.","full":"Klub Karma ist ein langjähriger Treffpunkt der Schatten in Chinatown und zugleich Territorium der Mafia; private Räume dienen diskreten Verhandlungen. Die Position ist auf den belegten Stadt- oder Teilraum angenähert; eine hausgenaue Lage ist aus dem Datenmaterial nicht sicher ableitbar.","hasMore":true,"hasExcerpt":true,"sources":[{"bookId":"spy-games-sr4","title":"Spy Games","edition":"SR4","citation":"Spy Games, Denver-Kapitel S. 6-86","purpose":"description"}]}}}},{"type":"Feature","geometry":{"type":"Point","coordinates":[-105.079695,39.802607]},"properties":{"id":3,"global_id":"denver:place:3-kmag-headquarters","name":"KMAG Headquarters","aliases":[],"category":"Konzerne","detail_map":"Arvada","source_pages":"The Third Parallel, S. 10-39","map_source":"The Third Parallel","placement_note":"Nach Quellenbezug im Teilraum Arvada angenähert","accuracy":"Teilraumzuordnung; Feinposition vorläufig","source_map":"denver-content","source_panel":"Arvada","description_preview":"KMAG Headquarters ist ein in The Third Parallel belegter Schauplatz im Bereich Arvada.","description_full":"KMAG Headquarters ist ein in The Third Parallel belegter Schauplatz im Bereich Arvada. Die Position ist auf den belegten Stadt- oder Teilraum angenähert; eine hausgenaue Lage ist aus dem Datenmaterial nicht sicher ableitbar.","description_source":"The Third Parallel, S. 10-39","description_kind":"Ortsprofil","description_has_more":true,"detail_plans":[],"alternate_locations":[],"sources":[{"bookId":"third-parallel-sr6","title":"The Third Parallel","edition":"SR6","citation":"The Third Parallel, S. 10-39","purpose":"description"}],"map_sources":[],"editions":["SR6"],"edition_descriptions":{"SR6":{"kind":"Ortsprofil","preview":"KMAG Headquarters ist ein in The Third Parallel belegter Schauplatz im Bereich Arvada.","full":"KMAG Headquarters ist ein in The Third Parallel belegter Schauplatz im Bereich Arvada. Die Position ist auf den belegten Stadt- oder Teilraum angenähert; eine hausgenaue Lage ist aus dem Datenmaterial nicht sicher ableitbar.","hasMore":true,"hasExcerpt":true,"sources":[{"bookId":"third-parallel-sr6","title":"The Third Parallel","edition":"SR6","citation":"The Third Parallel, S. 10-39","purpose":"description"}]}}}},{"type":"Feature","geometry":{"type":"Point","coordinates":[-104.981073,39.648159]},"properties":{"id":71,"global_id":"denver:place:71-knight-errant-training-facility","name":"Knight Errant Training Facility","aliases":[],"category":"Sonstige Spots","detail_map":"Englewood","source_pages":"The Third Parallel, S. 10-39","map_source":"The Third Parallel","placement_note":"Nach Quellenbezug im Teilraum Englewood angenähert","accuracy":"Teilraumzuordnung; Feinposition vorläufig","source_map":"denver-content","source_panel":"Englewood","description_preview":"Knight Errant Training Facility ist ein in The Third Parallel belegter Schauplatz im Bereich Englewood.","description_full":"Knight Errant Training Facility ist ein in The Third Parallel belegter Schauplatz im Bereich Englewood. Die Position ist auf den belegten Stadt- oder Teilraum angenähert; eine hausgenaue Lage ist aus dem Datenmaterial nicht sicher ableitbar.","description_source":"The Third Parallel, S. 10-39","description_kind":"Ortsprofil","description_has_more":true,"detail_plans":[],"alternate_locations":[],"sources":[{"bookId":"third-parallel-sr6","title":"The Third Parallel","edition":"SR6","citation":"The Third Parallel, S. 10-39","purpose":"description"}],"map_sources":[],"editions":["SR6"],"edition_descriptions":{"SR6":{"kind":"Ortsprofil","preview":"Knight Errant Training Facility ist ein in The Third Parallel belegter Schauplatz im Bereich Englewood.","full":"Knight Errant Training Facility ist ein in The Third Parallel belegter Schauplatz im Bereich Englewood. Die Position ist auf den belegten Stadt- oder Teilraum angenähert; eine hausgenaue Lage ist aus dem Datenmaterial nicht sicher ableitbar.","hasMore":true,"hasExcerpt":true,"sources":[{"bookId":"third-parallel-sr6","title":"The Third Parallel","edition":"SR6","citation":"The Third Parallel, S. 10-39","purpose":"description"}]}}}},{"type":"Feature","geometry":{"type":"Point","coordinates":[-104.929288,39.802027]},"properties":{"id":62,"global_id":"denver:place:62-krupp-chemicals-refinery","name":"Krupp Chemicals Refinery","aliases":[],"category":"Sonstige Spots","detail_map":"Commerce City","source_pages":"The Third Parallel, S. 10-39","map_source":"The Third Parallel","placement_note":"Nach Quellenbezug im Teilraum Commerce City angenähert","accuracy":"Teilraumzuordnung; Feinposition vorläufig","source_map":"denver-content","source_panel":"Commerce City","description_preview":"Krupp Chemicals Refinery ist ein in The Third Parallel belegter Schauplatz im Bereich Commerce City.","description_full":"Krupp Chemicals Refinery ist ein in The Third Parallel belegter Schauplatz im Bereich Commerce City. Die Position ist auf den belegten Stadt- oder Teilraum angenähert; eine hausgenaue Lage ist aus dem Datenmaterial nicht sicher ableitbar.","description_source":"The Third Parallel, S. 10-39","description_kind":"Ortsprofil","description_has_more":true,"detail_plans":[],"alternate_locations":[],"sources":[{"bookId":"third-parallel-sr6","title":"The Third Parallel","edition":"SR6","citation":"The Third Parallel, S. 10-39","purpose":"description"}],"map_sources":[],"editions":["SR6"],"edition_descriptions":{"SR6":{"kind":"Ortsprofil","preview":"Krupp Chemicals Refinery ist ein in The Third Parallel belegter Schauplatz im Bereich Commerce City.","full":"Krupp Chemicals Refinery ist ein in The Third Parallel belegter Schauplatz im Bereich Commerce City. Die Position ist auf den belegten Stadt- oder Teilraum angenähert; eine hausgenaue Lage ist aus dem Datenmaterial nicht sicher ableitbar.","hasMore":true,"hasExcerpt":true,"sources":[{"bookId":"third-parallel-sr6","title":"The Third Parallel","edition":"SR6","citation":"The Third Parallel, S. 10-39","purpose":"description"}]}}}},{"type":"Feature","geometry":{"type":"Point","coordinates":[-105.095345,39.795789]},"properties":{"id":4,"global_id":"denver:place:4-lakeside-amusement-park","name":"Lakeside Amusement Park","aliases":[],"category":"Freizeit und Natur","detail_map":"Arvada","source_pages":"The Third Parallel, S. 10-39","map_source":"The Third Parallel","placement_note":"Nach Quellenbezug im Teilraum Arvada angenähert","accuracy":"Teilraumzuordnung; Feinposition vorläufig","source_map":"denver-content","source_panel":"Arvada","description_preview":"Lakeside Amusement Park ist ein in The Third Parallel belegter Schauplatz im Bereich Arvada.","description_full":"Lakeside Amusement Park ist ein in The Third Parallel belegter Schauplatz im Bereich Arvada. Die Position ist auf den belegten Stadt- oder Teilraum angenähert; eine hausgenaue Lage ist aus dem Datenmaterial nicht sicher ableitbar.","description_source":"The Third Parallel, S. 10-39","description_kind":"Ortsprofil","description_has_more":true,"detail_plans":[],"alternate_locations":[],"sources":[{"bookId":"third-parallel-sr6","title":"The Third Parallel","edition":"SR6","citation":"The Third Parallel, S. 10-39","purpose":"description"},{"bookId":"denver-city-shadows-sr2","title":"Denver: The City of Shadows","edition":"SR2","citation":"Denver: The City of Shadows, Abschnitt Ute Sector","purpose":"description"},{"bookId":"spy-games-sr4","title":"Spy Games","edition":"SR4","citation":"Spy Games, Denver-Kapitel S. 6-86","purpose":"description"}],"map_sources":[],"editions":["SR6","SR2","SR4"],"edition_descriptions":{"SR6":{"kind":"Ortsprofil","preview":"Lakeside Amusement Park ist ein in The Third Parallel belegter Schauplatz im Bereich Arvada.","full":"Lakeside Amusement Park ist ein in The Third Parallel belegter Schauplatz im Bereich Arvada. Die Position ist auf den belegten Stadt- oder Teilraum angenähert; eine hausgenaue Lage ist aus dem Datenmaterial nicht sicher ableitbar.","hasMore":true,"hasExcerpt":true,"sources":[{"bookId":"third-parallel-sr6","title":"The Third Parallel","edition":"SR6","citation":"The Third Parallel, S. 10-39","purpose":"description"}]},"SR2":{"kind":"Quellennachweis","preview":"Lakeside Amusement Park ist für SR2 in Denver: The City of Shadows belegt.","full":"Lakeside Amusement Park ist für SR2 in Denver: The City of Shadows belegt. Der Eintrag wird editionsübergreifend mit demselben Ort zusammengeführt.","hasMore":true,"hasExcerpt":false,"sources":[{"bookId":"denver-city-shadows-sr2","title":"Denver: The City of Shadows","edition":"SR2","citation":"Denver: The City of Shadows, Abschnitt Ute Sector","purpose":"description"}]},"SR4":{"kind":"Ortsprofil","preview":"Der zum Casino umgebaute Lakeside Amusement Park dient der Chavez-Familie als operative Basis.","full":"Der zum Casino umgebaute Lakeside Amusement Park dient der Chavez-Familie als operative Basis. Die Position ist auf den belegten Stadt- oder Teilraum angenähert; eine hausgenaue Lage ist aus dem Datenmaterial nicht sicher ableitbar.","hasMore":true,"hasExcerpt":true,"sources":[{"bookId":"spy-games-sr4","title":"Spy Games","edition":"SR4","citation":"Spy Games, Denver-Kapitel S. 6-86","purpose":"description"}]}}}},{"type":"Feature","geometry":{"type":"Point","coordinates":[-105.087543,39.703032]},"properties":{"id":77,"global_id":"denver:place:77-lakewood","name":"Lakewood","aliases":[],"category":"Bezirke","detail_map":"Lakewood","source_pages":"The Third Parallel, S. 10-39","map_source":"The Third Parallel","placement_note":"Lore-Bezirkszentrum Lakewood","accuracy":"Lore-Bezirk; Grenzebene separat geprüft","source_map":"denver-content","source_panel":"Lakewood","description_preview":"Lakewood ist eine eher bodenständige, blaukragengeprägte Vorstadt westlich des Hub; die Nähe zum zerstörten Englewood belastet insbesondere die magische Sicherheit.","description_full":"Lakewood ist eine eher bodenständige, blaukragengeprägte Vorstadt westlich des Hub; die Nähe zum zerstörten Englewood belastet insbesondere die magische Sicherheit. Die Zusammenfassung folgt dem Bezirkskapitel der angegebenen Edition; heutige Grenzen dienen nur der geografischen Einordnung.","description_source":"The Third Parallel, S. 10-39","description_kind":"Bezirksprofil","description_has_more":true,"detail_plans":[],"alternate_locations":[],"sources":[{"bookId":"third-parallel-sr6","title":"The Third Parallel","edition":"SR6","citation":"The Third Parallel, S. 10-39","purpose":"description"}],"map_sources":[],"editions":["SR6"],"edition_descriptions":{"SR6":{"kind":"Bezirksprofil","preview":"Lakewood ist eine eher bodenständige, blaukragengeprägte Vorstadt westlich des Hub; die Nähe zum zerstörten Englewood belastet insbesondere die magische Sicherheit.","full":"Lakewood ist eine eher bodenständige, blaukragengeprägte Vorstadt westlich des Hub; die Nähe zum zerstörten Englewood belastet insbesondere die magische Sicherheit. Die Zusammenfassung folgt dem Bezirkskapitel der angegebenen Edition; heutige Grenzen dienen nur der geografischen Einordnung.","hasMore":true,"hasExcerpt":true,"sources":[{"bookId":"third-parallel-sr6","title":"The Third Parallel","edition":"SR6","citation":"The Third Parallel, S. 10-39","purpose":"description"}]}}}},{"type":"Feature","geometry":{"type":"Point","coordinates":[-105.084998,39.706161]},"properties":{"id":84,"global_id":"denver:place:84-lakewood-correctional-institute","name":"Lakewood Correctional Institute","aliases":[],"category":"Sicherheit und Justiz","detail_map":"Lakewood","source_pages":"The Third Parallel, S. 10-39","map_source":"The Third Parallel","placement_note":"Nach Quellenbezug im Teilraum Lakewood angenähert","accuracy":"Teilraumzuordnung; Feinposition vorläufig","source_map":"denver-content","source_panel":"Lakewood","description_preview":"Lakewood Correctional Institute ist ein in The Third Parallel belegter Schauplatz im Bereich Lakewood.","description_full":"Lakewood Correctional Institute ist ein in The Third Parallel belegter Schauplatz im Bereich Lakewood. Die Position ist auf den belegten Stadt- oder Teilraum angenähert; eine hausgenaue Lage ist aus dem Datenmaterial nicht sicher ableitbar.","description_source":"The Third Parallel, S. 10-39","description_kind":"Ortsprofil","description_has_more":true,"detail_plans":[],"alternate_locations":[],"sources":[{"bookId":"third-parallel-sr6","title":"The Third Parallel","edition":"SR6","citation":"The Third Parallel, S. 10-39","purpose":"description"},{"bookId":"spy-games-sr4","title":"Spy Games","edition":"SR4","citation":"Spy Games, Denver-Kapitel S. 6-86","purpose":"description"}],"map_sources":[],"editions":["SR6","SR4"],"edition_descriptions":{"SR6":{"kind":"Ortsprofil","preview":"Lakewood Correctional Institute ist ein in The Third Parallel belegter Schauplatz im Bereich Lakewood.","full":"Lakewood Correctional Institute ist ein in The Third Parallel belegter Schauplatz im Bereich Lakewood. Die Position ist auf den belegten Stadt- oder Teilraum angenähert; eine hausgenaue Lage ist aus dem Datenmaterial nicht sicher ableitbar.","hasMore":true,"hasExcerpt":true,"sources":[{"bookId":"third-parallel-sr6","title":"The Third Parallel","edition":"SR6","citation":"The Third Parallel, S. 10-39","purpose":"description"}]},"SR4":{"kind":"Ortsprofil","preview":"Das Lakewood Correctional Institute experimentiert mit BTL-gestützten Methoden zur Rückfallvermeidung und nimmt tödliche Folgen billigend in Kauf.","full":"Das Lakewood Correctional Institute experimentiert mit BTL-gestützten Methoden zur Rückfallvermeidung und nimmt tödliche Folgen billigend in Kauf. Die Position ist auf den belegten Stadt- oder Teilraum angenähert; eine hausgenaue Lage ist aus dem Datenmaterial nicht sicher ableitbar.","hasMore":true,"hasExcerpt":true,"sources":[{"bookId":"spy-games-sr4","title":"Spy Games","edition":"SR4","citation":"Spy Games, Denver-Kapitel S. 6-86","purpose":"description"}]}}}},{"type":"Feature","geometry":{"type":"Point","coordinates":[-105.10867,39.694477]},"properties":{"id":171,"global_id":"denver:place:171-lakewood-correctional-institution","name":"Lakewood Correctional Institution","aliases":[],"category":"Sicherheit und Justiz","detail_map":"Pueblo Sector","source_pages":"Denver: The City of Shadows, Abschnitt Pueblo Sector","map_source":"Denver: The City of Shadows","placement_note":"Nach Quellenbezug im Teilraum Pueblo Sector angenähert","accuracy":"Teilraumzuordnung; Feinposition vorläufig","source_map":"denver-content","source_panel":"Pueblo Sector","description_preview":"Lakewood Correctional Institution ist ein in Denver: The City of Shadows belegter Schauplatz im Bereich Pueblo Sector.","description_full":"Lakewood Correctional Institution ist ein in Denver: The City of Shadows belegter Schauplatz im Bereich Pueblo Sector. Die Position ist auf den belegten Stadt- oder Teilraum angenähert; eine hausgenaue Lage ist aus dem Datenmaterial nicht sicher ableitbar.","description_source":"Denver: The City of Shadows, Abschnitt Pueblo Sector","description_kind":"Ortsprofil","description_has_more":true,"detail_plans":[],"alternate_locations":[],"sources":[{"bookId":"denver-city-shadows-sr2","title":"Denver: The City of Shadows","edition":"SR2","citation":"Denver: The City of Shadows, Abschnitt Pueblo Sector","purpose":"description"}],"map_sources":[],"editions":["SR2"],"edition_descriptions":{"SR2":{"kind":"Ortsprofil","preview":"Lakewood Correctional Institution ist ein in Denver: The City of Shadows belegter Schauplatz im Bereich Pueblo Sector.","full":"Lakewood Correctional Institution ist ein in Denver: The City of Shadows belegter Schauplatz im Bereich Pueblo Sector. Die Position ist auf den belegten Stadt- oder Teilraum angenähert; eine hausgenaue Lage ist aus dem Datenmaterial nicht sicher ableitbar.","hasMore":true,"hasExcerpt":true,"sources":[{"bookId":"denver-city-shadows-sr2","title":"Denver: The City of Shadows","edition":"SR2","citation":"Denver: The City of Shadows, Abschnitt Pueblo Sector","purpose":"description"}]}}}},{"type":"Feature","geometry":{"type":"Point","coordinates":[-104.99009,39.738027]},"properties":{"id":203,"global_id":"denver:place:203-little-ds-gourmet-emporium","name":"Little D’s Gourmet Emporium","aliases":[],"category":"Einkaufen","detail_map":"The Hub","source_pages":"Welcome to Denver, Making the Scene","map_source":"Welcome to Denver","placement_note":"Nach Quellenbezug im Teilraum The Hub angenähert","accuracy":"Teilraumzuordnung; Feinposition vorläufig","source_map":"denver-content","source_panel":"The Hub","description_preview":"Little D’s Gourmet Emporium ist ein in Welcome to Denver belegter Schauplatz im Bereich The Hub.","description_full":"Little D’s Gourmet Emporium ist ein in Welcome to Denver belegter Schauplatz im Bereich The Hub. Die Position ist auf den belegten Stadt- oder Teilraum angenähert; eine hausgenaue Lage ist aus dem Datenmaterial nicht sicher ableitbar.","description_source":"Welcome to Denver, Making the Scene","description_kind":"Ortsprofil","description_has_more":true,"detail_plans":[],"alternate_locations":[],"sources":[{"bookId":"welcome-denver-sr4","title":"Welcome to Denver","edition":"SR4","citation":"Welcome to Denver, Making the Scene","purpose":"description"}],"map_sources":[],"editions":["SR4"],"edition_descriptions":{"SR4":{"kind":"Ortsprofil","preview":"Little D’s Gourmet Emporium ist ein in Welcome to Denver belegter Schauplatz im Bereich The Hub.","full":"Little D’s Gourmet Emporium ist ein in Welcome to Denver belegter Schauplatz im Bereich The Hub. Die Position ist auf den belegten Stadt- oder Teilraum angenähert; eine hausgenaue Lage ist aus dem Datenmaterial nicht sicher ableitbar.","hasMore":true,"hasExcerpt":true,"sources":[{"bookId":"welcome-denver-sr4","title":"Welcome to Denver","edition":"SR4","citation":"Welcome to Denver, Making the Scene","purpose":"description"}]}}}},{"type":"Feature","geometry":{"type":"Point","coordinates":[-104.545391,39.215838]},"properties":{"id":68,"global_id":"denver:place:68-little-wolf-nursery","name":"Little Wolf Nursery","aliases":[],"category":"Sonstige Spots","detail_map":"Elbert","source_pages":"The Third Parallel, S. 10-39","map_source":"The Third Parallel","placement_note":"Nach Quellenbezug im Teilraum Elbert angenähert","accuracy":"Teilraumzuordnung; Feinposition vorläufig","source_map":"denver-content","source_panel":"Elbert","description_preview":"Little Wolf Nursery ist ein in The Third Parallel belegter Schauplatz im Bereich Elbert.","description_full":"Little Wolf Nursery ist ein in The Third Parallel belegter Schauplatz im Bereich Elbert. Die Position ist auf den belegten Stadt- oder Teilraum angenähert; eine hausgenaue Lage ist aus dem Datenmaterial nicht sicher ableitbar.","description_source":"The Third Parallel, S. 10-39","description_kind":"Ortsprofil","description_has_more":true,"detail_plans":[],"alternate_locations":[],"sources":[{"bookId":"third-parallel-sr6","title":"The Third Parallel","edition":"SR6","citation":"The Third Parallel, S. 10-39","purpose":"description"}],"map_sources":[],"editions":["SR6"],"edition_descriptions":{"SR6":{"kind":"Ortsprofil","preview":"Little Wolf Nursery ist ein in The Third Parallel belegter Schauplatz im Bereich Elbert.","full":"Little Wolf Nursery ist ein in The Third Parallel belegter Schauplatz im Bereich Elbert. Die Position ist auf den belegten Stadt- oder Teilraum angenähert; eine hausgenaue Lage ist aus dem Datenmaterial nicht sicher ableitbar.","hasMore":true,"hasExcerpt":true,"sources":[{"bookId":"third-parallel-sr6","title":"The Third Parallel","edition":"SR6","citation":"The Third Parallel, S. 10-39","purpose":"description"}]}}}},{"type":"Feature","geometry":{"type":"Point","coordinates":[-104.990778,39.747221]},"properties":{"id":208,"global_id":"denver:place:208-lone-star-substation","name":"Lone Star Substation","aliases":[],"category":"Sicherheit und Justiz","detail_map":"The Hub","source_pages":"Denver Adventure Trilogy, Kampagnenschauplätze","map_source":"Denver Adventure Trilogy","placement_note":"Nach Quellenbezug im Teilraum The Hub angenähert","accuracy":"Teilraumzuordnung; Feinposition vorläufig","source_map":"denver-content","source_panel":"The Hub","description_preview":"Lone Star Substation ist ein in Denver Adventure Trilogy belegter Schauplatz im Bereich The Hub.","description_full":"Lone Star Substation ist ein in Denver Adventure Trilogy belegter Schauplatz im Bereich The Hub. Die Position ist auf den belegten Stadt- oder Teilraum angenähert; eine hausgenaue Lage ist aus dem Datenmaterial nicht sicher ableitbar.","description_source":"Denver Adventure Trilogy, Kampagnenschauplätze","description_kind":"Ortsprofil","description_has_more":true,"detail_plans":[],"alternate_locations":[],"sources":[{"bookId":"denver-trilogy-sr5","title":"Denver Adventure Trilogy","edition":"SR5","citation":"Denver Adventure Trilogy, Kampagnenschauplätze","purpose":"description"}],"map_sources":[],"editions":["SR5"],"edition_descriptions":{"SR5":{"kind":"Ortsprofil","preview":"Lone Star Substation ist ein in Denver Adventure Trilogy belegter Schauplatz im Bereich The Hub.","full":"Lone Star Substation ist ein in Denver Adventure Trilogy belegter Schauplatz im Bereich The Hub. Die Position ist auf den belegten Stadt- oder Teilraum angenähert; eine hausgenaue Lage ist aus dem Datenmaterial nicht sicher ableitbar.","hasMore":true,"hasExcerpt":true,"sources":[{"bookId":"denver-trilogy-sr5","title":"Denver Adventure Trilogy","edition":"SR5","citation":"Denver Adventure Trilogy, Kampagnenschauplätze","purpose":"description"}]}}}},{"type":"Feature","geometry":{"type":"Point","coordinates":[-104.894445,39.716318]},"properties":{"id":85,"global_id":"denver:place:85-lowry","name":"Lowry","aliases":[],"category":"Bezirke","detail_map":"Lowry","source_pages":"The Third Parallel, S. 10-39","map_source":"The Third Parallel","placement_note":"Lore-Bezirkszentrum Lowry","accuracy":"Lore-Bezirk; Grenzebene separat geprüft","source_map":"denver-content","source_panel":"Lowry","description_preview":"Lowry ist ein kleiner Industrie- und Arbeiterdistrikt östlich des Hub, entstanden aus einem ehemaligen Luftwaffenstützpunkt und geprägt von Werkstätten, Maschinenkultur und Chinatown.","description_full":"Lowry ist ein kleiner Industrie- und Arbeiterdistrikt östlich des Hub, entstanden aus einem ehemaligen Luftwaffenstützpunkt und geprägt von Werkstätten, Maschinenkultur und Chinatown. Die Zusammenfassung folgt dem Bezirkskapitel der angegebenen Edition; heutige Grenzen dienen nur der geografischen Einordnung.","description_source":"The Third Parallel, S. 10-39","description_kind":"Bezirksprofil","description_has_more":true,"detail_plans":[],"alternate_locations":[],"sources":[{"bookId":"third-parallel-sr6","title":"The Third Parallel","edition":"SR6","citation":"The Third Parallel, S. 10-39","purpose":"description"}],"map_sources":[],"editions":["SR6"],"edition_descriptions":{"SR6":{"kind":"Bezirksprofil","preview":"Lowry ist ein kleiner Industrie- und Arbeiterdistrikt östlich des Hub, entstanden aus einem ehemaligen Luftwaffenstützpunkt und geprägt von Werkstätten, Maschinenkultur und Chinatown.","full":"Lowry ist ein kleiner Industrie- und Arbeiterdistrikt östlich des Hub, entstanden aus einem ehemaligen Luftwaffenstützpunkt und geprägt von Werkstätten, Maschinenkultur und Chinatown. Die Zusammenfassung folgt dem Bezirkskapitel der angegebenen Edition; heutige Grenzen dienen nur der geografischen Einordnung.","hasMore":true,"hasExcerpt":true,"sources":[{"bookId":"third-parallel-sr6","title":"The Third Parallel","edition":"SR6","citation":"The Third Parallel, S. 10-39","purpose":"description"}]}}}},{"type":"Feature","geometry":{"type":"Point","coordinates":[-104.899695,39.714056]},"properties":{"id":88,"global_id":"denver:place:88-lowry-international-airport","name":"Lowry International Airport","aliases":[],"category":"Verkehr","detail_map":"Lowry","source_pages":"The Third Parallel, S. 10-39","map_source":"The Third Parallel","placement_note":"Nach Quellenbezug im Teilraum Lowry angenähert","accuracy":"Teilraumzuordnung; Feinposition vorläufig","source_map":"denver-content","source_panel":"Lowry","description_preview":"Lowry International Airport ist ein in The Third Parallel belegter Schauplatz im Bereich Lowry.","description_full":"Lowry International Airport ist ein in The Third Parallel belegter Schauplatz im Bereich Lowry. Die Position ist auf den belegten Stadt- oder Teilraum angenähert; eine hausgenaue Lage ist aus dem Datenmaterial nicht sicher ableitbar.","description_source":"The Third Parallel, S. 10-39","description_kind":"Ortsprofil","description_has_more":true,"detail_plans":[],"alternate_locations":[],"sources":[{"bookId":"third-parallel-sr6","title":"The Third Parallel","edition":"SR6","citation":"The Third Parallel, S. 10-39","purpose":"description"}],"map_sources":[],"editions":["SR6"],"edition_descriptions":{"SR6":{"kind":"Ortsprofil","preview":"Lowry International Airport ist ein in The Third Parallel belegter Schauplatz im Bereich Lowry.","full":"Lowry International Airport ist ein in The Third Parallel belegter Schauplatz im Bereich Lowry. Die Position ist auf den belegten Stadt- oder Teilraum angenähert; eine hausgenaue Lage ist aus dem Datenmaterial nicht sicher ableitbar.","hasMore":true,"hasExcerpt":true,"sources":[{"bookId":"third-parallel-sr6","title":"The Third Parallel","edition":"SR6","citation":"The Third Parallel, S. 10-39","purpose":"description"}]}}}},{"type":"Feature","geometry":{"type":"Point","coordinates":[-104.985215,39.748011]},"properties":{"id":129,"global_id":"denver:place:129-lunar-noctum","name":"Lunar Noctum","aliases":[],"category":"Bars und Clubs","detail_map":"The Hub","source_pages":"The Third Parallel - Denver Map, Nr. 19","map_source":"The Third Parallel","placement_note":"Nach Quellenbezug im Teilraum The Hub angenähert","accuracy":"Teilraumzuordnung; Feinposition vorläufig","source_map":"denver-content","source_panel":"The Hub","description_preview":"Lunar Noctum ist ein in The Third Parallel belegter Schauplatz im Bereich The Hub.","description_full":"Lunar Noctum ist ein in The Third Parallel belegter Schauplatz im Bereich The Hub. Die Position ist auf den belegten Stadt- oder Teilraum angenähert; eine hausgenaue Lage ist aus dem Datenmaterial nicht sicher ableitbar.","description_source":"The Third Parallel - Denver Map, Nr. 19","description_kind":"Ortsprofil","description_has_more":true,"detail_plans":[],"alternate_locations":[],"sources":[{"bookId":"third-parallel-sr6","title":"The Third Parallel","edition":"SR6","citation":"The Third Parallel - Denver Map, Nr. 19","purpose":"description"}],"map_sources":[],"editions":["SR6"],"edition_descriptions":{"SR6":{"kind":"Ortsprofil","preview":"Lunar Noctum ist ein in The Third Parallel belegter Schauplatz im Bereich The Hub.","full":"Lunar Noctum ist ein in The Third Parallel belegter Schauplatz im Bereich The Hub. Die Position ist auf den belegten Stadt- oder Teilraum angenähert; eine hausgenaue Lage ist aus dem Datenmaterial nicht sicher ableitbar.","hasMore":true,"hasExcerpt":true,"sources":[{"bookId":"third-parallel-sr6","title":"The Third Parallel","edition":"SR6","citation":"The Third Parallel - Denver Map, Nr. 19","purpose":"description"}]}},"map_number_sr6":19}},{"type":"Feature","geometry":{"type":"Point","coordinates":[-104.886666,39.781024]},"properties":{"id":103,"global_id":"denver:place:103-marcels","name":"Marcel’s","aliases":[],"category":"Restaurants","detail_map":"Stapleton","source_pages":"The Third Parallel, S. 10-39","map_source":"The Third Parallel","placement_note":"Nach Quellenbezug im Teilraum Stapleton angenähert","accuracy":"Teilraumzuordnung; Feinposition vorläufig","source_map":"denver-content","source_panel":"Stapleton","description_preview":"Marcel’s ist ein in The Third Parallel belegter Schauplatz im Bereich Stapleton.","description_full":"Marcel’s ist ein in The Third Parallel belegter Schauplatz im Bereich Stapleton. Die Position ist auf den belegten Stadt- oder Teilraum angenähert; eine hausgenaue Lage ist aus dem Datenmaterial nicht sicher ableitbar.","description_source":"The Third Parallel, S. 10-39","description_kind":"Ortsprofil","description_has_more":true,"detail_plans":[],"alternate_locations":[],"sources":[{"bookId":"third-parallel-sr6","title":"The Third Parallel","edition":"SR6","citation":"The Third Parallel, S. 10-39","purpose":"description"},{"bookId":"spy-games-sr4","title":"Spy Games","edition":"SR4","citation":"Spy Games, Denver-Kapitel S. 6-86","purpose":"description"},{"bookId":"welcome-denver-sr4","title":"Welcome to Denver","edition":"SR4","citation":"Welcome to Denver, Making the Scene","purpose":"description"}],"map_sources":[],"editions":["SR6","SR4"],"edition_descriptions":{"SR6":{"kind":"Ortsprofil","preview":"Marcel’s ist ein in The Third Parallel belegter Schauplatz im Bereich Stapleton.","full":"Marcel’s ist ein in The Third Parallel belegter Schauplatz im Bereich Stapleton. Die Position ist auf den belegten Stadt- oder Teilraum angenähert; eine hausgenaue Lage ist aus dem Datenmaterial nicht sicher ableitbar.","hasMore":true,"hasExcerpt":true,"sources":[{"bookId":"third-parallel-sr6","title":"The Third Parallel","edition":"SR6","citation":"The Third Parallel, S. 10-39","purpose":"description"}]},"SR4":{"kind":"Ortsprofil","preview":"Marcel’s ist ein italienisches Restaurant, Geldwaschanlage und Stammhaus der Casquilho-Familie mit überwachten privaten Räumen.","full":"Marcel’s ist ein italienisches Restaurant, Geldwaschanlage und Stammhaus der Casquilho-Familie mit überwachten privaten Räumen. Die Position ist auf den belegten Stadt- oder Teilraum angenähert; eine hausgenaue Lage ist aus dem Datenmaterial nicht sicher ableitbar.","hasMore":true,"hasExcerpt":true,"sources":[{"bookId":"spy-games-sr4","title":"Spy Games","edition":"SR4","citation":"Spy Games, Denver-Kapitel S. 6-86","purpose":"description"},{"bookId":"welcome-denver-sr4","title":"Welcome to Denver","edition":"SR4","citation":"Welcome to Denver, Making the Scene","purpose":"description"}]}}}},{"type":"Feature","geometry":{"type":"Point","coordinates":[-104.834977,39.724175]},"properties":{"id":9,"global_id":"denver:place:9-meat-market","name":"Meat Market","aliases":["The Meat Market"],"category":"Einkaufen","detail_map":"Aurora Warrens","source_pages":"The Third Parallel, S. 10-39","map_source":"The Third Parallel","placement_note":"Nach Quellenbezug im Teilraum Aurora Warrens angenähert","accuracy":"Teilraumzuordnung; Feinposition vorläufig","source_map":"denver-content","source_panel":"Aurora Warrens","description_preview":"Meat Market ist ein in The Third Parallel belegter Schauplatz im Bereich Aurora Warrens.","description_full":"Meat Market ist ein in The Third Parallel belegter Schauplatz im Bereich Aurora Warrens. Die Position ist auf den belegten Stadt- oder Teilraum angenähert; eine hausgenaue Lage ist aus dem Datenmaterial nicht sicher ableitbar.","description_source":"The Third Parallel, S. 10-39","description_kind":"Ortsprofil","description_has_more":true,"detail_plans":[],"alternate_locations":[],"sources":[{"bookId":"third-parallel-sr6","title":"The Third Parallel","edition":"SR6","citation":"The Third Parallel, S. 10-39","purpose":"description"},{"bookId":"welcome-denver-sr4","title":"Welcome to Denver","edition":"SR4","citation":"Welcome to Denver, Making the Scene","purpose":"description"}],"map_sources":[],"editions":["SR6","SR4"],"edition_descriptions":{"SR6":{"kind":"Ortsprofil","preview":"Meat Market ist ein in The Third Parallel belegter Schauplatz im Bereich Aurora Warrens.","full":"Meat Market ist ein in The Third Parallel belegter Schauplatz im Bereich Aurora Warrens. Die Position ist auf den belegten Stadt- oder Teilraum angenähert; eine hausgenaue Lage ist aus dem Datenmaterial nicht sicher ableitbar.","hasMore":true,"hasExcerpt":true,"sources":[{"bookId":"third-parallel-sr6","title":"The Third Parallel","edition":"SR6","citation":"The Third Parallel, S. 10-39","purpose":"description"}]},"SR4":{"kind":"Quellennachweis","preview":"The Meat Market ist für SR4 in Welcome to Denver belegt.","full":"The Meat Market ist für SR4 in Welcome to Denver belegt. Der Eintrag wird editionsübergreifend mit demselben Ort zusammengeführt.","hasMore":true,"hasExcerpt":false,"sources":[{"bookId":"welcome-denver-sr4","title":"Welcome to Denver","edition":"SR4","citation":"Welcome to Denver, Making the Scene","purpose":"description"}]}}}},{"type":"Feature","geometry":{"type":"Point","coordinates":[-104.963965,39.633961]},"properties":{"id":161,"global_id":"denver:place:161-melbourne-hotel","name":"Melbourne Hotel","aliases":[],"category":"Hotels","detail_map":"CAS Sector","source_pages":"Denver: The City of Shadows, Abschnitt CAS Sector","map_source":"Denver: The City of Shadows","placement_note":"Nach Quellenbezug im Teilraum CAS Sector angenähert","accuracy":"Teilraumzuordnung; Feinposition vorläufig","source_map":"denver-content","source_panel":"CAS Sector","description_preview":"Melbourne Hotel ist ein in Denver: The City of Shadows belegter Schauplatz im Bereich CAS Sector.","description_full":"Melbourne Hotel ist ein in Denver: The City of Shadows belegter Schauplatz im Bereich CAS Sector. Die Position ist auf den belegten Stadt- oder Teilraum angenähert; eine hausgenaue Lage ist aus dem Datenmaterial nicht sicher ableitbar.","description_source":"Denver: The City of Shadows, Abschnitt CAS Sector","description_kind":"Ortsprofil","description_has_more":true,"detail_plans":[],"alternate_locations":[],"sources":[{"bookId":"denver-city-shadows-sr2","title":"Denver: The City of Shadows","edition":"SR2","citation":"Denver: The City of Shadows, Abschnitt CAS Sector","purpose":"description"}],"map_sources":[],"editions":["SR2"],"edition_descriptions":{"SR2":{"kind":"Ortsprofil","preview":"Melbourne Hotel ist ein in Denver: The City of Shadows belegter Schauplatz im Bereich CAS Sector.","full":"Melbourne Hotel ist ein in Denver: The City of Shadows belegter Schauplatz im Bereich CAS Sector. Die Position ist auf den belegten Stadt- oder Teilraum angenähert; eine hausgenaue Lage ist aus dem Datenmaterial nicht sicher ableitbar.","hasMore":true,"hasExcerpt":true,"sources":[{"bookId":"denver-city-shadows-sr2","title":"Denver: The City of Shadows","edition":"SR2","citation":"Denver: The City of Shadows, Abschnitt CAS Sector","purpose":"description"}]}}}},{"type":"Feature","geometry":{"type":"Point","coordinates":[-105.083415,39.795687]},"properties":{"id":5,"global_id":"denver:place:5-mesametric-factory","name":"Mesametric Factory","aliases":[],"category":"Konzerne","detail_map":"Arvada","source_pages":"The Third Parallel, S. 10-39","map_source":"The Third Parallel","placement_note":"Nach Quellenbezug im Teilraum Arvada angenähert","accuracy":"Teilraumzuordnung; Feinposition vorläufig","source_map":"denver-content","source_panel":"Arvada","description_preview":"Mesametric Factory ist ein in The Third Parallel belegter Schauplatz im Bereich Arvada.","description_full":"Mesametric Factory ist ein in The Third Parallel belegter Schauplatz im Bereich Arvada. Die Position ist auf den belegten Stadt- oder Teilraum angenähert; eine hausgenaue Lage ist aus dem Datenmaterial nicht sicher ableitbar.","description_source":"The Third Parallel, S. 10-39","description_kind":"Ortsprofil","description_has_more":true,"detail_plans":[],"alternate_locations":[],"sources":[{"bookId":"third-parallel-sr6","title":"The Third Parallel","edition":"SR6","citation":"The Third Parallel, S. 10-39","purpose":"description"},{"bookId":"spy-games-sr4","title":"Spy Games","edition":"SR4","citation":"Spy Games, Denver-Kapitel S. 6-86","purpose":"description"}],"map_sources":[],"editions":["SR6","SR4"],"edition_descriptions":{"SR6":{"kind":"Ortsprofil","preview":"Mesametric Factory ist ein in The Third Parallel belegter Schauplatz im Bereich Arvada.","full":"Mesametric Factory ist ein in The Third Parallel belegter Schauplatz im Bereich Arvada. Die Position ist auf den belegten Stadt- oder Teilraum angenähert; eine hausgenaue Lage ist aus dem Datenmaterial nicht sicher ableitbar.","hasMore":true,"hasExcerpt":true,"sources":[{"bookId":"third-parallel-sr6","title":"The Third Parallel","edition":"SR6","citation":"The Third Parallel, S. 10-39","purpose":"description"}]},"SR4":{"kind":"Ortsprofil","preview":"Mesametric zählt zu den bedeutenden einheimischen Konzernen der FRFZ und unterhält in Denver zentrale Produktions- und Verwaltungsanlagen.","full":"Mesametric zählt zu den bedeutenden einheimischen Konzernen der FRFZ und unterhält in Denver zentrale Produktions- und Verwaltungsanlagen. Die Position ist auf den belegten Stadt- oder Teilraum angenähert; eine hausgenaue Lage ist aus dem Datenmaterial nicht sicher ableitbar.","hasMore":true,"hasExcerpt":true,"sources":[{"bookId":"spy-games-sr4","title":"Spy Games","edition":"SR4","citation":"Spy Games, Denver-Kapitel S. 6-86","purpose":"description"}]}}}},{"type":"Feature","geometry":{"type":"Point","coordinates":[-104.985479,39.741717]},"properties":{"id":130,"global_id":"denver:place:130-mile-high-limo-and-taxi-service","name":"Mile High Limo and Taxi Service","aliases":[],"category":"Sonstige Spots","detail_map":"The Hub","source_pages":"The Third Parallel, S. 10-39","map_source":"The Third Parallel","placement_note":"Nach Quellenbezug im Teilraum The Hub angenähert","accuracy":"Teilraumzuordnung; Feinposition vorläufig","source_map":"denver-content","source_panel":"The Hub","description_preview":"Mile High Limo and Taxi Service ist ein in The Third Parallel belegter Schauplatz im Bereich The Hub.","description_full":"Mile High Limo and Taxi Service ist ein in The Third Parallel belegter Schauplatz im Bereich The Hub. Die Position ist auf den belegten Stadt- oder Teilraum angenähert; eine hausgenaue Lage ist aus dem Datenmaterial nicht sicher ableitbar.","description_source":"The Third Parallel, S. 10-39","description_kind":"Ortsprofil","description_has_more":true,"detail_plans":[],"alternate_locations":[],"sources":[{"bookId":"third-parallel-sr6","title":"The Third Parallel","edition":"SR6","citation":"The Third Parallel, S. 10-39","purpose":"description"}],"map_sources":[],"editions":["SR6"],"edition_descriptions":{"SR6":{"kind":"Ortsprofil","preview":"Mile High Limo and Taxi Service ist ein in The Third Parallel belegter Schauplatz im Bereich The Hub.","full":"Mile High Limo and Taxi Service ist ein in The Third Parallel belegter Schauplatz im Bereich The Hub. Die Position ist auf den belegten Stadt- oder Teilraum angenähert; eine hausgenaue Lage ist aus dem Datenmaterial nicht sicher ableitbar.","hasMore":true,"hasExcerpt":true,"sources":[{"bookId":"third-parallel-sr6","title":"The Third Parallel","edition":"SR6","citation":"The Third Parallel, S. 10-39","purpose":"description"}]}}}},{"type":"Feature","geometry":{"type":"Point","coordinates":[-104.988983,39.740202]},"properties":{"id":209,"global_id":"denver:place:209-mile-high-stadium","name":"Mile High Stadium","aliases":[],"category":"Freizeit und Natur","detail_map":"The Hub","source_pages":"Denver Adventure Trilogy, Kampagnenschauplätze","map_source":"Denver Adventure Trilogy","placement_note":"Nach Quellenbezug im Teilraum The Hub angenähert","accuracy":"Teilraumzuordnung; Feinposition vorläufig","source_map":"denver-content","source_panel":"The Hub","description_preview":"Mile High Stadium ist ein in Denver Adventure Trilogy belegter Schauplatz im Bereich The Hub.","description_full":"Mile High Stadium ist ein in Denver Adventure Trilogy belegter Schauplatz im Bereich The Hub. Die Position ist auf den belegten Stadt- oder Teilraum angenähert; eine hausgenaue Lage ist aus dem Datenmaterial nicht sicher ableitbar.","description_source":"Denver Adventure Trilogy, Kampagnenschauplätze","description_kind":"Ortsprofil","description_has_more":true,"detail_plans":[],"alternate_locations":[],"sources":[{"bookId":"denver-trilogy-sr5","title":"Denver Adventure Trilogy","edition":"SR5","citation":"Denver Adventure Trilogy, Kampagnenschauplätze","purpose":"description"}],"map_sources":[],"editions":["SR5"],"edition_descriptions":{"SR5":{"kind":"Ortsprofil","preview":"Mile High Stadium ist ein in Denver Adventure Trilogy belegter Schauplatz im Bereich The Hub.","full":"Mile High Stadium ist ein in Denver Adventure Trilogy belegter Schauplatz im Bereich The Hub. Die Position ist auf den belegten Stadt- oder Teilraum angenähert; eine hausgenaue Lage ist aus dem Datenmaterial nicht sicher ableitbar.","hasMore":true,"hasExcerpt":true,"sources":[{"bookId":"denver-trilogy-sr5","title":"Denver Adventure Trilogy","edition":"SR5","citation":"Denver Adventure Trilogy, Kampagnenschauplätze","purpose":"description"}]}}}},{"type":"Feature","geometry":{"type":"Point","coordinates":[-104.892756,39.712032]},"properties":{"id":90,"global_id":"denver:place:90-ming-solutions-office","name":"Ming Solutions Office","aliases":[],"category":"Konzerne","detail_map":"Lowry","source_pages":"The Third Parallel, S. 10-39","map_source":"The Third Parallel","placement_note":"Nach Quellenbezug im Teilraum Lowry angenähert","accuracy":"Teilraumzuordnung; Feinposition vorläufig","source_map":"denver-content","source_panel":"Lowry","description_preview":"Ming Solutions Office ist ein in The Third Parallel belegter Schauplatz im Bereich Lowry.","description_full":"Ming Solutions Office ist ein in The Third Parallel belegter Schauplatz im Bereich Lowry. Die Position ist auf den belegten Stadt- oder Teilraum angenähert; eine hausgenaue Lage ist aus dem Datenmaterial nicht sicher ableitbar.","description_source":"The Third Parallel, S. 10-39","description_kind":"Ortsprofil","description_has_more":true,"detail_plans":[],"alternate_locations":[],"sources":[{"bookId":"third-parallel-sr6","title":"The Third Parallel","edition":"SR6","citation":"The Third Parallel, S. 10-39","purpose":"description"}],"map_sources":[],"editions":["SR6"],"edition_descriptions":{"SR6":{"kind":"Ortsprofil","preview":"Ming Solutions Office ist ein in The Third Parallel belegter Schauplatz im Bereich Lowry.","full":"Ming Solutions Office ist ein in The Third Parallel belegter Schauplatz im Bereich Lowry. Die Position ist auf den belegten Stadt- oder Teilraum angenähert; eine hausgenaue Lage ist aus dem Datenmaterial nicht sicher ableitbar.","hasMore":true,"hasExcerpt":true,"sources":[{"bookId":"third-parallel-sr6","title":"The Third Parallel","edition":"SR6","citation":"The Third Parallel, S. 10-39","purpose":"description"}]}}}},{"type":"Feature","geometry":{"type":"Point","coordinates":[-104.897345,39.724466]},"properties":{"id":196,"global_id":"denver:place:196-mystic-curiosities","name":"Mystic Curiosities","aliases":[],"category":"Einkaufen","detail_map":"Lowry","source_pages":"Spy Games, Denver-Kapitel S. 6-86","map_source":"Spy Games","placement_note":"Nach Quellenbezug im Teilraum Lowry angenähert","accuracy":"Teilraumzuordnung; Feinposition vorläufig","source_map":"denver-content","source_panel":"Lowry","description_preview":"Mystic Curiosities ist Zhang Wongs Taliskrämerladen in Chinatown, bekannt für zweifelhafte Massenware ebenso wie seltene Stücke und fundiertes arkanes Wissen.","description_full":"Mystic Curiosities ist Zhang Wongs Taliskrämerladen in Chinatown, bekannt für zweifelhafte Massenware ebenso wie seltene Stücke und fundiertes arkanes Wissen. Die Position ist auf den belegten Stadt- oder Teilraum angenähert; eine hausgenaue Lage ist aus dem Datenmaterial nicht sicher ableitbar.","description_source":"Spy Games, Denver-Kapitel S. 6-86","description_kind":"Ortsprofil","description_has_more":true,"detail_plans":[],"alternate_locations":[],"sources":[{"bookId":"spy-games-sr4","title":"Spy Games","edition":"SR4","citation":"Spy Games, Denver-Kapitel S. 6-86","purpose":"description"}],"map_sources":[],"editions":["SR4"],"edition_descriptions":{"SR4":{"kind":"Ortsprofil","preview":"Mystic Curiosities ist Zhang Wongs Taliskrämerladen in Chinatown, bekannt für zweifelhafte Massenware ebenso wie seltene Stücke und fundiertes arkanes Wissen.","full":"Mystic Curiosities ist Zhang Wongs Taliskrämerladen in Chinatown, bekannt für zweifelhafte Massenware ebenso wie seltene Stücke und fundiertes arkanes Wissen. Die Position ist auf den belegten Stadt- oder Teilraum angenähert; eine hausgenaue Lage ist aus dem Datenmaterial nicht sicher ableitbar.","hasMore":true,"hasExcerpt":true,"sources":[{"bookId":"spy-games-sr4","title":"Spy Games","edition":"SR4","citation":"Spy Games, Denver-Kapitel S. 6-86","purpose":"description"}]}}}},{"type":"Feature","geometry":{"type":"Point","coordinates":[-105.036568,39.839167]},"properties":{"id":150,"global_id":"denver:place:150-native-american-broadcasting-service","name":"Native American Broadcasting Service","aliases":[],"category":"Sonstige Spots","detail_map":"Westminster","source_pages":"The Third Parallel, S. 10-39","map_source":"The Third Parallel","placement_note":"Nach Quellenbezug im Teilraum Westminster angenähert","accuracy":"Teilraumzuordnung; Feinposition vorläufig","source_map":"denver-content","source_panel":"Westminster","description_preview":"Native American Broadcasting Service ist ein in The Third Parallel belegter Schauplatz im Bereich Westminster.","description_full":"Native American Broadcasting Service ist ein in The Third Parallel belegter Schauplatz im Bereich Westminster. Die Position ist auf den belegten Stadt- oder Teilraum angenähert; eine hausgenaue Lage ist aus dem Datenmaterial nicht sicher ableitbar.","description_source":"The Third Parallel, S. 10-39","description_kind":"Ortsprofil","description_has_more":true,"detail_plans":[],"alternate_locations":[],"sources":[{"bookId":"third-parallel-sr6","title":"The Third Parallel","edition":"SR6","citation":"The Third Parallel, S. 10-39","purpose":"description"},{"bookId":"spy-games-sr4","title":"Spy Games","edition":"SR4","citation":"Spy Games, Denver-Kapitel S. 6-86","purpose":"description"}],"map_sources":[],"editions":["SR6","SR4"],"edition_descriptions":{"SR6":{"kind":"Ortsprofil","preview":"Native American Broadcasting Service ist ein in The Third Parallel belegter Schauplatz im Bereich Westminster.","full":"Native American Broadcasting Service ist ein in The Third Parallel belegter Schauplatz im Bereich Westminster. Die Position ist auf den belegten Stadt- oder Teilraum angenähert; eine hausgenaue Lage ist aus dem Datenmaterial nicht sicher ableitbar.","hasMore":true,"hasExcerpt":true,"sources":[{"bookId":"third-parallel-sr6","title":"The Third Parallel","edition":"SR6","citation":"The Third Parallel, S. 10-39","purpose":"description"}]},"SR4":{"kind":"Ortsprofil","preview":"Der Native American Broadcasting Service prägt Denvers Medienlandschaft und dient zugleich als politischer Einflusskanal der NAN.","full":"Der Native American Broadcasting Service prägt Denvers Medienlandschaft und dient zugleich als politischer Einflusskanal der NAN. Die Position ist auf den belegten Stadt- oder Teilraum angenähert; eine hausgenaue Lage ist aus dem Datenmaterial nicht sicher ableitbar.","hasMore":true,"hasExcerpt":true,"sources":[{"bookId":"spy-games-sr4","title":"Spy Games","edition":"SR4","citation":"Spy Games, Denver-Kapitel S. 6-86","purpose":"description"}]}}}},{"type":"Feature","geometry":{"type":"Point","coordinates":[-105.090755,39.915945]},"properties":{"id":30,"global_id":"denver:place:30-newlife-medical","name":"Newlife Medical","aliases":[],"category":"Medizin","detail_map":"Broomfield","source_pages":"The Third Parallel, S. 10-39","map_source":"The Third Parallel","placement_note":"Nach Quellenbezug im Teilraum Broomfield angenähert","accuracy":"Teilraumzuordnung; Feinposition vorläufig","source_map":"denver-content","source_panel":"Broomfield","description_preview":"Newlife Medical ist ein in The Third Parallel belegter Schauplatz im Bereich Broomfield.","description_full":"Newlife Medical ist ein in The Third Parallel belegter Schauplatz im Bereich Broomfield. Die Position ist auf den belegten Stadt- oder Teilraum angenähert; eine hausgenaue Lage ist aus dem Datenmaterial nicht sicher ableitbar.","description_source":"The Third Parallel, S. 10-39","description_kind":"Ortsprofil","description_has_more":true,"detail_plans":[],"alternate_locations":[],"sources":[{"bookId":"third-parallel-sr6","title":"The Third Parallel","edition":"SR6","citation":"The Third Parallel, S. 10-39","purpose":"description"}],"map_sources":[],"editions":["SR6"],"edition_descriptions":{"SR6":{"kind":"Ortsprofil","preview":"Newlife Medical ist ein in The Third Parallel belegter Schauplatz im Bereich Broomfield.","full":"Newlife Medical ist ein in The Third Parallel belegter Schauplatz im Bereich Broomfield. Die Position ist auf den belegten Stadt- oder Teilraum angenähert; eine hausgenaue Lage ist aus dem Datenmaterial nicht sicher ableitbar.","hasMore":true,"hasExcerpt":true,"sources":[{"bookId":"third-parallel-sr6","title":"The Third Parallel","edition":"SR6","citation":"The Third Parallel, S. 10-39","purpose":"description"}]}}}},{"type":"Feature","geometry":{"type":"Point","coordinates":[-105.044538,39.843686]},"properties":{"id":151,"global_id":"denver:place:151-northern-lights-enchanting","name":"Northern Lights Enchanting","aliases":[],"category":"Sonstige Spots","detail_map":"Westminster","source_pages":"The Third Parallel - Denver Map, Nr. 20","map_source":"The Third Parallel","placement_note":"Nach Quellenbezug im Teilraum Westminster angenähert","accuracy":"Teilraumzuordnung; Feinposition vorläufig","source_map":"denver-content","source_panel":"Westminster","description_preview":"Northern Lights Enchanting ist ein in The Third Parallel belegter Schauplatz im Bereich Westminster.","description_full":"Northern Lights Enchanting ist ein in The Third Parallel belegter Schauplatz im Bereich Westminster. Die Position ist auf den belegten Stadt- oder Teilraum angenähert; eine hausgenaue Lage ist aus dem Datenmaterial nicht sicher ableitbar.","description_source":"The Third Parallel - Denver Map, Nr. 20","description_kind":"Ortsprofil","description_has_more":true,"detail_plans":[],"alternate_locations":[],"sources":[{"bookId":"third-parallel-sr6","title":"The Third Parallel","edition":"SR6","citation":"The Third Parallel - Denver Map, Nr. 20","purpose":"description"}],"map_sources":[],"editions":["SR6"],"edition_descriptions":{"SR6":{"kind":"Ortsprofil","preview":"Northern Lights Enchanting ist ein in The Third Parallel belegter Schauplatz im Bereich Westminster.","full":"Northern Lights Enchanting ist ein in The Third Parallel belegter Schauplatz im Bereich Westminster. Die Position ist auf den belegten Stadt- oder Teilraum angenähert; eine hausgenaue Lage ist aus dem Datenmaterial nicht sicher ableitbar.","hasMore":true,"hasExcerpt":true,"sources":[{"bookId":"third-parallel-sr6","title":"The Third Parallel","edition":"SR6","citation":"The Third Parallel - Denver Map, Nr. 20","purpose":"description"}]}},"map_number_sr6":20}},{"type":"Feature","geometry":{"type":"Point","coordinates":[-104.879245,39.580145]},"properties":{"id":44,"global_id":"denver:place:44-novatech-matrix-services-office","name":"Novatech Matrix Services Office","aliases":[],"category":"Konzerne","detail_map":"Centennial","source_pages":"The Third Parallel, S. 10-39","map_source":"The Third Parallel","placement_note":"Nach Quellenbezug im Teilraum Centennial angenähert","accuracy":"Teilraumzuordnung; Feinposition vorläufig","source_map":"denver-content","source_panel":"Centennial","description_preview":"Novatech Matrix Services Office ist ein in The Third Parallel belegter Schauplatz im Bereich Centennial.","description_full":"Novatech Matrix Services Office ist ein in The Third Parallel belegter Schauplatz im Bereich Centennial. Die Position ist auf den belegten Stadt- oder Teilraum angenähert; eine hausgenaue Lage ist aus dem Datenmaterial nicht sicher ableitbar.","description_source":"The Third Parallel, S. 10-39","description_kind":"Ortsprofil","description_has_more":true,"detail_plans":[],"alternate_locations":[],"sources":[{"bookId":"third-parallel-sr6","title":"The Third Parallel","edition":"SR6","citation":"The Third Parallel, S. 10-39","purpose":"description"}],"map_sources":[],"editions":["SR6"],"edition_descriptions":{"SR6":{"kind":"Ortsprofil","preview":"Novatech Matrix Services Office ist ein in The Third Parallel belegter Schauplatz im Bereich Centennial.","full":"Novatech Matrix Services Office ist ein in The Third Parallel belegter Schauplatz im Bereich Centennial. Die Position ist auf den belegten Stadt- oder Teilraum angenähert; eine hausgenaue Lage ist aus dem Datenmaterial nicht sicher ableitbar.","hasMore":true,"hasExcerpt":true,"sources":[{"bookId":"third-parallel-sr6","title":"The Third Parallel","edition":"SR6","citation":"The Third Parallel, S. 10-39","purpose":"description"}]}}}},{"type":"Feature","geometry":{"type":"Point","coordinates":[-104.906969,39.709993]},"properties":{"id":91,"global_id":"denver:place:91-nu-shen-massage","name":"Nu Shen Massage","aliases":[],"category":"Sonstige Spots","detail_map":"Lowry","source_pages":"The Third Parallel, S. 10-39","map_source":"The Third Parallel","placement_note":"Nach Quellenbezug im Teilraum Lowry angenähert","accuracy":"Teilraumzuordnung; Feinposition vorläufig","source_map":"denver-content","source_panel":"Lowry","description_preview":"Nu Shen Massage ist ein in The Third Parallel belegter Schauplatz im Bereich Lowry.","description_full":"Nu Shen Massage ist ein in The Third Parallel belegter Schauplatz im Bereich Lowry. Die Position ist auf den belegten Stadt- oder Teilraum angenähert; eine hausgenaue Lage ist aus dem Datenmaterial nicht sicher ableitbar.","description_source":"The Third Parallel, S. 10-39","description_kind":"Ortsprofil","description_has_more":true,"detail_plans":[],"alternate_locations":[],"sources":[{"bookId":"third-parallel-sr6","title":"The Third Parallel","edition":"SR6","citation":"The Third Parallel, S. 10-39","purpose":"description"}],"map_sources":[],"editions":["SR6"],"edition_descriptions":{"SR6":{"kind":"Ortsprofil","preview":"Nu Shen Massage ist ein in The Third Parallel belegter Schauplatz im Bereich Lowry.","full":"Nu Shen Massage ist ein in The Third Parallel belegter Schauplatz im Bereich Lowry. Die Position ist auf den belegten Stadt- oder Teilraum angenähert; eine hausgenaue Lage ist aus dem Datenmaterial nicht sicher ableitbar.","hasMore":true,"hasExcerpt":true,"sources":[{"bookId":"third-parallel-sr6","title":"The Third Parallel","edition":"SR6","citation":"The Third Parallel, S. 10-39","purpose":"description"}]}}}},{"type":"Feature","geometry":{"type":"Point","coordinates":[-104.96465,39.859843]},"properties":{"id":146,"global_id":"denver:place:146-overmon-aberny","name":"Overmon-Aberny","aliases":[],"category":"Sonstige Spots","detail_map":"Thornton","source_pages":"The Third Parallel, S. 10-39","map_source":"The Third Parallel","placement_note":"Nach Quellenbezug im Teilraum Thornton angenähert","accuracy":"Teilraumzuordnung; Feinposition vorläufig","source_map":"denver-content","source_panel":"Thornton","description_preview":"Overmon-Aberny ist ein in The Third Parallel belegter Schauplatz im Bereich Thornton.","description_full":"Overmon-Aberny ist ein in The Third Parallel belegter Schauplatz im Bereich Thornton. Die Position ist auf den belegten Stadt- oder Teilraum angenähert; eine hausgenaue Lage ist aus dem Datenmaterial nicht sicher ableitbar.","description_source":"The Third Parallel, S. 10-39","description_kind":"Ortsprofil","description_has_more":true,"detail_plans":[],"alternate_locations":[],"sources":[{"bookId":"third-parallel-sr6","title":"The Third Parallel","edition":"SR6","citation":"The Third Parallel, S. 10-39","purpose":"description"},{"bookId":"denver-city-shadows-sr2","title":"Denver: The City of Shadows","edition":"SR2","citation":"Denver: The City of Shadows, Abschnitt Sioux Sector","purpose":"description"},{"bookId":"spy-games-sr4","title":"Spy Games","edition":"SR4","citation":"Spy Games, Denver-Kapitel S. 6-86","purpose":"description"}],"map_sources":[],"editions":["SR6","SR2","SR4"],"edition_descriptions":{"SR6":{"kind":"Ortsprofil","preview":"Overmon-Aberny ist ein in The Third Parallel belegter Schauplatz im Bereich Thornton.","full":"Overmon-Aberny ist ein in The Third Parallel belegter Schauplatz im Bereich Thornton. Die Position ist auf den belegten Stadt- oder Teilraum angenähert; eine hausgenaue Lage ist aus dem Datenmaterial nicht sicher ableitbar.","hasMore":true,"hasExcerpt":true,"sources":[{"bookId":"third-parallel-sr6","title":"The Third Parallel","edition":"SR6","citation":"The Third Parallel, S. 10-39","purpose":"description"}]},"SR2":{"kind":"Quellennachweis","preview":"Overmon-Aberny ist für SR2 in Denver: The City of Shadows belegt.","full":"Overmon-Aberny ist für SR2 in Denver: The City of Shadows belegt. Der Eintrag wird editionsübergreifend mit demselben Ort zusammengeführt.","hasMore":true,"hasExcerpt":false,"sources":[{"bookId":"denver-city-shadows-sr2","title":"Denver: The City of Shadows","edition":"SR2","citation":"Denver: The City of Shadows, Abschnitt Sioux Sector","purpose":"description"}]},"SR4":{"kind":"Ortsprofil","preview":"Das rustikale Overmon-Aberny setzt auf militärisch erfahrenes Personal und besitzt für ein Hotel außergewöhnlich starke physische Sicherheit.","full":"Das rustikale Overmon-Aberny setzt auf militärisch erfahrenes Personal und besitzt für ein Hotel außergewöhnlich starke physische Sicherheit. Die Position ist auf den belegten Stadt- oder Teilraum angenähert; eine hausgenaue Lage ist aus dem Datenmaterial nicht sicher ableitbar.","hasMore":true,"hasExcerpt":true,"sources":[{"bookId":"spy-games-sr4","title":"Spy Games","edition":"SR4","citation":"Spy Games, Denver-Kapitel S. 6-86","purpose":"description"}]}}}},{"type":"Feature","geometry":{"type":"Point","coordinates":[-104.997664,39.735165]},"properties":{"id":210,"global_id":"denver:place:210-paladin-group-llc","name":"Paladin Group LLC","aliases":[],"category":"Konzerne","detail_map":"The Hub","source_pages":"Denver Adventure Trilogy, Kampagnenschauplätze","map_source":"Denver Adventure Trilogy","placement_note":"Nach Quellenbezug im Teilraum The Hub angenähert","accuracy":"Teilraumzuordnung; Feinposition vorläufig","source_map":"denver-content","source_panel":"The Hub","description_preview":"Paladin Group LLC ist ein in Denver Adventure Trilogy belegter Schauplatz im Bereich The Hub.","description_full":"Paladin Group LLC ist ein in Denver Adventure Trilogy belegter Schauplatz im Bereich The Hub. Die Position ist auf den belegten Stadt- oder Teilraum angenähert; eine hausgenaue Lage ist aus dem Datenmaterial nicht sicher ableitbar.","description_source":"Denver Adventure Trilogy, Kampagnenschauplätze","description_kind":"Ortsprofil","description_has_more":true,"detail_plans":[],"alternate_locations":[],"sources":[{"bookId":"denver-trilogy-sr5","title":"Denver Adventure Trilogy","edition":"SR5","citation":"Denver Adventure Trilogy, Kampagnenschauplätze","purpose":"description"}],"map_sources":[],"editions":["SR5"],"edition_descriptions":{"SR5":{"kind":"Ortsprofil","preview":"Paladin Group LLC ist ein in Denver Adventure Trilogy belegter Schauplatz im Bereich The Hub.","full":"Paladin Group LLC ist ein in Denver Adventure Trilogy belegter Schauplatz im Bereich The Hub. Die Position ist auf den belegten Stadt- oder Teilraum angenähert; eine hausgenaue Lage ist aus dem Datenmaterial nicht sicher ableitbar.","hasMore":true,"hasExcerpt":true,"sources":[{"bookId":"denver-trilogy-sr5","title":"Denver Adventure Trilogy","edition":"SR5","citation":"Denver Adventure Trilogy, Kampagnenschauplätze","purpose":"description"}]}}}},{"type":"Feature","geometry":{"type":"Point","coordinates":[-104.986748,39.744557]},"properties":{"id":211,"global_id":"denver:place:211-paladin-health","name":"Paladin Health","aliases":[],"category":"Medizin","detail_map":"The Hub","source_pages":"Denver Adventure Trilogy, Kampagnenschauplätze","map_source":"Denver Adventure Trilogy","placement_note":"Nach Quellenbezug im Teilraum The Hub angenähert","accuracy":"Teilraumzuordnung; Feinposition vorläufig","source_map":"denver-content","source_panel":"The Hub","description_preview":"Paladin Health ist ein in Denver Adventure Trilogy belegter Schauplatz im Bereich The Hub.","description_full":"Paladin Health ist ein in Denver Adventure Trilogy belegter Schauplatz im Bereich The Hub. Die Position ist auf den belegten Stadt- oder Teilraum angenähert; eine hausgenaue Lage ist aus dem Datenmaterial nicht sicher ableitbar.","description_source":"Denver Adventure Trilogy, Kampagnenschauplätze","description_kind":"Ortsprofil","description_has_more":true,"detail_plans":[],"alternate_locations":[],"sources":[{"bookId":"denver-trilogy-sr5","title":"Denver Adventure Trilogy","edition":"SR5","citation":"Denver Adventure Trilogy, Kampagnenschauplätze","purpose":"description"}],"map_sources":[],"editions":["SR5"],"edition_descriptions":{"SR5":{"kind":"Ortsprofil","preview":"Paladin Health ist ein in Denver Adventure Trilogy belegter Schauplatz im Bereich The Hub.","full":"Paladin Health ist ein in Denver Adventure Trilogy belegter Schauplatz im Bereich The Hub. Die Position ist auf den belegten Stadt- oder Teilraum angenähert; eine hausgenaue Lage ist aus dem Datenmaterial nicht sicher ableitbar.","hasMore":true,"hasExcerpt":true,"sources":[{"bookId":"denver-trilogy-sr5","title":"Denver Adventure Trilogy","edition":"SR5","citation":"Denver Adventure Trilogy, Kampagnenschauplätze","purpose":"description"}]}}}},{"type":"Feature","geometry":{"type":"Point","coordinates":[-104.992285,39.737875]},"properties":{"id":212,"global_id":"denver:place:212-paladin-hospital","name":"Paladin Hospital","aliases":[],"category":"Medizin","detail_map":"The Hub","source_pages":"Denver Adventure Trilogy, Kampagnenschauplätze","map_source":"Denver Adventure Trilogy","placement_note":"Nach Quellenbezug im Teilraum The Hub angenähert","accuracy":"Teilraumzuordnung; Feinposition vorläufig","source_map":"denver-content","source_panel":"The Hub","description_preview":"Paladin Hospital ist ein in Denver Adventure Trilogy belegter Schauplatz im Bereich The Hub.","description_full":"Paladin Hospital ist ein in Denver Adventure Trilogy belegter Schauplatz im Bereich The Hub. Die Position ist auf den belegten Stadt- oder Teilraum angenähert; eine hausgenaue Lage ist aus dem Datenmaterial nicht sicher ableitbar.","description_source":"Denver Adventure Trilogy, Kampagnenschauplätze","description_kind":"Ortsprofil","description_has_more":true,"detail_plans":[],"alternate_locations":[],"sources":[{"bookId":"denver-trilogy-sr5","title":"Denver Adventure Trilogy","edition":"SR5","citation":"Denver Adventure Trilogy, Kampagnenschauplätze","purpose":"description"}],"map_sources":[],"editions":["SR5"],"edition_descriptions":{"SR5":{"kind":"Ortsprofil","preview":"Paladin Hospital ist ein in Denver Adventure Trilogy belegter Schauplatz im Bereich The Hub.","full":"Paladin Hospital ist ein in Denver Adventure Trilogy belegter Schauplatz im Bereich The Hub. Die Position ist auf den belegten Stadt- oder Teilraum angenähert; eine hausgenaue Lage ist aus dem Datenmaterial nicht sicher ableitbar.","hasMore":true,"hasExcerpt":true,"sources":[{"bookId":"denver-trilogy-sr5","title":"Denver Adventure Trilogy","edition":"SR5","citation":"Denver Adventure Trilogy, Kampagnenschauplätze","purpose":"description"}]}}}},{"type":"Feature","geometry":{"type":"Point","coordinates":[-104.998428,39.747979]},"properties":{"id":131,"global_id":"denver:place:131-pams-pawn","name":"Pam’s Pawn","aliases":[],"category":"Einkaufen","detail_map":"The Hub","source_pages":"The Third Parallel - Denver Map, Nr. 21","map_source":"The Third Parallel","placement_note":"Nach Quellenbezug im Teilraum The Hub angenähert","accuracy":"Teilraumzuordnung; Feinposition vorläufig","source_map":"denver-content","source_panel":"The Hub","description_preview":"Pam’s Pawn ist ein in The Third Parallel belegter Schauplatz im Bereich The Hub.","description_full":"Pam’s Pawn ist ein in The Third Parallel belegter Schauplatz im Bereich The Hub. Die Position ist auf den belegten Stadt- oder Teilraum angenähert; eine hausgenaue Lage ist aus dem Datenmaterial nicht sicher ableitbar.","description_source":"The Third Parallel - Denver Map, Nr. 21","description_kind":"Ortsprofil","description_has_more":true,"detail_plans":[],"alternate_locations":[],"sources":[{"bookId":"third-parallel-sr6","title":"The Third Parallel","edition":"SR6","citation":"The Third Parallel - Denver Map, Nr. 21","purpose":"description"}],"map_sources":[],"editions":["SR6"],"edition_descriptions":{"SR6":{"kind":"Ortsprofil","preview":"Pam’s Pawn ist ein in The Third Parallel belegter Schauplatz im Bereich The Hub.","full":"Pam’s Pawn ist ein in The Third Parallel belegter Schauplatz im Bereich The Hub. Die Position ist auf den belegten Stadt- oder Teilraum angenähert; eine hausgenaue Lage ist aus dem Datenmaterial nicht sicher ableitbar.","hasMore":true,"hasExcerpt":true,"sources":[{"bookId":"third-parallel-sr6","title":"The Third Parallel","edition":"SR6","citation":"The Third Parallel - Denver Map, Nr. 21","purpose":"description"}]}},"map_number_sr6":21}},{"type":"Feature","geometry":{"type":"Point","coordinates":[-104.829975,39.736665]},"properties":{"id":10,"global_id":"denver:place:10-paradise-lane","name":"Paradise Lane","aliases":[],"category":"Sonstige Spots","detail_map":"Aurora Warrens","source_pages":"The Third Parallel - Denver Map, Nr. 22","map_source":"The Third Parallel","placement_note":"Nach Quellenbezug im Teilraum Aurora Warrens angenähert","accuracy":"Teilraumzuordnung; Feinposition vorläufig","source_map":"denver-content","source_panel":"Aurora Warrens","description_preview":"Paradise Lane ist ein in The Third Parallel belegter Schauplatz im Bereich Aurora Warrens.","description_full":"Paradise Lane ist ein in The Third Parallel belegter Schauplatz im Bereich Aurora Warrens. Die Position ist auf den belegten Stadt- oder Teilraum angenähert; eine hausgenaue Lage ist aus dem Datenmaterial nicht sicher ableitbar.","description_source":"The Third Parallel - Denver Map, Nr. 22","description_kind":"Ortsprofil","description_has_more":true,"detail_plans":[],"alternate_locations":[],"sources":[{"bookId":"third-parallel-sr6","title":"The Third Parallel","edition":"SR6","citation":"The Third Parallel - Denver Map, Nr. 22","purpose":"description"}],"map_sources":[],"editions":["SR6"],"edition_descriptions":{"SR6":{"kind":"Ortsprofil","preview":"Paradise Lane ist ein in The Third Parallel belegter Schauplatz im Bereich Aurora Warrens.","full":"Paradise Lane ist ein in The Third Parallel belegter Schauplatz im Bereich Aurora Warrens. Die Position ist auf den belegten Stadt- oder Teilraum angenähert; eine hausgenaue Lage ist aus dem Datenmaterial nicht sicher ableitbar.","hasMore":true,"hasExcerpt":true,"sources":[{"bookId":"third-parallel-sr6","title":"The Third Parallel","edition":"SR6","citation":"The Third Parallel - Denver Map, Nr. 22","purpose":"description"}]}},"map_number_sr6":22}},{"type":"Feature","geometry":{"type":"Point","coordinates":[-104.997657,39.734126]},"properties":{"id":132,"global_id":"denver:place:132-patterson-mansion","name":"Patterson Mansion","aliases":[],"category":"Sonstige Spots","detail_map":"The Hub","source_pages":"The Third Parallel - Denver Map, Nr. 23","map_source":"The Third Parallel","placement_note":"Nach Quellenbezug im Teilraum The Hub angenähert","accuracy":"Teilraumzuordnung; Feinposition vorläufig","source_map":"denver-content","source_panel":"The Hub","description_preview":"Patterson Mansion ist ein in The Third Parallel belegter Schauplatz im Bereich The Hub.","description_full":"Patterson Mansion ist ein in The Third Parallel belegter Schauplatz im Bereich The Hub. Die Position ist auf den belegten Stadt- oder Teilraum angenähert; eine hausgenaue Lage ist aus dem Datenmaterial nicht sicher ableitbar.","description_source":"The Third Parallel - Denver Map, Nr. 23","description_kind":"Ortsprofil","description_has_more":true,"detail_plans":[],"alternate_locations":[],"sources":[{"bookId":"third-parallel-sr6","title":"The Third Parallel","edition":"SR6","citation":"The Third Parallel - Denver Map, Nr. 23","purpose":"description"}],"map_sources":[],"editions":["SR6"],"edition_descriptions":{"SR6":{"kind":"Ortsprofil","preview":"Patterson Mansion ist ein in The Third Parallel belegter Schauplatz im Bereich The Hub.","full":"Patterson Mansion ist ein in The Third Parallel belegter Schauplatz im Bereich The Hub. Die Position ist auf den belegten Stadt- oder Teilraum angenähert; eine hausgenaue Lage ist aus dem Datenmaterial nicht sicher ableitbar.","hasMore":true,"hasExcerpt":true,"sources":[{"bookId":"third-parallel-sr6","title":"The Third Parallel","edition":"SR6","citation":"The Third Parallel - Denver Map, Nr. 23","purpose":"description"}]}},"map_number_sr6":23}},{"type":"Feature","geometry":{"type":"Point","coordinates":[-104.817967,39.986654]},"properties":{"id":23,"global_id":"denver:place:23-pearson-park","name":"Pearson Park","aliases":[],"category":"Freizeit und Natur","detail_map":"Brighton","source_pages":"The Third Parallel, S. 10-39","map_source":"The Third Parallel","placement_note":"Nach Quellenbezug im Teilraum Brighton angenähert","accuracy":"Teilraumzuordnung; Feinposition vorläufig","source_map":"denver-content","source_panel":"Brighton","description_preview":"Pearson Park ist ein in The Third Parallel belegter Schauplatz im Bereich Brighton.","description_full":"Pearson Park ist ein in The Third Parallel belegter Schauplatz im Bereich Brighton. Die Position ist auf den belegten Stadt- oder Teilraum angenähert; eine hausgenaue Lage ist aus dem Datenmaterial nicht sicher ableitbar.","description_source":"The Third Parallel, S. 10-39","description_kind":"Ortsprofil","description_has_more":true,"detail_plans":[],"alternate_locations":[],"sources":[{"bookId":"third-parallel-sr6","title":"The Third Parallel","edition":"SR6","citation":"The Third Parallel, S. 10-39","purpose":"description"}],"map_sources":[],"editions":["SR6"],"edition_descriptions":{"SR6":{"kind":"Ortsprofil","preview":"Pearson Park ist ein in The Third Parallel belegter Schauplatz im Bereich Brighton.","full":"Pearson Park ist ein in The Third Parallel belegter Schauplatz im Bereich Brighton. Die Position ist auf den belegten Stadt- oder Teilraum angenähert; eine hausgenaue Lage ist aus dem Datenmaterial nicht sicher ableitbar.","hasMore":true,"hasExcerpt":true,"sources":[{"bookId":"third-parallel-sr6","title":"The Third Parallel","edition":"SR6","citation":"The Third Parallel, S. 10-39","purpose":"description"}]}}}},{"type":"Feature","geometry":{"type":"Point","coordinates":[-104.814593,38.827496]},"properties":{"id":57,"global_id":"denver:place:57-peterson-airport","name":"Peterson Airport","aliases":[],"category":"Verkehr","detail_map":"Colorado Springs","source_pages":"The Third Parallel, S. 10-39","map_source":"The Third Parallel","placement_note":"Nach Quellenbezug im Teilraum Colorado Springs angenähert","accuracy":"Teilraumzuordnung; Feinposition vorläufig","source_map":"denver-content","source_panel":"Colorado Springs","description_preview":"Peterson Airport ist ein in The Third Parallel belegter Schauplatz im Bereich Colorado Springs.","description_full":"Peterson Airport ist ein in The Third Parallel belegter Schauplatz im Bereich Colorado Springs. Die Position ist auf den belegten Stadt- oder Teilraum angenähert; eine hausgenaue Lage ist aus dem Datenmaterial nicht sicher ableitbar.","description_source":"The Third Parallel, S. 10-39","description_kind":"Ortsprofil","description_has_more":true,"detail_plans":[],"alternate_locations":[],"sources":[{"bookId":"third-parallel-sr6","title":"The Third Parallel","edition":"SR6","citation":"The Third Parallel, S. 10-39","purpose":"description"}],"map_sources":[],"editions":["SR6"],"edition_descriptions":{"SR6":{"kind":"Ortsprofil","preview":"Peterson Airport ist ein in The Third Parallel belegter Schauplatz im Bereich Colorado Springs.","full":"Peterson Airport ist ein in The Third Parallel belegter Schauplatz im Bereich Colorado Springs. Die Position ist auf den belegten Stadt- oder Teilraum angenähert; eine hausgenaue Lage ist aus dem Datenmaterial nicht sicher ableitbar.","hasMore":true,"hasExcerpt":true,"sources":[{"bookId":"third-parallel-sr6","title":"The Third Parallel","edition":"SR6","citation":"The Third Parallel, S. 10-39","purpose":"description"}]}}}},{"type":"Feature","geometry":{"type":"Point","coordinates":[-104.857285,39.379394]},"properties":{"id":35,"global_id":"denver:place:35-pradera-resort","name":"Pradera Resort","aliases":[],"category":"Hotels","detail_map":"Castle Rock","source_pages":"The Third Parallel, S. 10-39","map_source":"The Third Parallel","placement_note":"Nach Quellenbezug im Teilraum Castle Rock angenähert","accuracy":"Teilraumzuordnung; Feinposition vorläufig","source_map":"denver-content","source_panel":"Castle Rock","description_preview":"Pradera Resort ist ein in The Third Parallel belegter Schauplatz im Bereich Castle Rock.","description_full":"Pradera Resort ist ein in The Third Parallel belegter Schauplatz im Bereich Castle Rock. Die Position ist auf den belegten Stadt- oder Teilraum angenähert; eine hausgenaue Lage ist aus dem Datenmaterial nicht sicher ableitbar.","description_source":"The Third Parallel, S. 10-39","description_kind":"Ortsprofil","description_has_more":true,"detail_plans":[],"alternate_locations":[],"sources":[{"bookId":"third-parallel-sr6","title":"The Third Parallel","edition":"SR6","citation":"The Third Parallel, S. 10-39","purpose":"description"}],"map_sources":[],"editions":["SR6"],"edition_descriptions":{"SR6":{"kind":"Ortsprofil","preview":"Pradera Resort ist ein in The Third Parallel belegter Schauplatz im Bereich Castle Rock.","full":"Pradera Resort ist ein in The Third Parallel belegter Schauplatz im Bereich Castle Rock. Die Position ist auf den belegten Stadt- oder Teilraum angenähert; eine hausgenaue Lage ist aus dem Datenmaterial nicht sicher ableitbar.","hasMore":true,"hasExcerpt":true,"sources":[{"bookId":"third-parallel-sr6","title":"The Third Parallel","edition":"SR6","citation":"The Third Parallel, S. 10-39","purpose":"description"}]}}}},{"type":"Feature","geometry":{"type":"Point","coordinates":[-104.830907,39.737705]},"properties":{"id":11,"global_id":"denver:place:11-quincy-reservoir","name":"Quincy Reservoir","aliases":[],"category":"Freizeit und Natur","detail_map":"Aurora Warrens","source_pages":"The Third Parallel, S. 10-39","map_source":"The Third Parallel","placement_note":"Nach Quellenbezug im Teilraum Aurora Warrens angenähert","accuracy":"Teilraumzuordnung; Feinposition vorläufig","source_map":"denver-content","source_panel":"Aurora Warrens","description_preview":"Quincy Reservoir ist ein in The Third Parallel belegter Schauplatz im Bereich Aurora Warrens.","description_full":"Quincy Reservoir ist ein in The Third Parallel belegter Schauplatz im Bereich Aurora Warrens. Die Position ist auf den belegten Stadt- oder Teilraum angenähert; eine hausgenaue Lage ist aus dem Datenmaterial nicht sicher ableitbar.","description_source":"The Third Parallel, S. 10-39","description_kind":"Ortsprofil","description_has_more":true,"detail_plans":[],"alternate_locations":[],"sources":[{"bookId":"third-parallel-sr6","title":"The Third Parallel","edition":"SR6","citation":"The Third Parallel, S. 10-39","purpose":"description"}],"map_sources":[],"editions":["SR6"],"edition_descriptions":{"SR6":{"kind":"Ortsprofil","preview":"Quincy Reservoir ist ein in The Third Parallel belegter Schauplatz im Bereich Aurora Warrens.","full":"Quincy Reservoir ist ein in The Third Parallel belegter Schauplatz im Bereich Aurora Warrens. Die Position ist auf den belegten Stadt- oder Teilraum angenähert; eine hausgenaue Lage ist aus dem Datenmaterial nicht sicher ableitbar.","hasMore":true,"hasExcerpt":true,"sources":[{"bookId":"third-parallel-sr6","title":"The Third Parallel","edition":"SR6","citation":"The Third Parallel, S. 10-39","purpose":"description"}]}}}},{"type":"Feature","geometry":{"type":"Point","coordinates":[-104.988088,39.760965]},"properties":{"id":180,"global_id":"denver:place:180-radisson-hotel","name":"Radisson Hotel","aliases":[],"category":"Hotels","detail_map":"UCAS Sector","source_pages":"Denver: The City of Shadows, Abschnitt UCAS Sector","map_source":"Denver: The City of Shadows","placement_note":"Nach Quellenbezug im Teilraum UCAS Sector angenähert","accuracy":"Teilraumzuordnung; Feinposition vorläufig","source_map":"denver-content","source_panel":"UCAS Sector","description_preview":"Radisson Hotel ist ein in Denver: The City of Shadows belegter Schauplatz im Bereich UCAS Sector.","description_full":"Radisson Hotel ist ein in Denver: The City of Shadows belegter Schauplatz im Bereich UCAS Sector. Die Position ist auf den belegten Stadt- oder Teilraum angenähert; eine hausgenaue Lage ist aus dem Datenmaterial nicht sicher ableitbar.","description_source":"Denver: The City of Shadows, Abschnitt UCAS Sector","description_kind":"Ortsprofil","description_has_more":true,"detail_plans":[],"alternate_locations":[],"sources":[{"bookId":"denver-city-shadows-sr2","title":"Denver: The City of Shadows","edition":"SR2","citation":"Denver: The City of Shadows, Abschnitt UCAS Sector","purpose":"description"}],"map_sources":[],"editions":["SR2"],"edition_descriptions":{"SR2":{"kind":"Ortsprofil","preview":"Radisson Hotel ist ein in Denver: The City of Shadows belegter Schauplatz im Bereich UCAS Sector.","full":"Radisson Hotel ist ein in Denver: The City of Shadows belegter Schauplatz im Bereich UCAS Sector. Die Position ist auf den belegten Stadt- oder Teilraum angenähert; eine hausgenaue Lage ist aus dem Datenmaterial nicht sicher ableitbar.","hasMore":true,"hasExcerpt":true,"sources":[{"bookId":"denver-city-shadows-sr2","title":"Denver: The City of Shadows","edition":"SR2","citation":"Denver: The City of Shadows, Abschnitt UCAS Sector","purpose":"description"}]}}}},{"type":"Feature","geometry":{"type":"Point","coordinates":[-105.033815,39.828678]},"properties":{"id":152,"global_id":"denver:place:152-rattlesnake-grill","name":"Rattlesnake Grill","aliases":["The Rattlesnake Grill"],"category":"Restaurants","detail_map":"Westminster","source_pages":"The Third Parallel, S. 10-39","map_source":"The Third Parallel","placement_note":"Nach Quellenbezug im Teilraum Westminster angenähert","accuracy":"Teilraumzuordnung; Feinposition vorläufig","source_map":"denver-content","source_panel":"Westminster","description_preview":"Rattlesnake Grill ist ein in The Third Parallel belegter Schauplatz im Bereich Westminster.","description_full":"Rattlesnake Grill ist ein in The Third Parallel belegter Schauplatz im Bereich Westminster. Die Position ist auf den belegten Stadt- oder Teilraum angenähert; eine hausgenaue Lage ist aus dem Datenmaterial nicht sicher ableitbar.","description_source":"The Third Parallel, S. 10-39","description_kind":"Ortsprofil","description_has_more":true,"detail_plans":[],"alternate_locations":[],"sources":[{"bookId":"third-parallel-sr6","title":"The Third Parallel","edition":"SR6","citation":"The Third Parallel, S. 10-39","purpose":"description"},{"bookId":"denver-city-shadows-sr2","title":"Denver: The City of Shadows","edition":"SR2","citation":"Denver: The City of Shadows, Abschnitt Pueblo Sector","purpose":"description"},{"bookId":"spy-games-sr4","title":"Spy Games","edition":"SR4","citation":"Spy Games, Denver-Kapitel S. 6-86","purpose":"description"}],"map_sources":[],"editions":["SR6","SR2","SR4"],"edition_descriptions":{"SR6":{"kind":"Ortsprofil","preview":"Rattlesnake Grill ist ein in The Third Parallel belegter Schauplatz im Bereich Westminster.","full":"Rattlesnake Grill ist ein in The Third Parallel belegter Schauplatz im Bereich Westminster. Die Position ist auf den belegten Stadt- oder Teilraum angenähert; eine hausgenaue Lage ist aus dem Datenmaterial nicht sicher ableitbar.","hasMore":true,"hasExcerpt":true,"sources":[{"bookId":"third-parallel-sr6","title":"The Third Parallel","edition":"SR6","citation":"The Third Parallel, S. 10-39","purpose":"description"}]},"SR2":{"kind":"Quellennachweis","preview":"The Rattlesnake Grill ist für SR2 in Denver: The City of Shadows belegt.","full":"The Rattlesnake Grill ist für SR2 in Denver: The City of Shadows belegt. Der Eintrag wird editionsübergreifend mit demselben Ort zusammengeführt.","hasMore":true,"hasExcerpt":false,"sources":[{"bookId":"denver-city-shadows-sr2","title":"Denver: The City of Shadows","edition":"SR2","citation":"Denver: The City of Shadows, Abschnitt Pueblo Sector","purpose":"description"}]},"SR4":{"kind":"Ortsprofil","preview":"Der Rattlesnake Grill ist wegen seiner südwestlichen Küche ein beliebter, offener Treffpunkt für Runner und reguläre Gäste.","full":"Der Rattlesnake Grill ist wegen seiner südwestlichen Küche ein beliebter, offener Treffpunkt für Runner und reguläre Gäste. Die Position ist auf den belegten Stadt- oder Teilraum angenähert; eine hausgenaue Lage ist aus dem Datenmaterial nicht sicher ableitbar.","hasMore":true,"hasExcerpt":true,"sources":[{"bookId":"spy-games-sr4","title":"Spy Games","edition":"SR4","citation":"Spy Games, Denver-Kapitel S. 6-86","purpose":"description"}]}}}},{"type":"Feature","geometry":{"type":"Point","coordinates":[-105.2057,39.6654]},"properties":{"id":75,"global_id":"denver:place:75-red-rocks-amphitheater","name":"Red Rocks Amphitheater","aliases":[],"category":"Sonstige Spots","detail_map":"Front Range","source_pages":"The Third Parallel, S. 10-39","map_source":"The Third Parallel","placement_note":"Erhaltener geographischer Bezugspunkt","accuracy":"Geographischer Bezugspunkt","source_map":"denver-content","source_panel":"Front Range","description_preview":"Red Rocks Amphitheater ist ein in The Third Parallel belegter Schauplatz im Bereich Front Range.","description_full":"Red Rocks Amphitheater ist ein in The Third Parallel belegter Schauplatz im Bereich Front Range. Die Position folgt einem erhaltenen heutigen Bezugspunkt.","description_source":"The Third Parallel, S. 10-39","description_kind":"Ortsprofil","description_has_more":true,"detail_plans":[],"alternate_locations":[],"sources":[{"bookId":"third-parallel-sr6","title":"The Third Parallel","edition":"SR6","citation":"The Third Parallel, S. 10-39","purpose":"description"}],"map_sources":[],"editions":["SR6"],"edition_descriptions":{"SR6":{"kind":"Ortsprofil","preview":"Red Rocks Amphitheater ist ein in The Third Parallel belegter Schauplatz im Bereich Front Range.","full":"Red Rocks Amphitheater ist ein in The Third Parallel belegter Schauplatz im Bereich Front Range. Die Position folgt einem erhaltenen heutigen Bezugspunkt.","hasMore":true,"hasExcerpt":true,"sources":[{"bookId":"third-parallel-sr6","title":"The Third Parallel","edition":"SR6","citation":"The Third Parallel, S. 10-39","purpose":"description"}]}}}},{"type":"Feature","geometry":{"type":"Point","coordinates":[-104.96375,39.635107]},"properties":{"id":163,"global_id":"denver:place:163-regency-tech-center","name":"Regency Tech Center","aliases":[],"category":"Sonstige Spots","detail_map":"CAS Sector","source_pages":"Denver: The City of Shadows, Abschnitt CAS Sector","map_source":"Denver: The City of Shadows","placement_note":"Nach Quellenbezug im Teilraum CAS Sector angenähert","accuracy":"Teilraumzuordnung; Feinposition vorläufig","source_map":"denver-content","source_panel":"CAS Sector","description_preview":"Regency Tech Center ist ein in Denver: The City of Shadows belegter Schauplatz im Bereich CAS Sector.","description_full":"Regency Tech Center ist ein in Denver: The City of Shadows belegter Schauplatz im Bereich CAS Sector. Die Position ist auf den belegten Stadt- oder Teilraum angenähert; eine hausgenaue Lage ist aus dem Datenmaterial nicht sicher ableitbar.","description_source":"Denver: The City of Shadows, Abschnitt CAS Sector","description_kind":"Ortsprofil","description_has_more":true,"detail_plans":[],"alternate_locations":[],"sources":[{"bookId":"denver-city-shadows-sr2","title":"Denver: The City of Shadows","edition":"SR2","citation":"Denver: The City of Shadows, Abschnitt CAS Sector","purpose":"description"}],"map_sources":[],"editions":["SR2"],"edition_descriptions":{"SR2":{"kind":"Ortsprofil","preview":"Regency Tech Center ist ein in Denver: The City of Shadows belegter Schauplatz im Bereich CAS Sector.","full":"Regency Tech Center ist ein in Denver: The City of Shadows belegter Schauplatz im Bereich CAS Sector. Die Position ist auf den belegten Stadt- oder Teilraum angenähert; eine hausgenaue Lage ist aus dem Datenmaterial nicht sicher ableitbar.","hasMore":true,"hasExcerpt":true,"sources":[{"bookId":"denver-city-shadows-sr2","title":"Denver: The City of Shadows","edition":"SR2","citation":"Denver: The City of Shadows, Abschnitt CAS Sector","purpose":"description"}]}}}},{"type":"Feature","geometry":{"type":"Point","coordinates":[-104.971763,39.632322]},"properties":{"id":165,"global_id":"denver:place:165-rock-solid","name":"Rock Solid","aliases":[],"category":"Sonstige Spots","detail_map":"CAS Sector","source_pages":"Denver: The City of Shadows, Abschnitt CAS Sector","map_source":"Denver: The City of Shadows","placement_note":"Nach Quellenbezug im Teilraum CAS Sector angenähert","accuracy":"Teilraumzuordnung; Feinposition vorläufig","source_map":"denver-content","source_panel":"CAS Sector","description_preview":"Rock Solid ist ein in Denver: The City of Shadows belegter Schauplatz im Bereich CAS Sector.","description_full":"Rock Solid ist ein in Denver: The City of Shadows belegter Schauplatz im Bereich CAS Sector. Die Position ist auf den belegten Stadt- oder Teilraum angenähert; eine hausgenaue Lage ist aus dem Datenmaterial nicht sicher ableitbar.","description_source":"Denver: The City of Shadows, Abschnitt CAS Sector","description_kind":"Ortsprofil","description_has_more":true,"detail_plans":[],"alternate_locations":[],"sources":[{"bookId":"denver-city-shadows-sr2","title":"Denver: The City of Shadows","edition":"SR2","citation":"Denver: The City of Shadows, Abschnitt CAS Sector","purpose":"description"}],"map_sources":[],"editions":["SR2"],"edition_descriptions":{"SR2":{"kind":"Ortsprofil","preview":"Rock Solid ist ein in Denver: The City of Shadows belegter Schauplatz im Bereich CAS Sector.","full":"Rock Solid ist ein in Denver: The City of Shadows belegter Schauplatz im Bereich CAS Sector. Die Position ist auf den belegten Stadt- oder Teilraum angenähert; eine hausgenaue Lage ist aus dem Datenmaterial nicht sicher ableitbar.","hasMore":true,"hasExcerpt":true,"sources":[{"bookId":"denver-city-shadows-sr2","title":"Denver: The City of Shadows","edition":"SR2","citation":"Denver: The City of Shadows, Abschnitt CAS Sector","purpose":"description"}]}}}},{"type":"Feature","geometry":{"type":"Point","coordinates":[-104.88761,39.776632]},"properties":{"id":104,"global_id":"denver:place:104-rocky-mountain-arsenal-park","name":"Rocky Mountain Arsenal Park","aliases":["Rocky Mountain Arsenal"],"category":"Freizeit und Natur","detail_map":"Stapleton","source_pages":"The Third Parallel - Denver Map, Nr. 24","map_source":"The Third Parallel","placement_note":"Nach Quellenbezug im Teilraum Stapleton angenähert","accuracy":"Teilraumzuordnung; Feinposition vorläufig","source_map":"denver-content","source_panel":"Stapleton","description_preview":"Rocky Mountain Arsenal Park ist ein in The Third Parallel belegter Schauplatz im Bereich Stapleton.","description_full":"Rocky Mountain Arsenal Park ist ein in The Third Parallel belegter Schauplatz im Bereich Stapleton. Die Position ist auf den belegten Stadt- oder Teilraum angenähert; eine hausgenaue Lage ist aus dem Datenmaterial nicht sicher ableitbar.","description_source":"The Third Parallel - Denver Map, Nr. 24","description_kind":"Ortsprofil","description_has_more":true,"detail_plans":[],"alternate_locations":[],"sources":[{"bookId":"third-parallel-sr6","title":"The Third Parallel","edition":"SR6","citation":"The Third Parallel - Denver Map, Nr. 24","purpose":"description"},{"bookId":"denver-city-shadows-sr2","title":"Denver: The City of Shadows","edition":"SR2","citation":"Denver: The City of Shadows, Abschnitt UCAS Sector","purpose":"description"},{"bookId":"spy-games-sr4","title":"Spy Games","edition":"SR4","citation":"Spy Games, Denver-Kapitel S. 6-86","purpose":"description"}],"map_sources":[],"editions":["SR6","SR2","SR4"],"edition_descriptions":{"SR6":{"kind":"Ortsprofil","preview":"Rocky Mountain Arsenal Park ist ein in The Third Parallel belegter Schauplatz im Bereich Stapleton.","full":"Rocky Mountain Arsenal Park ist ein in The Third Parallel belegter Schauplatz im Bereich Stapleton. Die Position ist auf den belegten Stadt- oder Teilraum angenähert; eine hausgenaue Lage ist aus dem Datenmaterial nicht sicher ableitbar.","hasMore":true,"hasExcerpt":true,"sources":[{"bookId":"third-parallel-sr6","title":"The Third Parallel","edition":"SR6","citation":"The Third Parallel - Denver Map, Nr. 24","purpose":"description"}]},"SR2":{"kind":"Quellennachweis","preview":"Rocky Mountain Arsenal ist für SR2 in Denver: The City of Shadows belegt.","full":"Rocky Mountain Arsenal ist für SR2 in Denver: The City of Shadows belegt. Der Eintrag wird editionsübergreifend mit demselben Ort zusammengeführt.","hasMore":true,"hasExcerpt":false,"sources":[{"bookId":"denver-city-shadows-sr2","title":"Denver: The City of Shadows","edition":"SR2","citation":"Denver: The City of Shadows, Abschnitt UCAS Sector","purpose":"description"}]},"SR4":{"kind":"Ortsprofil","preview":"Das ehemalige Arsenal wurde zum Wildschutzgebiet; erwachte Tiere und Nester großer Critter machen das Gelände zugleich wertvoll und gefährlich.","full":"Das ehemalige Arsenal wurde zum Wildschutzgebiet; erwachte Tiere und Nester großer Critter machen das Gelände zugleich wertvoll und gefährlich. Die Position ist auf den belegten Stadt- oder Teilraum angenähert; eine hausgenaue Lage ist aus dem Datenmaterial nicht sicher ableitbar.","hasMore":true,"hasExcerpt":true,"sources":[{"bookId":"spy-games-sr4","title":"Spy Games","edition":"SR4","citation":"Spy Games, Denver-Kapitel S. 6-86","purpose":"description"}]}},"map_number_sr6":24}},{"type":"Feature","geometry":{"type":"Point","coordinates":[-104.984868,39.733727]},"properties":{"id":204,"global_id":"denver:place:204-rocky-mountain-dynamics","name":"Rocky Mountain Dynamics","aliases":[],"category":"Sonstige Spots","detail_map":"The Hub","source_pages":"Welcome to Denver, Making the Scene","map_source":"Welcome to Denver","placement_note":"Nach Quellenbezug im Teilraum The Hub angenähert","accuracy":"Teilraumzuordnung; Feinposition vorläufig","source_map":"denver-content","source_panel":"The Hub","description_preview":"Rocky Mountain Dynamics ist ein in Welcome to Denver belegter Schauplatz im Bereich The Hub.","description_full":"Rocky Mountain Dynamics ist ein in Welcome to Denver belegter Schauplatz im Bereich The Hub. Die Position ist auf den belegten Stadt- oder Teilraum angenähert; eine hausgenaue Lage ist aus dem Datenmaterial nicht sicher ableitbar.","description_source":"Welcome to Denver, Making the Scene","description_kind":"Ortsprofil","description_has_more":true,"detail_plans":[],"alternate_locations":[],"sources":[{"bookId":"welcome-denver-sr4","title":"Welcome to Denver","edition":"SR4","citation":"Welcome to Denver, Making the Scene","purpose":"description"}],"map_sources":[],"editions":["SR4"],"edition_descriptions":{"SR4":{"kind":"Ortsprofil","preview":"Rocky Mountain Dynamics ist ein in Welcome to Denver belegter Schauplatz im Bereich The Hub.","full":"Rocky Mountain Dynamics ist ein in Welcome to Denver belegter Schauplatz im Bereich The Hub. Die Position ist auf den belegten Stadt- oder Teilraum angenähert; eine hausgenaue Lage ist aus dem Datenmaterial nicht sicher ableitbar.","hasMore":true,"hasExcerpt":true,"sources":[{"bookId":"welcome-denver-sr4","title":"Welcome to Denver","edition":"SR4","citation":"Welcome to Denver, Making the Scene","purpose":"description"}]}}}},{"type":"Feature","geometry":{"type":"Point","coordinates":[-104.992445,39.730846]},"properties":{"id":133,"global_id":"denver:place:133-rocky-mountain-post-headquarters","name":"Rocky Mountain Post Headquarters","aliases":[],"category":"Konzerne","detail_map":"The Hub","source_pages":"The Third Parallel, S. 10-39","map_source":"The Third Parallel","placement_note":"Nach Quellenbezug im Teilraum The Hub angenähert","accuracy":"Teilraumzuordnung; Feinposition vorläufig","source_map":"denver-content","source_panel":"The Hub","description_preview":"Rocky Mountain Post Headquarters ist ein in The Third Parallel belegter Schauplatz im Bereich The Hub.","description_full":"Rocky Mountain Post Headquarters ist ein in The Third Parallel belegter Schauplatz im Bereich The Hub. Die Position ist auf den belegten Stadt- oder Teilraum angenähert; eine hausgenaue Lage ist aus dem Datenmaterial nicht sicher ableitbar.","description_source":"The Third Parallel, S. 10-39","description_kind":"Ortsprofil","description_has_more":true,"detail_plans":[],"alternate_locations":[],"sources":[{"bookId":"third-parallel-sr6","title":"The Third Parallel","edition":"SR6","citation":"The Third Parallel, S. 10-39","purpose":"description"}],"map_sources":[],"editions":["SR6"],"edition_descriptions":{"SR6":{"kind":"Ortsprofil","preview":"Rocky Mountain Post Headquarters ist ein in The Third Parallel belegter Schauplatz im Bereich The Hub.","full":"Rocky Mountain Post Headquarters ist ein in The Third Parallel belegter Schauplatz im Bereich The Hub. Die Position ist auf den belegten Stadt- oder Teilraum angenähert; eine hausgenaue Lage ist aus dem Datenmaterial nicht sicher ableitbar.","hasMore":true,"hasExcerpt":true,"sources":[{"bookId":"third-parallel-sr6","title":"The Third Parallel","edition":"SR6","citation":"The Third Parallel, S. 10-39","purpose":"description"}]}}}},{"type":"Feature","geometry":{"type":"Point","coordinates":[-104.905063,39.709127]},"properties":{"id":92,"global_id":"denver:place:92-rustys-garage","name":"Rusty’s Garage","aliases":[],"category":"Sonstige Spots","detail_map":"Lowry","source_pages":"The Third Parallel, S. 10-39","map_source":"The Third Parallel","placement_note":"Nach Quellenbezug im Teilraum Lowry angenähert","accuracy":"Teilraumzuordnung; Feinposition vorläufig","source_map":"denver-content","source_panel":"Lowry","description_preview":"Rusty’s Garage ist ein in The Third Parallel belegter Schauplatz im Bereich Lowry.","description_full":"Rusty’s Garage ist ein in The Third Parallel belegter Schauplatz im Bereich Lowry. Die Position ist auf den belegten Stadt- oder Teilraum angenähert; eine hausgenaue Lage ist aus dem Datenmaterial nicht sicher ableitbar.","description_source":"The Third Parallel, S. 10-39","description_kind":"Ortsprofil","description_has_more":true,"detail_plans":[],"alternate_locations":[],"sources":[{"bookId":"third-parallel-sr6","title":"The Third Parallel","edition":"SR6","citation":"The Third Parallel, S. 10-39","purpose":"description"}],"map_sources":[],"editions":["SR6"],"edition_descriptions":{"SR6":{"kind":"Ortsprofil","preview":"Rusty’s Garage ist ein in The Third Parallel belegter Schauplatz im Bereich Lowry.","full":"Rusty’s Garage ist ein in The Third Parallel belegter Schauplatz im Bereich Lowry. Die Position ist auf den belegten Stadt- oder Teilraum angenähert; eine hausgenaue Lage ist aus dem Datenmaterial nicht sicher ableitbar.","hasMore":true,"hasExcerpt":true,"sources":[{"bookId":"third-parallel-sr6","title":"The Third Parallel","edition":"SR6","citation":"The Third Parallel, S. 10-39","purpose":"description"}]}}}},{"type":"Feature","geometry":{"type":"Point","coordinates":[-104.818809,39.99196]},"properties":{"id":24,"global_id":"denver:place:24-safiyas-critter-care","name":"Safiya’s Critter Care","aliases":[],"category":"Sonstige Spots","detail_map":"Brighton","source_pages":"The Third Parallel, S. 10-39","map_source":"The Third Parallel","placement_note":"Nach Quellenbezug im Teilraum Brighton angenähert","accuracy":"Teilraumzuordnung; Feinposition vorläufig","source_map":"denver-content","source_panel":"Brighton","description_preview":"Safiya’s Critter Care ist ein in The Third Parallel belegter Schauplatz im Bereich Brighton.","description_full":"Safiya’s Critter Care ist ein in The Third Parallel belegter Schauplatz im Bereich Brighton. Die Position ist auf den belegten Stadt- oder Teilraum angenähert; eine hausgenaue Lage ist aus dem Datenmaterial nicht sicher ableitbar.","description_source":"The Third Parallel, S. 10-39","description_kind":"Ortsprofil","description_has_more":true,"detail_plans":[],"alternate_locations":[],"sources":[{"bookId":"third-parallel-sr6","title":"The Third Parallel","edition":"SR6","citation":"The Third Parallel, S. 10-39","purpose":"description"}],"map_sources":[],"editions":["SR6"],"edition_descriptions":{"SR6":{"kind":"Ortsprofil","preview":"Safiya’s Critter Care ist ein in The Third Parallel belegter Schauplatz im Bereich Brighton.","full":"Safiya’s Critter Care ist ein in The Third Parallel belegter Schauplatz im Bereich Brighton. Die Position ist auf den belegten Stadt- oder Teilraum angenähert; eine hausgenaue Lage ist aus dem Datenmaterial nicht sicher ableitbar.","hasMore":true,"hasExcerpt":true,"sources":[{"bookId":"third-parallel-sr6","title":"The Third Parallel","edition":"SR6","citation":"The Third Parallel, S. 10-39","purpose":"description"}]}}}},{"type":"Feature","geometry":{"type":"Point","coordinates":[-104.9945,39.7503]},"properties":{"id":134,"global_id":"denver:place:134-sakura-square","name":"Sakura Square","aliases":[],"category":"Einkaufen","detail_map":"The Hub","source_pages":"The Third Parallel - Denver Map, Nr. 25","map_source":"The Third Parallel","placement_note":"Erhaltener geographischer Bezugspunkt","accuracy":"Geographischer Bezugspunkt","source_map":"denver-content","source_panel":"The Hub","description_preview":"Sakura Square ist ein in The Third Parallel belegter Schauplatz im Bereich The Hub.","description_full":"Sakura Square ist ein in The Third Parallel belegter Schauplatz im Bereich The Hub. Die Position folgt einem erhaltenen heutigen Bezugspunkt.","description_source":"The Third Parallel - Denver Map, Nr. 25","description_kind":"Ortsprofil","description_has_more":true,"detail_plans":[],"alternate_locations":[],"sources":[{"bookId":"third-parallel-sr6","title":"The Third Parallel","edition":"SR6","citation":"The Third Parallel - Denver Map, Nr. 25","purpose":"description"}],"map_sources":[],"editions":["SR6"],"edition_descriptions":{"SR6":{"kind":"Ortsprofil","preview":"Sakura Square ist ein in The Third Parallel belegter Schauplatz im Bereich The Hub.","full":"Sakura Square ist ein in The Third Parallel belegter Schauplatz im Bereich The Hub. Die Position folgt einem erhaltenen heutigen Bezugspunkt.","hasMore":true,"hasExcerpt":true,"sources":[{"bookId":"third-parallel-sr6","title":"The Third Parallel","edition":"SR6","citation":"The Third Parallel - Denver Map, Nr. 25","purpose":"description"}]}},"map_number_sr6":25}},{"type":"Feature","geometry":{"type":"Point","coordinates":[-104.997141,39.732686]},"properties":{"id":135,"global_id":"denver:place:135-sals-cheap-sleeps","name":"Sal’s Cheap Sleeps","aliases":[],"category":"Hotels","detail_map":"The Hub","source_pages":"The Third Parallel, S. 10-39","map_source":"The Third Parallel","placement_note":"Nach Quellenbezug im Teilraum The Hub angenähert","accuracy":"Teilraumzuordnung; Feinposition vorläufig","source_map":"denver-content","source_panel":"The Hub","description_preview":"Sal’s Cheap Sleeps ist ein in The Third Parallel belegter Schauplatz im Bereich The Hub.","description_full":"Sal’s Cheap Sleeps ist ein in The Third Parallel belegter Schauplatz im Bereich The Hub. Die Position ist auf den belegten Stadt- oder Teilraum angenähert; eine hausgenaue Lage ist aus dem Datenmaterial nicht sicher ableitbar.","description_source":"The Third Parallel, S. 10-39","description_kind":"Ortsprofil","description_has_more":true,"detail_plans":[],"alternate_locations":[],"sources":[{"bookId":"third-parallel-sr6","title":"The Third Parallel","edition":"SR6","citation":"The Third Parallel, S. 10-39","purpose":"description"}],"map_sources":[],"editions":["SR6"],"edition_descriptions":{"SR6":{"kind":"Ortsprofil","preview":"Sal’s Cheap Sleeps ist ein in The Third Parallel belegter Schauplatz im Bereich The Hub.","full":"Sal’s Cheap Sleeps ist ein in The Third Parallel belegter Schauplatz im Bereich The Hub. Die Position ist auf den belegten Stadt- oder Teilraum angenähert; eine hausgenaue Lage ist aus dem Datenmaterial nicht sicher ableitbar.","hasMore":true,"hasExcerpt":true,"sources":[{"bookId":"third-parallel-sr6","title":"The Third Parallel","edition":"SR6","citation":"The Third Parallel, S. 10-39","purpose":"description"}]}}}},{"type":"Feature","geometry":{"type":"Point","coordinates":[-105.081527,39.911927]},"properties":{"id":31,"global_id":"denver:place:31-sedalia-airport","name":"Sedalia Airport","aliases":[],"category":"Verkehr","detail_map":"Broomfield","source_pages":"The Third Parallel, S. 10-39","map_source":"The Third Parallel","placement_note":"Nach Quellenbezug im Teilraum Broomfield angenähert","accuracy":"Teilraumzuordnung; Feinposition vorläufig","source_map":"denver-content","source_panel":"Broomfield","description_preview":"Sedalia Airport ist ein in The Third Parallel belegter Schauplatz im Bereich Broomfield.","description_full":"Sedalia Airport ist ein in The Third Parallel belegter Schauplatz im Bereich Broomfield. Die Position ist auf den belegten Stadt- oder Teilraum angenähert; eine hausgenaue Lage ist aus dem Datenmaterial nicht sicher ableitbar.","description_source":"The Third Parallel, S. 10-39","description_kind":"Ortsprofil","description_has_more":true,"detail_plans":[],"alternate_locations":[],"sources":[{"bookId":"third-parallel-sr6","title":"The Third Parallel","edition":"SR6","citation":"The Third Parallel, S. 10-39","purpose":"description"}],"map_sources":[],"editions":["SR6"],"edition_descriptions":{"SR6":{"kind":"Ortsprofil","preview":"Sedalia Airport ist ein in The Third Parallel belegter Schauplatz im Bereich Broomfield.","full":"Sedalia Airport ist ein in The Third Parallel belegter Schauplatz im Bereich Broomfield. Die Position ist auf den belegten Stadt- oder Teilraum angenähert; eine hausgenaue Lage ist aus dem Datenmaterial nicht sicher ableitbar.","hasMore":true,"hasExcerpt":true,"sources":[{"bookId":"third-parallel-sr6","title":"The Third Parallel","edition":"SR6","citation":"The Third Parallel, S. 10-39","purpose":"description"}]}}}},{"type":"Feature","geometry":{"type":"Point","coordinates":[-104.970688,39.875592]},"properties":{"id":147,"global_id":"denver:place:147-shiawase-plaza","name":"Shiawase Plaza","aliases":[],"category":"Konzerne","detail_map":"Thornton","source_pages":"The Third Parallel, S. 10-39","map_source":"The Third Parallel","placement_note":"Nach Quellenbezug im Teilraum Thornton angenähert","accuracy":"Teilraumzuordnung; Feinposition vorläufig","source_map":"denver-content","source_panel":"Thornton","description_preview":"Shiawase Plaza ist ein in The Third Parallel belegter Schauplatz im Bereich Thornton.","description_full":"Shiawase Plaza ist ein in The Third Parallel belegter Schauplatz im Bereich Thornton. Die Position ist auf den belegten Stadt- oder Teilraum angenähert; eine hausgenaue Lage ist aus dem Datenmaterial nicht sicher ableitbar.","description_source":"The Third Parallel, S. 10-39","description_kind":"Ortsprofil","description_has_more":true,"detail_plans":[],"alternate_locations":[],"sources":[{"bookId":"third-parallel-sr6","title":"The Third Parallel","edition":"SR6","citation":"The Third Parallel, S. 10-39","purpose":"description"}],"map_sources":[],"editions":["SR6"],"edition_descriptions":{"SR6":{"kind":"Ortsprofil","preview":"Shiawase Plaza ist ein in The Third Parallel belegter Schauplatz im Bereich Thornton.","full":"Shiawase Plaza ist ein in The Third Parallel belegter Schauplatz im Bereich Thornton. Die Position ist auf den belegten Stadt- oder Teilraum angenähert; eine hausgenaue Lage ist aus dem Datenmaterial nicht sicher ableitbar.","hasMore":true,"hasExcerpt":true,"sources":[{"bookId":"third-parallel-sr6","title":"The Third Parallel","edition":"SR6","citation":"The Third Parallel, S. 10-39","purpose":"description"}]}}}},{"type":"Feature","geometry":{"type":"Point","coordinates":[-104.815285,38.838778]},"properties":{"id":58,"global_id":"denver:place:58-shrine-of-the-sun","name":"Shrine of the Sun","aliases":[],"category":"Sonstige Spots","detail_map":"Colorado Springs","source_pages":"The Third Parallel, S. 10-39","map_source":"The Third Parallel","placement_note":"Nach Quellenbezug im Teilraum Colorado Springs angenähert","accuracy":"Teilraumzuordnung; Feinposition vorläufig","source_map":"denver-content","source_panel":"Colorado Springs","description_preview":"Shrine of the Sun ist ein in The Third Parallel belegter Schauplatz im Bereich Colorado Springs.","description_full":"Shrine of the Sun ist ein in The Third Parallel belegter Schauplatz im Bereich Colorado Springs. Die Position ist auf den belegten Stadt- oder Teilraum angenähert; eine hausgenaue Lage ist aus dem Datenmaterial nicht sicher ableitbar.","description_source":"The Third Parallel, S. 10-39","description_kind":"Ortsprofil","description_has_more":true,"detail_plans":[],"alternate_locations":[],"sources":[{"bookId":"third-parallel-sr6","title":"The Third Parallel","edition":"SR6","citation":"The Third Parallel, S. 10-39","purpose":"description"}],"map_sources":[],"editions":["SR6"],"edition_descriptions":{"SR6":{"kind":"Ortsprofil","preview":"Shrine of the Sun ist ein in The Third Parallel belegter Schauplatz im Bereich Colorado Springs.","full":"Shrine of the Sun ist ein in The Third Parallel belegter Schauplatz im Bereich Colorado Springs. Die Position ist auf den belegten Stadt- oder Teilraum angenähert; eine hausgenaue Lage ist aus dem Datenmaterial nicht sicher ableitbar.","hasMore":true,"hasExcerpt":true,"sources":[{"bookId":"third-parallel-sr6","title":"The Third Parallel","edition":"SR6","citation":"The Third Parallel, S. 10-39","purpose":"description"}]}}}},{"type":"Feature","geometry":{"type":"Point","coordinates":[-104.812381,39.978312]},"properties":{"id":25,"global_id":"denver:place:25-sitting-bull-shooting-range","name":"Sitting Bull Shooting Range","aliases":[],"category":"Sonstige Spots","detail_map":"Brighton","source_pages":"The Third Parallel, S. 10-39","map_source":"The Third Parallel","placement_note":"Nach Quellenbezug im Teilraum Brighton angenähert","accuracy":"Teilraumzuordnung; Feinposition vorläufig","source_map":"denver-content","source_panel":"Brighton","description_preview":"Sitting Bull Shooting Range ist ein in The Third Parallel belegter Schauplatz im Bereich Brighton.","description_full":"Sitting Bull Shooting Range ist ein in The Third Parallel belegter Schauplatz im Bereich Brighton. Die Position ist auf den belegten Stadt- oder Teilraum angenähert; eine hausgenaue Lage ist aus dem Datenmaterial nicht sicher ableitbar.","description_source":"The Third Parallel, S. 10-39","description_kind":"Ortsprofil","description_has_more":true,"detail_plans":[],"alternate_locations":[],"sources":[{"bookId":"third-parallel-sr6","title":"The Third Parallel","edition":"SR6","citation":"The Third Parallel, S. 10-39","purpose":"description"}],"map_sources":[],"editions":["SR6"],"edition_descriptions":{"SR6":{"kind":"Ortsprofil","preview":"Sitting Bull Shooting Range ist ein in The Third Parallel belegter Schauplatz im Bereich Brighton.","full":"Sitting Bull Shooting Range ist ein in The Third Parallel belegter Schauplatz im Bereich Brighton. Die Position ist auf den belegten Stadt- oder Teilraum angenähert; eine hausgenaue Lage ist aus dem Datenmaterial nicht sicher ableitbar.","hasMore":true,"hasExcerpt":true,"sources":[{"bookId":"third-parallel-sr6","title":"The Third Parallel","edition":"SR6","citation":"The Third Parallel, S. 10-39","purpose":"description"}]}}}},{"type":"Feature","geometry":{"type":"Point","coordinates":[-104.834594,39.726435]},"properties":{"id":12,"global_id":"denver:place:12-smoky-hill-marketplace","name":"Smoky Hill Marketplace","aliases":[],"category":"Einkaufen","detail_map":"Aurora Warrens","source_pages":"The Third Parallel - Denver Map, Nr. 26","map_source":"The Third Parallel","placement_note":"Nach Quellenbezug im Teilraum Aurora Warrens angenähert","accuracy":"Teilraumzuordnung; Feinposition vorläufig","source_map":"denver-content","source_panel":"Aurora Warrens","description_preview":"Smoky Hill Marketplace ist ein in The Third Parallel belegter Schauplatz im Bereich Aurora Warrens.","description_full":"Smoky Hill Marketplace ist ein in The Third Parallel belegter Schauplatz im Bereich Aurora Warrens. Die Position ist auf den belegten Stadt- oder Teilraum angenähert; eine hausgenaue Lage ist aus dem Datenmaterial nicht sicher ableitbar.","description_source":"The Third Parallel - Denver Map, Nr. 26","description_kind":"Ortsprofil","description_has_more":true,"detail_plans":[],"alternate_locations":[],"sources":[{"bookId":"third-parallel-sr6","title":"The Third Parallel","edition":"SR6","citation":"The Third Parallel - Denver Map, Nr. 26","purpose":"description"}],"map_sources":[],"editions":["SR6"],"edition_descriptions":{"SR6":{"kind":"Ortsprofil","preview":"Smoky Hill Marketplace ist ein in The Third Parallel belegter Schauplatz im Bereich Aurora Warrens.","full":"Smoky Hill Marketplace ist ein in The Third Parallel belegter Schauplatz im Bereich Aurora Warrens. Die Position ist auf den belegten Stadt- oder Teilraum angenähert; eine hausgenaue Lage ist aus dem Datenmaterial nicht sicher ableitbar.","hasMore":true,"hasExcerpt":true,"sources":[{"bookId":"third-parallel-sr6","title":"The Third Parallel","edition":"SR6","citation":"The Third Parallel - Denver Map, Nr. 26","purpose":"description"}]}},"map_number_sr6":26}},{"type":"Feature","geometry":{"type":"Point","coordinates":[-105.276491,40.016791]},"properties":{"id":18,"global_id":"denver:place:18-spiritech-headquarters","name":"SpiriTech Headquarters","aliases":[],"category":"Konzerne","detail_map":"Boulder","source_pages":"The Third Parallel, S. 10-39","map_source":"The Third Parallel","placement_note":"Nach Quellenbezug im Teilraum Boulder angenähert","accuracy":"Teilraumzuordnung; Feinposition vorläufig","source_map":"denver-content","source_panel":"Boulder","description_preview":"SpiriTech Headquarters ist ein in The Third Parallel belegter Schauplatz im Bereich Boulder.","description_full":"SpiriTech Headquarters ist ein in The Third Parallel belegter Schauplatz im Bereich Boulder. Die Position ist auf den belegten Stadt- oder Teilraum angenähert; eine hausgenaue Lage ist aus dem Datenmaterial nicht sicher ableitbar.","description_source":"The Third Parallel, S. 10-39","description_kind":"Ortsprofil","description_has_more":true,"detail_plans":[],"alternate_locations":[],"sources":[{"bookId":"third-parallel-sr6","title":"The Third Parallel","edition":"SR6","citation":"The Third Parallel, S. 10-39","purpose":"description"},{"bookId":"spy-games-sr4","title":"Spy Games","edition":"SR4","citation":"Spy Games, Denver-Kapitel S. 6-86","purpose":"description"}],"map_sources":[],"editions":["SR6","SR4"],"edition_descriptions":{"SR6":{"kind":"Ortsprofil","preview":"SpiriTech Headquarters ist ein in The Third Parallel belegter Schauplatz im Bereich Boulder.","full":"SpiriTech Headquarters ist ein in The Third Parallel belegter Schauplatz im Bereich Boulder. Die Position ist auf den belegten Stadt- oder Teilraum angenähert; eine hausgenaue Lage ist aus dem Datenmaterial nicht sicher ableitbar.","hasMore":true,"hasExcerpt":true,"sources":[{"bookId":"third-parallel-sr6","title":"The Third Parallel","edition":"SR6","citation":"The Third Parallel, S. 10-39","purpose":"description"}]},"SR4":{"kind":"Ortsprofil","preview":"SpiriTech verbindet in Denver arkanes Fachwissen mit Konzernforschung und gehört zu den lokal bedeutenden A-Konzernen.","full":"SpiriTech verbindet in Denver arkanes Fachwissen mit Konzernforschung und gehört zu den lokal bedeutenden A-Konzernen. Die Position ist auf den belegten Stadt- oder Teilraum angenähert; eine hausgenaue Lage ist aus dem Datenmaterial nicht sicher ableitbar.","hasMore":true,"hasExcerpt":true,"sources":[{"bookId":"spy-games-sr4","title":"Spy Games","edition":"SR4","citation":"Spy Games, Denver-Kapitel S. 6-86","purpose":"description"}]}}}},{"type":"Feature","geometry":{"type":"Point","coordinates":[-104.880755,39.777615]},"properties":{"id":95,"global_id":"denver:place:95-stapleton","name":"Stapleton","aliases":[],"category":"Bezirke","detail_map":"Stapleton","source_pages":"The Third Parallel, S. 10-39","map_source":"The Third Parallel","placement_note":"Lore-Bezirkszentrum Stapleton","accuracy":"Lore-Bezirk; Grenzebene separat geprüft","source_map":"denver-content","source_panel":"Stapleton","description_preview":"Stapleton ist der große, dünn besiedelte Ostdistrikt der FRFZ; außerhalb des stadtnahen Vorstadtbereichs dominieren abgeschirmte Konzernanlagen, Flughäfen und Forschungsstandorte.","description_full":"Stapleton ist der große, dünn besiedelte Ostdistrikt der FRFZ; außerhalb des stadtnahen Vorstadtbereichs dominieren abgeschirmte Konzernanlagen, Flughäfen und Forschungsstandorte. Die Zusammenfassung folgt dem Bezirkskapitel der angegebenen Edition; heutige Grenzen dienen nur der geografischen Einordnung.","description_source":"The Third Parallel, S. 10-39","description_kind":"Bezirksprofil","description_has_more":true,"detail_plans":[],"alternate_locations":[],"sources":[{"bookId":"third-parallel-sr6","title":"The Third Parallel","edition":"SR6","citation":"The Third Parallel, S. 10-39","purpose":"description"}],"map_sources":[],"editions":["SR6"],"edition_descriptions":{"SR6":{"kind":"Bezirksprofil","preview":"Stapleton ist der große, dünn besiedelte Ostdistrikt der FRFZ; außerhalb des stadtnahen Vorstadtbereichs dominieren abgeschirmte Konzernanlagen, Flughäfen und Forschungsstandorte.","full":"Stapleton ist der große, dünn besiedelte Ostdistrikt der FRFZ; außerhalb des stadtnahen Vorstadtbereichs dominieren abgeschirmte Konzernanlagen, Flughäfen und Forschungsstandorte. Die Zusammenfassung folgt dem Bezirkskapitel der angegebenen Edition; heutige Grenzen dienen nur der geografischen Einordnung.","hasMore":true,"hasExcerpt":true,"sources":[{"bookId":"third-parallel-sr6","title":"The Third Parallel","edition":"SR6","citation":"The Third Parallel, S. 10-39","purpose":"description"}]}}}},{"type":"Feature","geometry":{"type":"Point","coordinates":[-104.879938,39.77807]},"properties":{"id":105,"global_id":"denver:place:105-stapleton-airport","name":"Stapleton Airport","aliases":[],"category":"Verkehr","detail_map":"Stapleton","source_pages":"The Third Parallel, S. 10-39","map_source":"The Third Parallel","placement_note":"Nach Quellenbezug im Teilraum Stapleton angenähert","accuracy":"Teilraumzuordnung; Feinposition vorläufig","source_map":"denver-content","source_panel":"Stapleton","description_preview":"Stapleton Airport ist ein in The Third Parallel belegter Schauplatz im Bereich Stapleton.","description_full":"Stapleton Airport ist ein in The Third Parallel belegter Schauplatz im Bereich Stapleton. Die Position ist auf den belegten Stadt- oder Teilraum angenähert; eine hausgenaue Lage ist aus dem Datenmaterial nicht sicher ableitbar.","description_source":"The Third Parallel, S. 10-39","description_kind":"Ortsprofil","description_has_more":true,"detail_plans":[],"alternate_locations":[],"sources":[{"bookId":"third-parallel-sr6","title":"The Third Parallel","edition":"SR6","citation":"The Third Parallel, S. 10-39","purpose":"description"}],"map_sources":[],"editions":["SR6"],"edition_descriptions":{"SR6":{"kind":"Ortsprofil","preview":"Stapleton Airport ist ein in The Third Parallel belegter Schauplatz im Bereich Stapleton.","full":"Stapleton Airport ist ein in The Third Parallel belegter Schauplatz im Bereich Stapleton. Die Position ist auf den belegten Stadt- oder Teilraum angenähert; eine hausgenaue Lage ist aus dem Datenmaterial nicht sicher ableitbar.","hasMore":true,"hasExcerpt":true,"sources":[{"bookId":"third-parallel-sr6","title":"The Third Parallel","edition":"SR6","citation":"The Third Parallel, S. 10-39","purpose":"description"}]}}}},{"type":"Feature","geometry":{"type":"Point","coordinates":[-104.992136,39.743804]},"properties":{"id":160,"global_id":"denver:place:160-state-capitol-building","name":"State Capitol Building","aliases":[],"category":"Sonstige Spots","detail_map":"Aztlan Sector","source_pages":"Denver: The City of Shadows, Abschnitt Aztlan Sector","map_source":"Denver: The City of Shadows","placement_note":"Nach Quellenbezug im Teilraum Aztlan Sector angenähert","accuracy":"Teilraumzuordnung; Feinposition vorläufig","source_map":"denver-content","source_panel":"Aztlan Sector","description_preview":"State Capitol Building ist ein in Denver: The City of Shadows belegter Schauplatz im Bereich Aztlan Sector.","description_full":"State Capitol Building ist ein in Denver: The City of Shadows belegter Schauplatz im Bereich Aztlan Sector. Die Position ist auf den belegten Stadt- oder Teilraum angenähert; eine hausgenaue Lage ist aus dem Datenmaterial nicht sicher ableitbar.","description_source":"Denver: The City of Shadows, Abschnitt Aztlan Sector","description_kind":"Ortsprofil","description_has_more":true,"detail_plans":[],"alternate_locations":[],"sources":[{"bookId":"denver-city-shadows-sr2","title":"Denver: The City of Shadows","edition":"SR2","citation":"Denver: The City of Shadows, Abschnitt Aztlan Sector","purpose":"description"}],"map_sources":[],"editions":["SR2"],"edition_descriptions":{"SR2":{"kind":"Ortsprofil","preview":"State Capitol Building ist ein in Denver: The City of Shadows belegter Schauplatz im Bereich Aztlan Sector.","full":"State Capitol Building ist ein in Denver: The City of Shadows belegter Schauplatz im Bereich Aztlan Sector. Die Position ist auf den belegten Stadt- oder Teilraum angenähert; eine hausgenaue Lage ist aus dem Datenmaterial nicht sicher ableitbar.","hasMore":true,"hasExcerpt":true,"sources":[{"bookId":"denver-city-shadows-sr2","title":"Denver: The City of Shadows","edition":"SR2","citation":"Denver: The City of Shadows, Abschnitt Aztlan Sector","purpose":"description"}]}}}},{"type":"Feature","geometry":{"type":"Point","coordinates":[-104.848157,39.3684]},"properties":{"id":36,"global_id":"denver:place:36-stonegate-judicial-complex","name":"Stonegate Judicial Complex","aliases":[],"category":"Sicherheit und Justiz","detail_map":"Castle Rock","source_pages":"The Third Parallel, S. 10-39","map_source":"The Third Parallel","placement_note":"Nach Quellenbezug im Teilraum Castle Rock angenähert","accuracy":"Teilraumzuordnung; Feinposition vorläufig","source_map":"denver-content","source_panel":"Castle Rock","description_preview":"Stonegate Judicial Complex ist ein in The Third Parallel belegter Schauplatz im Bereich Castle Rock.","description_full":"Stonegate Judicial Complex ist ein in The Third Parallel belegter Schauplatz im Bereich Castle Rock. Die Position ist auf den belegten Stadt- oder Teilraum angenähert; eine hausgenaue Lage ist aus dem Datenmaterial nicht sicher ableitbar.","description_source":"The Third Parallel, S. 10-39","description_kind":"Ortsprofil","description_has_more":true,"detail_plans":[],"alternate_locations":[],"sources":[{"bookId":"third-parallel-sr6","title":"The Third Parallel","edition":"SR6","citation":"The Third Parallel, S. 10-39","purpose":"description"}],"map_sources":[],"editions":["SR6"],"edition_descriptions":{"SR6":{"kind":"Ortsprofil","preview":"Stonegate Judicial Complex ist ein in The Third Parallel belegter Schauplatz im Bereich Castle Rock.","full":"Stonegate Judicial Complex ist ein in The Third Parallel belegter Schauplatz im Bereich Castle Rock. Die Position ist auf den belegten Stadt- oder Teilraum angenähert; eine hausgenaue Lage ist aus dem Datenmaterial nicht sicher ableitbar.","hasMore":true,"hasExcerpt":true,"sources":[{"bookId":"third-parallel-sr6","title":"The Third Parallel","edition":"SR6","citation":"The Third Parallel, S. 10-39","purpose":"description"}]}}}},{"type":"Feature","geometry":{"type":"Point","coordinates":[-104.958142,39.632171]},"properties":{"id":162,"global_id":"denver:place:162-stouffer-concourse-hotel","name":"Stouffer Concourse Hotel","aliases":[],"category":"Hotels","detail_map":"CAS Sector","source_pages":"Denver: The City of Shadows, Abschnitt CAS Sector","map_source":"Denver: The City of Shadows","placement_note":"Nach Quellenbezug im Teilraum CAS Sector angenähert","accuracy":"Teilraumzuordnung; Feinposition vorläufig","source_map":"denver-content","source_panel":"CAS Sector","description_preview":"Stouffer Concourse Hotel ist ein in Denver: The City of Shadows belegter Schauplatz im Bereich CAS Sector.","description_full":"Stouffer Concourse Hotel ist ein in Denver: The City of Shadows belegter Schauplatz im Bereich CAS Sector. Die Position ist auf den belegten Stadt- oder Teilraum angenähert; eine hausgenaue Lage ist aus dem Datenmaterial nicht sicher ableitbar.","description_source":"Denver: The City of Shadows, Abschnitt CAS Sector","description_kind":"Ortsprofil","description_has_more":true,"detail_plans":[],"alternate_locations":[],"sources":[{"bookId":"denver-city-shadows-sr2","title":"Denver: The City of Shadows","edition":"SR2","citation":"Denver: The City of Shadows, Abschnitt CAS Sector","purpose":"description"}],"map_sources":[],"editions":["SR2"],"edition_descriptions":{"SR2":{"kind":"Ortsprofil","preview":"Stouffer Concourse Hotel ist ein in Denver: The City of Shadows belegter Schauplatz im Bereich CAS Sector.","full":"Stouffer Concourse Hotel ist ein in Denver: The City of Shadows belegter Schauplatz im Bereich CAS Sector. Die Position ist auf den belegten Stadt- oder Teilraum angenähert; eine hausgenaue Lage ist aus dem Datenmaterial nicht sicher ableitbar.","hasMore":true,"hasExcerpt":true,"sources":[{"bookId":"denver-city-shadows-sr2","title":"Denver: The City of Shadows","edition":"SR2","citation":"Denver: The City of Shadows, Abschnitt CAS Sector","purpose":"description"}]}}}},{"type":"Feature","geometry":{"type":"Point","coordinates":[-105.083904,39.794622]},"properties":{"id":6,"global_id":"denver:place:6-table-mountain-prison-complex","name":"Table Mountain Prison Complex","aliases":[],"category":"Sicherheit und Justiz","detail_map":"Arvada","source_pages":"The Third Parallel, S. 10-39","map_source":"The Third Parallel","placement_note":"Nach Quellenbezug im Teilraum Arvada angenähert","accuracy":"Teilraumzuordnung; Feinposition vorläufig","source_map":"denver-content","source_panel":"Arvada","description_preview":"Table Mountain Prison Complex ist ein in The Third Parallel belegter Schauplatz im Bereich Arvada.","description_full":"Table Mountain Prison Complex ist ein in The Third Parallel belegter Schauplatz im Bereich Arvada. Die Position ist auf den belegten Stadt- oder Teilraum angenähert; eine hausgenaue Lage ist aus dem Datenmaterial nicht sicher ableitbar.","description_source":"The Third Parallel, S. 10-39","description_kind":"Ortsprofil","description_has_more":true,"detail_plans":[],"alternate_locations":[],"sources":[{"bookId":"third-parallel-sr6","title":"The Third Parallel","edition":"SR6","citation":"The Third Parallel, S. 10-39","purpose":"description"}],"map_sources":[],"editions":["SR6"],"edition_descriptions":{"SR6":{"kind":"Ortsprofil","preview":"Table Mountain Prison Complex ist ein in The Third Parallel belegter Schauplatz im Bereich Arvada.","full":"Table Mountain Prison Complex ist ein in The Third Parallel belegter Schauplatz im Bereich Arvada. Die Position ist auf den belegten Stadt- oder Teilraum angenähert; eine hausgenaue Lage ist aus dem Datenmaterial nicht sicher ableitbar.","hasMore":true,"hasExcerpt":true,"sources":[{"bookId":"third-parallel-sr6","title":"The Third Parallel","edition":"SR6","citation":"The Third Parallel, S. 10-39","purpose":"description"}]}}}},{"type":"Feature","geometry":{"type":"Point","coordinates":[-105.100375,39.696615]},"properties":{"id":169,"global_id":"denver:place:169-tablelands-restaurant","name":"Tablelands Restaurant","aliases":[],"category":"Restaurants","detail_map":"Pueblo Sector","source_pages":"Denver: The City of Shadows, Abschnitt Pueblo Sector","map_source":"Denver: The City of Shadows","placement_note":"Nach Quellenbezug im Teilraum Pueblo Sector angenähert","accuracy":"Teilraumzuordnung; Feinposition vorläufig","source_map":"denver-content","source_panel":"Pueblo Sector","description_preview":"Tablelands Restaurant ist ein in Denver: The City of Shadows belegter Schauplatz im Bereich Pueblo Sector.","description_full":"Tablelands Restaurant ist ein in Denver: The City of Shadows belegter Schauplatz im Bereich Pueblo Sector. Die Position ist auf den belegten Stadt- oder Teilraum angenähert; eine hausgenaue Lage ist aus dem Datenmaterial nicht sicher ableitbar.","description_source":"Denver: The City of Shadows, Abschnitt Pueblo Sector","description_kind":"Ortsprofil","description_has_more":true,"detail_plans":[],"alternate_locations":[],"sources":[{"bookId":"denver-city-shadows-sr2","title":"Denver: The City of Shadows","edition":"SR2","citation":"Denver: The City of Shadows, Abschnitt Pueblo Sector","purpose":"description"}],"map_sources":[],"editions":["SR2"],"edition_descriptions":{"SR2":{"kind":"Ortsprofil","preview":"Tablelands Restaurant ist ein in Denver: The City of Shadows belegter Schauplatz im Bereich Pueblo Sector.","full":"Tablelands Restaurant ist ein in Denver: The City of Shadows belegter Schauplatz im Bereich Pueblo Sector. Die Position ist auf den belegten Stadt- oder Teilraum angenähert; eine hausgenaue Lage ist aus dem Datenmaterial nicht sicher ableitbar.","hasMore":true,"hasExcerpt":true,"sources":[{"bookId":"denver-city-shadows-sr2","title":"Denver: The City of Shadows","edition":"SR2","citation":"Denver: The City of Shadows, Abschnitt Pueblo Sector","purpose":"description"}]}}}},{"type":"Feature","geometry":{"type":"Point","coordinates":[-104.816577,38.838027]},"properties":{"id":59,"global_id":"denver:place:59-tesla-experimental-station","name":"Tesla Experimental Station","aliases":[],"category":"Verkehr","detail_map":"Colorado Springs","source_pages":"The Third Parallel, S. 10-39","map_source":"The Third Parallel","placement_note":"Nach Quellenbezug im Teilraum Colorado Springs angenähert","accuracy":"Teilraumzuordnung; Feinposition vorläufig","source_map":"denver-content","source_panel":"Colorado Springs","description_preview":"Tesla Experimental Station ist ein in The Third Parallel belegter Schauplatz im Bereich Colorado Springs.","description_full":"Tesla Experimental Station ist ein in The Third Parallel belegter Schauplatz im Bereich Colorado Springs. Die Position ist auf den belegten Stadt- oder Teilraum angenähert; eine hausgenaue Lage ist aus dem Datenmaterial nicht sicher ableitbar.","description_source":"The Third Parallel, S. 10-39","description_kind":"Ortsprofil","description_has_more":true,"detail_plans":[],"alternate_locations":[],"sources":[{"bookId":"third-parallel-sr6","title":"The Third Parallel","edition":"SR6","citation":"The Third Parallel, S. 10-39","purpose":"description"}],"map_sources":[],"editions":["SR6"],"edition_descriptions":{"SR6":{"kind":"Ortsprofil","preview":"Tesla Experimental Station ist ein in The Third Parallel belegter Schauplatz im Bereich Colorado Springs.","full":"Tesla Experimental Station ist ein in The Third Parallel belegter Schauplatz im Bereich Colorado Springs. Die Position ist auf den belegten Stadt- oder Teilraum angenähert; eine hausgenaue Lage ist aus dem Datenmaterial nicht sicher ableitbar.","hasMore":true,"hasExcerpt":true,"sources":[{"bookId":"third-parallel-sr6","title":"The Third Parallel","edition":"SR6","citation":"The Third Parallel, S. 10-39","purpose":"description"}]}}}},{"type":"Feature","geometry":{"type":"Point","coordinates":[-104.996167,39.740513]},"properties":{"id":215,"global_id":"denver:place:215-the-black-canyon","name":"The Black Canyon","aliases":[],"category":"Matrix und Metaplanes","detail_map":"The Hub","source_pages":"Denver Adventure Trilogy, metaplanare Schauplätze","map_source":"Denver Adventure Trilogy","placement_note":"Nach Quellenbezug im Teilraum The Hub angenähert","accuracy":"Teilraumzuordnung; Feinposition vorläufig","source_map":"denver-content","source_panel":"The Hub","description_preview":"The Black Canyon ist ein in Denver Adventure Trilogy belegter Schauplatz im Bereich The Hub.","description_full":"The Black Canyon ist ein in Denver Adventure Trilogy belegter Schauplatz im Bereich The Hub. Die Position ist auf den belegten Stadt- oder Teilraum angenähert; eine hausgenaue Lage ist aus dem Datenmaterial nicht sicher ableitbar.","description_source":"Denver Adventure Trilogy, metaplanare Schauplätze","description_kind":"Ortsprofil","description_has_more":true,"detail_plans":[],"alternate_locations":[],"sources":[{"bookId":"denver-trilogy-sr5","title":"Denver Adventure Trilogy","edition":"SR5","citation":"Denver Adventure Trilogy, metaplanare Schauplätze","purpose":"description"}],"map_sources":[],"editions":["SR5"],"edition_descriptions":{"SR5":{"kind":"Ortsprofil","preview":"The Black Canyon ist ein in Denver Adventure Trilogy belegter Schauplatz im Bereich The Hub.","full":"The Black Canyon ist ein in Denver Adventure Trilogy belegter Schauplatz im Bereich The Hub. Die Position ist auf den belegten Stadt- oder Teilraum angenähert; eine hausgenaue Lage ist aus dem Datenmaterial nicht sicher ableitbar.","hasMore":true,"hasExcerpt":true,"sources":[{"bookId":"denver-trilogy-sr5","title":"Denver Adventure Trilogy","edition":"SR5","citation":"Denver Adventure Trilogy, metaplanare Schauplätze","purpose":"description"}]}}}},{"type":"Feature","geometry":{"type":"Point","coordinates":[-104.984363,39.748066]},"properties":{"id":216,"global_id":"denver:place:216-the-broken-heart","name":"The Broken Heart","aliases":[],"category":"Matrix und Metaplanes","detail_map":"The Hub","source_pages":"Denver Adventure Trilogy, metaplanare Schauplätze","map_source":"Denver Adventure Trilogy","placement_note":"Nach Quellenbezug im Teilraum The Hub angenähert","accuracy":"Teilraumzuordnung; Feinposition vorläufig","source_map":"denver-content","source_panel":"The Hub","description_preview":"The Broken Heart ist ein in Denver Adventure Trilogy belegter Schauplatz im Bereich The Hub.","description_full":"The Broken Heart ist ein in Denver Adventure Trilogy belegter Schauplatz im Bereich The Hub. Die Position ist auf den belegten Stadt- oder Teilraum angenähert; eine hausgenaue Lage ist aus dem Datenmaterial nicht sicher ableitbar.","description_source":"Denver Adventure Trilogy, metaplanare Schauplätze","description_kind":"Ortsprofil","description_has_more":true,"detail_plans":[],"alternate_locations":[],"sources":[{"bookId":"denver-trilogy-sr5","title":"Denver Adventure Trilogy","edition":"SR5","citation":"Denver Adventure Trilogy, metaplanare Schauplätze","purpose":"description"}],"map_sources":[],"editions":["SR5"],"edition_descriptions":{"SR5":{"kind":"Ortsprofil","preview":"The Broken Heart ist ein in Denver Adventure Trilogy belegter Schauplatz im Bereich The Hub.","full":"The Broken Heart ist ein in Denver Adventure Trilogy belegter Schauplatz im Bereich The Hub. Die Position ist auf den belegten Stadt- oder Teilraum angenähert; eine hausgenaue Lage ist aus dem Datenmaterial nicht sicher ableitbar.","hasMore":true,"hasExcerpt":true,"sources":[{"bookId":"denver-trilogy-sr5","title":"Denver Adventure Trilogy","edition":"SR5","citation":"Denver Adventure Trilogy, metaplanare Schauplätze","purpose":"description"}]}}}},{"type":"Feature","geometry":{"type":"Point","coordinates":[-105.136753,39.727276]},"properties":{"id":193,"global_id":"denver:place:193-the-buckhorn","name":"The Buckhorn","aliases":[],"category":"Sonstige Spots","detail_map":"Ute Sector","source_pages":"Denver: The City of Shadows, Abschnitt Ute Sector","map_source":"Denver: The City of Shadows","placement_note":"Nach Quellenbezug im Teilraum Ute Sector angenähert","accuracy":"Teilraumzuordnung; Feinposition vorläufig","source_map":"denver-content","source_panel":"Ute Sector","description_preview":"The Buckhorn ist ein in Denver: The City of Shadows belegter Schauplatz im Bereich Ute Sector.","description_full":"The Buckhorn ist ein in Denver: The City of Shadows belegter Schauplatz im Bereich Ute Sector. Die Position ist auf den belegten Stadt- oder Teilraum angenähert; eine hausgenaue Lage ist aus dem Datenmaterial nicht sicher ableitbar.","description_source":"Denver: The City of Shadows, Abschnitt Ute Sector","description_kind":"Ortsprofil","description_has_more":true,"detail_plans":[],"alternate_locations":[],"sources":[{"bookId":"denver-city-shadows-sr2","title":"Denver: The City of Shadows","edition":"SR2","citation":"Denver: The City of Shadows, Abschnitt Ute Sector","purpose":"description"}],"map_sources":[],"editions":["SR2"],"edition_descriptions":{"SR2":{"kind":"Ortsprofil","preview":"The Buckhorn ist ein in Denver: The City of Shadows belegter Schauplatz im Bereich Ute Sector.","full":"The Buckhorn ist ein in Denver: The City of Shadows belegter Schauplatz im Bereich Ute Sector. Die Position ist auf den belegten Stadt- oder Teilraum angenähert; eine hausgenaue Lage ist aus dem Datenmaterial nicht sicher ableitbar.","hasMore":true,"hasExcerpt":true,"sources":[{"bookId":"denver-city-shadows-sr2","title":"Denver: The City of Shadows","edition":"SR2","citation":"Denver: The City of Shadows, Abschnitt Ute Sector","purpose":"description"}]}}}},{"type":"Feature","geometry":{"type":"Point","coordinates":[-104.992733,39.742352]},"properties":{"id":136,"global_id":"denver:place:136-the-church","name":"The Church","aliases":[],"category":"Bars und Clubs","detail_map":"The Hub","source_pages":"The Third Parallel, S. 10-39","map_source":"The Third Parallel","placement_note":"Nach Quellenbezug im Teilraum The Hub angenähert","accuracy":"Teilraumzuordnung; Feinposition vorläufig","source_map":"denver-content","source_panel":"The Hub","description_preview":"The Church ist ein in The Third Parallel belegter Schauplatz im Bereich The Hub.","description_full":"The Church ist ein in The Third Parallel belegter Schauplatz im Bereich The Hub. Die Position ist auf den belegten Stadt- oder Teilraum angenähert; eine hausgenaue Lage ist aus dem Datenmaterial nicht sicher ableitbar.","description_source":"The Third Parallel, S. 10-39","description_kind":"Ortsprofil","description_has_more":true,"detail_plans":[],"alternate_locations":[],"sources":[{"bookId":"third-parallel-sr6","title":"The Third Parallel","edition":"SR6","citation":"The Third Parallel, S. 10-39","purpose":"description"}],"map_sources":[],"editions":["SR6"],"edition_descriptions":{"SR6":{"kind":"Ortsprofil","preview":"The Church ist ein in The Third Parallel belegter Schauplatz im Bereich The Hub.","full":"The Church ist ein in The Third Parallel belegter Schauplatz im Bereich The Hub. Die Position ist auf den belegten Stadt- oder Teilraum angenähert; eine hausgenaue Lage ist aus dem Datenmaterial nicht sicher ableitbar.","hasMore":true,"hasExcerpt":true,"sources":[{"bookId":"third-parallel-sr6","title":"The Third Parallel","edition":"SR6","citation":"The Third Parallel, S. 10-39","purpose":"description"}]}}}},{"type":"Feature","geometry":{"type":"Point","coordinates":[-104.982481,39.754501]},"properties":{"id":186,"global_id":"denver:place:186-the-digs","name":"The Digs","aliases":[],"category":"Sonstige Spots","detail_map":"UCAS Sector","source_pages":"Denver: The City of Shadows, Abschnitt UCAS Sector","map_source":"Denver: The City of Shadows","placement_note":"Nach Quellenbezug im Teilraum UCAS Sector angenähert","accuracy":"Teilraumzuordnung; Feinposition vorläufig","source_map":"denver-content","source_panel":"UCAS Sector","description_preview":"The Digs ist ein in Denver: The City of Shadows belegter Schauplatz im Bereich UCAS Sector.","description_full":"The Digs ist ein in Denver: The City of Shadows belegter Schauplatz im Bereich UCAS Sector. Die Position ist auf den belegten Stadt- oder Teilraum angenähert; eine hausgenaue Lage ist aus dem Datenmaterial nicht sicher ableitbar.","description_source":"Denver: The City of Shadows, Abschnitt UCAS Sector","description_kind":"Ortsprofil","description_has_more":true,"detail_plans":[],"alternate_locations":[],"sources":[{"bookId":"denver-city-shadows-sr2","title":"Denver: The City of Shadows","edition":"SR2","citation":"Denver: The City of Shadows, Abschnitt UCAS Sector","purpose":"description"}],"map_sources":[],"editions":["SR2"],"edition_descriptions":{"SR2":{"kind":"Ortsprofil","preview":"The Digs ist ein in Denver: The City of Shadows belegter Schauplatz im Bereich UCAS Sector.","full":"The Digs ist ein in Denver: The City of Shadows belegter Schauplatz im Bereich UCAS Sector. Die Position ist auf den belegten Stadt- oder Teilraum angenähert; eine hausgenaue Lage ist aus dem Datenmaterial nicht sicher ableitbar.","hasMore":true,"hasExcerpt":true,"sources":[{"bookId":"denver-city-shadows-sr2","title":"Denver: The City of Shadows","edition":"SR2","citation":"Denver: The City of Shadows, Abschnitt UCAS Sector","purpose":"description"}]}}}},{"type":"Feature","geometry":{"type":"Point","coordinates":[-104.946999,39.445442]},"properties":{"id":106,"global_id":"denver:place:106-the-gap","name":"The Gap","aliases":[],"category":"Bezirke","detail_map":"The Gap","source_pages":"The Third Parallel, S. 10-39","map_source":"The Third Parallel","placement_note":"Lore-Bezirkszentrum The Gap","accuracy":"Lore-Bezirk; Grenzebene separat geprüft","source_map":"denver-content","source_panel":"The Gap","description_preview":"The Gap ist der fast menschenleere Korridor zwischen Castle Rock und Colorado Springs, im Wesentlichen von der Interstate 25, wilden Geistern und mobilen Go-Gangs geprägt.","description_full":"The Gap ist der fast menschenleere Korridor zwischen Castle Rock und Colorado Springs, im Wesentlichen von der Interstate 25, wilden Geistern und mobilen Go-Gangs geprägt. Die Zusammenfassung folgt dem Bezirkskapitel der angegebenen Edition; heutige Grenzen dienen nur der geografischen Einordnung.","description_source":"The Third Parallel, S. 10-39","description_kind":"Bezirksprofil","description_has_more":true,"detail_plans":[],"alternate_locations":[],"sources":[{"bookId":"third-parallel-sr6","title":"The Third Parallel","edition":"SR6","citation":"The Third Parallel, S. 10-39","purpose":"description"}],"map_sources":[],"editions":["SR6"],"edition_descriptions":{"SR6":{"kind":"Bezirksprofil","preview":"The Gap ist der fast menschenleere Korridor zwischen Castle Rock und Colorado Springs, im Wesentlichen von der Interstate 25, wilden Geistern und mobilen Go-Gangs geprägt.","full":"The Gap ist der fast menschenleere Korridor zwischen Castle Rock und Colorado Springs, im Wesentlichen von der Interstate 25, wilden Geistern und mobilen Go-Gangs geprägt. Die Zusammenfassung folgt dem Bezirkskapitel der angegebenen Edition; heutige Grenzen dienen nur der geografischen Einordnung.","hasMore":true,"hasExcerpt":true,"sources":[{"bookId":"third-parallel-sr6","title":"The Third Parallel","edition":"SR6","citation":"The Third Parallel, S. 10-39","purpose":"description"}]}}}},{"type":"Feature","geometry":{"type":"Point","coordinates":[-104.986798,39.745128]},"properties":{"id":137,"global_id":"denver:place:137-the-grind","name":"The Grind","aliases":[],"category":"Bars und Clubs","detail_map":"The Hub","source_pages":"The Third Parallel, S. 10-39","map_source":"The Third Parallel","placement_note":"Nach Quellenbezug im Teilraum The Hub angenähert","accuracy":"Teilraumzuordnung; Feinposition vorläufig","source_map":"denver-content","source_panel":"The Hub","description_preview":"The Grind ist ein in The Third Parallel belegter Schauplatz im Bereich The Hub.","description_full":"The Grind ist ein in The Third Parallel belegter Schauplatz im Bereich The Hub. Die Position ist auf den belegten Stadt- oder Teilraum angenähert; eine hausgenaue Lage ist aus dem Datenmaterial nicht sicher ableitbar.","description_source":"The Third Parallel, S. 10-39","description_kind":"Ortsprofil","description_has_more":true,"detail_plans":[],"alternate_locations":[],"sources":[{"bookId":"third-parallel-sr6","title":"The Third Parallel","edition":"SR6","citation":"The Third Parallel, S. 10-39","purpose":"description"}],"map_sources":[],"editions":["SR6"],"edition_descriptions":{"SR6":{"kind":"Ortsprofil","preview":"The Grind ist ein in The Third Parallel belegter Schauplatz im Bereich The Hub.","full":"The Grind ist ein in The Third Parallel belegter Schauplatz im Bereich The Hub. Die Position ist auf den belegten Stadt- oder Teilraum angenähert; eine hausgenaue Lage ist aus dem Datenmaterial nicht sicher ableitbar.","hasMore":true,"hasExcerpt":true,"sources":[{"bookId":"third-parallel-sr6","title":"The Third Parallel","edition":"SR6","citation":"The Third Parallel, S. 10-39","purpose":"description"}]}}}},{"type":"Feature","geometry":{"type":"Point","coordinates":[-104.993863,39.740678]},"properties":{"id":107,"global_id":"denver:place:107-the-hub","name":"The Hub","aliases":[],"category":"Bezirke","detail_map":"The Hub","source_pages":"The Third Parallel, S. 10-39","map_source":"The Third Parallel","placement_note":"Lore-Bezirkszentrum The Hub","accuracy":"Lore-Bezirk; Grenzebene separat geprüft","source_map":"denver-content","source_panel":"The Hub","description_preview":"The Hub ist Ghostwalkers dichtes politisches, wirtschaftliches und spirituelles Machtzentrum mit Zonenrat, Verwaltung, Konzernniederlassungen und außergewöhnlich vielfältiger Geisterpräsenz.","description_full":"The Hub ist Ghostwalkers dichtes politisches, wirtschaftliches und spirituelles Machtzentrum mit Zonenrat, Verwaltung, Konzernniederlassungen und außergewöhnlich vielfältiger Geisterpräsenz. Die Zusammenfassung folgt dem Bezirkskapitel der angegebenen Edition; heutige Grenzen dienen nur der geografischen Einordnung.","description_source":"The Third Parallel, S. 10-39","description_kind":"Bezirksprofil","description_has_more":true,"detail_plans":[],"alternate_locations":[],"sources":[{"bookId":"third-parallel-sr6","title":"The Third Parallel","edition":"SR6","citation":"The Third Parallel, S. 10-39","purpose":"description"}],"map_sources":[],"editions":["SR6"],"edition_descriptions":{"SR6":{"kind":"Bezirksprofil","preview":"The Hub ist Ghostwalkers dichtes politisches, wirtschaftliches und spirituelles Machtzentrum mit Zonenrat, Verwaltung, Konzernniederlassungen und außergewöhnlich vielfältiger Geisterpräsenz.","full":"The Hub ist Ghostwalkers dichtes politisches, wirtschaftliches und spirituelles Machtzentrum mit Zonenrat, Verwaltung, Konzernniederlassungen und außergewöhnlich vielfältiger Geisterpräsenz. Die Zusammenfassung folgt dem Bezirkskapitel der angegebenen Edition; heutige Grenzen dienen nur der geografischen Einordnung.","hasMore":true,"hasExcerpt":true,"sources":[{"bookId":"third-parallel-sr6","title":"The Third Parallel","edition":"SR6","citation":"The Third Parallel, S. 10-39","purpose":"description"}]}}}},{"type":"Feature","geometry":{"type":"Point","coordinates":[-104.982102,39.738474]},"properties":{"id":217,"global_id":"denver:place:217-the-iron-horse-nation","name":"The Iron Horse Nation","aliases":[],"category":"Matrix und Metaplanes","detail_map":"The Hub","source_pages":"Denver Adventure Trilogy, metaplanare Schauplätze","map_source":"Denver Adventure Trilogy","placement_note":"Nach Quellenbezug im Teilraum The Hub angenähert","accuracy":"Teilraumzuordnung; Feinposition vorläufig","source_map":"denver-content","source_panel":"The Hub","description_preview":"The Iron Horse Nation ist ein in Denver Adventure Trilogy belegter Schauplatz im Bereich The Hub.","description_full":"The Iron Horse Nation ist ein in Denver Adventure Trilogy belegter Schauplatz im Bereich The Hub. Die Position ist auf den belegten Stadt- oder Teilraum angenähert; eine hausgenaue Lage ist aus dem Datenmaterial nicht sicher ableitbar.","description_source":"Denver Adventure Trilogy, metaplanare Schauplätze","description_kind":"Ortsprofil","description_has_more":true,"detail_plans":[],"alternate_locations":[],"sources":[{"bookId":"denver-trilogy-sr5","title":"Denver Adventure Trilogy","edition":"SR5","citation":"Denver Adventure Trilogy, metaplanare Schauplätze","purpose":"description"}],"map_sources":[],"editions":["SR5"],"edition_descriptions":{"SR5":{"kind":"Ortsprofil","preview":"The Iron Horse Nation ist ein in Denver Adventure Trilogy belegter Schauplatz im Bereich The Hub.","full":"The Iron Horse Nation ist ein in Denver Adventure Trilogy belegter Schauplatz im Bereich The Hub. Die Position ist auf den belegten Stadt- oder Teilraum angenähert; eine hausgenaue Lage ist aus dem Datenmaterial nicht sicher ableitbar.","hasMore":true,"hasExcerpt":true,"sources":[{"bookId":"denver-trilogy-sr5","title":"Denver Adventure Trilogy","edition":"SR5","citation":"Denver Adventure Trilogy, metaplanare Schauplätze","purpose":"description"}]}}}},{"type":"Feature","geometry":{"type":"Point","coordinates":[-104.990959,39.747414]},"properties":{"id":218,"global_id":"denver:place:218-the-mile-high-realm","name":"The Mile High Realm","aliases":[],"category":"Matrix und Metaplanes","detail_map":"The Hub","source_pages":"Denver Adventure Trilogy, metaplanare Schauplätze","map_source":"Denver Adventure Trilogy","placement_note":"Nach Quellenbezug im Teilraum The Hub angenähert","accuracy":"Teilraumzuordnung; Feinposition vorläufig","source_map":"denver-content","source_panel":"The Hub","description_preview":"The Mile High Realm ist ein in Denver Adventure Trilogy belegter Schauplatz im Bereich The Hub.","description_full":"The Mile High Realm ist ein in Denver Adventure Trilogy belegter Schauplatz im Bereich The Hub. Die Position ist auf den belegten Stadt- oder Teilraum angenähert; eine hausgenaue Lage ist aus dem Datenmaterial nicht sicher ableitbar.","description_source":"Denver Adventure Trilogy, metaplanare Schauplätze","description_kind":"Ortsprofil","description_has_more":true,"detail_plans":[],"alternate_locations":[],"sources":[{"bookId":"denver-trilogy-sr5","title":"Denver Adventure Trilogy","edition":"SR5","citation":"Denver Adventure Trilogy, metaplanare Schauplätze","purpose":"description"}],"map_sources":[],"editions":["SR5"],"edition_descriptions":{"SR5":{"kind":"Ortsprofil","preview":"The Mile High Realm ist ein in Denver Adventure Trilogy belegter Schauplatz im Bereich The Hub.","full":"The Mile High Realm ist ein in Denver Adventure Trilogy belegter Schauplatz im Bereich The Hub. Die Position ist auf den belegten Stadt- oder Teilraum angenähert; eine hausgenaue Lage ist aus dem Datenmaterial nicht sicher ableitbar.","hasMore":true,"hasExcerpt":true,"sources":[{"bookId":"denver-trilogy-sr5","title":"Denver Adventure Trilogy","edition":"SR5","citation":"Denver Adventure Trilogy, metaplanare Schauplätze","purpose":"description"}]}}}},{"type":"Feature","geometry":{"type":"Point","coordinates":[-104.975333,39.762324]},"properties":{"id":185,"global_id":"denver:place:185-the-new-mccormicks-seafood-house","name":"The New McCormick’s Seafood House","aliases":[],"category":"Restaurants","detail_map":"UCAS Sector","source_pages":"Denver: The City of Shadows, Abschnitt UCAS Sector","map_source":"Denver: The City of Shadows","placement_note":"Nach Quellenbezug im Teilraum UCAS Sector angenähert","accuracy":"Teilraumzuordnung; Feinposition vorläufig","source_map":"denver-content","source_panel":"UCAS Sector","description_preview":"The New McCormick’s Seafood House ist ein in Denver: The City of Shadows belegter Schauplatz im Bereich UCAS Sector.","description_full":"The New McCormick’s Seafood House ist ein in Denver: The City of Shadows belegter Schauplatz im Bereich UCAS Sector. Die Position ist auf den belegten Stadt- oder Teilraum angenähert; eine hausgenaue Lage ist aus dem Datenmaterial nicht sicher ableitbar.","description_source":"Denver: The City of Shadows, Abschnitt UCAS Sector","description_kind":"Ortsprofil","description_has_more":true,"detail_plans":[],"alternate_locations":[],"sources":[{"bookId":"denver-city-shadows-sr2","title":"Denver: The City of Shadows","edition":"SR2","citation":"Denver: The City of Shadows, Abschnitt UCAS Sector","purpose":"description"}],"map_sources":[],"editions":["SR2"],"edition_descriptions":{"SR2":{"kind":"Ortsprofil","preview":"The New McCormick’s Seafood House ist ein in Denver: The City of Shadows belegter Schauplatz im Bereich UCAS Sector.","full":"The New McCormick’s Seafood House ist ein in Denver: The City of Shadows belegter Schauplatz im Bereich UCAS Sector. Die Position ist auf den belegten Stadt- oder Teilraum angenähert; eine hausgenaue Lage ist aus dem Datenmaterial nicht sicher ableitbar.","hasMore":true,"hasExcerpt":true,"sources":[{"bookId":"denver-city-shadows-sr2","title":"Denver: The City of Shadows","edition":"SR2","citation":"Denver: The City of Shadows, Abschnitt UCAS Sector","purpose":"description"}]}}}},{"type":"Feature","geometry":{"type":"Point","coordinates":[-104.994007,39.73305]},"properties":{"id":195,"global_id":"denver:place:195-the-nexus","name":"The Nexus","aliases":[],"category":"Sonstige Spots","detail_map":"The Hub","source_pages":"Denver: The City of Shadows, Abschnitt The Hub","map_source":"Denver: The City of Shadows","placement_note":"Nach Quellenbezug im Teilraum The Hub angenähert","accuracy":"Teilraumzuordnung; Feinposition vorläufig","source_map":"denver-content","source_panel":"The Hub","description_preview":"The Nexus ist ein in Denver: The City of Shadows belegter Schauplatz im Bereich The Hub.","description_full":"The Nexus ist ein in Denver: The City of Shadows belegter Schauplatz im Bereich The Hub. Die Position ist auf den belegten Stadt- oder Teilraum angenähert; eine hausgenaue Lage ist aus dem Datenmaterial nicht sicher ableitbar.","description_source":"Denver: The City of Shadows, Abschnitt The Hub","description_kind":"Ortsprofil","description_has_more":true,"detail_plans":[],"alternate_locations":[],"sources":[{"bookId":"denver-city-shadows-sr2","title":"Denver: The City of Shadows","edition":"SR2","citation":"Denver: The City of Shadows, Abschnitt The Hub","purpose":"description"}],"map_sources":[],"editions":["SR2"],"edition_descriptions":{"SR2":{"kind":"Ortsprofil","preview":"The Nexus ist ein in Denver: The City of Shadows belegter Schauplatz im Bereich The Hub.","full":"The Nexus ist ein in Denver: The City of Shadows belegter Schauplatz im Bereich The Hub. Die Position ist auf den belegten Stadt- oder Teilraum angenähert; eine hausgenaue Lage ist aus dem Datenmaterial nicht sicher ableitbar.","hasMore":true,"hasExcerpt":true,"sources":[{"bookId":"denver-city-shadows-sr2","title":"Denver: The City of Shadows","edition":"SR2","citation":"Denver: The City of Shadows, Abschnitt The Hub","purpose":"description"}]}}}},{"type":"Feature","geometry":{"type":"Point","coordinates":[-105.129225,39.724134]},"properties":{"id":191,"global_id":"denver:place:191-the-rack","name":"The Rack","aliases":[],"category":"Sonstige Spots","detail_map":"Ute Sector","source_pages":"Denver: The City of Shadows, Abschnitt Ute Sector","map_source":"Denver: The City of Shadows","placement_note":"Nach Quellenbezug im Teilraum Ute Sector angenähert","accuracy":"Teilraumzuordnung; Feinposition vorläufig","source_map":"denver-content","source_panel":"Ute Sector","description_preview":"The Rack ist ein in Denver: The City of Shadows belegter Schauplatz im Bereich Ute Sector.","description_full":"The Rack ist ein in Denver: The City of Shadows belegter Schauplatz im Bereich Ute Sector. Die Position ist auf den belegten Stadt- oder Teilraum angenähert; eine hausgenaue Lage ist aus dem Datenmaterial nicht sicher ableitbar.","description_source":"Denver: The City of Shadows, Abschnitt Ute Sector","description_kind":"Ortsprofil","description_has_more":true,"detail_plans":[],"alternate_locations":[],"sources":[{"bookId":"denver-city-shadows-sr2","title":"Denver: The City of Shadows","edition":"SR2","citation":"Denver: The City of Shadows, Abschnitt Ute Sector","purpose":"description"}],"map_sources":[],"editions":["SR2"],"edition_descriptions":{"SR2":{"kind":"Ortsprofil","preview":"The Rack ist ein in Denver: The City of Shadows belegter Schauplatz im Bereich Ute Sector.","full":"The Rack ist ein in Denver: The City of Shadows belegter Schauplatz im Bereich Ute Sector. Die Position ist auf den belegten Stadt- oder Teilraum angenähert; eine hausgenaue Lage ist aus dem Datenmaterial nicht sicher ableitbar.","hasMore":true,"hasExcerpt":true,"sources":[{"bookId":"denver-city-shadows-sr2","title":"Denver: The City of Shadows","edition":"SR2","citation":"Denver: The City of Shadows, Abschnitt Ute Sector","purpose":"description"}]}}}},{"type":"Feature","geometry":{"type":"Point","coordinates":[-105.11237,39.692106]},"properties":{"id":168,"global_id":"denver:place:168-the-raintree-inn","name":"The Raintree Inn","aliases":[],"category":"Hotels","detail_map":"Pueblo Sector","source_pages":"Denver: The City of Shadows, Abschnitt Pueblo Sector","map_source":"Denver: The City of Shadows","placement_note":"Nach Quellenbezug im Teilraum Pueblo Sector angenähert","accuracy":"Teilraumzuordnung; Feinposition vorläufig","source_map":"denver-content","source_panel":"Pueblo Sector","description_preview":"The Raintree Inn ist ein in Denver: The City of Shadows belegter Schauplatz im Bereich Pueblo Sector.","description_full":"The Raintree Inn ist ein in Denver: The City of Shadows belegter Schauplatz im Bereich Pueblo Sector. Die Position ist auf den belegten Stadt- oder Teilraum angenähert; eine hausgenaue Lage ist aus dem Datenmaterial nicht sicher ableitbar.","description_source":"Denver: The City of Shadows, Abschnitt Pueblo Sector","description_kind":"Ortsprofil","description_has_more":true,"detail_plans":[],"alternate_locations":[],"sources":[{"bookId":"denver-city-shadows-sr2","title":"Denver: The City of Shadows","edition":"SR2","citation":"Denver: The City of Shadows, Abschnitt Pueblo Sector","purpose":"description"}],"map_sources":[],"editions":["SR2"],"edition_descriptions":{"SR2":{"kind":"Ortsprofil","preview":"The Raintree Inn ist ein in Denver: The City of Shadows belegter Schauplatz im Bereich Pueblo Sector.","full":"The Raintree Inn ist ein in Denver: The City of Shadows belegter Schauplatz im Bereich Pueblo Sector. Die Position ist auf den belegten Stadt- oder Teilraum angenähert; eine hausgenaue Lage ist aus dem Datenmaterial nicht sicher ableitbar.","hasMore":true,"hasExcerpt":true,"sources":[{"bookId":"denver-city-shadows-sr2","title":"Denver: The City of Shadows","edition":"SR2","citation":"Denver: The City of Shadows, Abschnitt Pueblo Sector","purpose":"description"}]}}}},{"type":"Feature","geometry":{"type":"Point","coordinates":[-104.993735,39.739158]},"properties":{"id":213,"global_id":"denver:place:213-the-ramsay-building","name":"The Ramsay Building","aliases":[],"category":"Konzerne","detail_map":"The Hub","source_pages":"Denver Adventure Trilogy, Kampagnenschauplätze","map_source":"Denver Adventure Trilogy","placement_note":"Nach Quellenbezug im Teilraum The Hub angenähert","accuracy":"Teilraumzuordnung; Feinposition vorläufig","source_map":"denver-content","source_panel":"The Hub","description_preview":"The Ramsay Building ist ein in Denver Adventure Trilogy belegter Schauplatz im Bereich The Hub.","description_full":"The Ramsay Building ist ein in Denver Adventure Trilogy belegter Schauplatz im Bereich The Hub. Die Position ist auf den belegten Stadt- oder Teilraum angenähert; eine hausgenaue Lage ist aus dem Datenmaterial nicht sicher ableitbar.","description_source":"Denver Adventure Trilogy, Kampagnenschauplätze","description_kind":"Ortsprofil","description_has_more":true,"detail_plans":[],"alternate_locations":[],"sources":[{"bookId":"denver-trilogy-sr5","title":"Denver Adventure Trilogy","edition":"SR5","citation":"Denver Adventure Trilogy, Kampagnenschauplätze","purpose":"description"}],"map_sources":[],"editions":["SR5"],"edition_descriptions":{"SR5":{"kind":"Ortsprofil","preview":"The Ramsay Building ist ein in Denver Adventure Trilogy belegter Schauplatz im Bereich The Hub.","full":"The Ramsay Building ist ein in Denver Adventure Trilogy belegter Schauplatz im Bereich The Hub. Die Position ist auf den belegten Stadt- oder Teilraum angenähert; eine hausgenaue Lage ist aus dem Datenmaterial nicht sicher ableitbar.","hasMore":true,"hasExcerpt":true,"sources":[{"bookId":"denver-trilogy-sr5","title":"Denver Adventure Trilogy","edition":"SR5","citation":"Denver Adventure Trilogy, Kampagnenschauplätze","purpose":"description"}]}}}},{"type":"Feature","geometry":{"type":"Point","coordinates":[-104.986257,39.726863]},"properties":{"id":156,"global_id":"denver:place:156-the-serpents-feather","name":"The Serpent’s Feather","aliases":[],"category":"Sonstige Spots","detail_map":"Aztlan Sector","source_pages":"Denver: The City of Shadows, Abschnitt Aztlan Sector","map_source":"Denver: The City of Shadows","placement_note":"Nach Quellenbezug im Teilraum Aztlan Sector angenähert","accuracy":"Teilraumzuordnung; Feinposition vorläufig","source_map":"denver-content","source_panel":"Aztlan Sector","description_preview":"The Serpent’s Feather ist ein in Denver: The City of Shadows belegter Schauplatz im Bereich Aztlan Sector.","description_full":"The Serpent’s Feather ist ein in Denver: The City of Shadows belegter Schauplatz im Bereich Aztlan Sector. Die Position ist auf den belegten Stadt- oder Teilraum angenähert; eine hausgenaue Lage ist aus dem Datenmaterial nicht sicher ableitbar.","description_source":"Denver: The City of Shadows, Abschnitt Aztlan Sector","description_kind":"Ortsprofil","description_has_more":true,"detail_plans":[],"alternate_locations":[],"sources":[{"bookId":"denver-city-shadows-sr2","title":"Denver: The City of Shadows","edition":"SR2","citation":"Denver: The City of Shadows, Abschnitt Aztlan Sector","purpose":"description"}],"map_sources":[],"editions":["SR2"],"edition_descriptions":{"SR2":{"kind":"Ortsprofil","preview":"The Serpent’s Feather ist ein in Denver: The City of Shadows belegter Schauplatz im Bereich Aztlan Sector.","full":"The Serpent’s Feather ist ein in Denver: The City of Shadows belegter Schauplatz im Bereich Aztlan Sector. Die Position ist auf den belegten Stadt- oder Teilraum angenähert; eine hausgenaue Lage ist aus dem Datenmaterial nicht sicher ableitbar.","hasMore":true,"hasExcerpt":true,"sources":[{"bookId":"denver-city-shadows-sr2","title":"Denver: The City of Shadows","edition":"SR2","citation":"Denver: The City of Shadows, Abschnitt Aztlan Sector","purpose":"description"}]}}}},{"type":"Feature","geometry":{"type":"Point","coordinates":[-104.982134,39.742197]},"properties":{"id":219,"global_id":"denver:place:219-the-shattered-lands","name":"The Shattered Lands","aliases":[],"category":"Matrix und Metaplanes","detail_map":"The Hub","source_pages":"Denver Adventure Trilogy, metaplanare Schauplätze","map_source":"Denver Adventure Trilogy","placement_note":"Nach Quellenbezug im Teilraum The Hub angenähert","accuracy":"Teilraumzuordnung; Feinposition vorläufig","source_map":"denver-content","source_panel":"The Hub","description_preview":"The Shattered Lands ist ein in Denver Adventure Trilogy belegter Schauplatz im Bereich The Hub.","description_full":"The Shattered Lands ist ein in Denver Adventure Trilogy belegter Schauplatz im Bereich The Hub. Die Position ist auf den belegten Stadt- oder Teilraum angenähert; eine hausgenaue Lage ist aus dem Datenmaterial nicht sicher ableitbar.","description_source":"Denver Adventure Trilogy, metaplanare Schauplätze","description_kind":"Ortsprofil","description_has_more":true,"detail_plans":[],"alternate_locations":[],"sources":[{"bookId":"denver-trilogy-sr5","title":"Denver Adventure Trilogy","edition":"SR5","citation":"Denver Adventure Trilogy, metaplanare Schauplätze","purpose":"description"}],"map_sources":[],"editions":["SR5"],"edition_descriptions":{"SR5":{"kind":"Ortsprofil","preview":"The Shattered Lands ist ein in Denver Adventure Trilogy belegter Schauplatz im Bereich The Hub.","full":"The Shattered Lands ist ein in Denver Adventure Trilogy belegter Schauplatz im Bereich The Hub. Die Position ist auf den belegten Stadt- oder Teilraum angenähert; eine hausgenaue Lage ist aus dem Datenmaterial nicht sicher ableitbar.","hasMore":true,"hasExcerpt":true,"sources":[{"bookId":"denver-trilogy-sr5","title":"Denver Adventure Trilogy","edition":"SR5","citation":"Denver Adventure Trilogy, metaplanare Schauplätze","purpose":"description"}]}}}},{"type":"Feature","geometry":{"type":"Point","coordinates":[-104.93648,39.806836]},"properties":{"id":63,"global_id":"denver:place:63-the-solution","name":"The Solution","aliases":[],"category":"Sonstige Spots","detail_map":"Commerce City","source_pages":"The Third Parallel, S. 10-39","map_source":"The Third Parallel","placement_note":"Nach Quellenbezug im Teilraum Commerce City angenähert","accuracy":"Teilraumzuordnung; Feinposition vorläufig","source_map":"denver-content","source_panel":"Commerce City","description_preview":"The Solution ist ein in The Third Parallel belegter Schauplatz im Bereich Commerce City.","description_full":"The Solution ist ein in The Third Parallel belegter Schauplatz im Bereich Commerce City. Die Position ist auf den belegten Stadt- oder Teilraum angenähert; eine hausgenaue Lage ist aus dem Datenmaterial nicht sicher ableitbar.","description_source":"The Third Parallel, S. 10-39","description_kind":"Ortsprofil","description_has_more":true,"detail_plans":[],"alternate_locations":[],"sources":[{"bookId":"third-parallel-sr6","title":"The Third Parallel","edition":"SR6","citation":"The Third Parallel, S. 10-39","purpose":"description"}],"map_sources":[],"editions":["SR6"],"edition_descriptions":{"SR6":{"kind":"Ortsprofil","preview":"The Solution ist ein in The Third Parallel belegter Schauplatz im Bereich Commerce City.","full":"The Solution ist ein in The Third Parallel belegter Schauplatz im Bereich Commerce City. Die Position ist auf den belegten Stadt- oder Teilraum angenähert; eine hausgenaue Lage ist aus dem Datenmaterial nicht sicher ableitbar.","hasMore":true,"hasExcerpt":true,"sources":[{"bookId":"third-parallel-sr6","title":"The Third Parallel","edition":"SR6","citation":"The Third Parallel, S. 10-39","purpose":"description"}]}}}},{"type":"Feature","geometry":{"type":"Point","coordinates":[-104.985304,39.732937]},"properties":{"id":202,"global_id":"denver:place:202-the-splatter-bar","name":"The Splatter Bar","aliases":[],"category":"Bars und Clubs","detail_map":"The Hub","source_pages":"Welcome to Denver, Making the Scene","map_source":"Welcome to Denver","placement_note":"Nach Quellenbezug im Teilraum The Hub angenähert","accuracy":"Teilraumzuordnung; Feinposition vorläufig","source_map":"denver-content","source_panel":"The Hub","description_preview":"The Splatter Bar ist ein in Welcome to Denver belegter Schauplatz im Bereich The Hub.","description_full":"The Splatter Bar ist ein in Welcome to Denver belegter Schauplatz im Bereich The Hub. Die Position ist auf den belegten Stadt- oder Teilraum angenähert; eine hausgenaue Lage ist aus dem Datenmaterial nicht sicher ableitbar.","description_source":"Welcome to Denver, Making the Scene","description_kind":"Ortsprofil","description_has_more":true,"detail_plans":[],"alternate_locations":[],"sources":[{"bookId":"welcome-denver-sr4","title":"Welcome to Denver","edition":"SR4","citation":"Welcome to Denver, Making the Scene","purpose":"description"}],"map_sources":[],"editions":["SR4"],"edition_descriptions":{"SR4":{"kind":"Ortsprofil","preview":"The Splatter Bar ist ein in Welcome to Denver belegter Schauplatz im Bereich The Hub.","full":"The Splatter Bar ist ein in Welcome to Denver belegter Schauplatz im Bereich The Hub. Die Position ist auf den belegten Stadt- oder Teilraum angenähert; eine hausgenaue Lage ist aus dem Datenmaterial nicht sicher ableitbar.","hasMore":true,"hasExcerpt":true,"sources":[{"bookId":"welcome-denver-sr4","title":"Welcome to Denver","edition":"SR4","citation":"Welcome to Denver, Making the Scene","purpose":"description"}]}}}},{"type":"Feature","geometry":{"type":"Point","coordinates":[-104.871657,39.588811]},"properties":{"id":45,"global_id":"denver:place:45-the-tipsy-chip","name":"The Tipsy Chip","aliases":[],"category":"Sonstige Spots","detail_map":"Centennial","source_pages":"The Third Parallel, S. 10-39","map_source":"The Third Parallel","placement_note":"Nach Quellenbezug im Teilraum Centennial angenähert","accuracy":"Teilraumzuordnung; Feinposition vorläufig","source_map":"denver-content","source_panel":"Centennial","description_preview":"The Tipsy Chip ist ein in The Third Parallel belegter Schauplatz im Bereich Centennial.","description_full":"The Tipsy Chip ist ein in The Third Parallel belegter Schauplatz im Bereich Centennial. Die Position ist auf den belegten Stadt- oder Teilraum angenähert; eine hausgenaue Lage ist aus dem Datenmaterial nicht sicher ableitbar.","description_source":"The Third Parallel, S. 10-39","description_kind":"Ortsprofil","description_has_more":true,"detail_plans":[],"alternate_locations":[],"sources":[{"bookId":"third-parallel-sr6","title":"The Third Parallel","edition":"SR6","citation":"The Third Parallel, S. 10-39","purpose":"description"}],"map_sources":[],"editions":["SR6"],"edition_descriptions":{"SR6":{"kind":"Ortsprofil","preview":"The Tipsy Chip ist ein in The Third Parallel belegter Schauplatz im Bereich Centennial.","full":"The Tipsy Chip ist ein in The Third Parallel belegter Schauplatz im Bereich Centennial. Die Position ist auf den belegten Stadt- oder Teilraum angenähert; eine hausgenaue Lage ist aus dem Datenmaterial nicht sicher ableitbar.","hasMore":true,"hasExcerpt":true,"sources":[{"bookId":"third-parallel-sr6","title":"The Third Parallel","edition":"SR6","citation":"The Third Parallel, S. 10-39","purpose":"description"}]}}}},{"type":"Feature","geometry":{"type":"Point","coordinates":[-104.967421,39.873091]},"properties":{"id":142,"global_id":"denver:place:142-thornton","name":"Thornton","aliases":[],"category":"Bezirke","detail_map":"Thornton","source_pages":"The Third Parallel, S. 10-39","map_source":"The Third Parallel","placement_note":"Lore-Bezirkszentrum Thornton","accuracy":"Lore-Bezirk; Grenzebene separat geprüft","source_map":"denver-content","source_panel":"Thornton","description_preview":"Thornton liegt zwischen Westminster und Brighton und bewahrt deutliche Einflüsse der früheren Sioux-Verwaltung; offene Bewaffnung und ehemalige Sioux-Sicherheitskräfte sind alltäglich.","description_full":"Thornton liegt zwischen Westminster und Brighton und bewahrt deutliche Einflüsse der früheren Sioux-Verwaltung; offene Bewaffnung und ehemalige Sioux-Sicherheitskräfte sind alltäglich. Die Zusammenfassung folgt dem Bezirkskapitel der angegebenen Edition; heutige Grenzen dienen nur der geografischen Einordnung.","description_source":"The Third Parallel, S. 10-39","description_kind":"Bezirksprofil","description_has_more":true,"detail_plans":[],"alternate_locations":[],"sources":[{"bookId":"third-parallel-sr6","title":"The Third Parallel","edition":"SR6","citation":"The Third Parallel, S. 10-39","purpose":"description"}],"map_sources":[],"editions":["SR6"],"edition_descriptions":{"SR6":{"kind":"Bezirksprofil","preview":"Thornton liegt zwischen Westminster und Brighton und bewahrt deutliche Einflüsse der früheren Sioux-Verwaltung; offene Bewaffnung und ehemalige Sioux-Sicherheitskräfte sind alltäglich.","full":"Thornton liegt zwischen Westminster und Brighton und bewahrt deutliche Einflüsse der früheren Sioux-Verwaltung; offene Bewaffnung und ehemalige Sioux-Sicherheitskräfte sind alltäglich. Die Zusammenfassung folgt dem Bezirkskapitel der angegebenen Edition; heutige Grenzen dienen nur der geografischen Einordnung.","hasMore":true,"hasExcerpt":true,"sources":[{"bookId":"third-parallel-sr6","title":"The Third Parallel","edition":"SR6","citation":"The Third Parallel, S. 10-39","purpose":"description"}]}}}},{"type":"Feature","geometry":{"type":"Point","coordinates":[-104.908149,39.710144]},"properties":{"id":93,"global_id":"denver:place:93-three-delights","name":"Three Delights","aliases":[],"category":"Sonstige Spots","detail_map":"Lowry","source_pages":"The Third Parallel, S. 10-39","map_source":"The Third Parallel","placement_note":"Nach Quellenbezug im Teilraum Lowry angenähert","accuracy":"Teilraumzuordnung; Feinposition vorläufig","source_map":"denver-content","source_panel":"Lowry","description_preview":"Three Delights ist ein in The Third Parallel belegter Schauplatz im Bereich Lowry.","description_full":"Three Delights ist ein in The Third Parallel belegter Schauplatz im Bereich Lowry. Die Position ist auf den belegten Stadt- oder Teilraum angenähert; eine hausgenaue Lage ist aus dem Datenmaterial nicht sicher ableitbar.","description_source":"The Third Parallel, S. 10-39","description_kind":"Ortsprofil","description_has_more":true,"detail_plans":[],"alternate_locations":[],"sources":[{"bookId":"third-parallel-sr6","title":"The Third Parallel","edition":"SR6","citation":"The Third Parallel, S. 10-39","purpose":"description"}],"map_sources":[],"editions":["SR6"],"edition_descriptions":{"SR6":{"kind":"Ortsprofil","preview":"Three Delights ist ein in The Third Parallel belegter Schauplatz im Bereich Lowry.","full":"Three Delights ist ein in The Third Parallel belegter Schauplatz im Bereich Lowry. Die Position ist auf den belegten Stadt- oder Teilraum angenähert; eine hausgenaue Lage ist aus dem Datenmaterial nicht sicher ableitbar.","hasMore":true,"hasExcerpt":true,"sources":[{"bookId":"third-parallel-sr6","title":"The Third Parallel","edition":"SR6","citation":"The Third Parallel, S. 10-39","purpose":"description"}]}}}},{"type":"Feature","geometry":{"type":"Point","coordinates":[-104.989418,39.738909]},"properties":{"id":138,"global_id":"denver:place:138-tower-of-babel","name":"Tower of Babel","aliases":[],"category":"Sonstige Spots","detail_map":"The Hub","source_pages":"The Third Parallel - Denver Map, Nr. 27","map_source":"The Third Parallel","placement_note":"Nach Quellenbezug im Teilraum The Hub angenähert","accuracy":"Teilraumzuordnung; Feinposition vorläufig","source_map":"denver-content","source_panel":"The Hub","description_preview":"Tower of Babel ist ein in The Third Parallel belegter Schauplatz im Bereich The Hub.","description_full":"Tower of Babel ist ein in The Third Parallel belegter Schauplatz im Bereich The Hub. Die Position ist auf den belegten Stadt- oder Teilraum angenähert; eine hausgenaue Lage ist aus dem Datenmaterial nicht sicher ableitbar.","description_source":"The Third Parallel - Denver Map, Nr. 27","description_kind":"Ortsprofil","description_has_more":true,"detail_plans":[],"alternate_locations":[],"sources":[{"bookId":"third-parallel-sr6","title":"The Third Parallel","edition":"SR6","citation":"The Third Parallel - Denver Map, Nr. 27","purpose":"description"},{"bookId":"spy-games-sr4","title":"Spy Games","edition":"SR4","citation":"Spy Games, Denver-Kapitel S. 6-86","purpose":"description"}],"map_sources":[],"editions":["SR6","SR4"],"edition_descriptions":{"SR6":{"kind":"Ortsprofil","preview":"Tower of Babel ist ein in The Third Parallel belegter Schauplatz im Bereich The Hub.","full":"Tower of Babel ist ein in The Third Parallel belegter Schauplatz im Bereich The Hub. Die Position ist auf den belegten Stadt- oder Teilraum angenähert; eine hausgenaue Lage ist aus dem Datenmaterial nicht sicher ableitbar.","hasMore":true,"hasExcerpt":true,"sources":[{"bookId":"third-parallel-sr6","title":"The Third Parallel","edition":"SR6","citation":"The Third Parallel - Denver Map, Nr. 27","purpose":"description"}]},"SR4":{"kind":"Ortsprofil","preview":"Der Tower of Babel ist ein populärer Club im Hub mit Unterweltpublikum, aufwendigen AR-Installationen und einer verborgenen Etage als CAS-Safehouse.","full":"Der Tower of Babel ist ein populärer Club im Hub mit Unterweltpublikum, aufwendigen AR-Installationen und einer verborgenen Etage als CAS-Safehouse. Die Position ist auf den belegten Stadt- oder Teilraum angenähert; eine hausgenaue Lage ist aus dem Datenmaterial nicht sicher ableitbar.","hasMore":true,"hasExcerpt":true,"sources":[{"bookId":"spy-games-sr4","title":"Spy Games","edition":"SR4","citation":"Spy Games, Denver-Kapitel S. 6-86","purpose":"description"}]}},"map_number_sr6":27}},{"type":"Feature","geometry":{"type":"Point","coordinates":[-105.084036,39.923037]},"properties":{"id":32,"global_id":"denver:place:32-towne-center-mall","name":"Towne Center Mall","aliases":[],"category":"Einkaufen","detail_map":"Broomfield","source_pages":"The Third Parallel, S. 10-39","map_source":"The Third Parallel","placement_note":"Nach Quellenbezug im Teilraum Broomfield angenähert","accuracy":"Teilraumzuordnung; Feinposition vorläufig","source_map":"denver-content","source_panel":"Broomfield","description_preview":"Towne Center Mall ist ein in The Third Parallel belegter Schauplatz im Bereich Broomfield.","description_full":"Towne Center Mall ist ein in The Third Parallel belegter Schauplatz im Bereich Broomfield. Die Position ist auf den belegten Stadt- oder Teilraum angenähert; eine hausgenaue Lage ist aus dem Datenmaterial nicht sicher ableitbar.","description_source":"The Third Parallel, S. 10-39","description_kind":"Ortsprofil","description_has_more":true,"detail_plans":[],"alternate_locations":[],"sources":[{"bookId":"third-parallel-sr6","title":"The Third Parallel","edition":"SR6","citation":"The Third Parallel, S. 10-39","purpose":"description"}],"map_sources":[],"editions":["SR6"],"edition_descriptions":{"SR6":{"kind":"Ortsprofil","preview":"Towne Center Mall ist ein in The Third Parallel belegter Schauplatz im Bereich Broomfield.","full":"Towne Center Mall ist ein in The Third Parallel belegter Schauplatz im Bereich Broomfield. Die Position ist auf den belegten Stadt- oder Teilraum angenähert; eine hausgenaue Lage ist aus dem Datenmaterial nicht sicher ableitbar.","hasMore":true,"hasExcerpt":true,"sources":[{"bookId":"third-parallel-sr6","title":"The Third Parallel","edition":"SR6","citation":"The Third Parallel, S. 10-39","purpose":"description"}]}}}},{"type":"Feature","geometry":{"type":"Point","coordinates":[-104.938738,39.814417]},"properties":{"id":64,"global_id":"denver:place:64-truman-distribution-networks-office","name":"Truman Distribution Networks Office","aliases":[],"category":"Konzerne","detail_map":"Commerce City","source_pages":"The Third Parallel, S. 10-39","map_source":"The Third Parallel","placement_note":"Nach Quellenbezug im Teilraum Commerce City angenähert","accuracy":"Teilraumzuordnung; Feinposition vorläufig","source_map":"denver-content","source_panel":"Commerce City","description_preview":"Truman Distribution Networks Office ist ein in The Third Parallel belegter Schauplatz im Bereich Commerce City.","description_full":"Truman Distribution Networks Office ist ein in The Third Parallel belegter Schauplatz im Bereich Commerce City. Die Position ist auf den belegten Stadt- oder Teilraum angenähert; eine hausgenaue Lage ist aus dem Datenmaterial nicht sicher ableitbar.","description_source":"The Third Parallel, S. 10-39","description_kind":"Ortsprofil","description_has_more":true,"detail_plans":[],"alternate_locations":[],"sources":[{"bookId":"third-parallel-sr6","title":"The Third Parallel","edition":"SR6","citation":"The Third Parallel, S. 10-39","purpose":"description"}],"map_sources":[],"editions":["SR6"],"edition_descriptions":{"SR6":{"kind":"Ortsprofil","preview":"Truman Distribution Networks Office ist ein in The Third Parallel belegter Schauplatz im Bereich Commerce City.","full":"Truman Distribution Networks Office ist ein in The Third Parallel belegter Schauplatz im Bereich Commerce City. Die Position ist auf den belegten Stadt- oder Teilraum angenähert; eine hausgenaue Lage ist aus dem Datenmaterial nicht sicher ableitbar.","hasMore":true,"hasExcerpt":true,"sources":[{"bookId":"third-parallel-sr6","title":"The Third Parallel","edition":"SR6","citation":"The Third Parallel, S. 10-39","purpose":"description"}]}}}},{"type":"Feature","geometry":{"type":"Point","coordinates":[-104.995593,39.745754]},"properties":{"id":139,"global_id":"denver:place:139-truman-tech-tower","name":"Truman Tech Tower","aliases":[],"category":"Sonstige Spots","detail_map":"The Hub","source_pages":"The Third Parallel, S. 10-39","map_source":"The Third Parallel","placement_note":"Nach Quellenbezug im Teilraum The Hub angenähert","accuracy":"Teilraumzuordnung; Feinposition vorläufig","source_map":"denver-content","source_panel":"The Hub","description_preview":"Truman Tech Tower ist ein in The Third Parallel belegter Schauplatz im Bereich The Hub.","description_full":"Truman Tech Tower ist ein in The Third Parallel belegter Schauplatz im Bereich The Hub. Die Position ist auf den belegten Stadt- oder Teilraum angenähert; eine hausgenaue Lage ist aus dem Datenmaterial nicht sicher ableitbar.","description_source":"The Third Parallel, S. 10-39","description_kind":"Ortsprofil","description_has_more":true,"detail_plans":[],"alternate_locations":[],"sources":[{"bookId":"third-parallel-sr6","title":"The Third Parallel","edition":"SR6","citation":"The Third Parallel, S. 10-39","purpose":"description"}],"map_sources":[],"editions":["SR6"],"edition_descriptions":{"SR6":{"kind":"Ortsprofil","preview":"Truman Tech Tower ist ein in The Third Parallel belegter Schauplatz im Bereich The Hub.","full":"Truman Tech Tower ist ein in The Third Parallel belegter Schauplatz im Bereich The Hub. Die Position ist auf den belegten Stadt- oder Teilraum angenähert; eine hausgenaue Lage ist aus dem Datenmaterial nicht sicher ableitbar.","hasMore":true,"hasExcerpt":true,"sources":[{"bookId":"third-parallel-sr6","title":"The Third Parallel","edition":"SR6","citation":"The Third Parallel, S. 10-39","purpose":"description"}]}}}},{"type":"Feature","geometry":{"type":"Point","coordinates":[-104.925943,39.809411]},"properties":{"id":65,"global_id":"denver:place:65-tsuruga-international-warehouse","name":"Tsuruga International Warehouse","aliases":[],"category":"Sonstige Spots","detail_map":"Commerce City","source_pages":"The Third Parallel, S. 10-39","map_source":"The Third Parallel","placement_note":"Nach Quellenbezug im Teilraum Commerce City angenähert","accuracy":"Teilraumzuordnung; Feinposition vorläufig","source_map":"denver-content","source_panel":"Commerce City","description_preview":"Tsuruga International Warehouse ist ein in The Third Parallel belegter Schauplatz im Bereich Commerce City.","description_full":"Tsuruga International Warehouse ist ein in The Third Parallel belegter Schauplatz im Bereich Commerce City. Die Position ist auf den belegten Stadt- oder Teilraum angenähert; eine hausgenaue Lage ist aus dem Datenmaterial nicht sicher ableitbar.","description_source":"The Third Parallel, S. 10-39","description_kind":"Ortsprofil","description_has_more":true,"detail_plans":[],"alternate_locations":[],"sources":[{"bookId":"third-parallel-sr6","title":"The Third Parallel","edition":"SR6","citation":"The Third Parallel, S. 10-39","purpose":"description"}],"map_sources":[],"editions":["SR6"],"edition_descriptions":{"SR6":{"kind":"Ortsprofil","preview":"Tsuruga International Warehouse ist ein in The Third Parallel belegter Schauplatz im Bereich Commerce City.","full":"Tsuruga International Warehouse ist ein in The Third Parallel belegter Schauplatz im Bereich Commerce City. Die Position ist auf den belegten Stadt- oder Teilraum angenähert; eine hausgenaue Lage ist aus dem Datenmaterial nicht sicher ableitbar.","hasMore":true,"hasExcerpt":true,"sources":[{"bookId":"third-parallel-sr6","title":"The Third Parallel","edition":"SR6","citation":"The Third Parallel, S. 10-39","purpose":"description"}]}}}},{"type":"Feature","geometry":{"type":"Point","coordinates":[-105.0008,39.7527]},"properties":{"id":140,"global_id":"denver:place:140-union-station","name":"Union Station","aliases":[],"category":"Verkehr","detail_map":"The Hub","source_pages":"The Third Parallel, S. 10-39","map_source":"The Third Parallel","placement_note":"Erhaltener geographischer Bezugspunkt","accuracy":"Geographischer Bezugspunkt","source_map":"denver-content","source_panel":"The Hub","description_preview":"Union Station ist ein in The Third Parallel belegter Schauplatz im Bereich The Hub.","description_full":"Union Station ist ein in The Third Parallel belegter Schauplatz im Bereich The Hub. Die Position folgt einem erhaltenen heutigen Bezugspunkt.","description_source":"The Third Parallel, S. 10-39","description_kind":"Ortsprofil","description_has_more":true,"detail_plans":[],"alternate_locations":[],"sources":[{"bookId":"third-parallel-sr6","title":"The Third Parallel","edition":"SR6","citation":"The Third Parallel, S. 10-39","purpose":"description"}],"map_sources":[],"editions":["SR6"],"edition_descriptions":{"SR6":{"kind":"Ortsprofil","preview":"Union Station ist ein in The Third Parallel belegter Schauplatz im Bereich The Hub.","full":"Union Station ist ein in The Third Parallel belegter Schauplatz im Bereich The Hub. Die Position folgt einem erhaltenen heutigen Bezugspunkt.","hasMore":true,"hasExcerpt":true,"sources":[{"bookId":"third-parallel-sr6","title":"The Third Parallel","edition":"SR6","citation":"The Third Parallel, S. 10-39","purpose":"description"}]}}}},{"type":"Feature","geometry":{"type":"Point","coordinates":[-104.982204,39.75013]},"properties":{"id":188,"global_id":"denver:place:188-universal-brotherhood-chapterhouse","name":"Universal Brotherhood Chapterhouse","aliases":[],"category":"Sonstige Spots","detail_map":"UCAS Sector","source_pages":"Denver: The City of Shadows, Abschnitt UCAS Sector","map_source":"Denver: The City of Shadows","placement_note":"Nach Quellenbezug im Teilraum UCAS Sector angenähert","accuracy":"Teilraumzuordnung; Feinposition vorläufig","source_map":"denver-content","source_panel":"UCAS Sector","description_preview":"Universal Brotherhood Chapterhouse ist ein in Denver: The City of Shadows belegter Schauplatz im Bereich UCAS Sector.","description_full":"Universal Brotherhood Chapterhouse ist ein in Denver: The City of Shadows belegter Schauplatz im Bereich UCAS Sector. Die Position ist auf den belegten Stadt- oder Teilraum angenähert; eine hausgenaue Lage ist aus dem Datenmaterial nicht sicher ableitbar.","description_source":"Denver: The City of Shadows, Abschnitt UCAS Sector","description_kind":"Ortsprofil","description_has_more":true,"detail_plans":[],"alternate_locations":[],"sources":[{"bookId":"denver-city-shadows-sr2","title":"Denver: The City of Shadows","edition":"SR2","citation":"Denver: The City of Shadows, Abschnitt UCAS Sector","purpose":"description"}],"map_sources":[],"editions":["SR2"],"edition_descriptions":{"SR2":{"kind":"Ortsprofil","preview":"Universal Brotherhood Chapterhouse ist ein in Denver: The City of Shadows belegter Schauplatz im Bereich UCAS Sector.","full":"Universal Brotherhood Chapterhouse ist ein in Denver: The City of Shadows belegter Schauplatz im Bereich UCAS Sector. Die Position ist auf den belegten Stadt- oder Teilraum angenähert; eine hausgenaue Lage ist aus dem Datenmaterial nicht sicher ableitbar.","hasMore":true,"hasExcerpt":true,"sources":[{"bookId":"denver-city-shadows-sr2","title":"Denver: The City of Shadows","edition":"SR2","citation":"Denver: The City of Shadows, Abschnitt UCAS Sector","purpose":"description"}]}}}},{"type":"Feature","geometry":{"type":"Point","coordinates":[-105.264924,40.007274]},"properties":{"id":19,"global_id":"denver:place:19-university-of-colorado","name":"University of Colorado","aliases":[],"category":"Bildung und Kultur","detail_map":"Boulder","source_pages":"The Third Parallel, S. 10-39","map_source":"The Third Parallel","placement_note":"Nach Quellenbezug im Teilraum Boulder angenähert","accuracy":"Teilraumzuordnung; Feinposition vorläufig","source_map":"denver-content","source_panel":"Boulder","description_preview":"University of Colorado ist ein in The Third Parallel belegter Schauplatz im Bereich Boulder.","description_full":"University of Colorado ist ein in The Third Parallel belegter Schauplatz im Bereich Boulder. Die Position ist auf den belegten Stadt- oder Teilraum angenähert; eine hausgenaue Lage ist aus dem Datenmaterial nicht sicher ableitbar.","description_source":"The Third Parallel, S. 10-39","description_kind":"Ortsprofil","description_has_more":true,"detail_plans":[],"alternate_locations":[],"sources":[{"bookId":"third-parallel-sr6","title":"The Third Parallel","edition":"SR6","citation":"The Third Parallel, S. 10-39","purpose":"description"},{"bookId":"denver-city-shadows-sr2","title":"Denver: The City of Shadows","edition":"SR2","citation":"Denver: The City of Shadows, Abschnitt Ute Sector","purpose":"description"}],"map_sources":[],"editions":["SR6","SR2"],"edition_descriptions":{"SR6":{"kind":"Ortsprofil","preview":"University of Colorado ist ein in The Third Parallel belegter Schauplatz im Bereich Boulder.","full":"University of Colorado ist ein in The Third Parallel belegter Schauplatz im Bereich Boulder. Die Position ist auf den belegten Stadt- oder Teilraum angenähert; eine hausgenaue Lage ist aus dem Datenmaterial nicht sicher ableitbar.","hasMore":true,"hasExcerpt":true,"sources":[{"bookId":"third-parallel-sr6","title":"The Third Parallel","edition":"SR6","citation":"The Third Parallel, S. 10-39","purpose":"description"}]},"SR2":{"kind":"Quellennachweis","preview":"University of Colorado ist für SR2 in Denver: The City of Shadows belegt.","full":"University of Colorado ist für SR2 in Denver: The City of Shadows belegt. Der Eintrag wird editionsübergreifend mit demselben Ort zusammengeführt.","hasMore":true,"hasExcerpt":false,"sources":[{"bookId":"denver-city-shadows-sr2","title":"Denver: The City of Shadows","edition":"SR2","citation":"Denver: The City of Shadows, Abschnitt Ute Sector","purpose":"description"}]}}}},{"type":"Feature","geometry":{"type":"Point","coordinates":[-104.884725,39.580525]},"properties":{"id":46,"global_id":"denver:place:46-university-of-denver","name":"University of Denver","aliases":[],"category":"Bildung und Kultur","detail_map":"Centennial","source_pages":"The Third Parallel, S. 10-39","map_source":"The Third Parallel","placement_note":"Nach Quellenbezug im Teilraum Centennial angenähert","accuracy":"Teilraumzuordnung; Feinposition vorläufig","source_map":"denver-content","source_panel":"Centennial","description_preview":"University of Denver ist ein in The Third Parallel belegter Schauplatz im Bereich Centennial.","description_full":"University of Denver ist ein in The Third Parallel belegter Schauplatz im Bereich Centennial. Die Position ist auf den belegten Stadt- oder Teilraum angenähert; eine hausgenaue Lage ist aus dem Datenmaterial nicht sicher ableitbar.","description_source":"The Third Parallel, S. 10-39","description_kind":"Ortsprofil","description_has_more":true,"detail_plans":[],"alternate_locations":[],"sources":[{"bookId":"third-parallel-sr6","title":"The Third Parallel","edition":"SR6","citation":"The Third Parallel, S. 10-39","purpose":"description"},{"bookId":"spy-games-sr4","title":"Spy Games","edition":"SR4","citation":"Spy Games, Denver-Kapitel S. 6-86","purpose":"description"}],"map_sources":[],"editions":["SR6","SR4"],"edition_descriptions":{"SR6":{"kind":"Ortsprofil","preview":"University of Denver ist ein in The Third Parallel belegter Schauplatz im Bereich Centennial.","full":"University of Denver ist ein in The Third Parallel belegter Schauplatz im Bereich Centennial. Die Position ist auf den belegten Stadt- oder Teilraum angenähert; eine hausgenaue Lage ist aus dem Datenmaterial nicht sicher ableitbar.","hasMore":true,"hasExcerpt":true,"sources":[{"bookId":"third-parallel-sr6","title":"The Third Parallel","edition":"SR6","citation":"The Third Parallel, S. 10-39","purpose":"description"}]},"SR4":{"kind":"Ortsprofil","preview":"Die University of Denver ist ein politisch aktiver Campus; die Penrose Library des psychologischen Instituts besitzt ein nicht öffentliches magisches Archiv.","full":"Die University of Denver ist ein politisch aktiver Campus; die Penrose Library des psychologischen Instituts besitzt ein nicht öffentliches magisches Archiv. Die Position ist auf den belegten Stadt- oder Teilraum angenähert; eine hausgenaue Lage ist aus dem Datenmaterial nicht sicher ableitbar.","hasMore":true,"hasExcerpt":true,"sources":[{"bookId":"spy-games-sr4","title":"Spy Games","edition":"SR4","citation":"Spy Games, Denver-Kapitel S. 6-86","purpose":"description"}]}}}},{"type":"Feature","geometry":{"type":"Point","coordinates":[-104.825844,39.985732]},"properties":{"id":26,"global_id":"denver:place:26-vor-robotics-office","name":"VOR Robotics Office","aliases":[],"category":"Konzerne","detail_map":"Brighton","source_pages":"The Third Parallel, S. 10-39","map_source":"The Third Parallel","placement_note":"Nach Quellenbezug im Teilraum Brighton angenähert","accuracy":"Teilraumzuordnung; Feinposition vorläufig","source_map":"denver-content","source_panel":"Brighton","description_preview":"VOR Robotics Office ist ein in The Third Parallel belegter Schauplatz im Bereich Brighton.","description_full":"VOR Robotics Office ist ein in The Third Parallel belegter Schauplatz im Bereich Brighton. Die Position ist auf den belegten Stadt- oder Teilraum angenähert; eine hausgenaue Lage ist aus dem Datenmaterial nicht sicher ableitbar.","description_source":"The Third Parallel, S. 10-39","description_kind":"Ortsprofil","description_has_more":true,"detail_plans":[],"alternate_locations":[],"sources":[{"bookId":"third-parallel-sr6","title":"The Third Parallel","edition":"SR6","citation":"The Third Parallel, S. 10-39","purpose":"description"}],"map_sources":[],"editions":["SR6"],"edition_descriptions":{"SR6":{"kind":"Ortsprofil","preview":"VOR Robotics Office ist ein in The Third Parallel belegter Schauplatz im Bereich Brighton.","full":"VOR Robotics Office ist ein in The Third Parallel belegter Schauplatz im Bereich Brighton. Die Position ist auf den belegten Stadt- oder Teilraum angenähert; eine hausgenaue Lage ist aus dem Datenmaterial nicht sicher ableitbar.","hasMore":true,"hasExcerpt":true,"sources":[{"bookId":"third-parallel-sr6","title":"The Third Parallel","edition":"SR6","citation":"The Third Parallel, S. 10-39","purpose":"description"}]}}}},{"type":"Feature","geometry":{"type":"Point","coordinates":[-104.871796,39.5817]},"properties":{"id":47,"global_id":"denver:place:47-warpdrive-systems-headquarters","name":"Warpdrive Systems Headquarters","aliases":[],"category":"Konzerne","detail_map":"Centennial","source_pages":"The Third Parallel, S. 10-39","map_source":"The Third Parallel","placement_note":"Nach Quellenbezug im Teilraum Centennial angenähert","accuracy":"Teilraumzuordnung; Feinposition vorläufig","source_map":"denver-content","source_panel":"Centennial","description_preview":"Warpdrive Systems Headquarters ist ein in The Third Parallel belegter Schauplatz im Bereich Centennial.","description_full":"Warpdrive Systems Headquarters ist ein in The Third Parallel belegter Schauplatz im Bereich Centennial. Die Position ist auf den belegten Stadt- oder Teilraum angenähert; eine hausgenaue Lage ist aus dem Datenmaterial nicht sicher ableitbar.","description_source":"The Third Parallel, S. 10-39","description_kind":"Ortsprofil","description_has_more":true,"detail_plans":[],"alternate_locations":[],"sources":[{"bookId":"third-parallel-sr6","title":"The Third Parallel","edition":"SR6","citation":"The Third Parallel, S. 10-39","purpose":"description"},{"bookId":"spy-games-sr4","title":"Spy Games","edition":"SR4","citation":"Spy Games, Denver-Kapitel S. 6-86","purpose":"description"}],"map_sources":[],"editions":["SR6","SR4"],"edition_descriptions":{"SR6":{"kind":"Ortsprofil","preview":"Warpdrive Systems Headquarters ist ein in The Third Parallel belegter Schauplatz im Bereich Centennial.","full":"Warpdrive Systems Headquarters ist ein in The Third Parallel belegter Schauplatz im Bereich Centennial. Die Position ist auf den belegten Stadt- oder Teilraum angenähert; eine hausgenaue Lage ist aus dem Datenmaterial nicht sicher ableitbar.","hasMore":true,"hasExcerpt":true,"sources":[{"bookId":"third-parallel-sr6","title":"The Third Parallel","edition":"SR6","citation":"The Third Parallel, S. 10-39","purpose":"description"}]},"SR4":{"kind":"Ortsprofil","preview":"Warpdrive Systems ist ein einheimischer Technologiekonzern, dessen Denver-Geschäft eng mit Matrix- und Verkehrsinfrastruktur verbunden ist.","full":"Warpdrive Systems ist ein einheimischer Technologiekonzern, dessen Denver-Geschäft eng mit Matrix- und Verkehrsinfrastruktur verbunden ist. Die Position ist auf den belegten Stadt- oder Teilraum angenähert; eine hausgenaue Lage ist aus dem Datenmaterial nicht sicher ableitbar.","hasMore":true,"hasExcerpt":true,"sources":[{"bookId":"spy-games-sr4","title":"Spy Games","edition":"SR4","citation":"Spy Games, Denver-Kapitel S. 6-86","purpose":"description"}]}}}},{"type":"Feature","geometry":{"type":"Point","coordinates":[-104.989737,39.744793]},"properties":{"id":141,"global_id":"denver:place:141-weekday-eclipse-memorial","name":"Weekday Eclipse Memorial","aliases":[],"category":"Sonstige Spots","detail_map":"The Hub","source_pages":"The Third Parallel, S. 10-39","map_source":"The Third Parallel","placement_note":"Nach Quellenbezug im Teilraum The Hub angenähert","accuracy":"Teilraumzuordnung; Feinposition vorläufig","source_map":"denver-content","source_panel":"The Hub","description_preview":"Weekday Eclipse Memorial ist ein in The Third Parallel belegter Schauplatz im Bereich The Hub.","description_full":"Weekday Eclipse Memorial ist ein in The Third Parallel belegter Schauplatz im Bereich The Hub. Die Position ist auf den belegten Stadt- oder Teilraum angenähert; eine hausgenaue Lage ist aus dem Datenmaterial nicht sicher ableitbar.","description_source":"The Third Parallel, S. 10-39","description_kind":"Ortsprofil","description_has_more":true,"detail_plans":[],"alternate_locations":[],"sources":[{"bookId":"third-parallel-sr6","title":"The Third Parallel","edition":"SR6","citation":"The Third Parallel, S. 10-39","purpose":"description"},{"bookId":"storm-front-sr4","title":"Storm Front","edition":"SR4","citation":"Storm Front, Lightning in Denver S. 87-111","purpose":"description"}],"map_sources":[],"editions":["SR6","SR4"],"edition_descriptions":{"SR6":{"kind":"Ortsprofil","preview":"Weekday Eclipse Memorial ist ein in The Third Parallel belegter Schauplatz im Bereich The Hub.","full":"Weekday Eclipse Memorial ist ein in The Third Parallel belegter Schauplatz im Bereich The Hub. Die Position ist auf den belegten Stadt- oder Teilraum angenähert; eine hausgenaue Lage ist aus dem Datenmaterial nicht sicher ableitbar.","hasMore":true,"hasExcerpt":true,"sources":[{"bookId":"third-parallel-sr6","title":"The Third Parallel","edition":"SR6","citation":"The Third Parallel, S. 10-39","purpose":"description"}]},"SR4":{"kind":"Ortsprofil","preview":"Der Weekday Eclipse war Perianwyrs Musikclub und ein Zentrum des Protests gegen Ghostwalker, bevor er 2074 durch einen Brandanschlag zerstört wurde.","full":"Der Weekday Eclipse war Perianwyrs Musikclub und ein Zentrum des Protests gegen Ghostwalker, bevor er 2074 durch einen Brandanschlag zerstört wurde. Die Position ist auf den belegten Stadt- oder Teilraum angenähert; eine hausgenaue Lage ist aus dem Datenmaterial nicht sicher ableitbar.","hasMore":true,"hasExcerpt":true,"sources":[{"bookId":"storm-front-sr4","title":"Storm Front","edition":"SR4","citation":"Storm Front, Lightning in Denver S. 87-111","purpose":"description"}]}}}},{"type":"Feature","geometry":{"type":"Point","coordinates":[-105.044398,39.838515]},"properties":{"id":148,"global_id":"denver:place:148-westminster","name":"Westminster","aliases":[],"category":"Bezirke","detail_map":"Westminster","source_pages":"The Third Parallel, S. 10-39","map_source":"The Third Parallel","placement_note":"Lore-Bezirkszentrum Westminster","accuracy":"Lore-Bezirk; Grenzebene separat geprüft","source_map":"denver-content","source_panel":"Westminster","description_preview":"Westminster ist ein kleiner Vorstadtdistrikt nordwestlich des Hub, dessen Verkehr und Unruhe häufig über die Grenze schwappen; ZDF und Überwachung reagieren hier besonders aggressiv.","description_full":"Westminster ist ein kleiner Vorstadtdistrikt nordwestlich des Hub, dessen Verkehr und Unruhe häufig über die Grenze schwappen; ZDF und Überwachung reagieren hier besonders aggressiv. Die Zusammenfassung folgt dem Bezirkskapitel der angegebenen Edition; heutige Grenzen dienen nur der geografischen Einordnung.","description_source":"The Third Parallel, S. 10-39","description_kind":"Bezirksprofil","description_has_more":true,"detail_plans":[],"alternate_locations":[],"sources":[{"bookId":"third-parallel-sr6","title":"The Third Parallel","edition":"SR6","citation":"The Third Parallel, S. 10-39","purpose":"description"}],"map_sources":[],"editions":["SR6"],"edition_descriptions":{"SR6":{"kind":"Bezirksprofil","preview":"Westminster ist ein kleiner Vorstadtdistrikt nordwestlich des Hub, dessen Verkehr und Unruhe häufig über die Grenze schwappen; ZDF und Überwachung reagieren hier besonders aggressiv.","full":"Westminster ist ein kleiner Vorstadtdistrikt nordwestlich des Hub, dessen Verkehr und Unruhe häufig über die Grenze schwappen; ZDF und Überwachung reagieren hier besonders aggressiv. Die Zusammenfassung folgt dem Bezirkskapitel der angegebenen Edition; heutige Grenzen dienen nur der geografischen Einordnung.","hasMore":true,"hasExcerpt":true,"sources":[{"bookId":"third-parallel-sr6","title":"The Third Parallel","edition":"SR6","citation":"The Third Parallel, S. 10-39","purpose":"description"}]}}}},{"type":"Feature","geometry":{"type":"Point","coordinates":[-104.89208,39.715714]},"properties":{"id":94,"global_id":"denver:place:94-wings-over-the-rockies-air-space-museum","name":"Wings Over the Rockies Air & Space Museum","aliases":[],"category":"Bildung und Kultur","detail_map":"Lowry","source_pages":"The Third Parallel, S. 10-39","map_source":"The Third Parallel","placement_note":"Nach Quellenbezug im Teilraum Lowry angenähert","accuracy":"Teilraumzuordnung; Feinposition vorläufig","source_map":"denver-content","source_panel":"Lowry","description_preview":"Wings Over the Rockies Air & Space Museum ist ein in The Third Parallel belegter Schauplatz im Bereich Lowry.","description_full":"Wings Over the Rockies Air & Space Museum ist ein in The Third Parallel belegter Schauplatz im Bereich Lowry. Die Position ist auf den belegten Stadt- oder Teilraum angenähert; eine hausgenaue Lage ist aus dem Datenmaterial nicht sicher ableitbar.","description_source":"The Third Parallel, S. 10-39","description_kind":"Ortsprofil","description_has_more":true,"detail_plans":[],"alternate_locations":[],"sources":[{"bookId":"third-parallel-sr6","title":"The Third Parallel","edition":"SR6","citation":"The Third Parallel, S. 10-39","purpose":"description"}],"map_sources":[],"editions":["SR6"],"edition_descriptions":{"SR6":{"kind":"Ortsprofil","preview":"Wings Over the Rockies Air & Space Museum ist ein in The Third Parallel belegter Schauplatz im Bereich Lowry.","full":"Wings Over the Rockies Air & Space Museum ist ein in The Third Parallel belegter Schauplatz im Bereich Lowry. Die Position ist auf den belegten Stadt- oder Teilraum angenähert; eine hausgenaue Lage ist aus dem Datenmaterial nicht sicher ableitbar.","hasMore":true,"hasExcerpt":true,"sources":[{"bookId":"third-parallel-sr6","title":"The Third Parallel","edition":"SR6","citation":"The Third Parallel, S. 10-39","purpose":"description"}]}}}},{"type":"Feature","geometry":{"type":"Point","coordinates":[-104.985588,39.73927]},"properties":{"id":198,"global_id":"denver:place:198-wonderland","name":"Wonderland","aliases":[],"category":"Bars und Clubs","detail_map":"The Hub","source_pages":"Spy Games, Denver-Kapitel S. 6-86","map_source":"Spy Games","placement_note":"Nach Quellenbezug im Teilraum The Hub angenähert","accuracy":"Teilraumzuordnung; Feinposition vorläufig","source_map":"denver-content","source_panel":"The Hub","description_preview":"Wonderland ist ein Club im Hub, der über verschachtelte Firmenkonstruktionen der freien Geistfrau Alyss gehört und von Diplomaten sowie Informationshändlern besucht wird.","description_full":"Wonderland ist ein Club im Hub, der über verschachtelte Firmenkonstruktionen der freien Geistfrau Alyss gehört und von Diplomaten sowie Informationshändlern besucht wird. Die Position ist auf den belegten Stadt- oder Teilraum angenähert; eine hausgenaue Lage ist aus dem Datenmaterial nicht sicher ableitbar.","description_source":"Spy Games, Denver-Kapitel S. 6-86","description_kind":"Ortsprofil","description_has_more":true,"detail_plans":[],"alternate_locations":[],"sources":[{"bookId":"spy-games-sr4","title":"Spy Games","edition":"SR4","citation":"Spy Games, Denver-Kapitel S. 6-86","purpose":"description"}],"map_sources":[],"editions":["SR4"],"edition_descriptions":{"SR4":{"kind":"Ortsprofil","preview":"Wonderland ist ein Club im Hub, der über verschachtelte Firmenkonstruktionen der freien Geistfrau Alyss gehört und von Diplomaten sowie Informationshändlern besucht wird.","full":"Wonderland ist ein Club im Hub, der über verschachtelte Firmenkonstruktionen der freien Geistfrau Alyss gehört und von Diplomaten sowie Informationshändlern besucht wird. Die Position ist auf den belegten Stadt- oder Teilraum angenähert; eine hausgenaue Lage ist aus dem Datenmaterial nicht sicher ableitbar.","hasMore":true,"hasExcerpt":true,"sources":[{"bookId":"spy-games-sr4","title":"Spy Games","edition":"SR4","citation":"Spy Games, Denver-Kapitel S. 6-86","purpose":"description"}]}}}},{"type":"Feature","geometry":{"type":"Point","coordinates":[-104.886164,39.580494]},"properties":{"id":48,"global_id":"denver:place:48-wuxing-cherry-park","name":"Wuxing Cherry Park","aliases":[],"category":"Freizeit und Natur","detail_map":"Centennial","source_pages":"The Third Parallel, S. 10-39","map_source":"The Third Parallel","placement_note":"Nach Quellenbezug im Teilraum Centennial angenähert","accuracy":"Teilraumzuordnung; Feinposition vorläufig","source_map":"denver-content","source_panel":"Centennial","description_preview":"Wuxing Cherry Park ist ein in The Third Parallel belegter Schauplatz im Bereich Centennial.","description_full":"Wuxing Cherry Park ist ein in The Third Parallel belegter Schauplatz im Bereich Centennial. Die Position ist auf den belegten Stadt- oder Teilraum angenähert; eine hausgenaue Lage ist aus dem Datenmaterial nicht sicher ableitbar.","description_source":"The Third Parallel, S. 10-39","description_kind":"Ortsprofil","description_has_more":true,"detail_plans":[],"alternate_locations":[],"sources":[{"bookId":"third-parallel-sr6","title":"The Third Parallel","edition":"SR6","citation":"The Third Parallel, S. 10-39","purpose":"description"}],"map_sources":[],"editions":["SR6"],"edition_descriptions":{"SR6":{"kind":"Ortsprofil","preview":"Wuxing Cherry Park ist ein in The Third Parallel belegter Schauplatz im Bereich Centennial.","full":"Wuxing Cherry Park ist ein in The Third Parallel belegter Schauplatz im Bereich Centennial. Die Position ist auf den belegten Stadt- oder Teilraum angenähert; eine hausgenaue Lage ist aus dem Datenmaterial nicht sicher ableitbar.","hasMore":true,"hasExcerpt":true,"sources":[{"bookId":"third-parallel-sr6","title":"The Third Parallel","edition":"SR6","citation":"The Third Parallel, S. 10-39","purpose":"description"}]}}}},{"type":"Feature","geometry":{"type":"Point","coordinates":[-105.221775,39.707295]},"properties":{"id":76,"global_id":"denver:place:76-zdf-station-front-range","name":"ZDF Station Front Range","aliases":[],"category":"Verkehr","detail_map":"Front Range","source_pages":"The Third Parallel, S. 10-39","map_source":"The Third Parallel","placement_note":"Nach Quellenbezug im Teilraum Front Range angenähert","accuracy":"Teilraumzuordnung; Feinposition vorläufig","source_map":"denver-content","source_panel":"Front Range","description_preview":"ZDF Station Front Range ist ein in The Third Parallel belegter Schauplatz im Bereich Front Range.","description_full":"ZDF Station Front Range ist ein in The Third Parallel belegter Schauplatz im Bereich Front Range. Die Position ist auf den belegten Stadt- oder Teilraum angenähert; eine hausgenaue Lage ist aus dem Datenmaterial nicht sicher ableitbar.","description_source":"The Third Parallel, S. 10-39","description_kind":"Ortsprofil","description_has_more":true,"detail_plans":[],"alternate_locations":[],"sources":[{"bookId":"third-parallel-sr6","title":"The Third Parallel","edition":"SR6","citation":"The Third Parallel, S. 10-39","purpose":"description"}],"map_sources":[],"editions":["SR6"],"edition_descriptions":{"SR6":{"kind":"Ortsprofil","preview":"ZDF Station Front Range ist ein in The Third Parallel belegter Schauplatz im Bereich Front Range.","full":"ZDF Station Front Range ist ein in The Third Parallel belegter Schauplatz im Bereich Front Range. Die Position ist auf den belegten Stadt- oder Teilraum angenähert; eine hausgenaue Lage ist aus dem Datenmaterial nicht sicher ableitbar.","hasMore":true,"hasExcerpt":true,"sources":[{"bookId":"third-parallel-sr6","title":"The Third Parallel","edition":"SR6","citation":"The Third Parallel, S. 10-39","purpose":"description"}]}}}},{"type":"Feature","geometry":{"type":"Point","coordinates":[-104.827519,38.839554]},"properties":{"id":60,"global_id":"denver:place:60-zebulons-revenge","name":"Zebulon’s Revenge","aliases":[],"category":"Sonstige Spots","detail_map":"Colorado Springs","source_pages":"The Third Parallel, S. 10-39","map_source":"The Third Parallel","placement_note":"Nach Quellenbezug im Teilraum Colorado Springs angenähert","accuracy":"Teilraumzuordnung; Feinposition vorläufig","source_map":"denver-content","source_panel":"Colorado Springs","description_preview":"Zebulon’s Revenge ist ein in The Third Parallel belegter Schauplatz im Bereich Colorado Springs.","description_full":"Zebulon’s Revenge ist ein in The Third Parallel belegter Schauplatz im Bereich Colorado Springs. Die Position ist auf den belegten Stadt- oder Teilraum angenähert; eine hausgenaue Lage ist aus dem Datenmaterial nicht sicher ableitbar.","description_source":"The Third Parallel, S. 10-39","description_kind":"Ortsprofil","description_has_more":true,"detail_plans":[],"alternate_locations":[],"sources":[{"bookId":"third-parallel-sr6","title":"The Third Parallel","edition":"SR6","citation":"The Third Parallel, S. 10-39","purpose":"description"}],"map_sources":[],"editions":["SR6"],"edition_descriptions":{"SR6":{"kind":"Ortsprofil","preview":"Zebulon’s Revenge ist ein in The Third Parallel belegter Schauplatz im Bereich Colorado Springs.","full":"Zebulon’s Revenge ist ein in The Third Parallel belegter Schauplatz im Bereich Colorado Springs. Die Position ist auf den belegten Stadt- oder Teilraum angenähert; eine hausgenaue Lage ist aus dem Datenmaterial nicht sicher ableitbar.","hasMore":true,"hasExcerpt":true,"sources":[{"bookId":"third-parallel-sr6","title":"The Third Parallel","edition":"SR6","citation":"The Third Parallel, S. 10-39","purpose":"description"}]}}}}]}
