{"type":"FeatureCollection","name":"Seattle Shadowrun-Bezirke","features":[{"type":"Feature","geometry":{"type":"MultiPolygon","coordinates":[[[[-122.23618494992792,47.17332272578722],[-122.23451234744778,47.173347987347164],[-122.23551183452913,47.17698018271098],[-122.24003478225941,47.17696160723407],[-122.2401909402719,47.180733579051484],[-122.24170628120383,47.18082576139717],[-122.24364314492063,47.18167315736002],[-122.24626281302369,47.18208372810203],[-122.25039136437418,47.1833493274779],[-122.25071167609589,47.184893625129625],[-122.2472916805727,47.18429538982149],[-122.24743574713918,47.188146513081904],[-122.25061809936685,47.188149949248405],[-122.2506251684034,47.19010870943002],[-122.25705429583691,47.18999765349605],[-122.25712929105097,47.19022718798373],[-122.25022429583026,47.19622556945107],[-122.25771805421616,47.19908178975249],[-122.2600263079601,47.19937879533086],[-122.26546541056666,47.19717319553061],[-122.27175744659242,47.19549301789146],[-122.27453094493012,47.19509080410825],[-122.28089713560392,47.19300423138887],[-122.28291416229159,47.19319196779455],[-122.28518333703293,47.19462085090644],[-122.2861634673799,47.199276470054464],[-122.28571502737631,47.199741705012954],[-122.28633379273367,47.20008551548494],[-122.28711965725387,47.20381837195589],[-122.28518679198933,47.2034312475383],[-122.28526997945896,47.20593524198126],[-122.28646611975748,47.20563240794576],[-122.2864987832371,47.208361087371394],[-122.28692783916956,47.208374591334085],[-122.28692296675038,47.21000628974965],[-122.28857413559597,47.210727144080856],[-122.29211009174311,47.22752293577982],[-122.26,47.25],[-122.25983340058788,47.252498991181874],[-122.25938744209999,47.251002368016614],[-122.26031790566944,47.25412497554689],[-122.2624231805743,47.257256847783125],[-122.27198879782044,47.257220398163525],[-122.27148050820811,47.268193024970415],[-122.261761096716,47.268219117464],[-122.26035932573758,47.274304682275194],[-122.26065189742333,47.27430612333814],[-122.25943694998416,47.27830621986515],[-122.26148692881412,47.278300589471414],[-122.26128697360842,47.278979243491335],[-122.26048543288131,47.278979446967554],[-122.26041905783659,47.28694338456515],[-122.2624189522857,47.28694440639154],[-122.26243545249447,47.29040257620777],[-122.26117190924512,47.290688938212014],[-122.26401594264316,47.29009236667327],[-122.26552255454583,47.29056686202722],[-122.26554547107474,47.30307331971145],[-122.26912917835654,47.303267499142315],[-122.27093391740947,47.30307239391655],[-122.27094751165467,47.304362017856974],[-122.27335765244972,47.30407022685763],[-122.27416579427747,47.30572352682778],[-122.2758634677685,47.30710694447666],[-122.27642740022232,47.307945921665635],[-122.27869778824326,47.31261242259556],[-122.28041289805658,47.314074355460484],[-122.27755367753147,47.314384330149885],[-122.27242138369742,47.31432490446845],[-122.27109883585732,47.3146506458136],[-122.27094939707041,47.34348141982064],[-122.26646391120482,47.34358215401311],[-122.26660564726136,47.34497132559082],[-122.2665176167037,47.34521180038659],[-122.26549532187389,47.34524909978248],[-122.26552275586714,47.34705306098007],[-122.24927757284117,47.3471686629385],[-122.25352410371322,47.34713844430172],[-122.25322580645161,47.351612903225806],[-122.24426495525158,47.34713247762579],[-122.24427378543577,47.34462600821263],[-122.2442506400183,47.351195891662805],[-122.24304549650869,47.3540153467187],[-122.23029905269807,47.35381379944366],[-122.22909818957307,47.354030304159956],[-122.21322407496037,47.35416315106895],[-122.21318578526224,47.35376925394118],[-122.21268273060643,47.35365882251854],[-122.2095011696864,47.35320877741994],[-122.20863240450667,47.35343023700094],[-122.20846731936717,47.35089277500987],[-122.20952048949088,47.350650652814934],[-122.20986023295939,47.349431988245435],[-122.20869639556985,47.34734962397374],[-122.20687121145167,47.345591272415746],[-122.205727081333,47.34372671864088],[-122.2055086291513,47.34292433515032],[-122.20567147512295,47.34215065527854],[-122.2068309192481,47.34073094296909],[-122.2061167986878,47.340731541840476],[-122.2055846541792,47.34127574182671],[-122.20481570077963,47.343544998011886],[-122.20757545866749,47.34698725681805],[-122.20721657200124,47.34935971390813],[-122.20763174980806,47.350896359431985],[-122.20415487645455,47.35086723976302],[-122.20418097739102,47.34610457005048],[-122.20240219623817,47.34609622644471],[-122.20237603885288,47.350852299722696],[-122.18678842739205,47.350720160438705],[-122.18678728228655,47.35026886276924],[-122.18146595373862,47.350272064953096],[-122.18146509653309,47.34981876817615],[-122.18080302682485,47.349816911458795],[-122.18079735978111,47.34891397280708],[-122.1657063619559,47.34888748944265],[-122.16558666773697,47.34356028699733],[-122.14622826378358,47.34360158144247],[-122.14699718134072,47.342233288474766],[-122.14863778322272,47.33783938093533],[-122.15030234441062,47.335713730759366],[-122.15247449039461,47.334173923629464],[-122.15787154298039,47.33167672248246],[-122.15916164444839,47.3307237718803],[-122.16145403071597,47.324107774147606],[-122.16703894244125,47.31793887196649],[-122.17079954444914,47.3116525339288],[-122.17327788144848,47.311638940724244],[-122.17,47.31],[-122.05,47.3],[-122.03852548731112,47.303824837562956],[-122.0386214207524,47.315051608762786],[-122.03404394625366,47.315032533662205],[-122.03762684813157,47.31821383900076],[-122.03938925554387,47.324063201796584],[-122.04014271006724,47.325389993201384],[-122.04425085514968,47.32835852908457],[-122.0459818703595,47.33621054935076],[-122.04757593262082,47.33658850282033],[-122.0516718836842,47.33662030626129],[-122.05257495634983,47.33699588799982],[-122.05313745863998,47.337620611286916],[-122.05405368901802,47.33973527642497],[-122.05399112978984,47.34367120075103],[-122.02704283918906,47.34361578958504],[-122.0279655282075,47.32948109402961],[-122.01947397878659,47.329415784511056],[-122.01733541977397,47.33133387677094],[-122.01733400469324,47.331959701973624],[-122.0149810359957,47.333158564462394],[-122.01317825662831,47.334912610786404],[-122.01216984318063,47.33373194543306],[-122.01023763489873,47.32952440903808],[-121.99596134535747,47.32952296802888],[-121.99707543623474,47.32819704274438],[-122.00082974732601,47.326469006476295],[-122.00312515594563,47.32460898851303],[-122.00383570139614,47.3234558546831],[-122.00379861830359,47.32222865825416],[-122.00432014571808,47.32027711065964],[-122.00414158580836,47.31860453120008],[-121.99464758557356,47.318450804808805],[-121.93375000000002,47.338750000000005],[-121.92205128205129,47.336410256410254],[-121.94,47.13],[-121.9511111111111,47.11],[-122.02,47.11],[-122.18521321243057,47.14812612594552],[-122.18518281215594,47.148863236112625],[-122.18615203499725,47.150033466699206],[-122.18782120383001,47.15014393987771],[-122.18785996271534,47.14904909651012],[-122.18925181216353,47.149058194626626],[-122.18916486811113,47.14931530131177],[-122.18944891305098,47.149376842694934],[-122.18945788490645,47.14910566574764],[-122.24722590944293,47.162436748332986],[-122.23766921049058,47.16249773675306],[-122.23629915766097,47.164783259066205],[-122.23667347774737,47.16564421721449],[-122.23613605016115,47.16647453422697],[-122.23618494992792,47.17332272578722]],[[-122.25465648353025,47.23839542987332],[-122.25425391062416,47.23286442648573],[-122.2554421695826,47.22837708451774],[-122.26218445023653,47.22837704939419],[-122.26214687981202,47.221139038251444],[-122.2550515574543,47.2211390469643],[-122.25330730911365,47.217931744105066],[-122.25337235271901,47.214402005709324],[-122.25276855045408,47.2115124970753],[-122.25128136221936,47.209753563594994],[-122.25049011735369,47.20808036947223],[-122.2482261110247,47.20636086993353],[-122.250677984754,47.20641236746573],[-122.25069394698751,47.20364199984186],[-122.25240556951587,47.203316786227],[-122.25279676597783,47.20287770481264],[-122.25465049527223,47.202290296657026],[-122.25477924581247,47.20201620060339],[-122.25386175960577,47.201327668905854],[-122.25363497187733,47.20142985792247],[-122.25363559869311,47.20091982100586],[-122.25527135197333,47.20017637632523],[-122.25666136765558,47.20015610295476],[-122.25666940551595,47.19976081007267],[-122.2583537042144,47.19977217066565],[-122.25667697668513,47.1993512409512],[-122.25666888944828,47.19910378681698],[-122.24983440284967,47.19651017496447],[-122.24906419003335,47.19664126635123],[-122.24428376705,47.19477968404348],[-122.24242187025025,47.19173652461779],[-122.23902506537779,47.18874697668894],[-122.23438993910803,47.186291709671075],[-122.23126552615605,47.18542286346192],[-122.2292797232964,47.1851904940331],[-122.22938942069398,47.1936021060994],[-122.22670220823981,47.19369414884261],[-122.21846078940621,47.195965441678126],[-122.21844035371281,47.19530505113599],[-122.20974966803122,47.19537733794032],[-122.20975973090457,47.19609751890937],[-122.2076986848295,47.1961168990405],[-122.20766748976088,47.19483717166303],[-122.20282221493237,47.194880939805834],[-122.20284407554108,47.19546661815555],[-122.20176745264489,47.19547225448957],[-122.20374697356958,47.1983360021214],[-122.20509188486167,47.199120627837495],[-122.20290283481849,47.19912717482491],[-122.20305238438343,47.206329782007586],[-122.20824604876441,47.2063370181951],[-122.20837592279035,47.21356944926544],[-122.21321262780113,47.21355089253403],[-122.21325465119622,47.21697475134486],[-122.21897054969592,47.21696744757776],[-122.21904973666406,47.228094749110625],[-122.21925613232165,47.22809608390421],[-122.21924684004804,47.229078076383736],[-122.21903859909247,47.22907673202867],[-122.21891839559555,47.241765238121815],[-122.20831826814602,47.2416717929628],[-122.21892454033596,47.24176529229062],[-122.2189098783408,47.24266430713036],[-122.22384410284128,47.24267724103703],[-122.22376436519399,47.246277609660936],[-122.2289652982225,47.24629105146452],[-122.22915132869339,47.24995089839814],[-122.23278948158482,47.2500264853808],[-122.23282574769108,47.25044744626719],[-122.23403812363011,47.25022967291063],[-122.23416789392776,47.25058997143797],[-122.22946684771352,47.25143275459249],[-122.22988635383828,47.25734309429409],[-122.24468099406599,47.25730085832223],[-122.2448506365828,47.249965566524125],[-122.24605763309896,47.24998470238096],[-122.24602718977367,47.24305190471999],[-122.25709055479166,47.24303004863361],[-122.25465648353025,47.23839542987332]],[[-122.13886773550973,47.17303605174215],[-122.14166895115937,47.173039108661584],[-122.14169413988773,47.170271156364315],[-122.13885435560829,47.1702728449213],[-122.13886773550973,47.17303605174215]],[[-122.14433382487344,47.177917743877636],[-122.14522881745631,47.17790504214313],[-122.14524526377237,47.17751959435478],[-122.14431262495864,47.1775237525012],[-122.14433382487344,47.177917743877636]],[[-122.16050212572937,47.154997343701034],[-122.16059196303428,47.15848342991592],[-122.16465050177557,47.158423810514236],[-122.16461210585533,47.159105775201134],[-122.16601292475416,47.15910976781299],[-122.16581693477737,47.162517618198095],[-122.16053678385614,47.16269142930651],[-122.160418051394,47.166270139462874],[-122.15766738710614,47.16461956963487],[-122.14441512062952,47.15832787520478],[-122.14438920153476,47.161025200057736],[-122.13888178035333,47.16108340161389],[-122.13887418737346,47.161998111524646],[-122.1335118824154,47.16204623442702],[-122.13349613040808,47.16383650335986],[-122.12869304495399,47.16383476768827],[-122.12872604776635,47.16561710769782],[-122.12263274607527,47.16564177811071],[-122.12259272780122,47.164881148648135],[-122.11754812768042,47.165103759750224],[-122.11757520756528,47.16574022464928],[-122.11656392148802,47.16562738562818],[-122.11648539089288,47.16590862967178],[-122.1161607742109,47.16591134679649],[-122.11622921275973,47.16998042423385],[-122.11884624015022,47.16995849414515],[-122.11882912564324,47.169010361899346],[-122.12180404334592,47.16839640543514],[-122.12176782947347,47.1662957849199],[-122.12217621144876,47.166320891859904],[-122.12223462038119,47.1678146792888],[-122.12293468783875,47.16781221726413],[-122.12299889342812,47.169585041394456],[-122.12619942990962,47.16957729643819],[-122.12615224267088,47.168486467339534],[-122.1275523625251,47.168477116783144],[-122.12755045578596,47.16816063405395],[-122.12936670657706,47.16815243899149],[-122.12935382000794,47.16910729864297],[-122.13251420826855,47.16908843055825],[-122.13254379344039,47.16986715491633],[-122.1331205638826,47.169861115943384],[-122.13313383049832,47.16879661981399],[-122.14452265147526,47.1686894351774],[-122.14440471877454,47.1709355884148],[-122.14931732516911,47.17089517405488],[-122.1493149417272,47.173642393228526],[-122.14414613222526,47.17366672006232],[-122.14400506004077,47.17711374652763],[-122.15400256529928,47.17707719595269],[-122.15977705020103,47.17484856111087],[-122.16611657877795,47.17343530879818],[-122.16830880816623,47.17331053383188],[-122.17080047989633,47.17373688620471],[-122.17622045127705,47.17661545244264],[-122.1762991269176,47.17959203152252],[-122.17250662089987,47.18092030565741],[-122.15465298196717,47.180893855103],[-122.15442600627335,47.18119463890985],[-122.15344316191228,47.180887024573664],[-122.1443756758225,47.18080036993453],[-122.14394445803796,47.20315017616148],[-122.14441452505793,47.20314287208718],[-122.14535071017202,47.20401520974776],[-122.14681014767719,47.2042922920324],[-122.14830005820082,47.20380133605473],[-122.14987152401777,47.204659200291836],[-122.15379864511942,47.205077101061896],[-122.15414749917313,47.205644408233624],[-122.15662253329465,47.206689024604074],[-122.15842547265017,47.208011619777864],[-122.16274292244094,47.20934128126322],[-122.16460572858475,47.211245424718044],[-122.1656998398275,47.21185895457626],[-122.16627057893713,47.211822758331],[-122.1683884973068,47.21012529212725],[-122.16865871836401,47.2077783913618],[-122.17104676140723,47.20636996678198],[-122.16837860529816,47.203651203132765],[-122.16814971372821,47.20306745738506],[-122.17122510345216,47.202161415088824],[-122.1692400636671,47.200280554893055],[-122.16984996267219,47.19997087903584],[-122.16965582129546,47.19921428701739],[-122.17626923654466,47.19924812526841],[-122.1763268679096,47.20291754794745],[-122.18702695823711,47.203101043114266],[-122.18737109131074,47.20676414232181],[-122.19236976062302,47.206656802796054],[-122.19207690269037,47.20116707853391],[-122.18688583661807,47.201272734675506],[-122.18672411739522,47.19944225462113],[-122.18410485570027,47.19939447484467],[-122.18426730879892,47.195691041102315],[-122.19485371380149,47.195632509748265],[-122.1950235304768,47.188360881600026],[-122.19507391705939,47.191759064877154],[-122.19995767293985,47.19174939043745],[-122.19948899479378,47.188324900066114],[-122.19768661366228,47.18833942317798],[-122.19768835059342,47.18624291961919],[-122.19917243737704,47.186235688969774],[-122.19897748532192,47.18527970823704],[-122.19765365388167,47.18370438479532],[-122.1975463509819,47.177095394762915],[-122.19856446348551,47.177095301322396],[-122.19855877625903,47.173791469600914],[-122.19784370555746,47.17378967981665],[-122.19778081914151,47.169689120696134],[-122.19819656630376,47.16968538543689],[-122.1980459502784,47.16212562535134],[-122.20377086980224,47.16208040730205],[-122.20383897862054,47.15847912558055],[-122.20883929284285,47.15848667613838],[-122.2088580718833,47.155910763783105],[-122.20783399390663,47.15503862093652],[-122.20722108161347,47.15494507186474],[-122.20504805828185,47.15594506929034],[-122.20272608902026,47.155749161575955],[-122.20198917983151,47.15535140249569],[-122.20085308492668,47.155405877085826],[-122.20003378888532,47.15506541344201],[-122.19925865986812,47.1536494203829],[-122.19833341600821,47.153225414418486],[-122.19607576807437,47.15140607980538],[-122.1887300662567,47.150212022443704],[-122.18788173226366,47.15081741588894],[-122.18782459395773,47.154939070216],[-122.18007279116057,47.15492565397664],[-122.1811661518132,47.153095747495854],[-122.17706847807456,47.153099581153796],[-122.17702969523374,47.154928498107886],[-122.1756586211254,47.15492977961919],[-122.1756717593146,47.15309706256238],[-122.17437337661273,47.15309910233854],[-122.17439584645362,47.15218507094223],[-122.17170756699393,47.152178913821444],[-122.17148673000348,47.15857114117549],[-122.16882149606923,47.158553551282],[-122.1688896295517,47.156740552529044],[-122.1675626564039,47.1567296823864],[-122.16760279440342,47.15536148175507],[-122.16628211044454,47.155357333806286],[-122.16628585976879,47.155055949261154],[-122.16050212572937,47.154997343701034]],[[-122.20306463511747,47.18449702205251],[-122.20306876369717,47.18430155096272],[-122.20246040767992,47.184305044524514],[-122.20246708499698,47.18399127435553],[-122.20158650760133,47.18399634466747],[-122.2015755151757,47.18451082570469],[-122.20306463511747,47.18449702205251]],[[-122.26817208384372,47.20523854163758],[-122.26938249264848,47.205458870158964],[-122.26933097731622,47.20214478743438],[-122.26772193632077,47.2021540960234],[-122.26770771855078,47.20123850954311],[-122.26459171576148,47.20097636882198],[-122.26225303757228,47.20191141567125],[-122.26329265126411,47.20190544323863],[-122.26353509808042,47.20458252408884],[-122.2641404106247,47.20469680246961],[-122.26413708292095,47.20448280211462],[-122.26744913817613,47.20531978907754],[-122.26742132799768,47.20352673917997],[-122.26796583287961,47.20352359224855],[-122.26817208384372,47.20523854163758]],[[-122.25990737737298,47.20414183900242],[-122.25992101224568,47.205026483335516],[-122.26496026902535,47.205681483780786],[-122.26495072088265,47.20506316076659],[-122.25990737737298,47.20414183900242]],[[-122.2829507528032,47.208658219558885],[-122.28375522211857,47.208645823012695],[-122.28374794387938,47.208426543279096],[-122.28294347784428,47.20843893977571],[-122.2829507528032,47.208658219558885]],[[-122.20211049093098,47.21263215220889],[-122.2013438065174,47.21278945927407],[-122.20157463537849,47.213311871083306],[-122.20234136619136,47.21315456283633],[-122.20211049093098,47.21263215220889]],[[-122.18774370297875,47.24722640578089],[-122.18774740848451,47.24794549909782],[-122.19009017027173,47.24783020894246],[-122.19008643346507,47.247111117468044],[-122.18774370297875,47.24722640578089]],[[-122.22673320111511,47.34686889057759],[-122.2251610069129,47.34687503803313],[-122.22507190701893,47.348700341517336],[-122.22668904127703,47.34899893512899],[-122.22666884535556,47.34997317095129],[-122.22851089994813,47.34997095615156],[-122.22845184767345,47.34640132194193],[-122.22674277159973,47.34640785744649],[-122.22673320111511,47.34686889057759]],[[-122.19690510713907,47.24608873483461],[-122.19823027119962,47.24602144768748],[-122.1977944862924,47.24515022602601],[-122.19691827405892,47.24577306741637],[-122.19690510713907,47.24608873483461]],[[-122.19693342831194,47.245409786446025],[-122.19760324059277,47.24494550845],[-122.19694911960232,47.24497963071486],[-122.19693342831194,47.245409786446025]]],[[[-122.24484099338665,47.250382535447535],[-122.24468099406599,47.25730085832223],[-122.23889788516264,47.25731736803258],[-122.24148859909705,47.25393284898698],[-122.24297520450952,47.25034501926452],[-122.24484099338665,47.250382535447535]]]]},"properties":{"id":"auburn","name":"Auburn","boundary_role":"lore-district","basis":"SR5-/SR6-Metroplexkarte und textliche Grenzhinweise; auf offizielle heutige Küsten- und County-Geometrien übertragen","lore_source":"Freiheit für Seattle (SR6) und Emerald City (SR6)","map_source":"SR5 Seattle - Karte Metroplex und Shadowrun 6E - Seattle - Poster Map","boundary_review_status":"source-refined","boundary_review_label":"Benannte Orte, Flüsse, Seen und Stadtgrenzen quellenabgeglichen; nur unpublizierte ländliche Zwischenlinien bleiben modelliert"}},{"type":"Feature","geometry":{"type":"MultiPolygon","coordinates":[[[[-122.2241704,47.6079639],[-122.22331704905855,47.60853204507159],[-122.22421994706158,47.60800027794566],[-122.22683527386107,47.60992047690747],[-122.2293124,47.6130938],[-122.23055669226535,47.61399365075106],[-122.2326418,47.6142968],[-122.2358873204831,47.61382204916443],[-122.2390618,47.6149486],[-122.24101279835433,47.6170728500746],[-122.24182715163077,47.61899683425196],[-122.2420556,47.620321],[-122.24268297737557,47.62101880093302],[-122.242291,47.6210788],[-122.2427249,47.6212431],[-122.2428534,47.6218672],[-122.2422774,47.6242099],[-122.24309020267111,47.62516037418662],[-122.2431708,47.6272414],[-122.2420999,47.6293333],[-122.2420202,47.6310998],[-122.2413823,47.6340756],[-122.2418571,47.6362783],[-122.2415672,47.6376371],[-122.2422492,47.6401054],[-122.2415185,47.6430044],[-122.2402728,47.6441686],[-122.24033645912975,47.64539079385895],[-122.24007392026294,47.645771133979224],[-122.2387106,47.6453994],[-122.236389,47.642562],[-122.2349522,47.6415364],[-122.2335869,47.6398025],[-122.2322609,47.6389516],[-122.232308,47.6371004],[-122.23155,47.6369941],[-122.2317275,47.6397534],[-122.23065668844579,47.639544510765965],[-122.2305573,47.6386499],[-122.2302539,47.6386447],[-122.23001608800512,47.63924641661343],[-122.2309943,47.6404576],[-122.2317435,47.6408983],[-122.2325206,47.6429539],[-122.2325024,47.6453786],[-122.2318372,47.6497638],[-122.23054623100532,47.65141569312212],[-122.2304523,47.6519886],[-122.2295524,47.6520052],[-122.2288909,47.6516965],[-122.229218,47.651349],[-122.2283164,47.650444],[-122.2283164,47.6490563],[-122.227633,47.6464841],[-122.2276947,47.6449304],[-122.2271911,47.641879],[-122.227198,47.6409698],[-122.2274765,47.6407734],[-122.227095,47.6408223],[-122.2263581,47.6401819],[-122.2267745,47.6394442],[-122.2265792,47.638984],[-122.2262391,47.6397311],[-122.2256703,47.6401256],[-122.2235378,47.6405054],[-122.2226603,47.6414098],[-122.2222354,47.6437893],[-122.2222887,47.6452131],[-122.22195,47.6458321],[-122.2218922,47.646913],[-122.2211677,47.6484562],[-122.2188873,47.6513351],[-122.2170478,47.6527312],[-122.21499927314477,47.65293729721259],[-122.2138573,47.652727],[-122.2134818,47.6523029],[-122.2136455,47.6516174],[-122.212924,47.6494066],[-122.2121744,47.6486217],[-122.2108179,47.6482744],[-122.20763622765838,47.648535593245086],[-122.2058766,47.6491963],[-122.2057445,47.6498008],[-122.2049147,47.6498987],[-122.2045571,47.650219],[-122.2045602,47.6506375],[-122.2054742,47.6520385],[-122.2058298,47.6535171],[-122.2062554,47.6538621],[-122.2061801,47.6547483],[-122.207997,47.6566799],[-122.2069476,47.658872],[-122.2073023807251,47.6617984520639],[-122.20725472535457,47.66140536093021],[-122.2082304,47.6631237],[-122.2082391,47.6641082],[-122.2077099,47.6642658],[-122.2079529,47.6649199],[-122.2072453,47.6670729],[-122.2077531,47.6672638],[-122.2078017,47.6684244],[-122.2072699,47.6688994],[-122.2071952,47.669625],[-122.2059132,47.671363],[-122.2058755,47.6732186],[-122.2067853,47.673839],[-122.2074408,47.6747506],[-122.2080465,47.6746463],[-122.2085677,47.675367],[-122.2095093,47.675288],[-122.2095482,47.6755689],[-122.2123885,47.6777063],[-122.2135111,47.6789231],[-122.2147738,47.6808843],[-122.2173309,47.6867741],[-122.2175092,47.6881191],[-122.2178411,47.6915185],[-122.2175463,47.6917181],[-122.2172238,47.6934953],[-122.2168418,47.6941602],[-122.2170323,47.6945982],[-122.2165534,47.6949995],[-122.2152721,47.6976867],[-122.2134481,47.6983042],[-122.2132637,47.6981335],[-122.2137104,47.6977398],[-122.2132464,47.6974488],[-122.21147,47.698386],[-122.2104583,47.7000691],[-122.2103936,47.7016547],[-122.2132544,47.7034264],[-122.2159499,47.7041113],[-122.2170205,47.7037519],[-122.2190725,47.7043174],[-122.2217774,47.7034404],[-122.2227369,47.7026613],[-122.2255072,47.701256],[-122.2260197,47.7007005],[-122.2255322,47.7000937],[-122.2258696,47.6998402],[-122.2259124,47.6990553],[-122.2269411,47.6985328],[-122.2273193,47.6979052],[-122.2297225,47.697287],[-122.232843,47.697711],[-122.2366228,47.6988794],[-122.2407346,47.6996208],[-122.2444597,47.7011805],[-122.244754,47.701509],[-122.2446485,47.7025495],[-122.246142,47.7048931],[-122.2483993,47.7063674],[-122.2492748,47.7077363],[-122.2509538,47.7081608],[-122.2521774,47.7099555],[-122.2547937,47.7118368],[-122.2582472,47.7149623],[-122.2583189,47.71566],[-122.2588234,47.7162842],[-122.2586108,47.7173116],[-122.2592326,47.7188485],[-122.2590742,47.7193153],[-122.2605731,47.7203382],[-122.2612286,47.7223583],[-122.2616406,47.7228145],[-122.2605505,47.724743],[-122.2618208,47.7259785],[-122.2616148,47.7270524],[-122.26174490423155,47.72634541525933],[-122.25975434593825,47.726338413000164],[-122.25989215510914,47.72618738689993],[-122.25955793124263,47.72619175045135],[-122.25982735457903,47.72562971337038],[-122.25079719410276,47.72556120480692],[-122.25072495739545,47.72709724692199],[-122.25010635367319,47.72809357712469],[-122.2491761880915,47.72823900753439],[-122.24796149381064,47.727689592468515],[-122.24712205114636,47.72863131846686],[-122.24656779394928,47.72878251356668],[-122.24454274194073,47.72822753316136],[-122.24558831349653,47.731786258702876],[-122.24284313957449,47.732161122100074],[-122.24189268188508,47.73320546672122],[-122.24044390222736,47.73354340618321],[-122.21880212987641,47.73327740695481],[-122.21853116751585,47.73419531147599],[-122.21315466138292,47.73240402718181],[-122.21322434770453,47.73299261592859],[-122.18776514575553,47.733070313889144],[-122.18665696881064,47.74084960602713],[-122.1756576599077,47.73715936589233],[-122.1750364215437,47.74738287484337],[-122.17584438041725,47.73397714475518],[-122.16407328046012,47.73392704456199],[-122.16416844577886,47.730196442242956],[-122.1622338893319,47.72969655712432],[-122.15903633748572,47.729568476369046],[-122.15913122012684,47.72586044333723],[-122.15569961952113,47.72584928041152],[-122.15574571852069,47.72405165072797],[-122.15308123450777,47.72404293649601],[-122.15303505534007,47.72584053801212],[-122.15425224237768,47.725844621313236],[-122.15444901187206,47.72688031423908],[-122.15257596449256,47.727199249890255],[-122.15256235069812,47.725838999073744],[-122.14892308399094,47.72582695507815],[-122.14824809163842,47.727821900433504],[-122.14807964811378,47.72942823145424],[-122.14840952618206,47.7310202829944],[-122.14933172812903,47.73267820945952],[-122.14561507980339,47.7326422491425],[-122.14536409491258,47.73189628796943],[-122.14324236011088,47.73004176113462],[-122.14307176565873,47.728531452319864],[-122.14215826407896,47.7285225828024],[-122.13859126762644,47.72965924656576],[-122.1401541033528,47.73157109616678],[-122.13951406108549,47.73177506370975],[-122.14034369966416,47.73259110452482],[-122.14017951048689,47.733693206828285],[-122.14095560291815,47.733704181125326],[-122.14095890611063,47.734576020886315],[-122.14247298650172,47.73459743280418],[-122.14247138915782,47.734188766189234],[-122.14381518376632,47.734207739767754],[-122.14381073120386,47.73304689164196],[-122.14564182370735,47.73305364585428],[-122.14586378025231,47.73433089305866],[-122.14642976327298,47.735046247719076],[-122.14950698748397,47.73641645489622],[-122.15293486015315,47.74039417375342],[-122.15368096799592,47.74248742627988],[-122.15650335222622,47.74472084980481],[-122.15824805629266,47.745433261096366],[-122.16024567666119,47.74735029301558],[-122.15991008191305,47.74734893188972],[-122.16033592933971,47.7476462845164],[-122.16029337313438,47.75057043277473],[-122.15917664768918,47.75038742119428],[-122.1557482051085,47.75060440667785],[-122.15401145744049,47.75127377158681],[-122.15400059436725,47.750517824743675],[-122.15283370856322,47.75051887649645],[-122.15287530944057,47.75137522735435],[-122.15251161322958,47.751382068251836],[-122.15225726335301,47.74969552092836],[-122.1499910062329,47.74967218149489],[-122.15002917499847,47.75104351498822],[-122.14954064116542,47.75105037924466],[-122.14954724834519,47.751527078468555],[-122.14660912658145,47.75154897582562],[-122.14494822981928,47.75108943207329],[-122.14418148466994,47.751219570947654],[-122.14375931030108,47.75156098516898],[-122.1438655278857,47.75247952534631],[-122.1435407485208,47.75290273092153],[-122.14272476752964,47.753191826291236],[-122.14104637940949,47.75306353440394],[-122.1397686129778,47.752494346385575],[-122.13674183646606,47.75264543481103],[-122.13334135231389,47.752393583233385],[-122.13252381389599,47.753043442273],[-122.13219997916372,47.75447698744835],[-122.13183561872981,47.75491642938701],[-122.13015584912326,47.7543549257206],[-122.12446206614915,47.75403267112139],[-122.12069371499526,47.75330443175314],[-122.12081936313521,47.757873989096396],[-122.11980946072029,47.75794271318322],[-122.11734841181243,47.759291765722246],[-122.11703599947029,47.759856078260285],[-122.11707656320776,47.76133545431755],[-122.11081655542722,47.76131377063761],[-122.11087861644035,47.76219395789008],[-122.11166822146893,47.76293855018188],[-122.11173451745782,47.765334834959226],[-122.1135123195861,47.765342089801784],[-122.11350571873183,47.76797761020166],[-122.11393624489554,47.76888491341636],[-122.11312592802233,47.7689356198606],[-122.11331806453842,47.77595490916703],[-122.16967460989176,47.776223484849396],[-122.16967199312319,47.77676505058604],[-122.17066148216166,47.77677087238854],[-122.17064844348435,47.77718549714488],[-122.17135909881065,47.777207497515356],[-122.1713527308119,47.77763400267374],[-122.17212114489645,47.777638725566966],[-122.17210425401562,47.77811978060383],[-122.1724220311555,47.77812276466737],[-122.17251104226322,47.78012685180859],[-122.17525153822668,47.78014248949589],[-122.17553759950857,47.78726215816564],[-122.18598074580848,47.78741495411115],[-122.18623621193883,47.79101484410047],[-122.18653983209927,47.79101999083983],[-122.18610656982347,47.8],[-122.105,47.8],[-122.075,47.71],[-122.06287320444537,47.649366022226786],[-122.06459144115644,47.649372092950756],[-122.06431922479923,47.65002073952733],[-122.06484145827126,47.650775986079836],[-122.06541116237807,47.65036750973323],[-122.06654538321152,47.65053309652345],[-122.06632716657307,47.65002955487926],[-122.06663046146214,47.649937924814516],[-122.06622119978945,47.64937777711974],[-122.07865579649713,47.649420400429946],[-122.07876486424148,47.65306523408977],[-122.07906830198867,47.65309511486216],[-122.0790809442882,47.65350934707684],[-122.07995478520614,47.65365919167655],[-122.08405947950222,47.656991510277464],[-122.08718279443796,47.65764418719652],[-122.08738112734896,47.658411818336006],[-122.08584522905139,47.6620634348726],[-122.08414211429115,47.66300539540412],[-122.08026658162026,47.66374254959116],[-122.07913256399719,47.66430058935072],[-122.07917391232702,47.665462052829646],[-122.08125507023279,47.6689623665556],[-122.08171720740464,47.671259648904154],[-122.08228980515969,47.67125673468618],[-122.0821708148351,47.67289038709367],[-122.07936341735578,47.67309078533394],[-122.07938168501482,47.67487055475317],[-122.08183649301722,47.674849020038266],[-122.08730626618079,47.67597076181095],[-122.08730063284445,47.67641560048996],[-122.08173155719908,47.67526463358105],[-122.08177115619166,47.67847274685254],[-122.08413161830286,47.67849617430494],[-122.08423568522429,47.68256028775274],[-122.07961101179016,47.682611053031636],[-122.08011899092674,47.683523584852246],[-122.08135693371715,47.68349991953269],[-122.08127380182721,47.68468207077039],[-122.08429132540337,47.68469336525645],[-122.08431904403497,47.68423063243328],[-122.08688405067815,47.684245198022005],[-122.08687178439794,47.68577831491841],[-122.09002801270249,47.68578984776957],[-122.09002503703682,47.687085141879344],[-122.08829897113145,47.68709136900365],[-122.0883132058409,47.689484264918555],[-122.08992301154487,47.68906882961453],[-122.09054937218494,47.68984553278931],[-122.09159012365625,47.690041260588224],[-122.09165043135927,47.69105661869771],[-122.09249794802429,47.69256977745866],[-122.09299618544725,47.69651784251908],[-122.09268475498439,47.69963877324171],[-122.09052719245484,47.69952125715174],[-122.09089288351733,47.700417762529646],[-122.09053457389113,47.70068698918722],[-122.09047741393307,47.70134234920927],[-122.09088089825163,47.701346343515134],[-122.0908505659456,47.70183896876473],[-122.09061037441771,47.701818388134825],[-122.0911726082475,47.703035180838924],[-122.09269531632698,47.703156563860574],[-122.09269102818755,47.70349587360301],[-122.09961766219253,47.70387300013243],[-122.0994952272692,47.710847227905845],[-122.11379448984829,47.71097059945039],[-122.11376121260726,47.710458206416746],[-122.1149840657241,47.710276135615175],[-122.11498836628877,47.710512759575195],[-122.11634435625257,47.71054576578353],[-122.11631883986477,47.71205692587942],[-122.11854935314815,47.71144677415723],[-122.12263570910304,47.71097326749881],[-122.13220536461975,47.711417284916045],[-122.13215029379795,47.70758702194378],[-122.13430201067104,47.707607517235736],[-122.13441130257466,47.70710856588779],[-122.13435965932035,47.70608479146774],[-122.1335261872089,47.7039070075198],[-122.14286362771013,47.70397499519835],[-122.1427331054712,47.7076789888547],[-122.15349612688064,47.70784136112779],[-122.15380740263076,47.71124694686336],[-122.15808108003426,47.71157429101852],[-122.16304936460925,47.71133559302371],[-122.16308166291878,47.70789729596335],[-122.16423632012486,47.70790390725732],[-122.16485884725525,47.69014806036047],[-122.163856859989,47.6826059252689],[-122.16390934851614,47.666500836005156],[-122.16169932151004,47.666467206109814],[-122.16174248643668,47.66549512746787],[-122.15865705979208,47.665463195700454],[-122.15876616398612,47.6607007021947],[-122.14328487624606,47.66064563981134],[-122.14330151588771,47.65260657367946],[-122.14296487204781,47.64593563981962],[-122.14310528219046,47.627383081286894],[-122.14060956651296,47.627864099334914],[-122.137696276954,47.62785948890138],[-122.13615791903342,47.628432128204494],[-122.13472000623811,47.62968704517197],[-122.13412152125542,47.63162729766695],[-122.13273354815608,47.63258647162009],[-122.13273099013149,47.63347745208901],[-122.13240931622107,47.63348463004846],[-122.13234419621223,47.63545204856906],[-122.1280497230157,47.63556062842629],[-122.12198595402018,47.6392033860983],[-122.12166267229544,47.63896682323306],[-122.11494452716934,47.64430559897472],[-122.11415288584686,47.64519566840814],[-122.11392064932204,47.64596860220197],[-122.11062758286191,47.645981200970354],[-122.11058466493039,47.63860246964683],[-122.11098198805753,47.63859756155045],[-122.11122296067416,47.627592702661794],[-122.0872714450419,47.62754966313862],[-122.0876997,47.6263384],[-122.087634,47.6254998],[-122.0884877,47.624095],[-122.089955,47.622335],[-122.0908353,47.6217295],[-122.0912985,47.6208733],[-122.0932898,47.619639],[-122.0967662,47.6183482],[-122.0998241,47.6158772],[-122.1033989,47.6135136],[-122.1076061,47.611574],[-122.1083347,47.6108481],[-122.1091682,47.6084905],[-122.1118812,47.6055094],[-122.10997219226941,47.60085963860058],[-122.1087267,47.5999275],[-122.10975004342636,47.600318551679464],[-122.10870061696964,47.59986222359616],[-122.108253,47.598742],[-122.1090608,47.598068],[-122.1106,47.591751],[-122.109866,47.586076],[-122.1099721,47.5847893],[-122.11062909998424,47.582092560972285],[-122.11200151580702,47.58035830480425],[-122.1106574,47.5819764],[-122.1118274,47.58014],[-122.11180156636856,47.57929704279144],[-122.11207017570234,47.57959148329418],[-122.1113491592582,47.57880112935783],[-122.1116323,47.5771448],[-122.110095,47.575425],[-122.1067127,47.5732734],[-122.1022555,47.5722846],[-122.09777999371629,47.571762957615924],[-122.09783850252961,47.56983527095739],[-122.0994388656746,47.56990411174617],[-122.0996116774659,47.569776472223325],[-122.0987785234211,47.568850595108856],[-122.09985194631761,47.56848504369326],[-122.0991091610768,47.56664528850032],[-122.09823607813112,47.56247617730193],[-122.09872852402124,47.560570429237615],[-122.09798613249798,47.55923465996819],[-122.1000099495166,47.55925269334502],[-122.10039767925629,47.558933605212836],[-122.10043191407102,47.548711959393515],[-122.09481840005432,47.54861758192306],[-122.09481402660838,47.55200214002714],[-122.08419824804392,47.551818533517846],[-122.08412810319544,47.54831725280563],[-122.07882436613657,47.5482688939257],[-122.07879884965881,47.5468243055145],[-122.0707786361903,47.54688545523885],[-122.07128905381073,47.54484378475708],[-122.07354943520356,47.54484850817603],[-122.07360014733672,47.54255614998767],[-122.07185683659249,47.54257265363003],[-122.07197782080543,47.54208871677829],[-122.0736346132313,47.542068980504006],[-122.07361930824075,47.53774151541084],[-122.0762752400614,47.53777666443942],[-122.0763472058142,47.5305811894195],[-122.07900283149837,47.53061628471207],[-122.07904422061321,47.52595577938679],[-122.115,47.49],[-122.13514702682116,47.49223855853569],[-122.13520976953168,47.49546560252311],[-122.1430299632102,47.49561086387363],[-122.14315737394786,47.50102023709659],[-122.147415387329,47.50105610846337],[-122.14743589839965,47.501959129414146],[-122.14864998731873,47.50197085462721],[-122.14866980825725,47.5028783578456],[-122.14344573715756,47.50280599300192],[-122.14337425173026,47.50876384564631],[-122.14490307811715,47.508791496044495],[-122.1448965186687,47.50925462191543],[-122.14529000884556,47.50926192205546],[-122.14535353536017,47.51211278089257],[-122.14309408907357,47.51207508635099],[-122.14303767528894,47.51673334845403],[-122.14454999001926,47.51714378854655],[-122.15874471276165,47.5189354032119],[-122.15875889846437,47.51617635562053],[-122.15943208018759,47.51582662948013],[-122.16098638899922,47.51673623639171],[-122.16987912822405,47.51692850873728],[-122.16990860516808,47.51445186447264],[-122.17118652407736,47.51299323676831],[-122.17093377131485,47.51218510826499],[-122.17006619696062,47.51217412330606],[-122.16989280838709,47.51193494330256],[-122.16985018508215,47.51024643188114],[-122.17085182299141,47.510177043420796],[-122.17044931642748,47.50896613675004],[-122.17123337716289,47.508978649195804],[-122.17113396541613,47.508425760539645],[-122.17262501163727,47.5084609066914],[-122.17250470170863,47.51024376099729],[-122.1727575150953,47.51103257539441],[-122.17227931911609,47.51107564434224],[-122.17297356190436,47.51366044909615],[-122.17523417677712,47.513675577319006],[-122.17522668841171,47.51472474686504],[-122.17580826352403,47.514732132536565],[-122.17580622146558,47.51498759333114],[-122.17522486060835,47.51498708733743],[-122.17522132928465,47.5154855800586],[-122.17947562723734,47.515524208918116],[-122.17949893432049,47.516942582237945],[-122.18412713275191,47.51695261414117],[-122.18528116764485,47.518181527713146],[-122.18571116791203,47.51818094352593],[-122.18569327635132,47.52175084446495],[-122.18534732626028,47.52175006037617],[-122.18534594481608,47.5222528896219],[-122.18714806926704,47.52227050646256],[-122.18713192586118,47.52307601726259],[-122.18757338095763,47.523077044679084],[-122.18833274154251,47.522457797976074],[-122.18936090270459,47.52258366619024],[-122.19080484116711,47.52428064345832],[-122.19073537736644,47.53145444297945],[-122.1931387775169,47.53145901628018],[-122.19363967218735,47.532129708269885],[-122.1936052396475,47.53340891341209],[-122.19230081240927,47.5333799817865],[-122.19225257596722,47.53473959983337],[-122.19287405977508,47.53475157887017],[-122.19288156160196,47.5355249337026],[-122.19219125124191,47.53551981284191],[-122.19219676434588,47.53736072670147],[-122.19324058817318,47.53773295132235],[-122.19284834595959,47.53873927105094],[-122.19412624844306,47.53872961934397],[-122.19447351522777,47.539758434297006],[-122.19615046702924,47.5397471971648],[-122.1969806,47.5428318],[-122.19660655998048,47.546019347776586],[-122.1970751,47.5473914],[-122.1968647,47.5500299],[-122.1973003,47.5521148],[-122.1970727,47.5529652],[-122.1966784,47.5532422],[-122.1955001,47.5530462],[-122.194414,47.5536722],[-122.1934743,47.5546702],[-122.1931171,47.5571016],[-122.1924545,47.5574202],[-122.1917123,47.5584147],[-122.1907311,47.5605885],[-122.1895895,47.5613414],[-122.189023,47.5630326],[-122.1899242,47.5644805],[-122.1914116,47.5653628],[-122.1915636,47.5667391],[-122.1928253,47.5677121],[-122.1942158,47.5699879],[-122.194728,47.570385],[-122.19477354803203,47.57115101908889],[-122.1942081,47.5715823],[-122.1918812,47.5716106],[-122.1907741,47.5722149],[-122.1895993,47.5713056],[-122.1916591,47.5705683],[-122.1922262,47.5698488],[-122.1912193,47.5684073],[-122.1899316,47.5674479],[-122.189345,47.5674459],[-122.1909538,47.5685522],[-122.1916831,47.56962],[-122.1912756,47.5704053],[-122.1892371,47.5710646],[-122.1888093,47.5704476],[-122.1899676,47.569942],[-122.1903147,47.5696465],[-122.1901699,47.569322],[-122.1880812,47.5677512],[-122.1879874,47.5674301],[-122.1875885,47.5674645],[-122.1876077,47.5677975],[-122.18973,47.5694691],[-122.1885901,47.5701496],[-122.1880913,47.5699824],[-122.1883815,47.5708993],[-122.1916864,47.5736763],[-122.18963,47.5734901],[-122.1883781,47.5756381],[-122.1867644,47.5756266],[-122.1867431,47.5752418],[-122.1857724,47.5752303],[-122.1857647,47.5763667],[-122.1881067,47.5764238],[-122.1875371,47.5777598],[-122.1890172,47.5784862],[-122.1933146,47.5780081],[-122.1974328,47.5788673],[-122.1994532,47.5803667],[-122.2002752,47.5815244],[-122.2032884,47.5818413],[-122.2035728,47.5833837],[-122.2044743,47.5838411],[-122.2063981,47.5875877],[-122.2070686,47.5901239],[-122.20885001326558,47.591863263377384],[-122.2091352,47.5924935],[-122.209783,47.5925587],[-122.21021436400353,47.59407220752241],[-122.2109548,47.5945555],[-122.2110146,47.5949235],[-122.2101199,47.5968705],[-122.2110155,47.5990118],[-122.2108119,47.5997102],[-122.2123092,47.6003569],[-122.214797,47.602379],[-122.215186,47.6028548],[-122.2158012,47.6053633],[-122.2159324,47.6065512],[-122.2150328,47.6086952],[-122.2113649,47.6083232],[-122.2106664,47.6077182],[-122.2087709,47.606856],[-122.2072021,47.6065225],[-122.2068108,47.6069344],[-122.20713177971999,47.60797096056993],[-122.20703941525923,47.6076726820429],[-122.2091850409621,47.610067650798086],[-122.2082711,47.6089758],[-122.2092414,47.6099624],[-122.21708556775322,47.61365121044064],[-122.21961098561547,47.61519070264291],[-122.2203644,47.6154389],[-122.2213212,47.6153313],[-122.2225604,47.6137415],[-122.2227468,47.6127556],[-122.2224377,47.6116269],[-122.2232169,47.6094398],[-122.2232075,47.608501],[-122.2241704,47.6079639]],[[-122.2097903762394,47.59281329680583],[-122.21016646317595,47.594034490169065],[-122.21021436400353,47.59407220752241],[-122.2097903762394,47.59281329680583]],[[-122.07916507881988,47.69368549516964],[-122.07906211119028,47.69972012191457],[-122.08428979356519,47.69972640397003],[-122.08453322647931,47.692155027304544],[-122.08005739574355,47.69217512342359],[-122.07940974911013,47.69290936869902],[-122.07916507881988,47.69368549516964]]],[[[-122.26325961427871,47.731146770954986],[-122.26313357793109,47.72939912238492],[-122.2616148,47.7270524],[-122.263205,47.7294145],[-122.2634516,47.7313651],[-122.2648592,47.7334606],[-122.2650562,47.7355095],[-122.2673833,47.7381343],[-122.2674669,47.7386179],[-122.2667867342965,47.738669028483336],[-122.26726966626441,47.738155124606486],[-122.26505698658875,47.73572031612027],[-122.26472215888165,47.73350028743181],[-122.26325961427871,47.731146770954986]]],[[[-122.26513446309697,47.74024289569509],[-122.26518978555295,47.73883948873266],[-122.26559060856803,47.73855133890527],[-122.2667867342965,47.738669028483336],[-122.2653424,47.7387776],[-122.2653961,47.7397637],[-122.264405,47.7416333],[-122.26513446309697,47.74024289569509]]],[[[-122.2630864,47.7441526],[-122.2641830602351,47.74282963809903],[-122.264405,47.7416333],[-122.2643786,47.7426619],[-122.2630864,47.7441526]]],[[[-122.26281989394795,47.745613339312165],[-122.2630864,47.7441526],[-122.2628649,47.7457211],[-122.26181544175964,47.74700578163907],[-122.26281989394795,47.745613339312165]]],[[[-122.26109737033754,47.747734352795256],[-122.2613322397644,47.74759728752978],[-122.2613221,47.7476097],[-122.26109737033754,47.747734352795256]]],[[[-122.2586469,47.7491644],[-122.26003270342038,47.74835567186431],[-122.2597424,47.7489228],[-122.2586469,47.7491644]]],[[[-122.2709903087523,47.75594185251377],[-122.2703679255343,47.75640507368463],[-122.2713004,47.755489],[-122.2709903087523,47.75594185251377]]],[[[-122.2655155,47.7575648],[-122.26298697478215,47.7571458173133],[-122.26283674066761,47.75646779281469],[-122.2632612,47.7570633],[-122.2655155,47.7575648]]],[[[-122.26846545765804,47.757441439446666],[-122.2655155,47.7575648],[-122.2688464,47.7572368],[-122.27025958128132,47.756485711064094],[-122.26846545765804,47.757441439446666]]],[[[-122.28277625388029,47.77729679790946],[-122.26705803892504,47.7770981987328],[-122.26710041427104,47.779068168309614],[-122.26583120739333,47.77908521750923],[-122.26584941374841,47.779633279487264],[-122.26542820930788,47.77993422347961],[-122.26532307461724,47.78220193106128],[-122.26471093512481,47.78220140077772],[-122.26470885067671,47.78249340382029],[-122.26532328966648,47.78249584238855],[-122.26532465613928,47.78436993736033],[-122.26484625985198,47.78436810652617],[-122.26484292861738,47.78554637949344],[-122.26339568249804,47.785550036110386],[-122.26361996953518,47.787077781951],[-122.26392905417484,47.787080094401034],[-122.26401620951627,47.78764761689626],[-122.26440256980182,47.78765050556773],[-122.26440767297993,47.78813016532104],[-122.2612811407113,47.78811424427978],[-122.26239906944356,47.789087202296585],[-122.26372376672221,47.789732013266345],[-122.26413535587928,47.79020963373126],[-122.26458731800824,47.79190372877269],[-122.25576192765966,47.79170920330418],[-122.25709482019123,47.793396206037215],[-122.25921119628092,47.79521343626907],[-122.25941865274602,47.796019140530355],[-122.24789144595441,47.798731424481325],[-122.24384777704881,47.79869839230875],[-122.24372659417452,47.78421601483122],[-122.24239593569617,47.784204203184345],[-122.24236731270425,47.78060882404192],[-122.24370135876393,47.78062014166208],[-122.24378962270538,47.777054913983626],[-122.22751780814488,47.77683307918351],[-122.27451452040263,47.77708712241576],[-122.28277625388029,47.77729679790946]]],[[[-122.20903315716512,47.54441576316041],[-122.2085328,47.543884],[-122.20871496741306,47.54362154718122],[-122.20903315716512,47.54441576316041]]],[[[-122.20913006983956,47.56002540543449],[-122.2091113,47.559988],[-122.20913664737235,47.5599191703086],[-122.20913006983956,47.56002540543449]]],[[[-122.20797486936095,47.56526274662801],[-122.2083349,47.5647341],[-122.20891059518615,47.564335217796774],[-122.20797486936095,47.56526274662801]]],[[[-122.20784820246247,47.567886707682014],[-122.20792200625591,47.567386765384875],[-122.20798188419467,47.56753312038927],[-122.20784820246247,47.567886707682014]]],[[[-122.2121677801528,47.58236514858445],[-122.212081,47.5823663],[-122.2120007478374,47.58224135895372],[-122.2121677801528,47.58236514858445]]],[[[-122.21826421884963,47.585041504716536],[-122.2182328,47.5850404],[-122.21795892899374,47.58479763979254],[-122.21826421884963,47.585041504716536]]],[[[-122.2179485029468,47.61417725487132],[-122.21708556775322,47.61365121044064],[-122.2175421,47.6138659],[-122.2179485029468,47.61417725487132]]],[[[-122.20547776243389,47.50444488465574],[-122.2050123,47.5045491],[-122.2054211,47.504401],[-122.20547776243389,47.50444488465574]]],[[[-122.205712,47.5046263],[-122.20516697180273,47.50463108353439],[-122.20547776243389,47.50444488465574],[-122.205712,47.5046263]]],[[[-122.20250055286992,47.50703878571639],[-122.2020539,47.506146],[-122.2027631,47.5069773],[-122.20250055286992,47.50703878571639]]],[[[-122.18957071536093,47.522830246856664],[-122.1900762540151,47.52316719335913],[-122.19080484116711,47.52428064345832],[-122.18957071536093,47.522830246856664]]],[[[-122.20766529627825,47.56675930908474],[-122.207457,47.5664671],[-122.20747040935872,47.5662829620935],[-122.20766529627825,47.56675930908474]]],[[[-122.20153831685866,47.57678570478591],[-122.2015305,47.5767044],[-122.20160657745903,47.57661330106152],[-122.20153831685866,47.57678570478591]]],[[[-122.20173260735673,47.57777543107308],[-122.2016297,47.5777362],[-122.2016201614648,47.577636987695435],[-122.20173260735673,47.57777543107308]]],[[[-122.20771284549478,47.580932494195366],[-122.2075079,47.580911],[-122.20734713691931,47.58086455479577],[-122.20771284549478,47.580932494195366]]],[[[-122.2080127177315,47.59104573202958],[-122.2070686,47.5901239],[-122.2078679,47.5905979],[-122.2080127177315,47.59104573202958]]],[[[-122.2073059,47.6593415],[-122.20703556073508,47.65959755484692],[-122.2069476,47.658872],[-122.2073059,47.6593415]]],[[[-122.1475072197734,47.50415533697324],[-122.14843423611909,47.5045147571849],[-122.14865208394862,47.50547597235494],[-122.14811527840536,47.50544132640763],[-122.14812062148667,47.50462620978299],[-122.14730735719952,47.50448599774546],[-122.14735058110226,47.506398612489114],[-122.14603560839205,47.506477883229245],[-122.14598720589701,47.504634917425925],[-122.1475072197734,47.50415533697324]]],[[[-122.0747688,47.5561433],[-122.0743021,47.5566936],[-122.07471726481312,47.556088751059505],[-122.0747688,47.5561433]]],[[[-122.07777016893625,47.55681363104502],[-122.0795601,47.5586589],[-122.0775461,47.5567136],[-122.0774621,47.5560012],[-122.07777016893625,47.55681363104502]]],[[[-122.0681260538781,47.55749578448761],[-122.0692474,47.5573324],[-122.0680947639244,47.55762094430238],[-122.0681260538781,47.55749578448761]]],[[[-122.0692474,47.5573324],[-122.07079960555843,47.5577504496341],[-122.070724,47.5578706],[-122.0692474,47.5573324]]],[[[-122.0802065,47.5629937],[-122.08299252354936,47.56756362690735],[-122.08295335995605,47.568267313795324],[-122.0824089,47.5667965],[-122.0802065,47.5629937]]],[[[-122.08966027269037,47.56976827580588],[-122.0910939,47.570963],[-122.0896352,47.5698077],[-122.0873829,47.5702029],[-122.08966027269037,47.56976827580588]]],[[[-122.0923858,47.5715705],[-122.09318871955897,47.57131147721109],[-122.0932939,47.5713929],[-122.0923858,47.5715705]]],[[[-122.1111554,47.5786607],[-122.11146476362137,47.57812486179066],[-122.1113491592582,47.57880112935783],[-122.1111554,47.5786607]]],[[[-122.1106,47.591751],[-122.11027310870043,47.59309258805834],[-122.110098,47.592548],[-122.1106,47.591751]]],[[[-122.0872714450419,47.62754966313862],[-122.086902,47.6305312],[-122.0870215,47.6282566],[-122.0872714450419,47.62754966313862]]],[[[-122.0874087,47.6322353],[-122.0891438,47.6347787],[-122.0884293,47.6339746],[-122.0874087,47.6322353]]],[[[-122.1046135,47.6524764],[-122.10387234041731,47.65261539299562],[-122.1040108,47.6525495],[-122.1046135,47.6524764]]],[[[-122.09275012315071,47.65477425330488],[-122.0913066,47.6530814],[-122.0920248,47.6536141],[-122.09275012315071,47.65477425330488]]],[[[-122.0983557,47.6552433],[-122.0988711,47.6553527],[-122.1003387,47.6549057],[-122.101629,47.653683],[-122.10387234041731,47.65261539299562],[-122.10487303845895,47.652543055697876],[-122.1070864,47.6531115],[-122.1076427,47.653027],[-122.10770949110993,47.65264395176523],[-122.11184660426684,47.654215334584464],[-122.1136507539462,47.65632917861026],[-122.11515331813573,47.657249475790884],[-122.1186371669665,47.655791616087],[-122.12582270359165,47.66194713342795],[-122.12662224547624,47.663872282417984],[-122.12650683536287,47.66658139562359],[-122.11070633932754,47.667168199819415],[-122.11068489531927,47.664304124989705],[-122.10470273347883,47.66429991416213],[-122.10473583177156,47.662333467481886],[-122.099968067761,47.66229891046547],[-122.0999674819249,47.65928123163573],[-122.09798140498577,47.65928137925345],[-122.09797389949166,47.659637461542836],[-122.09640150969491,47.659660828013216],[-122.09439883354567,47.656345553308725],[-122.09255357913968,47.654985275702096],[-122.09275012315071,47.65477425330488],[-122.0940279,47.6556609],[-122.0946524,47.6556177],[-122.0948404,47.6549528],[-122.0950447,47.6554642],[-122.0953777,47.6554043],[-122.0954057,47.6551214],[-122.0961025,47.655453],[-122.097434,47.6554168],[-122.0977008,47.6557521],[-122.0983557,47.6552433]]],[[[-122.16616504631038,47.76892448737217],[-122.16348567839529,47.765456338333806],[-122.16381777436087,47.76544402743849],[-122.16646537613184,47.768871064500495],[-122.16654549074366,47.77040776095582],[-122.16624375078416,47.77040879664546],[-122.16616504631038,47.76892448737217]]]]},"properties":{"id":"bellevue","name":"Bellevue","boundary_role":"lore-district","basis":"SR5-/SR6-Metroplexkarte und textliche Grenzhinweise; auf offizielle heutige Küsten- und County-Geometrien übertragen","lore_source":"Freiheit für Seattle (SR6) und Emerald City (SR6)","map_source":"SR5 Seattle - Karte Metroplex und Shadowrun 6E - Seattle - Poster Map","boundary_review_status":"source-refined","boundary_review_label":"Benannte Orte, Flüsse, Seen und Stadtgrenzen quellenabgeglichen; nur unpublizierte ländliche Zwischenlinien bleiben modelliert"}},{"type":"Feature","geometry":{"type":"Polygon","coordinates":[[[-122.23294909118488,47.59391225241553],[-122.23542267022096,47.592639545662585],[-122.23764817349752,47.59248659205122],[-122.24011952702475,47.593418271451654],[-122.24169901982427,47.59566898088248],[-122.24531434709877,47.59615758031958],[-122.24634701821498,47.59576885370108],[-122.24650580084148,47.59466039070468],[-122.24809149072968,47.59292000449611],[-122.24922046220958,47.59244851947102],[-122.2502233525346,47.592323097896376],[-122.25124986303562,47.592899457315795],[-122.2524851704941,47.59307993889136],[-122.2536691221743,47.592916696590116],[-122.25401911106287,47.5922915415626],[-122.25409659879912,47.59025582848662],[-122.25457903133697,47.58838517758709],[-122.25376684626706,47.58543745634972],[-122.25204990909836,47.58118809948168],[-122.25099379144972,47.58064456983439],[-122.25010245663015,47.580577540899014],[-122.24897336371234,47.57943135002178],[-122.24679235835606,47.57833947302282],[-122.2444082854814,47.57558149036538],[-122.24226175726115,47.57467033515298],[-122.23794496287908,47.57126871416409],[-122.23386391733754,47.56872131797665],[-122.23304817773845,47.567282887545694],[-122.23285693238932,47.565962202009096],[-122.23119111742616,47.56286060005665],[-122.23094224583322,47.55898477703143],[-122.23125998254112,47.5583801102513],[-122.2310342035881,47.556829238988136],[-122.23122830824381,47.55600033264123],[-122.23311146765269,47.55413266245022],[-122.2331814781728,47.5522239786492],[-122.23462789300268,47.551208268200504],[-122.23554750816031,47.550107254136414],[-122.23711765987355,47.54611331122774],[-122.23760993023733,47.543566553309795],[-122.23820542933304,47.5424396196846],[-122.23880872830078,47.54209133645602],[-122.24133688436116,47.541673665606886],[-122.24402052075132,47.53825565038463],[-122.24423998171079,47.5375636514172],[-122.2433764439335,47.53537424467864],[-122.24277704409106,47.53449968507906],[-122.24114636396764,47.533235134985794],[-122.23896250110671,47.53084898462018],[-122.23712035266439,47.52944827082137],[-122.23457863827558,47.52844562064034],[-122.22752626082386,47.524420177649546],[-122.22602130465559,47.52435576487322],[-122.22484319952987,47.52462985838359],[-122.2241289121412,47.52519793060786],[-122.22362961497431,47.52624757870253],[-122.21914799545709,47.528669738868075],[-122.21798365969471,47.53038590840999],[-122.21674492605537,47.53110432280774],[-122.2155675939831,47.532326987613615],[-122.21333430411148,47.53394366776586],[-122.2115492868284,47.53677025110464],[-122.20956530239965,47.53911508374949],[-122.20910295148913,47.540690965047744],[-122.20942595472063,47.542329127970156],[-122.20880641837557,47.543543799368955],[-122.20920949511229,47.54509390167081],[-122.20911038982936,47.54743587324743],[-122.20990322320087,47.5508267735493],[-122.20965088388054,47.55151881881803],[-122.20975558729411,47.55316898057927],[-122.20946957002796,47.55457954301725],[-122.20849171207031,47.55557090909022],[-122.20932189469816,47.55692720148975],[-122.20903423963307,47.561573179408875],[-122.2095362737818,47.56244836833277],[-122.2095189650014,47.56317776248995],[-122.20921944859396,47.56402906995661],[-122.20731899610364,47.56591287441055],[-122.20798188419467,47.56753312038927],[-122.20730280715249,47.56932927465027],[-122.20677356379687,47.56985803586979],[-122.20420217205171,47.57101538052224],[-122.20316429841066,47.57342177736406],[-122.2031351418673,47.574628319084304],[-122.20194753291455,47.57575216022685],[-122.20133854526203,47.577290261837824],[-122.2020128639803,47.57812048301683],[-122.20405730825115,47.57885770192987],[-122.20583053259944,47.58058280808861],[-122.21107827941353,47.58155770666005],[-122.21220364934705,47.58239173166989],[-122.21534827896427,47.58271225778997],[-122.21848168452368,47.5852152158604],[-122.2210002948968,47.58524772314635],[-122.22242571129736,47.58610773397474],[-122.22461675519827,47.58659131833511],[-122.22476781295853,47.58713351422138],[-122.2239749950102,47.58803641100659],[-122.22386015974737,47.58871696153307],[-122.22468909590596,47.59232146326983],[-122.22627539286164,47.59468865810776],[-122.22710658028592,47.59521130367012],[-122.22810429842754,47.59537125660712],[-122.22865580998626,47.594628431710674],[-122.23079378394007,47.59380153261301],[-122.23294909118488,47.59391225241553]]]},"properties":{"id":"council-island","name":"Council Island","boundary_role":"foreign-enclave","basis":"SR5-/SR6-Metroplexkarte und textliche Grenzhinweise; auf offizielle heutige Küsten- und County-Geometrien übertragen","lore_source":"Freiheit für Seattle (SR6) und Emerald City (SR6)","map_source":"SR5 Seattle - Karte Metroplex und Shadowrun 6E - Seattle - Poster Map","boundary_review_status":"source-refined","boundary_review_label":"Benannte Orte, Flüsse, Seen und Stadtgrenzen quellenabgeglichen; nur unpublizierte ländliche Zwischenlinien bleiben modelliert"}},{"type":"Feature","geometry":{"type":"MultiPolygon","coordinates":[[[[-122.4,47.39],[-122.39,47.47],[-122.38,47.5],[-122.41,47.53],[-122.4,47.58],[-122.43,47.63],[-122.41,47.7],[-122.39,47.75],[-122.37154083306974,47.77768875039538],[-122.29772915420935,47.77745663612611],[-122.29758462493585,47.77026623001518],[-122.3053565170969,47.77030941170392],[-122.30538216127823,47.77093551488489],[-122.3063325231858,47.77110703193327],[-122.30632383024358,47.77146433437701],[-122.30714883287001,47.77146203255151],[-122.3071953804533,47.77062836231982],[-122.30778347896918,47.77062576471618],[-122.30835588742185,47.77107401500211],[-122.30941538610975,47.77133964538287],[-122.3096016613966,47.771070338557266],[-122.310542439279,47.77107672446977],[-122.31276558282099,47.77019003860703],[-122.3136235930493,47.769505457283195],[-122.31237438931467,47.769494686882574],[-122.31237908969685,47.76992660137825],[-122.31025497382208,47.769649115820194],[-122.31025034046776,47.76923092791861],[-122.3096463926624,47.769226744639816],[-122.30921615490321,47.7670448306236],[-122.30820613732249,47.76703779999584],[-122.30820160078096,47.76662919633111],[-122.30678752108867,47.76661934804756],[-122.30676339725282,47.76444025512606],[-122.30635836466588,47.76434429865743],[-122.30634432145965,47.763075498512244],[-122.30816220223429,47.763088161806216],[-122.30733932454257,47.761738269302484],[-122.304086206382,47.75978912006813],[-122.30385339747676,47.75945525100067],[-122.30395364920828,47.758687057974186],[-122.30464665695118,47.75842654674399],[-122.30297487572467,47.757885197381825],[-122.30224076725841,47.75719580268215],[-122.3015056193175,47.75498687879421],[-122.3014939494363,47.754438240280244],[-122.30214553520513,47.753098582599016],[-122.30287150953062,47.75256403282466],[-122.3024453069321,47.75182624546141],[-122.3026569568961,47.75037663766793],[-122.30153444676448,47.74971233111814],[-122.29882434291187,47.749792541103886],[-122.29872014763092,47.748325043407654],[-122.29702395431188,47.74831037643288],[-122.29700963787528,47.74471467215095],[-122.29640385228792,47.744709414046056],[-122.29640224014663,47.74430086049031],[-122.29571571218479,47.744294904513815],[-122.29568262345802,47.742904984334665],[-122.2943775884358,47.74289401619107],[-122.29436986966736,47.74093295067049],[-122.2993590684849,47.74093174036295],[-122.29929516639699,47.737430221583715],[-122.29381500315304,47.73735445259188],[-122.29380810268435,47.737027444541575],[-122.29281368533317,47.736968614467436],[-122.29224999852663,47.73655449245705],[-122.29266596829449,47.73540539727109],[-122.29267346801217,47.7337694275468],[-122.28412331606717,47.73361808174337],[-122.2839659,47.7331675],[-122.2813105,47.7312057],[-122.2820547,47.729538],[-122.2803663,47.7266102],[-122.2800144,47.7252476],[-122.2808198,47.7230477],[-122.2810905,47.7229882],[-122.280847,47.7229265],[-122.2807805,47.7208666],[-122.280487,47.7200745],[-122.2788534,47.7191537],[-122.27724,47.714797],[-122.2764782,47.7123591],[-122.2763839,47.7108317],[-122.2748457,47.7069351],[-122.2748801,47.7052326],[-122.2730829,47.7017107],[-122.272515,47.699381],[-122.2726823,47.6968954],[-122.2713463,47.6951325],[-122.271736,47.6949605],[-122.2716321,47.6940948],[-122.2680496,47.6920786],[-122.2676376,47.6917088],[-122.2673592,47.6907885],[-122.2664506,47.6898906],[-122.2645421,47.6891321],[-122.2629725,47.6877204],[-122.2593827,47.6875729],[-122.2557693,47.6881385],[-122.2552458,47.687767],[-122.2486606,47.6857394],[-122.2466782,47.6842315],[-122.2456864,47.682934],[-122.2459752,47.6809284],[-122.2473815,47.6798827],[-122.2477347,47.678945],[-122.2483401,47.6785716],[-122.2493456,47.6771181],[-122.2498586,47.6769461],[-122.2498691,47.6757311],[-122.250515,47.6744189],[-122.2518596,47.6735438],[-122.251839,47.6729463],[-122.2522424,47.6721892],[-122.2556526,47.669809],[-122.2565683,47.6689698],[-122.2563794,47.6688542],[-122.2606509,47.6663917],[-122.266214,47.6649632],[-122.2673126,47.6643876],[-122.2672016,47.6633426],[-122.2675878,47.6607991],[-122.2686118,47.6580981],[-122.2696907,47.6569142],[-122.2721981,47.6556585],[-122.2737036,47.6541101],[-122.2763214,47.6524912],[-122.2764931,47.652046],[-122.2762441,47.6512192],[-122.2753484,47.650491],[-122.2751884,47.6494107],[-122.2754288,47.6487076],[-122.27633,47.6480911],[-122.2774973,47.6480796],[-122.2784157,47.6486867],[-122.278347,47.6493863],[-122.2789993,47.6500917],[-122.2791127,47.6507173],[-122.2811022,47.6519998],[-122.2813518,47.6528314],[-122.2809305,47.653318],[-122.2822952,47.6537979],[-122.2836032,47.654831],[-122.2865858,47.6548409],[-122.2869227,47.6560299],[-122.2875402,47.6563412],[-122.2874664,47.6568974],[-122.2884125,47.6569068],[-122.2887574,47.6563034],[-122.2879655,47.6560673],[-122.2880212,47.6556752],[-122.2904493,47.6550259],[-122.290456,47.6544904],[-122.2908326,47.6540368],[-122.2914795,47.6544445],[-122.2914816,47.6541433],[-122.2937589,47.6537868],[-122.2955159,47.6539961],[-122.2961609,47.6537357],[-122.2963831,47.6539879],[-122.2956313,47.6543837],[-122.2970184,47.6547141],[-122.2964992,47.6567336],[-122.2967274,47.6571041],[-122.2964055,47.6579334],[-122.2965358,47.6583358],[-122.295817,47.6588289],[-122.296632,47.6583572],[-122.2968591,47.6571187],[-122.2966361,47.6567028],[-122.297353,47.6545751],[-122.2977455,47.6538854],[-122.2986205,47.6536638],[-122.2979113,47.6533438],[-122.299373,47.6531542],[-122.2995601,47.6525521],[-122.2978911,47.6519002],[-122.2977789,47.6513999],[-122.2981457,47.6509218],[-122.2979572,47.6507595],[-122.298646,47.6505894],[-122.2991523,47.6488263],[-122.2997107,47.6482214],[-122.2996255,47.6476472],[-122.3007185,47.6467933],[-122.2994802,47.6459739],[-122.2988111,47.6449591],[-122.2974223,47.6444236],[-122.2973944,47.6441029],[-122.2984925,47.6440313],[-122.2975395,47.6433187],[-122.2961918,47.6435059],[-122.2962426,47.6438573],[-122.2958095,47.644082],[-122.2961194,47.6441255],[-122.2960975,47.644668],[-122.2957946,47.6449033],[-122.2947656,47.6448142],[-122.2948508,47.6438252],[-122.2945606,47.6431053],[-122.295767,47.6426182],[-122.2963084,47.6420716],[-122.2961491,47.6416267],[-122.2956768,47.6418719],[-122.2955396,47.6424403],[-122.2951913,47.6426094],[-122.2941574,47.6420847],[-122.2940776,47.6413128],[-122.2921159,47.6420809],[-122.2904849,47.6420358],[-122.289633,47.6425864],[-122.2891603,47.6424307],[-122.2891769,47.6428022],[-122.2889107,47.6425262],[-122.288557,47.6430423],[-122.2882921,47.6429717],[-122.2882931,47.6426443],[-122.2879292,47.6427456],[-122.2882439,47.6428023],[-122.2881701,47.6430321],[-122.2874802,47.643163],[-122.287505,47.6437264],[-122.2870605,47.6440102],[-122.2874348,47.6441417],[-122.2859851,47.6442305],[-122.2853818,47.6438992],[-122.2852198,47.6434601],[-122.2858398,47.642887],[-122.2857244,47.6425518],[-122.2853504,47.6427731],[-122.283302,47.6427213],[-122.2821213,47.6423164],[-122.2816585,47.642339],[-122.2813623,47.6427052],[-122.2779909,47.642764],[-122.277107,47.641968],[-122.2770163,47.6414652],[-122.2763095,47.6412113],[-122.276373,47.640168],[-122.2752928,47.6399861],[-122.2752885,47.6397847],[-122.2765575,47.6397573],[-122.276587,47.6384242],[-122.2761323,47.6384193],[-122.2765056,47.6354213],[-122.2760194,47.6338285],[-122.2770093,47.6307141],[-122.2784119,47.6296872],[-122.2788086,47.6290115],[-122.2783678,47.6289558],[-122.2783667,47.62864],[-122.2789348,47.6286445],[-122.2790451,47.6279223],[-122.2816943,47.6259392],[-122.2826673,47.6242636],[-122.2824877,47.6227155],[-122.2806688,47.6215794],[-122.2804493,47.6210345],[-122.2796501,47.6205504],[-122.2799518,47.6204851],[-122.2802965,47.6185405],[-122.2799057,47.6173947],[-122.2805686,47.6157485],[-122.2804939,47.6152844],[-122.2809507,47.6151525],[-122.2812885,47.6144977],[-122.2810427,47.6129548],[-122.2813119,47.611991],[-122.2819473,47.6114403],[-122.2819984,47.6099426],[-122.2827997,47.6082579],[-122.2831661,47.6045111],[-122.284568,47.6018625],[-122.2845042,47.6014025],[-122.2849433,47.6013844],[-122.2853275,47.6001386],[-122.2851537,47.5999582],[-122.286245,47.5984656],[-122.2862873,47.5968754],[-122.2866433,47.596368],[-122.2865186,47.5958206],[-122.286844,47.595613],[-122.2872623,47.5928722],[-122.2866062,47.591591],[-122.2861807,47.5913931],[-122.2863186,47.5910263],[-122.2856255,47.5900733],[-122.2851244,47.5886822],[-122.2858117,47.5869173],[-122.2857569,47.5862028],[-122.2875023,47.5845791],[-122.2873847,47.5833368],[-122.2849548,47.5816102],[-122.2840119,47.5802606],[-122.2820334,47.5758362],[-122.2809058,47.5744794],[-122.2804475,47.5734731],[-122.2805186,47.5721369],[-122.2797921,47.5708143],[-122.2789565,47.5703012],[-122.2780381,47.5703823],[-122.2774429,47.5716812],[-122.2771643,47.5716815],[-122.2765241,47.5705754],[-122.2749484,47.5700909],[-122.272125,47.5679595],[-122.269971,47.5679436],[-122.2681876,47.5664844],[-122.2678162,47.5657952],[-122.2670573,47.5654689],[-122.2668622,47.5647093],[-122.2673958,47.5643353],[-122.2679217,47.5644013],[-122.2682663,47.5635647],[-122.2669237,47.5619674],[-122.265525,47.5615724],[-122.2646735,47.5618315],[-122.2632991,47.5589278],[-122.261514,47.5573373],[-122.261583,47.5561905],[-122.2598232,47.5526269],[-122.2596512,47.5515493],[-122.2577064,47.5513551],[-122.257083,47.5521437],[-122.2541963,47.5535564],[-122.2542494,47.5545257],[-122.2551611,47.5548406],[-122.2548803,47.5552327],[-122.2547177,47.5570611],[-122.2555456,47.5596576],[-122.2551912,47.561576],[-122.2545392,47.561926],[-122.2513394,47.5623603],[-122.2504181,47.5619445],[-122.2479153,47.5586315],[-122.2477835,47.5566764],[-122.2463486,47.5536627],[-122.2467073,47.5522653],[-122.2495752,47.5495549],[-122.2522129,47.548781],[-122.2559058,47.548831],[-122.2573778,47.5484675],[-122.2580084,47.5467694],[-122.2572001,47.54522],[-122.259196,47.5423477],[-122.2619632,47.5401277],[-122.261738,47.5382849],[-122.2620891,47.5373584],[-122.2638908,47.5348722],[-122.2641298,47.5337962],[-122.263097,47.531866],[-122.2630938,47.5297143],[-122.2625218,47.529299],[-122.261725,47.5292764],[-122.2604004,47.5281536],[-122.2599551,47.5251],[-122.2604614,47.523732],[-122.2612852,47.5236915],[-122.2618254,47.5240571],[-122.2629412,47.5233782],[-122.2631794,47.5231029],[-122.263045,47.5215784],[-122.2623469,47.5207912],[-122.261529,47.521254],[-122.2610101,47.5207616],[-122.2603165,47.5208386],[-122.2570336,47.5194419],[-122.2545438,47.5177423],[-122.2538196,47.5161373],[-122.2523734,47.5152768],[-122.2493872,47.5127748],[-122.2478578,47.5128073],[-122.2471818,47.5123422],[-122.2461933,47.5123967],[-122.2459614,47.5120113],[-122.2450975,47.5117306],[-122.242373,47.5116],[-122.2382154,47.5107139],[-122.2307218,47.5064286],[-122.2274352,47.5048344],[-122.2268265,47.5048264],[-122.2233532,47.502736],[-122.2211935,47.5022557],[-122.2200895,47.5017087],[-122.220118,47.5013935],[-122.2196097,47.5011968],[-122.21930471446284,47.500556574249124],[-122.21864516541207,47.500071494974186],[-122.21937183668514,47.499302114601086],[-122.21953099055597,47.49830570520071],[-122.21997364945035,47.49816551691257],[-122.21961227385586,47.49795574445436],[-122.21991931854694,47.4977331601809],[-122.22122077765785,47.49774134438251],[-122.22150197451055,47.49714278154411],[-122.22260143250382,47.496836183310265],[-122.22262418667424,47.49578773592525],[-122.22215554811852,47.49578149036566],[-122.22214759924739,47.49548205847345],[-122.2199720263887,47.495442749187305],[-122.21981555300229,47.494875534322524],[-122.22023066080138,47.49486447668583],[-122.22021696801635,47.49434944495398],[-122.21983086147242,47.49435227700552],[-122.21979247832405,47.49334219699033],[-122.22282823482307,47.49332606832164],[-122.22278210608424,47.490930319330005],[-122.2272396275773,47.49096431323286],[-122.22725461725456,47.48928196115054],[-122.22635453421475,47.489275145501246],[-122.22634545494331,47.48882884408241],[-122.22530156047327,47.4888208363029],[-122.22530582390006,47.48829045647273],[-122.22721517099728,47.488302973293365],[-122.22724883357029,47.48790717333449],[-122.22571953511985,47.487895973171504],[-122.22571690592939,47.48713519374458],[-122.22723109055545,47.48691294248368],[-122.22723867235004,47.48648241185546],[-122.23324610415956,47.48656545031839],[-122.23312861961402,47.48422713637727],[-122.23144197442456,47.48289852366396],[-122.23240139206095,47.48062023473615],[-122.23332396112333,47.48078732319873],[-122.23358526830233,47.48047856741551],[-122.23710981830737,47.48142199875874],[-122.24179252117997,47.481448513796],[-122.245511726855,47.4822350811149],[-122.2456859362716,47.480353014130245],[-122.2496022902632,47.48014790200209],[-122.25242306144253,47.479421511130454],[-122.25364773210445,47.47967578414367],[-122.25376970318018,47.47940491819142],[-122.25346904846197,47.47899832392464],[-122.25447174325217,47.47897131154626],[-122.2499921383845,47.474226713412975],[-122.25061891531846,47.47396970692285],[-122.25005315777825,47.474201692740756],[-122.24596463898652,47.47041924324041],[-122.24669904138018,47.470107030659214],[-122.24594188642793,47.47042891591455],[-122.24232447152946,47.467051581189544],[-122.24085912569495,47.465053654527566],[-122.24026660218608,47.463112102029825],[-122.2409281163846,47.441072340311244],[-122.24583627808697,47.44111905172747],[-122.24576001080354,47.43931084429289],[-122.24757285100205,47.43740930783767],[-122.24864078528891,47.43353233155837],[-122.25799939438441,47.43339094654459],[-122.26045223692373,47.434683841824814],[-122.26185944374588,47.43456044411488],[-122.26258637059321,47.434176770473414],[-122.26300446114432,47.433314864309125],[-122.26285264418279,47.433047411244246],[-122.25889859891625,47.43176728230933],[-122.25844225341234,47.43128020398587],[-122.25837512183953,47.43039824400744],[-122.25899235733922,47.42976774956592],[-122.26407548468188,47.42934884983357],[-122.26556645668833,47.428731858237455],[-122.26727781437326,47.42553876350717],[-122.26542051268133,47.42328378207447],[-122.26516665682266,47.42256732479875],[-122.2652876151296,47.42180091933333],[-122.26726489844431,47.419427446885145],[-122.27635492904362,47.41937699501025],[-122.27954038540271,47.41538789575311],[-122.28236559954033,47.41537433797726],[-122.2818101811928,47.41382618910337],[-122.28097391319433,47.41279558993141],[-122.28154334327512,47.41070286521031],[-122.28159502385103,47.40797513150417],[-122.28363531053411,47.406803178988156],[-122.28462297393943,47.40723987315746],[-122.28537673095987,47.408057458118904],[-122.28640510472341,47.408050552859834],[-122.28641455719374,47.40379395542049],[-122.28851308133859,47.40378538787563],[-122.28818016349221,47.40195506409399],[-122.28996502846779,47.4019610525525],[-122.28998230710185,47.401145520524565],[-122.28939478068877,47.40088673400829],[-122.28277890830987,47.400899389071164],[-122.28273080580126,47.39733070160778],[-122.28382336881114,47.3964585687722],[-122.28659215432637,47.396441962808424],[-122.28660389580038,47.39587822629268],[-122.29177615502647,47.39630583635614],[-122.29146556205576,47.39417335592691],[-122.29167903702294,47.393194803214925],[-122.29236707543932,47.39204819416342],[-122.29724849973962,47.395128713994],[-122.2972643967444,47.39388072625355],[-122.29646299144734,47.393863241792126],[-122.29645805655338,47.39311971885368],[-122.29531775520526,47.393098855789304],[-122.29535118908247,47.392860837396206],[-122.29618218638001,47.39286541652583],[-122.29585615031984,47.392510980848826],[-122.29541199841219,47.39250366475153],[-122.29564662014229,47.39127514656259],[-122.29698679022961,47.39126216598429],[-122.29696797686798,47.390825457502565],[-122.2957473645473,47.3907871620886],[-122.2961464065958,47.388952588127054],[-122.2971864810499,47.38894057484944],[-122.29724840992297,47.38735906189097],[-122.29649679125001,47.38734316752072],[-122.29663039283187,47.38669394643262],[-122.29857717725221,47.38670694569525],[-122.29862698058942,47.384949710686335],[-122.2977543630181,47.38493889747026],[-122.29777351114173,47.3846216586711],[-122.29717554914724,47.38460427818685],[-122.29763634363353,47.382970557599435],[-122.2986697016822,47.38298951918144],[-122.29874847362636,47.38105219968501],[-122.30051160361158,47.38105751719588],[-122.30056093388968,47.37942171344753],[-122.3073554744997,47.37933788107461],[-122.30743094159608,47.376053731682966],[-122.30238164902042,47.376036305265906],[-122.30238767932666,47.37464733280025],[-122.3009612125696,47.374653166795824],[-122.30989806364448,47.35772520427798],[-122.31290543745436,47.35776953799788],[-122.31291322689088,47.35372920492261],[-122.31237865097958,47.352408824381726],[-122.31257193749545,47.35160348755872],[-122.3134386256084,47.35132910917866],[-122.31325541205896,47.34999376537899],[-122.31380207208953,47.34890629138494],[-122.31589116174241,47.34889206078876],[-122.31587514876449,47.346817441835206],[-122.31853590370085,47.34685876705864],[-122.31862425787526,47.3434547829169],[-122.31926249790556,47.34348147057362],[-122.3202988156728,47.34524049381676],[-122.32123020583825,47.344815787177865],[-122.32122783153761,47.34572015096398],[-122.3219116235784,47.34688743993963],[-122.32330561465933,47.34690757587486],[-122.32380999458883,47.34593465384309],[-122.32459844916858,47.34628058696092],[-122.32621045797173,47.3446720167088],[-122.32594646314631,47.34446552093631],[-122.32681729537774,47.343953833182624],[-122.32863550694341,47.34341158513516],[-122.3301751801428,47.34343640913609],[-122.3309117903713,47.342096089372355],[-122.33017238150549,47.34195047915962],[-122.32919652405928,47.34110880886501],[-122.32921081675676,47.34039766060662],[-122.33454797317998,47.34041911137668],[-122.33443995554707,47.343236801468215],[-122.33136011985394,47.34431892338432],[-122.32866546859331,47.3457728682417],[-122.32518015415216,47.34820450779286],[-122.3243464779476,47.34930308670951],[-122.32405673178462,47.351473603089545],[-122.32425344573015,47.35],[-122.43333333333334,47.35],[-122.4,47.39]],[[-122.23039097998559,47.48953316691142],[-122.23039406679077,47.49035030437752],[-122.23148423527638,47.49036505956552],[-122.23150828875916,47.48954828897379],[-122.23039097998559,47.48953316691142]]],[[[-122.2957927,47.6422336],[-122.2958782,47.6418972],[-122.2961548,47.6419083],[-122.2957927,47.6422336]]],[[[-122.294116,47.6448079],[-122.2941775,47.6449627],[-122.2940801,47.6448796],[-122.294116,47.6448079]]],[[[-122.2986863,47.6460098],[-122.2959974,47.6464578],[-122.2941204,47.6464368],[-122.2948159,47.6459693],[-122.2984947,47.6457656],[-122.2986863,47.6460098]]],[[[-122.2986251,47.6492563],[-122.2985386,47.6491803],[-122.2986416,47.6491109],[-122.2986251,47.6492563]]],[[[-122.2979335,47.6495195],[-122.297779,47.6497777],[-122.2977148,47.649714],[-122.2979335,47.6495195]]],[[[-122.2983288,47.6499129],[-122.2981349,47.6495239],[-122.2983822,47.6495387],[-122.2983288,47.6499129]]],[[[-122.2975736,47.6508481],[-122.2972586,47.650733],[-122.2974963,47.6505357],[-122.2975736,47.6508481]]],[[[-122.2972199,47.6510388],[-122.2974978,47.6512629],[-122.2973062,47.6515931],[-122.2975311,47.6519642],[-122.2970822,47.6522643],[-122.2964118,47.6519325],[-122.2972199,47.6510388]]],[[[-122.2972378,47.653436],[-122.2944866,47.6534031],[-122.2951679,47.65281],[-122.2957872,47.6529851],[-122.2964825,47.6527769],[-122.2972378,47.653436]]],[[[-122.32707735153625,47.77802822109233],[-122.32830787649742,47.77940399485841],[-122.32755341543046,47.77864679684347],[-122.32707735153625,47.77802822109233]]],[[[-122.28096538055983,47.357638763127596],[-122.2721503420408,47.35770503923697],[-122.27161233744297,47.358653147788665],[-122.27226192040882,47.36003215053586],[-122.27206532108639,47.36260940956329],[-122.27244448377986,47.36514217742258],[-122.27067624956153,47.36513534286681],[-122.27066228265042,47.36682643252384],[-122.26788525060438,47.36685637497867],[-122.26786284540978,47.36506022955399],[-122.26689146665963,47.36506465290814],[-122.2703419933775,47.37210202977646],[-122.27061136626183,47.37209858828465],[-122.27061410007258,47.3757385206749],[-122.26446771871153,47.37580095095021],[-122.26437518766842,47.377244064316855],[-122.26394061371771,47.37757943585539],[-122.26086145919356,47.378523309817055],[-122.25806564289071,47.37895667095533],[-122.25692713007155,47.37842406388255],[-122.25650050740097,47.37718343064069],[-122.25722932637281,47.375772768310036],[-122.25713170350217,47.37431183574747],[-122.25755535127726,47.37301351328029],[-122.2572136427239,47.37232451745297],[-122.25645471896881,47.37179776510694],[-122.25570403070864,47.37179783244604],[-122.25474042648474,47.3731550209376],[-122.25446321215342,47.37482546696996],[-122.25344801380236,47.37618393509806],[-122.25126328996899,47.37691204533853],[-122.24957694443793,47.37664139305366],[-122.2495252508964,47.37007408004655],[-122.25280950281072,47.358031823027346],[-122.2546578788013,47.35802226039403],[-122.25470347099964,47.35398745360621],[-122.25391229976438,47.353988234197274],[-122.255,47.35],[-122.29385013985694,47.35],[-122.29542836208174,47.35330887512836],[-122.2952068310754,47.353322702712205],[-122.2956113202289,47.35519677394724],[-122.29462469756926,47.35665707968756],[-122.29434675513814,47.3580060661127],[-122.2809945357255,47.35785836770535],[-122.28096538055983,47.357638763127596]],[[-122.266277874588,47.365067442597784],[-122.26523596933853,47.365072173121646],[-122.26518956746486,47.372167727884396],[-122.26970220279226,47.37211019935801],[-122.266277874588,47.365067442597784]]],[[[-122.28207707890057,47.39165871106755],[-122.28084904364663,47.391380909994375],[-122.28081482043369,47.3883147104427],[-122.27805627948014,47.38832548633142],[-122.27750219945916,47.38648525286246],[-122.27746331214381,47.38298362875857],[-122.28127704704663,47.38296870786991],[-122.28129834777685,47.38487728361823],[-122.28258301334913,47.38487222953694],[-122.28230962499107,47.38555438290257],[-122.28200703493857,47.385420339437395],[-122.28159215676057,47.386019884859934],[-122.28070193629227,47.38624292878591],[-122.28041772019874,47.387184500783796],[-122.2808026934778,47.387232790432115],[-122.28081295249682,47.38815111829144],[-122.28233862248479,47.388145124130936],[-122.28239510060133,47.38691109820903],[-122.2831978434048,47.38611474402519],[-122.28380565048191,47.38649500912562],[-122.28657545417823,47.38648528763683],[-122.28659725393396,47.3900610217088],[-122.28326154700741,47.391538068358294],[-122.28207707890057,47.39165871106755]]],[[[-122.292827,47.6421321],[-122.2933958,47.6421295],[-122.2943159,47.6426625],[-122.2936908,47.6426617],[-122.292827,47.6421321]]],[[[-122.2893637,47.6428289],[-122.289259,47.6428289],[-122.2894876,47.6425925],[-122.2893637,47.6428289]]],[[[-122.2886984,47.6428549],[-122.2892047,47.6428825],[-122.2888246,47.6433906],[-122.2886984,47.6428549]]],[[[-122.2852953,47.6432349],[-122.2851156,47.6432042],[-122.2851759,47.6431183],[-122.2852953,47.6432349]]],[[[-122.2928267,47.6427606],[-122.2939726,47.6431473],[-122.2927721,47.6443056],[-122.2912929,47.6447944],[-122.2914399,47.6453438],[-122.2934206,47.6457656],[-122.2903789,47.6468922],[-122.2884334,47.6457922],[-122.2878472,47.6459499],[-122.2880513,47.6451663],[-122.2896016,47.6453772],[-122.2894112,47.6447633],[-122.2884314,47.6446266],[-122.2884069,47.6444039],[-122.2896807,47.6427755],[-122.2906132,47.642129],[-122.2922947,47.6422769],[-122.2928267,47.6427606]]],[[[-122.2878663,47.6445884],[-122.2873144,47.6444725],[-122.2880607,47.6442442],[-122.2878663,47.6445884]]],[[[-122.294197,47.6447384],[-122.2939556,47.6446254],[-122.294118,47.6444304],[-122.294197,47.6447384]]],[[[-122.2872343,47.6458195],[-122.287306,47.6451841],[-122.2875593,47.6458807],[-122.2872343,47.6458195]]],[[[-122.2832559,47.6542596],[-122.2830907,47.6541579],[-122.2832559,47.6540888],[-122.2832559,47.6542596]]],[[[-122.2866879,47.6548298],[-122.2870268,47.6549732],[-122.2871998,47.6552078],[-122.2866879,47.6548298]]],[[[-122.2876807,47.6555072],[-122.287426,47.655625],[-122.2874088,47.6554343],[-122.2876807,47.6555072]]],[[[-122.2879341,47.656435],[-122.2877595,47.6561715],[-122.2879252,47.6561425],[-122.2879341,47.656435]]],[[[-122.2883932,47.6564785],[-122.2883344,47.6564892],[-122.2883275,47.6563729],[-122.2883932,47.6564785]]],[[[-122.2755073,47.7513135],[-122.27686449818121,47.75078702734597],[-122.27655604245585,47.75105537764414],[-122.2755073,47.7513135]]],[[[-122.28956283842017,47.77825320932389],[-122.28950379761346,47.77924965589441],[-122.2890236586644,47.779245911151854],[-122.28833227982695,47.78014089396958],[-122.2868601464147,47.7801308979011],[-122.28679084468413,47.79091523529583],[-122.28687620219755,47.777348600634035],[-122.27451452040263,47.77708712241576],[-122.28997662014372,47.77717070361978],[-122.28992657678967,47.7773544511081],[-122.28744491024773,47.77733939900826],[-122.28745654865808,47.77762166700496],[-122.28824371452023,47.77763403294822],[-122.28823664624568,47.77823083011754],[-122.28956283842017,47.77825320932389]]],[[[-122.258390002536,47.430593743355814],[-122.25841597831473,47.43093500747774],[-122.25829423651719,47.4307250648567],[-122.258390002536,47.430593743355814]]],[[[-122.24027606665182,47.462796773091846],[-122.24024444530414,47.46261455395236],[-122.24092761703578,47.44108897718584],[-122.24027606665182,47.462796773091846]]],[[[-122.2407255106347,47.464615831133095],[-122.2405436653722,47.464338820225656],[-122.24041539560668,47.4635996611445],[-122.2407255106347,47.464615831133095]]],[[[-122.23909594912162,47.53099479369787],[-122.23906174527694,47.5309574216092],[-122.2390667,47.530961],[-122.23909594912162,47.53099479369787]]],[[[-122.2433123,47.53503],[-122.24337377211123,47.535370346332904],[-122.24293637578275,47.53473215938188],[-122.2433123,47.53503]]],[[[-122.24423998171079,47.5375636514172],[-122.24402223623535,47.537011581289235],[-122.2443589,47.5375832],[-122.24404351725352,47.538183138372425],[-122.24423998171079,47.5375636514172]]],[[[-122.24212704090375,47.54066728221589],[-122.24397475777154,47.53831393643339],[-122.2433522,47.5394982],[-122.24212704090375,47.54066728221589]]],[[[-122.23814800277437,47.54254829477816],[-122.23820542933304,47.5424396196846],[-122.2389507045419,47.5420678808877],[-122.23814800277437,47.54254829477816]]],[[[-122.2661783,47.5635781],[-122.2668016,47.5632753],[-122.2672097,47.5636909],[-122.2664463,47.563934],[-122.2661783,47.5635781]]],[[[-122.24017798598548,47.57302832965538],[-122.23828050272088,47.57153311855018],[-122.2394195,47.5722501],[-122.24017798598548,47.57302832965538]]],[[[-122.24217516944348,47.574602104213106],[-122.2449664,47.5757502],[-122.2463557,47.5777226],[-122.2475179,47.5786804],[-122.2489739,47.5792716],[-122.25068000963883,47.58062097324615],[-122.25010245663015,47.580577540899014],[-122.24897336371234,47.57943135002178],[-122.24679235835606,47.57833947302282],[-122.2444082854814,47.57558149036538],[-122.24217516944348,47.574602104213106]]],[[[-122.25347862914953,47.584724129496415],[-122.25264224260776,47.58265410331238],[-122.2530493,47.5833377],[-122.25347862914953,47.584724129496415]]],[[[-122.25448036735109,47.58802708934178],[-122.25431026588369,47.587409727946536],[-122.2544872,47.5879811],[-122.25448036735109,47.58802708934178]]],[[[-122.25407846534641,47.59073222008848],[-122.25409659879912,47.59025582848662],[-122.25422078507049,47.58977429139694],[-122.25407846534641,47.59073222008848]]],[[[-122.25378454880455,47.592710519935466],[-122.2537546,47.5929121],[-122.25367298918671,47.592909789278686],[-122.25378454880455,47.592710519935466]]],[[[-122.24901892326139,47.59253268687271],[-122.2468142,47.5944019],[-122.24634991081585,47.595748660427354],[-122.24650580084148,47.59466039070468],[-122.24809149072968,47.59292000449611],[-122.24901892326139,47.59253268687271]]],[[[-122.24101279835433,47.6170728500746],[-122.2416068,47.6177196],[-122.24182715163077,47.61899683425196],[-122.24101279835433,47.6170728500746]]],[[[-122.2427653,47.6210062],[-122.24268297737557,47.62101880093302],[-122.2420556,47.620321],[-122.2427653,47.6210062]]],[[[-122.2422774,47.6242099],[-122.2430515,47.6249693],[-122.2432285,47.6255724],[-122.2431708,47.6272414],[-122.24309020267111,47.62516037418662],[-122.2422774,47.6242099]]],[[[-122.24033645912975,47.64539079385895],[-122.2403557,47.6457602],[-122.24007392026294,47.645771133979224],[-122.24033645912975,47.64539079385895]]],[[[-122.2394666,47.6457947],[-122.2387106,47.6453994],[-122.24007392026294,47.645771133979224],[-122.2394666,47.6457947]]],[[[-122.2713004,47.755489],[-122.2740472,47.7536667],[-122.2709903087523,47.75594185251377],[-122.2713004,47.755489]]],[[[-122.2278448,47.5245089],[-122.22854432171675,47.525001279003455],[-122.22769678197164,47.5245175098136],[-122.2278448,47.5245089]]],[[[-122.23457863827558,47.52844562064034],[-122.23436523628997,47.52832381242275],[-122.23473751188949,47.52850829277158],[-122.23457863827558,47.52844562064034]]],[[[-122.20871496741306,47.54362154718122],[-122.20891030124996,47.543340125190106],[-122.20903315716512,47.54441576316041],[-122.20871496741306,47.54362154718122]]],[[[-122.2356618,47.5502281],[-122.23506003461812,47.55069088438802],[-122.23591755512449,47.54916597792979],[-122.2356618,47.5502281]]],[[[-122.23123035452522,47.55817659598294],[-122.23104474614603,47.55678421794963],[-122.2313015,47.5579841],[-122.23123035452522,47.55817659598294]]],[[[-122.23094224583322,47.55898477703143],[-122.23097591560874,47.558920701983624],[-122.23117154298825,47.562555755874726],[-122.23094224583322,47.55898477703143]]],[[[-122.2323232,47.5646355],[-122.2325955665173,47.5654755615857],[-122.23118183115957,47.562715979590095],[-122.2323232,47.5646355]]],[[[-122.23304817773845,47.567282887545694],[-122.23294053818196,47.566539559636944],[-122.23335956828122,47.567831976535764],[-122.23304817773845,47.567282887545694]]],[[[-122.23386391733754,47.56872131797665],[-122.2337675860641,47.56855145269695],[-122.23392662508398,47.56876046026815],[-122.23386391733754,47.56872131797665]]],[[[-122.2246092851043,47.58658966961387],[-122.22461675519827,47.58659131833511],[-122.22470898812286,47.586922372576865],[-122.2246092851043,47.58658966961387]]],[[[-122.22451220674259,47.58742461009167],[-122.22415980762788,47.587825938074275],[-122.2241538,47.5877303],[-122.22451220674259,47.58742461009167]]],[[[-122.2243494177322,47.59084442483379],[-122.2244246114147,47.59117139302833],[-122.2243611,47.5910304],[-122.2243494177322,47.59084442483379]]],[[[-122.2353853105337,47.59265876798197],[-122.23542267022096,47.592639545662585],[-122.23564818309495,47.5926240466926],[-122.2353853105337,47.59265876798197]]],[[[-122.23163554907951,47.5938447747402],[-122.2324065665787,47.5938843825063],[-122.2321802,47.5939838],[-122.23163554907951,47.5938447747402]]],[[[-122.22546267685341,47.59347586050861],[-122.22610331673367,47.59443187281898],[-122.2256795,47.5939572],[-122.22546267685341,47.59347586050861]]],[[[-122.2265612,47.5949447],[-122.22640580939081,47.59477066322266],[-122.22685725385983,47.59505452874023],[-122.2265612,47.5949447]]],[[[-122.2282569574955,47.59516564177538],[-122.22835276334102,47.59503660192816],[-122.2283823,47.5951348],[-122.2282569574955,47.59516564177538]]],[[[-122.22741172558156,47.595260224186056],[-122.22769076415098,47.59530495930398],[-122.2275955,47.5953284],[-122.22741172558156,47.595260224186056]]],[[[-122.22683527386107,47.60992047690747],[-122.2269158,47.6099796],[-122.2293124,47.6130938],[-122.22683527386107,47.60992047690747]]],[[[-122.2356378,47.6137335],[-122.2358873204831,47.61382204916443],[-122.2326418,47.6142968],[-122.2356378,47.6137335]]],[[[-122.2326418,47.6142968],[-122.23055669226535,47.61399365075106],[-122.23023489840561,47.613760934970024],[-122.2326418,47.6142968]]]]},"properties":{"id":"downtown","name":"Downtown","boundary_role":"lore-district","basis":"SR5-/SR6-Metroplexkarte und textliche Grenzhinweise; auf offizielle heutige Küsten- und County-Geometrien übertragen","lore_source":"Freiheit für Seattle (SR6) und Emerald City (SR6)","map_source":"SR5 Seattle - Karte Metroplex und Shadowrun 6E - Seattle - Poster Map","boundary_review_status":"source-refined","boundary_review_label":"Benannte Orte, Flüsse, Seen und Stadtgrenzen quellenabgeglichen; nur unpublizierte ländliche Zwischenlinien bleiben modelliert"}},{"type":"Feature","geometry":{"type":"Polygon","coordinates":[[[-122.28744491024773,47.77733939900826],[-122.37154083306974,47.77768875039538],[-122.35,47.81],[-122.33,47.88],[-122.31,48.04],[-122.16142857142857,48.04],[-122.15,47.96],[-122.13,47.9],[-122.17,47.85],[-122.19849658448733,47.8120045540169],[-122.19983301726663,47.81149491302998],[-122.201411513282,47.81004556658894],[-122.20290576266697,47.80955576949987],[-122.22318411062585,47.80965275749647],[-122.22303501260835,47.80935769470805],[-122.22979653742556,47.80916123261991],[-122.22783262536532,47.80575868120528],[-122.23131925501336,47.805819609250044],[-122.23166355059077,47.80515295779524],[-122.23255435849289,47.80484219435107],[-122.23250561122242,47.802414090668194],[-122.2467905364434,47.80258738766772],[-122.2468003356761,47.8029231804522],[-122.24919830592678,47.802598529430114],[-122.24917290401899,47.79874189253519],[-122.2478914459544,47.798731424481325],[-122.25941865274602,47.796019140530355],[-122.25921119628092,47.79521343626907],[-122.25709482019123,47.793396206037215],[-122.25576192765966,47.79170920330418],[-122.26458731800824,47.79190372877269],[-122.26413535587928,47.79020963373126],[-122.26372376672221,47.789732013266345],[-122.26239906944356,47.789087202296585],[-122.2612811407113,47.78811424427978],[-122.26440767297993,47.78813016532104],[-122.26440256980182,47.78765050556773],[-122.26401620951627,47.78764761689626],[-122.26392905417484,47.787080094401034],[-122.26361996953518,47.787077781951],[-122.26339568249804,47.785550036110386],[-122.26484292861738,47.78554637949344],[-122.26484625985198,47.78436810652617],[-122.26532465613928,47.78436993736033],[-122.26532328966648,47.78249584238855],[-122.26470885067671,47.78249340382029],[-122.26471093512481,47.78220140077772],[-122.26532307461724,47.78220193106128],[-122.26542820930788,47.77993422347961],[-122.26584941374841,47.779633279487264],[-122.26583120739333,47.77908521750923],[-122.26710041427104,47.779068168309614],[-122.26705803892504,47.7770981987328],[-122.28687620219755,47.777348600634035],[-122.28679084468413,47.79091523529583],[-122.2868601464147,47.7801308979011],[-122.28833227982695,47.78014089396958],[-122.2890236586644,47.779245911151854],[-122.28950379761346,47.77924965589441],[-122.28956283842017,47.77825320932389],[-122.28823664624568,47.77823083011754],[-122.28824371452023,47.77763403294822],[-122.28745654865808,47.77762166700496],[-122.28744491024773,47.77733939900826]],[[-122.33507436779821,47.85409059871573],[-122.33492570552731,47.85438969873162],[-122.33449551980078,47.85718455730694],[-122.33507436779821,47.85409059871573]],[[-122.32707735153625,47.77802822109233],[-122.32755341543046,47.77864679684347],[-122.32830787649742,47.77940399485841],[-122.32707735153625,47.77802822109233]],[[-122.22267308411722,47.84920522261149],[-122.22263967501337,47.84733144773804],[-122.2231669915994,47.84734004431097],[-122.22306984321021,47.83922507197523],[-122.21480040893168,47.83923338383094],[-122.21579195430314,47.84600866866502],[-122.2132252037235,47.846002025470604],[-122.21319099562405,47.846821731351255],[-122.21076604459424,47.84703496738206],[-122.20889165614304,47.84602088150703],[-122.20939661450306,47.84583650439322],[-122.20878007632086,47.84550651033541],[-122.20878299613462,47.844474948440194],[-122.2077192987811,47.844479215603265],[-122.20772041195588,47.8440871045296],[-122.2071081985049,47.8440895574604],[-122.20707571246423,47.84600775291798],[-122.2042428242576,47.845924237538256],[-122.2042422014095,47.84942668046331],[-122.18718336616811,47.84885385879692],[-122.18802958181523,47.85039747898081],[-122.18814240534383,47.851526252915164],[-122.18717817522838,47.85619765086713],[-122.18734225009995,47.85784138376493],[-122.18633676909754,47.86058631712187],[-122.18147686352316,47.862086343865435],[-122.18038371699788,47.86339959826777],[-122.1794663743615,47.86358249119127],[-122.17609635066245,47.86853903124695],[-122.17574052742025,47.87045396602322],[-122.17508778403446,47.87153968515973],[-122.16903075376099,47.8759510533918],[-122.1668269350311,47.876908719832194],[-122.16614934025849,47.87791118268836],[-122.20654684180843,47.878477257713136],[-122.20653473402308,47.880951004312145],[-122.20654723449996,47.8783970267448],[-122.21186856129586,47.87841967266878],[-122.21202249063764,47.88555707163071],[-122.21187141231795,47.878551868920944],[-122.21636649548552,47.878614856834005],[-122.21778132511147,47.879205186328115],[-122.2195370453129,47.880590279984204],[-122.22023646935081,47.88026449727659],[-122.2204788950156,47.879551160151266],[-122.21957033271201,47.87862321443792],[-122.21962443770306,47.87826277409518],[-122.22262616710282,47.87826843412248],[-122.22259116825889,47.87108394329138],[-122.2261971187181,47.871066283794605],[-122.22614292257725,47.86807678706512],[-122.22566571452997,47.86806568318138],[-122.22567034257767,47.867608355969956],[-122.2264372944744,47.867606154524935],[-122.2264375433876,47.86733876906246],[-122.22590940372568,47.86734162484632],[-122.2258981353955,47.86678032619871],[-122.2276141064975,47.86678469028254],[-122.22760360880905,47.86376257977174],[-122.2279117560373,47.86376514253035],[-122.227836401382,47.856600193939805],[-122.22753341565229,47.856598699593846],[-122.22752148982025,47.85545367368321],[-122.22487550186445,47.85546604940685],[-122.22487488638119,47.854567620567224],[-122.2275119676071,47.85454693774097],[-122.22749543405887,47.85296313344682],[-122.22434666397625,47.85296686448093],[-122.22431798909597,47.849218800786105],[-122.22267308411722,47.84920522261149]]]},"properties":{"id":"everett","name":"Everett","boundary_role":"lore-district","basis":"SR5-/SR6-Metroplexkarte und textliche Grenzhinweise; auf offizielle heutige Küsten- und County-Geometrien übertragen","lore_source":"Freiheit für Seattle (SR6) und Emerald City (SR6)","map_source":"SR5 Seattle - Karte Metroplex und Shadowrun 6E - Seattle - Poster Map","boundary_review_status":"source-refined","boundary_review_label":"Benannte Orte, Flüsse, Seen und Stadtgrenzen quellenabgeglichen; nur unpublizierte ländliche Zwischenlinien bleiben modelliert"}},{"type":"Feature","geometry":{"type":"MultiPolygon","coordinates":[[[[-122.73,47.05],[-122.65,47.13],[-122.64835434419747,47.13329131160507],[-122.64639142054793,47.13428916654591],[-122.64343120291232,47.135125435932984],[-122.64345074638739,47.12640464240064],[-122.64344268911813,47.13],[-122.56774624217597,47.13],[-122.56983766713745,47.12518404351322],[-122.56583736523633,47.121799495306554],[-122.56530859689926,47.12199276259742],[-122.56425165884187,47.12097766945209],[-122.5631762338849,47.12139690279764],[-122.56029178765708,47.11907307768132],[-122.55819533803273,47.11914831078152],[-122.55669822073475,47.11795927651956],[-122.55334281300911,47.12036686091462],[-122.54545225095939,47.12514681527777],[-122.54288763078814,47.126150733936605],[-122.54284840767049,47.12056486989423],[-122.54138941150707,47.12056670538101],[-122.54137659422793,47.11945039851961],[-122.54007133197058,47.119451423385996],[-122.54007787007632,47.12115331899932],[-122.53875863345539,47.12115659249848],[-122.53874241245491,47.1194481232538],[-122.51333437135588,47.11951351378965],[-122.51324573711273,47.12138407428792],[-122.52109121948531,47.12139826286114],[-122.52100041249662,47.123071320390174],[-122.52245230443734,47.12307925941559],[-122.52254618458649,47.12480142172036],[-122.51819226402253,47.12577902726477],[-122.51819272215259,47.126845102816546],[-122.54184573342863,47.12674730172195],[-122.53713788030107,47.13],[-122.43,47.13],[-122.41923076923078,47.13769230769231],[-122.4,47.08],[-122.45,46.96],[-122.55,46.96434782608696],[-122.55,46.901538461538465],[-122.48,46.88],[-122.61,46.92],[-122.7,46.98],[-122.73,47.05]]],[[[-122.57578408179548,47.187178561351736],[-122.57239178820151,47.18726457176467],[-122.57238882509188,47.18142442133197],[-122.57431231658225,47.18143126408174],[-122.5742888762997,47.17733660267034],[-122.57472519807125,47.17733832349112],[-122.57470985604968,47.17576877545191],[-122.57738962278425,47.175807290339996],[-122.57744386752638,47.17391479294705],[-122.58053167698311,47.17381498180425],[-122.58057371121852,47.17229644535817],[-122.58112060379653,47.172306220180175],[-122.58100048616264,47.16986823246129],[-122.58245183718887,47.16987389796222],[-122.5824337404198,47.16119191510507],[-122.59315143093977,47.16117897967544],[-122.59313616066014,47.15950705564122],[-122.60337122871753,47.15951620203602],[-122.60340952325511,47.157317920877425],[-122.61658468061833,47.157151241904],[-122.61585376108157,47.158734980598865],[-122.61579853461417,47.160642769796745],[-122.61540765639174,47.16130154306823],[-122.61526453895138,47.16333012246677],[-122.61458492510386,47.16584790568716],[-122.6133882230365,47.16785715744916],[-122.61352991977571,47.168909325928595],[-122.61008757293456,47.17051836252182],[-122.60771800645875,47.170962089998724],[-122.6020562073976,47.172817952904346],[-122.59901532589971,47.174414758078086],[-122.59377732884292,47.175698581568724],[-122.59120023462674,47.17675144780991],[-122.59057180597108,47.17837544707327],[-122.58845058177523,47.18075928388864],[-122.58600480164856,47.1849755187751],[-122.58535676236856,47.1875515458064],[-122.58340543980594,47.18684370624929],[-122.58247708193167,47.18565263524017],[-122.58184276847487,47.18575694693221],[-122.58096218347767,47.18464035873315],[-122.57978803400022,47.184703231879304],[-122.5770966709406,47.18553124780503],[-122.57578408179548,47.187178561351736]]]]},"properties":{"id":"fort-lewis","name":"Fort Lewis","boundary_role":"military-district","basis":"SR5-/SR6-Metroplexkarte und textliche Grenzhinweise; auf offizielle heutige Küsten- und County-Geometrien übertragen","lore_source":"Freiheit für Seattle (SR6) und Emerald City (SR6)","map_source":"SR5 Seattle - Karte Metroplex und Shadowrun 6E - Seattle - Poster Map","boundary_review_status":"source-refined","boundary_review_label":"Benannte Orte, Flüsse, Seen und Stadtgrenzen quellenabgeglichen; nur unpublizierte ländliche Zwischenlinien bleiben modelliert"}},{"type":"Feature","geometry":{"type":"MultiPolygon","coordinates":[[[[-122.68877541301643,47.10204358549596],[-122.69,47.1018],[-122.69122458698357,47.10204358549596],[-122.69226274169979,47.1027372583002],[-122.69295641450404,47.10377541301643],[-122.6932,47.105],[-122.69295641450404,47.106224586983565],[-122.69226274169979,47.10726274169979],[-122.69122458698357,47.10795641450403],[-122.69,47.1082],[-122.68877541301643,47.10795641450403],[-122.6877372583002,47.10726274169979],[-122.68704358549596,47.106224586983565],[-122.68679999999999,47.105],[-122.68704358549596,47.10377541301643],[-122.6877372583002,47.1027372583002],[-122.68877541301643,47.10204358549596]]],[[[-122.7254847,47.1603129],[-122.7240205,47.1602487],[-122.7263376,47.1599666],[-122.7263644,47.1590091],[-122.7257454,47.159389],[-122.7245974,47.1589595],[-122.7219753,47.1566412],[-122.7210477,47.1562642],[-122.7195892,47.1567869],[-122.7182701,47.1567293],[-122.7193043,47.1583073],[-122.7200814,47.1587273],[-122.7199982,47.1590576],[-122.720591,47.1590133],[-122.7228918,47.1602585],[-122.7248353,47.1624053],[-122.726027,47.1627569],[-122.7276616,47.1627656],[-122.728309,47.1631092],[-122.7287286,47.164027],[-122.7292007,47.1668864],[-122.729029,47.1685203],[-122.727527,47.1710002],[-122.7243942,47.1750552],[-122.7205318,47.177914],[-122.7193383,47.1783325],[-122.7174501,47.1784556],[-122.7152842,47.1798329],[-122.7134737,47.1815331],[-122.7122699,47.1816349],[-122.7112621,47.1827561],[-122.7107865,47.1841837],[-122.7095987,47.1856546],[-122.7065276,47.1873471],[-122.7048064,47.1871068],[-122.7012792,47.1852333],[-122.6980685,47.1842944],[-122.6913126,47.1842884],[-122.6875714,47.1828919],[-122.6862399,47.1819624],[-122.6843342,47.1819925],[-122.6820985,47.181387],[-122.6804248,47.1803661],[-122.6735583,47.1737151],[-122.6736683,47.1728673],[-122.6743978,47.1715253],[-122.6749128,47.168316],[-122.6746124,47.1655443],[-122.6742262,47.1646981],[-122.6745454,47.1632707],[-122.6753762,47.1622913],[-122.6754702,47.1616399],[-122.6744653,47.159485],[-122.6744066,47.1581582],[-122.6757751,47.1532015],[-122.675693,47.1525936],[-122.6741719,47.15047],[-122.676819,47.1498668],[-122.6780918,47.1492337],[-122.6784852,47.1485615],[-122.6788181,47.1462253],[-122.6784567,47.144712],[-122.6765303,47.1433669],[-122.6766289,47.1428756],[-122.6786715,47.1419175],[-122.6835793,47.1408183],[-122.6876188,47.1444619],[-122.693673,47.1461826],[-122.6978151,47.1463069],[-122.6995951,47.1459975],[-122.6996123,47.1457827],[-122.6988701,47.1439181],[-122.6973336,47.1440378],[-122.6968338,47.1436708],[-122.6965302,47.1417379],[-122.6971248,47.1404605],[-122.6979173,47.1401136],[-122.7007476,47.1406622],[-122.7026173,47.1393395],[-122.7043145,47.1391682],[-122.7051153,47.1401488],[-122.7054505,47.1436963],[-122.7067109,47.1443808],[-122.7065426,47.1451002],[-122.7074733,47.1459508],[-122.7087968,47.1460106],[-122.7090329,47.1472128],[-122.7087143,47.147733],[-122.7090576,47.1476405],[-122.7099544,47.1456692],[-122.7092351,47.1435302],[-122.7087388,47.1429745],[-122.7096493,47.1426469],[-122.7090436,47.1417909],[-122.7085856,47.1393682],[-122.7073397,47.1373148],[-122.7060032,47.1362155],[-122.705527,47.1353221],[-122.7036488,47.1344048],[-122.7039449,47.1341155],[-122.7034946,47.1337152],[-122.7041008,47.1331432],[-122.7036461,47.1324032],[-122.7039294,47.1322705],[-122.7035013,47.1320173],[-122.7039264,47.1316396],[-122.7030085,47.1318142],[-122.7025084,47.1330547],[-122.7013827,47.1341842],[-122.7009888,47.1364689],[-122.700289,47.1364505],[-122.6991521,47.1360173],[-122.6984645,47.1361536],[-122.6980328,47.1355869],[-122.6971,47.1351911],[-122.6956,47.1321934],[-122.6933651,47.1301478],[-122.6933007,47.129761],[-122.6940356,47.1284617],[-122.6953849,47.1269817],[-122.697307,47.1256473],[-122.6989936,47.1248723],[-122.7024044,47.1245943],[-122.7030471,47.1247982],[-122.703575,47.1253066],[-122.7033474,47.1275255],[-122.7044193,47.1283403],[-122.7063649,47.1284317],[-122.7083319,47.1277536],[-122.7094597,47.1276877],[-122.7131933,47.1290016],[-122.7157253,47.1309286],[-122.7182573,47.1342861],[-122.7220338,47.1380229],[-122.7267116,47.1399203],[-122.7286428,47.1412339],[-122.7311319,47.1438902],[-122.7314754,47.1452376],[-122.7323764,47.1464588],[-122.7367538,47.1481225],[-122.7399295,47.1496694],[-122.7412599,47.1509828],[-122.7419466,47.1523544],[-122.7416891,47.1533759],[-122.7410024,47.1543973],[-122.7376979,47.1566736],[-122.7334388,47.1584382],[-122.7254847,47.1603129]]],[[[-122.6344809,47.1646537],[-122.6340839,47.1655472],[-122.6324317,47.1665721],[-122.6321179,47.1673836],[-122.6308518,47.1672285],[-122.630235,47.1660943],[-122.6294973,47.1628555],[-122.6307763,47.1605541],[-122.629479,47.1585105],[-122.6291464,47.1573906],[-122.6306654,47.1562561],[-122.6305251,47.1542526],[-122.6326185,47.1522197],[-122.634883,47.1509556],[-122.6365823,47.1489081],[-122.6366427,47.147975],[-122.638097,47.1469315],[-122.6398793,47.1470729],[-122.6404447,47.1476977],[-122.64065,47.1489098],[-122.6403763,47.150008],[-122.6381903,47.1546411],[-122.6379677,47.1577125],[-122.6365622,47.1602221],[-122.6353606,47.1637017],[-122.6344809,47.1646537]]],[[[-122.7173393,47.214267],[-122.7161257,47.2165421],[-122.7150432,47.2175873],[-122.7140772,47.2178247],[-122.7091935,47.2219707],[-122.7059364,47.223878],[-122.7054412,47.2262978],[-122.7053004,47.2291855],[-122.7049364,47.2304118],[-122.7043199,47.2312326],[-122.7030286,47.2315524],[-122.700954,47.2314043],[-122.6929733,47.2296935],[-122.6909102,47.2295616],[-122.6860607,47.2314274],[-122.6831917,47.2317636],[-122.6795558,47.2310252],[-122.6771453,47.2288582],[-122.6764538,47.2269211],[-122.6754344,47.2252794],[-122.6754769,47.2231941],[-122.6734053,47.2237497],[-122.6723276,47.2237398],[-122.6687985,47.2234761],[-122.6671722,47.2230211],[-122.6669265,47.221346],[-122.6673405,47.2210147],[-122.667975,47.2211119],[-122.6681546,47.2207855],[-122.6690915,47.2156881],[-122.668577,47.2149924],[-122.6667998,47.213675],[-122.663975,47.2128095],[-122.6618634,47.2127648],[-122.6594847,47.2149067],[-122.6584102,47.2164451],[-122.6572856,47.2170466],[-122.6533779,47.216707],[-122.6507322,47.21582],[-122.6491351,47.215609],[-122.6475914,47.2121467],[-122.6464118,47.210399],[-122.6449312,47.2093338],[-122.6441885,47.2071903],[-122.6419089,47.2064859],[-122.6418632,47.2047663],[-122.6425283,47.2017618],[-122.6433079,47.2001122],[-122.6453196,47.1988758],[-122.6483109,47.1975908],[-122.6550186,47.195772],[-122.6592733,47.1951594],[-122.6593148,47.1948484],[-122.6598779,47.1946703],[-122.6597857,47.1944559],[-122.6752081,47.1920148],[-122.6819557,47.1914573],[-122.6834381,47.1918658],[-122.6845496,47.1927645],[-122.6855227,47.193127],[-122.6868182,47.1932027],[-122.6896143,47.1927844],[-122.6930435,47.1936448],[-122.6940768,47.1942627],[-122.6966017,47.1968911],[-122.6976839,47.1975961],[-122.703048,47.1989814],[-122.7064169,47.1983844],[-122.713383,47.1995289],[-122.7159364,47.1995619],[-122.7214567,47.2014652],[-122.7247873,47.2034089],[-122.7268005,47.2052808],[-122.7275093,47.2076223],[-122.7270433,47.2079884],[-122.7259268,47.2078103],[-122.7243442,47.208859],[-122.7212742,47.209832],[-122.7188248,47.2122786],[-122.7173393,47.214267]]],[[[-122.6659766,47.2773437],[-122.664911,47.2768024],[-122.6605008,47.2760376],[-122.6572724,47.2740221],[-122.6544648,47.273876],[-122.6534107,47.2727596],[-122.6526425,47.2725001],[-122.651615,47.2734112],[-122.6512921,47.2732624],[-122.652039,47.2717474],[-122.6515392,47.271051],[-122.6523232,47.2699945],[-122.652032,47.269156],[-122.6515837,47.2689539],[-122.6509787,47.2693587],[-122.6503252,47.2692486],[-122.6482602,47.2714756],[-122.647043,47.2712784],[-122.6466196,47.2702536],[-122.6471363,47.2683865],[-122.6484247,47.2689606],[-122.6491859,47.2689329],[-122.6497065,47.2685918],[-122.6481891,47.2661434],[-122.643367,47.2639803],[-122.639644,47.2618034],[-122.6387573,47.2617536],[-122.6380835,47.26309],[-122.6369081,47.2644421],[-122.6344063,47.2666552],[-122.633887,47.2666045],[-122.6337983,47.2663473],[-122.6338001,47.2646949],[-122.6315205,47.2668648],[-122.6301991,47.2676806],[-122.6293433,47.2676193],[-122.6280481,47.2665182],[-122.6276623,47.2650237],[-122.6279294,47.2618039],[-122.628646,47.2609132],[-122.6287248,47.2599034],[-122.6252049,47.2592797],[-122.6243364,47.2595675],[-122.6235019,47.2591952],[-122.6176773,47.2560924],[-122.6158762,47.254836],[-122.6158106,47.2545101],[-122.6141803,47.2539009],[-122.6117837,47.2514197],[-122.6086996,47.2507193],[-122.6072398,47.2497533],[-122.6063722,47.2489009],[-122.6041375,47.2455592],[-122.6035747,47.244294],[-122.6035182,47.2432601],[-122.601548,47.2417484],[-122.6012704,47.240713],[-122.6020867,47.2405679],[-122.602391,47.2410112],[-122.6027182,47.2404712],[-122.6021838,47.2394977],[-122.6007027,47.2383402],[-122.6001792,47.2387943],[-122.6000312,47.2403163],[-122.6001362,47.2417894],[-122.6007732,47.2418545],[-122.59894,47.2421546],[-122.5981411,47.2416915],[-122.5964614,47.2396341],[-122.5939732,47.2388761],[-122.5895176,47.2368716],[-122.5890926,47.235546],[-122.5900252,47.2323776],[-122.5899626,47.2307142],[-122.5906408,47.2279794],[-122.5982981,47.2232092],[-122.6003246,47.2213185],[-122.6016892,47.2192934],[-122.6030606,47.2185241],[-122.6042,47.2182924],[-122.6076389,47.2185844],[-122.6118419,47.2200812],[-122.614275,47.221914],[-122.6175954,47.2255643],[-122.6202413,47.2278742],[-122.6214347,47.2301777],[-122.6251015,47.2349785],[-122.6280697,47.2369448],[-122.6301179,47.2379101],[-122.6318364,47.2394681],[-122.6327965,47.241158],[-122.6331219,47.2424908],[-122.6339502,47.2437475],[-122.6363167,47.2454226],[-122.6416702,47.2485155],[-122.6434661,47.2512271],[-122.6452115,47.2532519],[-122.6473197,47.2550465],[-122.6501479,47.2565862],[-122.6527916,47.2587081],[-122.6564861,47.2628498],[-122.6608143,47.266039],[-122.6676919,47.2701076],[-122.6686937,47.271189],[-122.669536,47.2738512],[-122.6681152,47.2764511],[-122.6673319,47.2770957],[-122.6648684,47.2783802],[-122.6646219,47.2782818],[-122.6651501,47.278222],[-122.6659881,47.2776308],[-122.6659766,47.2773437]],[[-122.6670861,47.2764054],[-122.666408,47.2762758],[-122.666363,47.2765146],[-122.6670861,47.2764054]],[[-122.6370541,47.2581349],[-122.6371775,47.2581404],[-122.6370582,47.2580712],[-122.6370541,47.2581349]]],[[[-122.5178644,47.3680543],[-122.5157827,47.3697496],[-122.5157284,47.3711213],[-122.5165627,47.3734312],[-122.5147849,47.3771745],[-122.5156018,47.3798431],[-122.5164202,47.380687],[-122.516816,47.381897],[-122.5212025,47.3850504],[-122.5226741,47.3867352],[-122.5238546,47.3886891],[-122.5254068,47.3902369],[-122.5269327,47.3929806],[-122.5273888,47.3968774],[-122.5263864,47.3972007],[-122.526423,47.3986447],[-122.5259639,47.399302],[-122.5242369,47.4001856],[-122.5219453,47.4020219],[-122.5198466,47.4031773],[-122.5190633,47.4031096],[-122.5200361,47.403845],[-122.5207186,47.4049125],[-122.5219983,47.4052461],[-122.5219926,47.4058331],[-122.5204138,47.4084356],[-122.5187473,47.4101473],[-122.5130688,47.4146489],[-122.513424,47.4152427],[-122.5136587,47.4168912],[-122.5144896,47.4182539],[-122.5119022,47.4225039],[-122.5117863,47.4236421],[-122.5122291,47.4249604],[-122.5122731,47.4272576],[-122.5118914,47.4300301],[-122.5111299,47.4311993],[-122.5108579,47.4322116],[-122.5118354,47.4335873],[-122.5139313,47.4402003],[-122.5134475,47.4411],[-122.5124847,47.4418493],[-122.5129211,47.4441575],[-122.5125833,47.4463053],[-122.5136757,47.4480391],[-122.5136452,47.448378],[-122.5133591,47.4492253],[-122.512121,47.4507699],[-122.5117488,47.4544152],[-122.5092947,47.4545718],[-122.5090408,47.4565324],[-122.509285,47.4579832],[-122.5076265,47.4596866],[-122.5084518,47.4615022],[-122.5056998,47.4620529],[-122.5024999,47.4639237],[-122.5028462,47.4654515],[-122.502415,47.466786],[-122.4998494,47.4673203],[-122.4975415,47.4697578],[-122.4972057,47.4703248],[-122.4974702,47.4711965],[-122.497312,47.47241],[-122.4965819,47.47414],[-122.4977387,47.4754815],[-122.497678,47.4758157],[-122.4921476,47.4783158],[-122.4884538,47.4793348],[-122.482224,47.4803474],[-122.4819635,47.4822005],[-122.481041,47.48258],[-122.4800421,47.4839288],[-122.480015,47.4880447],[-122.4794291,47.4891463],[-122.4795156,47.4903868],[-122.4787734,47.4911577],[-122.4790492,47.4933576],[-122.4770998,47.5008429],[-122.4771353,47.5034028],[-122.4758476,47.5052453],[-122.475757,47.5083459],[-122.4763912,47.5092671],[-122.4764436,47.5100638],[-122.4740756,47.5111841],[-122.4705963,47.5107318],[-122.4652345,47.5088891],[-122.4639989,47.5087474],[-122.4627123,47.5080076],[-122.4533724,47.5044272],[-122.4520788,47.503435],[-122.4516538,47.5026147],[-122.4562234,47.4999362],[-122.4586914,47.4979848],[-122.4599103,47.4964593],[-122.4602839,47.4942428],[-122.459448,47.4915496],[-122.4601693,47.489781],[-122.4606095,47.4873758],[-122.4601742,47.4864581],[-122.4547857,47.4819158],[-122.4480843,47.4782386],[-122.4457103,47.475275],[-122.4449192,47.4729272],[-122.4439875,47.4716745],[-122.4421026,47.4705786],[-122.436305,47.4680486],[-122.4336117,47.4662127],[-122.4335353,47.4659022],[-122.4360421,47.4636157],[-122.4382896,47.4601317],[-122.4436076,47.454617],[-122.4441771,47.4529851],[-122.4439325,47.4522073],[-122.4432588,47.4514548],[-122.4400259,47.4494018],[-122.4408362,47.447588],[-122.4402094,47.4452955],[-122.4400609,47.4420127],[-122.4397683,47.4411265],[-122.4405066,47.4379611],[-122.4402891,47.4366476],[-122.4393502,47.4346564],[-122.4361792,47.4308639],[-122.4354161,47.4286532],[-122.4334013,47.4263687],[-122.4299545,47.423658],[-122.4297835,47.4226656],[-122.4300331,47.4215193],[-122.4337552,47.4213386],[-122.4369882,47.4193069],[-122.4391597,47.4187277],[-122.4399787,47.4178406],[-122.4400833,47.4173943],[-122.4392707,47.4157073],[-122.4371863,47.41245],[-122.4373642,47.4107763],[-122.4385657,47.4085015],[-122.4370119,47.406926],[-122.4383833,47.4062972],[-122.4395501,47.4066243],[-122.440836,47.4059774],[-122.4452467,47.4053492],[-122.4460819,47.404778],[-122.4471283,47.4033219],[-122.4486357,47.4026914],[-122.4520443,47.4038364],[-122.4529352,47.4030689],[-122.4549007,47.4031244],[-122.4602296,47.4021767],[-122.4623789,47.401168],[-122.4632391,47.4012458],[-122.4645512,47.4019276],[-122.4664127,47.402004],[-122.4647329,47.4013765],[-122.4637534,47.4002689],[-122.4638688,47.3997924],[-122.4646857,47.3990559],[-122.4653289,47.3975127],[-122.4652708,47.3946489],[-122.4663529,47.3933409],[-122.4663435,47.3916742],[-122.4660328,47.390926],[-122.4653884,47.3908302],[-122.4652533,47.3903243],[-122.4643294,47.3898546],[-122.4637876,47.3899975],[-122.4635106,47.3904375],[-122.4618656,47.3907177],[-122.4608553,47.3920337],[-122.4592987,47.3933347],[-122.4563347,47.393939],[-122.4563087,47.3945178],[-122.4558167,47.3948761],[-122.4525774,47.3949163],[-122.4508385,47.3945289],[-122.4484784,47.3926652],[-122.4472522,47.3902622],[-122.4460661,47.3897533],[-122.4479636,47.3875067],[-122.4499175,47.3859746],[-122.4507716,47.384951],[-122.4507975,47.3847565],[-122.4500829,47.3847243],[-122.4519699,47.3839411],[-122.4529837,47.3840087],[-122.4579885,47.386124],[-122.4615091,47.3872259],[-122.4657374,47.3879599],[-122.4710804,47.3878183],[-122.4778947,47.385752],[-122.4787756,47.3851851],[-122.4785718,47.3849708],[-122.4800309,47.384308],[-122.4811494,47.3830276],[-122.4823139,47.3824024],[-122.4848058,47.3802732],[-122.4861812,47.3731616],[-122.4878522,47.3689164],[-122.4880051,47.3668],[-122.4884369,47.3659662],[-122.488504,47.3632429],[-122.4882262,47.3611448],[-122.4886746,47.36015],[-122.4888098,47.357089],[-122.4891477,47.356642],[-122.4898105,47.3539823],[-122.4909368,47.3517195],[-122.4907061,47.3505165],[-122.4912974,47.3481252],[-122.4913547,47.3450163],[-122.4919339,47.3425243],[-122.4916215,47.3412655],[-122.49217,47.3380604],[-122.4912873,47.3346667],[-122.4912229,47.3330835],[-122.4922335,47.3315731],[-122.4945642,47.3306482],[-122.5041523,47.3310882],[-122.505037,47.3312136],[-122.5067598,47.3326792],[-122.5086468,47.3335913],[-122.510572,47.3337155],[-122.5130612,47.3332786],[-122.5188506,47.3338067],[-122.5212964,47.3356904],[-122.5248364,47.3399019],[-122.5277808,47.3448729],[-122.5280834,47.3462339],[-122.5274536,47.3538369],[-122.525681,47.3584957],[-122.5250735,47.3619045],[-122.5232912,47.3643209],[-122.5228716,47.3662759],[-122.5178644,47.3680543]]],[[[-122.481762,47.5418],[-122.4809627,47.5420568],[-122.480637,47.540966],[-122.4809316,47.540473],[-122.4840483,47.5389478],[-122.4855087,47.5375289],[-122.4862877,47.5362359],[-122.4863577,47.534914],[-122.4845249,47.5315111],[-122.4845561,47.5305872],[-122.4852345,47.5301698],[-122.4889074,47.5296203],[-122.4953303,47.5313883],[-122.4980121,47.5327632],[-122.4984922,47.5333837],[-122.4991227,47.5362478],[-122.5003989,47.5373383],[-122.5019905,47.5401242],[-122.5059353,47.5445024],[-122.5054629,47.544798],[-122.5022619,47.5445832],[-122.4954845,47.5453326],[-122.4928994,47.5452655],[-122.4895951,47.5445764],[-122.481762,47.5418]]],[[[-122.38008658283817,47.60238060233744],[-122.382,47.602],[-122.38391341716184,47.60238060233744],[-122.38553553390594,47.60346446609407],[-122.38661939766256,47.605086582838176],[-122.387,47.607],[-122.38661939766256,47.60891341716182],[-122.38553553390594,47.61053553390593],[-122.38391341716184,47.61161939766256],[-122.382,47.612],[-122.38008658283817,47.61161939766256],[-122.37846446609407,47.61053553390593],[-122.37738060233745,47.60891341716182],[-122.37700000000001,47.607],[-122.37738060233745,47.605086582838176],[-122.37846446609407,47.60346446609407],[-122.38008658283817,47.60238060233744]]],[[[-122.4453826931933,47.706544599875116],[-122.45813693735671,47.683495467125844],[-122.45876916975148,47.68043789643827],[-122.45924276261746,47.674122559028454],[-122.45878274987466,47.667043413929754],[-122.45683318249057,47.66032575255189],[-122.45474772567857,47.6550307318803],[-122.45376838222477,47.65163350146458],[-122.45251786947037,47.64463952393308],[-122.45230181986153,47.642007938720134],[-122.45241200806701,47.63605315007205],[-122.45428153624518,47.62851038152808],[-122.45434692407905,47.62545881047061],[-122.45322194602365,47.62289405889673],[-122.44690870719755,47.61400482524027],[-122.44571857283289,47.61026333735056],[-122.4456708940744,47.608429881249805],[-122.44718121973939,47.59471901438223],[-122.44806124963009,47.591862518687144],[-122.45260547094901,47.58344816729427],[-122.45442203918618,47.57822937212244],[-122.45458772354554,47.57663532726937],[-122.4579188141591,47.574793775472926],[-122.46920042046038,47.5695131646254],[-122.47991893680215,47.56559553652375],[-122.48914479393274,47.56263392050875],[-122.49410563616364,47.56162522788358],[-122.50142044460841,47.5610309052337],[-122.50888801379355,47.56132502650969],[-122.51433912783648,47.56239738794961],[-122.52258343929498,47.56506383936921],[-122.52972874528992,47.56831087656102],[-122.53424635048209,47.57121138009672],[-122.53667470545798,47.573669077874634],[-122.53809957333495,47.57587284209726],[-122.5415496225988,47.58547374545789],[-122.54465037965869,47.591148259652606],[-122.54688641819858,47.5933581600356],[-122.5485834905066,47.594299026458785],[-122.55059286058429,47.594619960010334],[-122.55390414412213,47.594385151900156],[-122.55962570925617,47.59206805993791],[-122.56512942683082,47.58920119337079],[-122.56864401730014,47.587875917181705],[-122.56986977694338,47.5877499015924],[-122.57326181395312,47.58858084004525],[-122.57733632766525,47.590330955723644],[-122.58069614774423,47.59256185220609],[-122.58267313719263,47.59446096395304],[-122.58442979906924,47.596925035476],[-122.5854166634507,47.599178336440715],[-122.58681095607754,47.60781551451033],[-122.58580305749618,47.62403787884984],[-122.58529184094313,47.627781392941735],[-122.58507370608974,47.63701926391397],[-122.5855107635959,47.638576779921905],[-122.58664667302331,47.640836926478194],[-122.59208271165575,47.644753977589204],[-122.59406476958718,47.64661779478372],[-122.59881288915221,47.65352633763344],[-122.60281409331593,47.660845646555856],[-122.60374341911563,47.664555844380864],[-122.60340562020446,47.667933081251405],[-122.60176482624878,47.67103442860657],[-122.59709717003493,47.67473062575973],[-122.59338043715306,47.67656916820369],[-122.58703502612268,47.67911642778153],[-122.58320771837595,47.68159821355125],[-122.58001767035601,47.68524952178705],[-122.57714507351513,47.69078696040592],[-122.57609177589923,47.69595101368467],[-122.57398930366176,47.70245322219503],[-122.57157189854215,47.70671239544466],[-122.56881799847413,47.709841908270754],[-122.56601513472201,47.712205237434105],[-122.56396734356214,47.7113594857724],[-122.56372618828847,47.71162881415538],[-122.56571801000943,47.71245623042755],[-122.55210037946442,47.723928686075375],[-122.55019942505422,47.72505231187315],[-122.54665833638276,47.726242599539574],[-122.54274535625738,47.72663626051871],[-122.43422147642954,47.726269750347676],[-122.4349641819124,47.7203549026502],[-122.43578128469021,47.71611027953966],[-122.43658911873341,47.71390150874667],[-122.43760143261235,47.712469796467865],[-122.4453826931933,47.706544599875116]]],[[[-122.56,47.731],[-122.56153073372947,47.731304481869955],[-122.56282842712474,47.73217157287525],[-122.56369551813005,47.73346926627054],[-122.56400000000001,47.735],[-122.56369551813005,47.73653073372946],[-122.56282842712474,47.73782842712475],[-122.56153073372947,47.738695518130044],[-122.56,47.739],[-122.55846926627054,47.738695518130044],[-122.55717157287526,47.73782842712475],[-122.55630448186996,47.73653073372946],[-122.556,47.735],[-122.55630448186996,47.73346926627054],[-122.55717157287526,47.73217157287525],[-122.55846926627054,47.731304481869955],[-122.56,47.731]]]]},"properties":{"id":"outremer","name":"Outremer","boundary_role":"island-district","basis":"SR5-/SR6-Metroplexkarte und textliche Grenzhinweise; auf offizielle heutige Küsten- und County-Geometrien übertragen","lore_source":"Freiheit für Seattle (SR6) und Emerald City (SR6)","map_source":"SR5 Seattle - Karte Metroplex und Shadowrun 6E - Seattle - Poster Map","boundary_review_status":"source-refined","boundary_review_label":"Benannte Orte, Flüsse, Seen und Stadtgrenzen quellenabgeglichen; nur unpublizierte ländliche Zwischenlinien bleiben modelliert"}},{"type":"Feature","geometry":{"type":"MultiPolygon","coordinates":[[[[-122.48,46.88],[-122.55,46.901538461538465],[-122.55,46.96434782608696],[-122.45,46.96],[-122.4,47.08],[-122.41923076923078,47.137692307692305],[-122.36,47.18],[-122.33283303452525,47.19901687583233],[-122.32647643624033,47.197942380987094],[-122.3357643388631,47.19951237220628],[-122.33574878743732,47.202641932799494],[-122.33657555016353,47.20264967639749],[-122.33652722814689,47.20392303018182],[-122.33787484223745,47.203943359055266],[-122.33789521942414,47.206195204998004],[-122.32857462033445,47.2062537594159],[-122.32864270140955,47.20284471953275],[-122.32619292450494,47.20285671855789],[-122.32735568090203,47.20285102336858],[-122.32620593783776,47.203655843513566],[-122.32622228725975,47.20465983160051],[-122.3248774676636,47.204585772635475],[-122.32167426300313,47.20682801589781],[-122.32167712821023,47.20552675751076],[-122.32167317420867,47.2073225012445],[-122.32044128375905,47.2070382448662],[-122.32052322440796,47.22060545533124],[-122.31619701085523,47.219092005355286],[-122.31526426362976,47.21888003495375],[-122.31510703819629,47.21908328511673],[-122.31472855246463,47.21876213548161],[-122.31235910621537,47.21815421813754],[-122.31246515965834,47.21785836637448],[-122.30788630426723,47.21647958701294],[-122.26,47.25],[-122.29211009174311,47.22752293577982],[-122.28857413559597,47.210727144080856],[-122.28692296675038,47.21000628974965],[-122.28692783916956,47.208374591334085],[-122.2864987832371,47.208361087371394],[-122.28646611975748,47.20563240794576],[-122.28526997945896,47.20593524198126],[-122.28518679198933,47.2034312475383],[-122.28711965725387,47.20381837195589],[-122.28633379273367,47.20008551548494],[-122.28571502737631,47.199741705012954],[-122.28725893515833,47.198139974865875],[-122.2861634673799,47.19927647005446],[-122.28518333703293,47.19462085090644],[-122.28291416229159,47.19319196779455],[-122.28089713560392,47.19300423138887],[-122.27453094493012,47.19509080410825],[-122.27175744659242,47.19549301789146],[-122.26546541056666,47.19717319553061],[-122.2600263079601,47.19937879533086],[-122.25771805421616,47.19908178975249],[-122.25022429583026,47.19622556945107],[-122.25712929105097,47.19022718798373],[-122.25705429583691,47.18999765349605],[-122.2506251684034,47.19010870943002],[-122.25061809936685,47.188149949248405],[-122.24743574713918,47.188146513081904],[-122.2472916805727,47.18429538982149],[-122.25071167609589,47.184893625129625],[-122.25039136437418,47.1833493274779],[-122.24626281302369,47.18208372810203],[-122.24364314492063,47.18167315736002],[-122.24170628120383,47.18082576139717],[-122.2401909402719,47.180733579051484],[-122.24003478225941,47.17696160723407],[-122.23551183452913,47.17698018271098],[-122.23451234744778,47.173347987347164],[-122.23618494992792,47.17332272578722],[-122.23613605016115,47.16647453422697],[-122.23667347774737,47.16564421721449],[-122.23629915766097,47.164783259066205],[-122.23766921049058,47.16249773675306],[-122.24722590944293,47.162436748332986],[-122.18945788490645,47.14910566574764],[-122.18944891305098,47.149376842694934],[-122.18916486811113,47.14931530131177],[-122.18925181216353,47.149058194626626],[-122.18785996271534,47.14904909651012],[-122.18782120383001,47.15014393987771],[-122.18615203499725,47.150033466699206],[-122.18518281215594,47.148863236112625],[-122.18521321243057,47.14812612594552],[-122.02,47.11],[-121.9511111111111,47.11],[-121.99,47.04],[-122.08,46.94],[-122.16,46.88],[-122.28,46.84],[-122.48,46.88]],[[-122.31155867439794,47.217497581700954],[-122.30474522955609,47.21560886939549],[-122.30788630426723,47.21647958701294],[-122.31155867439794,47.217497581700954]]],[[[-122.20306876369717,47.18430155096272],[-122.20306463511747,47.18449702205251],[-122.2015755151757,47.18451082570469],[-122.20158650760133,47.18399634466747],[-122.20246708499698,47.18399127435553],[-122.20246040767992,47.184305044524514],[-122.20306876369717,47.18430155096272]]],[[[-122.26744913817613,47.20531978907754],[-122.26413708292095,47.20448280211462],[-122.2641404106247,47.20469680246961],[-122.26353509808042,47.20458252408884],[-122.26329265126411,47.20190544323863],[-122.26225303757228,47.20191141567125],[-122.26459171576148,47.20097636882198],[-122.26770771855078,47.20123850954311],[-122.26772193632077,47.2021540960234],[-122.26933097731622,47.20214478743438],[-122.26938249264848,47.205458870158964],[-122.26817208384372,47.20523854163758],[-122.26796583287961,47.20352359224855],[-122.26742132799768,47.20352673917997],[-122.26744913817613,47.20531978907754]]],[[[-122.25990737737298,47.20414183900242],[-122.26495072088265,47.20506316076659],[-122.26496026902535,47.205681483780786],[-122.25992101224568,47.205026483335516],[-122.25990737737298,47.20414183900242]]],[[[-122.28375522211857,47.208645823012695],[-122.2829507528032,47.208658219558885],[-122.28294347784428,47.20843893977571],[-122.28374794387938,47.208426543279096],[-122.28375522211857,47.208645823012695]]],[[[-122.20211049093098,47.21263215220889],[-122.20234136619136,47.21315456283633],[-122.20157463537849,47.213311871083306],[-122.2013438065174,47.21278945927407],[-122.20211049093098,47.21263215220889]]],[[[-122.20824604876441,47.2063370181951],[-122.20305238438343,47.206329782007586],[-122.20290283481849,47.19912717482491],[-122.20509188486167,47.199120627837495],[-122.20374697356958,47.1983360021214],[-122.20176745264489,47.19547225448957],[-122.20284407554108,47.19546661815555],[-122.20282221493237,47.194880939805834],[-122.20766748976088,47.19483717166303],[-122.2076986848295,47.1961168990405],[-122.20975973090457,47.19609751890937],[-122.20974966803122,47.19537733794032],[-122.21844035371281,47.19530505113599],[-122.21846078940621,47.195965441678126],[-122.22670220823981,47.19369414884261],[-122.22938942069398,47.1936021060994],[-122.2292797232964,47.1851904940331],[-122.23126552615605,47.18542286346192],[-122.23438993910803,47.186291709671075],[-122.23902506537779,47.18874697668894],[-122.24242187025025,47.19173652461779],[-122.24428376705,47.19477968404348],[-122.24906419003335,47.19664126635123],[-122.24983440284967,47.19651017496447],[-122.25666888944828,47.19910378681698],[-122.25667697668513,47.1993512409512],[-122.2583537042144,47.19977217066565],[-122.25666940551595,47.19976081007267],[-122.25666136765558,47.20015610295476],[-122.25527135197333,47.20017637632523],[-122.25363559869311,47.20091982100586],[-122.25363497187733,47.20142985792247],[-122.25386175960577,47.201327668905854],[-122.25477924581247,47.20201620060339],[-122.25465049527223,47.202290296657026],[-122.25279676597783,47.20287770481264],[-122.25240556951587,47.203316786227],[-122.25069394698751,47.20364199984186],[-122.250677984754,47.20641236746573],[-122.2482261110247,47.20636086993353],[-122.25049011735369,47.20808036947223],[-122.25128136221936,47.209753563594994],[-122.25276855045408,47.2115124970753],[-122.25337235271901,47.214402005709324],[-122.25330730911365,47.217931744105066],[-122.2550515574543,47.2211390469643],[-122.26214687981202,47.221139038251444],[-122.26218445023653,47.22837704939419],[-122.2554421695826,47.22837708451774],[-122.25425391062416,47.23286442648573],[-122.25465648353025,47.23839542987332],[-122.25709055479166,47.24303004863361],[-122.24602718977367,47.24305190471999],[-122.24605763309896,47.24998470238096],[-122.2448506365828,47.249965566524125],[-122.24484099422695,47.25038253546443],[-122.24297520450952,47.25034501926452],[-122.24148859909705,47.25393284898698],[-122.2388974466775,47.25731794087133],[-122.22988641682231,47.25734398166377],[-122.22946684771352,47.25143275459249],[-122.23416789392776,47.25058997143797],[-122.23403812363011,47.25022967291063],[-122.23282574769108,47.25044744626719],[-122.23278948158482,47.2500264853808],[-122.22915132869339,47.24995089839814],[-122.2289652982225,47.24629105146452],[-122.22376436519399,47.246277609660936],[-122.22384410284128,47.24267724103703],[-122.2189098783408,47.24266430713036],[-122.21903859909247,47.22907673202867],[-122.21924684004804,47.229078076383736],[-122.21925613232165,47.22809608390421],[-122.21904973666406,47.228094749110625],[-122.21897054969592,47.21696744757776],[-122.21325465119622,47.21697475134486],[-122.21321262780113,47.21355089253403],[-122.20837592279035,47.21356944926544],[-122.20824604876441,47.2063370181951]]],[[[-122.13885435560829,47.1702728449213],[-122.14169413988773,47.170271156364315],[-122.14166895115937,47.173039108661584],[-122.13886773550973,47.17303605174215],[-122.13885435560829,47.1702728449213]]],[[[-122.14431262495864,47.1775237525012],[-122.14524526377237,47.17751959435478],[-122.14522881745631,47.17790504214313],[-122.14433382487344,47.177917743877636],[-122.14431262495864,47.1775237525012]]],[[[-122.18007279116057,47.15492565397664],[-122.18782459395773,47.154939070216],[-122.18788173226366,47.15081741588894],[-122.1887300662567,47.150212022443704],[-122.19607576807437,47.15140607980538],[-122.19833341600821,47.153225414418486],[-122.19925865986812,47.1536494203829],[-122.20003378888532,47.15506541344201],[-122.20085308492668,47.155405877085826],[-122.20198917983151,47.15535140249569],[-122.20272608902026,47.155749161575955],[-122.20504805828185,47.15594506929034],[-122.20722108161347,47.15494507186474],[-122.20783399390663,47.15503862093652],[-122.2088580718833,47.155910763783105],[-122.20883929284285,47.15848667613838],[-122.20383897862054,47.15847912558055],[-122.20377086980224,47.16208040730205],[-122.1980459502784,47.16212562535134],[-122.19819656630376,47.16968538543689],[-122.19778081914151,47.169689120696134],[-122.19784370555746,47.17378967981665],[-122.19855877625903,47.173791469600914],[-122.19856446348551,47.177095301322396],[-122.1975463509819,47.177095394762915],[-122.19765365388167,47.18370438479532],[-122.19897748532192,47.18527970823704],[-122.19917243737704,47.186235688969774],[-122.19768835059342,47.18624291961919],[-122.19768661366228,47.18833942317798],[-122.19948899479378,47.188324900066114],[-122.19995767293985,47.19174939043745],[-122.19507391705939,47.191759064877154],[-122.1950235304768,47.188360881600026],[-122.19485371380149,47.195632509748265],[-122.18426730879892,47.195691041102315],[-122.18410485570027,47.19939447484467],[-122.18672411739522,47.19944225462113],[-122.18688583661807,47.201272734675506],[-122.19207690269037,47.20116707853391],[-122.19236976062302,47.206656802796054],[-122.18737109131074,47.20676414232181],[-122.18702695823711,47.203101043114266],[-122.1763268679096,47.20291754794745],[-122.17626923654466,47.19924812526841],[-122.16965582129546,47.19921428701739],[-122.16984996267219,47.19997087903584],[-122.1692400636671,47.200280554893055],[-122.17122510345216,47.202161415088824],[-122.16814971372821,47.20306745738506],[-122.16837860529816,47.203651203132765],[-122.17104676140723,47.20636996678198],[-122.16865871836401,47.2077783913618],[-122.1683884973068,47.21012529212725],[-122.16627057893713,47.211822758331],[-122.1656998398275,47.21185895457626],[-122.16460572858475,47.211245424718044],[-122.16274292244094,47.20934128126322],[-122.15842547265017,47.208011619777864],[-122.15662253329465,47.206689024604074],[-122.15414749917313,47.205644408233624],[-122.15379864511942,47.205077101061896],[-122.14987152401777,47.204659200291836],[-122.14830005820082,47.20380133605473],[-122.14681014767719,47.2042922920324],[-122.14535071017202,47.20401520974776],[-122.14441452505793,47.20314287208718],[-122.14394445803796,47.20315017616148],[-122.1443756758225,47.18080036993453],[-122.15344316191228,47.180887024573664],[-122.15442600627335,47.18119463890985],[-122.15465298196717,47.180893855103],[-122.17250662089987,47.18092030565741],[-122.1762991269176,47.17959203152252],[-122.17622045127705,47.17661545244264],[-122.17080047989633,47.17373688620471],[-122.16830880816623,47.17331053383188],[-122.16611657877795,47.17343530879818],[-122.15977705020103,47.17484856111087],[-122.15400256529928,47.17707719595269],[-122.14400506004077,47.17711374652763],[-122.14414613222526,47.17366672006232],[-122.1493149417272,47.173642393228526],[-122.14931732516911,47.17089517405488],[-122.14440471877454,47.1709355884148],[-122.14452265147526,47.1686894351774],[-122.13313383049832,47.16879661981399],[-122.1331205638826,47.169861115943384],[-122.13254379344039,47.16986715491633],[-122.13251420826855,47.16908843055825],[-122.12935382000794,47.16910729864297],[-122.12936670657706,47.16815243899149],[-122.12755045578596,47.16816063405395],[-122.1275523625251,47.168477116783144],[-122.12615224267088,47.168486467339534],[-122.12619942990962,47.16957729643819],[-122.12299889342812,47.169585041394456],[-122.12293468783875,47.16781221726413],[-122.12223462038119,47.1678146792888],[-122.12217621144876,47.166320891859904],[-122.12176782947347,47.1662957849199],[-122.12180404334592,47.16839640543514],[-122.11882912564324,47.169010361899346],[-122.11884624015022,47.16995849414515],[-122.11622921275973,47.16998042423385],[-122.1161607742109,47.16591134679649],[-122.11648539089288,47.16590862967178],[-122.11656392148802,47.16562738562818],[-122.11757520756528,47.16574022464928],[-122.11754812768042,47.165103759750224],[-122.12259272780122,47.164881148648135],[-122.12263274607527,47.16564177811071],[-122.12872604776635,47.16561710769782],[-122.12869304495399,47.16383476768827],[-122.13349613040808,47.16383650335986],[-122.1335118824154,47.16204623442702],[-122.13887418737346,47.161998111524646],[-122.13888178035333,47.16108340161389],[-122.14438920153476,47.161025200057736],[-122.14441512062952,47.15832787520478],[-122.15766738710614,47.16461956963487],[-122.160418051394,47.166270139462874],[-122.16053678385614,47.16269142930651],[-122.16581693477737,47.162517618198095],[-122.16601292475416,47.15910976781299],[-122.16461210585533,47.159105775201134],[-122.16465050177557,47.158423810514236],[-122.16059196303428,47.15848342991592],[-122.16050212572937,47.154997343701034],[-122.16628585976879,47.155055949261154],[-122.16628211044454,47.155357333806286],[-122.16760279440342,47.15536148175507],[-122.1675626564039,47.1567296823864],[-122.1688896295517,47.156740552529044],[-122.16882149606923,47.158553551282],[-122.17148673000348,47.15857114117549],[-122.17170756699393,47.152178913821444],[-122.17439584645362,47.15218507094223],[-122.17437337661273,47.15309910233854],[-122.1756717593146,47.15309706256238],[-122.1756586211254,47.15492977961919],[-122.17702969523374,47.154928498107886],[-122.17706847807456,47.153099581153796],[-122.1811661518132,47.153095747495854],[-122.18007279116057,47.15492565397664]]],[[[-122.19760324059277,47.24494550845],[-122.19693342831194,47.245409786446025],[-122.19694911960232,47.24497963071486],[-122.19760324059277,47.24494550845]]],[[[-122.1977944862924,47.24515022602601],[-122.19823027119962,47.24602144768748],[-122.19690510713907,47.24608873483461],[-122.19691827405892,47.24577306741637],[-122.1977944862924,47.24515022602601]]],[[[-122.19008643346507,47.247111117468044],[-122.19009017027173,47.24783020894246],[-122.18774740848451,47.24794549909782],[-122.18774370297875,47.24722640578089],[-122.19008643346507,47.247111117468044]]]]},"properties":{"id":"puyallup","name":"Puyallup Barrens","boundary_role":"lore-district","basis":"SR5-/SR6-Metroplexkarte und textliche Grenzhinweise; auf offizielle heutige Küsten- und County-Geometrien übertragen","lore_source":"Freiheit für Seattle (SR6) und Emerald City (SR6)","map_source":"SR5 Seattle - Karte Metroplex und Shadowrun 6E - Seattle - Poster Map","boundary_review_status":"source-refined","boundary_review_label":"Benannte Orte, Flüsse, Seen und Stadtgrenzen quellenabgeglichen; nur unpublizierte ländliche Zwischenlinien bleiben modelliert"}},{"type":"Feature","geometry":{"type":"MultiPolygon","coordinates":[[[[-122.07360014733672,47.54255614998767],[-122.07095015211654,47.54258123706611],[-122.07095840737874,47.542100860377374],[-122.0736346132313,47.542068980504006],[-122.07197782080543,47.54208871677829],[-122.07185683659249,47.54257265363003],[-122.07360014733672,47.54255614998767]]],[[[-122.07072008727712,47.54688590164217],[-122.06839850551378,47.545270582153044],[-122.06825939815198,47.544837453819746],[-122.07128905381073,47.54484378475708],[-122.0707786361903,47.54688545523885],[-122.07879884965881,47.5468243055145],[-122.07072008727712,47.54688590164217]]],[[[-122.0666297,47.5579877],[-122.0674714004486,47.557591170036325],[-122.0692474,47.5573324],[-122.0681260538781,47.55749578448761],[-122.0666297,47.5579877]]],[[[-122.06515841477659,47.561829879428],[-122.0644648460547,47.561394392245134],[-122.0650412,47.5595856],[-122.0646276,47.5612507],[-122.0665093,47.5623199],[-122.0654326,47.5625622],[-122.0643007,47.5622668],[-122.063634,47.562817],[-122.06430292477762,47.562171395001926],[-122.06506515273252,47.56217852062025],[-122.06515841477659,47.561829879428]]],[[[-122.10487303845895,47.652543055697876],[-122.10387234041731,47.65261539299562],[-122.1046135,47.6524764],[-122.10487303845895,47.652543055697876]]],[[[-122.07906211119028,47.69972012191457],[-122.07916507881988,47.69368549516964],[-122.07940974911013,47.69290936869902],[-122.08005739574355,47.69217512342359],[-122.08453322647931,47.692155027304544],[-122.08428979356519,47.69972640397003],[-122.07906211119028,47.69972012191457]]],[[[-122.12069371499526,47.75330443175314],[-122.12446206614915,47.75403267112139],[-122.13015584912326,47.7543549257206],[-122.13183561872981,47.75491642938701],[-122.13219997916372,47.75447698744835],[-122.13252381389599,47.753043442273],[-122.13334135231389,47.752393583233385],[-122.13674183646606,47.75264543481103],[-122.1397686129778,47.752494346385575],[-122.14104637940949,47.75306353440394],[-122.14272476752964,47.753191826291236],[-122.1435407485208,47.75290273092153],[-122.1438655278857,47.75247952534631],[-122.14375931030108,47.75156098516898],[-122.14418148466994,47.751219570947654],[-122.14494822981928,47.75108943207329],[-122.14660912658145,47.75154897582562],[-122.14954724834519,47.751527078468555],[-122.14954064116542,47.75105037924466],[-122.15002917499847,47.75104351498822],[-122.1499910062329,47.74967218149489],[-122.15225726335301,47.74969552092836],[-122.15251161322958,47.751382068251836],[-122.15287530944057,47.75137522735435],[-122.15283370856322,47.75051887649645],[-122.15400059436725,47.750517824743675],[-122.15401145744049,47.75127377158681],[-122.1557482051085,47.75060440667785],[-122.15917664768918,47.75038742119428],[-122.16029337313438,47.75057043277473],[-122.16033592933971,47.7476462845164],[-122.15991008191305,47.74734893188972],[-122.16024567666119,47.74735029301558],[-122.15824805629266,47.745433261096366],[-122.15650335222622,47.74472084980481],[-122.15368096799592,47.74248742627988],[-122.15293486015315,47.74039417375342],[-122.14950698748397,47.73641645489622],[-122.14642976327298,47.735046247719076],[-122.14586378025231,47.73433089305866],[-122.14564182370735,47.73305364585428],[-122.14381073120386,47.73304689164196],[-122.14381518376632,47.734207739767754],[-122.14247138915782,47.734188766189234],[-122.14247298650172,47.73459743280418],[-122.14095890611063,47.734576020886315],[-122.14095560291815,47.733704181125326],[-122.14017951048689,47.733693206828285],[-122.14034369966416,47.73259110452482],[-122.13951406108549,47.73177506370975],[-122.1401541033528,47.73157109616678],[-122.13859126762644,47.72965924656576],[-122.14215826407896,47.7285225828024],[-122.14307176565873,47.728531452319864],[-122.14324236011088,47.73004176113462],[-122.14536409491258,47.73189628796943],[-122.14561507980339,47.7326422491425],[-122.14933172812903,47.73267820945952],[-122.14840952618206,47.7310202829944],[-122.14807964811378,47.72942823145424],[-122.14824809163842,47.727821900433504],[-122.14890509784455,47.725826895189776],[-122.15256235069812,47.725838999073744],[-122.15257596449256,47.727199249890255],[-122.15444901187206,47.72688031423908],[-122.15425224237768,47.725844621313236],[-122.15303505534007,47.72584053801212],[-122.15308123450777,47.72404293649601],[-122.15574571852069,47.72405165072797],[-122.15569961952113,47.72584928041152],[-122.15913122012684,47.72586044333723],[-122.15903633748572,47.729568476369046],[-122.1622338893319,47.72969655712432],[-122.16416844577886,47.730196442242956],[-122.16407328046012,47.73392704456199],[-122.17584438041725,47.73397714475518],[-122.1750364215437,47.74738287484337],[-122.17444383562552,47.747389375047796],[-122.17372077121826,47.74996334338125],[-122.17429779313574,47.74995692888422],[-122.17420832579079,47.750954587454096],[-122.17495166563148,47.75095150220218],[-122.1751932933533,47.75361436824057],[-122.1749761176913,47.75435316763482],[-122.17592731694363,47.754348523533544],[-122.17531762837187,47.75608055452965],[-122.17675485145868,47.7565905813405],[-122.17588944938343,47.757314249266564],[-122.17453081336527,47.75716380914536],[-122.17452113234587,47.758303396754584],[-122.17008095715912,47.757961682725934],[-122.16331848704266,47.758220747856804],[-122.1635236598134,47.76166738283591],[-122.16621511395552,47.7616887536259],[-122.16621221413587,47.765355264850356],[-122.16348567839529,47.765456338333806],[-122.16616504631038,47.76892448737217],[-122.16624375078416,47.77040879664546],[-122.16685430166847,47.770406700995856],[-122.166928601187,47.776194315719124],[-122.11331806453842,47.77595490916703],[-122.11312592802233,47.7689356198606],[-122.11393624489554,47.76888491341636],[-122.11350571873183,47.76797761020166],[-122.1135123195861,47.765342089801784],[-122.11173451745782,47.765334834959226],[-122.11166822146893,47.76293855018188],[-122.11087861644035,47.76219395789008],[-122.11081655542722,47.76131377063761],[-122.11707656320776,47.76133545431755],[-122.11703599947029,47.759856078260285],[-122.11734841181243,47.759291765722246],[-122.11980946072029,47.75794271318322],[-122.12081936313521,47.757873989096396],[-122.12069371499526,47.75330443175314]]],[[[-121.86544242675448,47.526327280263466],[-121.86564064360878,47.5263308899127],[-121.86562819830961,47.52688459492885],[-121.86544242675448,47.526327280263466]]],[[[-122.06048019619334,47.56337700978369],[-122.0590928,47.562987],[-122.057679,47.5620314],[-122.05625667526654,47.56271748963001],[-122.05656176030219,47.56235227863194],[-122.05787674474803,47.56195010052199],[-122.06048019619334,47.56337700978369]]],[[[-122.0606904,47.5634361],[-122.06048019619334,47.56337700978369],[-122.063634,47.562817],[-122.0606904,47.5634361]]],[[[-122.0555129,47.5636352],[-122.05566292881167,47.563428251254],[-122.0551908,47.5650646],[-122.0555129,47.5636352]]],[[[-122.05555373939823,47.566435462071475],[-122.05560898572685,47.565651937179034],[-122.0551908,47.5650646],[-122.0557453,47.5651799],[-122.0555951,47.5663022],[-122.05587159312795,47.56666311520084],[-122.05555373939823,47.566435462071475]]],[[[-122.0463089738621,47.57386265046704],[-122.04639498992276,47.56776340165407],[-122.05026843678144,47.57071032967529],[-122.05144808244243,47.57077724709084],[-122.05222950841795,47.570301312119895],[-122.05712993414035,47.570341289905215],[-122.05716359372018,47.5675884715848],[-122.05668588888896,47.56724632993419],[-122.0602836,47.5684747],[-122.0648907,47.5687591],[-122.0666453,47.5692355],[-122.068188,47.5704572],[-122.068638,47.571883],[-122.070816,47.573764],[-122.072216,47.574197],[-122.07468,47.576062],[-122.074926,47.576991],[-122.076923,47.580066],[-122.078677,47.580971],[-122.081279,47.58137],[-122.083187,47.582501],[-122.084416,47.584094],[-122.084814,47.586113],[-122.086842,47.587524],[-122.086444,47.588736],[-122.088435,47.591028],[-122.088373,47.591585],[-122.087421,47.591838],[-122.086659,47.592571],[-122.085285,47.595349],[-122.083584,47.596091],[-122.082357,47.597098],[-122.082044,47.598346],[-122.080875,47.599471],[-122.080792,47.599982],[-122.0818784,47.601163],[-122.081448,47.602337],[-122.079223,47.603416],[-122.078136,47.604964],[-122.075075,47.607334],[-122.07492,47.607908],[-122.069178,47.6129],[-122.069007,47.613456],[-122.0693014,47.6157196],[-122.0685165,47.6163814],[-122.0682942,47.6169343],[-122.06842,47.618248],[-122.0697248,47.6216443],[-122.071858,47.623944],[-122.071819,47.625312],[-122.070826,47.627076],[-122.071062,47.627789],[-122.070887,47.630244],[-122.071498,47.632768],[-122.073982,47.635811],[-122.078728,47.639601],[-122.0820108,47.6407319],[-122.0836716,47.6418328],[-122.0837821,47.6425447],[-122.082626,47.6420187],[-122.0822688,47.6421792],[-122.0823088,47.6425149],[-122.083118,47.6429624],[-122.0837159,47.6442652],[-122.0859013,47.6458632],[-122.0879245,47.648271],[-122.089483,47.649603],[-122.0913066,47.6530814],[-122.09275012315071,47.65477425330488],[-122.09255357913968,47.654985275702096],[-122.09439883354567,47.656345553308725],[-122.09640150969491,47.659660828013216],[-122.09797389949166,47.659637461542836],[-122.09798140498577,47.65928137925345],[-122.0999674819249,47.65928123163573],[-122.099968067761,47.66229891046547],[-122.10473583177156,47.662333467481886],[-122.10470273347883,47.66429991416213],[-122.11068489531927,47.664304124989705],[-122.11070633932754,47.667168199819415],[-122.12650683536287,47.66658139562359],[-122.12662224547624,47.663872282417984],[-122.12582270359165,47.66194713342795],[-122.1186371669665,47.655791616087],[-122.11515331813573,47.657249475790884],[-122.1136507539462,47.65632917861026],[-122.11184660426684,47.654215334584464],[-122.10770949110993,47.65264395176523],[-122.1080366,47.6525419],[-122.1073132,47.6519036],[-122.1069716,47.6508227],[-122.1066215,47.6505268],[-122.1070253,47.6502687],[-122.1070182,47.6498992],[-122.1066356,47.6499028],[-122.106421,47.649422],[-122.1065644,47.6485155],[-122.105974,47.648157],[-122.1051112,47.646839],[-122.1047369,47.6455547],[-122.1012313,47.6434239],[-122.1017219,47.642573],[-122.1011911,47.6415765],[-122.0976915,47.6401822],[-122.0945628,47.6381721],[-122.0929191,47.6375449],[-122.09234,47.636759],[-122.0924626,47.6363539],[-122.0919549,47.6358447],[-122.0891438,47.6347787],[-122.0874087,47.6322353],[-122.086902,47.6305312],[-122.0872714450419,47.62754966313862],[-122.11122296067416,47.627592702661794],[-122.11098198805753,47.63859756155045],[-122.11058466493039,47.63860246964683],[-122.11062758286191,47.645981200970354],[-122.11392064932204,47.64596860220197],[-122.11415288584686,47.64519566840814],[-122.11494452716934,47.64430559897472],[-122.12166267229544,47.63896682323306],[-122.12198595402018,47.6392033860983],[-122.1280497230157,47.63556062842629],[-122.13234419621223,47.63545204856906],[-122.13240931622107,47.63348463004846],[-122.13273099013149,47.63347745208901],[-122.13273354815608,47.63258647162009],[-122.13412152125542,47.63162729766695],[-122.13472000623811,47.62968704517197],[-122.13615791903342,47.628432128204494],[-122.137696276954,47.62785948890138],[-122.14060956651296,47.627864099334914],[-122.14310528219046,47.627383081286894],[-122.14296487204781,47.64593563981962],[-122.14330151588771,47.65260657367946],[-122.14328487624606,47.66064563981134],[-122.15876693381173,47.66065769695582],[-122.15865705979208,47.665463195700454],[-122.16174248643668,47.66549512746787],[-122.16169932151004,47.666467206109814],[-122.16390934851614,47.666500836005156],[-122.163856859989,47.6826059252689],[-122.16485884725525,47.69014806036047],[-122.16423632012486,47.70790390725732],[-122.16308166291878,47.70789729596335],[-122.16304936460925,47.71133559302371],[-122.15808108003426,47.71157429101852],[-122.15380740263076,47.71124694686336],[-122.15349612688064,47.70784136112779],[-122.1427331054712,47.7076789888547],[-122.14286362771013,47.70397499519835],[-122.1335261872089,47.7039070075198],[-122.13435965932035,47.70608479146774],[-122.13441130257466,47.70710856588779],[-122.13430201067104,47.707607517235736],[-122.13215029379795,47.70758702194378],[-122.13220536461975,47.711417284916045],[-122.12263570910304,47.71097326749881],[-122.11854935314815,47.71144677415723],[-122.11631883986477,47.71205692587942],[-122.11634435625257,47.71054576578353],[-122.11498836628877,47.710512759575195],[-122.1149840657241,47.710276135615175],[-122.11376121260726,47.710458206416746],[-122.11379448984829,47.71097059945039],[-122.0994952272692,47.710847227905845],[-122.09961766219253,47.70387300013243],[-122.09269102818755,47.70349587360301],[-122.09269531632698,47.703156563860574],[-122.0911726082475,47.703035180838924],[-122.09061037441771,47.701818388134825],[-122.0908505659456,47.70183896876473],[-122.09088089825163,47.701346343515134],[-122.09047741393307,47.70134234920927],[-122.09053457389113,47.70068698918722],[-122.09089288351733,47.700417762529646],[-122.09052719245484,47.69952125715174],[-122.09268475498439,47.69963877324171],[-122.09299618544725,47.69651784251908],[-122.09249794802429,47.69256977745866],[-122.09165043135927,47.69105661869771],[-122.09159012365625,47.690041260588224],[-122.09054937218494,47.68984553278931],[-122.08992301154487,47.68906882961453],[-122.0883132058409,47.689484264918555],[-122.08829897113145,47.68709136900365],[-122.09002503703682,47.687085141879344],[-122.09002801270249,47.68578984776957],[-122.08687178439794,47.68577831491841],[-122.08688405067815,47.684245198022005],[-122.08431904403497,47.68423063243328],[-122.08429132540337,47.68469336525645],[-122.08127380182721,47.68468207077039],[-122.08135693371715,47.68349991953269],[-122.08011899092674,47.683523584852246],[-122.07961101179016,47.682611053031636],[-122.08423568522429,47.68256028775274],[-122.08413161830286,47.67849617430494],[-122.08177115619166,47.67847274685254],[-122.08173155719908,47.67526463358105],[-122.08730063284445,47.67641560048996],[-122.08730626618079,47.67597076181095],[-122.08183649301722,47.674849020038266],[-122.07938168501482,47.67487055475317],[-122.07936341735578,47.67309078533394],[-122.0821708148351,47.67289038709367],[-122.08228980515969,47.67125673468618],[-122.08171720740464,47.671259648904154],[-122.08125507023279,47.6689623665556],[-122.07917391232702,47.665462052829646],[-122.07913256399719,47.66430058935072],[-122.08026658162026,47.66374254959116],[-122.08414211429115,47.66300539540412],[-122.08584522905139,47.6620634348726],[-122.08738112734896,47.658411818336006],[-122.08718279443796,47.65764418719652],[-122.08405947950222,47.656991510277464],[-122.07995478520614,47.65365919167655],[-122.0790809442882,47.65350934707684],[-122.07906830198867,47.65309511486216],[-122.07876486424148,47.65306523408977],[-122.07865579649713,47.649420400429946],[-122.06622119978945,47.64937777711974],[-122.06663046146214,47.649937924814516],[-122.06632716657307,47.65002955487926],[-122.06654538321152,47.65053309652345],[-122.06541116237807,47.65036750973323],[-122.06484145827126,47.650775986079836],[-122.06431922479923,47.65002073952733],[-122.06459144115644,47.649372092950756],[-122.06287320444537,47.649366022226786],[-122.07145833333334,47.69229166666667],[-122.066,47.6912],[-122.05028551341911,47.640913642941186],[-122.075,47.72],[-122.08318181818181,47.734545454545454],[-122.105,47.8],[-121.95750000000001,47.8],[-121.98,47.74],[-121.86,47.68],[-121.88,47.57],[-121.87240392330268,47.54721176990807],[-121.88710813672346,47.547390709869845],[-121.8869845096198,47.543390943956084],[-121.89342381483472,47.543446656584464],[-121.89218980284717,47.5419306636084],[-121.89208181165927,47.53874466164331],[-121.89181980060029,47.53802365672885],[-121.89087080106161,47.536994660275205],[-121.89061781327229,47.536150666892254],[-121.88176548548016,47.53605538405045],[-121.88178032846213,47.52886551904667],[-121.88735057069876,47.52881705580036],[-121.88707573748103,47.51170159454885],[-121.883275015279,47.51211791713409],[-121.88343481955435,47.510908717845865],[-121.88275464930884,47.510966393281464],[-121.88235794941077,47.512714348039395],[-121.88076815497732,47.514361003784956],[-121.86581487221348,47.51439062429827],[-121.86568334345019,47.52359900790466],[-121.86464615001798,47.52393845005395],[-121.85,47.48],[-121.88392491467576,47.421843003412974],[-121.93,47.42],[-122.06,47.47],[-122.07243360078918,47.519734403156725],[-122.07113318120189,47.51971718762782],[-122.07110075133134,47.5233150990198],[-122.06977307327836,47.5232974793448],[-122.0697893267627,47.521498545348514],[-122.06942645417362,47.52149372385685],[-122.069957690965,47.52082561864502],[-122.06971982606503,47.51969845419134],[-122.06411548203252,47.51961388022883],[-122.06421315064522,47.516297912793995],[-122.0583083810991,47.516194351175095],[-122.058316532169,47.515955082809725],[-122.03638490529252,47.51564551556593],[-122.03636846343387,47.512085429332544],[-122.03094726332914,47.512095062430944],[-122.03089199124402,47.508667195881145],[-122.02272993712549,47.50866164381176],[-122.02331101504187,47.512960416012426],[-122.02402527681477,47.514195440831216],[-122.02588790300233,47.51582771148159],[-122.02196230543913,47.51582753183055],[-122.0219804295181,47.519056502985414],[-122.0209287476051,47.519047529295186],[-122.0208938986675,47.526381628297656],[-122.02355451516723,47.52637491181289],[-122.02567423824462,47.5246720139849],[-122.02610717025185,47.52467167295644],[-122.02609271905622,47.526368475105436],[-122.02798216602615,47.52637377355048],[-122.02738037007694,47.52718960449815],[-122.02369704526436,47.52997744487382],[-122.01508740569416,47.529937061030424],[-122.01497110459252,47.521298891742994],[-122.00990191345808,47.521348300115356],[-122.0098449023705,47.52630563926601],[-122.0047640207307,47.526341707129006],[-122.00480823507257,47.522830836060066],[-121.99363248311803,47.52287729378911],[-121.993604006918,47.529682201659355],[-121.98896086267483,47.529620874797466],[-121.98893804111952,47.53113128591583],[-121.99242017535374,47.53137971262634],[-121.99622249796265,47.532149520878754],[-122.00531444866292,47.53554374058643],[-122.00771569164226,47.53611215569087],[-122.01164350421392,47.53584306276799],[-122.0165662628047,47.53382983298781],[-122.01648851655872,47.536135863588],[-122.01487634707628,47.53700276780885],[-122.01482387361848,47.53891904843513],[-122.01178669557423,47.53878543766298],[-122.0121925226941,47.53965217709023],[-122.0121636930468,47.54098421533151],[-122.01129717232602,47.54103984949446],[-122.01111762002434,47.539791243745334],[-122.00947584129435,47.54018958492828],[-122.00978585319092,47.54095855498681],[-122.00922317126839,47.54179001690201],[-122.00938324857904,47.54287214177894],[-122.00911093751921,47.54329789836689],[-122.00817595827398,47.543298831620774],[-122.00817239173438,47.541654041276175],[-122.005421591781,47.54123053825842],[-122.00410242374883,47.543909089348304],[-122.00367605281993,47.54389599986389],[-122.0053677641735,47.54064225513775],[-122.00099972715299,47.53889383984805],[-121.99328858720801,47.53911591773955],[-121.99140239511726,47.54088228365421],[-121.99322015739389,47.54303394766586],[-121.98573531370975,47.54662645251399],[-121.98578204925673,47.54953062540317],[-121.99120531430641,47.549498895886956],[-121.99128345022783,47.55161644624253],[-121.98845196479928,47.55158212262087],[-121.987544630492,47.5545979533508],[-121.99372209331356,47.554661616326435],[-121.99369467550052,47.55571034310661],[-121.99618087947546,47.55560159736688],[-121.99789291883266,47.55683791740988],[-121.99900853950852,47.556146920929436],[-122.000331851534,47.55748422513628],[-122.00396068230162,47.55547743135083],[-122.00402417582836,47.55127295704585],[-122.00548896785344,47.55087155565534],[-122.00674981154907,47.54997378196924],[-122.00793262842107,47.54972421257021],[-122.01031338161081,47.55006310888424],[-122.01252480026882,47.551170252010735],[-122.01462123233966,47.55110457897964],[-122.01463178995986,47.54898639229084],[-122.01569674831326,47.5480767678718],[-122.02007992880606,47.5481194737907],[-122.02007458230929,47.54865517124686],[-122.02160432923007,47.5503010996491],[-122.02124337874872,47.55135688960532],[-122.02078550210359,47.55174092781997],[-122.02007617509632,47.55173498321242],[-122.02006957534694,47.55351565753636],[-122.02057567860106,47.553605370685545],[-122.01945813257268,47.55360924264646],[-122.02005490933853,47.555669105617504],[-122.02123195769516,47.55496953968696],[-122.02387489744324,47.55887356756439],[-122.03608699961353,47.558960228983715],[-122.03674694034859,47.55917777115596],[-122.04206086184706,47.55928791870893],[-122.04202080067613,47.561543820626675],[-122.04138428445361,47.56287850968053],[-122.03618008569379,47.56276517471192],[-122.03591561642095,47.57738306493814],[-122.04092889811203,47.57741802339058],[-122.04099375895278,47.573822220628536],[-122.0463089738621,47.57386265046704]],[[-122.05170850723583,47.64091027748869],[-122.04979269595341,47.640914808479465],[-122.05028551341911,47.640913642941186],[-122.05170850723583,47.64091027748869]],[[-122.00396571881039,47.60281483469332],[-122.00381404062966,47.6034398572304],[-122.00393204947314,47.60311162097428],[-122.00396571881039,47.60281483469332]],[[-122.00279590082091,47.59921855703598],[-122.00396138523342,47.60095875035031],[-122.00395453297266,47.60074156320811],[-122.00279590082091,47.59921855703598]]]]},"properties":{"id":"redmond","name":"Redmond Barrens","boundary_role":"lore-district","basis":"SR5-/SR6-Metroplexkarte und textliche Grenzhinweise; auf offizielle heutige Küsten- und County-Geometrien übertragen","lore_source":"Freiheit für Seattle (SR6) und Emerald City (SR6)","map_source":"SR5 Seattle - Karte Metroplex und Shadowrun 6E - Seattle - Poster Map","boundary_review_status":"source-refined","boundary_review_label":"Benannte Orte, Flüsse, Seen und Stadtgrenzen quellenabgeglichen; nur unpublizierte ländliche Zwischenlinien bleiben modelliert"}},{"type":"Feature","geometry":{"type":"MultiPolygon","coordinates":[[[[-121.93375,47.338750000000005],[-121.99464758557357,47.318450804808805],[-122.00414158580836,47.31860453120008],[-122.00432014571808,47.32027711065964],[-122.00379861830359,47.32222865825416],[-122.00383570139614,47.3234558546831],[-122.00312515594563,47.32460898851303],[-122.00082974732601,47.326469006476295],[-121.99707543623474,47.32819704274438],[-121.99596134535747,47.32952296802888],[-122.01023763489873,47.32952440903808],[-122.01216984318063,47.33373194543306],[-122.01317825662831,47.334912610786404],[-122.0149810359957,47.333158564462394],[-122.01733400469324,47.331959701973624],[-122.01733541977397,47.33133387677094],[-122.01947397878659,47.329415784511056],[-122.0279655282075,47.32948109402961],[-122.02704283918906,47.34361578958504],[-122.05399112978984,47.34367120075103],[-122.05405368901802,47.33973527642497],[-122.05313745863998,47.337620611286916],[-122.05257495634983,47.33699588799982],[-122.0516718836842,47.33662030626129],[-122.04757593262082,47.33658850282033],[-122.0459818703595,47.33621054935076],[-122.04425085514968,47.32835852908457],[-122.04014271006724,47.325389993201384],[-122.03938925554387,47.324063201796584],[-122.03762684813157,47.31821383900076],[-122.03404394625366,47.315032533662205],[-122.0386214207524,47.315051608762786],[-122.03852548731112,47.303824837562956],[-122.05,47.3],[-122.17,47.31],[-122.17327788144848,47.311638940724244],[-122.17079954444914,47.3116525339288],[-122.16703894244125,47.31793887196649],[-122.16145403071597,47.324107774147606],[-122.15916164444839,47.3307237718803],[-122.15787154298039,47.33167672248246],[-122.15247449039461,47.334173923629464],[-122.15030234441062,47.335713730759366],[-122.14863778322272,47.33783938093533],[-122.14699718134072,47.342233288474766],[-122.14494261572028,47.345096021023465],[-122.14622826378358,47.34360158144247],[-122.16558666773697,47.34356028699733],[-122.1657063619559,47.34888748944265],[-122.18079735978111,47.34891397280708],[-122.18080302682485,47.349816911458795],[-122.18146509653309,47.34981876817615],[-122.18146595373862,47.350272064953096],[-122.18678728228655,47.35026886276924],[-122.18678842739205,47.350720160438705],[-122.20237603885288,47.350852299722696],[-122.20240219623817,47.34609622644471],[-122.20418097739102,47.34610457005048],[-122.20415487645455,47.35086723976302],[-122.20762944087943,47.35088781368413],[-122.20721657200124,47.34935971390813],[-122.20757545866749,47.34698725681805],[-122.20481570077963,47.343544998011886],[-122.2055846541792,47.34127574182671],[-122.2061167986878,47.340731541840476],[-122.2068309192481,47.34073094296909],[-122.20567147512295,47.34215065527854],[-122.2055086291513,47.34292433515032],[-122.20687121145167,47.345591272415746],[-122.20869639556985,47.34734962397374],[-122.20986023295939,47.349431988245435],[-122.20952048949088,47.350650652814934],[-122.20762944087944,47.35088781368413],[-122.20846731936717,47.35089277500987],[-122.20863240450667,47.35343023700094],[-122.2095011696864,47.35320877741994],[-122.21318578526224,47.35376925394118],[-122.21322407496037,47.35416315106895],[-122.2111775885805,47.35435774962474],[-122.22909818957307,47.354030304159956],[-122.23029905269807,47.35381379944366],[-122.24305250562438,47.35399894876568],[-122.2442506400183,47.351195891662805],[-122.24426495525158,47.34713247762579],[-122.25322580645161,47.351612903225806],[-122.25306739547982,47.35398906780283],[-122.25391229976438,47.353988234197274],[-122.2474548367832,47.353994605305964],[-122.25470347099964,47.35398745360621],[-122.2546578788013,47.35802226039403],[-122.24934847903185,47.35804972874645],[-122.25280950281072,47.358031823027346],[-122.2495252508964,47.37007408004655],[-122.24949869876995,47.36670081290119],[-122.24957694443793,47.37664139305366],[-122.25126328996899,47.37691204533853],[-122.25344801380236,47.37618393509806],[-122.25446321215342,47.37482546696996],[-122.25474042648474,47.3731550209376],[-122.25518669025324,47.37226814991114],[-122.25570403070864,47.37179783244604],[-122.25645471896881,47.37179776510694],[-122.2572136427239,47.37232451745297],[-122.25755535127726,47.37301351328029],[-122.25713170350217,47.37431183574747],[-122.25722932637281,47.375772768310036],[-122.25650050740097,47.37718343064069],[-122.25692713007155,47.37842406388255],[-122.25806564289071,47.37895667095533],[-122.26086145919356,47.378523309817055],[-122.26394061371771,47.37757943585539],[-122.26437518766842,47.377244064316855],[-122.26446771871153,47.37580095095021],[-122.27061410007258,47.3757385206749],[-122.27061136626183,47.37209858828465],[-122.2703419933775,47.37210202977646],[-122.26689146665963,47.36506465290814],[-122.26786284540978,47.36506022955399],[-122.26788525060438,47.36685637497867],[-122.27066228265042,47.36682643252384],[-122.27067624956153,47.36513534286681],[-122.27244448377986,47.36514217742258],[-122.27206532108639,47.36260940956329],[-122.27226192040882,47.36003215053586],[-122.27161233744297,47.358653147788665],[-122.2721503420408,47.35770503923697],[-122.28096538055983,47.357638763127596],[-122.2809945357255,47.35785836770535],[-122.29434675513814,47.3580060661127],[-122.29437569137984,47.35760577861926],[-122.30989806364448,47.35772520427798],[-122.3009612125696,47.374653166795824],[-122.30238767932666,47.37464733280025],[-122.30238164902042,47.376036305265906],[-122.30743094159608,47.376053731682966],[-122.3073554744997,47.37933788107461],[-122.30056093388968,47.37942171344753],[-122.30051160361158,47.38105751719588],[-122.29874847362636,47.38105219968501],[-122.2986697016822,47.38298951918144],[-122.29763634363353,47.382970557599435],[-122.29717554914724,47.38460427818685],[-122.29777351114173,47.3846216586711],[-122.2977543630181,47.38493889747026],[-122.29862698058942,47.384949710686335],[-122.29857717725221,47.38670694569525],[-122.29663039283187,47.38669394643262],[-122.29649679125001,47.38734316752072],[-122.29724840992297,47.38735906189097],[-122.2971864810499,47.38894057484944],[-122.2961464065958,47.388952588127054],[-122.2957473645473,47.3907871620886],[-122.29696797686798,47.390825457502565],[-122.29698679022961,47.39126216598429],[-122.29564662014229,47.39127514656259],[-122.29541199841219,47.39250366475153],[-122.29585615031984,47.392510980848826],[-122.29618218638001,47.39286541652583],[-122.29535118908247,47.392860837396206],[-122.29531775520526,47.393098855789304],[-122.29645805655338,47.39311971885368],[-122.29646299144734,47.393863241792126],[-122.2972643967444,47.39388072625355],[-122.29724849973962,47.395128713994],[-122.29236707543932,47.39204819416342],[-122.29167903702294,47.393194803214925],[-122.29146556205576,47.39417335592691],[-122.2917850361158,47.3963065705891],[-122.28660389580038,47.39587822629268],[-122.28659215432637,47.396441962808424],[-122.28382336881114,47.3964585687722],[-122.28273080580126,47.39733070160778],[-122.28277890830987,47.400899389071164],[-122.28933832457436,47.40088146976918],[-122.28998230710185,47.401145520524565],[-122.28996502846779,47.4019610525525],[-122.28818016349221,47.40195506409399],[-122.28851308133859,47.40378538787563],[-122.28641455719374,47.40379395542049],[-122.28640510472341,47.408050552859834],[-122.28537673095987,47.408057458118904],[-122.28462297393943,47.40723987315746],[-122.28363531053411,47.406803178988156],[-122.28159502385103,47.40797513150417],[-122.28154334327512,47.41070286521031],[-122.28097391319433,47.41279558993141],[-122.2818101811928,47.41382618910337],[-122.28236559954033,47.41537433797726],[-122.27954038540271,47.41538789575311],[-122.27635492904362,47.41937699501025],[-122.26726489844431,47.419427446885145],[-122.2657511329228,47.421077653284314],[-122.26516665682266,47.42256732479875],[-122.26542051268133,47.42328378207447],[-122.26727781437326,47.42553876350717],[-122.26556645668833,47.428731858237455],[-122.26407548468188,47.42934884983357],[-122.25899235733922,47.42976774956592],[-122.25829423651719,47.4307250648567],[-122.25889859891625,47.43176728230933],[-122.26285264418279,47.433047411244246],[-122.26300446114432,47.433314864309125],[-122.26258637059321,47.434176770473414],[-122.26185944374588,47.43456044411488],[-122.26045223692373,47.434683841824814],[-122.25799939438441,47.43339094654459],[-122.24864078528891,47.43353233155837],[-122.24757285100205,47.43740930783767],[-122.24576001080354,47.43931084429289],[-122.24583627808697,47.44111905172747],[-122.2409275883966,47.441088977010374],[-122.24024444530414,47.46261455395236],[-122.2405436653722,47.464338820225656],[-122.24232447152946,47.467051581189544],[-122.2511112315827,47.475180558422146],[-122.25447174325217,47.47897131154626],[-122.25346904846197,47.47899832392464],[-122.25376970318018,47.47940491819142],[-122.25364773210445,47.47967578414367],[-122.25242306144253,47.479421511130454],[-122.2496022902632,47.48014790200209],[-122.2456859362716,47.480353014130245],[-122.245511726855,47.4822350811149],[-122.24179252117997,47.481448513796],[-122.23710981830737,47.48142199875874],[-122.23358526830233,47.48047856741551],[-122.23332396112333,47.48078732319873],[-122.23240139206095,47.48062023473615],[-122.23144197442456,47.48289852366396],[-122.23312861961402,47.48422713637727],[-122.23324610415956,47.48656545031839],[-122.22723867235004,47.48648241185546],[-122.22723109055545,47.48691294248368],[-122.22571690592939,47.48713519374458],[-122.22571953511985,47.487895973171504],[-122.22724883357029,47.48790717333449],[-122.22721517099728,47.488302973293365],[-122.22530582390006,47.48829045647273],[-122.22530156047327,47.4888208363029],[-122.22634545494331,47.48882884408241],[-122.22635453421475,47.489275145501246],[-122.22725461725456,47.48928196115054],[-122.2272396275773,47.49096431323286],[-122.22278210608424,47.490930319330005],[-122.22282823482307,47.49332606832164],[-122.21979247832405,47.49334219699033],[-122.21983086147242,47.49435227700552],[-122.22021696801635,47.49434944495398],[-122.22023066080138,47.49486447668583],[-122.21981555300229,47.494875534322524],[-122.2199720263887,47.495442749187305],[-122.22214759924739,47.49548205847345],[-122.22215554811852,47.49578149036566],[-122.22262418667424,47.49578773592525],[-122.22260143250382,47.496836183310265],[-122.22150197451055,47.49714278154411],[-122.22122077765785,47.49774134438251],[-122.21991931854694,47.4977331601809],[-122.21961227385586,47.49795574445436],[-122.21997364945035,47.49816551691257],[-122.21953099055597,47.49830570520071],[-122.21937183668514,47.499302114601086],[-122.21864516541207,47.500071494974186],[-122.21930471446284,47.500556574249124],[-122.2141323,47.5006817],[-122.2134268,47.5003632],[-122.2120527,47.5005934],[-122.20807379252938,47.50288956784675],[-122.2068929,47.5031749],[-122.2063897,47.5028181],[-122.2045765,47.503961],[-122.2049376,47.5043245],[-122.2035507,47.5042761],[-122.202429,47.504832],[-122.2025084,47.5051345],[-122.2019497,47.5048722],[-122.2024281,47.505256],[-122.2020299,47.5057125],[-122.2022989,47.5058848],[-122.2020539,47.506146],[-122.2029987,47.5080345],[-122.2026489,47.5083204],[-122.2029118,47.5091698],[-122.2037441,47.5097788],[-122.203411,47.5109376],[-122.2041904,47.5119064],[-122.2044593,47.5127254],[-122.2049832,47.5134444],[-122.2058237,47.5137568],[-122.207935,47.515852],[-122.2105721,47.5176503],[-122.2116485,47.518918],[-122.2108726,47.5193124],[-122.2102404,47.5205283],[-122.2091362,47.5211423],[-122.208367,47.5219641],[-122.2072383,47.5247793],[-122.2044737,47.5275452],[-122.2052058,47.5276273],[-122.2051946,47.5280726],[-122.2055637,47.528316],[-122.2047706,47.5287767],[-122.2051286,47.5296717],[-122.2051473,47.5311294],[-122.2034094,47.5322684],[-122.2024172,47.5338802],[-122.2017495,47.5339982],[-122.2010662,47.5345829],[-122.2013432,47.5346216],[-122.2011868,47.5348735],[-122.2005032,47.5350695],[-122.2005585,47.535289],[-122.1989003,47.5363273],[-122.1979964,47.5372756],[-122.1971087,47.5377149],[-122.1963712,47.5375243],[-122.1968948,47.5379415],[-122.1963112,47.538011],[-122.1959764,47.5391004],[-122.19615046702924,47.5397471971648],[-122.19428956468224,47.53975966693625],[-122.19412624844306,47.53872961934397],[-122.19284834595959,47.53873927105094],[-122.19324058817318,47.53773295132235],[-122.19219676434588,47.53736072670147],[-122.19219125124191,47.53551981284191],[-122.19288156160196,47.5355249337026],[-122.19287405977508,47.53475157887017],[-122.19225257596722,47.53473959983337],[-122.19230081240927,47.5333799817865],[-122.1936052396475,47.53340891341209],[-122.19363967218735,47.532129708269885],[-122.1931387775169,47.53145901628018],[-122.19073537736644,47.53145444297945],[-122.19080484116711,47.52428064345832],[-122.1900762540151,47.52316719335913],[-122.18905918485807,47.522489306727906],[-122.18824149079141,47.52247940438482],[-122.18757338095763,47.523077044679084],[-122.18713192586118,47.52307601726259],[-122.18714806926704,47.52227050646256],[-122.18534594481608,47.5222528896219],[-122.18534732626028,47.52175006037617],[-122.18569327635132,47.52175084446495],[-122.18571116791203,47.51818094352593],[-122.18528116764485,47.518181527713146],[-122.18412713275191,47.51695261414117],[-122.17949898135221,47.51694544439555],[-122.17947562723734,47.515524208918116],[-122.17522132928465,47.5154855800586],[-122.17522486060835,47.51498708733743],[-122.17580622146558,47.51498759333114],[-122.17580826352403,47.514732132536565],[-122.17522668841171,47.51472474686504],[-122.17523417677712,47.513675577319006],[-122.17297356190436,47.51366044909615],[-122.17227931911609,47.51107564434224],[-122.1727575150953,47.51103257539441],[-122.17250470170863,47.51024376099729],[-122.17262501163727,47.5084609066914],[-122.17113396541613,47.508425760539645],[-122.17123337716289,47.508978649195804],[-122.17044931642748,47.50896613675004],[-122.17085182299141,47.510177043420796],[-122.16985018508215,47.51024643188114],[-122.16989280838709,47.51193494330256],[-122.17006619696062,47.51217412330606],[-122.17093377131485,47.51218510826499],[-122.17118652407736,47.51299323676831],[-122.16990860516808,47.51445186447264],[-122.16987912822405,47.51692850873728],[-122.16124209514388,47.51688587980541],[-122.15943208018759,47.51582662948013],[-122.15875889846437,47.51617635562053],[-122.15874471276165,47.5189354032119],[-122.14454999001926,47.51714378854655],[-122.14303767528894,47.51673334845403],[-122.14309408907357,47.51207508635099],[-122.14535353536017,47.51211278089257],[-122.14529000884556,47.50926192205546],[-122.1448965186687,47.50925462191543],[-122.14490307811715,47.508791496044495],[-122.14337425173026,47.50876384564631],[-122.14344573715756,47.50280599300192],[-122.14866980825725,47.5028783578456],[-122.14864998731873,47.50197085462721],[-122.14743589839965,47.501959129414146],[-122.147415387329,47.50105610846337],[-122.14315737394786,47.50102023709659],[-122.1430299632102,47.49561086387363],[-122.13520976953168,47.49546560252311],[-122.13514702682116,47.49223855853569],[-122.115,47.49],[-122.07904422061321,47.52595577938679],[-122.07900830461276,47.53],[-122.07909868794106,47.5198226385245],[-122.07900283149837,47.53061628471207],[-122.0763472058142,47.5305811894195],[-122.0762752400614,47.53777666443942],[-122.07361930824075,47.53774151541084],[-122.0736346132313,47.542068980504006],[-122.07095840737874,47.542100860377374],[-122.07095015211654,47.54258123706611],[-122.07360014733672,47.54255614998767],[-122.07354943520356,47.54484850817603],[-122.06825939815198,47.544837453819746],[-122.06839850551378,47.545270582153044],[-122.07072008727712,47.54688590164217],[-122.07879884965881,47.5468243055145],[-122.07882436613657,47.5482688939257],[-122.08412810319544,47.54831725280563],[-122.08419824804392,47.551818533517846],[-122.09481402660838,47.55200214002714],[-122.09481840005432,47.54861758192306],[-122.10043191407102,47.548711959393515],[-122.10039767925629,47.558933605212836],[-122.1000099495166,47.55925269334502],[-122.09798613249798,47.55923465996819],[-122.09872852402124,47.560570429237615],[-122.09823607813112,47.56247617730193],[-122.0991091610768,47.56664528850032],[-122.09985194631761,47.56848504369326],[-122.0987785234211,47.568850595108856],[-122.0996116774659,47.569776472223325],[-122.09783850252961,47.56983527095739],[-122.09777999371629,47.571762957615924],[-122.0967508,47.571643],[-122.0957596,47.5708326],[-122.0948978,47.5705216],[-122.0934252,47.5707499],[-122.0929654,47.5711386],[-122.09318871955897,47.57131147721109],[-122.0923858,47.5715705],[-122.0910939,47.570963],[-122.08966027269037,47.56976827580588],[-122.0873829,47.5702029],[-122.0856458,47.5700758],[-122.08295335995605,47.568267313795324],[-122.08299252354936,47.56756362690735],[-122.0802065,47.5629937],[-122.0794672,47.5605007],[-122.0795601,47.5586589],[-122.07777016893625,47.55681363104502],[-122.0774621,47.5560012],[-122.0762977,47.5554627],[-122.0744148,47.5552889],[-122.0742216,47.5555641],[-122.07471726481312,47.556088751059505],[-122.0743021,47.5566936],[-122.0736101,47.5567732],[-122.0731758,47.5562232],[-122.0722845,47.5562718],[-122.0714574,47.5567051],[-122.07079960555843,47.5577504496341],[-122.0692474,47.5573324],[-122.0674714004486,47.557591170036325],[-122.0666297,47.5579877],[-122.0650412,47.5595856],[-122.0644648460547,47.561394392245134],[-122.06515841477659,47.561829879428],[-122.06506515273252,47.56217852062025],[-122.06430292477762,47.562171395001926],[-122.063634,47.562817],[-122.06048019619334,47.56337700978369],[-122.05787674474803,47.56195010052199],[-122.05656176030219,47.56235227863194],[-122.05548080190464,47.56364627161463],[-122.0551908,47.5650646],[-122.05560898572685,47.565651937179034],[-122.05555373939823,47.566435462071475],[-122.05717643285685,47.56759766722848],[-122.05712993414035,47.570341289905215],[-122.05222950841795,47.570301312119895],[-122.05144808244243,47.57077724709084],[-122.05026843678144,47.57071032967529],[-122.04639498992276,47.56776340165407],[-122.0463089738621,47.57386265046704],[-122.04099375895278,47.573822220628536],[-122.04092889811203,47.57741802339058],[-122.03591561642095,47.57738306493814],[-122.03618008569379,47.56276517471192],[-122.04138428445361,47.56287850968053],[-122.04202080067613,47.561543820626675],[-122.04206086184706,47.55928791870893],[-122.03674694034859,47.55917777115596],[-122.03608699961353,47.558960228983715],[-122.02387489744324,47.55887356756439],[-122.02123195769516,47.55496953968696],[-122.02005490933853,47.555669105617504],[-122.01945813257268,47.55360924264646],[-122.02057567860106,47.553605370685545],[-122.02006957534694,47.55351565753636],[-122.02007617509632,47.55173498321242],[-122.02078550210359,47.55174092781997],[-122.02124337874872,47.55135688960532],[-122.02160432923007,47.5503010996491],[-122.02007458230929,47.54865517124686],[-122.02007992880606,47.5481194737907],[-122.01569674831326,47.5480767678718],[-122.01463178995986,47.54898639229084],[-122.01462123233966,47.55110457897964],[-122.01252480026882,47.551170252010735],[-122.01031338161081,47.55006310888424],[-122.00793262842107,47.54972421257021],[-122.00674981154907,47.54997378196924],[-122.00548896785344,47.55087155565534],[-122.00402417582836,47.55127295704585],[-122.00396068230162,47.55547743135083],[-122.000331851534,47.55748422513628],[-121.99900853950852,47.556146920929436],[-121.99789291883266,47.55683791740988],[-121.99618087947546,47.55560159736688],[-121.99369467550052,47.55571034310661],[-121.99372209331356,47.554661616326435],[-121.987544630492,47.5545979533508],[-121.98845196479928,47.55158212262087],[-121.99128345022783,47.55161644624253],[-121.99120531430641,47.549498895886956],[-121.98578204925673,47.54953062540317],[-121.98573531370975,47.54662645251399],[-121.99322015739389,47.54303394766586],[-121.99140239511726,47.54088228365421],[-121.99328858720801,47.53911591773955],[-122.00099972715299,47.53889383984805],[-122.0053677641735,47.54064225513775],[-122.00367605281993,47.54389599986389],[-122.00410242374883,47.543909089348304],[-122.005421591781,47.54123053825842],[-122.00817239173438,47.541654041276175],[-122.00817595827398,47.543298831620774],[-122.00911093751921,47.54329789836689],[-122.00938324857904,47.54287214177894],[-122.00922317126839,47.54179001690201],[-122.00978585319092,47.54095855498681],[-122.00947584129435,47.54018958492828],[-122.01111762002434,47.539791243745334],[-122.01129717232602,47.54103984949446],[-122.0121636930468,47.54098421533151],[-122.0121925226941,47.53965217709023],[-122.01178669557423,47.53878543766298],[-122.01482387361848,47.53891904843513],[-122.01487634707628,47.53700276780885],[-122.01648851655872,47.536135863588],[-122.0165662628047,47.53382983298781],[-122.01164350421392,47.53584306276799],[-122.00771569164226,47.53611215569087],[-122.00531444866292,47.53554374058643],[-121.99622249796265,47.532149520878754],[-121.99242017535374,47.53137971262634],[-121.98893804111952,47.53113128591583],[-121.98896086267483,47.529620874797466],[-121.993604006918,47.529682201659355],[-121.99363248311803,47.52287729378911],[-122.00480823507257,47.522830836060066],[-122.0047640207307,47.526341707129006],[-122.0098449023705,47.52630563926601],[-122.00990191345808,47.521348300115356],[-122.01497110459252,47.521298891742994],[-122.01508740569416,47.529937061030424],[-122.02369704526436,47.52997744487382],[-122.02738037007694,47.52718960449815],[-122.02798216602615,47.52637377355048],[-122.02609271905622,47.526368475105436],[-122.02610717025185,47.52467167295644],[-122.02567423824462,47.5246720139849],[-122.02355451516723,47.52637491181289],[-122.0208938986675,47.526381628297656],[-122.0209287476051,47.519047529295186],[-122.0219804295181,47.519056502985414],[-122.02196230543913,47.51582753183055],[-122.02588790300233,47.51582771148159],[-122.02402527681477,47.514195440831216],[-122.02331101504187,47.512960416012426],[-122.02272993712549,47.50866164381176],[-122.03089199124402,47.508667195881145],[-122.03094726332914,47.512095062430944],[-122.03636846343387,47.512085429332544],[-122.03638490529252,47.51564551556593],[-122.058316532169,47.515955082809725],[-122.0583083810991,47.516194351175095],[-122.06421315064522,47.516297912793995],[-122.06411548203252,47.51961388022883],[-122.06971982606503,47.51969845419134],[-122.069957690965,47.52082561864502],[-122.06942645417362,47.52149372385685],[-122.0697893267627,47.521498545348514],[-122.06977307327836,47.5232974793448],[-122.07110075133134,47.5233150990198],[-122.07113318120189,47.51971718762782],[-122.07243360078918,47.519734403156725],[-122.06,47.47],[-121.93,47.42],[-121.88392491467576,47.421843003412974],[-121.92,47.36],[-121.94,47.13],[-121.92205128205129,47.336410256410254],[-121.93375,47.338750000000005]],[[-122.28129834777685,47.38487728361823],[-122.28127704704663,47.38296870786991],[-122.27746331214381,47.38298362875857],[-122.27750219945916,47.38648525286246],[-122.27805627948014,47.38832548633142],[-122.28081482043369,47.3883147104427],[-122.28084904364663,47.391380909994375],[-122.28207707890057,47.39165871106755],[-122.28326154700741,47.391538068358294],[-122.28659725393396,47.3900610217088],[-122.28657545417823,47.38648528763683],[-122.28380565048191,47.38649500912562],[-122.2831978434048,47.38611474402519],[-122.28239510060133,47.38691109820903],[-122.28233862248479,47.388145124130936],[-122.28081295249682,47.38815111829144],[-122.2808026934778,47.387232790432115],[-122.28041772019874,47.387184500783796],[-122.28070193629227,47.38624292878591],[-122.28159215676057,47.386019884859934],[-122.28200703493857,47.385420339437395],[-122.28230962499107,47.38555438290257],[-122.28258301334913,47.38487222953694],[-122.28129834777685,47.38487728361823]],[[-122.14730735719952,47.50448599774546],[-122.14812062148667,47.50462620978299],[-122.14811527840536,47.50544132640763],[-122.14865208394862,47.50547597235494],[-122.14843423611909,47.5045147571849],[-122.1475072197734,47.50415533697324],[-122.14598720589701,47.504634917425925],[-122.14603560839205,47.506477883229245],[-122.14735058110226,47.506398612489114],[-122.14730735719952,47.50448599774546]]],[[[-122.22845184767345,47.34640132194193],[-122.22851089994813,47.34997095615156],[-122.22666884535556,47.34997317095129],[-122.22668904127703,47.34899893512899],[-122.22507190701893,47.348700341517336],[-122.2251610069129,47.34687503803313],[-122.22673320111511,47.34686889057759],[-122.22674277159973,47.34640785744649],[-122.22845184767345,47.34640132194193]]],[[[-122.26970220279226,47.37211019935801],[-122.26518956746486,47.372167727884396],[-122.26523596933853,47.365072173121646],[-122.266277874588,47.365067442597784],[-122.26970220279226,47.37211019935801]]],[[[-122.23039406679077,47.49035030437752],[-122.23039097998559,47.48953316691142],[-122.23150828875916,47.48954828897379],[-122.23148423527638,47.49036505956552],[-122.23039406679077,47.49035030437752]]],[[[-122.20807379252938,47.50288956784675],[-122.2092247173071,47.502225386412995],[-122.2092449,47.5026066],[-122.20807379252938,47.50288956784675]]],[[[-122.2050123,47.5045491],[-122.20547776243389,47.50444488465574],[-122.20516697180273,47.50463108353439],[-122.2050123,47.5045491]]],[[[-121.88275464930884,47.510966393281464],[-121.88343481955435,47.510908717845865],[-121.883275015279,47.51211791713409],[-121.88707573748103,47.51170159454885],[-121.88735057069876,47.52881705580036],[-121.88178032846213,47.52886551904667],[-121.88176548548016,47.53605538405045],[-121.89061781327229,47.536150666892254],[-121.89087080106161,47.536994660275205],[-121.89181980060029,47.53802365672885],[-121.89208181165927,47.53874466164331],[-121.89218980284717,47.5419306636084],[-121.89342381483472,47.543446656584464],[-121.8869845096198,47.543390943956084],[-121.88710813672346,47.547390709869845],[-121.87240392330268,47.54721176990807],[-121.86562819830961,47.52688459492885],[-121.86564064360878,47.5263308899127],[-121.86544242675448,47.526327280263466],[-121.86464615001798,47.52393845005395],[-121.86568334345019,47.52359900790466],[-121.86581487221348,47.51439062429827],[-121.88076815497732,47.514361003784956],[-121.88235794941077,47.512714348039395],[-121.88275464930884,47.510966393281464]]]]},"properties":{"id":"renton","name":"Renton","boundary_role":"lore-district","basis":"SR5-/SR6-Metroplexkarte und textliche Grenzhinweise; auf offizielle heutige Küsten- und County-Geometrien übertragen","lore_source":"Freiheit für Seattle (SR6) und Emerald City (SR6)","map_source":"SR5 Seattle - Karte Metroplex und Shadowrun 6E - Seattle - Poster Map","boundary_review_status":"source-refined","boundary_review_label":"Benannte Orte, Flüsse, Seen und Stadtgrenzen quellenabgeglichen; nur unpublizierte ländliche Zwischenlinien bleiben modelliert"}},{"type":"Feature","geometry":{"type":"MultiPolygon","coordinates":[[[[-122.066,47.6912],[-122.07145833333334,47.69229166666667],[-122.075,47.71],[-122.08318181818181,47.734545454545454],[-122.075,47.72],[-122.066,47.6912]]],[[[-122.24384777704881,47.79869839230875],[-122.24917290401899,47.79874189253519],[-122.24919830592678,47.802598529430114],[-122.2468003356761,47.8029231804522],[-122.2467905364434,47.80258738766772],[-122.23250561122242,47.802414090668194],[-122.23255435849289,47.80484219435107],[-122.23166355059077,47.80515295779524],[-122.23131925501336,47.805819609250044],[-122.22783262536532,47.80575868120528],[-122.22979653742556,47.80916123261991],[-122.22303501260835,47.80935769470805],[-122.22318411062585,47.80965275749647],[-122.20290576266697,47.80955576949987],[-122.201411513282,47.81004556658894],[-122.19983301726663,47.81149491302998],[-122.19880330830165,47.811976378946596],[-122.19725715807724,47.81211840538615],[-122.19849658448733,47.8120045540169],[-122.17,47.85],[-122.13,47.9],[-122.15,47.96],[-122.16142857142857,48.04],[-122.05,48.04],[-121.98,47.92],[-121.95,47.82],[-121.97714793630671,47.747605503182115],[-121.95750000000001,47.8],[-122.18610656982347,47.8],[-122.18653983209927,47.79101999083983],[-122.18623621193883,47.79101484410047],[-122.18598074580848,47.78741495411115],[-122.17553759950857,47.78726215816564],[-122.17525153822668,47.78014248949589],[-122.17251104226322,47.78012685180859],[-122.1724220311555,47.77812276466737],[-122.17210425401562,47.77811978060383],[-122.17212114489645,47.777638725566966],[-122.1713527308119,47.77763400267374],[-122.17135909881065,47.777207497515356],[-122.17064844348435,47.77718549714488],[-122.17066148216166,47.77677087238854],[-122.16967199312319,47.77676505058604],[-122.16967460989176,47.776223484849396],[-122.166928601187,47.776194315719124],[-122.16685430166847,47.770406700995856],[-122.16654549102229,47.77040776630025],[-122.16646537613184,47.768871064500495],[-122.1637543912452,47.76536198478055],[-122.16621221413587,47.765355264850356],[-122.16621511395552,47.7616887536259],[-122.1635236598134,47.76166738283591],[-122.16331848704266,47.758220747856804],[-122.17008095715912,47.757961682725934],[-122.17452113234587,47.758303396754584],[-122.17453081336527,47.75716380914536],[-122.17588944938343,47.757314249266564],[-122.17675485145868,47.7565905813405],[-122.17531762837187,47.75608055452965],[-122.17592731694363,47.754348523533544],[-122.1749761176913,47.75435316763482],[-122.1751932933533,47.75361436824057],[-122.17495166563148,47.75095150220218],[-122.17420832579079,47.750954587454096],[-122.17429779313574,47.74995692888422],[-122.17372077121826,47.74996334338125],[-122.17444383562552,47.747389375047796],[-122.1750364215437,47.74738287484337],[-122.1756576599077,47.73715936589233],[-122.18665696881064,47.74084960602713],[-122.18776514575553,47.733070313889144],[-122.21322434770453,47.73299261592859],[-122.21315466138292,47.73240402718181],[-122.21853116751585,47.73419531147599],[-122.21875558509032,47.73327699404626],[-122.24092354440411,47.73347365065916],[-122.24233104145736,47.73292133257318],[-122.24284313957449,47.732161122100074],[-122.24558831349653,47.731786258702876],[-122.24454274194073,47.72822753316136],[-122.24656779394928,47.72878251356668],[-122.24712205114636,47.72863131846686],[-122.24796149381064,47.727689592468515],[-122.2491761880915,47.72823900753439],[-122.25010635367319,47.72809357712469],[-122.25072495739545,47.72709724692199],[-122.25079719410276,47.72556120480692],[-122.25982735457903,47.72562971337038],[-122.25955793124263,47.72619175045135],[-122.25989215510914,47.72618738689993],[-122.25975434593825,47.726338413000164],[-122.26174490423155,47.72634541525933],[-122.2616148,47.7270524],[-122.26313357793109,47.72939912238492],[-122.26325961427871,47.731146770954986],[-122.26472215888165,47.73350028743181],[-122.26505698658875,47.73572031612027],[-122.26726966626441,47.738155124606486],[-122.2667867342965,47.738669028483336],[-122.26559060856803,47.73855133890527],[-122.26518978555295,47.73883948873266],[-122.26513446309697,47.74024289569509],[-122.264405,47.7416333],[-122.2641830602351,47.74282963809903],[-122.2630864,47.7441526],[-122.26281989394795,47.745613339312165],[-122.26181544175964,47.74700578163907],[-122.2613322397644,47.74759728752978],[-122.2586469,47.7491644],[-122.2574313,47.7504758],[-122.2574496,47.755368],[-122.2576938,47.7556551],[-122.2574145,47.7560026],[-122.2560633,47.7563378],[-122.2562709,47.7565757],[-122.2546313,47.7571793],[-122.2545486,47.7577822],[-122.2577035,47.7565472],[-122.2582254,47.7569239],[-122.2604273,47.7568423],[-122.2604584,47.7563181],[-122.26283674066761,47.75646779281469],[-122.26298697478215,47.7571458173133],[-122.2655155,47.7575648],[-122.26846545765804,47.757441439446666],[-122.2701072601021,47.75659907915139],[-122.2740472,47.7536667],[-122.2742037,47.7534236],[-122.2739655,47.7531955],[-122.2742667,47.7528011],[-122.2755336,47.7522287],[-122.2759059,47.7515857],[-122.2755073,47.7513135],[-122.27655604245585,47.75105537764414],[-122.2785725,47.7493011],[-122.2813448,47.7485566],[-122.2831644,47.7467329],[-122.2842287,47.7423985],[-122.2839369,47.7411864],[-122.2841257,47.7402398],[-122.2858595,47.7381272],[-122.2862014,47.7373338],[-122.286067,47.7368321],[-122.2848254,47.7356277],[-122.28412394090215,47.73361987024719],[-122.29267346801217,47.7337694275468],[-122.29266596829449,47.73540539727109],[-122.29224999852663,47.73655449245705],[-122.29281368533317,47.736968614467436],[-122.29380810268435,47.737027444541575],[-122.29381500315304,47.73735445259188],[-122.29929516639699,47.737430221583715],[-122.2993590684849,47.74093174036295],[-122.29436986966736,47.74093295067049],[-122.2943775884358,47.74289401619107],[-122.29568262345802,47.742904984334665],[-122.29571571218479,47.744294904513815],[-122.29640224014663,47.74430086049031],[-122.29640385228792,47.744709414046056],[-122.29700963787528,47.74471467215095],[-122.29702395431188,47.74831037643288],[-122.29872014763092,47.748325043407654],[-122.29882434291187,47.749792541103886],[-122.30153444676448,47.74971233111814],[-122.3026569568961,47.75037663766793],[-122.3024453069321,47.75182624546141],[-122.30287150953062,47.75256403282466],[-122.30214553520513,47.753098582599016],[-122.3014939494363,47.754438240280244],[-122.3015056193175,47.75498687879421],[-122.30224076725841,47.75719580268215],[-122.30297487572467,47.757885197381825],[-122.30464665695118,47.75842654674399],[-122.30395364920828,47.758687057974186],[-122.30385339747676,47.75945525100067],[-122.304086206382,47.75978912006813],[-122.30733932454257,47.761738269302484],[-122.30816220223429,47.763088161806216],[-122.30634432145965,47.763075498512244],[-122.30635836466588,47.76434429865743],[-122.30676339725282,47.76444025512606],[-122.30678752108867,47.76661934804756],[-122.30820160078096,47.76662919633111],[-122.30820613732249,47.76703779999584],[-122.30921615490321,47.7670448306236],[-122.3096463926624,47.769226744639816],[-122.31025034046776,47.76923092791861],[-122.31025497382208,47.769649115820194],[-122.31237908969685,47.76992660137825],[-122.31237438931467,47.769494686882574],[-122.3136235930493,47.769505457283195],[-122.31276558282099,47.77019003860703],[-122.310542439279,47.77107672446977],[-122.3096016613966,47.771070338557266],[-122.30941538610975,47.77133964538287],[-122.30835588742185,47.77107401500211],[-122.30778347896918,47.77062576471618],[-122.3071953804533,47.77062836231982],[-122.30714883287001,47.77146203255151],[-122.30632383024358,47.77146433437701],[-122.3063325231858,47.77110703193327],[-122.30538216127823,47.77093551488489],[-122.3053565170969,47.77030941170392],[-122.29758462493585,47.77026623001518],[-122.29772915420935,47.77745663612611],[-122.28992482884637,47.777360869146975],[-122.28997662014372,47.77717070361978],[-122.27451452040263,47.77708712241576],[-122.22751780814488,47.77683307918351],[-122.24378962270538,47.777054913983626],[-122.24370135876393,47.78062014166208],[-122.24236731270425,47.78060882404192],[-122.24239593569617,47.784204203184345],[-122.24372659417452,47.78421601483122],[-122.24384777704881,47.79869839230875]]],[[[-122.28277625388029,47.77729679790946],[-122.27451452040263,47.77708712241576],[-122.28687620219755,47.777348600634035],[-122.28277625388029,47.77729679790946]]],[[[-122.18147686352316,47.862086343865435],[-122.18633676909754,47.86058631712187],[-122.18734225009995,47.85784138376493],[-122.18717817522838,47.85619765086713],[-122.18814240534383,47.851526252915164],[-122.18802958181523,47.85039747898081],[-122.18718336616811,47.84885385879692],[-122.2042422014095,47.84942668046331],[-122.2042428242576,47.845924237538256],[-122.20707571246423,47.84600775291798],[-122.2071081985049,47.8440895574604],[-122.20772041195588,47.8440871045296],[-122.2077192987811,47.844479215603265],[-122.20878299613462,47.844474948440194],[-122.20878007632086,47.84550651033541],[-122.20939661450306,47.84583650439322],[-122.20889165614304,47.84602088150703],[-122.21076604459424,47.84703496738206],[-122.21319099562405,47.846821731351255],[-122.2132252037235,47.846002025470604],[-122.21579195430314,47.84600866866502],[-122.21480040893168,47.83923338383094],[-122.22306984321021,47.83922507197523],[-122.2231669915994,47.84734004431097],[-122.22263967501337,47.84733144773804],[-122.22267308411722,47.84920522261149],[-122.22431798909597,47.849218800786105],[-122.22434666397625,47.85296686448093],[-122.22749543405887,47.85296313344682],[-122.2275119676071,47.85454693774097],[-122.22487488638119,47.854567620567224],[-122.22487550186445,47.85546604940685],[-122.22752148982025,47.85545367368321],[-122.22753341565229,47.856598699593846],[-122.227836401382,47.856600193939805],[-122.2279117560373,47.86376514253035],[-122.22760360880905,47.86376257977174],[-122.2276141064975,47.86678469028254],[-122.2258981353955,47.86678032619871],[-122.22590940372568,47.86734162484632],[-122.2264375433876,47.86733876906246],[-122.2264372944744,47.867606154524935],[-122.22567034257767,47.867608355969956],[-122.22566571452997,47.86806568318138],[-122.22614292257725,47.86807678706512],[-122.2261971187181,47.871066283794605],[-122.22259116825889,47.87108394329138],[-122.22262616710282,47.87826843412248],[-122.21962443770306,47.87826277409518],[-122.21957033271201,47.87862321443792],[-122.2204788950156,47.879551160151266],[-122.22023646935081,47.88026449727659],[-122.2195370453129,47.880590279984204],[-122.21778132511147,47.879205186328115],[-122.21636649548552,47.878614856834005],[-122.16614934025849,47.87791118268836],[-122.1668269350311,47.876908719832194],[-122.16903075376099,47.8759510533918],[-122.17508778403446,47.87153968515973],[-122.17574052742025,47.87045396602322],[-122.17609635066245,47.86853903124695],[-122.1794663743615,47.86358249119127],[-122.18038371699788,47.86339959826777],[-122.18147686352316,47.862086343865435]]]]},"properties":{"id":"snohomish","name":"Snohomish","boundary_role":"lore-district","basis":"SR5-/SR6-Metroplexkarte und textliche Grenzhinweise; auf offizielle heutige Küsten- und County-Geometrien übertragen","lore_source":"Freiheit für Seattle (SR6) und Emerald City (SR6)","map_source":"SR5 Seattle - Karte Metroplex und Shadowrun 6E - Seattle - Poster Map","boundary_review_status":"source-refined","boundary_review_label":"Benannte Orte, Flüsse, Seen und Stadtgrenzen quellenabgeglichen; nur unpublizierte ländliche Zwischenlinien bleiben modelliert"}},{"type":"Feature","geometry":{"type":"MultiPolygon","coordinates":[[[[-122.6398793,47.1470729],[-122.638097,47.1469315],[-122.6366427,47.147975],[-122.6365823,47.1489081],[-122.634883,47.1509556],[-122.6326185,47.1522197],[-122.6305251,47.1542526],[-122.6306654,47.1562561],[-122.6291464,47.1573906],[-122.629479,47.1585105],[-122.6307763,47.1605541],[-122.6294973,47.1628555],[-122.630235,47.1660943],[-122.6308518,47.1672285],[-122.6313549325829,47.16729013483422],[-122.62,47.19],[-122.5975497295492,47.223675405676204],[-122.5906408,47.2279794],[-122.5899626,47.2307142],[-122.5900252,47.2323776],[-122.5890926,47.235546],[-122.5892690645204,47.2360964032194],[-122.58,47.25],[-122.54,47.29],[-122.45,47.33],[-122.43333333333334,47.35],[-122.32425344573015,47.35],[-122.3243464779476,47.34930308670951],[-122.32518015415216,47.34820450779286],[-122.32866546859331,47.3457728682417],[-122.33136011985394,47.34431892338432],[-122.33443995554707,47.343236801468215],[-122.33454797317998,47.34041911137668],[-122.32921081675676,47.34039766060662],[-122.32919652405928,47.34110880886501],[-122.33017238150549,47.34195047915962],[-122.3309117903713,47.342096089372355],[-122.3301751801428,47.34343640913609],[-122.32863550694341,47.34341158513516],[-122.32681729537774,47.343953833182624],[-122.32594646314631,47.34446552093631],[-122.32621045797173,47.3446720167088],[-122.32459844916858,47.34628058696092],[-122.32380999458883,47.34593465384309],[-122.32330561465933,47.34690757587486],[-122.3219116235784,47.34688743993963],[-122.32122783153761,47.34572015096398],[-122.32123020583825,47.344815787177865],[-122.3202988156728,47.34524049381676],[-122.31926249790556,47.34348147057362],[-122.31862425787526,47.3434547829169],[-122.31853590370085,47.34685876705864],[-122.31587514876449,47.346817441835206],[-122.31589116174241,47.34889206078876],[-122.31380207208953,47.34890629138494],[-122.31325541205896,47.34999376537899],[-122.3134386256084,47.35132910917866],[-122.31257193749545,47.35160348755872],[-122.31237865097958,47.352408824381726],[-122.31291322689088,47.35372920492261],[-122.31290543745436,47.35776953799788],[-122.29437569137984,47.35760577861926],[-122.29462469756926,47.35665707968756],[-122.2956113202289,47.35519677394724],[-122.2952068310754,47.353322702712205],[-122.29542836208174,47.35330887512836],[-122.29195775217173,47.346032450660964],[-122.29385013985694,47.35],[-122.255,47.35],[-122.25391229976438,47.353988234197274],[-122.25306739547982,47.35398906780283],[-122.25352410371322,47.34713844430172],[-122.26552275586714,47.34705306098007],[-122.26549532187389,47.34524909978248],[-122.2665176167037,47.34521180038659],[-122.26660564726136,47.34497132559082],[-122.26646391120482,47.34358215401311],[-122.27094939707041,47.34348141982064],[-122.27109883585732,47.3146506458136],[-122.27242138369742,47.31432490446845],[-122.27755367753147,47.314384330149885],[-122.28041289805658,47.314074355460484],[-122.27869778824326,47.31261242259556],[-122.27642740022232,47.307945921665635],[-122.2758634677685,47.30710694447666],[-122.27416579427747,47.30572352682778],[-122.27335765244972,47.30407022685763],[-122.27094751165467,47.304362017856974],[-122.27093391740947,47.30307239391655],[-122.26912917835654,47.303267499142315],[-122.26554547107474,47.30307331971145],[-122.26552255454583,47.29056686202722],[-122.26401594264316,47.29009236667327],[-122.26117190924512,47.290688938212014],[-122.26243545249447,47.29040257620777],[-122.2624189522857,47.28694440639154],[-122.26041905783659,47.28694338456515],[-122.26048543288131,47.278979446967554],[-122.26128697360842,47.278979243491335],[-122.26148692881412,47.278300589471414],[-122.25943694998416,47.27830621986515],[-122.26065189742333,47.27430612333814],[-122.26035932573758,47.274304682275194],[-122.261761096716,47.268219117464],[-122.27148050820811,47.268193024970415],[-122.27198879782044,47.257220398163525],[-122.2624231805743,47.257256847783125],[-122.26031790566944,47.25412497554689],[-122.25983340058788,47.252498991181874],[-122.26,47.25],[-122.30788630426723,47.21647958701294],[-122.31246515965834,47.21785836637448],[-122.31235910621537,47.21815421813754],[-122.31472855246463,47.21876213548161],[-122.31510703819629,47.21908328511673],[-122.31526426362976,47.21888003495375],[-122.31619701085523,47.219092005355286],[-122.3203741884743,47.22055331772234],[-122.32033379880717,47.22868905030118],[-122.32044128375905,47.2070382448662],[-122.33697611589737,47.21140211397024],[-122.32111857716293,47.207216995985945],[-122.32167317420867,47.2073225012445],[-122.32167426300313,47.20682801589781],[-122.3248774676636,47.204585772635475],[-122.32622228725975,47.20465983160051],[-122.32620593783776,47.203655843513566],[-122.32735568090203,47.20285102336858],[-122.32864270140955,47.20284471953275],[-122.32857462033445,47.2062537594159],[-122.33789521942414,47.206195204998004],[-122.33787484223745,47.203943359055266],[-122.33652722814689,47.20392303018182],[-122.33657555016353,47.20264967639749],[-122.33574878743732,47.202641932799494],[-122.3357643388631,47.19951237220628],[-122.33283303452525,47.19901687583233],[-122.36,47.18],[-122.43,47.13],[-122.53713788030107,47.13],[-122.52724553317908,47.13572274232751],[-122.53824255972783,47.12936094077211],[-122.53948491209026,47.12817475690351],[-122.54184573342863,47.12674730172195],[-122.51819272215259,47.126845102816546],[-122.51819226402253,47.12577902726477],[-122.52254618458649,47.12480142172036],[-122.52245230443734,47.12307925941559],[-122.52100041249662,47.123071320390174],[-122.52109121948531,47.12139826286114],[-122.51324573711273,47.12138407428792],[-122.51333437135588,47.11951351378965],[-122.53874241245491,47.1194481232538],[-122.53875863345539,47.12115659249848],[-122.54007787007632,47.12115331899932],[-122.54007133197058,47.119451423385996],[-122.54137659422793,47.11945039851961],[-122.54138941150707,47.12056670538101],[-122.54284840767049,47.12056486989423],[-122.54288763078814,47.126150733936605],[-122.54545225095939,47.12514681527777],[-122.55334281300911,47.12036686091462],[-122.55669822073475,47.11795927651956],[-122.55819533803273,47.11914831078152],[-122.56029178765708,47.11907307768132],[-122.5631762338849,47.12139690279764],[-122.56425165884187,47.12097766945209],[-122.56530859689926,47.12199276259742],[-122.56583736523633,47.121799495306554],[-122.56983766713745,47.12518404351322],[-122.56774624217597,47.13],[-122.64344268911813,47.13],[-122.64343120291232,47.135125435932984],[-122.64639142054793,47.13428916654591],[-122.64835434419747,47.13329131160507],[-122.64062345662168,47.148753086756656],[-122.6404447,47.1476977],[-122.6398793,47.1470729]],[[-122.57578408179548,47.187178561351736],[-122.5770966709406,47.18553124780503],[-122.57978803400022,47.184703231879304],[-122.58096218347767,47.18464035873315],[-122.58184276847487,47.18575694693221],[-122.58247708193167,47.18565263524017],[-122.58340543980594,47.18684370624929],[-122.58535676236856,47.1875515458064],[-122.58600480164856,47.1849755187751],[-122.58845058177523,47.18075928388864],[-122.59057180597108,47.17837544707327],[-122.59120023462674,47.17675144780991],[-122.59377732884292,47.175698581568724],[-122.59901532589971,47.174414758078086],[-122.6020562073976,47.172817952904346],[-122.60771800645875,47.170962089998724],[-122.61008757293456,47.17051836252182],[-122.61352991977571,47.168909325928595],[-122.6133882230365,47.16785715744916],[-122.61458492510386,47.16584790568716],[-122.61526453895138,47.16333012246677],[-122.61540765639174,47.16130154306823],[-122.61579853461417,47.160642769796745],[-122.61585376108157,47.158734980598865],[-122.61658468061833,47.157151241904],[-122.60340952325511,47.157317920877425],[-122.60337122871753,47.15951620203602],[-122.59313616066014,47.15950705564122],[-122.59315143093977,47.16117897967544],[-122.5824337404198,47.16119191510507],[-122.58245183718887,47.16987389796222],[-122.58100048616264,47.16986823246129],[-122.58112060379653,47.172306220180175],[-122.58057371121852,47.17229644535817],[-122.58053167698311,47.17381498180425],[-122.57744386752638,47.17391479294705],[-122.57738962278425,47.175807290339996],[-122.5747127900165,47.17576881762028],[-122.57472519807125,47.17733832349112],[-122.5742888762997,47.17733660267034],[-122.57431231658225,47.18143126408174],[-122.57238882509188,47.18142442133197],[-122.57252107059061,47.187261293855094],[-122.57578408179548,47.187178561351736]]],[[[-122.25280950281072,47.358031823027346],[-122.25279411764706,47.3580882352941],[-122.2527978744542,47.358031883187024],[-122.25280950281072,47.358031823027346]]]]},"properties":{"id":"tacoma","name":"Tacoma","boundary_role":"lore-district","basis":"SR5-/SR6-Metroplexkarte und textliche Grenzhinweise; auf offizielle heutige Küsten- und County-Geometrien übertragen","lore_source":"Freiheit für Seattle (SR6) und Emerald City (SR6)","map_source":"SR5 Seattle - Karte Metroplex und Shadowrun 6E - Seattle - Poster Map","boundary_review_status":"source-refined","boundary_review_label":"Benannte Orte, Flüsse, Seen und Stadtgrenzen quellenabgeglichen; nur unpublizierte ländliche Zwischenlinien bleiben modelliert"}}]}
