{"type":"FeatureCollection","name":"Seattle heutige Referenzkommunen","features":[{"type":"Feature","geometry":{"type":"Polygon","coordinates":[[[-122.26148692881412,47.278300589471414],[-122.26128697360842,47.278979243491335],[-122.26048543288131,47.278979446967554],[-122.26041905783659,47.28694338456515],[-122.2624189522857,47.28694440639154],[-122.26243545249447,47.29040257620777],[-122.26112156017616,47.290700349028626],[-122.260388964404,47.290556159106146],[-122.26036376180039,47.29357849667982],[-122.23985804542987,47.29364625371073],[-122.24502401659974,47.28601287249489],[-122.2455810972133,47.28491815822303],[-122.24622496092596,47.281181888462335],[-122.24618040307837,47.27933003392127],[-122.23898503223057,47.27932497427967],[-122.2390517988665,47.27549180036386],[-122.2366493098828,47.27548080359913],[-122.23659686120014,47.27181186419012],[-122.23936793405655,47.27180184871114],[-122.23942399869536,47.26819432942752],[-122.24687412662857,47.26815016687983],[-122.2468309126123,47.27323316204579],[-122.25207480682099,47.27314195495563],[-122.25646286237112,47.274285490230056],[-122.26065189742333,47.27430612333814],[-122.25943694998416,47.27830621986515],[-122.26148692881412,47.278300589471414]]]},"properties":{"name":"Algona","basis":"Heutige Stadtgrenze als geografische Referenz; keine Shadowrun-Bezirksgrenze","boundary_role":"reference-neighborhood","source":"Washington State City Boundaries","source_url":"https://services.arcgis.com/HfQs2ClqmipKpmFK/arcgis/rest/services/Cities/FeatureServer/0"}},{"type":"Feature","geometry":{"type":"Polygon","coordinates":[[[-122.14863778322272,47.33783938093533],[-122.15030234441062,47.335713730759366],[-122.15247449039461,47.334173923629464],[-122.15787154298039,47.33167672248246],[-122.15916164444839,47.3307237718803],[-122.16145403071597,47.324107774147606],[-122.16703894244125,47.31793887196649],[-122.17079954444914,47.3116525339288],[-122.17591151613306,47.311624495741576],[-122.17588184881448,47.30803637470271],[-122.1891536946728,47.30801200592943],[-122.18915277383309,47.30827562356999],[-122.19175987010196,47.30826217592548],[-122.19174614105057,47.306274305184786],[-122.19660761690677,47.30627299080939],[-122.19702859408612,47.30663019892127],[-122.19704090291005,47.30872850035777],[-122.19746296866347,47.308733010576006],[-122.19897193470304,47.31059150857331],[-122.20021960903193,47.31144351222092],[-122.20022034117888,47.31182470880817],[-122.20305265688931,47.311807846803426],[-122.20121531732765,47.30979771426304],[-122.20109931701494,47.30738527859286],[-122.19982485729528,47.30643765109317],[-122.19953667455685,47.304848658086485],[-122.19864977569078,47.30418039095505],[-122.19718414395442,47.303822041670465],[-122.19731112016997,47.30189768146004],[-122.196405445613,47.3017104739953],[-122.19522777722821,47.30098974822408],[-122.18521349408363,47.30069858053822],[-122.18146116610401,47.30003399199884],[-122.18148029977517,47.29187192784885],[-122.18086875155586,47.29193158362314],[-122.18000137251016,47.29152157524008],[-122.17822079556053,47.29000987878315],[-122.1704443363672,47.2899918129275],[-122.17039978877607,47.28634586742152],[-122.15501537152916,47.28631889870721],[-122.1502155998048,47.284985445761045],[-122.14615310258165,47.28449337034737],[-122.1439835736901,47.28384593308403],[-122.14367113225185,47.27186993519351],[-122.1585014221284,47.271832258965354],[-122.15655595638803,47.27077990688773],[-122.15550771596939,47.2698090503692],[-122.15485706787874,47.26854540544718],[-122.15465992407259,47.26771741863002],[-122.15500798628992,47.26610924561663],[-122.15545252001259,47.2655151182131],[-122.15605989947032,47.2635636926311],[-122.15461253268714,47.2631101948382],[-122.15321426328013,47.261910786167036],[-122.15198673403441,47.25842721231091],[-122.15075078864204,47.2579200452049],[-122.15017964572054,47.257254141251096],[-122.20773512836651,47.25732761679124],[-122.20780836340936,47.25354120268183],[-122.18713350499304,47.2537361038185],[-122.1873502270984,47.25048068397715],[-122.19016644638347,47.250329644024845],[-122.19008433082423,47.24684232565211],[-122.19482114498811,47.24664857377318],[-122.19487121037166,47.24338451531395],[-122.20315905188434,47.24281260152595],[-122.20315991102022,47.24091654812804],[-122.20835129034818,47.240752995340344],[-122.20831826814602,47.2416717929628],[-122.21892454033596,47.24176529229062],[-122.2189098783408,47.24266430713036],[-122.22384410284128,47.24267724103703],[-122.22376436519399,47.246277609660936],[-122.2289652982225,47.24629105146452],[-122.22915132869339,47.24995089839814],[-122.23278948158482,47.2500264853808],[-122.23282574769108,47.25044744626719],[-122.23403812363011,47.25022967291063],[-122.23416789392776,47.25058997143797],[-122.22946684771352,47.25143275459249],[-122.22988641682231,47.25734398166377],[-122.22919251538859,47.25734507507502],[-122.22920149919813,47.25779742963374],[-122.2300027797464,47.25779376456626],[-122.2303793376242,47.26673643783099],[-122.22967809498938,47.26673653624047],[-122.22965533293605,47.266274905100225],[-122.22873886432573,47.26684225755303],[-122.22868021821765,47.268262347053316],[-122.23028459418886,47.26826005250859],[-122.23051081642774,47.27203653607652],[-122.23658035218449,47.272020526192655],[-122.2366493098828,47.27548080359913],[-122.2390517988665,47.27549180036386],[-122.23898503223057,47.27932497427967],[-122.24618040307837,47.27933003392127],[-122.24622496092596,47.281181888462335],[-122.2455810972133,47.28491815822303],[-122.23985804542987,47.29364625371073],[-122.26036376180039,47.29357849667982],[-122.260388964404,47.290556159106146],[-122.26119203548303,47.2906923514076],[-122.26401594264316,47.29009236667327],[-122.26552255454583,47.29056686202722],[-122.26554547107474,47.30307331971145],[-122.26912917835654,47.303267499142315],[-122.27093391740947,47.30307239391655],[-122.27094751165467,47.304362017856974],[-122.27335765244972,47.30407022685763],[-122.27416579427747,47.30572352682778],[-122.2758634677685,47.30710694447666],[-122.27642740022232,47.307945921665635],[-122.27869778824326,47.31261242259556],[-122.28041289805658,47.314074355460484],[-122.27755367753147,47.314384330149885],[-122.27242138369742,47.31432490446845],[-122.27109883585732,47.3146506458136],[-122.27094939707041,47.34348141982064],[-122.26646391120482,47.34358215401311],[-122.26660564726136,47.34497132559082],[-122.2665176167037,47.34521180038659],[-122.26549532187389,47.34524909978248],[-122.26552275586714,47.34705306098007],[-122.24927757284117,47.3471686629385],[-122.24935019110694,47.3446160830568],[-122.24427378543577,47.34462600821263],[-122.2442506400183,47.351195891662805],[-122.24304549650869,47.3540153467187],[-122.23029905269807,47.35381379944366],[-122.22909818957307,47.354030304159956],[-122.21322407496037,47.35416315106895],[-122.21318578526224,47.35376925394118],[-122.21268273060643,47.35365882251854],[-122.2095011696864,47.35320877741994],[-122.20863240450667,47.35343023700094],[-122.20846731936717,47.35089277500987],[-122.20952048949088,47.350650652814934],[-122.20986023295939,47.349431988245435],[-122.20869639556985,47.34734962397374],[-122.20687121145167,47.345591272415746],[-122.205727081333,47.34372671864088],[-122.2055086291513,47.34292433515032],[-122.20567147512295,47.34215065527854],[-122.2068309192481,47.34073094296909],[-122.2061167986878,47.340731541840476],[-122.2055846541792,47.34127574182671],[-122.20481570077963,47.343544998011886],[-122.20757545866749,47.34698725681805],[-122.20721657200124,47.34935971390813],[-122.20763174980806,47.350896359431985],[-122.20415487645455,47.35086723976302],[-122.20418097739102,47.34610457005048],[-122.20240219623817,47.34609622644471],[-122.20237603885288,47.350852299722696],[-122.18678842739205,47.350720160438705],[-122.18678728228655,47.35026886276924],[-122.18146595373862,47.350272064953096],[-122.18146509653309,47.34981876817615],[-122.18080302682485,47.349816911458795],[-122.18079735978111,47.34891397280708],[-122.1657063619559,47.34888748944265],[-122.16558666773697,47.34356028699733],[-122.14622826378358,47.34360158144247],[-122.14699718134072,47.342233288474766],[-122.14863778322272,47.33783938093533]],[[-122.22674277159973,47.34640785744649],[-122.22673320111511,47.34686889057759],[-122.2251610069129,47.34687503803313],[-122.22507190701893,47.348700341517336],[-122.22668904127703,47.34899893512899],[-122.22666884535556,47.34997317095129],[-122.22851089994813,47.34997095615156],[-122.22845184767345,47.34640132194193],[-122.22674277159973,47.34640785744649]],[[-122.22842079476712,47.280989196346276],[-122.2284207938384,47.280567898082516],[-122.22706264626369,47.28057441307185],[-122.22701798836229,47.27971248365256],[-122.2253054392756,47.279726033512574],[-122.22529629483552,47.279264323927684],[-122.22365395728553,47.27927070162845],[-122.22365137683371,47.28256493431259],[-122.22476520027601,47.28254540343253],[-122.22477965447298,47.282117792574894],[-122.22525655709188,47.282119644265954],[-122.22526030276917,47.2825408654665],[-122.22790872182307,47.282557528896994],[-122.22787506433018,47.28100813511401],[-122.22842079476712,47.280989196346276]],[[-122.19691827405892,47.24577306741637],[-122.19690510713907,47.24608873483461],[-122.19823027119962,47.24602144768748],[-122.1977944862924,47.24515022602601],[-122.19691827405892,47.24577306741637]],[[-122.19693342831194,47.245409786446025],[-122.19760324059277,47.24494550845],[-122.19694911960232,47.24497963071486],[-122.19693342831194,47.245409786446025]]]},"properties":{"name":"Auburn","basis":"Heutige Stadtgrenze als geografische Referenz; keine Shadowrun-Bezirksgrenze","boundary_role":"reference-neighborhood","source":"Washington State City Boundaries","source_url":"https://services.arcgis.com/HfQs2ClqmipKpmFK/arcgis/rest/services/Cities/FeatureServer/0"}},{"type":"Feature","geometry":{"type":"Polygon","coordinates":[[[-122.43422147642954,47.726269750347676],[-122.4349641819124,47.7203549026502],[-122.43578128469021,47.71611027953966],[-122.43658911873341,47.71390150874667],[-122.43760143261235,47.712469796467865],[-122.44382392075894,47.707822966342434],[-122.4453826931933,47.706544599875116],[-122.44606582454605,47.70560460889969],[-122.45813693735671,47.683495467125844],[-122.45876916975148,47.68043789643827],[-122.45924276261746,47.674122559028454],[-122.45878274987466,47.667043413929754],[-122.45683318249057,47.66032575255189],[-122.45474772567857,47.6550307318803],[-122.45376838222477,47.65163350146458],[-122.45251786947037,47.64463952393308],[-122.45230181986153,47.642007938720134],[-122.45241200806701,47.63605315007205],[-122.45428153624518,47.62851038152808],[-122.45434692407905,47.62545881047061],[-122.45322194602365,47.62289405889673],[-122.44690870719755,47.61400482524027],[-122.44571857283289,47.61026333735056],[-122.4456708940744,47.608429881249805],[-122.44718121973939,47.59471901438223],[-122.44806124963009,47.591862518687144],[-122.45260547094901,47.58344816729427],[-122.45442203918618,47.57822937212244],[-122.45458772354554,47.57663532726937],[-122.4579188141591,47.574793775472926],[-122.46920042046038,47.5695131646254],[-122.47991893680215,47.56559553652375],[-122.48914479393274,47.56263392050875],[-122.49410563616364,47.56162522788358],[-122.50142044460841,47.5610309052337],[-122.50888801379355,47.56132502650969],[-122.51433912783648,47.56239738794961],[-122.52258343929498,47.56506383936921],[-122.52972874528992,47.56831087656102],[-122.53424635048209,47.57121138009672],[-122.53667470545798,47.573669077874634],[-122.53809957333495,47.57587284209726],[-122.5415496225988,47.58547374545789],[-122.54465037965869,47.591148259652606],[-122.54688641819858,47.5933581600356],[-122.5485834905066,47.594299026458785],[-122.55059286058429,47.594619960010334],[-122.55390414412213,47.594385151900156],[-122.55962570925617,47.59206805993791],[-122.56512942683082,47.58920119337079],[-122.56864401730014,47.587875917181705],[-122.56986977694338,47.5877499015924],[-122.57326181395312,47.58858084004525],[-122.57733632766525,47.590330955723644],[-122.58069614774423,47.59256185220609],[-122.58267313719263,47.59446096395304],[-122.58442979906924,47.596925035476],[-122.5854166634507,47.599178336440715],[-122.58681095607754,47.60781551451033],[-122.58580305749618,47.62403787884984],[-122.58529184094313,47.627781392941735],[-122.58507370608974,47.63701926391397],[-122.5855107635959,47.638576779921905],[-122.58664667302331,47.640836926478194],[-122.59208271165575,47.644753977589204],[-122.59406476958718,47.64661779478372],[-122.59881288915221,47.65352633763344],[-122.60281409331593,47.660845646555856],[-122.60374341911563,47.664555844380864],[-122.60340562020446,47.667933081251405],[-122.60176482624878,47.67103442860657],[-122.59709717003493,47.67473062575973],[-122.59338043715306,47.67656916820369],[-122.58703502612268,47.67911642778153],[-122.58320771837595,47.68159821355125],[-122.58001767035601,47.68524952178705],[-122.57714507351513,47.69078696040592],[-122.57609177589923,47.69595101368467],[-122.57398930366176,47.70245322219503],[-122.57157189854215,47.70671239544466],[-122.56881799847413,47.709841908270754],[-122.56601513472201,47.712205237434105],[-122.56396734356214,47.7113594857724],[-122.56372618828847,47.71162881415538],[-122.56571801000943,47.71245623042755],[-122.55210037946442,47.723928686075375],[-122.55019942505422,47.72505231187315],[-122.54665833638276,47.726242599539574],[-122.54274535625738,47.72663626051871],[-122.43422147642954,47.726269750347676]]]},"properties":{"name":"Bainbridge Island","basis":"Heutige Stadtgrenze als geografische Referenz; keine Shadowrun-Bezirksgrenze","boundary_role":"reference-neighborhood","source":"Washington State City Boundaries","source_url":"https://services.arcgis.com/HfQs2ClqmipKpmFK/arcgis/rest/services/Cities/FeatureServer/0"}},{"type":"Feature","geometry":{"type":"Polygon","coordinates":[[[-122.20585240952968,47.586795399798724],[-122.20330855481947,47.586994247524984],[-122.20330713756708,47.58680182537257],[-122.19655518980272,47.58674145428017],[-122.19651074833816,47.58384142076572],[-122.20439553738571,47.58385732100383],[-122.20585240952968,47.586795399798724]]]},"properties":{"name":"Beaux Arts Village","basis":"Heutige Stadtgrenze als geografische Referenz; keine Shadowrun-Bezirksgrenze","boundary_role":"reference-neighborhood","source":"Washington State City Boundaries","source_url":"https://services.arcgis.com/HfQs2ClqmipKpmFK/arcgis/rest/services/Cities/FeatureServer/0"}},{"type":"Feature","geometry":{"type":"MultiPolygon","coordinates":[[[[-122.0987785234211,47.568850595108856],[-122.09985194631761,47.56848504369326],[-122.0991091610768,47.56664528850032],[-122.09823607813112,47.56247617730193],[-122.09872852402124,47.560570429237615],[-122.09798613249798,47.55923465996819],[-122.1000099495166,47.55925269334502],[-122.10039767925629,47.558933605212836],[-122.10043540567771,47.54911503406047],[-122.10073741026959,47.54912738962472],[-122.10073490105788,47.549628542506476],[-122.10196122928026,47.549906945785516],[-122.10196544968628,47.54906618455575],[-122.10043875990216,47.548940355573],[-122.10049581637145,47.54524618780656],[-122.10448553197368,47.54529234681659],[-122.1044732812374,47.54774512440685],[-122.1055802224764,47.5477520103853],[-122.10559238865748,47.54529926013862],[-122.10690049629159,47.54530739432657],[-122.10689920675782,47.54556692827089],[-122.10738351426866,47.545310414568554],[-122.10955161634642,47.54532388117568],[-122.10955953773136,47.544506297315],[-122.11204144089476,47.54464813699474],[-122.11184058349025,47.542983900914656],[-122.11079763228402,47.54297781544074],[-122.11082877285453,47.54261347841724],[-122.10999483251229,47.54264312434754],[-122.11005484232697,47.54059833418705],[-122.10829866421322,47.54060516628618],[-122.10830115829847,47.539539436653044],[-122.11121193844924,47.539587951231],[-122.1111060389087,47.5362874989654],[-122.11527880816347,47.53637191131987],[-122.11600821103242,47.53726523526802],[-122.11654178601177,47.5372710647263],[-122.11723054826231,47.538165598293006],[-122.12039258003782,47.538193748559706],[-122.12113132345056,47.53776356123085],[-122.12410362763468,47.53712994599459],[-122.12508029683663,47.5366182648309],[-122.12546220261474,47.53586280790483],[-122.1265236998592,47.53524192039799],[-122.1286336723786,47.535425903105065],[-122.12943554867648,47.53500485342471],[-122.13066459430775,47.53505597411374],[-122.13187359158769,47.53555146614483],[-122.1323863792792,47.5359977393262],[-122.13238354555652,47.53657376744736],[-122.13294168426256,47.536990187832274],[-122.1347938635218,47.537882484976414],[-122.13686763188554,47.538554858920115],[-122.1428761613868,47.53959213873479],[-122.14282040690303,47.5420106444549],[-122.15339548470457,47.542055056321225],[-122.15351138468027,47.5456495945878],[-122.16421880740675,47.545656302031965],[-122.16425693797096,47.54459928217345],[-122.16380892324689,47.543375718436074],[-122.16502400887751,47.540229609498105],[-122.1698670795864,47.540243955583975],[-122.17066259033143,47.54081091510195],[-122.17167819103796,47.54106387176373],[-122.18052956139245,47.54133041040096],[-122.18547957754733,47.5423049146917],[-122.19057185663839,47.542364365235116],[-122.19054065964781,47.545548063499645],[-122.1952029758275,47.545558540448326],[-122.19517034030353,47.54600889946032],[-122.19660655998048,47.546019347776586],[-122.1970751,47.5473914],[-122.1968647,47.5500299],[-122.1973003,47.5521148],[-122.1970727,47.5529652],[-122.1955001,47.5530462],[-122.194414,47.5536722],[-122.1934743,47.5546702],[-122.1931171,47.5571016],[-122.1924545,47.5574202],[-122.1917123,47.5584147],[-122.1907311,47.5605885],[-122.1895895,47.5613414],[-122.189023,47.5630326],[-122.1899242,47.5644805],[-122.1914116,47.5653628],[-122.1915636,47.5667391],[-122.1928253,47.5677121],[-122.19477354803203,47.57115101908889],[-122.19407745723797,47.571543275429505],[-122.1918812,47.5716106],[-122.1907741,47.5722149],[-122.1895993,47.5713056],[-122.1916591,47.5705683],[-122.1922262,47.5698488],[-122.1912193,47.5684073],[-122.1899316,47.5674479],[-122.189345,47.5674459],[-122.1909538,47.5685522],[-122.1916831,47.56962],[-122.1912756,47.5704053],[-122.1892371,47.5710646],[-122.1888093,47.5704476],[-122.1899676,47.569942],[-122.1903147,47.5696465],[-122.1901699,47.569322],[-122.1880812,47.5677512],[-122.1879874,47.5674301],[-122.1875885,47.5674645],[-122.1876077,47.5677975],[-122.18973,47.5694691],[-122.1885901,47.5701496],[-122.1880913,47.5699824],[-122.1883815,47.5708993],[-122.19131589231348,47.57336497443933],[-122.19115043594002,47.57362777028401],[-122.18963,47.5734901],[-122.1883781,47.5756381],[-122.1867644,47.5756266],[-122.1867431,47.5752418],[-122.1857724,47.5752303],[-122.1857647,47.5763667],[-122.1881067,47.5764238],[-122.1875371,47.5777598],[-122.1890172,47.5784862],[-122.1933146,47.5780081],[-122.1974328,47.5788673],[-122.19891643053052,47.57996834712802],[-122.2002752,47.5815244],[-122.2033186635602,47.58200542980043],[-122.20354849416498,47.58344600580863],[-122.2043969434383,47.58385730044454],[-122.19651074833816,47.58384142076572],[-122.19655518980272,47.58674145428017],[-122.20330713756708,47.58680182537257],[-122.20330855481947,47.586994247524984],[-122.20585240952968,47.586795399798724],[-122.2070686,47.5901239],[-122.20845151957555,47.591470865570436],[-122.2090506209907,47.59252043290619],[-122.2097903762394,47.59281329680583],[-122.21016646317595,47.594034490169065],[-122.21097338411566,47.59466986378867],[-122.2101199,47.5968705],[-122.21095075455618,47.5989992258712],[-122.2108119,47.5997102],[-122.21231890147554,47.60036478542233],[-122.21487199730007,47.60247073191612],[-122.21528459965006,47.603273696694465],[-122.2159324,47.6065512],[-122.21488922318989,47.60868063837799],[-122.2113649,47.6083232],[-122.2106664,47.6077182],[-122.2087709,47.606856],[-122.2072021,47.6065225],[-122.2068108,47.6069344],[-122.20713177971999,47.60797096056993],[-122.2091850409621,47.610067650798086],[-122.21708556775322,47.61365121044064],[-122.22018855153328,47.61540228326954],[-122.22005959770522,47.61649788218191],[-122.22047144139782,47.61690317664351],[-122.22138962527207,47.61703540451754],[-122.22229544524926,47.61672990268165],[-122.22210090898918,47.61839175422994],[-122.22135741659089,47.61859252860718],[-122.22170058668283,47.6191843795967],[-122.22270804623598,47.61982738484118],[-122.22189898623843,47.62042859035592],[-122.22237814498449,47.62064299291599],[-122.22239144969215,47.62106063420096],[-122.21001897475382,47.621074806333894],[-122.20971765624512,47.62472578266907],[-122.2096933241543,47.64317339368456],[-122.20750711530586,47.64350046368714],[-122.20283013371238,47.64319050276798],[-122.20246497135471,47.64374126125825],[-122.20203903176062,47.64383345575625],[-122.20187241022248,47.64447969962396],[-122.20151015031945,47.64448111935822],[-122.19970919663378,47.642421192606285],[-122.19846283493642,47.642420373594284],[-122.19846424386256,47.64282333654724],[-122.19646092170017,47.642817422407944],[-122.1943859315796,47.64438440789724],[-122.19629299167245,47.64572139522178],[-122.1963111589213,47.64643771295084],[-122.16477235622395,47.646217038747466],[-122.16432399039354,47.66072046974721],[-122.14328487624606,47.66064563981134],[-122.14330151588771,47.65260657367946],[-122.14296487204781,47.64593563981962],[-122.14310528219046,47.627383081286894],[-122.14060956651296,47.627864099334914],[-122.137696276954,47.62785948890138],[-122.13615791903342,47.628432128204494],[-122.13472000623811,47.62968704517197],[-122.13412152125542,47.63162729766695],[-122.13273354815608,47.63258647162009],[-122.13273099013149,47.63347745208901],[-122.13240931622107,47.63348463004846],[-122.13234419621223,47.63545204856906],[-122.1280497230157,47.63556062842629],[-122.12198595402018,47.6392033860983],[-122.12166267229544,47.63896682323306],[-122.11494452716934,47.64430559897472],[-122.11415288584686,47.64519566840814],[-122.11392064932204,47.64596860220197],[-122.11062758286191,47.645981200970354],[-122.11058466493039,47.63860246964683],[-122.11098198805753,47.63859756155045],[-122.11122296067416,47.627592702661794],[-122.0872714450419,47.62754966313862],[-122.0876997,47.6263384],[-122.087634,47.6254998],[-122.0912985,47.6208733],[-122.0932898,47.619639],[-122.0967662,47.6183482],[-122.0998241,47.6158772],[-122.1033989,47.6135136],[-122.1076061,47.611574],[-122.1083347,47.6108481],[-122.1091682,47.6084905],[-122.1118812,47.6055094],[-122.10975004342636,47.600318551679464],[-122.10870061696964,47.59986222359616],[-122.108253,47.598742],[-122.1090608,47.598068],[-122.1106,47.591751],[-122.10990601341182,47.5858671269957],[-122.11062909998424,47.582092560972285],[-122.11200151580702,47.58035830480425],[-122.11207017570234,47.57959148329418],[-122.11134535151614,47.57882392351391],[-122.1116323,47.5771448],[-122.110095,47.575425],[-122.1067127,47.5732734],[-122.1022555,47.5722846],[-122.09777999371629,47.571762957615924],[-122.09783850252961,47.56983527095739],[-122.0996116774659,47.569776472223325],[-122.0987785234211,47.568850595108856]],[[-122.10690134822127,47.54578687707869],[-122.10689425071564,47.54721615993635],[-122.1081017555963,47.54722394008251],[-122.10795530957822,47.545582979818256],[-122.10690134822127,47.54578687707869]],[[-122.11522542600791,47.54817457521557],[-122.11314639327367,47.548181557088554],[-122.1131505587935,47.5486009479147],[-122.11571615171621,47.548510447505365],[-122.11578147896545,47.54727119568092],[-122.11520138002416,47.547265414591635],[-122.11522542600791,47.54817457521557]]],[[[-122.11200151580702,47.58035830480425],[-122.1107437603943,47.58187243623558],[-122.11096966017456,47.58148628497046],[-122.11200151580702,47.58035830480425]]]]},"properties":{"name":"Bellevue","basis":"Heutige Stadtgrenze als geografische Referenz; keine Shadowrun-Bezirksgrenze","boundary_role":"reference-neighborhood","source":"Washington State City Boundaries","source_url":"https://services.arcgis.com/HfQs2ClqmipKpmFK/arcgis/rest/services/Cities/FeatureServer/0"}},{"type":"Feature","geometry":{"type":"MultiPolygon","coordinates":[[[[-121.95966435924018,47.28868512569476],[-121.95997505871479,47.286939435283415],[-121.96169027733114,47.284886731936794],[-121.96654914263112,47.28490390395415],[-121.96793827924294,47.28615279047199],[-121.96879258314355,47.28649168169485],[-121.96533942801588,47.288450098495325],[-121.96686435400147,47.288443046559514],[-121.96677454784503,47.2886549163276],[-121.96468768525122,47.28865416302841],[-121.96469806711876,47.28931940988035],[-121.96223640092572,47.28933079114062],[-121.96223263885165,47.28866926010448],[-121.95966435924018,47.28868512569476]]],[[[-122.04014271006724,47.325389993201384],[-122.04425085514968,47.32835852908457],[-122.0459818703595,47.33621054935076],[-122.04757593262082,47.33658850282033],[-122.0516718836842,47.33662030626129],[-122.05257495634983,47.33699588799982],[-122.05313745863998,47.337620611286916],[-122.05405368901802,47.33973527642497],[-122.05399112978984,47.34367120075103],[-122.02704283918906,47.34361578958504],[-122.0279655282075,47.32948109402961],[-122.01947397878659,47.329415784511056],[-122.01733541977397,47.33133387677094],[-122.01733400469324,47.331959701973624],[-122.0149810359957,47.333158564462394],[-122.01317825662831,47.334912610786404],[-122.01216984318063,47.33373194543306],[-122.01023763489873,47.32952440903808],[-121.99596134535747,47.32952296802888],[-121.99707543623474,47.32819704274438],[-122.00082974732601,47.326469006476295],[-122.00312515594563,47.32460898851303],[-122.00383570139614,47.3234558546831],[-122.00379861830359,47.32222865825416],[-122.00432014571808,47.32027711065964],[-122.00414158580836,47.31860453120008],[-121.98530575130191,47.31829954228143],[-121.98530830879213,47.30864796690144],[-121.98383427033487,47.30728502440397],[-121.97977804747534,47.30724750070596],[-121.97814354757857,47.30649982931103],[-121.97816007798018,47.30584179622608],[-121.9800555910638,47.30361960879621],[-121.98525616238199,47.303661061337664],[-121.98518089871561,47.30001557752989],[-121.99592692456169,47.30006660417117],[-121.99595087136558,47.29641383930647],[-121.99933622424591,47.29648576465663],[-121.99867053205685,47.29511468837922],[-121.99643607148512,47.29279181743085],[-122.01173084662626,47.293324967927965],[-122.01174781820976,47.29008743873654],[-122.01970986968261,47.29015658242318],[-122.01956223221865,47.28682309065433],[-122.0213791934197,47.28682218872304],[-122.02226887307893,47.285994065998125],[-122.02226519013516,47.286821738531806],[-122.03194774122542,47.28681637693709],[-122.03707266953599,47.28557606538669],[-122.03837913384778,47.28669757906667],[-122.0386214207524,47.315051608762786],[-122.03404394625366,47.315032533662205],[-122.03762684813157,47.31821383900076],[-122.03938925554387,47.324063201796584],[-122.04014271006724,47.325389993201384]]]]},"properties":{"name":"Black Diamond","basis":"Heutige Stadtgrenze als geografische Referenz; keine Shadowrun-Bezirksgrenze","boundary_role":"reference-neighborhood","source":"Washington State City Boundaries","source_url":"https://services.arcgis.com/HfQs2ClqmipKpmFK/arcgis/rest/services/Cities/FeatureServer/0"}},{"type":"Feature","geometry":{"type":"MultiPolygon","coordinates":[[[[-122.18916486811113,47.14931530131177],[-122.18925181216353,47.149058194626626],[-122.18785996271534,47.14904909651012],[-122.18782120383001,47.15014393987771],[-122.18615203499725,47.150033466699206],[-122.18518281215594,47.148863236112625],[-122.18523402999328,47.14762136612633],[-122.18950725100025,47.14761356116939],[-122.18944891305098,47.149376842694934],[-122.18916486811113,47.14931530131177]]],[[[-122.13886773550973,47.17303605174215],[-122.13885435560829,47.1702728449213],[-122.14169413988773,47.170271156364315],[-122.14166895115937,47.173039108661584],[-122.13886773550973,47.17303605174215]]],[[[-122.14433382487344,47.177917743877636],[-122.14431262495864,47.1775237525012],[-122.14524526377237,47.17751959435478],[-122.14522881745631,47.17790504214313],[-122.14433382487344,47.177917743877636]]],[[[-122.1675626564039,47.1567296823864],[-122.1688896295517,47.156740552529044],[-122.16882149606923,47.158553551282],[-122.17148673000348,47.15857114117549],[-122.17170756699393,47.152178913821444],[-122.17439584645362,47.15218507094223],[-122.17437337661273,47.15309910233854],[-122.1756717593146,47.15309706256238],[-122.1756586211254,47.15492977961919],[-122.17702969523374,47.154928498107886],[-122.17706847807456,47.153099581153796],[-122.1811661518132,47.153095747495854],[-122.18007279116057,47.15492565397664],[-122.18782459395773,47.154939070216],[-122.18788173226366,47.15081741588894],[-122.1887300662567,47.150212022443704],[-122.19607576807437,47.15140607980538],[-122.19833341600821,47.153225414418486],[-122.19925865986812,47.1536494203829],[-122.20003378888532,47.15506541344201],[-122.20085308492668,47.155405877085826],[-122.20198917983151,47.15535140249569],[-122.20272608902026,47.155749161575955],[-122.20504805828185,47.15594506929034],[-122.20722108161347,47.15494507186474],[-122.20783399390663,47.15503862093652],[-122.2088580718833,47.155910763783105],[-122.20883929284285,47.15848667613838],[-122.20383897862054,47.15847912558055],[-122.20377086980224,47.16208040730205],[-122.1980459502784,47.16212562535134],[-122.19819656630376,47.16968538543689],[-122.19778081914151,47.169689120696134],[-122.19784370555746,47.17378967981665],[-122.19855877625903,47.173791469600914],[-122.19856446348551,47.177095301322396],[-122.1975463509819,47.177095394762915],[-122.19765365388167,47.18370438479532],[-122.19897748532192,47.18527970823704],[-122.19917243737704,47.186235688969774],[-122.19768835059342,47.18624291961919],[-122.19768660723729,47.18834717825447],[-122.1950235304768,47.188360881600026],[-122.19485371380149,47.195632509748265],[-122.18426730879892,47.195691041102315],[-122.18410485570027,47.19939447484467],[-122.18672411739522,47.19944225462113],[-122.18688583661807,47.201272734675506],[-122.19207690269037,47.20116707853391],[-122.19236976062302,47.206656802796054],[-122.18737109131074,47.20676414232181],[-122.18702695823711,47.203101043114266],[-122.1763268679096,47.20291754794745],[-122.17626923654466,47.19924812526841],[-122.16965582129546,47.19921428701739],[-122.16984996267219,47.19997087903584],[-122.1692400636671,47.200280554893055],[-122.17122510345216,47.202161415088824],[-122.16814971372821,47.20306745738506],[-122.16837860529816,47.203651203132765],[-122.17104676140723,47.20636996678198],[-122.16865871836401,47.2077783913618],[-122.1683884973068,47.21012529212725],[-122.16627057893713,47.211822758331],[-122.1656998398275,47.21185895457626],[-122.16460572858475,47.211245424718044],[-122.16274292244094,47.20934128126322],[-122.15842547265017,47.208011619777864],[-122.15662253329465,47.206689024604074],[-122.15414749917313,47.205644408233624],[-122.15379864511942,47.205077101061896],[-122.14987152401777,47.204659200291836],[-122.14830005820082,47.20380133605473],[-122.14681014767719,47.2042922920324],[-122.14535071017202,47.20401520974776],[-122.14441452505793,47.20314287208718],[-122.14394445803796,47.20315017616148],[-122.1443756758225,47.18080036993453],[-122.15344316191228,47.180887024573664],[-122.15442600627335,47.18119463890985],[-122.15465298196717,47.180893855103],[-122.17250662089987,47.18092030565741],[-122.1762991269176,47.17959203152252],[-122.17622045127705,47.17661545244264],[-122.17080047989633,47.17373688620471],[-122.16830880816623,47.17331053383188],[-122.16611657877795,47.17343530879818],[-122.15977705020103,47.17484856111087],[-122.15400256529928,47.17707719595269],[-122.14400506004077,47.17711374652763],[-122.14414613222526,47.17366672006232],[-122.1493149417272,47.173642393228526],[-122.14931732516911,47.17089517405488],[-122.14440471877454,47.1709355884148],[-122.14452265147526,47.1686894351774],[-122.13313383049832,47.16879661981399],[-122.1331205638826,47.169861115943384],[-122.13254379344039,47.16986715491633],[-122.13251420826855,47.16908843055825],[-122.12935382000794,47.16910729864297],[-122.12936670657706,47.16815243899149],[-122.12755045578596,47.16816063405395],[-122.1275523625251,47.168477116783144],[-122.12615224267088,47.168486467339534],[-122.12619942990962,47.16957729643819],[-122.12299889342812,47.169585041394456],[-122.12293468783875,47.16781221726413],[-122.12223462038119,47.1678146792888],[-122.12217621144876,47.166320891859904],[-122.12176782947347,47.1662957849199],[-122.12180404334592,47.16839640543514],[-122.11882912564324,47.169010361899346],[-122.11884624015022,47.16995849414515],[-122.11622921275973,47.16998042423385],[-122.1161607742109,47.16591134679649],[-122.11648539089288,47.16590862967178],[-122.11656392148802,47.16562738562818],[-122.11757520756528,47.16574022464928],[-122.11754812768042,47.165103759750224],[-122.12259272780122,47.164881148648135],[-122.12263274607527,47.16564177811071],[-122.12872604776635,47.16561710769782],[-122.12869304495399,47.16383476768827],[-122.13349613040808,47.16383650335986],[-122.1335118824154,47.16204623442702],[-122.13887418737346,47.161998111524646],[-122.13888178035333,47.16108340161389],[-122.14438920153476,47.161025200057736],[-122.14441512062952,47.15832787520478],[-122.15766738710614,47.16461956963487],[-122.160418051394,47.166270139462874],[-122.16053678385614,47.16269142930651],[-122.16581693477737,47.162517618198095],[-122.16601292475416,47.15910976781299],[-122.16461210585533,47.159105775201134],[-122.16465050177557,47.158423810514236],[-122.16059196303428,47.15848342991592],[-122.16050212572937,47.154997343701034],[-122.16628585976879,47.155055949261154],[-122.16628211044454,47.155357333806286],[-122.16760279440342,47.15536148175507],[-122.1675626564039,47.1567296823864]]],[[[-122.2013438065174,47.21278945927407],[-122.20211049093098,47.21263215220889],[-122.20234136619136,47.21315456283633],[-122.20157463537849,47.213311871083306],[-122.2013438065174,47.21278945927407]]],[[[-122.19760324059277,47.24494550845],[-122.19693342831194,47.245409786446025],[-122.19694911960232,47.24497963071486],[-122.19760324059277,47.24494550845]]],[[[-122.19691827405892,47.24577306741637],[-122.1977944862924,47.24515022602601],[-122.19823027119962,47.24602144768748],[-122.19690510713907,47.24608873483461],[-122.19691827405892,47.24577306741637]]],[[[-122.18774370297875,47.24722640578089],[-122.19008643346507,47.247111117468044],[-122.19009017027173,47.24783020894246],[-122.18774740848451,47.24794549909782],[-122.18774370297875,47.24722640578089]]]]},"properties":{"name":"Bonney Lake","basis":"Heutige Stadtgrenze als geografische Referenz; keine Shadowrun-Bezirksgrenze","boundary_role":"reference-neighborhood","source":"Washington State City Boundaries","source_url":"https://services.arcgis.com/HfQs2ClqmipKpmFK/arcgis/rest/services/Cities/FeatureServer/0"}},{"type":"Feature","geometry":{"type":"Polygon","coordinates":[[[-122.16685430166847,47.770406700995856],[-122.16654549102229,47.77040776630025],[-122.16646537613184,47.768871064500495],[-122.1637543912452,47.76536198478055],[-122.16621221413587,47.765355264850356],[-122.16621511395552,47.7616887536259],[-122.1635236598134,47.76166738283591],[-122.16331848704266,47.758220747856804],[-122.17008095715912,47.757961682725934],[-122.17452113234587,47.758303396754584],[-122.17453081336527,47.75716380914536],[-122.17588944938343,47.757314249266564],[-122.17675485145868,47.7565905813405],[-122.17531762837187,47.75608055452965],[-122.17592731694363,47.754348523533544],[-122.1749761176913,47.75435316763482],[-122.1751932933533,47.75361436824057],[-122.17495166563148,47.75095150220218],[-122.17420832579079,47.750954587454096],[-122.17429779313574,47.74995692888422],[-122.17372077121826,47.74996334338125],[-122.17444383562552,47.747389375047796],[-122.1750364215437,47.74738287484337],[-122.1756576599077,47.73715936589233],[-122.18665696881064,47.74084960602713],[-122.18776514575553,47.733070313889144],[-122.21322434770453,47.73299261592859],[-122.21315466138292,47.73240402718181],[-122.21853116751585,47.73419531147599],[-122.22241403566878,47.73863076744586],[-122.2180771041303,47.738599407097446],[-122.21807123080681,47.74764616104904],[-122.22370875063478,47.747686922196344],[-122.22363120622661,47.75136090481641],[-122.22092258110078,47.75134885698657],[-122.22080290326309,47.75263443341742],[-122.22504974331173,47.752964280586205],[-122.22830202260273,47.7538258216441],[-122.22782660955332,47.76549587820625],[-122.22863441925396,47.765503826438625],[-122.2288014367729,47.766634786007685],[-122.22779595263776,47.76661752548015],[-122.22751780814488,47.77683307918351],[-122.24378962270538,47.777054913983626],[-122.24370135876393,47.78062014166208],[-122.24236731270425,47.78060882404192],[-122.24239593569617,47.784204203184345],[-122.24372659417452,47.78421601483122],[-122.24384777704881,47.79869839230875],[-122.24917290401899,47.79874189253519],[-122.24919830592678,47.802598529430114],[-122.2468003356761,47.8029231804522],[-122.2467905364434,47.80258738766772],[-122.23250561122242,47.802414090668194],[-122.23255435849289,47.80484219435107],[-122.23166355059077,47.80515295779524],[-122.23131925501336,47.805819609250044],[-122.22783262536532,47.80575868120528],[-122.22979653742556,47.80916123261991],[-122.22303501260835,47.80935769470805],[-122.22318411062585,47.80965275749647],[-122.20290576266697,47.80955576949987],[-122.201411513282,47.81004556658894],[-122.19983301726663,47.81149491302998],[-122.19880330830165,47.811976378946596],[-122.19725715807724,47.81211840538615],[-122.19508658279297,47.811702864640026],[-122.19404163199357,47.811877968956864],[-122.18965617560791,47.81444362389624],[-122.18810139860238,47.81453921398576],[-122.18607038026538,47.81408463768847],[-122.18613249592127,47.80545106454527],[-122.18584357626212,47.805450935199914],[-122.18653983209927,47.79101999083983],[-122.18623621193883,47.79101484410047],[-122.18598074580848,47.78741495411115],[-122.17553759950857,47.78726215816564],[-122.17525153822668,47.78014248949589],[-122.17251104226322,47.78012685180859],[-122.1724220311555,47.77812276466737],[-122.17210425401562,47.77811978060383],[-122.17212114489645,47.777638725566966],[-122.1713527308119,47.77763400267374],[-122.17135909881065,47.777207497515356],[-122.17064844348435,47.77718549714488],[-122.17066148216166,47.77677087238854],[-122.16967199312319,47.77676505058604],[-122.16967460989176,47.776223484849396],[-122.166928601187,47.776194315719124],[-122.16685430166847,47.770406700995856]]]},"properties":{"name":"Bothell","basis":"Heutige Stadtgrenze als geografische Referenz; keine Shadowrun-Bezirksgrenze","boundary_role":"reference-neighborhood","source":"Washington State City Boundaries","source_url":"https://services.arcgis.com/HfQs2ClqmipKpmFK/arcgis/rest/services/Cities/FeatureServer/0"}},{"type":"Feature","geometry":{"type":"Polygon","coordinates":[[[-122.26945013947059,47.80628449407004],[-122.26945880957008,47.80654481854176],[-122.26982687536508,47.80657134016051],[-122.2693665759842,47.8065964543937],[-122.26943457743472,47.807984901595205],[-122.26980925868084,47.808123174555305],[-122.26941502923633,47.80800894080097],[-122.26889025415936,47.808464683211184],[-122.26936279846095,47.80900259116099],[-122.26645128580229,47.809028014041964],[-122.26639542733236,47.806316405189754],[-122.26018930534123,47.80629085594047],[-122.26003523553575,47.797702430171874],[-122.2584291521633,47.79759527734845],[-122.25957614500177,47.79663079744602],[-122.25921119628092,47.79521343626907],[-122.25709482019123,47.793396206037215],[-122.25576192765966,47.79170920330418],[-122.26458731800824,47.79190372877269],[-122.26413535587928,47.79020963373126],[-122.26372376672221,47.789732013266345],[-122.26239906944356,47.789087202296585],[-122.2612811407113,47.78811424427978],[-122.26440767297993,47.78813016532104],[-122.26440256980182,47.78765050556773],[-122.26401620951627,47.78764761689626],[-122.26392905417484,47.787080094401034],[-122.26361996953518,47.787077781951],[-122.26339568249804,47.785550036110386],[-122.26484292861738,47.78554637949344],[-122.26484625985198,47.78436810652617],[-122.26532465613928,47.78436993736033],[-122.26532328966648,47.78249584238855],[-122.26470885067671,47.78249340382029],[-122.26471093512481,47.78220140077772],[-122.26532307461724,47.78220193106128],[-122.26542820930788,47.77993422347961],[-122.26584941374841,47.779633279487264],[-122.26583120739333,47.77908521750923],[-122.26710041427104,47.779068168309614],[-122.26705803892504,47.7770981987328],[-122.28687620219755,47.777348600634035],[-122.28679084468413,47.79091523529583],[-122.28621291236038,47.79092238106686],[-122.28621560119569,47.79167465759557],[-122.28413520489995,47.79164591679723],[-122.28408829052408,47.79380393251285],[-122.28145787749848,47.79379206771171],[-122.28144055300783,47.79926609604266],[-122.28578047965915,47.79928665603704],[-122.28576049515686,47.800060455363734],[-122.28521494748973,47.80005655669851],[-122.2851249616182,47.80283898467336],[-122.28158358960084,47.8028114995797],[-122.2815980124345,47.80418568013348],[-122.28537500105219,47.80431858316905],[-122.28698171949826,47.804659767923866],[-122.28699784881982,47.806400904378556],[-122.26945013947059,47.80628449407004]]]},"properties":{"name":"Brier","basis":"Heutige Stadtgrenze als geografische Referenz; keine Shadowrun-Bezirksgrenze","boundary_role":"reference-neighborhood","source":"Washington State City Boundaries","source_url":"https://services.arcgis.com/HfQs2ClqmipKpmFK/arcgis/rest/services/Cities/FeatureServer/0"}},{"type":"Feature","geometry":{"type":"Polygon","coordinates":[[[-122.0317816322199,47.15466482373861],[-122.03791566913982,47.15457609682572],[-122.03998363455149,47.15268011105295],[-122.04199914374637,47.152679010145995],[-122.03801828020129,47.15632575560972],[-122.05089063336257,47.15634116593552],[-122.05088000909967,47.15451954212945],[-122.05370030673734,47.15449640330106],[-122.05370389417303,47.15630882612156],[-122.05938428623233,47.156265435263094],[-122.05918095975129,47.16161621150044],[-122.04272047987169,47.16147232344527],[-122.04285225910272,47.17202305503447],[-122.04159936850304,47.17265759489034],[-122.03840238752103,47.17259199495554],[-122.03630505987113,47.1728478063063],[-122.03387279203262,47.17441684463378],[-122.03190920298229,47.175017234044525],[-122.02999404556263,47.17507421699934],[-122.02600292882673,47.17410868178231],[-122.02182339222875,47.17401637945819],[-122.01980843380785,47.174516388542294],[-122.01690700492729,47.17474619677828],[-122.01326913289489,47.175938922689056],[-122.01165053533194,47.17591134679704],[-122.00959293015556,47.17523379467537],[-122.00680979928886,47.172921333435774],[-122.00651612488006,47.17208407887028],[-122.00677514780327,47.17105117274169],[-122.00654988741908,47.17080952746907],[-122.00364186237721,47.16978842742706],[-122.00233536682745,47.16961607731079],[-122.00140357218115,47.16970430183765],[-122.0010128532718,47.17017851393843],[-121.99734733025433,47.17199291577566],[-121.99508375421489,47.17242960518662],[-121.99437699162593,47.17215996975263],[-121.99322151005778,47.15647265948353],[-121.99352354779475,47.148729196434005],[-122.03162186397357,47.14892891893735],[-122.0317816322199,47.15466482373861]],[[-122.03168036179862,47.15466628596195],[-122.03168115942302,47.15466627449538],[-122.03162186397357,47.14892891893735],[-122.03168036179862,47.15466628596195]]]},"properties":{"name":"Buckley","basis":"Heutige Stadtgrenze als geografische Referenz; keine Shadowrun-Bezirksgrenze","boundary_role":"reference-neighborhood","source":"Washington State City Boundaries","source_url":"https://services.arcgis.com/HfQs2ClqmipKpmFK/arcgis/rest/services/Cities/FeatureServer/0"}},{"type":"Feature","geometry":{"type":"Polygon","coordinates":[[[-122.37481703569647,47.4972645600582],[-122.3738050821627,47.50015429367453],[-122.37127111826118,47.50261589059094],[-122.35348742190864,47.50264615123294],[-122.3535182293592,47.50122129886246],[-122.34744363917127,47.50133060307728],[-122.3474469760666,47.49951018377433],[-122.32448156976683,47.49964964566292],[-122.32443450355727,47.50255496379081],[-122.32363913278107,47.50272928649947],[-122.32398380033439,47.503119977221594],[-122.31262192647922,47.503170953449846],[-122.31269668089902,47.50687251935738],[-122.30767657981659,47.506720423261356],[-122.3074173683211,47.50643839977544],[-122.30092558584855,47.50647404390119],[-122.29752879414555,47.499787416915126],[-122.29663565997232,47.49603953101408],[-122.29421186277439,47.492629288461075],[-122.29510192323934,47.49262421323742],[-122.2950953988283,47.49173836261065],[-122.29421065958259,47.49174153329905],[-122.29419819893785,47.49048771044823],[-122.29322596573311,47.49049114715288],[-122.29242493431512,47.489071264929166],[-122.31174393390937,47.48887509589416],[-122.31366587948864,47.48492251331067],[-122.31585410374724,47.47356099243917],[-122.32284603680337,47.46686360590183],[-122.3237220239802,47.4655971275073],[-122.32377989895163,47.46041281671868],[-122.32520096311507,47.458187314222116],[-122.32635002759973,47.45427445261574],[-122.32332859199127,47.449411810663825],[-122.3216806325814,47.44555786696127],[-122.32090063033237,47.442684017391066],[-122.32262283587362,47.43880232970892],[-122.32444797397953,47.439792973612654],[-122.32522246495405,47.4309408573454],[-122.33550850090323,47.43101168651403],[-122.33366526226479,47.44518110269345],[-122.33376573561507,47.457870724008735],[-122.33662785978646,47.45788537872037],[-122.33659208588519,47.45603937483858],[-122.33931646560869,47.45604559793756],[-122.3393401913462,47.4524603643438],[-122.35822712983989,47.45247434499944],[-122.35820502364872,47.45076301038897],[-122.36101728337678,47.45057067276286],[-122.36224145667867,47.450139188477486],[-122.36206793247337,47.44968940932973],[-122.3616473149677,47.44967871598763],[-122.36083811332041,47.44885601643512],[-122.3563895718993,47.448809409123896],[-122.35628425520723,47.44829908623598],[-122.35538754361436,47.448822766159715],[-122.35541094482087,47.44524167317635],[-122.39309667967804,47.44522656257573],[-122.39,47.47],[-122.38212664675574,47.49362005973279],[-122.37481703569647,47.4972645600582]]]},"properties":{"name":"Burien","basis":"Heutige Stadtgrenze als geografische Referenz; keine Shadowrun-Bezirksgrenze","boundary_role":"reference-neighborhood","source":"Washington State City Boundaries","source_url":"https://services.arcgis.com/HfQs2ClqmipKpmFK/arcgis/rest/services/Cities/FeatureServer/0"}},{"type":"Feature","geometry":{"type":"Polygon","coordinates":[[[-122.05724959242791,47.081125136527625],[-122.0559216506015,47.081378841759964],[-122.05192941271471,47.08569424476415],[-122.05060058868227,47.08617673211202],[-122.04927811568464,47.0860550221543],[-122.04805929933721,47.085199918744244],[-122.04786376500898,47.083178337633875],[-122.04669731463258,47.08316172595616],[-122.04669975942457,47.08254826190763],[-122.04589793026537,47.083162360218964],[-122.04441578998026,47.083161362977044],[-122.0444098010937,47.081508317549904],[-122.0467039341538,47.081511281940585],[-122.04671347331073,47.07916649458934],[-122.04436054236976,47.07717536186081],[-122.04709489113506,47.0757714317074],[-122.04902703973748,47.07740655155324],[-122.05191163915963,47.07592328462759],[-122.05711525504886,47.07584599876308],[-122.06239547210731,47.079513663281745],[-122.06243591360875,47.08325041518242],[-122.06068886854636,47.08322813416172],[-122.06265297321767,47.08478600407737],[-122.06420706430757,47.086849348606606],[-122.06133488574112,47.08686070962018],[-122.061186876174,47.08616106490602],[-122.0602375433429,47.08468082040047],[-122.05978010094094,47.082812772955315],[-122.05848498523396,47.08154356835647],[-122.05724959242791,47.081125136527625]]]},"properties":{"name":"Carbonado","basis":"Heutige Stadtgrenze als geografische Referenz; keine Shadowrun-Bezirksgrenze","boundary_role":"reference-neighborhood","source":"Washington State City Boundaries","source_url":"https://services.arcgis.com/HfQs2ClqmipKpmFK/arcgis/rest/services/Cities/FeatureServer/0"}},{"type":"Feature","geometry":{"type":"MultiPolygon","coordinates":[[[[-121.90142915508117,47.629546248958576],[-121.89983853392434,47.629471179667306],[-121.8998232743497,47.62623691641395],[-121.9014131893365,47.626178993334506],[-121.90142915508117,47.629546248958576]]],[[[-121.8782834363988,47.630601209165064],[-121.87760275196685,47.631109812705105],[-121.87472991238567,47.63137895967719],[-121.87474390346136,47.63335454728306],[-121.86848421502832,47.63333681734422],[-121.86913780045741,47.62974209748421],[-121.87835733936232,47.62976809660748],[-121.8782834363988,47.630601209165064]]],[[[-121.90152706781956,47.6478630061047],[-121.89951427822675,47.64785064008802],[-121.89669439888479,47.64873509123657],[-121.89670101616211,47.649064588303666],[-121.89549031218274,47.64906862086669],[-121.89546067740251,47.64795910683189],[-121.8905733590107,47.64671623064882],[-121.89056133409476,47.64604414310194],[-121.88862175879252,47.6455754739577],[-121.88861350959948,47.64422729807781],[-121.89615553641185,47.644231568621684],[-121.89616190529719,47.6449331214455],[-121.89782847559296,47.64465513001353],[-121.89772908162006,47.641208623445365],[-121.8987964655574,47.641163359386006],[-121.89973988144865,47.64160096457307],[-121.90146988944281,47.64171049199449],[-121.90150203207395,47.6392123762617],[-121.90192533948445,47.638976441318746],[-121.90437702400286,47.63898428386246],[-121.90433339736744,47.64129150774246],[-121.90594971090609,47.64137904661449],[-121.9083962759007,47.63990048549071],[-121.90866391719197,47.6395810067071],[-121.90872667364555,47.638435859015004],[-121.91056188617307,47.637366564072984],[-121.91655789693918,47.63767533545841],[-121.91653841928965,47.640032844963386],[-121.91565319376502,47.64269447521336],[-121.91568361320297,47.64385559846079],[-121.92047635098027,47.64408121154291],[-121.9204794140793,47.64428553958324],[-121.92579687907696,47.644295284621705],[-121.92490436682743,47.64508021004827],[-121.92422125615025,47.64655130535207],[-121.92411093348946,47.64974656945954],[-121.92377031442085,47.651479029461726],[-121.91182258069641,47.651482666025046],[-121.9117278011956,47.65195042661515],[-121.91064512059641,47.651950704171114],[-121.9105268874686,47.65282996832679],[-121.90750671847108,47.652834562633025],[-121.90750796401586,47.65333180532726],[-121.89630530588936,47.65323799348666],[-121.8962577711412,47.65143622603115],[-121.90157868697892,47.65147773981235],[-121.90152706781956,47.6478630061047]]]]},"properties":{"name":"Carnation","basis":"Heutige Stadtgrenze als geografische Referenz; keine Shadowrun-Bezirksgrenze","boundary_role":"reference-neighborhood","source":"Washington State City Boundaries","source_url":"https://services.arcgis.com/HfQs2ClqmipKpmFK/arcgis/rest/services/Cities/FeatureServer/0"}},{"type":"Feature","geometry":{"type":"Polygon","coordinates":[[[-122.21233991855289,47.642346435682775],[-122.20970503151985,47.64286042186312],[-122.20971765624512,47.62472578266907],[-122.21001897475382,47.621074806333894],[-122.22808042636785,47.62106322869514],[-122.2280880187872,47.635418325799556],[-122.22490182975444,47.63547329961237],[-122.22162610240335,47.63654207412426],[-122.21776948616024,47.639278510975686],[-122.2177521214481,47.641079073664066],[-122.21550727017072,47.64249896244433],[-122.21389181587872,47.642833639186044],[-122.21233991855289,47.642346435682775]]]},"properties":{"name":"Clyde Hill","basis":"Heutige Stadtgrenze als geografische Referenz; keine Shadowrun-Bezirksgrenze","boundary_role":"reference-neighborhood","source":"Washington State City Boundaries","source_url":"https://services.arcgis.com/HfQs2ClqmipKpmFK/arcgis/rest/services/Cities/FeatureServer/0"}},{"type":"Feature","geometry":{"type":"Polygon","coordinates":[[[-122.11754040455818,47.34975068302532],[-122.11794742944453,47.34944149482271],[-122.11636784464719,47.34869270882329],[-122.12268318633255,47.34461552672237],[-122.12826602404408,47.346979522646635],[-122.12826378816114,47.347305240112355],[-122.13365944694958,47.350366335018364],[-122.13365747771735,47.350654822202976],[-122.1342845285328,47.35031514025069],[-122.13474550749787,47.35061216520705],[-122.12771625254699,47.354442305829984],[-122.1307114914434,47.354468678613664],[-122.13071356107437,47.355368640553024],[-122.1320377915952,47.355380268795756],[-122.13203992052988,47.35628022805459],[-122.12991669620097,47.35626154962705],[-122.12952765044682,47.35761885950296],[-122.127952337651,47.357839564368724],[-122.12797083570585,47.359025960874234],[-122.1306199363221,47.35904930962086],[-122.1306464724257,47.360746483187455],[-122.1317285452349,47.36074791686598],[-122.13330276797961,47.361649828314626],[-122.13595828129786,47.3616533014471],[-122.13601401932874,47.36519820203676],[-122.14155289274711,47.36520525426719],[-122.14157876158866,47.366841319698196],[-122.14265985804596,47.3668426742276],[-122.14371996339216,47.368989569803986],[-122.14378250123015,47.379605444088],[-122.1419248737787,47.383243611967224],[-122.13990309352411,47.383059522095515],[-122.13906259361386,47.383497078906856],[-122.13868212883227,47.38407294779286],[-122.13870376970135,47.376857772093956],[-122.13340516882462,47.37684441609355],[-122.133407959157,47.37594460550019],[-122.12810943764782,47.37593103950775],[-122.1281004579311,47.378768012363935],[-122.12310112567106,47.378762277646864],[-122.12309838704697,47.37966208018232],[-122.11220116197218,47.3796081352002],[-122.11221337092192,47.37604989067038],[-122.10206298746223,47.37603695058486],[-122.10191715713327,47.38405837458249],[-122.10288125533249,47.38404483578282],[-122.10288298704332,47.383699324813335],[-122.10435606482525,47.38368076733681],[-122.10435703947924,47.383477375103375],[-122.10701691156895,47.38342607370327],[-122.1070090038721,47.38516344487923],[-122.10589597501452,47.385180254086116],[-122.10536177269857,47.386824022832066],[-122.10189226953678,47.38683931713179],[-122.10189677380102,47.38731568438267],[-122.0990730724483,47.387337441303735],[-122.09910867210824,47.38761959013994],[-122.0976440797355,47.38732871462776],[-122.0801023325187,47.38725766073302],[-122.08006932941372,47.384851783326596],[-122.09119371509476,47.38042235806102],[-122.10139609384187,47.37499031465332],[-122.10151961972362,47.36796666598731],[-122.08666152653372,47.374899387946606],[-122.08057272635178,47.37732727101856],[-122.08058057581425,47.37617437753063],[-122.06983229206078,47.37624000177747],[-122.06984388208514,47.37268309728172],[-122.06256241278587,47.37268134921063],[-122.06232594725498,47.36432371645033],[-122.06155179610478,47.36488086744105],[-122.06076886773333,47.36604218082809],[-122.05920832950802,47.36641776853801],[-122.05923121054519,47.36487855611191],[-122.05896141624001,47.36473586340225],[-122.05921487539176,47.36441774938998],[-122.05931099962241,47.35783024641417],[-122.09991886363872,47.35774282449574],[-122.09987508151016,47.355284512723934],[-122.0987886003894,47.35529343945262],[-122.09875450598345,47.35452797744686],[-122.09138437693177,47.35545941627329],[-122.09137513597861,47.35378435812021],[-122.0966614923315,47.351005200930906],[-122.09809032985234,47.350600881329946],[-122.09999429319468,47.34919211887452],[-122.09910669507879,47.34734092594877],[-122.10183483022381,47.347320884480006],[-122.10195399606583,47.35624020788966],[-122.10720344171627,47.35625526113729],[-122.10722434406192,47.355123171969325],[-122.10905642648108,47.355140960448836],[-122.11656552268718,47.349301871747414],[-122.11754040455818,47.34975068302532]]]},"properties":{"name":"Covington","basis":"Heutige Stadtgrenze als geografische Referenz; keine Shadowrun-Bezirksgrenze","boundary_role":"reference-neighborhood","source":"Washington State City Boundaries","source_url":"https://services.arcgis.com/HfQs2ClqmipKpmFK/arcgis/rest/services/Cities/FeatureServer/0"}},{"type":"Feature","geometry":{"type":"Polygon","coordinates":[[[-122.32522246495405,47.4309408573454],[-122.32518308075602,47.428262462855145],[-122.31856215661365,47.42824563153335],[-122.3186136590256,47.42746154543869],[-122.31939245426133,47.42580933153154],[-122.32057381314603,47.421948181318044],[-122.32061757202105,47.41605009661583],[-122.30218868437736,47.41561947150892],[-122.30219454712108,47.41200110787718],[-122.29798483778845,47.41198559844703],[-122.29846984956384,47.408403726211695],[-122.2926005660311,47.40838183128335],[-122.29286969880027,47.405487985945],[-122.29269199999571,47.40259387780367],[-122.29146556205576,47.39417335592691],[-122.29167903702294,47.393194803214925],[-122.29236707543932,47.39204819416342],[-122.29724849973962,47.395128713994],[-122.2972643967444,47.39388072625355],[-122.29646299144734,47.393863241792126],[-122.29645805655338,47.39311971885368],[-122.29531775520526,47.393098855789304],[-122.29535118908247,47.392860837396206],[-122.29618218638001,47.39286541652583],[-122.29585615031984,47.392510980848826],[-122.29541199841219,47.39250366475153],[-122.29564662014229,47.39127514656259],[-122.29698679022961,47.39126216598429],[-122.29696797686798,47.390825457502565],[-122.2957473645473,47.3907871620886],[-122.2961464065958,47.388952588127054],[-122.2971864810499,47.38894057484944],[-122.29724840992297,47.38735906189097],[-122.29649679125001,47.38734316752072],[-122.29663039283187,47.38669394643262],[-122.29857717725221,47.38670694569525],[-122.29862698058942,47.384949710686335],[-122.2977543630181,47.38493889747026],[-122.29777351114173,47.3846216586711],[-122.29717554914724,47.38460427818685],[-122.29763634363353,47.382970557599435],[-122.2986697016822,47.38298951918144],[-122.29874847362636,47.38105219968501],[-122.30051160361158,47.38105751719588],[-122.30056093388968,47.37942171344753],[-122.3073554744997,47.37933788107461],[-122.30743094159608,47.376053731682966],[-122.30238164902042,47.376036305265906],[-122.30238767932666,47.37464733280025],[-122.3009612125696,47.374653166795824],[-122.30989806364448,47.35772520427798],[-122.31290543745436,47.35776953799788],[-122.31291322689088,47.35372920492261],[-122.31237865097958,47.352408824381726],[-122.31257193749545,47.35160348755872],[-122.3134386256084,47.35132910917866],[-122.31325541205896,47.34999376537899],[-122.31380207208953,47.34890629138494],[-122.31589116174241,47.34889206078876],[-122.31587514876449,47.346817441835206],[-122.31853590370085,47.34685876705864],[-122.31862425787526,47.3434547829169],[-122.31926249790556,47.34348147057362],[-122.3202988156728,47.34524049381676],[-122.32123020583825,47.344815787177865],[-122.32122783153761,47.34572015096398],[-122.3219116235784,47.34688743993963],[-122.32330561465933,47.34690757587486],[-122.32380999458883,47.34593465384309],[-122.32459844916858,47.34628058696092],[-122.32621045797173,47.3446720167088],[-122.32594646314631,47.34446552093631],[-122.32681729537774,47.343953833182624],[-122.32863550694341,47.34341158513516],[-122.3301751801428,47.34343640913609],[-122.3309117903713,47.342096089372355],[-122.33017238150549,47.34195047915962],[-122.32919652405928,47.34110880886501],[-122.32921081675676,47.34039766060662],[-122.33454797317998,47.34041911137668],[-122.33443995554707,47.343236801468215],[-122.33136011985394,47.34431892338432],[-122.32866546859331,47.3457728682417],[-122.32518015415216,47.34820450779286],[-122.3243464779476,47.34930308670951],[-122.32405673178462,47.351473603089545],[-122.32441938721222,47.355307242073096],[-122.32419263102025,47.35864052869757],[-122.32479315953806,47.35980482601934],[-122.32472560259384,47.36059021058395],[-122.32557646774312,47.364655889625475],[-122.32470166711931,47.36784604006365],[-122.32365604553355,47.37000019759963],[-122.32454203749937,47.37229829520944],[-122.325171221729,47.37275434096499],[-122.3247960010263,47.373970195584384],[-122.32486305381904,47.37715319344869],[-122.32652672623944,47.38268023495953],[-122.32688189195046,47.38596260866937],[-122.32683321948302,47.38812535680665],[-122.32566133680598,47.3902500847358],[-122.32540256969429,47.39180909597999],[-122.32555601592222,47.39271473489233],[-122.32625071208838,47.39488261896021],[-122.32682440904435,47.39564537164765],[-122.32827765565617,47.39693384564065],[-122.3290062235817,47.39703323079507],[-122.329086994285,47.39777967637547],[-122.3285212816486,47.39796106007041],[-122.32869893715493,47.400079714072746],[-122.3301531185407,47.40210357414988],[-122.3310425240617,47.40190710651655],[-122.33151909707854,47.40264668604089],[-122.33021012045995,47.40303762643578],[-122.33067884401454,47.40337222839407],[-122.33125448994122,47.404496462718896],[-122.33046866841737,47.40482139252221],[-122.32998678479707,47.40429215167685],[-122.32891099906048,47.4043028354587],[-122.32893298220083,47.405403832342216],[-122.32813212938585,47.40541213454766],[-122.32808478344413,47.40638661329859],[-122.32743586049445,47.406393050273515],[-122.32742852061578,47.406845347485415],[-122.32668965098904,47.40683816511357],[-122.3264074201387,47.408383811205134],[-122.32892304553071,47.40860339297602],[-122.3310335524846,47.40818334754276],[-122.33196831097518,47.408307004294365],[-122.33256314418081,47.40878946407671],[-122.33291222744346,47.409925417485766],[-122.33419774902778,47.41192304678872],[-122.33495232005116,47.41610622939543],[-122.33550850090323,47.43101168651403],[-122.32522246495405,47.4309408573454]]]},"properties":{"name":"Des Moines","basis":"Heutige Stadtgrenze als geografische Referenz; keine Shadowrun-Bezirksgrenze","boundary_role":"reference-neighborhood","source":"Washington State City Boundaries","source_url":"https://services.arcgis.com/HfQs2ClqmipKpmFK/arcgis/rest/services/Cities/FeatureServer/0"}},{"type":"Feature","geometry":{"type":"Polygon","coordinates":[[[-122.64639142054793,47.13428916654591],[-122.64343120291232,47.135125435932984],[-122.64345074638739,47.12640464240064],[-122.62765718911874,47.12638240237346],[-122.62766580984979,47.12267448813822],[-122.62497689887097,47.12270245030427],[-122.62492434452214,47.11572667129936],[-122.62256833793921,47.11098729905847],[-122.62277553864241,47.097498350912716],[-122.62385024003838,47.09569876123487],[-122.62360541710721,47.095548526937655],[-122.62322663566104,47.09598081325243],[-122.62260893960647,47.09716807165343],[-122.6220296554544,47.097171022410784],[-122.62225116772373,47.09682679444116],[-122.62218137335718,47.09505503639846],[-122.6212914465745,47.09507139535448],[-122.62122005007637,47.09432900636426],[-122.64642542972074,47.08808425156177],[-122.64662831611648,47.09354332795632],[-122.66466371889479,47.09365208515136],[-122.6647439365666,47.097241579810124],[-122.66993453732123,47.09723485038028],[-122.66996381769115,47.090074870220555],[-122.67521319920068,47.09005517188526],[-122.67521458149962,47.08647769150732],[-122.68043235557342,47.086480837502684],[-122.68044993466555,47.08733867467013],[-122.68128200847661,47.087332911907126],[-122.68126978892181,47.086469738699975],[-122.68293972202305,47.08647343667841],[-122.68297360560192,47.08762496615611],[-122.68332269146379,47.087625791171625],[-122.68333401684859,47.0901930725738],[-122.68584286543646,47.09022735953672],[-122.68581693633018,47.094183063669824],[-122.67979213405779,47.10020786594221],[-122.67694404177557,47.102091651353646],[-122.67585796039744,47.10414203960257],[-122.65,47.13],[-122.64835434419747,47.13329131160507],[-122.64639142054793,47.13428916654591]]]},"properties":{"name":"DuPont","basis":"Heutige Stadtgrenze als geografische Referenz; keine Shadowrun-Bezirksgrenze","boundary_role":"reference-neighborhood","source":"Washington State City Boundaries","source_url":"https://services.arcgis.com/HfQs2ClqmipKpmFK/arcgis/rest/services/Cities/FeatureServer/0"}},{"type":"Feature","geometry":{"type":"Polygon","coordinates":[[[-121.95771811845111,47.728859059225556],[-121.95412168382722,47.7260698026257],[-121.95776054165701,47.72461785442565],[-121.9569128898701,47.723496576007776],[-121.95977767832899,47.72235337952774],[-121.95904988588472,47.72124819618201],[-121.95610236803468,47.72242441201056],[-121.9553047751026,47.72136925451008],[-121.95861901431807,47.720046666893595],[-121.95987015647101,47.72145809527271],[-121.96127326276208,47.72436248873973],[-121.96200128846384,47.72485237814258],[-121.96472045035118,47.724323622212815],[-121.96556302433066,47.723408009903146],[-121.96689017829921,47.72340674308385],[-121.96688839659406,47.72276135398113],[-121.96816809105715,47.72275167080061],[-121.96821240438621,47.724466200991955],[-121.97113045261655,47.724659191205326],[-121.97113336220637,47.72485586579329],[-121.97833632886139,47.724909980994646],[-121.98008915356353,47.725513542015804],[-121.98705569259789,47.72539209092586],[-121.98752023610442,47.72933383852583],[-121.98782733681311,47.72932962528126],[-121.98778114731263,47.728923683187645],[-121.99078379880993,47.7289306403978],[-121.98972638566674,47.735244115426994],[-121.990137537855,47.735250464127866],[-121.99122021377873,47.728931432151875],[-121.99731621982484,47.72894148810058],[-121.99732423253562,47.73048385071128],[-121.99479405514302,47.73077307786476],[-121.99364116060657,47.73142212609264],[-121.99279347877678,47.73235735308249],[-121.99092807867787,47.737901475369206],[-121.992201147839,47.74045893843279],[-121.99200549164345,47.740752951905385],[-121.98963275227273,47.74048643752627],[-121.98906730924092,47.74076548373499],[-121.9870799762675,47.745683684840074],[-121.987027520472,47.747206064693856],[-121.98558063750399,47.74758899473316],[-121.98551830936256,47.74710586220397],[-121.98506322445164,47.747511168881985],[-121.98505991098509,47.747914297184174],[-121.9855888859289,47.747916563706724],[-121.98566739821163,47.74927759676663],[-121.9843162731156,47.75112542054314],[-121.98107215523255,47.75111146386245],[-121.98111734781521,47.74766039150429],[-121.97714793630671,47.747605503182115],[-121.98,47.74],[-121.95771811845111,47.728859059225556]]]},"properties":{"name":"Duvall","basis":"Heutige Stadtgrenze als geografische Referenz; keine Shadowrun-Bezirksgrenze","boundary_role":"reference-neighborhood","source":"Washington State City Boundaries","source_url":"https://services.arcgis.com/HfQs2ClqmipKpmFK/arcgis/rest/services/Cities/FeatureServer/0"}},{"type":"Feature","geometry":{"type":"Polygon","coordinates":[[[-122.27508759098585,46.876754162299356],[-122.27370503260092,46.87655771830494],[-122.27065759290147,46.875347788233015],[-122.26948759873065,46.87443458371321],[-122.26636875364036,46.87443505798714],[-122.26635492405687,46.87395759794499],[-122.26079635726188,46.874051229267685],[-122.26102099458582,46.87571549535062],[-122.26207443768833,46.87831067884927],[-122.25925036963332,46.877566983071766],[-122.25464184052466,46.876843144808014],[-122.25388848826958,46.87644395194653],[-122.25341079468166,46.875749824255436],[-122.25349061118071,46.87520402137865],[-122.2545564540518,46.87363426019294],[-122.25479577994206,46.87230936898924],[-122.25338658034254,46.86881374411403],[-122.2523002465446,46.868033276058405],[-122.25116614330324,46.867700274312526],[-122.24690674167215,46.86813225826512],[-122.2494592349204,46.86677383126128],[-122.24971791039295,46.8659790599026],[-122.24942191277816,46.86482252921585],[-122.25027978993745,46.86472683465259],[-122.2505420878007,46.86425250726642],[-122.25235452532786,46.86359280301244],[-122.25402896343643,46.861832117274396],[-122.25487299952185,46.861373239370955],[-122.25785716155579,46.860607500825495],[-122.25967870427915,46.860732215881875],[-122.27015975809996,46.85722484896644],[-122.27135844673668,46.85731479624646],[-122.27105611058793,46.85961017691543],[-122.2718689307897,46.85961132961993],[-122.27188126705032,46.86021592387516],[-122.27790909038215,46.86028321013571],[-122.27802790105163,46.8566797114606],[-122.27930951538565,46.85669398947785],[-122.27917976457456,46.86021474218456],[-122.28195805871272,46.86024184888698],[-122.28191823003006,46.86276130857127],[-122.28256543792189,46.862770348340725],[-122.28255031854388,46.86374547200023],[-122.2899104312582,46.86393172949294],[-122.28989688245163,46.86037767360297],[-122.29253979012374,46.860379320616296],[-122.292468427442,46.86764598471453],[-122.28983189667905,46.86760413103076],[-122.28979822415994,46.865838486605455],[-122.28863102488125,46.86602772008014],[-122.28860456551676,46.865712913147775],[-122.28678591635791,46.865736045758],[-122.28677630306865,46.86620762206211],[-122.28530320585817,46.866210321005354],[-122.28529847807725,46.86664718196172],[-122.28448255303611,46.86664868036293],[-122.28447401637764,46.86929482089434],[-122.28184631407153,46.86929130551161],[-122.28186918732891,46.87394038457422],[-122.28252212318733,46.873568447259565],[-122.28320195634046,46.87404875073126],[-122.28242236883942,46.87439652107285],[-122.28143938468062,46.8767070389701],[-122.28258360259821,46.876629227034435],[-122.28265318534085,46.87832270349768],[-122.2820484965426,46.87922449556861],[-122.27936082235655,46.880934896968476],[-122.27878480114761,46.88209987086943],[-122.27664629482017,46.88158280238555],[-122.27473135721672,46.88003741673433],[-122.27637926066951,46.87861576775478],[-122.27667915015078,46.876497793045154],[-122.27508759098585,46.876754162299356]]]},"properties":{"name":"Eatonville","basis":"Heutige Stadtgrenze als geografische Referenz; keine Shadowrun-Bezirksgrenze","boundary_role":"reference-neighborhood","source":"Washington State City Boundaries","source_url":"https://services.arcgis.com/HfQs2ClqmipKpmFK/arcgis/rest/services/Cities/FeatureServer/0"}},{"type":"Feature","geometry":{"type":"Polygon","coordinates":[[[-122.3238036579101,47.2319851189418],[-122.32376994694131,47.235352154864216],[-122.3248399643305,47.23695835725462],[-122.3264750888643,47.23792592679546],[-122.32646907148906,47.238334735108864],[-122.32564485400158,47.23833827753266],[-122.3256163751595,47.23906317671993],[-122.32500970001095,47.23906860376036],[-122.32510198803561,47.23886444727667],[-122.3244527436616,47.238502375089176],[-122.32411146228701,47.239036562685676],[-122.31393498884283,47.239171055224475],[-122.31391311609526,47.24071039021112],[-122.31257766231028,47.24069301856196],[-122.31256219942394,47.24107054060668],[-122.3070926646461,47.241009119981065],[-122.3070695074998,47.24275906621152],[-122.30045926153707,47.24270646987208],[-122.3004112622364,47.24359587128939],[-122.29641182493357,47.24357905522479],[-122.29642697354679,47.24268299075171],[-122.2942276179576,47.242681929737344],[-122.29397050330081,47.25383770489588],[-122.2948259431305,47.25719718873923],[-122.2624231805743,47.257256847783125],[-122.26031790566944,47.25412497554689],[-122.25846601724129,47.24808396026507],[-122.25704882115737,47.24560963642027],[-122.2571477915805,47.24319927022717],[-122.25465648353025,47.23839542987332],[-122.25415836964837,47.23392494678363],[-122.2554421695826,47.22837708451774],[-122.26218445023653,47.22837704939419],[-122.26214687981202,47.221139038251444],[-122.2550515574543,47.2211390469643],[-122.25330730911365,47.217931744105066],[-122.25337235271901,47.214402005709324],[-122.25276855045408,47.2115124970753],[-122.25128136221936,47.209753563594994],[-122.25049011735369,47.20808036947223],[-122.2482261110247,47.20636086993353],[-122.250677984754,47.20641236746573],[-122.25069241904916,47.203908027318846],[-122.25123743877285,47.2038689513603],[-122.25897757337117,47.205333130511605],[-122.2753740634732,47.2075366829154],[-122.28865934220028,47.21118656507051],[-122.28867712531645,47.21074638690511],[-122.30474364048615,47.21518388201868],[-122.30474522955609,47.21560886939549],[-122.31155867439794,47.217497581700954],[-122.31246515965834,47.21785836637448],[-122.31235910621537,47.21815421813754],[-122.31472855246463,47.21876213548161],[-122.31510703819629,47.21908328511673],[-122.31526426362976,47.21888003495375],[-122.31619701085523,47.219092005355286],[-122.32052322440796,47.22060545533124],[-122.32034768876835,47.228735550905256],[-122.3238036579101,47.2319851189418]]]},"properties":{"name":"Edgewood","basis":"Heutige Stadtgrenze als geografische Referenz; keine Shadowrun-Bezirksgrenze","boundary_role":"reference-neighborhood","source":"Washington State City Boundaries","source_url":"https://services.arcgis.com/HfQs2ClqmipKpmFK/arcgis/rest/services/Cities/FeatureServer/0"}},{"type":"Feature","geometry":{"type":"Polygon","coordinates":[[[-122.33521967308035,47.86059255936392],[-122.33384633076902,47.86060452268988],[-122.33376784698449,47.860167982668386],[-122.32759531634278,47.860192309051826],[-122.32527985662996,47.85949138324372],[-122.32474507308012,47.84880727125069],[-122.32700321646858,47.84927474579946],[-122.32763814658215,47.84973531454795],[-122.32767305037818,47.84834750678751],[-122.33041332471929,47.84841155320435],[-122.3303457590149,47.84487818593229],[-122.31950642945873,47.8447589739083],[-122.32016176450718,47.843981561330956],[-122.32168002944606,47.84324101333556],[-122.32389905102423,47.8410382247217],[-122.3250012182789,47.83899296677215],[-122.32545094098832,47.83559992191218],[-122.32884076456043,47.8333561786359],[-122.33119204740042,47.83061544343856],[-122.33233460332154,47.83035207427899],[-122.3342941107178,47.8311242629921],[-122.33770972769946,47.83152794657418],[-122.33768493266544,47.82793291026125],[-122.33595026214039,47.82609749233959],[-122.33589062879798,47.82168263926475],[-122.33709636072298,47.82169041635007],[-122.3370879609547,47.81854157813278],[-122.33552416195543,47.81853592838243],[-122.33574791759634,47.810705684612905],[-122.32917659894099,47.81066288791055],[-122.32914750116326,47.80977836140751],[-122.3286260079093,47.80977685209327],[-122.32858747766365,47.80886907557524],[-122.32705719213631,47.80885188906231],[-122.32702388621681,47.80940158740988],[-122.32621721142603,47.80940951803348],[-122.32618020477503,47.808568476578245],[-122.3253123395847,47.80852825373762],[-122.33189387180823,47.799420556441824],[-122.3301711904315,47.79940631335862],[-122.33004473903993,47.796094662219794],[-122.33053709353862,47.79421085827954],[-122.33268651231553,47.79422028093427],[-122.33267500021843,47.79254232522399],[-122.32967040046798,47.792492392231956],[-122.32978931551153,47.79210049656344],[-122.33086017362037,47.792112868444306],[-122.33148378134761,47.790965780301114],[-122.33232814911683,47.7889481944244],[-122.33268618482577,47.786002910882196],[-122.3318327026236,47.78572906373936],[-122.33082186280093,47.783746893337984],[-122.33141050393962,47.7830246012855],[-122.33123055992115,47.782300987276365],[-122.33043149050255,47.78177827618528],[-122.32707735153625,47.77802822109233],[-122.3273796505383,47.77768388573858],[-122.37143411974854,47.77784882037719],[-122.35,47.81],[-122.33999770934142,47.84500801730505],[-122.33865781638409,47.8462365222625],[-122.3372448406182,47.84590611495067],[-122.33683849766247,47.845019656773935],[-122.33599673361971,47.84470697661954],[-122.33684713248232,47.84523496523616],[-122.33698145670327,47.84623923361914],[-122.3374502033062,47.846651819769946],[-122.33948802055399,47.846791928061016],[-122.33837726713332,47.85067956503336],[-122.33672590088776,47.85406660953931],[-122.33507436779821,47.85409059871573],[-122.33492570552731,47.85438969873162],[-122.33449551980078,47.85718455730694],[-122.33521967308035,47.86059255936392]],[[-122.35616011525127,47.79012473900346],[-122.3536745898299,47.78781431916644],[-122.35304377987727,47.78500817419],[-122.35188882498174,47.78501441663936],[-122.35192750977048,47.787574241279934],[-122.34596712647125,47.7876063127855],[-122.34595897819236,47.787061669769045],[-122.34212327926807,47.78707140096064],[-122.34216306296173,47.7888914673885],[-122.33949138827944,47.788914157322075],[-122.33713500002352,47.79217337761886],[-122.3416207641485,47.7921686034912],[-122.34129631609653,47.79280187445699],[-122.34042890531295,47.79335719852603],[-122.33869556683484,47.79377166997999],[-122.33828602819005,47.79483843820102],[-122.33585198813087,47.79485667965189],[-122.33588055795096,47.79627351278896],[-122.33806219376696,47.796251892364154],[-122.33809165143752,47.796905250267514],[-122.33589483669688,47.79692702075708],[-122.33591764589481,47.79949529795188],[-122.35624361744011,47.7994310734112],[-122.35616011525127,47.79012473900346]]]},"properties":{"name":"Edmonds","basis":"Heutige Stadtgrenze als geografische Referenz; keine Shadowrun-Bezirksgrenze","boundary_role":"reference-neighborhood","source":"Washington State City Boundaries","source_url":"https://services.arcgis.com/HfQs2ClqmipKpmFK/arcgis/rest/services/Cities/FeatureServer/0"}},{"type":"Feature","geometry":{"type":"MultiPolygon","coordinates":[[[[-121.97963985158826,47.16507853601454],[-121.97947519460679,47.16299745314809],[-121.98431102330473,47.162997820159404],[-121.98432156024052,47.1662774642198],[-121.97963985158826,47.16507853601454]]],[[[-121.95508492880397,47.18499358037453],[-121.95508100645146,47.18483328100099],[-121.95532618019497,47.184990370223154],[-121.95508492880397,47.18499358037453]]],[[[-121.94400344143625,47.19271934180814],[-121.94404971250925,47.19450077854424],[-121.94004673354937,47.19449993774655],[-121.94000057661216,47.192718498742124],[-121.94400344143625,47.19271934180814]]],[[[-122.02653194211041,47.19566687663462],[-122.02648187568062,47.195685372407624],[-122.02648180279739,47.19566667622347],[-122.02653194211041,47.19566687663462]]],[[[-122.02160100576458,47.19748192169687],[-122.02159528834925,47.19843869555295],[-122.0210374560738,47.19844023382975],[-122.02105032308796,47.199225786409066],[-122.0164658850413,47.19922853983308],[-122.01637287082113,47.207061626073404],[-122.0165007015801,47.20730989759392],[-122.01938725080832,47.20821595797681],[-122.01939598682212,47.20924633165097],[-122.01640098048283,47.20924383598946],[-122.01641084894851,47.21031252987303],[-122.02023591822635,47.21029070750637],[-122.02022928421897,47.21366107437091],[-122.01637628918456,47.213684193957796],[-122.0163984368332,47.21107864501141],[-122.01268121461048,47.2110962619207],[-122.01267973588138,47.21200371697948],[-122.00826505089819,47.21199610888067],[-122.0082636502933,47.21380467286992],[-122.00160734872763,47.21372981527667],[-122.00161399768892,47.21483181543069],[-122.00201862488579,47.21483140571828],[-122.00199162521088,47.21794684267334],[-122.00075323958886,47.21845770161275],[-122.0002814579252,47.21897113727004],[-122.00025690479232,47.21821135152649],[-121.99762126195455,47.21810856755234],[-121.99508605443722,47.218100482039254],[-121.99509701784318,47.218819881174255],[-121.98956129158039,47.218907068813564],[-121.98949723550518,47.22451642562812],[-121.98178250214744,47.224717223851385],[-121.9817713969105,47.22184179487612],[-121.98428266172048,47.22194000293423],[-121.98428203266938,47.22096569850258],[-121.97912685712824,47.220982948978396],[-121.97907540399207,47.21399798928919],[-121.97755226388152,47.21398400299694],[-121.97985196856317,47.211705755209664],[-121.9787931164351,47.211719697856225],[-121.97881464398918,47.20653197757694],[-121.95268749872908,47.20668455330357],[-121.95274087481702,47.20282057994625],[-121.951752412952,47.202820847953745],[-121.9518021549791,47.20168703270611],[-121.95279577917542,47.20093396812639],[-121.95280763484652,47.19865219579065],[-121.95125639034396,47.19823870320519],[-121.94917214484552,47.197150097715735],[-121.94911337827754,47.19481969336089],[-121.9517669497302,47.194768113183194],[-121.95174418682137,47.19386757587044],[-121.95307120347769,47.193851980651864],[-121.95293393105715,47.188405253264094],[-121.95817508421035,47.188457356450705],[-121.95812519842713,47.18662315252839],[-121.96324534286545,47.18673258225644],[-121.96340042302764,47.19212471897459],[-121.95936379336165,47.19209278598005],[-121.95877993522916,47.1929384659692],[-121.95874453953293,47.1938890026269],[-121.95766465001341,47.1938939530473],[-121.9568083279231,47.19494263852551],[-121.95966393230972,47.1950363202571],[-121.9596615368929,47.194831677447844],[-121.95927467764353,47.19483377985361],[-121.95926557005795,47.19405476803431],[-121.9596571475549,47.194554230937186],[-121.9602778569005,47.19462202117268],[-121.96063426217715,47.19334712022114],[-121.96100848156907,47.193345082773746],[-121.96098616234045,47.19213828641202],[-121.9634012326775,47.19215242658428],[-121.96355580995989,47.19795704515162],[-121.96533962142915,47.197962637116554],[-121.96537131441998,47.199031550482694],[-121.96627129511431,47.199047202045676],[-121.96626302215287,47.198389202257204],[-121.96870926750086,47.198433282166654],[-121.96868084908644,47.19564895088123],[-121.96615196065949,47.1956471850616],[-121.96614578845856,47.19251521293541],[-121.96716186092527,47.19250971293451],[-121.96715229848957,47.19205132646032],[-121.9984948034263,47.19199604050962],[-122.00214591216013,47.18844911997159],[-122.00264103646379,47.18844559344079],[-122.00536780089023,47.185796584255826],[-122.00537166552184,47.18650687853806],[-122.0072063698919,47.18471651828452],[-122.01099025678052,47.1847037794474],[-122.01098968641703,47.18126600420772],[-122.01369246802062,47.17951567903449],[-122.01503094171046,47.179839529579986],[-122.01500724344687,47.180408317730134],[-122.01471642493505,47.180402428616524],[-122.01471045061271,47.18137212562728],[-122.01540732278019,47.18136373880322],[-122.01538880209591,47.1828416988196],[-122.01628075222068,47.182823497175036],[-122.01629126862747,47.1914341709992],[-122.0264948292898,47.19389030823666],[-122.02648180279739,47.19566667622347],[-122.02425386443916,47.195657752360766],[-122.02424560811453,47.19747868010538],[-122.02160100576458,47.19748192169687]],[[-122.00088728682822,47.213716200399716],[-122.00058630199518,47.213716928840554],[-122.0005956024192,47.21413439283621],[-122.00088644808399,47.21413220976029],[-122.00088728682822,47.213716200399716]],[[-122.01635601452357,47.19200188799716],[-122.01457084667587,47.192019627022574],[-122.0145786783469,47.192808727656164],[-122.01637552960602,47.19280873124106],[-122.01635601452357,47.19200188799716]]],[[[-121.97499904049252,47.22275358897675],[-121.97584325323565,47.222698499879954],[-121.97584408620946,47.22328757571061],[-121.97499980642434,47.22328807779636],[-121.97499904049252,47.22275358897675]]],[[[-122.02151996008503,47.22812886736681],[-122.0214971060684,47.22628927045696],[-122.02307656315618,47.22626716743842],[-122.02307334543842,47.22540572171994],[-122.02681168903005,47.22538414986019],[-122.0268457542958,47.22809811725123],[-122.02151996008503,47.22812886736681]]],[[[-121.97387468492504,47.24922960723862],[-121.97387138824311,47.249641444407345],[-121.97326873844209,47.24964317016435],[-121.97327600592251,47.24923397611759],[-121.97387468492504,47.24922960723862]]]]},"properties":{"name":"Enumclaw","basis":"Heutige Stadtgrenze als geografische Referenz; keine Shadowrun-Bezirksgrenze","boundary_role":"reference-neighborhood","source":"Washington State City Boundaries","source_url":"https://services.arcgis.com/HfQs2ClqmipKpmFK/arcgis/rest/services/Cities/FeatureServer/0"}},{"type":"Feature","geometry":{"type":"Polygon","coordinates":[[[-122.2055378111102,47.89833329609845],[-122.2015850545128,47.89832021000589],[-122.20160759205386,47.896466563146475],[-122.19877999889992,47.89644436338934],[-122.19890146182549,47.89361045341323],[-122.19941056086272,47.89360917375601],[-122.19944053166992,47.892890825959846],[-122.1981578359567,47.892922629270295],[-122.19815437679324,47.88912456594771],[-122.19949009668774,47.88913364974475],[-122.1994906449409,47.889705416041906],[-122.20030191536112,47.88971092550077],[-122.20031205383106,47.88911684670462],[-122.20177817184441,47.88910375652069],[-122.20165861460657,47.88091466007695],[-122.20463107599352,47.88093330784879],[-122.20461916160859,47.88056249719678],[-122.20492539427772,47.88055804407529],[-122.20493697979455,47.88091855470284],[-122.20653473402308,47.880951004312145],[-122.20654723449996,47.8783970267448],[-122.21186856129586,47.87841967266878],[-122.21202249063764,47.88555707163071],[-122.21249728540965,47.8855613841885],[-122.21250102714717,47.88693184698633],[-122.21380846371615,47.88736911195383],[-122.21349604938825,47.88797024069745],[-122.2134950047025,47.88966079305517],[-122.21411745995283,47.88995872854887],[-122.21922370261764,47.89002935218451],[-122.2225502548691,47.89196277163159],[-122.22178475467786,47.89251031761301],[-122.23355491329524,47.89286419682982],[-122.23361580849226,47.89663407010413],[-122.23266139959098,47.89663848038357],[-122.2327438495383,47.900233238483516],[-122.22807724302965,47.90022536815572],[-122.22806872615351,47.90349809481606],[-122.23948806429169,47.90349918471452],[-122.23949542654125,47.90376990834382],[-122.2426875010241,47.903763048167235],[-122.24267664850616,47.903228235917325],[-122.24312568574099,47.90322410482568],[-122.24314460426882,47.90268202052781],[-122.24392921276042,47.90268359347065],[-122.24394399540509,47.90169666880569],[-122.24451287760692,47.901690966841414],[-122.24452583333121,47.900202027465255],[-122.2451472480552,47.900199923677555],[-122.24640453217403,47.89858030512858],[-122.24718652018292,47.8985730889424],[-122.24787049482396,47.89617847519863],[-122.25164652446705,47.896168375960166],[-122.25813029509554,47.88932157078087],[-122.27045015456254,47.90575197869529],[-122.26610541567798,47.90570943215524],[-122.2661148131945,47.90772330353178],[-122.26454722352968,47.907716142043185],[-122.26452003666081,47.909022500494785],[-122.26343626161871,47.90916073142924],[-122.26341055689294,47.91063755687271],[-122.26378580919108,47.91062669832476],[-122.26376835098418,47.91463001261358],[-122.26694497700701,47.914624102487316],[-122.26696559445563,47.91585664121597],[-122.27116570853761,47.91585078394195],[-122.27115866843359,47.91502706804477],[-122.27186616797206,47.91502242828649],[-122.27184294262372,47.911645495097964],[-122.2823489956459,47.91159731929713],[-122.28262982008904,47.923513187100134],[-122.28408524589517,47.92498561613461],[-122.28767702732328,47.92498317532904],[-122.2877404983074,47.92723920365998],[-122.29202771621277,47.92731499089537],[-122.29201772070523,47.92794070140054],[-122.29321920931724,47.92796330079729],[-122.29309300164469,47.94353201664468],[-122.2874334229611,47.94355916143464],[-122.28736288655045,47.94723210742821],[-122.28173513987755,47.947292056572934],[-122.28176819695167,47.949519580534],[-122.2856629711135,47.94952987821221],[-122.28569585625048,47.95080670443442],[-122.28628120500451,47.95052426106307],[-122.28829295176156,47.951145713656835],[-122.29104820932311,47.95049031056766],[-122.2910678078618,47.993216246860605],[-122.26216074015971,48.02112733454668],[-122.23884372708984,48.02669613909379],[-122.22220410688851,48.03107527253673],[-122.1949802858737,48.03333223012688],[-122.18548951740317,48.03544679985908],[-122.17863707679203,48.035641307666474],[-122.17540774805569,48.01911055872919],[-122.17482334881143,48.00730412021067],[-122.17074160649273,48.00732155688254],[-122.17071677329108,48.00765000991886],[-122.15700442184202,48.00760312948004],[-122.15845496140095,48.00719654924308],[-122.15902934887485,48.00584071174069],[-122.16044599518425,48.00531335983685],[-122.16063914202509,48.00437375480591],[-122.16036644694279,48.00218637327891],[-122.16212720929953,48.00013768592335],[-122.16259941634215,47.99797152677439],[-122.16457123586025,47.99447059519111],[-122.1644902922484,47.992199946319346],[-122.16374290018473,47.99085467817034],[-122.1631207126857,47.99036549374318],[-122.16252517158685,47.98886438474669],[-122.16267329941154,47.987547192113325],[-122.16325577398561,47.98656088903149],[-122.16593583540454,47.98621083572866],[-122.16703829280301,47.98447400887877],[-122.16888363522757,47.983732495188825],[-122.1709875743244,47.9819157037988],[-122.17342350895598,47.98081297778952],[-122.17714376342668,47.97991090987124],[-122.18072195825668,47.97942017641836],[-122.18367074323905,47.97826141394391],[-122.1860974774586,47.97662395544858],[-122.18709149517369,47.97532923081988],[-122.18743687322505,47.97415113842874],[-122.18760392493392,47.97126953218615],[-122.18898774703183,47.96643899100912],[-122.18894317894804,47.96488545742183],[-122.18616687685876,47.959947114423315],[-122.18688696454423,47.957433681842524],[-122.19130926802733,47.95053068957813],[-122.19157616718026,47.949951229376474],[-122.19152889477256,47.94837186195275],[-122.18009066137076,47.94797545738254],[-122.17729080619418,47.9470095743319],[-122.17523172699516,47.94551400678773],[-122.17479806585695,47.94465825335911],[-122.17246920005948,47.94237327245188],[-122.1734479552196,47.94235932221521],[-122.17138668220767,47.94028881602456],[-122.1716699298179,47.94014566388306],[-122.17124632066421,47.93696187620978],[-122.17473973462197,47.93691173638281],[-122.17456143980463,47.94208146541397],[-122.17554028198803,47.94210485453737],[-122.17582322827623,47.92160636059657],[-122.2043994577083,47.921700661790425],[-122.20548784113264,47.91825702955587],[-122.20497438541437,47.91662710874551],[-122.2023333901086,47.91661660033873],[-122.20232465250773,47.91459481236946],[-122.20364930061781,47.9145909969095],[-122.20387736296968,47.91407677966038],[-122.20431248557888,47.914085888382374],[-122.2042486792816,47.91066834871572],[-122.20678957031626,47.91065703346375],[-122.20678447655708,47.90994289999337],[-122.20373745536078,47.909909798416564],[-122.20373964619345,47.90947009594055],[-122.20172660231356,47.90944711521762],[-122.2017468619057,47.90899942836314],[-122.20077079457329,47.908981016067045],[-122.20078546706073,47.90835197437712],[-122.20032435907645,47.908345453279466],[-122.20029621527216,47.90898362672184],[-122.19914355050959,47.90896707076792],[-122.19915248537067,47.91075499833463],[-122.19595894618169,47.91074020284436],[-122.1959909935472,47.907286358520174],[-122.18971077020595,47.907218476948074],[-122.18968160757672,47.905083696611946],[-122.19034965641205,47.90508275197163],[-122.19010795810318,47.90396212954848],[-122.19099840505868,47.90394736561764],[-122.19093183640936,47.89972791463712],[-122.19323410109698,47.899732777269264],[-122.19322089753824,47.89780897364865],[-122.1961357367879,47.897782924068345],[-122.19624413467052,47.90347606378364],[-122.20174972397325,47.90360529165195],[-122.20173487350577,47.90658940952403],[-122.20577062289054,47.90666459103742],[-122.2057668032687,47.905846245058385],[-122.20610681514937,47.90584217581919],[-122.20610261139801,47.90534877151772],[-122.20571157083378,47.90534401215698],[-122.20543462287397,47.903594138227746],[-122.20489646151118,47.90360016432951],[-122.20489370656095,47.90319403003474],[-122.20544064650737,47.903183679533036],[-122.20543777679156,47.902782174288376],[-122.20570214383812,47.902780496529836],[-122.20570236411349,47.90175926655189],[-122.20642096659184,47.90176487699443],[-122.20644375396195,47.90091076801423],[-122.2056811317029,47.90066093730691],[-122.20608978420665,47.899479872787666],[-122.20423078205704,47.8993496898661],[-122.20423662466902,47.89894401881646],[-122.20553956659917,47.898951049167025],[-122.2055378111102,47.89833329609845]]]},"properties":{"name":"Everett","basis":"Heutige Stadtgrenze als geografische Referenz; keine Shadowrun-Bezirksgrenze","boundary_role":"reference-neighborhood","source":"Washington State City Boundaries","source_url":"https://services.arcgis.com/HfQs2ClqmipKpmFK/arcgis/rest/services/Cities/FeatureServer/0"}},{"type":"Feature","geometry":{"type":"Polygon","coordinates":[[[-122.2928914573954,47.33089877711635],[-122.29309724530206,47.33090229270561],[-122.29321311045014,47.32958687486],[-122.29347153390354,47.32437292547822],[-122.29327038281096,47.324359809620766],[-122.29384268035655,47.321593046296734],[-122.29404328793633,47.32159563932657],[-122.29509040324467,47.31865221895391],[-122.29220002597086,47.31863978741621],[-122.2922219865299,47.31680490211634],[-122.28980758150331,47.31682591557805],[-122.28980097602421,47.317089670531125],[-122.28817834737916,47.317722709927594],[-122.28820371340095,47.31684159528501],[-122.28659576072306,47.316832326540535],[-122.28662788308179,47.31520692136213],[-122.28695529413075,47.315203940500275],[-122.28695386103608,47.31489565021473],[-122.28358405848874,47.31489188195124],[-122.27982048371092,47.31346993418812],[-122.27889670603501,47.31255268381085],[-122.27629236753702,47.30717537009384],[-122.27435280654448,47.30559588452823],[-122.27381725049514,47.30398173177988],[-122.27621088252322,47.30307072233432],[-122.28168739094849,47.30014454038152],[-122.2816539466597,47.299333591105004],[-122.28694779049388,47.29645838002857],[-122.28695165773514,47.289978078939384],[-122.28884066129484,47.289694713332324],[-122.28943438483604,47.2888358129049],[-122.28982384716315,47.287525195086786],[-122.29115382042303,47.28616009398984],[-122.29225663648221,47.28615851070697],[-122.292253590853,47.28817510354677],[-122.29255982167008,47.28817140341699],[-122.29255843028704,47.288580560106546],[-122.29526642903612,47.288547696757966],[-122.29526671415964,47.28901689889552],[-122.29586792531866,47.28901742179088],[-122.2958682026327,47.28948793222577],[-122.29646949801494,47.28948847956895],[-122.2964696428614,47.289761184794955],[-122.29990633184404,47.289764085122385],[-122.30251507384743,47.289186327549984],[-122.3074096568812,47.28618499786407],[-122.3097785217439,47.280241303161965],[-122.31068061248075,47.27862938449692],[-122.30324676006518,47.26877797492397],[-122.30360970176514,47.264514125929516],[-122.30547355900522,47.2644959114632],[-122.3055520914073,47.26345103902289],[-122.3079768151991,47.26396397948959],[-122.30940319491803,47.26374413000531],[-122.31029931505968,47.26315934284071],[-122.31113532381218,47.261818296482126],[-122.31230336880307,47.26091777439372],[-122.31431546824015,47.26092594799527],[-122.31420179587498,47.26265826080155],[-122.3168608404037,47.262683311141934],[-122.31677272922853,47.26448369758522],[-122.32378013186407,47.26442055788043],[-122.32621667992406,47.262180612790026],[-122.32654783885113,47.26231022188361],[-122.32864048601726,47.260269875804724],[-122.32833520064659,47.26008712029219],[-122.32909681238766,47.25921278887462],[-122.32994166432695,47.259786962696644],[-122.33180641931519,47.25733936707701],[-122.33509686493953,47.257352704642564],[-122.33503434630933,47.26325616612438],[-122.41771400436669,47.320186730335585],[-122.41431967248757,47.32009647097628],[-122.41154305414177,47.32092215339298],[-122.40586319884311,47.32146395912858],[-122.40262661369232,47.32229979824513],[-122.39986375657466,47.32396528734606],[-122.3962981698659,47.3271836084194],[-122.39261716332,47.328089912217],[-122.39022893193314,47.328218250238976],[-122.38697049250999,47.32794445633444],[-122.38628564500014,47.32763592399308],[-122.38483809296157,47.32601393957127],[-122.3832814929833,47.32589079919716],[-122.38083628887595,47.326216557652074],[-122.37772754783448,47.32722759731523],[-122.37660079141888,47.329081776084124],[-122.37582890631403,47.32981320413681],[-122.37456872966234,47.33247478276847],[-122.37303537846742,47.33382127632674],[-122.36763749400117,47.33561673253017],[-122.35877115972575,47.33699570142797],[-122.35209184643475,47.33843867181483],[-122.34921924279938,47.33935113210866],[-122.33929113926972,47.34097338266714],[-122.33530254202941,47.34222926525568],[-122.33443995554707,47.343236801468215],[-122.33454797317998,47.34041911137668],[-122.32921081675676,47.34039766060662],[-122.32919652405928,47.34110880886501],[-122.33017238150549,47.34195047915962],[-122.3309117903713,47.342096089372355],[-122.3301751801428,47.34343640913609],[-122.32863550694341,47.34341158513516],[-122.32681729537774,47.343953833182624],[-122.32594646314631,47.34446552093631],[-122.32621045797173,47.3446720167088],[-122.32459844916858,47.34628058696092],[-122.32380999458883,47.34593465384309],[-122.32330561465933,47.34690757587486],[-122.3219116235784,47.34688743993963],[-122.32122783153761,47.34572015096398],[-122.32123020583825,47.344815787177865],[-122.3202988156728,47.34524049381676],[-122.31926249790556,47.34348147057362],[-122.31862425787526,47.3434547829169],[-122.31853590370085,47.34685876705864],[-122.31587514876449,47.346817441835206],[-122.31589116174241,47.34889206078876],[-122.31380207208953,47.34890629138494],[-122.31325541205896,47.34999376537899],[-122.3134386256084,47.35132910917866],[-122.31257193749545,47.35160348755872],[-122.31237865097958,47.352408824381726],[-122.31291322689088,47.35372920492261],[-122.31290543745436,47.35776953799788],[-122.29437569137984,47.35760577861926],[-122.29462469756926,47.35665707968756],[-122.2956113202289,47.35519677394724],[-122.2952068310754,47.353322702712205],[-122.29542836208174,47.35330887512836],[-122.29195775217173,47.346032450660964],[-122.2928914573954,47.33089877711635]]]},"properties":{"name":"Federal Way","basis":"Heutige Stadtgrenze als geografische Referenz; keine Shadowrun-Bezirksgrenze","boundary_role":"reference-neighborhood","source":"Washington State City Boundaries","source_url":"https://services.arcgis.com/HfQs2ClqmipKpmFK/arcgis/rest/services/Cities/FeatureServer/0"}},{"type":"Feature","geometry":{"type":"Polygon","coordinates":[[[-122.33697611589737,47.21140211397024],[-122.35044320340992,47.21918700330064],[-122.35556679806284,47.22181876527216],[-122.36230013224892,47.22467011463796],[-122.39226339095227,47.236287266028434],[-122.39614997712533,47.23904783663143],[-122.39967642390341,47.240487093104115],[-122.3995850887192,47.2448565221216],[-122.39692194630123,47.244613487886014],[-122.3969149084112,47.24502594207022],[-122.39435029304987,47.24501410751684],[-122.39436179436413,47.24460293582674],[-122.385432140514,47.24455742821373],[-122.3854165548438,47.24688585343469],[-122.3807364623515,47.24686470036469],[-122.38084263440274,47.245863278904004],[-122.3776323903053,47.24585236909876],[-122.37763966984855,47.24537441653115],[-122.3728077526816,47.24536058211352],[-122.37280549485821,47.24634858269695],[-122.35946386217563,47.24638824907935],[-122.3594239342652,47.24987063889899],[-122.35970589677754,47.25086491757312],[-122.3594146548503,47.2535979240682],[-122.36069899586845,47.25358887503268],[-122.36067886677958,47.254519722560005],[-122.35761886778428,47.25532340126908],[-122.35761335034677,47.255577791617846],[-122.35920143430512,47.25649456078148],[-122.35666339672059,47.25648407215342],[-122.35664249036428,47.25744719664693],[-122.35026344753925,47.257399865989385],[-122.35026466475055,47.25700640807684],[-122.34915566292125,47.256998712180724],[-122.34915880259918,47.25665849805863],[-122.35026572161274,47.256665974256656],[-122.35039811092054,47.25468292598717],[-122.35000084134296,47.25467572617831],[-122.35000607714743,47.253661870313366],[-122.34756045261997,47.253647695639984],[-122.34756067697644,47.25227681906662],[-122.34675534885695,47.25227211295228],[-122.34675576443438,47.24996290431915],[-122.34545853609369,47.24996292530696],[-122.34550346000462,47.24812233690782],[-122.34460971069787,47.24812529429967],[-122.34418599745834,47.247045567365795],[-122.34380662738205,47.246822894733164],[-122.34151748544538,47.24675402190832],[-122.34153099697068,47.247352634948626],[-122.34068125601958,47.24734557714742],[-122.34069982136508,47.24802771432227],[-122.3395767010282,47.24802172320943],[-122.33956243099783,47.24767994571258],[-122.33902028082477,47.24767754658738],[-122.33901457743107,47.24596804605483],[-122.3395441331023,47.24581029254682],[-122.33965980902252,47.243283902174525],[-122.3382932302611,47.24369368274586],[-122.33647873545955,47.24489909190477],[-122.33613921000752,47.24475237562615],[-122.33554970342028,47.24290126754974],[-122.33099704528212,47.24437821463001],[-122.33093971002899,47.24269648992895],[-122.32882298873872,47.24270799282974],[-122.32885831073254,47.238981683960034],[-122.32766566407544,47.238958120407155],[-122.32647848057906,47.23780050012561],[-122.32515319170734,47.23719642001952],[-122.32376994694131,47.235352154864216],[-122.3238036579101,47.2319851189418],[-122.32033379880717,47.22868905030118],[-122.32044128375905,47.2070382448662],[-122.33697611589737,47.21140211397024]],[[-122.34630449692884,47.249312714843924],[-122.3463080853437,47.24926604751053],[-122.34624716022844,47.24931132912353],[-122.34630449692884,47.249312714843924]]]},"properties":{"name":"Fife","basis":"Heutige Stadtgrenze als geografische Referenz; keine Shadowrun-Bezirksgrenze","boundary_role":"reference-neighborhood","source":"Washington State City Boundaries","source_url":"https://services.arcgis.com/HfQs2ClqmipKpmFK/arcgis/rest/services/Cities/FeatureServer/0"}},{"type":"Feature","geometry":{"type":"Polygon","coordinates":[[[-122.50540675987664,47.2175006039233],[-122.51201951993592,47.217488104585996],[-122.5119972503139,47.22084697697762],[-122.51564516367517,47.220807288342876],[-122.51564672049527,47.217380713923774],[-122.52629010386742,47.21732132851348],[-122.52613035170438,47.224790621772435],[-122.52136994751864,47.22479957357702],[-122.5213440615649,47.22821650200362],[-122.52608312177196,47.22817685021423],[-122.52614320190769,47.242562841076314],[-122.50516570282018,47.242687143874306],[-122.50540675987664,47.2175006039233]],[[-122.51388908889622,47.2282578887514],[-122.51389227910592,47.226558556747314],[-122.51328001383898,47.22639509983671],[-122.51330175347212,47.22555087653633],[-122.51172086272472,47.225488239545],[-122.51172805403327,47.22467386194014],[-122.50684539775355,47.22472873339215],[-122.50683339881063,47.22649198437977],[-122.50783450629527,47.22649011071549],[-122.50782988716993,47.227172108517884],[-122.50963188253372,47.227168694748414],[-122.50964193889337,47.22827276927675],[-122.51388908889622,47.2282578887514]]]},"properties":{"name":"Fircrest","basis":"Heutige Stadtgrenze als geografische Referenz; keine Shadowrun-Bezirksgrenze","boundary_role":"reference-neighborhood","source":"Washington State City Boundaries","source_url":"https://services.arcgis.com/HfQs2ClqmipKpmFK/arcgis/rest/services/Cities/FeatureServer/0"}},{"type":"Feature","geometry":{"type":"Polygon","coordinates":[[[-122.2274765,47.6407734],[-122.2264630253903,47.640273084991115],[-122.2267745,47.6394442],[-122.2265792,47.638984],[-122.22576498259222,47.64005993142997],[-122.2235378,47.6405054],[-122.22305728289459,47.640950551363765],[-122.22293978968173,47.63594955488934],[-122.22490182975444,47.63547329961237],[-122.23356275312786,47.63546818958574],[-122.2335798869033,47.639198911494866],[-122.2330546728949,47.63946096753865],[-122.23244074235252,47.639067005624256],[-122.232308,47.6371004],[-122.23155,47.6369941],[-122.23171508106999,47.63956034336019],[-122.23065668844579,47.639544510765965],[-122.2305573,47.6386499],[-122.2302539,47.6386447],[-122.22996502513887,47.639183192592874],[-122.2309943,47.6404576],[-122.2317435,47.6408983],[-122.2325206,47.6429539],[-122.2325024,47.6453786],[-122.2318372,47.6497638],[-122.2300933242147,47.65199522184469],[-122.22920074922267,47.65177834673659],[-122.229218,47.651349],[-122.22833060983893,47.65045826342529],[-122.2283164,47.6490563],[-122.227633,47.6464841],[-122.2276947,47.6449304],[-122.22719290143007,47.64164162895339],[-122.227198,47.6409698],[-122.2274765,47.6407734]]]},"properties":{"name":"Hunts Point","basis":"Heutige Stadtgrenze als geografische Referenz; keine Shadowrun-Bezirksgrenze","boundary_role":"reference-neighborhood","source":"Washington State City Boundaries","source_url":"https://services.arcgis.com/HfQs2ClqmipKpmFK/arcgis/rest/services/Cities/FeatureServer/0"}},{"type":"Feature","geometry":{"type":"MultiPolygon","coordinates":[[[[-122.05712993414035,47.570341289905215],[-122.05222950841795,47.570301312119895],[-122.05144808244243,47.57077724709084],[-122.05026843678144,47.57071032967529],[-122.04639498992276,47.56776340165407],[-122.0463089738621,47.57386265046704],[-122.04099375895278,47.573822220628536],[-122.04092889811203,47.57741802339058],[-122.03591561642095,47.57738306493814],[-122.03618008569379,47.56276517471192],[-122.04138428445361,47.56287850968053],[-122.04202080067613,47.561543820626675],[-122.04206086184706,47.55928791870893],[-122.03674694034859,47.55917777115596],[-122.03608699961353,47.558960228983715],[-122.02387489744324,47.55887356756439],[-122.02123195769516,47.55496953968696],[-122.02005490933853,47.555669105617504],[-122.01945813257268,47.55360924264646],[-122.02057567860106,47.553605370685545],[-122.02006957534694,47.55351565753636],[-122.02007617509632,47.55173498321242],[-122.02078550210359,47.55174092781997],[-122.02124337874872,47.55135688960532],[-122.02160432923007,47.5503010996491],[-122.02007458230929,47.54865517124686],[-122.02007992880606,47.5481194737907],[-122.01569674831326,47.5480767678718],[-122.01463178995986,47.54898639229084],[-122.01462123233966,47.55110457897964],[-122.01252480026882,47.551170252010735],[-122.01031338161081,47.55006310888424],[-122.00793262842107,47.54972421257021],[-122.00674981154907,47.54997378196924],[-122.00548896785344,47.55087155565534],[-122.00402417582836,47.55127295704585],[-122.00396068230162,47.55547743135083],[-122.000331851534,47.55748422513628],[-121.99900853950852,47.556146920929436],[-121.99789291883266,47.55683791740988],[-121.99618087947546,47.55560159736688],[-121.99369467550052,47.55571034310661],[-121.99372209331356,47.554661616326435],[-121.987544630492,47.5545979533508],[-121.98845196479928,47.55158212262087],[-121.99128345022783,47.55161644624253],[-121.99120531430641,47.549498895886956],[-121.98578204925673,47.54953062540317],[-121.98573531370975,47.54662645251399],[-121.99322015739389,47.54303394766586],[-121.99140239511726,47.54088228365421],[-121.99328858720801,47.53911591773955],[-122.00099972715299,47.53889383984805],[-122.0053677641735,47.54064225513775],[-122.00367605281993,47.54389599986389],[-122.00410242374883,47.543909089348304],[-122.005421591781,47.54123053825842],[-122.00817239173438,47.541654041276175],[-122.00817595827398,47.543298831620774],[-122.00911093751921,47.54329789836689],[-122.00938324857904,47.54287214177894],[-122.00922317126839,47.54179001690201],[-122.00978585319092,47.54095855498681],[-122.00947584129435,47.54018958492828],[-122.01111762002434,47.539791243745334],[-122.01129717232602,47.54103984949446],[-122.0121636930468,47.54098421533151],[-122.0121925226941,47.53965217709023],[-122.01178669557423,47.53878543766298],[-122.01482387361848,47.53891904843513],[-122.01487634707628,47.53700276780885],[-122.01648851655872,47.536135863588],[-122.0165662628047,47.53382983298781],[-122.01164350421392,47.53584306276799],[-122.00771569164226,47.53611215569087],[-122.00531444866292,47.53554374058643],[-121.99622249796265,47.532149520878754],[-121.99242017535374,47.53137971262634],[-121.98893804111952,47.53113128591583],[-121.98896086267483,47.529620874797466],[-121.993604006918,47.529682201659355],[-121.99363248311803,47.52287729378911],[-122.00480823507257,47.522830836060066],[-122.0047640207307,47.526341707129006],[-122.0098449023705,47.52630563926601],[-122.00990191345808,47.521348300115356],[-122.01497110459252,47.521298891742994],[-122.01508740569416,47.529937061030424],[-122.02369704526436,47.52997744487382],[-122.02738037007694,47.52718960449815],[-122.02798216602615,47.52637377355048],[-122.02609271905622,47.526368475105436],[-122.02610717025185,47.52467167295644],[-122.02567423824462,47.5246720139849],[-122.02355451516723,47.52637491181289],[-122.0208938986675,47.526381628297656],[-122.0209287476051,47.519047529295186],[-122.0219804295181,47.519056502985414],[-122.02196230543913,47.51582753183055],[-122.02588790300233,47.51582771148159],[-122.02402527681477,47.514195440831216],[-122.02331101504187,47.512960416012426],[-122.02272993712549,47.50866164381176],[-122.03089199124402,47.508667195881145],[-122.03094726332914,47.512095062430944],[-122.03636846343387,47.512085429332544],[-122.03638490529252,47.51564551556593],[-122.058316532169,47.515955082809725],[-122.0583083810991,47.516194351175095],[-122.06421315064522,47.516297912793995],[-122.06411548203252,47.51961388022883],[-122.06971982606503,47.51969845419134],[-122.069957690965,47.52082561864502],[-122.06942645417362,47.52149372385685],[-122.0697893267627,47.521498545348514],[-122.06977307327836,47.5232974793448],[-122.07110075133134,47.5233150990198],[-122.07113318120189,47.51971718762782],[-122.07909868794106,47.5198226385245],[-122.07900283149837,47.53061628471207],[-122.0763472058142,47.5305811894195],[-122.0762752400614,47.53777666443942],[-122.07361930824075,47.53774151541084],[-122.0736346132313,47.542068980504006],[-122.07095840737874,47.542100860377374],[-122.07095015211654,47.54258123706611],[-122.07360014733672,47.54255614998767],[-122.07354943520356,47.54484850817603],[-122.06825939815198,47.544837453819746],[-122.06839850551378,47.545270582153044],[-122.07072008727712,47.54688590164217],[-122.07879884965881,47.5468243055145],[-122.07882436613657,47.5482688939257],[-122.08412810319544,47.54831725280563],[-122.08419824804392,47.551818533517846],[-122.09481402660838,47.55200214002714],[-122.09481840005432,47.54861758192306],[-122.10043191407102,47.548711959393515],[-122.10039767925629,47.558933605212836],[-122.1000099495166,47.55925269334502],[-122.09798613249798,47.55923465996819],[-122.09872852402124,47.560570429237615],[-122.09823607813112,47.56247617730193],[-122.0991091610768,47.56664528850032],[-122.09985194631761,47.56848504369326],[-122.0987785234211,47.568850595108856],[-122.0996116774659,47.569776472223325],[-122.09783850252961,47.56983527095739],[-122.09777999371629,47.571762957615924],[-122.0967508,47.571643],[-122.0957596,47.5708326],[-122.0948978,47.5705216],[-122.0934252,47.5707499],[-122.0929654,47.5711386],[-122.09318871955897,47.57131147721109],[-122.0923858,47.5715705],[-122.0910939,47.570963],[-122.08966027269037,47.56976827580588],[-122.0873829,47.5702029],[-122.0856458,47.5700758],[-122.08295335995605,47.568267313795324],[-122.08299252354936,47.56756362690735],[-122.0802065,47.5629937],[-122.0794672,47.5605007],[-122.07952726485227,47.55861179887271],[-122.07777016893625,47.55681363104502],[-122.0774621,47.5560012],[-122.0762977,47.5554627],[-122.0744148,47.5552889],[-122.0742216,47.5555641],[-122.07471726481312,47.556088751059505],[-122.0743021,47.5566936],[-122.0736101,47.5567732],[-122.0731758,47.5562232],[-122.0722845,47.5562718],[-122.0714574,47.5567051],[-122.07079960555843,47.5577504496341],[-122.0692474,47.5573324],[-122.0674714004486,47.557591170036325],[-122.0666297,47.5579877],[-122.0650412,47.5595856],[-122.0644648460547,47.561394392245134],[-122.06515841477659,47.561829879428],[-122.06506515273252,47.56217852062025],[-122.06430292477762,47.562171395001926],[-122.063634,47.562817],[-122.06048019619334,47.56337700978369],[-122.05787674474803,47.56195010052199],[-122.05656176030219,47.56235227863194],[-122.05548080190464,47.56364627161463],[-122.0551908,47.5650646],[-122.05560898572685,47.565651937179034],[-122.05555373939823,47.566435462071475],[-122.05717643285685,47.56759766722848],[-122.05712993414035,47.570341289905215]]],[[[-122.0551908,47.5650646],[-122.05527058123265,47.56471055065525],[-122.05528299149339,47.564745073991716],[-122.0551908,47.5650646]]]]},"properties":{"name":"Issaquah","basis":"Heutige Stadtgrenze als geografische Referenz; keine Shadowrun-Bezirksgrenze","boundary_role":"reference-neighborhood","source":"Washington State City Boundaries","source_url":"https://services.arcgis.com/HfQs2ClqmipKpmFK/arcgis/rest/services/Cities/FeatureServer/0"}},{"type":"Feature","geometry":{"type":"Polygon","coordinates":[[[-122.27032042351907,47.75683271026163],[-122.27039064513721,47.761067104723736],[-122.26932130624374,47.76113767206058],[-122.27040062895144,47.761738619124],[-122.27047913984808,47.768320804635366],[-122.26728855810205,47.76832397240003],[-122.26888235794041,47.769203951297285],[-122.26935004156331,47.76977376801835],[-122.26919577465266,47.77411393706579],[-122.27035120640211,47.77674596142755],[-122.27091575041398,47.77710377490426],[-122.22751780814488,47.77683307918351],[-122.22779595263776,47.76661752548015],[-122.2288014367729,47.766634786007685],[-122.22863441925396,47.765503826438625],[-122.22782660955332,47.76549587820625],[-122.22830202260273,47.7538258216441],[-122.22504974331173,47.752964280586205],[-122.22080290326309,47.75263443341742],[-122.22092258110078,47.75134885698657],[-122.22363120622661,47.75136090481641],[-122.22370875063478,47.747686922196344],[-122.21807123080681,47.74764616104904],[-122.2180771041303,47.738599407097446],[-122.22241403566878,47.73863076744586],[-122.2189725652462,47.73486901999525],[-122.21853116751585,47.73419531147599],[-122.21875558509032,47.73327699404626],[-122.24092354440411,47.73347365065916],[-122.24233104145736,47.73292133257318],[-122.24284313957449,47.732161122100074],[-122.24558831349653,47.731786258702876],[-122.24454274194073,47.72822753316136],[-122.24656779394928,47.72878251356668],[-122.24712205114636,47.72863131846686],[-122.24796149381064,47.727689592468515],[-122.2491761880915,47.72823900753439],[-122.25010635367319,47.72809357712469],[-122.25072495739545,47.72709724692199],[-122.25079719410276,47.72556120480692],[-122.25982735457903,47.72562971337038],[-122.25955793124263,47.72619175045135],[-122.25989215510914,47.72618738689993],[-122.25975434593825,47.726338413000164],[-122.26174490423155,47.72634541525933],[-122.2616148,47.7270524],[-122.26313357793109,47.72939912238492],[-122.26325961427871,47.731146770954986],[-122.26472215888165,47.73350028743181],[-122.26505698658875,47.73572031612027],[-122.26726966626441,47.738155124606486],[-122.2667867342965,47.738669028483336],[-122.26559060856803,47.73855133890527],[-122.26518978555295,47.73883948873266],[-122.26513446309697,47.74024289569509],[-122.264405,47.7416333],[-122.2641830602351,47.74282963809903],[-122.2630864,47.7441526],[-122.26281989394795,47.745613339312165],[-122.26181544175964,47.74700578163907],[-122.2613322397644,47.74759728752978],[-122.2586469,47.7491644],[-122.2574313,47.7504758],[-122.2574496,47.755368],[-122.2576938,47.7556551],[-122.2574145,47.7560026],[-122.2560633,47.7563378],[-122.2562709,47.7565757],[-122.2546313,47.7571793],[-122.2545486,47.7577822],[-122.2577035,47.7565472],[-122.2582254,47.7569239],[-122.2604273,47.7568423],[-122.2604584,47.7563181],[-122.26283674066761,47.75646779281469],[-122.26298697478215,47.7571458173133],[-122.2655155,47.7575648],[-122.26846545765804,47.757441439446666],[-122.27032042351907,47.75683271026163]]]},"properties":{"name":"Kenmore","basis":"Heutige Stadtgrenze als geografische Referenz; keine Shadowrun-Bezirksgrenze","boundary_role":"reference-neighborhood","source":"Washington State City Boundaries","source_url":"https://services.arcgis.com/HfQs2ClqmipKpmFK/arcgis/rest/services/Cities/FeatureServer/0"}},{"type":"Feature","geometry":{"type":"MultiPolygon","coordinates":[[[[-122.04318095773132,47.34364753586411],[-122.05399112978984,47.34367120075103],[-122.05390234573258,47.34778683146524],[-122.05137959421995,47.34719521980972],[-122.04311903358547,47.347159719821285],[-122.04318095773132,47.34364753586411]]],[[[-122.11246956576211,47.35153856348327],[-122.11248115036265,47.35237186250097],[-122.10905642648108,47.355140960448836],[-122.10722434406192,47.355123171969325],[-122.10720344171627,47.35625526113729],[-122.10195399606583,47.35624020788966],[-122.10191448879971,47.35439487622216],[-122.1083753260408,47.35321126266629],[-122.11246956576211,47.35153856348327]]],[[[-121.99499767969527,47.35806109353459],[-122.01619411015605,47.358039771950146],[-122.01627402306977,47.36524263803157],[-121.99507466490483,47.365262003846496],[-121.99499767969527,47.35806109353459]]],[[[-122.26518956746486,47.372167727884396],[-122.26523596933853,47.365072173121646],[-122.266277874588,47.365067442597784],[-122.26970220279226,47.37211019935801],[-122.26518956746486,47.372167727884396]]],[[[-122.28462297393943,47.40723987315746],[-122.28363531053411,47.406803178988156],[-122.28159502385103,47.40797513150417],[-122.28154334327512,47.41070286521031],[-122.28097391319433,47.41279558993141],[-122.2818101811928,47.41382618910337],[-122.28236559954033,47.41537433797726],[-122.27954038540271,47.41538789575311],[-122.27635492904362,47.41937699501025],[-122.26726489844431,47.419427446885145],[-122.2657511329228,47.421077653284314],[-122.26516665682266,47.42256732479875],[-122.26542051268133,47.42328378207447],[-122.26727781437326,47.42553876350717],[-122.26621835951205,47.42719522396175],[-122.265899548872,47.428311309527444],[-122.26556645668833,47.428731858237455],[-122.26407548468188,47.42934884983357],[-122.25899235733922,47.42976774956592],[-122.25829423651719,47.4307250648567],[-122.25889859891625,47.43176728230933],[-122.26285264418279,47.433047411244246],[-122.26300446114432,47.433314864309125],[-122.26258637059321,47.434176770473414],[-122.26185944374588,47.43456044411488],[-122.26045223692373,47.434683841824814],[-122.25799939438441,47.43339094654459],[-122.24864078528891,47.43353233155837],[-122.24757285100205,47.43740930783767],[-122.24576001080354,47.43931084429289],[-122.24583627808697,47.44111905172747],[-122.21551299489549,47.44093326606555],[-122.21747985292015,47.43883723438858],[-122.21817552527888,47.43770558307421],[-122.22012755922457,47.430076086999435],[-122.21787476354558,47.43007074391965],[-122.21787625490057,47.4232327624043],[-122.19739274358173,47.423195886782544],[-122.19737826435335,47.43046165939856],[-122.17713176074973,47.430444636526516],[-122.17580211710239,47.43064313770186],[-122.17565183324623,47.43013743982675],[-122.17415661909095,47.4301589878106],[-122.17435630641025,47.429041521390005],[-122.17241003589861,47.424014081688426],[-122.17235088340999,47.42305956856501],[-122.17059266064886,47.423104761780294],[-122.17058024158756,47.42270687204734],[-122.16863250010988,47.42231688512046],[-122.16789797424038,47.42133225932964],[-122.16522985716172,47.42135062183573],[-122.16523100141734,47.421061973105395],[-122.16478858655591,47.420893327708235],[-122.16281360361184,47.41871069457287],[-122.16190258459386,47.419029751158526],[-122.16057996568763,47.4182775332856],[-122.16058970848697,47.4173567317888],[-122.15991493783031,47.41734646992692],[-122.15992938836501,47.41611015855201],[-122.15884409139797,47.41611498237208],[-122.15861398428625,47.41406586096504],[-122.15949602208315,47.41407544114712],[-122.15950426334513,47.413527174433696],[-122.15994038030709,47.41352985529316],[-122.15993441935642,47.41135525732001],[-122.1603382524154,47.411358471460986],[-122.1603475384348,47.408480719964395],[-122.16004218859393,47.40848593105828],[-122.15927262079863,47.405097586670514],[-122.16007667443189,47.40501085261985],[-122.15999014345688,47.40133246560777],[-122.15872292324978,47.4012167562092],[-122.15872416398652,47.39776431404041],[-122.15732125724122,47.39776566200637],[-122.15476155311823,47.39415988370267],[-122.1545212664774,47.39194988946409],[-122.15301463810448,47.39192468099755],[-122.1530872846678,47.39042821051262],[-122.15242379487272,47.389382996516574],[-122.15152138564807,47.389073991457394],[-122.15129636639172,47.3883783064722],[-122.14953178319045,47.387850457448906],[-122.14953962680325,47.387016836255725],[-122.14734632469562,47.38691207286191],[-122.14399411719161,47.38584308772345],[-122.14266222331206,47.384980111908085],[-122.14206828269332,47.384122443367716],[-122.14204904411454,47.3827092671662],[-122.14349358709399,47.38051671751429],[-122.14378250123015,47.379605444088],[-122.14371996339216,47.368989569803986],[-122.14265985804596,47.3668426742276],[-122.14157876158866,47.366841319698196],[-122.14155289274711,47.36520525426719],[-122.13601401932874,47.36519820203676],[-122.13595828129786,47.3616533014471],[-122.13330276797961,47.361649828314626],[-122.1317285452349,47.36074791686598],[-122.1306464724257,47.360746483187455],[-122.1306199363221,47.35904930962086],[-122.12797083570585,47.359025960874234],[-122.127952337651,47.357839564368724],[-122.12952765044682,47.35761885950296],[-122.12991669620097,47.35626154962705],[-122.13203992052988,47.35628022805459],[-122.1320377915952,47.355380268795756],[-122.13071356107437,47.355368640553024],[-122.1307114914434,47.354468678613664],[-122.12771625254699,47.354442305829984],[-122.14289297346498,47.34641862594329],[-122.14494261572028,47.345096021023465],[-122.14622826378358,47.34360158144247],[-122.16558666773697,47.34356028699733],[-122.1657063619559,47.34888748944265],[-122.18079735978111,47.34891397280708],[-122.18080302682485,47.349816911458795],[-122.18146509653309,47.34981876817615],[-122.18146595373862,47.350272064953096],[-122.18678728228655,47.35026886276924],[-122.18678842739205,47.350720160438705],[-122.20237603885288,47.350852299722696],[-122.20240219623817,47.34609622644471],[-122.20418097739102,47.34610457005048],[-122.20415487645455,47.35086723976302],[-122.20846731936717,47.35089277500987],[-122.20863240450667,47.35343023700094],[-122.2095011696864,47.35320877741994],[-122.21318578526224,47.35376925394118],[-122.21322407496037,47.35416315106895],[-122.2111775885805,47.35435774962474],[-122.21014771279935,47.35372096814973],[-122.20893885995662,47.35372676149695],[-122.21075830443738,47.35505960276393],[-122.208353280686,47.35532432031685],[-122.20747663191308,47.35495029910014],[-122.20742503776931,47.36146435609466],[-122.21354524662121,47.36151496376639],[-122.21349893230514,47.3675619206291],[-122.21597625859154,47.36756438499281],[-122.21597706075237,47.36853678757691],[-122.21841774540938,47.36853954062533],[-122.21842129045835,47.3696490530371],[-122.22203761221138,47.369684827270255],[-122.22202926213879,47.368360118625866],[-122.2250929693827,47.369375989258685],[-122.2264603766408,47.36922646246853],[-122.22736347648713,47.368634394628884],[-122.22713551539589,47.368054086388604],[-122.22358301982129,47.36568010978435],[-122.22423501612661,47.363999472044476],[-122.22559200592542,47.36249548734852],[-122.22703494909226,47.36162036205188],[-122.2321191049703,47.361022158890705],[-122.23624829305066,47.36220665355841],[-122.23708259196185,47.363082741696296],[-122.23713467231624,47.36549470364215],[-122.23683380795018,47.366142363727946],[-122.23412352960777,47.369034555784175],[-122.23456117754273,47.36973961061036],[-122.23552453560609,47.36987974902904],[-122.23555588285278,47.37031100052436],[-122.24027162610318,47.37028049704978],[-122.23892597999951,47.36151927642016],[-122.23894925066655,47.35400299714867],[-122.25470347099964,47.35398745360621],[-122.2546578788013,47.35802226039403],[-122.24934847903185,47.35804972874645],[-122.249121276385,47.36411461473647],[-122.24949869876995,47.36670081290119],[-122.24957694443793,47.37664139305366],[-122.25126328996899,47.37691204533853],[-122.25344801380236,47.37618393509806],[-122.25446321215342,47.37482546696996],[-122.25474042648474,47.3731550209376],[-122.25518669025324,47.37226814991114],[-122.25570403070864,47.37179783244604],[-122.25645471896881,47.37179776510694],[-122.2572136427239,47.37232451745297],[-122.25755535127726,47.37301351328029],[-122.25713170350217,47.37431183574747],[-122.25722932637281,47.375772768310036],[-122.25650050740097,47.37718343064069],[-122.25692713007155,47.37842406388255],[-122.25806564289071,47.37895667095533],[-122.26086145919356,47.378523309817055],[-122.26394061371771,47.37757943585539],[-122.26437518766842,47.377244064316855],[-122.26446771871153,47.37580095095021],[-122.27061410007258,47.3757385206749],[-122.27061136626183,47.37209858828465],[-122.2703419933775,47.37210202977646],[-122.26689146665963,47.36506465290814],[-122.26786284540978,47.36506022955399],[-122.26788525060438,47.36685637497867],[-122.27066228265042,47.36682643252384],[-122.27067624956153,47.36513534286681],[-122.27244448377986,47.36514217742258],[-122.27206532108639,47.36260940956329],[-122.27226192040882,47.36003215053586],[-122.27161233744297,47.358653147788665],[-122.2721503420408,47.35770503923697],[-122.28096538055983,47.357638763127596],[-122.2809945357255,47.35785836770535],[-122.29434675513814,47.3580060661127],[-122.29437569137984,47.35760577861926],[-122.30989806364448,47.35772520427798],[-122.3009612125696,47.374653166795824],[-122.30238767932666,47.37464733280025],[-122.30238164902042,47.376036305265906],[-122.30743094159608,47.376053731682966],[-122.3073554744997,47.37933788107461],[-122.30056093388968,47.37942171344753],[-122.30051160361158,47.38105751719588],[-122.29874847362636,47.38105219968501],[-122.2986697016822,47.38298951918144],[-122.29763634363353,47.382970557599435],[-122.29717554914724,47.38460427818685],[-122.29777351114173,47.3846216586711],[-122.2977543630181,47.38493889747026],[-122.29862698058942,47.384949710686335],[-122.29857717725221,47.38670694569525],[-122.29663039283187,47.38669394643262],[-122.29649679125001,47.38734316752072],[-122.29724840992297,47.38735906189097],[-122.2971864810499,47.38894057484944],[-122.2961464065958,47.388952588127054],[-122.2957473645473,47.3907871620886],[-122.29696797686798,47.390825457502565],[-122.29698679022961,47.39126216598429],[-122.29564662014229,47.39127514656259],[-122.29541199841219,47.39250366475153],[-122.29585615031984,47.392510980848826],[-122.29618218638001,47.39286541652583],[-122.29535118908247,47.392860837396206],[-122.29531775520526,47.393098855789304],[-122.29645805655338,47.39311971885368],[-122.29646299144734,47.393863241792126],[-122.2972643967444,47.39388072625355],[-122.29724849973962,47.395128713994],[-122.29236707543932,47.39204819416342],[-122.29167903702294,47.393194803214925],[-122.29146556205576,47.39417335592691],[-122.2917850361158,47.3963065705891],[-122.28660389580038,47.39587822629268],[-122.28659215432637,47.396441962808424],[-122.28382336881114,47.3964585687722],[-122.28273080580126,47.39733070160778],[-122.28277890830987,47.400899389071164],[-122.28933832457436,47.40088146976918],[-122.28998230710185,47.401145520524565],[-122.28996502846779,47.4019610525525],[-122.28818016349221,47.40195506409399],[-122.28851308133859,47.40378538787563],[-122.28641455719374,47.40379395542049],[-122.28640510472341,47.408050552859834],[-122.28537673095987,47.408057458118904],[-122.28462297393943,47.40723987315746]],[[-122.2831978434048,47.38611474402519],[-122.28239510060133,47.38691109820903],[-122.28233862248479,47.388145124130936],[-122.28081295249682,47.38815111829144],[-122.2808026934778,47.387232790432115],[-122.28041772019874,47.387184500783796],[-122.28070193629227,47.38624292878591],[-122.28159215676057,47.386019884859934],[-122.28200703493857,47.385420339437395],[-122.28230962499107,47.38555438290257],[-122.28258301334913,47.38487222953694],[-122.28129834777685,47.38487728361823],[-122.28127704704663,47.38296870786991],[-122.27746331214381,47.38298362875857],[-122.27750219945916,47.38648525286246],[-122.27805627948014,47.38832548633142],[-122.28081482043369,47.3883147104427],[-122.28084904364663,47.391380909994375],[-122.28207707890057,47.39165871106755],[-122.28326154700741,47.391538068358294],[-122.28659725393396,47.3900610217088],[-122.28657545417823,47.38648528763683],[-122.28380565048191,47.38649500912562],[-122.2831978434048,47.38611474402519]]]]},"properties":{"name":"Kent","basis":"Heutige Stadtgrenze als geografische Referenz; keine Shadowrun-Bezirksgrenze","boundary_role":"reference-neighborhood","source":"Washington State City Boundaries","source_url":"https://services.arcgis.com/HfQs2ClqmipKpmFK/arcgis/rest/services/Cities/FeatureServer/0"}},{"type":"Feature","geometry":{"type":"Polygon","coordinates":[[[-122.24044390222736,47.73354340618321],[-122.2188104420233,47.73324924895829],[-122.21853116751585,47.73419531147599],[-122.21732829771763,47.73359171069867],[-122.21315466138292,47.73240402718181],[-122.21322434770453,47.73299261592859],[-122.18776514575553,47.733070313889144],[-122.18665696881064,47.74084960602713],[-122.1756576599077,47.73715936589233],[-122.17584438041725,47.73397714475518],[-122.16407328046012,47.73392704456199],[-122.16416844577886,47.730196442242956],[-122.1622338893319,47.72969655712432],[-122.15903633748572,47.729568476369046],[-122.15913122012684,47.72586044333723],[-122.15569961952113,47.72584928041152],[-122.15574571852069,47.72405165072797],[-122.15308123450777,47.72404293649601],[-122.15303505534007,47.72584053801212],[-122.15425224237768,47.725844621313236],[-122.15444901187206,47.72688031423908],[-122.15257596449256,47.727199249890255],[-122.15256235069812,47.725838999073744],[-122.14890533517543,47.725826896339214],[-122.15347299461521,47.712379657441],[-122.15328942010593,47.71149842651339],[-122.15380740263076,47.71124694686336],[-122.15808129406307,47.71157435904246],[-122.16304957864342,47.71133566103858],[-122.16308187693923,47.707897363978255],[-122.16423653414674,47.70790397527015],[-122.16485884725525,47.69014806036047],[-122.163856859989,47.6826059252689],[-122.16390934851614,47.666500836005156],[-122.16169932151004,47.666467206109814],[-122.16174248643668,47.66549512746787],[-122.15865705979208,47.665463195700454],[-122.15876714763684,47.66065776498028],[-122.16954129386816,47.660572451231324],[-122.16951046625509,47.65673258556875],[-122.18055299624659,47.656859423409166],[-122.18048486927653,47.66093270543229],[-122.18564190454529,47.66108298567948],[-122.18564479644157,47.65357527594763],[-122.18029752262726,47.65356088508034],[-122.18024081821773,47.64637769411045],[-122.1963111589213,47.64643771295084],[-122.19629299167245,47.64572139522178],[-122.1943859315796,47.64438440789724],[-122.19646092170017,47.642817422407944],[-122.19846424386256,47.64282333654724],[-122.19846283493642,47.642420373594284],[-122.19970919663378,47.642421192606285],[-122.20151015031945,47.64448111935822],[-122.20187241022248,47.64447969962396],[-122.20203903176062,47.64383345575625],[-122.20246497135471,47.64374126125825],[-122.20283013371238,47.64319050276798],[-122.20781961868876,47.643481354946005],[-122.2096933241543,47.64317339368456],[-122.20970503151985,47.64286042186312],[-122.2117014598204,47.642404259417],[-122.21376417356058,47.64279842350989],[-122.21383377234257,47.64456735702626],[-122.21313670125535,47.644583618085086],[-122.21312806261719,47.64521990800581],[-122.21248391341912,47.64522095218607],[-122.21248202042644,47.64640003475744],[-122.21196889027873,47.64640263992552],[-122.21092732848983,47.6483024165975],[-122.20804510035924,47.6485020276305],[-122.20726577514341,47.64781434329867],[-122.20717198457035,47.64746742881269],[-122.20837541311629,47.645778922242876],[-122.20813899590571,47.645646633888084],[-122.20675626209473,47.64755300934868],[-122.20763622765838,47.648535593245086],[-122.2058766,47.6491963],[-122.2057445,47.6498008],[-122.2049147,47.6498987],[-122.2045571,47.650219],[-122.2045602,47.6506375],[-122.2054742,47.6520385],[-122.2058298,47.6535171],[-122.20621947889735,47.653832981624966],[-122.2061801,47.6547483],[-122.20794343233776,47.656791797915396],[-122.2069476,47.658872],[-122.2073023807251,47.6617984520639],[-122.2082304,47.6631237],[-122.2082391,47.6641082],[-122.2077099,47.6642658],[-122.20793712368587,47.66496790226727],[-122.2072453,47.6670729],[-122.2077531,47.6672638],[-122.2078017,47.6684244],[-122.2072699,47.6688994],[-122.2071952,47.669625],[-122.2059132,47.671363],[-122.2058755,47.6732186],[-122.2067853,47.673839],[-122.2074408,47.6747506],[-122.2080465,47.6746463],[-122.2085677,47.675367],[-122.2095093,47.675288],[-122.2095482,47.6755689],[-122.2123885,47.6777063],[-122.2135111,47.6789231],[-122.2147738,47.6808843],[-122.2173309,47.6867741],[-122.2175092,47.6881191],[-122.2178411,47.6915185],[-122.2175463,47.6917181],[-122.2172238,47.6934953],[-122.2168418,47.6941602],[-122.2170323,47.6945982],[-122.2165534,47.6949995],[-122.2152721,47.6976867],[-122.2134481,47.6983042],[-122.2132637,47.6981335],[-122.2137104,47.6977398],[-122.2132464,47.6974488],[-122.21147,47.698386],[-122.2104583,47.7000691],[-122.2103936,47.7016547],[-122.2132544,47.7034264],[-122.2159499,47.7041113],[-122.2170205,47.7037519],[-122.2190725,47.7043174],[-122.2217774,47.7034404],[-122.2227369,47.7026613],[-122.2255072,47.701256],[-122.2260197,47.7007005],[-122.2255322,47.7000937],[-122.2258696,47.6998402],[-122.2259124,47.6990553],[-122.2269411,47.6985328],[-122.2273193,47.6979052],[-122.2297225,47.697287],[-122.232843,47.697711],[-122.2366228,47.6988794],[-122.2407346,47.6996208],[-122.2444597,47.7011805],[-122.244754,47.701509],[-122.2446485,47.7025495],[-122.246142,47.7048931],[-122.2483993,47.7063674],[-122.2492748,47.7077363],[-122.2509538,47.7081608],[-122.2521774,47.7099555],[-122.2547937,47.7118368],[-122.2582472,47.7149623],[-122.2583189,47.71566],[-122.2588234,47.7162842],[-122.2586108,47.7173116],[-122.2592326,47.7188485],[-122.2590742,47.7193153],[-122.2605731,47.7203382],[-122.2612286,47.7223583],[-122.2616406,47.7228145],[-122.2605505,47.724743],[-122.2618208,47.7259785],[-122.26176364033769,47.72627647942406],[-122.25975434593825,47.726338413000164],[-122.25989215510914,47.72618738689993],[-122.25955793124263,47.72619175045135],[-122.25982735457903,47.72562971337038],[-122.25079719410276,47.72556120480692],[-122.25072495739545,47.72709724692199],[-122.25010635367319,47.72809357712469],[-122.2491761880915,47.72823900753439],[-122.24796149381064,47.727689592468515],[-122.24712205114636,47.72863131846686],[-122.24656779394928,47.72878251356668],[-122.24454274194073,47.72822753316136],[-122.24558831349653,47.731786258702876],[-122.24284313957449,47.732161122100074],[-122.24189268188508,47.73320546672122],[-122.24044390222736,47.73354340618321]]]},"properties":{"name":"Kirkland","basis":"Heutige Stadtgrenze als geografische Referenz; keine Shadowrun-Bezirksgrenze","boundary_role":"reference-neighborhood","source":"Washington State City Boundaries","source_url":"https://services.arcgis.com/HfQs2ClqmipKpmFK/arcgis/rest/services/Cities/FeatureServer/0"}},{"type":"Feature","geometry":{"type":"MultiPolygon","coordinates":[[[[-122.29266596829449,47.73540539727109],[-122.29224999852663,47.73655449245705],[-122.29281368533317,47.736968614467436],[-122.29380810268435,47.737027444541575],[-122.29381500315304,47.73735445259188],[-122.29929516639699,47.737430221583715],[-122.2993590684849,47.74093174036295],[-122.29436986966736,47.74093295067049],[-122.2943775884358,47.74289401619107],[-122.29568262345802,47.742904984334665],[-122.29571571218479,47.744294904513815],[-122.29640224014663,47.74430086049031],[-122.29640385228792,47.744709414046056],[-122.29700963787528,47.74471467215095],[-122.29702395431188,47.74831037643288],[-122.29872014763092,47.748325043407654],[-122.29882434291187,47.749792541103886],[-122.30153444676448,47.74971233111814],[-122.3026569568961,47.75037663766793],[-122.3024453069321,47.75182624546141],[-122.30287150953062,47.75256403282466],[-122.30214553520513,47.753098582599016],[-122.3014939494363,47.754438240280244],[-122.3015056193175,47.75498687879421],[-122.30224076725841,47.75719580268215],[-122.30297487572467,47.757885197381825],[-122.30464665695118,47.75842654674399],[-122.30395364920828,47.758687057974186],[-122.30385339747676,47.75945525100067],[-122.304086206382,47.75978912006813],[-122.30733932454257,47.761738269302484],[-122.30816220223429,47.763088161806216],[-122.30634432145965,47.763075498512244],[-122.30635836466588,47.76434429865743],[-122.30676339725282,47.76444025512606],[-122.30678752108867,47.76661934804756],[-122.30820160078096,47.76662919633111],[-122.30820613732249,47.76703779999584],[-122.30921615490321,47.7670448306236],[-122.3096463926624,47.769226744639816],[-122.31025034046776,47.76923092791861],[-122.31025497382208,47.769649115820194],[-122.31237908969685,47.76992660137825],[-122.31237438931467,47.769494686882574],[-122.3136235930493,47.769505457283195],[-122.31276558282099,47.77019003860703],[-122.310542439279,47.77107672446977],[-122.3096016613966,47.771070338557266],[-122.30941538610975,47.77133964538287],[-122.30835588742185,47.77107401500211],[-122.30778347896918,47.77062576471618],[-122.3071953804533,47.77062836231982],[-122.30714883287001,47.77146203255151],[-122.30632383024358,47.77146433437701],[-122.3063325231858,47.77110703193327],[-122.30538216127823,47.77093551488489],[-122.3053565170969,47.77030941170392],[-122.29758462493585,47.77026623001518],[-122.29772915420935,47.77745663612611],[-122.28992482884637,47.777360869146975],[-122.28997662014372,47.77717070361978],[-122.27091575041398,47.77710377490426],[-122.27035120640211,47.77674596142755],[-122.26919577465266,47.77411393706579],[-122.26935004156331,47.76977376801835],[-122.26888235794041,47.769203951297285],[-122.26728855810205,47.76832397240003],[-122.27047913984808,47.768320804635366],[-122.27040062895144,47.761738619124],[-122.26932130624374,47.76113767206058],[-122.27039064513721,47.761067104723736],[-122.27032042351907,47.75683271026163],[-122.26846545765804,47.757441439446666],[-122.2701072601021,47.75659907915139],[-122.2740472,47.7536667],[-122.2742037,47.7534236],[-122.2739655,47.7531955],[-122.2742667,47.7528011],[-122.2755336,47.7522287],[-122.2759059,47.7515857],[-122.2755073,47.7513135],[-122.27655604245585,47.75105537764414],[-122.2785725,47.7493011],[-122.2813448,47.7485566],[-122.2831644,47.7467329],[-122.2842287,47.7423985],[-122.2839369,47.7411864],[-122.2841257,47.7402398],[-122.2858595,47.7381272],[-122.2862014,47.7373338],[-122.286067,47.7368321],[-122.2848254,47.7356277],[-122.28412394090215,47.73361987024719],[-122.29267346801217,47.7337694275468],[-122.29266596829449,47.73540539727109]]],[[[-122.27008734708294,47.75657725147898],[-122.27025958128132,47.756485711064094],[-122.27008747516135,47.756577391872234],[-122.27008734708294,47.75657725147898]]]]},"properties":{"name":"Lake Forest Park","basis":"Heutige Stadtgrenze als geografische Referenz; keine Shadowrun-Bezirksgrenze","boundary_role":"reference-neighborhood","source":"Washington State City Boundaries","source_url":"https://services.arcgis.com/HfQs2ClqmipKpmFK/arcgis/rest/services/Cities/FeatureServer/0"}},{"type":"Feature","geometry":{"type":"Polygon","coordinates":[[[-122.12420244122607,48.00475407180593],[-122.12315409905719,48.0043721504542],[-122.12230184067585,48.00352920179311],[-122.12300363596857,48.00353048444607],[-122.12304970629204,48.00135329694879],[-122.1177567262381,48.00074139809148],[-122.11558578537903,48.00001627582191],[-122.11407936361181,48.00045345201752],[-122.11424390868869,48.00137400165032],[-122.1165231477773,48.00240333723419],[-122.116657038584,48.002981456547715],[-122.11600966136223,48.00353843886323],[-122.11901045594601,48.00356881902445],[-122.11901760344142,48.007122504889715],[-122.12428855524823,48.00714683258299],[-122.12437374267654,48.00901656855594],[-122.1190525903538,48.00902666091427],[-122.11913701242106,48.01086239249395],[-122.12436777234514,48.010766184037706],[-122.1245062697852,48.014363106054105],[-122.12574251720434,48.01438369798695],[-122.12585333896911,48.01707657745138],[-122.12180985839368,48.01709475089915],[-122.12183006315439,48.017753942240816],[-122.1224207324871,48.017783475429226],[-122.12256452567694,48.021813729409715],[-122.10978908443465,48.02175008132004],[-122.1106183675515,48.02793926741932],[-122.08071734780788,48.03032084329545],[-122.0744399234259,48.03046899064619],[-122.05929537347978,48.03219671167682],[-122.05930282642531,48.031792367648485],[-122.05822846770612,48.03191520458119],[-122.05742361708079,48.030293624611296],[-122.05362983450743,48.030467269515796],[-122.05240820920457,48.02289771145335],[-122.05251010125555,48.02203899221484],[-122.05032705519113,48.02198990755006],[-122.0504877784216,48.02067240648893],[-122.0495976282331,48.02065157994143],[-122.04978064916165,48.01918440749125],[-122.0469084428724,48.01892899360331],[-122.04794446639013,48.01541547436777],[-122.04890690799351,48.015420273587914],[-122.04896801706138,48.01324301006151],[-122.04600285114542,48.0110569548432],[-122.04375658887757,48.0080304842031],[-122.04439482834393,48.0080324737288],[-122.04638661034444,48.01075208979654],[-122.04794012341942,48.00989417932257],[-122.04906277453043,48.00989704930611],[-122.04901286841921,48.0116751691143],[-122.05453872880611,48.01172808034066],[-122.05450184602302,48.009786722536475],[-122.05336082366152,48.00979011527706],[-122.05333403784674,48.00806367059732],[-122.05983952091113,48.00815456541261],[-122.05987374863776,48.006350834072094],[-122.05863864554118,48.006335439335004],[-122.05867570654925,48.00436532055447],[-122.05451875487034,48.004330583617666],[-122.05431864349927,48.000512483708555],[-122.06553077158948,48.00057596191378],[-122.06596266590459,47.9761264219057],[-122.0673004712942,47.976785030651754],[-122.06732387621476,47.976144500567074],[-122.07003712128713,47.97608892030687],[-122.06997449817558,47.97785078387011],[-122.0724605464472,47.97789945044921],[-122.07275110037291,47.976606626583944],[-122.07413049011343,47.976627547056154],[-122.07408446266997,47.97731065749187],[-122.07345183309837,47.97729966379946],[-122.07343095803553,47.97794374656623],[-122.08759999216684,47.978030906603216],[-122.08775459589872,47.97088517897902],[-122.10115504763529,47.970910546735325],[-122.10115650799015,47.970623598257724],[-122.10266860123363,47.97062714083192],[-122.10280017287458,47.97323740394916],[-122.10400302626789,47.97329818541368],[-122.10384300667835,47.97356918590867],[-122.10896891777216,47.97358100592402],[-122.1089603965127,47.974420480241726],[-122.11954405917828,47.974500380787475],[-122.11963321241724,47.97095249463158],[-122.12477003155293,47.970930240558566],[-122.12467717742284,47.974522787895346],[-122.12981132478109,47.97450385006095],[-122.12978708000762,47.97620564714348],[-122.1323784137194,47.97625559470934],[-122.13239269290602,47.975888640389954],[-122.13501630205559,47.97593573277151],[-122.13504251496872,47.97455351896568],[-122.13534326556031,47.97452916526782],[-122.13598320217118,47.9761883725969],[-122.13694421007605,47.977499691854966],[-122.13700280324436,47.97799308300434],[-122.13653363124119,47.978639778310594],[-122.1372000104165,47.98175461051728],[-122.13650230155345,47.98357304429025],[-122.13539770804384,47.984965395223426],[-122.13586155409327,47.98536027155836],[-122.13777969335189,47.985371381507406],[-122.1377793091878,47.985774371026075],[-122.13514007989717,47.98803238323378],[-122.13443718077227,47.989072031364884],[-122.13082618342854,47.98898340543698],[-122.12445695081529,47.99337369586949],[-122.1244337982319,47.995840804268504],[-122.12592173697654,47.99584764252329],[-122.12498587648027,47.99725398659283],[-122.12438885613854,48.000254138559846],[-122.12420244122607,48.00475407180593]]]},"properties":{"name":"Lake Stevens","basis":"Heutige Stadtgrenze als geografische Referenz; keine Shadowrun-Bezirksgrenze","boundary_role":"reference-neighborhood","source":"Washington State City Boundaries","source_url":"https://services.arcgis.com/HfQs2ClqmipKpmFK/arcgis/rest/services/Cities/FeatureServer/0"}},{"type":"Feature","geometry":{"type":"Polygon","coordinates":[[[-122.53948491209026,47.12817475690351],[-122.54184573342863,47.12674730172195],[-122.51819272215259,47.126845102816546],[-122.51819226402253,47.12577902726477],[-122.52254618458649,47.12480142172036],[-122.52245230443734,47.12307925941559],[-122.52100041249662,47.123071320390174],[-122.52109121948531,47.12139826286114],[-122.51324573711273,47.12138407428792],[-122.51333437135588,47.11951351378965],[-122.53874241245491,47.1194481232538],[-122.53875863345539,47.12115659249848],[-122.54007787007632,47.12115331899932],[-122.54007133197058,47.119451423385996],[-122.54137659422793,47.11945039851961],[-122.54138941150707,47.12056670538101],[-122.54284840767049,47.12056486989423],[-122.54288763078814,47.126150733936605],[-122.54545225095939,47.12514681527777],[-122.55334281300911,47.12036686091462],[-122.55669822073475,47.11795927651956],[-122.55819533803273,47.11914831078152],[-122.56029178765708,47.11907307768132],[-122.5631762338849,47.12139690279764],[-122.56425165884187,47.12097766945209],[-122.56530859689926,47.12199276259742],[-122.56583736523633,47.121799495306554],[-122.56983766713745,47.12518404351322],[-122.56361432378382,47.139514632152746],[-122.56850165700288,47.13948524131142],[-122.56831358449631,47.148693689721],[-122.57624908790368,47.14871746763877],[-122.57628602690245,47.1524575805249],[-122.57890827054497,47.15248516710843],[-122.579200997129,47.166276988535124],[-122.57463777416757,47.16627999622116],[-122.57472519807125,47.17733832349112],[-122.5742888762997,47.17733660267034],[-122.57431231658225,47.18143126408174],[-122.57238882509188,47.18142442133197],[-122.57252913432089,47.18761719984916],[-122.57218781108172,47.18815072782162],[-122.57256213889993,47.18891786159904],[-122.57148339988773,47.18923315188111],[-122.5717854276042,47.18977420603696],[-122.57040204696027,47.19119742139931],[-122.56970370029883,47.192521800897254],[-122.56881361735698,47.19257626350092],[-122.56880640096412,47.1952178083532],[-122.56353140730052,47.19570739018712],[-122.56061746059852,47.1954049771332],[-122.55790552603348,47.19593489168437],[-122.5527771706151,47.19482971957751],[-122.54800654108162,47.196206550899625],[-122.54404424349113,47.19624027924532],[-122.54307362967512,47.19666924694768],[-122.54131468117636,47.19671049555611],[-122.54064168193398,47.197112591859174],[-122.53863587255964,47.19685486277452],[-122.537440654365,47.197874852626754],[-122.5325291641321,47.19755119467127],[-122.53114715503852,47.19790493949165],[-122.52952428484211,47.19766613970416],[-122.52674886440441,47.19785623149212],[-122.52536958063773,47.19822791876173],[-122.52127776344268,47.198318936958486],[-122.5210365531593,47.195547543366814],[-122.51593996905719,47.19560651905603],[-122.51578635585496,47.192662747781945],[-122.51475161088328,47.19197574411834],[-122.50867381840581,47.19198862382536],[-122.50864245484617,47.190472058375256],[-122.50546957962966,47.190457798242775],[-122.50547531504547,47.18476286322602],[-122.46444662042668,47.18467752050023],[-122.46578325833282,47.183293235813295],[-122.46647356637797,47.181331553108386],[-122.466875669387,47.18133494319873],[-122.46603338079365,47.17943660321885],[-122.46650080882682,47.17746599819366],[-122.46554177029441,47.17746843200474],[-122.46586959800258,47.17684596050681],[-122.46853864927849,47.173477890245536],[-122.47197187438732,47.17012068811023],[-122.47250783657377,47.170122241498426],[-122.4722727997715,47.168115713035014],[-122.46748378438055,47.162517427268604],[-122.46810092796413,47.1597209944131],[-122.46827180283248,47.15412501630736],[-122.47281562012338,47.1541447813716],[-122.47280244080216,47.16020994716765],[-122.47444474135636,47.16021562605815],[-122.4744679114364,47.159580070837855],[-122.48016336449443,47.159589264487735],[-122.48014460195874,47.15557433092474],[-122.48874607784526,47.155600188285675],[-122.49539068275146,47.151704262912325],[-122.4970458804108,47.139568107341155],[-122.50968771191388,47.13904852576686],[-122.51499115530086,47.1411380072983],[-122.51895704668075,47.13944144860125],[-122.52049413565071,47.13909169194481],[-122.52275891778017,47.13806911175028],[-122.52480516778134,47.136573831913346],[-122.52724553317908,47.13572274232751],[-122.53824255972783,47.12936094077211],[-122.53948491209026,47.12817475690351]]]},"properties":{"name":"Lakewood","basis":"Heutige Stadtgrenze als geografische Referenz; keine Shadowrun-Bezirksgrenze","boundary_role":"reference-neighborhood","source":"Washington State City Boundaries","source_url":"https://services.arcgis.com/HfQs2ClqmipKpmFK/arcgis/rest/services/Cities/FeatureServer/0"}},{"type":"Feature","geometry":{"type":"MultiPolygon","coordinates":[[[[-122.3253123395847,47.80852825373762],[-122.32618020477503,47.808568476578245],[-122.32621721142603,47.80940951803348],[-122.32702388621681,47.80940158740988],[-122.32705719213631,47.80885188906231],[-122.32858747766365,47.80886907557524],[-122.3286260079093,47.80977685209327],[-122.32914750116326,47.80977836140751],[-122.32917659894099,47.81066288791055],[-122.33574791759634,47.810705684612905],[-122.33552416195543,47.81853592838243],[-122.3370879609547,47.81854157813278],[-122.33709636072298,47.82169041635007],[-122.33589062879798,47.82168263926475],[-122.33595026214039,47.82609749233959],[-122.33768493266544,47.82793291026125],[-122.33770972769946,47.83152794657418],[-122.33445293034201,47.83115879136449],[-122.33247741805066,47.83038111963085],[-122.33162643268095,47.83040669608932],[-122.3310055195233,47.83076058099192],[-122.32884076456043,47.8333561786359],[-122.32545094098832,47.83559992191218],[-122.3250012182789,47.83899296677215],[-122.32389905102423,47.8410382247217],[-122.32168002944606,47.84324101333556],[-122.32016176450718,47.843981561330956],[-122.31950642945873,47.8447589739083],[-122.3303457590149,47.84487818593229],[-122.33041332471929,47.84841155320435],[-122.32767305037818,47.84834750678751],[-122.32763814658215,47.84973531454795],[-122.32700321646858,47.84927474579946],[-122.32474507308012,47.84880727125069],[-122.32481613850919,47.85195645671134],[-122.32204778017345,47.851986003792085],[-122.32220045278129,47.85383221518883],[-122.31436651722487,47.85391195576864],[-122.31428248475913,47.85022143435299],[-122.30895405786941,47.8503112454056],[-122.30894669516368,47.84840205950579],[-122.29797608787723,47.848383387804795],[-122.29795110849095,47.84722954651182],[-122.29580074591257,47.847252739511696],[-122.29543913847576,47.84780075773713],[-122.29440077222007,47.847804595181806],[-122.29344407324469,47.85026173270212],[-122.29292139460892,47.85037379933402],[-122.29223510351564,47.84998205865828],[-122.29248481250205,47.8493084489355],[-122.28772336222615,47.85102338578899],[-122.28645464512857,47.850302052941146],[-122.28457055494921,47.8501994061843],[-122.28473874465475,47.84911765178922],[-122.2816987724374,47.84913407482265],[-122.28167849846004,47.8477609735393],[-122.28023518913093,47.84749497658196],[-122.27738551105887,47.84754981882947],[-122.27739030017659,47.84709752385189],[-122.27658470817053,47.84654166437895],[-122.27495933254133,47.8465384632828],[-122.27489763371895,47.8430810550682],[-122.27458225184994,47.843084776119134],[-122.27384494493067,47.84079215930647],[-122.27411552713023,47.83888461037859],[-122.2733635766482,47.837674565441695],[-122.27306001348796,47.836553614515424],[-122.27230103300394,47.83685068804144],[-122.272659534341,47.837535009366924],[-122.27221453394947,47.837726704142554],[-122.26426266898038,47.83213878866622],[-122.2643344529175,47.83098076418641],[-122.26520179574183,47.830309872756345],[-122.26688132752454,47.828226211243056],[-122.26839632387369,47.827306287194695],[-122.26836508168844,47.82263441744231],[-122.26703452181806,47.82260455759623],[-122.2670431159282,47.82131275014605],[-122.26560332541406,47.82127046574668],[-122.26560036300748,47.82087600523834],[-122.26251773064595,47.820795949458706],[-122.26249852315047,47.82007955209643],[-122.2619079927591,47.8200646740537],[-122.2618885319836,47.818847986422774],[-122.26305922540648,47.8188726334915],[-122.2630471141912,47.817971057836445],[-122.26581378963878,47.81802052025553],[-122.26583954354943,47.819837533186245],[-122.27091138113212,47.81996117648515],[-122.27086042472506,47.818956711323175],[-122.27200609682656,47.818966880672804],[-122.2721959719639,47.81842035034912],[-122.27254249902008,47.81842274708884],[-122.27243278776713,47.81698957064852],[-122.27110290422918,47.81698472112528],[-122.27109456732096,47.81651107179773],[-122.27199064627752,47.81650962912172],[-122.27199700895544,47.81496941871212],[-122.27484743607434,47.814985863863996],[-122.27486978188175,47.81723846850917],[-122.27595750889806,47.81724506683332],[-122.27631627060777,47.81756632972236],[-122.27813387181642,47.817440426962236],[-122.28059899414626,47.819280193131],[-122.28119061741668,47.819226355722016],[-122.28452490617127,47.817422964220164],[-122.28314484683837,47.81625062828746],[-122.28473979834651,47.81540141457055],[-122.28472172448605,47.81355422081531],[-122.29064664504281,47.81363235737254],[-122.2914928823082,47.813237797087154],[-122.2915593888319,47.81248034453374],[-122.29204509494932,47.81223240361243],[-122.29210606304629,47.81186239603257],[-122.29007107009731,47.81185115433819],[-122.29003221604948,47.810061123217594],[-122.28712462695097,47.81004162464339],[-122.28712286283886,47.8086770015343],[-122.29220906839608,47.80871270090484],[-122.2922040570339,47.80653840114784],[-122.30880224645688,47.80668023214621],[-122.31225620855855,47.80735170447891],[-122.31418606875025,47.80678017897015],[-122.31721180510672,47.80673436235957],[-122.32864369448627,47.80226505353053],[-122.32958987622177,47.80262024439227],[-122.3253123395847,47.80852825373762]]],[[[-122.33683849766247,47.845019656773935],[-122.3372448406182,47.84590611495067],[-122.33776995332242,47.84590650562907],[-122.33806874999267,47.84623496127614],[-122.33964710966958,47.846235116156436],[-122.3394511229768,47.84692106958121],[-122.33921852378111,47.84691956812441],[-122.33947993101293,47.84665904590446],[-122.3374502033062,47.846651819769946],[-122.33684713248232,47.84523496523616],[-122.33599673361971,47.84470697661954],[-122.33683849766247,47.845019656773935]]]]},"properties":{"name":"Lynnwood","basis":"Heutige Stadtgrenze als geografische Referenz; keine Shadowrun-Bezirksgrenze","boundary_role":"reference-neighborhood","source":"Washington State City Boundaries","source_url":"https://services.arcgis.com/HfQs2ClqmipKpmFK/arcgis/rest/services/Cities/FeatureServer/0"}},{"type":"Feature","geometry":{"type":"Polygon","coordinates":[[[-122.02472819619769,47.343629124496836],[-122.04318095773132,47.34364753586411],[-122.04311903358547,47.347159719821285],[-122.05137959421995,47.34719521980972],[-122.05390234573258,47.34778683146524],[-122.05389083790041,47.348222486259644],[-122.06096411474114,47.349843245152556],[-122.0609375011644,47.35441148071702],[-122.06615402442638,47.35440192530039],[-122.06613716267411,47.35783223981718],[-122.05931099962241,47.35783024641417],[-122.05921487539176,47.36441774938998],[-122.05896141624001,47.36473586340225],[-122.05923121054519,47.36487855611191],[-122.05920832950802,47.36641776853801],[-122.06076886773333,47.36604218082809],[-122.06155179610478,47.36488086744105],[-122.06232594725498,47.36432371645033],[-122.06256241278587,47.37268134921063],[-122.05917994760846,47.37266842416395],[-122.05911367982941,47.37622798022816],[-122.05294774663443,47.376106077861564],[-122.0520242692252,47.37686722929403],[-122.0509755360181,47.37685714244414],[-122.05121225308827,47.376980040466776],[-122.05119305420403,47.37831982076626],[-122.04955759635737,47.37829363055785],[-122.04942753238812,47.38041673247323],[-122.04830638056052,47.38041480009832],[-122.04829971746966,47.382452355990765],[-122.04933240490598,47.383411980375485],[-122.04999254797042,47.38486266708037],[-122.0500054077346,47.3859559526805],[-122.0496530587228,47.38691226910377],[-122.05848350962269,47.38698668900915],[-122.05761209427007,47.38722851478824],[-122.0516948625556,47.3911129829015],[-122.04759936133807,47.39275356359387],[-122.04554111367948,47.394244698145265],[-122.04486077245525,47.39432090385935],[-122.04417367686689,47.397341422769756],[-122.03929121110077,47.39410551406999],[-122.03846416567535,47.394452933493476],[-122.04157657819508,47.39633622296876],[-122.03714577473109,47.394306148218746],[-122.03714270454198,47.394923799432],[-122.03446558850784,47.39415763628335],[-122.03184757986111,47.39391340114864],[-122.03187177217558,47.38948936664139],[-122.02646323803131,47.386730562763645],[-122.02316537818102,47.38434449182781],[-122.02173816622384,47.38257114256594],[-122.0211409048869,47.38026920175382],[-122.01733173059667,47.37852443208972],[-122.02125452022823,47.37853955535869],[-122.02125107980503,47.37584008969771],[-122.01805479885525,47.37401120393575],[-122.01632247456952,47.37451609574185],[-122.01619411015605,47.358039771950146],[-122.01463222856678,47.35804474892063],[-122.01412341319958,47.35675672276513],[-122.01336218100768,47.35586764274256],[-122.01280040609525,47.3557290795705],[-122.0119944470744,47.356057646748596],[-122.00873811809406,47.35283138002706],[-122.00682825314719,47.3521384324092],[-122.00370810091442,47.35307477885227],[-122.00568932844035,47.354663557918784],[-122.00489177477962,47.35572195381645],[-122.00515352309938,47.356273577040525],[-122.00476521029424,47.356823050955505],[-122.00392003199414,47.357072473977645],[-122.00223395392815,47.35612708112967],[-121.99872597147919,47.35612728543181],[-121.99884139732936,47.354276977569434],[-121.99836807009386,47.351800308372525],[-122.00010180316157,47.3509621902195],[-122.00320706087342,47.35081116746358],[-122.00525613455305,47.34969967362933],[-122.00838863372837,47.351223930646704],[-122.0096454814743,47.351133740349304],[-122.01146445273356,47.351873388919124],[-122.01313355808368,47.35203276741897],[-122.01381243615053,47.35179552307616],[-122.01636919266458,47.35241679768903],[-122.01644816932601,47.343557885372434],[-122.02227266478138,47.343632454059275],[-122.0223751045377,47.342696447986555],[-122.02194669565321,47.34238592893033],[-122.02242934654299,47.34204218700823],[-122.02199804704979,47.341720026176986],[-122.02204673642504,47.3410888810883],[-122.02252863784527,47.34117890062987],[-122.02306415491965,47.340688887621084],[-122.02378286442416,47.340534250836136],[-122.02502472761151,47.34130734135431],[-122.0245800366795,47.34184694510393],[-122.02487606128307,47.34195633813185],[-122.02463711342018,47.34224430334945],[-122.02532709075241,47.34279455125326],[-122.02467873422633,47.34305632256155],[-122.02472819619769,47.343629124496836]]]},"properties":{"name":"Maple Valley","basis":"Heutige Stadtgrenze als geografische Referenz; keine Shadowrun-Bezirksgrenze","boundary_role":"reference-neighborhood","source":"Washington State City Boundaries","source_url":"https://services.arcgis.com/HfQs2ClqmipKpmFK/arcgis/rest/services/Cities/FeatureServer/0"}},{"type":"Feature","geometry":{"type":"Polygon","coordinates":[[[-122.11040219383901,48.02795673838386],[-122.1106183675515,48.02793926741932],[-122.10978908443465,48.02175008132004],[-122.12256452567694,48.021813729409715],[-122.12257026568486,48.02141755105312],[-122.12501234062131,48.02136485854402],[-122.12806063507827,48.020035245257766],[-122.13023555076097,48.019732962282355],[-122.1320093977092,48.02008515969179],[-122.13392999607072,48.021147048579344],[-122.13517302195845,48.02148563896311],[-122.14499616939112,48.02178820697413],[-122.14804892814496,48.02462387387889],[-122.14996675222436,48.02808247821345],[-122.15090633217538,48.029189255205644],[-122.15216525145681,48.029527448864506],[-122.1554826555311,48.02932377898128],[-122.1565872638656,48.029716433742095],[-122.15673780354705,48.03003879241266],[-122.15634286752349,48.03088171448092],[-122.1545806070468,48.03241376757133],[-122.15467050366757,48.033179700377204],[-122.15545120357304,48.03413048212769],[-122.1567884089171,48.03478742545027],[-122.16003223109219,48.0350829410182],[-122.16217147577726,48.03569322742022],[-122.1621723831376,48.0360123497823],[-122.16537590897262,48.03844414575254],[-122.1669348067953,48.039134122010736],[-122.16746728945238,48.03920951444464],[-122.17146696974832,48.03766974760313],[-122.17239681387805,48.037892542195564],[-122.17274648899921,48.03941286396877],[-122.17328750317706,48.03938283925282],[-122.17292702446971,48.035645806727935],[-122.18400673605592,48.035617196292876],[-122.18397938403857,48.04],[-122.11092643255884,48.04],[-122.11040219383901,48.02795673838386]]]},"properties":{"name":"Marysville","basis":"Heutige Stadtgrenze als geografische Referenz; keine Shadowrun-Bezirksgrenze","boundary_role":"reference-neighborhood","source":"Washington State City Boundaries","source_url":"https://services.arcgis.com/HfQs2ClqmipKpmFK/arcgis/rest/services/Cities/FeatureServer/0"}},{"type":"Feature","geometry":{"type":"Polygon","coordinates":[[[-122.2335798869033,47.639198911494866],[-122.23356275312786,47.63546818958574],[-122.2280880187872,47.635418325799556],[-122.22808042636785,47.62106322869514],[-122.22239144969215,47.62106063420096],[-122.22237814498449,47.62064299291599],[-122.22189898623843,47.62042859035592],[-122.22270804623598,47.61982738484118],[-122.22170058668283,47.6191843795967],[-122.22135741659089,47.61859252860718],[-122.22210090898918,47.61839175422994],[-122.22229544524926,47.61672990268165],[-122.22138962527207,47.61703540451754],[-122.22047144139782,47.61690317664351],[-122.22005959770522,47.61649788218191],[-122.22003549498126,47.615593340166136],[-122.2213212,47.6153313],[-122.2225604,47.6137415],[-122.2227468,47.6127556],[-122.22251536919421,47.61140889397501],[-122.22321037373072,47.60878800621277],[-122.22421994706158,47.60800027794566],[-122.22683527386107,47.60992047690747],[-122.2293124,47.6130938],[-122.23055669226535,47.61399365075106],[-122.2326418,47.6142968],[-122.2358873204831,47.61382204916443],[-122.2390618,47.6149486],[-122.24101279835433,47.6170728500746],[-122.24182715163077,47.61899683425196],[-122.2420556,47.620321],[-122.24268297737557,47.62101880093302],[-122.242291,47.6210788],[-122.2427249,47.6212431],[-122.2428534,47.6218672],[-122.2422774,47.6242099],[-122.24309020267111,47.62516037418662],[-122.2431708,47.6272414],[-122.2420999,47.6293333],[-122.2420202,47.6310998],[-122.2413823,47.6340756],[-122.2418571,47.6362783],[-122.2415672,47.6376371],[-122.2422492,47.6401054],[-122.2415185,47.6430044],[-122.2402728,47.6441686],[-122.24033645912975,47.64539079385895],[-122.24007392026294,47.645771133979224],[-122.2387106,47.6453994],[-122.236389,47.642562],[-122.2349522,47.6415364],[-122.2330546728949,47.63946096753865],[-122.2335798869033,47.639198911494866]]]},"properties":{"name":"Medina","basis":"Heutige Stadtgrenze als geografische Referenz; keine Shadowrun-Bezirksgrenze","boundary_role":"reference-neighborhood","source":"Washington State City Boundaries","source_url":"https://services.arcgis.com/HfQs2ClqmipKpmFK/arcgis/rest/services/Cities/FeatureServer/0"}},{"type":"Feature","geometry":{"type":"Polygon","coordinates":[[[-122.23294909118488,47.59391225241553],[-122.23079378394007,47.59380153261301],[-122.22865580998626,47.594628431710674],[-122.22810429842754,47.59537125660712],[-122.22710658028592,47.59521130367012],[-122.22627539286164,47.59468865810776],[-122.22468909590596,47.59232146326983],[-122.22386015974737,47.58871696153307],[-122.2239749950102,47.58803641100659],[-122.22476781295853,47.58713351422138],[-122.22461675519827,47.58659131833511],[-122.22242571129736,47.58610773397474],[-122.2210002948968,47.58524772314635],[-122.21848168452368,47.5852152158604],[-122.21534827896427,47.58271225778997],[-122.21220364934705,47.58239173166989],[-122.21107827941353,47.58155770666005],[-122.20583053259944,47.58058280808861],[-122.20405730825115,47.57885770192987],[-122.2020128639803,47.57812048301683],[-122.20133854526203,47.577290261837824],[-122.20194753291455,47.57575216022685],[-122.2031351418673,47.574628319084304],[-122.20316429841066,47.57342177736406],[-122.20420217205171,47.57101538052224],[-122.20677356379687,47.56985803586979],[-122.20730280715249,47.56932927465027],[-122.20798188419467,47.56753312038927],[-122.20731899610364,47.56591287441055],[-122.20921944859396,47.56402906995661],[-122.2095189650014,47.56317776248995],[-122.2095362737818,47.56244836833277],[-122.20903423963307,47.561573179408875],[-122.20932189469816,47.55692720148975],[-122.20849171207031,47.55557090909022],[-122.20946957002796,47.55457954301725],[-122.20975558729411,47.55316898057927],[-122.20965088388054,47.55151881881803],[-122.20990322320087,47.5508267735493],[-122.20911038982936,47.54743587324743],[-122.20920949511229,47.54509390167081],[-122.20880641837557,47.543543799368955],[-122.20942595472063,47.542329127970156],[-122.20910295148913,47.540690965047744],[-122.20956530239965,47.53911508374949],[-122.2115492868284,47.53677025110464],[-122.21333430411148,47.53394366776586],[-122.2155675939831,47.532326987613615],[-122.21674492605537,47.53110432280774],[-122.21798365969471,47.53038590840999],[-122.21914799545709,47.528669738868075],[-122.22362961497431,47.52624757870253],[-122.2241289121412,47.52519793060786],[-122.22484319952987,47.52462985838359],[-122.22602130465559,47.52435576487322],[-122.22752626082386,47.524420177649546],[-122.23457863827558,47.52844562064034],[-122.23712035266439,47.52944827082137],[-122.23896250110671,47.53084898462018],[-122.24114636396764,47.533235134985794],[-122.24277704409106,47.53449968507906],[-122.2433764439335,47.53537424467864],[-122.24423998171079,47.5375636514172],[-122.24402052075132,47.53825565038463],[-122.24133688436116,47.541673665606886],[-122.23880872830078,47.54209133645602],[-122.23820542933304,47.5424396196846],[-122.23760993023733,47.543566553309795],[-122.23711765987355,47.54611331122774],[-122.23554750816031,47.550107254136414],[-122.23462789300268,47.551208268200504],[-122.2331814781728,47.5522239786492],[-122.23311146765269,47.55413266245022],[-122.23122830824381,47.55600033264123],[-122.2310342035881,47.556829238988136],[-122.23125998254112,47.5583801102513],[-122.23094224583322,47.55898477703143],[-122.23119111742616,47.56286060005665],[-122.23285693238932,47.565962202009096],[-122.23304817773845,47.567282887545694],[-122.23386391733754,47.56872131797665],[-122.23794496287908,47.57126871416409],[-122.24226175726115,47.57467033515298],[-122.2444082854814,47.57558149036538],[-122.24679235835606,47.57833947302282],[-122.24897336371234,47.57943135002178],[-122.25010245663015,47.580577540899014],[-122.25099379144972,47.58064456983439],[-122.25204990909836,47.58118809948168],[-122.25376684626706,47.58543745634972],[-122.25457903133697,47.58838517758709],[-122.25409659879912,47.59025582848662],[-122.25401911106287,47.5922915415626],[-122.2536691221743,47.592916696590116],[-122.2524851704941,47.59307993889136],[-122.25124986303562,47.592899457315795],[-122.2502233525346,47.592323097896376],[-122.24922046220958,47.59244851947102],[-122.24809149072968,47.59292000449611],[-122.24650580084148,47.59466039070468],[-122.24634701821498,47.59576885370108],[-122.24531434709877,47.59615758031958],[-122.24169901982427,47.59566898088248],[-122.24011952702475,47.593418271451654],[-122.23764817349752,47.59248659205122],[-122.23542267022096,47.592639545662585],[-122.23294909118488,47.59391225241553]]]},"properties":{"name":"Mercer Island","basis":"Heutige Stadtgrenze als geografische Referenz; keine Shadowrun-Bezirksgrenze","boundary_role":"reference-neighborhood","source":"Washington State City Boundaries","source_url":"https://services.arcgis.com/HfQs2ClqmipKpmFK/arcgis/rest/services/Cities/FeatureServer/0"}},{"type":"Feature","geometry":{"type":"Polygon","coordinates":[[[-122.1668269350311,47.876908719832194],[-122.16903075376099,47.8759510533918],[-122.17508778403446,47.87153968515973],[-122.17574052742025,47.87045396602322],[-122.17609635066245,47.86853903124695],[-122.1794663743615,47.86358249119127],[-122.18038371699788,47.86339959826777],[-122.18147686352316,47.862086343865435],[-122.18633676909754,47.86058631712187],[-122.18734225009995,47.85784138376493],[-122.18717817522838,47.85619765086713],[-122.18814240534383,47.851526252915164],[-122.18802958181523,47.85039747898081],[-122.18718336616811,47.84885385879692],[-122.2042422014095,47.84942668046331],[-122.2042428242576,47.845924237538256],[-122.20707571246423,47.84600775291798],[-122.2071081985049,47.8440895574604],[-122.20772041195588,47.8440871045296],[-122.2077192987811,47.844479215603265],[-122.20878299613462,47.844474948440194],[-122.20878007632086,47.84550651033541],[-122.20939661450306,47.84583650439322],[-122.20889165614304,47.84602088150703],[-122.21076604459424,47.84703496738206],[-122.21319099562405,47.846821731351255],[-122.2132252037235,47.846002025470604],[-122.21579195430314,47.84600866866502],[-122.21480040893168,47.83923338383094],[-122.22306984321021,47.83922507197523],[-122.2231669915994,47.84734004431097],[-122.22263967501337,47.84733144773804],[-122.22267308411722,47.84920522261149],[-122.22431798909597,47.849218800786105],[-122.22434666397625,47.85296686448093],[-122.22749543405887,47.85296313344682],[-122.2275119676071,47.85454693774097],[-122.22487488638119,47.854567620567224],[-122.22487550186445,47.85546604940685],[-122.22752148982025,47.85545367368321],[-122.22753341565229,47.856598699593846],[-122.227836401382,47.856600193939805],[-122.2279117560373,47.86376514253035],[-122.22760360880905,47.86376257977174],[-122.2276141064975,47.86678469028254],[-122.2258981353955,47.86678032619871],[-122.22590940372568,47.86734162484632],[-122.2264375433876,47.86733876906246],[-122.2264372944744,47.867606154524935],[-122.22567034257767,47.867608355969956],[-122.22566571452997,47.86806568318138],[-122.22614292257725,47.86807678706512],[-122.2261971187181,47.871066283794605],[-122.22259116825889,47.87108394329138],[-122.22262616710282,47.87826843412248],[-122.21962443770306,47.87826277409518],[-122.21957033271201,47.87862321443792],[-122.2204788950156,47.879551160151266],[-122.22023646935081,47.88026449727659],[-122.2195370453129,47.880590279984204],[-122.21778132511147,47.879205186328115],[-122.21636649548552,47.878614856834005],[-122.16614934025849,47.87791118268836],[-122.1668269350311,47.876908719832194]]]},"properties":{"name":"Mill Creek","basis":"Heutige Stadtgrenze als geografische Referenz; keine Shadowrun-Bezirksgrenze","boundary_role":"reference-neighborhood","source":"Washington State City Boundaries","source_url":"https://services.arcgis.com/HfQs2ClqmipKpmFK/arcgis/rest/services/Cities/FeatureServer/0"}},{"type":"Feature","geometry":{"type":"Polygon","coordinates":[[[-122.32885831073254,47.238981683960034],[-122.32882298873872,47.24270799282974],[-122.32569311141604,47.2427466575682],[-122.32562718358295,47.246623855119054],[-122.32715518882367,47.24576692474226],[-122.33099704528212,47.24437821463001],[-122.33516963799866,47.24301577628814],[-122.3351753758633,47.24328170581445],[-122.32761865180295,47.24589050173341],[-122.32583642220087,47.24683523973051],[-122.32560931263355,47.24701639532817],[-122.32553865594089,47.25010101774853],[-122.32823549724912,47.25008756398606],[-122.32823641551745,47.249186176935176],[-122.33397522543862,47.249041947711774],[-122.3349497642111,47.24545072228273],[-122.3355308938965,47.24446777104384],[-122.33589608680876,47.24409018851721],[-122.33613921000752,47.24475237562615],[-122.33733289361473,47.24532720028037],[-122.33630276475995,47.246312762308825],[-122.33628489168709,47.25176537681238],[-122.33886899705553,47.251779248733435],[-122.33875803767326,47.25698632349162],[-122.34017466401824,47.257000626575],[-122.3401313954437,47.26462123990661],[-122.33696468497143,47.26458693727372],[-122.33503434630933,47.26325616612438],[-122.33509686493953,47.257352704642564],[-122.33180641931519,47.25733936707701],[-122.32994166432695,47.259786962696644],[-122.32909681238766,47.25921278887462],[-122.32833520064659,47.26008712029219],[-122.32864048601726,47.260269875804724],[-122.32654783885113,47.26231022188361],[-122.32621667992406,47.262180612790026],[-122.32378013186407,47.26442055788043],[-122.32255320170408,47.26452745652028],[-122.31677272922853,47.26448369758522],[-122.3168608404037,47.262683311141934],[-122.31420179587498,47.26265826080155],[-122.31431546824015,47.26092594799527],[-122.31230336880307,47.26091777439372],[-122.31113532381218,47.261818296482126],[-122.31009925754596,47.263347820404874],[-122.30856070346336,47.26394606472417],[-122.30332196454995,47.26290984340025],[-122.30332496915948,47.26269427494616],[-122.30188858333966,47.26212687964777],[-122.30119591752475,47.261353353975394],[-122.3002335466222,47.26098448561961],[-122.2981171781081,47.260963355169004],[-122.29813522161265,47.26253693355125],[-122.29642254132247,47.26019927773261],[-122.2928242335728,47.259614485566736],[-122.29306836706196,47.2586290718518],[-122.29118719651305,47.25719372993488],[-122.2948259431305,47.25719718873923],[-122.29397050330081,47.25383770489588],[-122.2942276179576,47.242681929737344],[-122.29642697354679,47.24268299075171],[-122.29641182493357,47.24357905522479],[-122.3004112622364,47.24359587128939],[-122.30045926153707,47.24270646987208],[-122.3070695074998,47.24275906621152],[-122.3070926646461,47.241009119981065],[-122.31256219942394,47.24107054060668],[-122.31257766231028,47.24069301856196],[-122.31391311609526,47.24071039021112],[-122.31393498884283,47.239171055224475],[-122.32411146228701,47.239036562685676],[-122.3244527436616,47.238502375089176],[-122.32510198803561,47.23886444727667],[-122.32500970001095,47.23906860376036],[-122.3256163751595,47.23906317671993],[-122.32564485400158,47.23833827753266],[-122.32646907148906,47.238334735108864],[-122.32647848057906,47.23780050012561],[-122.32766567337946,47.23895812205976],[-122.32885831073254,47.238981683960034]]]},"properties":{"name":"Milton","basis":"Heutige Stadtgrenze als geografische Referenz; keine Shadowrun-Bezirksgrenze","boundary_role":"reference-neighborhood","source":"Washington State City Boundaries","source_url":"https://services.arcgis.com/HfQs2ClqmipKpmFK/arcgis/rest/services/Cities/FeatureServer/0"}},{"type":"Feature","geometry":{"type":"Polygon","coordinates":[[[-121.9944301771644,47.882171055326744],[-121.99444597224985,47.88248060812502],[-121.99642192857344,47.88250881554169],[-121.9964066030115,47.88220849715052],[-121.99673173925561,47.88226711849375],[-121.99652784833292,47.88133437734146],[-121.99558392826374,47.88104099758062],[-121.99568895321904,47.87969915194383],[-121.99672704782336,47.879667126949016],[-121.99638196454853,47.87757086336223],[-121.9971661281582,47.8775840025194],[-121.99415808649668,47.876437493596214],[-121.99074996228168,47.875672830008014],[-121.99049037691758,47.87034799407604],[-122.00291298883819,47.87036411579542],[-121.99056435928027,47.86548743040213],[-121.99054519551449,47.865952989680885],[-121.98535013073881,47.86390902514859],[-121.98530837855635,47.86689244557142],[-121.98226998673027,47.86690530366118],[-121.98222848831918,47.87011536805594],[-121.98545756489139,47.870896238057455],[-121.9854531320446,47.87368409772809],[-121.98674668750552,47.87402183297473],[-121.98618893181052,47.875489324291856],[-121.98666631023325,47.87638606811453],[-121.98547686537272,47.87649446381079],[-121.98543217044877,47.87750909637252],[-121.96728570743488,47.87761902478294],[-121.96272350839037,47.86241169463454],[-121.96403733634976,47.86223538076761],[-121.96404267205827,47.86174484191661],[-121.96262330006074,47.860918417863395],[-121.96203568005522,47.86011893351742],[-121.95943891698373,47.8514630566124],[-121.96836257664646,47.84690781134161],[-121.97036920050566,47.84642438487262],[-121.97384222254226,47.84463732352486],[-121.97929626840845,47.84124005998863],[-121.97942849265911,47.84063373587794],[-121.98008053748026,47.83999180226683],[-121.9820577738226,47.83938801587808],[-121.98512677960638,47.839015156248884],[-121.98829655842698,47.839023837142996],[-121.99183970453173,47.83953905111429],[-121.99100211323685,47.84136207983137],[-121.99330303737314,47.84134910655397],[-121.99341629322235,47.83992267609553],[-121.99569570729238,47.84003073022946],[-121.99559235931987,47.84133615255124],[-122.00131124641618,47.84130358971763],[-122.00122961415207,47.837683233577685],[-122.01216752526872,47.83755741007306],[-122.01214258393202,47.8431255563701],[-122.01318177823445,47.84309182617912],[-122.01215720083724,47.8445041018101],[-122.01241192882722,47.87521049986688],[-122.01282783575743,47.88654301341736],[-122.01095128260084,47.88516468409884],[-121.99137638347725,47.88491255971003],[-121.99114333904171,47.882123084588216],[-121.9944301771644,47.882171055326744]],[[-121.98452952490008,47.85591178176852],[-121.98286118234064,47.8559227161177],[-121.98288824502636,47.857201210359214],[-121.98453456608271,47.857182403903685],[-121.98452952490008,47.85591178176852]]]},"properties":{"name":"Monroe","basis":"Heutige Stadtgrenze als geografische Referenz; keine Shadowrun-Bezirksgrenze","boundary_role":"reference-neighborhood","source":"Washington State City Boundaries","source_url":"https://services.arcgis.com/HfQs2ClqmipKpmFK/arcgis/rest/services/Cities/FeatureServer/0"}},{"type":"Feature","geometry":{"type":"Polygon","coordinates":[[[-122.31185021959294,47.80736790484668],[-122.30880224645688,47.80668023214621],[-122.2922040570339,47.80653840114784],[-122.29223347582973,47.808258647733815],[-122.28972521194143,47.80822735966242],[-122.28971169684884,47.80713452271351],[-122.2869987502424,47.807086660299625],[-122.28690547376212,47.803666931088635],[-122.28535941210632,47.80375124476263],[-122.28537500105219,47.80431858316905],[-122.2815980124345,47.80418568013348],[-122.28158358960084,47.8028114995797],[-122.2851249616182,47.80283898467336],[-122.28521494748973,47.80005655669851],[-122.28576049515686,47.800060455363734],[-122.28578047965915,47.79928665603704],[-122.28144055300783,47.79926609604266],[-122.28145787749848,47.79379206771171],[-122.28408829052408,47.79380393251285],[-122.28413520489995,47.79164591679723],[-122.28621560119569,47.79167465759557],[-122.28621291236038,47.79092238106686],[-122.28679084468413,47.79091523529583],[-122.2868601464147,47.7801308979011],[-122.28833227982695,47.78014089396958],[-122.2890236586644,47.779245911151854],[-122.28950379761346,47.77924965589441],[-122.28956283842017,47.77825320932389],[-122.28823664624568,47.77823083011754],[-122.28824371452023,47.77763403294822],[-122.28745654865808,47.77762166700496],[-122.28744491024773,47.77733939900826],[-122.3273796505383,47.77768388573858],[-122.32707735153625,47.77802822109233],[-122.32755341543046,47.77864679684347],[-122.33130705523541,47.782414053675666],[-122.33137379517875,47.78314638456039],[-122.33082186280093,47.783746893337984],[-122.3318327026236,47.78572906373936],[-122.33268618482577,47.786002910882196],[-122.33232814911683,47.7889481944244],[-122.33086017362037,47.792112868444306],[-122.32978931551153,47.79210049656344],[-122.32967040046798,47.792492392231956],[-122.33267500021843,47.79254232522399],[-122.33268651231553,47.79422028093427],[-122.33053709353862,47.79421085827954],[-122.33019327027735,47.79515580753991],[-122.33011790703496,47.79985564577122],[-122.33112780609649,47.79986360695696],[-122.32954973251599,47.80212760676188],[-122.32901082653542,47.802017522505444],[-122.3281333310448,47.80260912531593],[-122.31721180510672,47.80673436235957],[-122.3147997808392,47.806713549141485],[-122.31185021959294,47.80736790484668]]]},"properties":{"name":"Mountlake Terrace","basis":"Heutige Stadtgrenze als geografische Referenz; keine Shadowrun-Bezirksgrenze","boundary_role":"reference-neighborhood","source":"Washington State City Boundaries","source_url":"https://services.arcgis.com/HfQs2ClqmipKpmFK/arcgis/rest/services/Cities/FeatureServer/0"}},{"type":"Feature","geometry":{"type":"Polygon","coordinates":[[[-122.29105534404647,47.95208805673043],[-122.29104820932311,47.95049031056766],[-122.28829295176156,47.951145713656835],[-122.28628120500451,47.95052426106307],[-122.28569585625048,47.95080670443442],[-122.2856629711135,47.94952987821221],[-122.28176819695167,47.949519580534],[-122.28173513987755,47.947292056572934],[-122.28736288655045,47.94723210742821],[-122.2874334229611,47.94355916143464],[-122.29309300164469,47.94353201664468],[-122.29321920931724,47.92796330079729],[-122.29201772070523,47.92794070140054],[-122.29202771621277,47.92731499089537],[-122.2877404983074,47.92723920365998],[-122.28762725582507,47.924149053456645],[-122.28914058619682,47.92375912483621],[-122.29156653703816,47.92223837039041],[-122.29163931748812,47.91853138382172],[-122.29317734525956,47.91851561897392],[-122.29313667983746,47.9106558148549],[-122.29251245876627,47.90141903382763],[-122.28634668422602,47.89218734697743],[-122.28539057964028,47.8923630968488],[-122.28326668516266,47.88927835388059],[-122.27734197907964,47.88945229959255],[-122.27436645482634,47.89161833975832],[-122.273664810665,47.89118866854853],[-122.272675072527,47.891188332334366],[-122.27267350072547,47.88944118402865],[-122.27596569048717,47.889284207704485],[-122.27611502985829,47.88747925151219],[-122.27796668997154,47.88746109021958],[-122.2778122257349,47.885410828052386],[-122.27754773090564,47.88541342356983],[-122.27753881642474,47.88500225039049],[-122.27789324683624,47.884994263355146],[-122.27842865357306,47.883823139746916],[-122.28188077342062,47.88103916294402],[-122.28523910899318,47.87944000082349],[-122.29069194164624,47.87464222113905],[-122.29304096761057,47.87485324467152],[-122.29319825339196,47.87460150774177],[-122.29893780140225,47.87457955376314],[-122.29914876661648,47.878420544715624],[-122.30263445980549,47.87976746275789],[-122.30253642005685,47.880520126963674],[-122.30359754828099,47.88149073619471],[-122.3052926407342,47.88103090503284],[-122.30649982678374,47.8813152082208],[-122.30735860784563,47.88222922936722],[-122.30860027758374,47.88163387265925],[-122.3094241435489,47.882052665545174],[-122.31021516412802,47.881789269244926],[-122.31076065499569,47.880974074379715],[-122.31492834798074,47.88096205880922],[-122.31553476606344,47.87978432838456],[-122.31664292578601,47.87949033082484],[-122.31701373935785,47.880461058281874],[-122.31744080352946,47.880772307298926],[-122.31997162338898,47.88111058704453],[-122.31985671775507,47.88193460174442],[-122.31842734178562,47.88261662924543],[-122.3186436643092,47.8836026540518],[-122.31962302044492,47.88320865869092],[-122.31957705388753,47.88945000851739],[-122.319036825227,47.89014149939959],[-122.31767312094053,47.89067193646638],[-122.31754766004127,47.89111615053716],[-122.31885395410161,47.89191696396362],[-122.3190983140014,47.893441570027164],[-122.3276103913878,47.89327805873882],[-122.32728380565976,47.89543199954753],[-122.32775848941344,47.897734829189815],[-122.32621120737201,47.90086452364477],[-122.32648510031217,47.901278893894734],[-122.32558066491183,47.9028721099926],[-122.32537698005673,47.904608730810644],[-122.32465516666585,47.90512921394545],[-122.32336042248298,47.90683223750894],[-122.32157497923603,47.9106163147037],[-122.32152849548176,47.91127841107793],[-122.32217115579269,47.91273482977024],[-122.32163224160217,47.91370448579261],[-122.31877872769697,47.91652748147622],[-122.31843255756715,47.91698396918854],[-122.31856345297484,47.91727615352195],[-122.3173834968846,47.91782143490885],[-122.31641538092987,47.91867631581707],[-122.31231053546159,47.923485703776784],[-122.31049727631579,47.924851374896555],[-122.31013553660122,47.92558183130653],[-122.30950939852133,47.92767995994073],[-122.3096542254491,47.92836714275988],[-122.30932684840955,47.92933925184372],[-122.30961659827277,47.93040649313803],[-122.30933410664123,47.930913093072505],[-122.31071341991036,47.936720029315175],[-122.30978021667266,47.94117236955222],[-122.30797296799288,47.94505490894748],[-122.30843425908711,47.94611325533697],[-122.30829479765471,47.94645156857622],[-122.30648459129807,47.94889743677097],[-122.2993994289186,47.95002839238659],[-122.29522063520426,47.952873292243865],[-122.29469488770218,47.95270791390001],[-122.29823558035122,47.950239216972],[-122.29406921208822,47.95109371185265],[-122.29105534404647,47.95208805673043]]]},"properties":{"name":"Mukilteo","basis":"Heutige Stadtgrenze als geografische Referenz; keine Shadowrun-Bezirksgrenze","boundary_role":"reference-neighborhood","source":"Washington State City Boundaries","source_url":"https://services.arcgis.com/HfQs2ClqmipKpmFK/arcgis/rest/services/Cities/FeatureServer/0"}},{"type":"Feature","geometry":{"type":"Polygon","coordinates":[[[-122.18936090270459,47.52258366619024],[-122.19080484116711,47.52428064345832],[-122.19073537736644,47.53145444297945],[-122.1931387775169,47.53145901628018],[-122.19363967218735,47.532129708269885],[-122.1936052396475,47.53340891341209],[-122.19230081240927,47.5333799817865],[-122.19225257596722,47.53473959983337],[-122.19287405977508,47.53475157887017],[-122.19288156160196,47.5355249337026],[-122.19219125124191,47.53551981284191],[-122.19219676434588,47.53736072670147],[-122.19324058817318,47.53773295132235],[-122.19284834595959,47.53873927105094],[-122.19412624844306,47.53872961934397],[-122.19499946216146,47.541316608282216],[-122.1948258134163,47.54498853445915],[-122.19450353859831,47.54498638827199],[-122.19446553649014,47.545554566890694],[-122.19054065964781,47.545548063499645],[-122.19057185663839,47.542364365235116],[-122.18547957754733,47.5423049146917],[-122.18052956139245,47.54133041040096],[-122.17167819103796,47.54106387176373],[-122.17066259033143,47.54081091510195],[-122.1698670795864,47.540243955583975],[-122.16502400887751,47.540229609498105],[-122.16380892324689,47.543375718436074],[-122.16425693797096,47.54459928217345],[-122.16421880740675,47.545656302031965],[-122.15351138468027,47.5456495945878],[-122.15339548470457,47.542055056321225],[-122.14282040690303,47.5420106444549],[-122.1428761613868,47.53959213873479],[-122.13686763188554,47.538554858920115],[-122.13294168426256,47.536990187832274],[-122.13238354555652,47.53657376744736],[-122.13240123380376,47.53297843728014],[-122.12966880193584,47.53297243981514],[-122.1278007765504,47.529237192948756],[-122.1291633442232,47.527570471649604],[-122.14309425664199,47.52765186610158],[-122.14313800124403,47.523657494988655],[-122.1377750515082,47.52362137147879],[-122.13787676903085,47.51633992615578],[-122.14271145035806,47.51636677780991],[-122.14303767528894,47.51673334845403],[-122.14454999001926,47.51714378854655],[-122.15874471276165,47.5189354032119],[-122.15875889846437,47.51617635562053],[-122.15943208018759,47.51582662948013],[-122.16098663925705,47.516736072476384],[-122.16055652071896,47.51701779401663],[-122.16185840802962,47.51779336821208],[-122.16231128857928,47.51843195922518],[-122.16522628688784,47.51873555916245],[-122.17705456096823,47.51693728390917],[-122.18412713275191,47.51695261414117],[-122.18528116764485,47.518181527713146],[-122.18571116791203,47.51818094352593],[-122.18569327635132,47.52175084446495],[-122.18534732626028,47.52175006037617],[-122.18534594481608,47.5222528896219],[-122.18714806926704,47.52227050646256],[-122.18713192586118,47.52307601726259],[-122.18757338095763,47.523077044679084],[-122.18833274154251,47.522457797976074],[-122.18936090270459,47.52258366619024]]]},"properties":{"name":"Newcastle","basis":"Heutige Stadtgrenze als geografische Referenz; keine Shadowrun-Bezirksgrenze","boundary_role":"reference-neighborhood","source":"Washington State City Boundaries","source_url":"https://services.arcgis.com/HfQs2ClqmipKpmFK/arcgis/rest/services/Cities/FeatureServer/0"}},{"type":"Feature","geometry":{"type":"Polygon","coordinates":[[[-122.35541094482087,47.44524167317635],[-122.35538754361436,47.448822766159715],[-122.35628425520723,47.44829908623598],[-122.3563895718993,47.448809409123896],[-122.36083811332041,47.44885601643512],[-122.3616473149677,47.44967871598763],[-122.36206793247337,47.44968940932973],[-122.36224145667867,47.450139188477486],[-122.36124119289333,47.450524722078455],[-122.35820502364872,47.45076301038897],[-122.35822712983989,47.45247434499944],[-122.3393401913462,47.4524603643438],[-122.33931646560869,47.45604559793756],[-122.33659208588519,47.45603937483858],[-122.33662785978646,47.45788537872037],[-122.33376573561507,47.457870724008735],[-122.33375122488704,47.452526452078914],[-122.33410739449629,47.45252095915554],[-122.33397136514289,47.44518558018108],[-122.33366526226479,47.44518110269345],[-122.33550850090323,47.43101168651403],[-122.33495232005116,47.41610622939543],[-122.33419774902778,47.41192304678872],[-122.33291222744346,47.409925417485766],[-122.33244962305541,47.40860847790366],[-122.33133767551223,47.408173452454335],[-122.32892304553071,47.40860339297602],[-122.3264074201387,47.408383811205134],[-122.32668965098904,47.40683816511357],[-122.32742852061578,47.406845347485415],[-122.32743586049445,47.406393050273515],[-122.32808478344413,47.40638661329859],[-122.32813212938585,47.40541213454766],[-122.32893298220083,47.405403832342216],[-122.32891099906048,47.4043028354587],[-122.32998678479707,47.40429215167685],[-122.33046866841737,47.40482139252221],[-122.33125448994122,47.404496462718896],[-122.33291763697356,47.40673594572457],[-122.33592450254548,47.40903441410915],[-122.33856778101749,47.41061943037027],[-122.34552000192501,47.41404639833742],[-122.34817190015187,47.41598795646768],[-122.34961684154045,47.419417517497784],[-122.35071123198104,47.41940596453746],[-122.35179575934491,47.42339006687432],[-122.35077972521954,47.42342196853255],[-122.35043021288678,47.426135110185406],[-122.3519765924047,47.43289054179954],[-122.35272917917092,47.43475065397711],[-122.35386183466935,47.43636905320022],[-122.35401569395367,47.43701659150543],[-122.3535631996591,47.438120016559836],[-122.35398463674402,47.44075415375253],[-122.35541659124932,47.44222414145364],[-122.358676348706,47.44355578485353],[-122.35907284574246,47.44403303265674],[-122.36169407135911,47.44524805646916],[-122.35541094482087,47.44524167317635]]]},"properties":{"name":"Normandy Park","basis":"Heutige Stadtgrenze als geografische Referenz; keine Shadowrun-Bezirksgrenze","boundary_role":"reference-neighborhood","source":"Washington State City Boundaries","source_url":"https://services.arcgis.com/HfQs2ClqmipKpmFK/arcgis/rest/services/Cities/FeatureServer/0"}},{"type":"Feature","geometry":{"type":"Polygon","coordinates":[[[-122.21525123390094,47.10873724124772],[-122.2094398263181,47.10633611733076],[-122.20946047531214,47.107395401951734],[-122.20710244469113,47.10745377640967],[-122.20697462961716,47.10448939974878],[-122.20738026105573,47.10465328271442],[-122.20778716013633,47.10427037061948],[-122.20646309219215,47.10350982134615],[-122.20732402163969,47.10271811017557],[-122.2069382977566,47.10248390978558],[-122.20488705962532,47.104169282776056],[-122.20364976533854,47.10353672947166],[-122.20234455602363,47.103430410264316],[-122.20035079723907,47.1027335359441],[-122.19906207244254,47.101551450765214],[-122.19750813931648,47.10110213047534],[-122.19710560236676,47.10071691968454],[-122.19804785654988,47.10077789791476],[-122.19766117100883,47.10038157527254],[-122.19530153499223,47.09949657949581],[-122.19310275580865,47.09824211585831],[-122.19192158123214,47.09681730030237],[-122.19093533555204,47.0929777660786],[-122.19843347850801,47.08692876895111],[-122.19832121439397,47.074420281964755],[-122.21542345324828,47.074371060725866],[-122.21596040212056,47.07551095650285],[-122.21410432414041,47.07646427167455],[-122.2140017173374,47.087928241444864],[-122.21242492443814,47.0892261464181],[-122.2172700461342,47.094112864419735],[-122.21885172096344,47.095359499436434],[-122.22057018334841,47.10122079432903],[-122.22232167567849,47.10395399504245],[-122.2240182114808,47.10559548818388],[-122.22962046200973,47.10622694084543],[-122.23484006769137,47.108829877901016],[-122.23479998915886,47.11352384272495],[-122.22480530169851,47.113508752417516],[-122.2281059747775,47.11698947441381],[-122.22981503847528,47.11965635338935],[-122.22638573835454,47.119795845072666],[-122.22529148420644,47.121287181731226],[-122.22422785291032,47.12101670505885],[-122.22300968174522,47.120178967509304],[-122.21648248098934,47.10983876273951],[-122.21525123390094,47.10873724124772]]]},"properties":{"name":"Orting","basis":"Heutige Stadtgrenze als geografische Referenz; keine Shadowrun-Bezirksgrenze","boundary_role":"reference-neighborhood","source":"Washington State City Boundaries","source_url":"https://services.arcgis.com/HfQs2ClqmipKpmFK/arcgis/rest/services/Cities/FeatureServer/0"}},{"type":"Feature","geometry":{"type":"Polygon","coordinates":[[[-122.23051081642774,47.27203653607652],[-122.23028459418886,47.26826005250859],[-122.22868021821765,47.268262347053316],[-122.22873886432573,47.26684225755303],[-122.22965533293605,47.266274905100225],[-122.22967809498938,47.26673653624047],[-122.2303793376242,47.26673643783099],[-122.2300027797464,47.25779376456626],[-122.22920149919813,47.25779742963374],[-122.22919251538859,47.25734507507502],[-122.24468099406599,47.25730085832223],[-122.2448506365828,47.249965566524125],[-122.24605763309896,47.24998470238096],[-122.24602718977367,47.24305190471999],[-122.25559980998456,47.243046348808164],[-122.25688519265276,47.24679370997419],[-122.25809017724606,47.24886692460009],[-122.25879499118828,47.25083896407088],[-122.25938744209999,47.251002368016614],[-122.26031790566944,47.25412497554689],[-122.2624231805743,47.257256847783125],[-122.27198879782044,47.257220398163525],[-122.27148050820811,47.268193024970415],[-122.261761096716,47.268219117464],[-122.2603592622482,47.274304957904185],[-122.25646286237112,47.274285490230056],[-122.25207480682099,47.27314195495563],[-122.2468309126123,47.27323316204579],[-122.24687412662857,47.26815016687983],[-122.23942399869536,47.26819432942752],[-122.23936793405655,47.27180184871114],[-122.23051081642774,47.27203653607652]]]},"properties":{"name":"Pacific","basis":"Heutige Stadtgrenze als geografische Referenz; keine Shadowrun-Bezirksgrenze","boundary_role":"reference-neighborhood","source":"Washington State City Boundaries","source_url":"https://services.arcgis.com/HfQs2ClqmipKpmFK/arcgis/rest/services/Cities/FeatureServer/0"}},{"type":"Feature","geometry":{"type":"MultiPolygon","coordinates":[[[[-122.2933072305057,47.14942766782189],[-122.2944352977474,47.14945178990892],[-122.29440955500496,47.15104693253682],[-122.30413562480632,47.15112457734522],[-122.3041121269699,47.15293567271196],[-122.30547143149734,47.152936523213306],[-122.30546947102745,47.15352658443824],[-122.30682851479737,47.153677830012015],[-122.30683029713144,47.15399621939205],[-122.30791893183807,47.15400008375981],[-122.30792029783912,47.15474355100804],[-122.3152198714314,47.15477654144801],[-122.31520750651681,47.15896542373101],[-122.3284818348628,47.15860097998648],[-122.32865116765261,47.169729634664755],[-122.3309274083753,47.16965908651163],[-122.33101377008819,47.1761977657187],[-122.3282918827304,47.17620371862155],[-122.32828496799559,47.17526227374131],[-122.3257296757475,47.175271002185276],[-122.32577341937514,47.17633261094235],[-122.32808158668182,47.17978725181152],[-122.32795084969051,47.18041088072251],[-122.33321760829485,47.18039658913068],[-122.33357428442775,47.18194484387034],[-122.33273372999001,47.18254519632031],[-122.33627721810932,47.18248899798652],[-122.3363859249995,47.19160352187231],[-122.33607892039747,47.19160199552306],[-122.3324156145861,47.19558848896049],[-122.33144287127804,47.1952040518396],[-122.32893116956289,47.19583081087256],[-122.32774664154186,47.19526250152766],[-122.32715339061741,47.193706629791976],[-122.32575535991269,47.19549496041893],[-122.32649404630985,47.195862187347345],[-122.32647643624033,47.197942380987094],[-122.3357643388631,47.19951237220628],[-122.33574878743732,47.202641932799494],[-122.33657555016353,47.20264967639749],[-122.33652722814689,47.20392303018182],[-122.33787484223745,47.203943359055266],[-122.33789521942414,47.206195204998004],[-122.32857462033445,47.2062537594159],[-122.32864270140955,47.20284471953275],[-122.32619292450494,47.20285671855789],[-122.32622228725975,47.20465983160051],[-122.32313582766261,47.20448986084456],[-122.32312035169028,47.20553386523153],[-122.32167712821023,47.20552675751076],[-122.32167317420867,47.2073225012445],[-122.32044128375905,47.2070382448662],[-122.32052322440796,47.22060545533124],[-122.31619701085523,47.219092005355286],[-122.31526426362976,47.21888003495375],[-122.31510703819629,47.21908328511673],[-122.31472855246463,47.21876213548161],[-122.31235910621537,47.21815421813754],[-122.31246515965834,47.21785836637448],[-122.31155867439794,47.217497581700954],[-122.30474522955609,47.21560886939549],[-122.30474364048615,47.21518388201868],[-122.28842145129025,47.210685060297685],[-122.28692296675038,47.21000628974965],[-122.28692783916956,47.208374591334085],[-122.2864987832371,47.208361087371394],[-122.28646611975748,47.20563240794576],[-122.28526997945896,47.20593524198126],[-122.28518679198933,47.2034312475383],[-122.28912418724994,47.2042198497627],[-122.28933905321634,47.20118009939208],[-122.28695276755592,47.199743093811044],[-122.28645958668496,47.20015541157277],[-122.28571502737631,47.199741705012954],[-122.28725893515833,47.198139974865875],[-122.2861004570845,47.195198354846255],[-122.28291416229159,47.19319196779455],[-122.28089713560392,47.19300423138887],[-122.2796771046479,47.193308341519],[-122.27453094493012,47.19509080410825],[-122.27175744659242,47.19549301789146],[-122.26546541056666,47.19717319553061],[-122.2600263079601,47.19937879533086],[-122.25771805421616,47.19908178975249],[-122.25022429583026,47.19622556945107],[-122.25712929105097,47.19022718798373],[-122.25705429583691,47.18999765349605],[-122.2506251684034,47.19010870943002],[-122.25061809936685,47.188149949248405],[-122.24743574713918,47.188146513081904],[-122.2472916805727,47.18429538982149],[-122.25071167609589,47.184893625129625],[-122.25039136437418,47.1833493274779],[-122.24626281302369,47.18208372810203],[-122.24364314492063,47.18167315736002],[-122.24170628120383,47.18082576139717],[-122.2401909402719,47.180733579051484],[-122.24003478225941,47.17696160723407],[-122.23551183452913,47.17698018271098],[-122.23451234744778,47.173347987347164],[-122.23618494992792,47.17332272578722],[-122.23613605016115,47.16647453422697],[-122.23667347774737,47.16564421721449],[-122.23629915766097,47.164783259066205],[-122.23766921049058,47.16249773675306],[-122.24959958639214,47.16242160013091],[-122.24960071376213,47.16029700034471],[-122.25076522633748,47.160293635251826],[-122.25076616039647,47.160019214378245],[-122.25586906222708,47.16005734802263],[-122.25776392035668,47.1543376003025],[-122.26122705796412,47.1543393501595],[-122.26107448343838,47.149313032431415],[-122.2636868851379,47.14928826700807],[-122.26367941557241,47.15114080221983],[-122.26639399960656,47.15114589581919],[-122.26640812896851,47.15182147754503],[-122.26904786422337,47.15181497909813],[-122.2690435049913,47.1529657532221],[-122.27587993439833,47.152972195804416],[-122.27588213590688,47.15123082266185],[-122.28384321721062,47.15138622465005],[-122.28380052869915,47.14715958573337],[-122.29332387463525,47.14723935956216],[-122.2933072305057,47.14942766782189]]],[[[-122.28375522211857,47.208645823012695],[-122.2829507528032,47.208658219558885],[-122.28294347784428,47.20843893977571],[-122.28374794387938,47.208426543279096],[-122.28375522211857,47.208645823012695]]]]},"properties":{"name":"Puyallup","basis":"Heutige Stadtgrenze als geografische Referenz; keine Shadowrun-Bezirksgrenze","boundary_role":"reference-neighborhood","source":"Washington State City Boundaries","source_url":"https://services.arcgis.com/HfQs2ClqmipKpmFK/arcgis/rest/services/Cities/FeatureServer/0"}},{"type":"Feature","geometry":{"type":"MultiPolygon","coordinates":[[[[-122.1136507539462,47.65632917861026],[-122.11184660426684,47.654215334584464],[-122.10770949110993,47.65264395176523],[-122.1080366,47.6525419],[-122.1073132,47.6519036],[-122.1069716,47.6508227],[-122.1066215,47.6505268],[-122.1070253,47.6502687],[-122.1070182,47.6498992],[-122.1066356,47.6499028],[-122.106421,47.649422],[-122.1065644,47.6485155],[-122.105974,47.648157],[-122.1051112,47.646839],[-122.1047369,47.6455547],[-122.1012313,47.6434239],[-122.1017219,47.642573],[-122.1011911,47.6415765],[-122.0976915,47.6401822],[-122.0945628,47.6381721],[-122.0929191,47.6375449],[-122.09234,47.636759],[-122.0924626,47.6363539],[-122.0919549,47.6358447],[-122.0891438,47.6347787],[-122.0874087,47.6322353],[-122.086902,47.6305312],[-122.0872714450419,47.62754966313862],[-122.11122296067416,47.627592702661794],[-122.11098198805753,47.63859756155045],[-122.11058466493039,47.63860246964683],[-122.11062758286191,47.645981200970354],[-122.11392064932204,47.64596860220197],[-122.11415288584686,47.64519566840814],[-122.11494452716934,47.64430559897472],[-122.12166267229544,47.63896682323306],[-122.12198595402018,47.6392033860983],[-122.1280497230157,47.63556062842629],[-122.13234419621223,47.63545204856906],[-122.13240931622107,47.63348463004846],[-122.13273099013149,47.63347745208901],[-122.13273354815608,47.63258647162009],[-122.13412152125542,47.63162729766695],[-122.13472000623811,47.62968704517197],[-122.13615791903342,47.628432128204494],[-122.137696276954,47.62785948890138],[-122.14060956651296,47.627864099334914],[-122.14310528219046,47.627383081286894],[-122.14296487204781,47.64593563981962],[-122.14330151588771,47.65260657367946],[-122.14328487624606,47.66064563981134],[-122.15876693381173,47.66065769695582],[-122.15865705979208,47.665463195700454],[-122.16174248643668,47.66549512746787],[-122.16169932151004,47.666467206109814],[-122.16390934851614,47.666500836005156],[-122.163856859989,47.6826059252689],[-122.16485884725525,47.69014806036047],[-122.16423632012486,47.70790390725732],[-122.16308166291878,47.70789729596335],[-122.16304936460925,47.71133559302371],[-122.15808108003426,47.71157429101852],[-122.15380740263076,47.71124694686336],[-122.15349612688064,47.70784136112779],[-122.1427331054712,47.7076789888547],[-122.14286362771013,47.70397499519835],[-122.1335261872089,47.7039070075198],[-122.13435965932035,47.70608479146774],[-122.13441130257466,47.70710856588779],[-122.13430201067104,47.707607517235736],[-122.13215029379795,47.70758702194378],[-122.13220536461975,47.711417284916045],[-122.12263570910304,47.71097326749881],[-122.11854935314815,47.71144677415723],[-122.11631883986477,47.71205692587942],[-122.11634435625257,47.71054576578353],[-122.11498836628877,47.710512759575195],[-122.1149840657241,47.710276135615175],[-122.11376121260726,47.710458206416746],[-122.11379448984829,47.71097059945039],[-122.0994952272692,47.710847227905845],[-122.09961766219253,47.70387300013243],[-122.09269102818755,47.70349587360301],[-122.09269531632698,47.703156563860574],[-122.0911726082475,47.703035180838924],[-122.09061037441771,47.701818388134825],[-122.0908505659456,47.70183896876473],[-122.09088089825163,47.701346343515134],[-122.09047741393307,47.70134234920927],[-122.09053457389113,47.70068698918722],[-122.09089288351733,47.700417762529646],[-122.09052719245484,47.69952125715174],[-122.09268475498439,47.69963877324171],[-122.09299618544725,47.69651784251908],[-122.09249794802429,47.69256977745866],[-122.09165043135927,47.69105661869771],[-122.09159012365625,47.690041260588224],[-122.09054937218494,47.68984553278931],[-122.08992301154487,47.68906882961453],[-122.0883132058409,47.689484264918555],[-122.08829897113145,47.68709136900365],[-122.09002503703682,47.687085141879344],[-122.09002801270249,47.68578984776957],[-122.08687178439794,47.68577831491841],[-122.08688405067815,47.684245198022005],[-122.08431904403497,47.68423063243328],[-122.08429132540337,47.68469336525645],[-122.08127380182721,47.68468207077039],[-122.08135693371715,47.68349991953269],[-122.08011899092674,47.683523584852246],[-122.07961101179016,47.682611053031636],[-122.08423568522429,47.68256028775274],[-122.08413161830286,47.67849617430494],[-122.08177115619166,47.67847274685254],[-122.08173155719908,47.67526463358105],[-122.08730063284445,47.67641560048996],[-122.08730626618079,47.67597076181095],[-122.08183649301722,47.674849020038266],[-122.07938168501482,47.67487055475317],[-122.07936341735578,47.67309078533394],[-122.0821708148351,47.67289038709367],[-122.08228980515969,47.67125673468618],[-122.08171720740464,47.671259648904154],[-122.08125507023279,47.6689623665556],[-122.07917391232702,47.665462052829646],[-122.07913256399719,47.66430058935072],[-122.08026658162026,47.66374254959116],[-122.08414211429115,47.66300539540412],[-122.08584522905139,47.6620634348726],[-122.08738112734896,47.658411818336006],[-122.08718279443796,47.65764418719652],[-122.08645002680532,47.65745123866269],[-122.0864577127262,47.657081067132836],[-122.08776090481825,47.65716739616851],[-122.08868514734006,47.656819154741356],[-122.09031077281792,47.65440416355701],[-122.09168423062111,47.65349643292037],[-122.09275012315071,47.65477425330488],[-122.09255357913968,47.654985275702096],[-122.09439883354567,47.656345553308725],[-122.09640150969491,47.659660828013216],[-122.09797389949166,47.659637461542836],[-122.09798140498577,47.65928137925345],[-122.0999674819249,47.65928123163573],[-122.099968067761,47.66229891046547],[-122.10473583177156,47.662333467481886],[-122.10470273347883,47.66429991416213],[-122.11068489531927,47.664304124989705],[-122.11070633932754,47.667168199819415],[-122.12650683536287,47.66658139562359],[-122.12662224547624,47.663872282417984],[-122.12582270359165,47.66194713342795],[-122.1186371669665,47.655791616087],[-122.11515331813573,47.657249475790884],[-122.1136507539462,47.65632917861026]]],[[[-122.07906211119028,47.69972012191457],[-122.07916507881988,47.69368549516964],[-122.07940974911013,47.69290936869902],[-122.08005739574355,47.69217512342359],[-122.08453322647931,47.692155027304544],[-122.08428979356519,47.69972640397003],[-122.07906211119028,47.69972012191457]]],[[[-122.0346314231736,47.716652966718684],[-122.03528225018091,47.712299084227105],[-122.03601327206185,47.70167439788726],[-122.04672726542971,47.70190788946752],[-122.04644322579243,47.694538701121175],[-122.05740808657973,47.69475112051728],[-122.05743997454691,47.70205407619436],[-122.05640548133216,47.717026858214304],[-122.0346314231736,47.716652966718684]]]]},"properties":{"name":"Redmond","basis":"Heutige Stadtgrenze als geografische Referenz; keine Shadowrun-Bezirksgrenze","boundary_role":"reference-neighborhood","source":"Washington State City Boundaries","source_url":"https://services.arcgis.com/HfQs2ClqmipKpmFK/arcgis/rest/services/Cities/FeatureServer/0"}},{"type":"Feature","geometry":{"type":"MultiPolygon","coordinates":[[[[-122.19287405977508,47.53475157887017],[-122.19225257596722,47.53473959983337],[-122.19230081240927,47.5333799817865],[-122.1936052396475,47.53340891341209],[-122.19363967218735,47.532129708269885],[-122.1931387775169,47.53145901628018],[-122.19073537736644,47.53145444297945],[-122.19080484116711,47.52428064345832],[-122.1900762540151,47.52316719335913],[-122.18905918485807,47.522489306727906],[-122.18824149079141,47.52247940438482],[-122.18757338095763,47.523077044679084],[-122.18713192586118,47.52307601726259],[-122.18714806926704,47.52227050646256],[-122.18534594481608,47.5222528896219],[-122.18534732626028,47.52175006037617],[-122.18569327635132,47.52175084446495],[-122.18571116791203,47.51818094352593],[-122.18528116764485,47.518181527713146],[-122.18412713275191,47.51695261414117],[-122.17949898135221,47.51694544439555],[-122.17947562723734,47.515524208918116],[-122.17522132928465,47.5154855800586],[-122.17522486060835,47.51498708733743],[-122.17580622146558,47.51498759333114],[-122.17580826352403,47.514732132536565],[-122.17522668841171,47.51472474686504],[-122.17523417677712,47.513675577319006],[-122.17297356190436,47.51366044909615],[-122.17227931911609,47.51107564434224],[-122.1727575150953,47.51103257539441],[-122.17250470170863,47.51024376099729],[-122.17262501163727,47.5084609066914],[-122.17113396541613,47.508425760539645],[-122.17123337716289,47.508978649195804],[-122.17044931642748,47.50896613675004],[-122.17085182299141,47.510177043420796],[-122.16985018508215,47.51024643188114],[-122.16989280838709,47.51193494330256],[-122.17006619696062,47.51217412330606],[-122.17093377131485,47.51218510826499],[-122.17118652407736,47.51299323676831],[-122.16990860516808,47.51445186447264],[-122.16987912822405,47.51692850873728],[-122.16124209514388,47.51688587980541],[-122.15943208018759,47.51582662948013],[-122.15875889846437,47.51617635562053],[-122.15874471276165,47.5189354032119],[-122.14454999001926,47.51714378854655],[-122.14303767528894,47.51673334845403],[-122.14309408907357,47.51207508635099],[-122.14535353536017,47.51211278089257],[-122.14529000884556,47.50926192205546],[-122.1448965186687,47.50925462191543],[-122.14490307811715,47.508791496044495],[-122.14337425173026,47.50876384564631],[-122.14344573715756,47.50280599300192],[-122.14866980825725,47.5028783578456],[-122.14864998731873,47.50197085462721],[-122.14743589839965,47.501959129414146],[-122.147415387329,47.50105610846337],[-122.14315737394786,47.50102023709659],[-122.1430299632102,47.49561086387363],[-122.13520976953168,47.49546560252311],[-122.1350732260298,47.48844276460132],[-122.12460004341503,47.48826642409034],[-122.12452479088738,47.48627880569048],[-122.12992996460314,47.48640550795679],[-122.1299504207751,47.48728709623243],[-122.13111627440443,47.487311546489074],[-122.13108489489554,47.48554587169731],[-122.12991570337687,47.485524025963414],[-122.12990515696609,47.485083219790496],[-122.13224843279939,47.48512566585132],[-122.13224823064876,47.484592149345964],[-122.13458849862037,47.484619501242435],[-122.13459747056469,47.48418952609752],[-122.13525491097988,47.48419577929395],[-122.13523793681924,47.48462576178289],[-122.13753990267217,47.484652328763566],[-122.13754360996359,47.48335522811204],[-122.12986012849247,47.48323578578036],[-122.12988135038441,47.48428725994105],[-122.12651476976313,47.48412589113183],[-122.12649962091996,47.484578919620255],[-122.12184342434566,47.48459009958247],[-122.12114963814275,47.48448889017891],[-122.12112905265454,47.48405147954209],[-122.12031916654107,47.484020647174496],[-122.12029833756134,47.483566608956096],[-122.12191051168439,47.483612836274524],[-122.12186103260267,47.48272489293193],[-122.1269720587985,47.48268962814744],[-122.12691370087371,47.48109635713547],[-122.12458627426768,47.481059931430266],[-122.12460684593712,47.48196449202025],[-122.12167513897445,47.48190653832666],[-122.12152384674353,47.473658178325444],[-122.12484550081963,47.473625644003846],[-122.12521888613658,47.472639311628875],[-122.12484191642066,47.471017285808195],[-122.1269602644525,47.471043526961445],[-122.12708251656142,47.475122893708665],[-122.13237029372432,47.47515032715311],[-122.13240476284587,47.477431254191856],[-122.1362522976005,47.47746304689512],[-122.1362588571589,47.47791678140149],[-122.13769897782949,47.47792859850733],[-122.13760792853905,47.48113100671624],[-122.14945458985197,47.48114305080878],[-122.14946442748472,47.4795374930122],[-122.14892132863254,47.479404172125314],[-122.15360193001719,47.47944292628023],[-122.15362223689222,47.48118347619819],[-122.15646114218109,47.48120224039746],[-122.15647305348813,47.47991141090871],[-122.15608073124744,47.47925886096467],[-122.1564354653607,47.478962056430596],[-122.15641895323961,47.477641395490224],[-122.16416655811523,47.47771686703844],[-122.16416917307396,47.476360198521306],[-122.16152300684267,47.47633120309411],[-122.161519953052,47.474066729009614],[-122.15353867293913,47.4738894759828],[-122.15355752143769,47.471464053140544],[-122.15135105295586,47.470515803026395],[-122.15102617344887,47.46956975000188],[-122.14927958466971,47.46924917912841],[-122.14689358462866,47.470334175685366],[-122.14416572687468,47.47047318243904],[-122.14351572551134,47.470165560706064],[-122.14410963105668,47.46856653812145],[-122.14354590044763,47.46845204740069],[-122.14413655874316,47.46723877520355],[-122.1424589637273,47.466928379291055],[-122.14265317037983,47.46637415968649],[-122.12764741639549,47.46407277633328],[-122.1210136953394,47.46352940820103],[-122.12092715480699,47.461883252343284],[-122.12397084025264,47.462255003115274],[-122.12925139508204,47.46142286860767],[-122.13236782731255,47.46134816063288],[-122.13238763525614,47.459491656385666],[-122.1429384832937,47.45964655461324],[-122.14282919899135,47.46328660338963],[-122.14460240341344,47.46327984903446],[-122.14565922964985,47.46376495001596],[-122.14664468559786,47.4637367135392],[-122.14672348095705,47.463271706608964],[-122.14821957892337,47.46326485595],[-122.14818021504874,47.465412081026166],[-122.15017774908415,47.465194353168286],[-122.1508170582953,47.46600739915372],[-122.15166949263114,47.465890142690625],[-122.15198109405226,47.46662977582884],[-122.1518744857518,47.465662737048135],[-122.15432221870931,47.465583779532274],[-122.15047591837052,47.46365771421381],[-122.14743952062648,47.46277630825434],[-122.14654142451985,47.46164806265274],[-122.14647209631597,47.46074488914156],[-122.14715611583755,47.45962673609849],[-122.15111641092292,47.45960796455502],[-122.15113910138237,47.459038350176215],[-122.15377293384766,47.45904630198511],[-122.15374927491554,47.459596000109514],[-122.15638535192842,47.459597515352684],[-122.15544460418235,47.4604530641772],[-122.15464947818835,47.46303235787727],[-122.15484597249012,47.46324448837798],[-122.15676959261997,47.46324176919013],[-122.15891650038512,47.46541357383929],[-122.15890102527385,47.46705052725285],[-122.16014412991449,47.46685530871243],[-122.16020026935864,47.466555187470455],[-122.16082884479921,47.46676833357835],[-122.16186042682774,47.46598157716728],[-122.16312232680333,47.46571898695276],[-122.16428403015166,47.46600274686371],[-122.16431611120527,47.45787938575026],[-122.16336048210391,47.45755007242187],[-122.16264688262483,47.45665095256593],[-122.16354738628196,47.45590658543496],[-122.16974887936188,47.456000898415446],[-122.16976499031844,47.455576351919326],[-122.16453837681864,47.45551904787308],[-122.16460027808623,47.45183799975048],[-122.16354767202294,47.452032585558904],[-122.16323438358492,47.45188746721803],[-122.16335828677435,47.45161641448702],[-122.16149810705296,47.45137373129189],[-122.1613301034306,47.4516454120848],[-122.16040650983109,47.450312204676194],[-122.1605763719719,47.450100338474236],[-122.16033457418962,47.44941563084601],[-122.16160758568154,47.44921792448119],[-122.16150919045772,47.448890209347915],[-122.16181781154678,47.44888579846758],[-122.16192642860123,47.44954248766465],[-122.16267222824727,47.44941214368029],[-122.1626629332465,47.44911307656594],[-122.16222297304395,47.44914928704899],[-122.16203087260611,47.44657187232557],[-122.16710543807905,47.4454307684079],[-122.17014816948424,47.445864175801695],[-122.17021827928397,47.44104601736814],[-122.16902806101567,47.44106311229939],[-122.16695462470985,47.439626773784596],[-122.1700274332068,47.437757532735674],[-122.17218826002701,47.43775638730312],[-122.17374727559037,47.43402382954857],[-122.1737229547922,47.43324625024522],[-122.17451631683065,47.433234822897745],[-122.17416484803168,47.43045729093541],[-122.1756633423691,47.43043569567575],[-122.17580211710239,47.43064313770186],[-122.17713176074973,47.430444636526516],[-122.19737826435335,47.43046165939856],[-122.19739274358173,47.423195886782544],[-122.21787625490057,47.4232327624043],[-122.21787476354558,47.43007074391965],[-122.22012755922457,47.430076086999435],[-122.21817552527888,47.43770558307421],[-122.21747985292015,47.43883723438858],[-122.21551299489549,47.44093326606555],[-122.2409281163846,47.441072340311244],[-122.24024444530414,47.46261455395236],[-122.2405436653722,47.464338820225656],[-122.24232447152946,47.467051581189544],[-122.2511112315827,47.475180558422146],[-122.25447174325217,47.47897131154626],[-122.25346904846197,47.47899832392464],[-122.25376970318018,47.47940491819142],[-122.25364773210445,47.47967578414367],[-122.25242306144253,47.479421511130454],[-122.2496022902632,47.48014790200209],[-122.2456859362716,47.480353014130245],[-122.245511726855,47.4822350811149],[-122.24179252117997,47.481448513796],[-122.23710981830737,47.48142199875874],[-122.23358526830233,47.48047856741551],[-122.23332396112333,47.48078732319873],[-122.23240139206095,47.48062023473615],[-122.23144197442456,47.48289852366396],[-122.23312861961402,47.48422713637727],[-122.23324610415956,47.48656545031839],[-122.22723867235004,47.48648241185546],[-122.22723109055545,47.48691294248368],[-122.22571690592939,47.48713519374458],[-122.22571953511985,47.487895973171504],[-122.22724883357029,47.48790717333449],[-122.22721517099728,47.488302973293365],[-122.22530582390006,47.48829045647273],[-122.22530156047327,47.4888208363029],[-122.22634545494331,47.48882884408241],[-122.22635453421475,47.489275145501246],[-122.22725461725456,47.48928196115054],[-122.2272396275773,47.49096431323286],[-122.22278210608424,47.490930319330005],[-122.22282823482307,47.49332606832164],[-122.21979247832405,47.49334219699033],[-122.21983086147242,47.49435227700552],[-122.22021696801635,47.49434944495398],[-122.22023066080138,47.49486447668583],[-122.21981555300229,47.494875534322524],[-122.2199720263887,47.495442749187305],[-122.22214759924739,47.49548205847345],[-122.22215554811852,47.49578149036566],[-122.22262418667424,47.49578773592525],[-122.22260143250382,47.496836183310265],[-122.22150197451055,47.49714278154411],[-122.22122077765785,47.49774134438251],[-122.21991931854694,47.4977331601809],[-122.21961227385586,47.49795574445436],[-122.21997364945035,47.49816551691257],[-122.21953099055597,47.49830570520071],[-122.21937183668514,47.499302114601086],[-122.21864516541207,47.500071494974186],[-122.21930471446284,47.500556574249124],[-122.2141323,47.5006817],[-122.2134268,47.5003632],[-122.2120527,47.5005934],[-122.20807379252938,47.50288956784675],[-122.2068929,47.5031749],[-122.2063897,47.5028181],[-122.2045765,47.503961],[-122.2049376,47.5043245],[-122.2035507,47.5042761],[-122.202429,47.504832],[-122.2025084,47.5051345],[-122.2019497,47.5048722],[-122.2024281,47.505256],[-122.2020299,47.5057125],[-122.2022989,47.5058848],[-122.2020539,47.506146],[-122.2029987,47.5080345],[-122.2026489,47.5083204],[-122.2029118,47.5091698],[-122.2037441,47.5097788],[-122.203411,47.5109376],[-122.2041904,47.5119064],[-122.2044593,47.5127254],[-122.2049832,47.5134444],[-122.2058237,47.5137568],[-122.207935,47.515852],[-122.2105721,47.5176503],[-122.2116485,47.518918],[-122.2108726,47.5193124],[-122.2102404,47.5205283],[-122.2091362,47.5211423],[-122.208367,47.5219641],[-122.2072383,47.5247793],[-122.2044737,47.5275452],[-122.2052058,47.5276273],[-122.2051946,47.5280726],[-122.2055637,47.528316],[-122.2047706,47.5287767],[-122.2051286,47.5296717],[-122.2051473,47.5311294],[-122.2034094,47.5322684],[-122.2024172,47.5338802],[-122.2017495,47.5339982],[-122.2010662,47.5345829],[-122.2013432,47.5346216],[-122.2011868,47.5348735],[-122.2005032,47.5350695],[-122.2005585,47.535289],[-122.1989003,47.5363273],[-122.1979964,47.5372756],[-122.1971087,47.5377149],[-122.1963712,47.5375243],[-122.1968948,47.5379415],[-122.1963112,47.538011],[-122.1959764,47.5391004],[-122.19615046702924,47.5397471971648],[-122.19428956468224,47.53975966693625],[-122.19412624844306,47.53872961934397],[-122.19284834595959,47.53873927105094],[-122.19324058817318,47.53773295132235],[-122.19219676434588,47.53736072670147],[-122.19219125124191,47.53551981284191],[-122.19288156160196,47.5355249337026],[-122.19287405977508,47.53475157887017]],[[-122.14603560839205,47.506477883229245],[-122.14735058110226,47.506398612489114],[-122.14730735719952,47.50448599774546],[-122.14812062148667,47.50462620978299],[-122.14811527840536,47.50544132640763],[-122.14865208394862,47.50547597235494],[-122.14843423611909,47.5045147571849],[-122.1475072197734,47.50415533697324],[-122.14598720589701,47.504634917425925],[-122.14603560839205,47.506477883229245]]],[[[-122.20525847711814,47.50457626145994],[-122.2050123,47.5045491],[-122.20547776243389,47.50444488465574],[-122.20525847711814,47.50457626145994]]],[[[-122.23039097998559,47.48953316691142],[-122.23150828875916,47.48954828897379],[-122.23148423527638,47.49036505956552],[-122.23039406679077,47.49035030437752],[-122.23039097998559,47.48953316691142]]]]},"properties":{"name":"Renton","basis":"Heutige Stadtgrenze als geografische Referenz; keine Shadowrun-Bezirksgrenze","boundary_role":"reference-neighborhood","source":"Washington State City Boundaries","source_url":"https://services.arcgis.com/HfQs2ClqmipKpmFK/arcgis/rest/services/Cities/FeatureServer/0"}},{"type":"Feature","geometry":{"type":"Polygon","coordinates":[[[-122.5446081410662,46.99476767093364],[-122.53380578633497,46.991625836866206],[-122.5350034798771,46.98895075528141],[-122.53850394327651,46.98982400438952],[-122.53958416534415,46.988166162094274],[-122.54812396270268,46.98919932616637],[-122.54593247125727,46.996130687547335],[-122.5464063639067,46.99530076194983],[-122.5471448371211,46.99538509085743],[-122.54684765475947,46.9961290707983],[-122.54816829505803,46.99612651734691],[-122.54522882960391,47.00213578258781],[-122.54790652670042,47.00208285490485],[-122.55063196983454,47.00271737087495],[-122.55069208508922,47.001316122888795],[-122.54968990960077,47.00130963553439],[-122.54975385421322,46.99981947883228],[-122.55075588286668,46.99982902462574],[-122.55070384559671,47.00104198046326],[-122.55154485383979,47.001047367088],[-122.5515830108767,46.999836893770755],[-122.55267360915346,46.99984730223348],[-122.552589999949,47.001451720894224],[-122.55127192282137,47.00144320412044],[-122.55116140095829,47.00280534658915],[-122.55316010672426,47.00337477508482],[-122.54787211184608,47.0033407219633],[-122.54784497309,47.00465214289756],[-122.54702469168886,47.004450372730005],[-122.54653682140581,47.005297333457456],[-122.5454755152804,47.005374163681445],[-122.54531456572298,47.005637425785785],[-122.54554095982556,47.00568870772444],[-122.54453556068917,47.0076037755216],[-122.54242128324012,47.007049514150744],[-122.54325473342021,47.00546716017964],[-122.54155644204869,47.00516676514009],[-122.54193021548615,47.004560042589],[-122.54158372863358,47.00445486639658],[-122.54095379345563,47.00547729525317],[-122.54066065388999,47.00539923418446],[-122.54024763791473,47.00593204297887],[-122.53948124284685,47.00842876982751],[-122.53693594726073,47.0079060320343],[-122.53528849746178,47.00794476055088],[-122.53481550210572,47.00533868756381],[-122.53998113102102,47.00478460814504],[-122.53860482552315,47.00456411424878],[-122.54187402100175,46.998914341658256],[-122.5432098736676,46.99933405848951],[-122.54468761881,46.99615954744441],[-122.5446081410662,46.99476767093364]]]},"properties":{"name":"Roy","basis":"Heutige Stadtgrenze als geografische Referenz; keine Shadowrun-Bezirksgrenze","boundary_role":"reference-neighborhood","source":"Washington State City Boundaries","source_url":"https://services.arcgis.com/HfQs2ClqmipKpmFK/arcgis/rest/services/Cities/FeatureServer/0"}},{"type":"Feature","geometry":{"type":"Polygon","coordinates":[[[-122.50963918231159,47.301777168014034],[-122.5067834300347,47.30284787460764],[-122.50643137072512,47.302040461800615],[-122.50577007592466,47.30202427057219],[-122.50617876634296,47.30173667247354],[-122.50591497764275,47.30115146276033],[-122.50498751834427,47.30158461687388],[-122.50357830397509,47.300563884624886],[-122.50380686635411,47.30041753716538],[-122.50486445640823,47.30113166419396],[-122.50548863962037,47.30109476117032],[-122.50515361533868,47.300848988959906],[-122.50520227708473,47.29436429525885],[-122.51584927283096,47.294407165146055],[-122.5158376749203,47.30073881114653],[-122.51348580190216,47.30178408804348],[-122.50963918231159,47.301777168014034]]]},"properties":{"name":"Ruston","basis":"Heutige Stadtgrenze als geografische Referenz; keine Shadowrun-Bezirksgrenze","boundary_role":"reference-neighborhood","source":"Washington State City Boundaries","source_url":"https://services.arcgis.com/HfQs2ClqmipKpmFK/arcgis/rest/services/Cities/FeatureServer/0"}},{"type":"Feature","geometry":{"type":"MultiPolygon","coordinates":[[[[-122.00282878604028,47.59863888674396],[-122.00220791093506,47.597927513392804],[-121.99183283467234,47.59774412490345],[-121.99155120757555,47.60133918088053],[-121.97060693937058,47.60116959648445],[-121.9708036429684,47.59455168070652],[-121.970136017732,47.59456196462155],[-121.96987276473226,47.59252180437523],[-121.96922962161055,47.591721431744126],[-121.9686299241738,47.5901056607894],[-121.96663821042955,47.58817001021425],[-121.96457044780031,47.58757213827048],[-121.96518254093317,47.5872461479928],[-121.96562475262724,47.58655942734919],[-121.96523107716544,47.58455908739668],[-121.96714657363543,47.58441404089842],[-121.96739712024436,47.583602404306575],[-121.9682739623422,47.583667755669396],[-121.96858430128002,47.583320082032294],[-121.96803674495686,47.58256942384514],[-121.96936948251248,47.58210701078184],[-121.96924277428641,47.581605692918494],[-121.96875053762915,47.581497308158724],[-121.9684467113134,47.58105551513691],[-121.96848492968606,47.58039296792236],[-121.96890168406001,47.580152173370934],[-121.97356964602862,47.58020147629807],[-121.97349151018491,47.584167473523536],[-121.97643713269322,47.58392673397219],[-121.97632894720964,47.587505488907844],[-121.98164465996831,47.58757895843116],[-121.98189094749605,47.58162311588015],[-121.9851176748244,47.5792117817245],[-121.98889747778586,47.57407105688776],[-121.98962008269966,47.57282422509711],[-121.98988025427502,47.570907774933566],[-121.99030809982966,47.570053135050244],[-121.99346062892674,47.56825586563492],[-121.99615565249823,47.567507131367],[-121.99802127114181,47.566236883969346],[-122.00928571572875,47.56112917928919],[-122.01480600461828,47.558274590766956],[-122.01481050908208,47.5557345425877],[-122.01663759301842,47.554736133920706],[-122.01806831815338,47.55438987987707],[-122.01777354509541,47.55407844136593],[-122.01945813257268,47.55360924264646],[-122.02005490933853,47.555669105617504],[-122.02123195769516,47.55496953968696],[-122.02387489744324,47.55887356756439],[-122.03608699961353,47.558960228983715],[-122.03674694034859,47.55917777115596],[-122.04206086184706,47.55928791870893],[-122.04202080067613,47.561543820626675],[-122.04138428445361,47.56287850968053],[-122.03618008569379,47.56276517471192],[-122.03591561642095,47.57738306493814],[-122.04092889811203,47.57741802339058],[-122.04099375895278,47.573822220628536],[-122.0463089738621,47.57386265046704],[-122.04639498992276,47.56776340165407],[-122.05026843678144,47.57071032967529],[-122.05144808244243,47.57077724709084],[-122.05222950841795,47.570301312119895],[-122.05712993414035,47.570341289905215],[-122.05716577377824,47.56741017750695],[-122.0602836,47.5684747],[-122.0648907,47.5687591],[-122.0666453,47.5692355],[-122.068188,47.5704572],[-122.068638,47.571883],[-122.070816,47.573764],[-122.072216,47.574197],[-122.07468,47.576062],[-122.074926,47.576991],[-122.076923,47.580066],[-122.078677,47.580971],[-122.081279,47.58137],[-122.083187,47.582501],[-122.084416,47.584094],[-122.084814,47.586113],[-122.086842,47.587524],[-122.086444,47.588736],[-122.088435,47.591028],[-122.088373,47.591585],[-122.087421,47.591838],[-122.086659,47.592571],[-122.085285,47.595349],[-122.083584,47.596091],[-122.082357,47.597098],[-122.082044,47.598346],[-122.080875,47.599471],[-122.080792,47.599982],[-122.0818784,47.601163],[-122.081448,47.602337],[-122.079223,47.603416],[-122.078136,47.604964],[-122.075075,47.607334],[-122.07492,47.607908],[-122.069178,47.6129],[-122.069007,47.613456],[-122.0693014,47.6157196],[-122.0685165,47.6163814],[-122.0682942,47.6169343],[-122.06842,47.618248],[-122.0697248,47.6216443],[-122.071858,47.623944],[-122.071819,47.625312],[-122.070826,47.627076],[-122.071062,47.627789],[-122.070887,47.630244],[-122.071498,47.632768],[-122.073982,47.635811],[-122.078728,47.639601],[-122.0820108,47.6407319],[-122.0836716,47.6418328],[-122.0837821,47.6425447],[-122.082626,47.6420187],[-122.0822688,47.6421792],[-122.0823088,47.6425149],[-122.083118,47.6429624],[-122.0837159,47.6442652],[-122.0859013,47.6458632],[-122.0879245,47.648271],[-122.089483,47.649603],[-122.0913066,47.6530814],[-122.09185000224558,47.65348444981372],[-122.09031077281792,47.65440416355701],[-122.08868514734006,47.656819154741356],[-122.08776090481825,47.65716739616851],[-122.0864577127262,47.657081067132836],[-122.08645002680532,47.65745123866269],[-122.08405947950222,47.656991510277464],[-122.07995478520614,47.65365919167655],[-122.0790809442882,47.65350934707684],[-122.07906830198867,47.65309511486216],[-122.07876486424148,47.65306523408977],[-122.07865579649713,47.649420400429946],[-122.06622119978945,47.64937777711974],[-122.06663046146214,47.649937924814516],[-122.06632716657307,47.65002955487926],[-122.06654538321152,47.65053309652345],[-122.06541116237807,47.65036750973323],[-122.06484145827126,47.650775986079836],[-122.06431922479923,47.65002073952733],[-122.06459144115644,47.649372092950756],[-122.05572128761628,47.649340753698525],[-122.0563214484137,47.64498420274708],[-122.05492192244587,47.642053249949434],[-122.05170454644836,47.64206092665265],[-122.05170850723583,47.64091027748869],[-122.04979269595341,47.640914808479465],[-122.04765872515608,47.63842072328795],[-122.02063314386639,47.63850346827752],[-122.0206501437318,47.63949241301648],[-122.01931726631184,47.63934481397925],[-122.01930294597233,47.63851115857335],[-122.01398267461988,47.638541756843644],[-122.01395976790988,47.637946068429606],[-122.00856970816206,47.63762001303795],[-122.00847940283833,47.632793447002115],[-122.0077682983965,47.63274007591742],[-122.00768668339714,47.6331269326625],[-122.00711435803866,47.63307176420406],[-122.00610330159742,47.632229798811686],[-122.00629532906115,47.6313827259113],[-122.00726177685303,47.63119298428275],[-122.00741829570411,47.63080495734149],[-122.0029570127234,47.63049397035709],[-122.00294918028368,47.62699292273542],[-122.01359911427092,47.62771052511674],[-122.01380788949174,47.61305974764315],[-122.0025205718407,47.61302982591829],[-121.99737949028982,47.6125728651144],[-121.9974230593775,47.6133627154719],[-121.99182670381276,47.61293139464356],[-121.99170719081516,47.60790429968374],[-121.99496464895297,47.60795404907663],[-121.99494756505545,47.608772888798555],[-121.9970138579164,47.60891415673113],[-121.99699569581146,47.610005061660694],[-122.0006365190201,47.61025227767886],[-122.00236340924411,47.60923796525278],[-122.00462012056148,47.60887790869058],[-122.00543629975706,47.60659078961942],[-122.00390119222212,47.60506286749075],[-122.00296221397863,47.60357361092083],[-122.00381404062966,47.6034398572304],[-122.00396571881039,47.60281483469332],[-122.00353769867704,47.60265117893298],[-122.00352879823203,47.60096127328848],[-122.00396138523342,47.60095875035031],[-122.00279590082091,47.59921855703598],[-122.00282878604028,47.59863888674396]]],[[[-122.10387234041731,47.65261539299562],[-122.1040108,47.6525495],[-122.1042850638001,47.65258555852709],[-122.10387234041731,47.65261539299562]]]]},"properties":{"name":"Sammamish","basis":"Heutige Stadtgrenze als geografische Referenz; keine Shadowrun-Bezirksgrenze","boundary_role":"reference-neighborhood","source":"Washington State City Boundaries","source_url":"https://services.arcgis.com/HfQs2ClqmipKpmFK/arcgis/rest/services/Cities/FeatureServer/0"}},{"type":"Feature","geometry":{"type":"Polygon","coordinates":[[[-122.28277890830987,47.400899389071164],[-122.28273080580126,47.39733070160778],[-122.28382336881114,47.3964585687722],[-122.28659215432637,47.396441962808424],[-122.28660389580038,47.39587822629268],[-122.2917850361158,47.3963065705891],[-122.29269199999571,47.40259387780367],[-122.29286969880027,47.405487985945],[-122.2926005660311,47.40838183128335],[-122.29846984956384,47.408403726211695],[-122.29798483778845,47.41198559844703],[-122.30219454712108,47.41200110787718],[-122.30218868437736,47.41561947150892],[-122.32061757202105,47.41605009661583],[-122.32057381314603,47.421948181318044],[-122.31939245426133,47.42580933153154],[-122.3186136590256,47.42746154543869],[-122.31856215661365,47.42824563153335],[-122.32518308075602,47.428262462855145],[-122.32522914559756,47.431173226618135],[-122.32444797397953,47.439792973612654],[-122.32262283587362,47.43880232970892],[-122.32089576205632,47.44280012937977],[-122.3216806325814,47.44555786696127],[-122.32332859199127,47.449411810663825],[-122.32635002759973,47.45427445261574],[-122.32520096311507,47.458187314222116],[-122.32377989895163,47.46041281671868],[-122.32362887517043,47.465808812092625],[-122.32284603680337,47.46686360590183],[-122.31585410374724,47.47356099243917],[-122.31366587948864,47.48492251331067],[-122.31174393390937,47.48887509589416],[-122.29714505953281,47.4890570801788],[-122.29590626999459,47.48622687005285],[-122.29410153390805,47.47979020552194],[-122.28969221495288,47.4727304500555],[-122.288580317568,47.46718238811107],[-122.2877325848289,47.46720798298173],[-122.29132351377727,47.46002506828459],[-122.28097952324185,47.45997556560753],[-122.28082154259532,47.45624894205257],[-122.27167109667712,47.45622490910667],[-122.27166948034045,47.45471597372109],[-122.27094276009439,47.454717061135554],[-122.27094989512227,47.454386511219475],[-122.26828375361849,47.454405991746334],[-122.26824501877485,47.45228234239916],[-122.26966864389685,47.45226594394743],[-122.26966557688725,47.45199009643929],[-122.26794983751628,47.451728531447685],[-122.26796868514812,47.45136909667824],[-122.26704783357773,47.45138805986909],[-122.26750893761772,47.44911101359065],[-122.26890096332949,47.44911338084321],[-122.26889726537033,47.447833118773765],[-122.26463834757266,47.44779128229751],[-122.26559312240464,47.44518022421161],[-122.26665299281728,47.445193381817],[-122.26689054256609,47.443754932812446],[-122.26497662592745,47.44314114936252],[-122.26517848566785,47.43845188994631],[-122.27052993905147,47.43503127443556],[-122.27052066954708,47.433164959654725],[-122.26982861132717,47.433156302304944],[-122.27003367103092,47.43125424304936],[-122.27131595193033,47.430298929306346],[-122.27251571538386,47.42989834089322],[-122.28437817653717,47.422101555801305],[-122.28416959393225,47.42198348882512],[-122.28412882847907,47.419698709057485],[-122.2806644687814,47.41969322261117],[-122.28208433860897,47.417958719966585],[-122.28264206775776,47.41601765214827],[-122.28237955853717,47.41441366878385],[-122.28125846080768,47.412786485529466],[-122.28183351026857,47.4105277335227],[-122.28178744670042,47.4084802852791],[-122.28348715920177,47.40725286487805],[-122.28467955532271,47.408062186985305],[-122.28640510472341,47.408050552859834],[-122.28641455719374,47.40379395542049],[-122.28851308133859,47.40378538787563],[-122.28818016349221,47.40195506409399],[-122.28996502846779,47.4019610525525],[-122.28998230710185,47.401145520524565],[-122.28939478068877,47.40088673400829],[-122.28277890830987,47.400899389071164]]]},"properties":{"name":"SeaTac","basis":"Heutige Stadtgrenze als geografische Referenz; keine Shadowrun-Bezirksgrenze","boundary_role":"reference-neighborhood","source":"Washington State City Boundaries","source_url":"https://services.arcgis.com/HfQs2ClqmipKpmFK/arcgis/rest/services/Cities/FeatureServer/0"}},{"type":"Feature","geometry":{"type":"MultiPolygon","coordinates":[[[[-122.45442203918618,47.57822937212244],[-122.45384790506654,47.58016817784775],[-122.45260547094901,47.58344816729427],[-122.45442203918618,47.57822937212244]]],[[[-122.45260547094901,47.58344816729427],[-122.4477811916959,47.592771560859305],[-122.44806124963009,47.591862518687144],[-122.45260547094901,47.58344816729427]]],[[[-122.4472357898296,47.59454188491261],[-122.4456708940744,47.608429881249805],[-122.44718121973939,47.59471901438223],[-122.4472357898296,47.59454188491261]]],[[[-122.2454973121774,47.5038827292548],[-122.24563972524044,47.503080830781364],[-122.24802837610939,47.503083062043004],[-122.24795319526285,47.50636893018704],[-122.2487821274951,47.506365998895156],[-122.24882667855533,47.50300442253922],[-122.2408147162121,47.50290555681461],[-122.24086419822937,47.49924876136291],[-122.24962018060073,47.499345952758745],[-122.25083271950646,47.502907614750754],[-122.25953641281514,47.502557164365],[-122.25961299488345,47.495615374604384],[-122.27027365136395,47.49554889173201],[-122.27031085054287,47.50028423713434],[-122.27068782344476,47.5003522245495],[-122.27089338285786,47.50163105629165],[-122.27036334254234,47.501503961700166],[-122.27021758991737,47.50968701877345],[-122.2756693744463,47.50987069699143],[-122.27575408945268,47.50734691763459],[-122.27703766037523,47.507994014038026],[-122.27810637996154,47.508171839452345],[-122.27807285536205,47.509896799193726],[-122.2913415371585,47.51017392524219],[-122.29138076116433,47.5244700813984],[-122.30056336171833,47.52446093820942],[-122.30010087474543,47.525008471871566],[-122.29975845590812,47.52626473447457],[-122.29990324660122,47.52709754493446],[-122.30092883391582,47.5290412753058],[-122.30508855815357,47.531058831584254],[-122.30518515310507,47.53168564909721],[-122.31827720604672,47.53179917911253],[-122.31825800055879,47.5294625381192],[-122.31741401541704,47.52944715113706],[-122.31743620032864,47.52824001010393],[-122.31150197964247,47.52641875281594],[-122.30971583727347,47.52430639433967],[-122.30968683740346,47.52211630005982],[-122.31751588461688,47.522166189017796],[-122.31742017400005,47.51873859108364],[-122.32581828810729,47.51874685803905],[-122.32585204979739,47.520832503939054],[-122.33073911392337,47.52083209981409],[-122.32980183970831,47.5195943197174],[-122.32908429509595,47.51719989753176],[-122.32725874642618,47.51411809672376],[-122.33015239152594,47.514092362549306],[-122.33112345554234,47.515428320768194],[-122.33396115209123,47.51461528256787],[-122.33425551289255,47.51414168281452],[-122.3371307302923,47.51414467491892],[-122.33716016754583,47.5173267005422],[-122.3584248264415,47.517407132737276],[-122.35839163127675,47.51556755755044],[-122.3603812110624,47.5155685078022],[-122.36043632443118,47.517407133169556],[-122.37110611574289,47.51746046983269],[-122.3702559310866,47.50595447976477],[-122.37033544446258,47.50401085331753],[-122.37066730873218,47.50315514602806],[-122.37360639969214,47.50045351630477],[-122.37481703569647,47.4972645600582],[-122.38212664675574,47.49362005973279],[-122.38,47.5],[-122.41,47.53],[-122.4,47.58],[-122.43,47.63],[-122.41,47.7],[-122.39609733349127,47.734756666271835],[-122.35594473668424,47.73412076543835],[-122.33408556778994,47.7342377213362],[-122.28412331606717,47.73361808174337],[-122.2839659,47.7331675],[-122.2813105,47.7312057],[-122.2820547,47.729538],[-122.2803663,47.7266102],[-122.2800144,47.7252476],[-122.2808198,47.7230477],[-122.2810905,47.7229882],[-122.280847,47.7229265],[-122.2807805,47.7208666],[-122.280487,47.7200745],[-122.2788534,47.7191537],[-122.27724,47.714797],[-122.2764782,47.7123591],[-122.2763839,47.7108317],[-122.2748457,47.7069351],[-122.2748801,47.7052326],[-122.2730829,47.7017107],[-122.272515,47.699381],[-122.2726823,47.6968954],[-122.2713463,47.6951325],[-122.271736,47.6949605],[-122.2716321,47.6940948],[-122.2680496,47.6920786],[-122.2676376,47.6917088],[-122.2673592,47.6907885],[-122.2664506,47.6898906],[-122.2645421,47.6891321],[-122.2629725,47.6877204],[-122.2593827,47.6875729],[-122.2557693,47.6881385],[-122.2552458,47.687767],[-122.2486606,47.6857394],[-122.2466782,47.6842315],[-122.2456864,47.682934],[-122.2459752,47.6809284],[-122.2473815,47.6798827],[-122.2477347,47.678945],[-122.2483401,47.6785716],[-122.2493456,47.6771181],[-122.2498586,47.6769461],[-122.2498691,47.6757311],[-122.250515,47.6744189],[-122.2518596,47.6735438],[-122.251839,47.6729463],[-122.2522424,47.6721892],[-122.2556526,47.669809],[-122.2565683,47.6689698],[-122.2563794,47.6688542],[-122.2606509,47.6663917],[-122.266214,47.6649632],[-122.2673126,47.6643876],[-122.2672016,47.6633426],[-122.2675878,47.6607991],[-122.2686118,47.6580981],[-122.2696907,47.6569142],[-122.2721981,47.6556585],[-122.2737036,47.6541101],[-122.2763214,47.6524912],[-122.2764931,47.652046],[-122.2762441,47.6512192],[-122.2753484,47.650491],[-122.2751884,47.6494107],[-122.2754288,47.6487076],[-122.27633,47.6480911],[-122.2774973,47.6480796],[-122.2784157,47.6486867],[-122.278347,47.6493863],[-122.2789993,47.6500917],[-122.2791127,47.6507173],[-122.2811022,47.6519998],[-122.2813518,47.6528314],[-122.2809305,47.653318],[-122.2822952,47.6537979],[-122.2836032,47.654831],[-122.2865858,47.6548409],[-122.2869227,47.6560299],[-122.2875402,47.6563412],[-122.2874664,47.6568974],[-122.2884125,47.6569068],[-122.2887574,47.6563034],[-122.2879655,47.6560673],[-122.2880212,47.6556752],[-122.2904493,47.6550259],[-122.290456,47.6544904],[-122.2908326,47.6540368],[-122.2914795,47.6544445],[-122.2914816,47.6541433],[-122.2937589,47.6537868],[-122.2955159,47.6539961],[-122.2961609,47.6537357],[-122.2963831,47.6539879],[-122.2956313,47.6543837],[-122.2970184,47.6547141],[-122.2964992,47.6567336],[-122.2967274,47.6571041],[-122.2964055,47.6579334],[-122.2965358,47.6583358],[-122.295817,47.6588289],[-122.296632,47.6583572],[-122.2968591,47.6571187],[-122.2966361,47.6567028],[-122.297353,47.6545751],[-122.2977455,47.6538854],[-122.2986205,47.6536638],[-122.2979113,47.6533438],[-122.299373,47.6531542],[-122.2995601,47.6525521],[-122.2978911,47.6519002],[-122.2977789,47.6513999],[-122.2981457,47.6509218],[-122.2979572,47.6507595],[-122.298646,47.6505894],[-122.2991523,47.6488263],[-122.2997107,47.6482214],[-122.2996255,47.6476472],[-122.3007185,47.6467933],[-122.2994802,47.6459739],[-122.2988111,47.6449591],[-122.2974223,47.6444236],[-122.2973944,47.6441029],[-122.2984925,47.6440313],[-122.2975395,47.6433187],[-122.2961918,47.6435059],[-122.2962426,47.6438573],[-122.2958095,47.644082],[-122.2961194,47.6441255],[-122.2960975,47.644668],[-122.2957946,47.6449033],[-122.2947656,47.6448142],[-122.2948508,47.6438252],[-122.2945606,47.6431053],[-122.295767,47.6426182],[-122.2963084,47.6420716],[-122.2961491,47.6416267],[-122.2956768,47.6418719],[-122.2955396,47.6424403],[-122.2951913,47.6426094],[-122.2941574,47.6420847],[-122.2940776,47.6413128],[-122.2921159,47.6420809],[-122.2904849,47.6420358],[-122.289633,47.6425864],[-122.2891603,47.6424307],[-122.2891769,47.6428022],[-122.2889107,47.6425262],[-122.288557,47.6430423],[-122.2882921,47.6429717],[-122.2882931,47.6426443],[-122.2879292,47.6427456],[-122.2882439,47.6428023],[-122.2881701,47.6430321],[-122.2874802,47.643163],[-122.287505,47.6437264],[-122.2870605,47.6440102],[-122.2874348,47.6441417],[-122.2859851,47.6442305],[-122.2853818,47.6438992],[-122.2852198,47.6434601],[-122.2858398,47.642887],[-122.2857244,47.6425518],[-122.2853504,47.6427731],[-122.283302,47.6427213],[-122.2821213,47.6423164],[-122.2816585,47.642339],[-122.2813623,47.6427052],[-122.2779909,47.642764],[-122.277107,47.641968],[-122.2770163,47.6414652],[-122.2763095,47.6412113],[-122.276373,47.640168],[-122.2752928,47.6399861],[-122.2752885,47.6397847],[-122.2765575,47.6397573],[-122.276587,47.6384242],[-122.2761323,47.6384193],[-122.2765056,47.6354213],[-122.2760194,47.6338285],[-122.2770093,47.6307141],[-122.2784119,47.6296872],[-122.2788086,47.6290115],[-122.2783678,47.6289558],[-122.2783667,47.62864],[-122.2789348,47.6286445],[-122.2790451,47.6279223],[-122.2816943,47.6259392],[-122.2826673,47.6242636],[-122.2824877,47.6227155],[-122.2806688,47.6215794],[-122.2804493,47.6210345],[-122.2796501,47.6205504],[-122.2799518,47.6204851],[-122.2802965,47.6185405],[-122.2799057,47.6173947],[-122.2805686,47.6157485],[-122.2804939,47.6152844],[-122.2809507,47.6151525],[-122.2812885,47.6144977],[-122.2810427,47.6129548],[-122.2813119,47.611991],[-122.2819473,47.6114403],[-122.2819984,47.6099426],[-122.2827997,47.6082579],[-122.2831661,47.6045111],[-122.284568,47.6018625],[-122.2845042,47.6014025],[-122.2849433,47.6013844],[-122.2853275,47.6001386],[-122.2851537,47.5999582],[-122.286245,47.5984656],[-122.2862873,47.5968754],[-122.2866433,47.596368],[-122.2865186,47.5958206],[-122.286844,47.595613],[-122.2872623,47.5928722],[-122.2866062,47.591591],[-122.2861807,47.5913931],[-122.2863186,47.5910263],[-122.2856255,47.5900733],[-122.2851244,47.5886822],[-122.2858117,47.5869173],[-122.2857569,47.5862028],[-122.2875023,47.5845791],[-122.2873847,47.5833368],[-122.2849548,47.5816102],[-122.2840119,47.5802606],[-122.2820334,47.5758362],[-122.2809058,47.5744794],[-122.2804475,47.5734731],[-122.2805186,47.5721369],[-122.2797921,47.5708143],[-122.2789565,47.5703012],[-122.2780381,47.5703823],[-122.2774429,47.5716812],[-122.2771643,47.5716815],[-122.2765241,47.5705754],[-122.2749484,47.5700909],[-122.272125,47.5679595],[-122.269971,47.5679436],[-122.2681876,47.5664844],[-122.2678162,47.5657952],[-122.2670573,47.5654689],[-122.2668622,47.5647093],[-122.2673958,47.5643353],[-122.2679217,47.5644013],[-122.2682663,47.5635647],[-122.2669237,47.5619674],[-122.265525,47.5615724],[-122.2646735,47.5618315],[-122.2632991,47.5589278],[-122.261514,47.5573373],[-122.261583,47.5561905],[-122.2598232,47.5526269],[-122.2596512,47.5515493],[-122.2577064,47.5513551],[-122.257083,47.5521437],[-122.2541963,47.5535564],[-122.2542494,47.5545257],[-122.2551611,47.5548406],[-122.2548803,47.5552327],[-122.2547177,47.5570611],[-122.2555456,47.5596576],[-122.2551912,47.561576],[-122.2545392,47.561926],[-122.2513394,47.5623603],[-122.2504181,47.5619445],[-122.2479153,47.5586315],[-122.2477835,47.5566764],[-122.2463486,47.5536627],[-122.2467073,47.5522653],[-122.2495752,47.5495549],[-122.2522129,47.548781],[-122.2559058,47.548831],[-122.2573778,47.5484675],[-122.2580084,47.5467694],[-122.2572001,47.54522],[-122.259196,47.5423477],[-122.2619632,47.5401277],[-122.261738,47.5382849],[-122.2620891,47.5373584],[-122.2638908,47.5348722],[-122.2641298,47.5337962],[-122.263097,47.531866],[-122.2630938,47.5297143],[-122.2625218,47.529299],[-122.261725,47.5292764],[-122.2604004,47.5281536],[-122.2599551,47.5251],[-122.2604614,47.523732],[-122.2612852,47.5236915],[-122.2618254,47.5240571],[-122.2631794,47.5231029],[-122.263045,47.5215784],[-122.2623469,47.5207912],[-122.261529,47.521254],[-122.2610101,47.5207616],[-122.2603165,47.5208386],[-122.2570336,47.5194419],[-122.2545438,47.5177423],[-122.2538196,47.5161373],[-122.2523734,47.5152768],[-122.2493872,47.5127748],[-122.2478578,47.5128073],[-122.2471818,47.5123422],[-122.2461933,47.5123967],[-122.2459614,47.5120113],[-122.2450975,47.5117306],[-122.242373,47.5116],[-122.2382154,47.5107139],[-122.23657072746971,47.50977337539313],[-122.24716449597858,47.50975119311866],[-122.24674291815008,47.508891113494094],[-122.24697395195246,47.50822117867853],[-122.24609829394693,47.50722509674791],[-122.24628579045836,47.505222879643],[-122.2454973121774,47.5038827292548]]],[[[-122.45231961849824,47.641046065175615],[-122.45251786947037,47.64463952393308],[-122.45230181986153,47.642007938720134],[-122.45231961849824,47.641046065175615]]],[[[-122.2984947,47.6457656],[-122.2986863,47.6460098],[-122.2959974,47.6464578],[-122.2941204,47.6464368],[-122.2948159,47.6459693],[-122.2984947,47.6457656]]],[[[-122.2986416,47.6491109],[-122.2986251,47.6492563],[-122.2985386,47.6491803],[-122.2986416,47.6491109]]],[[[-122.2979335,47.6495195],[-122.297779,47.6497777],[-122.2977148,47.649714],[-122.2979335,47.6495195]]],[[[-122.2983822,47.6495387],[-122.2983288,47.6499129],[-122.2981349,47.6495239],[-122.2983822,47.6495387]]],[[[-122.2972586,47.650733],[-122.2974963,47.6505357],[-122.2975736,47.6508481],[-122.2972586,47.650733]]],[[[-122.2974978,47.6512629],[-122.2973062,47.6515931],[-122.2975311,47.6519642],[-122.2970822,47.6522643],[-122.2964118,47.6519325],[-122.2972199,47.6510388],[-122.2974978,47.6512629]]],[[[-122.45376838222477,47.65163350146458],[-122.45603520858224,47.658299679263905],[-122.45474772567857,47.6550307318803],[-122.45376838222477,47.65163350146458]]],[[[-122.45746802078473,47.662513226924226],[-122.45832164659925,47.665023530121886],[-122.45851267516919,47.666112812385606],[-122.45746802078473,47.662513226924226]]],[[[-122.459090051931,47.66940512759428],[-122.45916215321016,47.67288205928233],[-122.45884566185103,47.66801156756492],[-122.459090051931,47.66940512759428]]],[[[-122.45813693735671,47.683495467125844],[-122.44606582454605,47.70560460889969],[-122.4453826931933,47.706544599875116],[-122.45813693735671,47.683495467125844]]],[[[-122.44382392075894,47.707822966342434],[-122.43760143261235,47.712469796467865],[-122.4453826931933,47.706544599875116],[-122.44382392075894,47.707822966342434]]],[[[-122.43422147642954,47.726269750347676],[-122.4349641819124,47.7203549026502],[-122.43578128469021,47.71611027953966],[-122.43422147642954,47.726269750347676]]],[[[-122.2664463,47.563934],[-122.2661783,47.5635781],[-122.2668016,47.5632753],[-122.2672097,47.5636909],[-122.2664463,47.563934]]],[[[-122.2958782,47.6418972],[-122.2961548,47.6419083],[-122.2957927,47.6422336],[-122.2958782,47.6418972]]],[[[-122.2933958,47.6421295],[-122.2943159,47.6426625],[-122.2936908,47.6426617],[-122.292827,47.6421321],[-122.2933958,47.6421295]]],[[[-122.2893637,47.6428289],[-122.289259,47.6428289],[-122.2894876,47.6425925],[-122.2893637,47.6428289]]],[[[-122.2892047,47.6428825],[-122.2888246,47.6433906],[-122.2886984,47.6428549],[-122.2892047,47.6428825]]],[[[-122.2851759,47.6431183],[-122.2852953,47.6432349],[-122.2851156,47.6432042],[-122.2851759,47.6431183]]],[[[-122.2880607,47.6442442],[-122.2878663,47.6445884],[-122.2873144,47.6444725],[-122.2880607,47.6442442]]],[[[-122.2927721,47.6443056],[-122.2912929,47.6447944],[-122.2914399,47.6453438],[-122.2934206,47.6457656],[-122.2903789,47.6468922],[-122.2884334,47.6457922],[-122.2878472,47.6459499],[-122.2880513,47.6451663],[-122.2896016,47.6453772],[-122.2894112,47.6447633],[-122.2884314,47.6446266],[-122.2884069,47.6444039],[-122.2896807,47.6427755],[-122.2906132,47.642129],[-122.2922947,47.6422769],[-122.2928267,47.6427606],[-122.2939726,47.6431473],[-122.2927721,47.6443056]]],[[[-122.294118,47.6444304],[-122.294197,47.6447384],[-122.2939556,47.6446254],[-122.294118,47.6444304]]],[[[-122.2940801,47.6448796],[-122.294116,47.6448079],[-122.2941775,47.6449627],[-122.2940801,47.6448796]]],[[[-122.287306,47.6451841],[-122.2875593,47.6458807],[-122.2872343,47.6458195],[-122.287306,47.6451841]]],[[[-122.2964825,47.6527769],[-122.2972378,47.653436],[-122.2944866,47.6534031],[-122.2951679,47.65281],[-122.2957872,47.6529851],[-122.2964825,47.6527769]]],[[[-122.2832559,47.6540888],[-122.2832559,47.6542596],[-122.2830907,47.6541579],[-122.2832559,47.6540888]]],[[[-122.2870268,47.6549732],[-122.2871998,47.6552078],[-122.2866879,47.6548298],[-122.2870268,47.6549732]]],[[[-122.2874088,47.6554343],[-122.2876807,47.6555072],[-122.287426,47.655625],[-122.2874088,47.6554343]]],[[[-122.2879341,47.656435],[-122.2877595,47.6561715],[-122.2879252,47.6561425],[-122.2879341,47.656435]]],[[[-122.2883275,47.6563729],[-122.2883932,47.6564785],[-122.2883344,47.6564892],[-122.2883275,47.6563729]]]]},"properties":{"name":"Seattle","basis":"Heutige Stadtgrenze als geografische Referenz; keine Shadowrun-Bezirksgrenze","boundary_role":"reference-neighborhood","source":"Washington State City Boundaries","source_url":"https://services.arcgis.com/HfQs2ClqmipKpmFK/arcgis/rest/services/Cities/FeatureServer/0"}},{"type":"Feature","geometry":{"type":"Polygon","coordinates":[[[-122.36173087027957,47.777808036635555],[-122.36173083917868,47.77760157982443],[-122.29772915420935,47.77745663612611],[-122.29758462493585,47.77026623001518],[-122.3053565170969,47.77030941170392],[-122.30538216127823,47.77093551488489],[-122.3063325231858,47.77110703193327],[-122.30632383024358,47.77146433437701],[-122.30714883287001,47.77146203255151],[-122.3071953804533,47.77062836231982],[-122.30778347896918,47.77062576471618],[-122.30835588742185,47.77107401500211],[-122.30941538610975,47.77133964538287],[-122.3096016613966,47.771070338557266],[-122.310542439279,47.77107672446977],[-122.31276558282099,47.77019003860703],[-122.3136235930493,47.769505457283195],[-122.31237438931467,47.769494686882574],[-122.31237908969685,47.76992660137825],[-122.31025497382208,47.769649115820194],[-122.31025034046776,47.76923092791861],[-122.3096463926624,47.769226744639816],[-122.30921615490321,47.7670448306236],[-122.30820613732249,47.76703779999584],[-122.30820160078096,47.76662919633111],[-122.30678752108867,47.76661934804756],[-122.30676339725282,47.76444025512606],[-122.30635836466588,47.76434429865743],[-122.30634432145965,47.763075498512244],[-122.30816220223429,47.763088161806216],[-122.30733932454257,47.761738269302484],[-122.304086206382,47.75978912006813],[-122.30385339747676,47.75945525100067],[-122.30395364920828,47.758687057974186],[-122.30464665695118,47.75842654674399],[-122.30297487572467,47.757885197381825],[-122.30224076725841,47.75719580268215],[-122.3015056193175,47.75498687879421],[-122.3014939494363,47.754438240280244],[-122.30214553520513,47.753098582599016],[-122.30287150953062,47.75256403282466],[-122.3024453069321,47.75182624546141],[-122.3026569568961,47.75037663766793],[-122.30153444676448,47.74971233111814],[-122.29882434291187,47.749792541103886],[-122.29872014763092,47.748325043407654],[-122.29702395431188,47.74831037643288],[-122.29700963787528,47.74471467215095],[-122.29640385228792,47.744709414046056],[-122.29640224014663,47.74430086049031],[-122.29571571218479,47.744294904513815],[-122.29568262345802,47.742904984334665],[-122.2943775884358,47.74289401619107],[-122.29436986966736,47.74093295067049],[-122.2993590684849,47.74093174036295],[-122.29929516639699,47.737430221583715],[-122.29381500315304,47.73735445259188],[-122.29380810268435,47.737027444541575],[-122.29281368533317,47.736968614467436],[-122.29224999852663,47.73655449245705],[-122.29266596829449,47.73540539727109],[-122.29271929932727,47.73395293822687],[-122.33417538145564,47.73441860916054],[-122.35594330529385,47.73431901098105],[-122.35594473668424,47.73412076543835],[-122.37464747883722,47.73448859895532],[-122.37541519381456,47.735681264263945],[-122.3766128854625,47.73871885022752],[-122.37916533123317,47.74286239067572],[-122.38191527357017,47.74632569857244],[-122.38263922064476,47.74796212146297],[-122.38263972261957,47.74985383698429],[-122.38157100202301,47.75253953148426],[-122.38130966578827,47.75442919982871],[-122.3797975112091,47.75652015754287],[-122.38006783766814,47.75829169901959],[-122.38049678834996,47.75915229906592],[-122.38257990228179,47.76113014657732],[-122.37154083306974,47.77768875039538],[-122.36173087027957,47.777808036635555]]]},"properties":{"name":"Shoreline","basis":"Heutige Stadtgrenze als geografische Referenz; keine Shadowrun-Bezirksgrenze","boundary_role":"reference-neighborhood","source":"Washington State City Boundaries","source_url":"https://services.arcgis.com/HfQs2ClqmipKpmFK/arcgis/rest/services/Cities/FeatureServer/0"}},{"type":"Feature","geometry":{"type":"MultiPolygon","coordinates":[[[[-122.10918107160943,47.950843485617696],[-122.1120742780824,47.95086310664276],[-122.11200926017627,47.94929660600574],[-122.11091896355573,47.94929034469801],[-122.11091063234579,47.949016329525875],[-122.11268222899368,47.9489928418574],[-122.11270254821719,47.94866368355296],[-122.11118314519072,47.94866471761569],[-122.11117732787584,47.94662322685046],[-122.11056957726055,47.94662476401305],[-122.11055223507925,47.94567212063054],[-122.1096191778768,47.94592374909116],[-122.10426463895008,47.9458774069849],[-122.1041210679659,47.94117030067173],[-122.10450447729687,47.94116807481125],[-122.10449449507313,47.94090859326613],[-122.10760098940108,47.94088482858803],[-122.10703819922601,47.93974017669475],[-122.10118430408627,47.93975197310938],[-122.1014633098677,47.94556839550608],[-122.10187635134723,47.945568184723],[-122.10149123520131,47.946143507215616],[-122.10154912709558,47.94733223677138],[-122.09954077312526,47.94765287221888],[-122.09953848103716,47.94667294797754],[-122.09867959906524,47.94667936162001],[-122.09866543800297,47.94589299733165],[-122.09782343641692,47.945899837828044],[-122.09778982787826,47.945187756450686],[-122.09697959640067,47.94519433307808],[-122.09695246905113,47.94204523311263],[-122.09620236194357,47.94205131797938],[-122.0962000100533,47.940470159182595],[-122.09545057560578,47.94047019109532],[-122.09564283018686,47.93855368174077],[-122.08821919454654,47.93855980119934],[-122.08820816700268,47.94206284035357],[-122.08265297359748,47.94204489023211],[-122.08267106864807,47.938388087853305],[-122.07736276139848,47.938412725249556],[-122.07741867522711,47.9362080525226],[-122.07703288056037,47.933331057347864],[-122.07949389883245,47.93086566156135],[-122.07999336823555,47.92893114428101],[-122.07869881219739,47.928482248712385],[-122.0785709615956,47.92697262353667],[-122.07710394437447,47.92559560547001],[-122.08132231881773,47.921978184848825],[-122.08100366072925,47.92126313214223],[-122.08151438905084,47.9200911284847],[-122.0837172340284,47.91793943663851],[-122.08419983934357,47.91709661919105],[-122.0836570320137,47.91448143854915],[-122.08368425334635,47.91269562850455],[-122.08173217348254,47.91150887552525],[-122.08273009893605,47.91006549708523],[-122.08231751488067,47.90949109743608],[-122.08234165664025,47.90600360444316],[-122.08945612178174,47.90599999459537],[-122.09081141221496,47.90756666872048],[-122.09489620164992,47.91062763895273],[-122.09931435753208,47.91105266568816],[-122.10529178527052,47.912266408836025],[-122.11335864234066,47.913002915536175],[-122.11711186322324,47.9138542781205],[-122.1186950105319,47.914778561198084],[-122.11830851953009,47.915062203909244],[-122.11938934547263,47.916472120266214],[-122.11256383634397,47.91640345871932],[-122.11130193298031,47.91725409753769],[-122.11190932271228,47.91772876967378],[-122.11155359028115,47.91947101003688],[-122.11257071903175,47.92199323466189],[-122.11337143790999,47.92157671625107],[-122.11408650514562,47.92273125689695],[-122.11452173810748,47.92270204292762],[-122.1145515623522,47.924335239472526],[-122.11562069962692,47.92432641864168],[-122.11564637562543,47.92573096904608],[-122.11305446210302,47.925752339177365],[-122.11306190771407,47.92616063534168],[-122.11164444910013,47.926172301297726],[-122.11163949174083,47.92590010411965],[-122.11040196756882,47.925829845269824],[-122.10762833050286,47.925857522372965],[-122.10768679472575,47.92779173079136],[-122.1068994541704,47.92949408567982],[-122.10439874801187,47.93120685690947],[-122.10299900760994,47.93137642607403],[-122.10300134516827,47.93182434238856],[-122.10366448174983,47.93151541823503],[-122.1036739303176,47.931917702567034],[-122.10595006830681,47.930938497621945],[-122.11275939242114,47.93099953494007],[-122.1127365174137,47.932143364887345],[-122.11337102879752,47.93214433423201],[-122.11343947654446,47.93486650823606],[-122.11477594395895,47.93488537237825],[-122.11482423675446,47.94210984668799],[-122.11750809895175,47.942129032475385],[-122.11748049406881,47.94391049157042],[-122.114931179927,47.94390698267033],[-122.11492196804268,47.94575434326226],[-122.11675030402378,47.94676484254344],[-122.11492360964776,47.94819780861116],[-122.1154780737974,47.94877572939961],[-122.11554479763431,47.94945474488351],[-122.11501081767875,47.94947154376336],[-122.1189730773919,47.95383897696561],[-122.1147543037119,47.95383339470989],[-122.11153467054051,47.952911785886315],[-122.10902223636776,47.95179399618539],[-122.10918107160943,47.950843485617696]]],[[[-122.06820770756242,47.93533811939167],[-122.06944412703635,47.935328043713575],[-122.06943717288664,47.934942757209974],[-122.07208720001398,47.9349210027352],[-122.0721485337595,47.93829487594715],[-122.0667958875886,47.93833869432143],[-122.06675267590687,47.93594759028762],[-122.06821844923894,47.93593560610851],[-122.06820770756242,47.93533811939167]]]]},"properties":{"name":"Snohomish","basis":"Heutige Stadtgrenze als geografische Referenz; keine Shadowrun-Bezirksgrenze","boundary_role":"reference-neighborhood","source":"Washington State City Boundaries","source_url":"https://services.arcgis.com/HfQs2ClqmipKpmFK/arcgis/rest/services/Cities/FeatureServer/0"}},{"type":"Feature","geometry":{"type":"Polygon","coordinates":[[[-121.86564064360878,47.5263308899127],[-121.86544242675448,47.526327280263466],[-121.86464615001798,47.52393845005395],[-121.86568334345019,47.52359900790466],[-121.86581487221348,47.51439062429827],[-121.88076815497732,47.514361003784956],[-121.88235794941077,47.512714348039395],[-121.88275464930884,47.510966393281464],[-121.88343481955435,47.510908717845865],[-121.883275015279,47.51211791713409],[-121.88707573748103,47.51170159454885],[-121.88735057069876,47.52881705580036],[-121.88178032846213,47.52886551904667],[-121.88176548548016,47.53605538405045],[-121.89061781327229,47.536150666892254],[-121.89087080106161,47.536994660275205],[-121.89181980060029,47.53802365672885],[-121.89208181165927,47.53874466164331],[-121.89218980284717,47.5419306636084],[-121.89342381483472,47.543446656584464],[-121.8869845096198,47.543390943956084],[-121.88710813672346,47.547390709869845],[-121.87240392330268,47.54721176990807],[-121.86562819830961,47.52688459492885],[-121.86564064360878,47.5263308899127]]]},"properties":{"name":"Snoqualmie","basis":"Heutige Stadtgrenze als geografische Referenz; keine Shadowrun-Bezirksgrenze","boundary_role":"reference-neighborhood","source":"Washington State City Boundaries","source_url":"https://services.arcgis.com/HfQs2ClqmipKpmFK/arcgis/rest/services/Cities/FeatureServer/0"}},{"type":"Feature","geometry":{"type":"Polygon","coordinates":[[[-122.08613036551596,47.13351537023712],[-122.10202589017736,47.13349092269248],[-122.1020494923359,47.13615171761072],[-122.10281371826946,47.13615229889173],[-122.10280946233486,47.13794831098721],[-122.10206955944119,47.138057494829674],[-122.10200388458891,47.140809367603964],[-122.08613903035236,47.14090910081906],[-122.08613036551596,47.13351537023712]]]},"properties":{"name":"South Prairie","basis":"Heutige Stadtgrenze als geografische Referenz; keine Shadowrun-Bezirksgrenze","boundary_role":"reference-neighborhood","source":"Washington State City Boundaries","source_url":"https://services.arcgis.com/HfQs2ClqmipKpmFK/arcgis/rest/services/Cities/FeatureServer/0"}},{"type":"Feature","geometry":{"type":"Polygon","coordinates":[[[-122.58247708193167,47.18565263524017],[-122.58184276847487,47.18575694693221],[-122.58096218347767,47.18464035873315],[-122.57978803400022,47.184703231879304],[-122.5770966709406,47.18553124780503],[-122.57578408179548,47.187178561351736],[-122.57239178820151,47.18726457176467],[-122.57238882509188,47.18142442133197],[-122.57431231658225,47.18143126408174],[-122.5742888762997,47.17733660267034],[-122.57472519807125,47.17733832349112],[-122.57470985604968,47.17576877545191],[-122.57738962278425,47.175807290339996],[-122.57744386752638,47.17391479294705],[-122.58053167698311,47.17381498180425],[-122.58057371121852,47.17229644535817],[-122.58112060379653,47.172306220180175],[-122.58100048616264,47.16986823246129],[-122.58245183718887,47.16987389796222],[-122.5824337404198,47.16119191510507],[-122.59315143093977,47.16117897967544],[-122.59313616066014,47.15950705564122],[-122.60337122871753,47.15951620203602],[-122.60340952325511,47.157317920877425],[-122.61658468061833,47.157151241904],[-122.61585376108157,47.158734980598865],[-122.61579853461417,47.160642769796745],[-122.61540765639174,47.16130154306823],[-122.61526453895138,47.16333012246677],[-122.61458492510386,47.16584790568716],[-122.6133882230365,47.16785715744916],[-122.61352991977571,47.168909325928595],[-122.61008757293456,47.17051836252182],[-122.60771800645875,47.170962089998724],[-122.6020562073976,47.172817952904346],[-122.59901532589971,47.174414758078086],[-122.59377732884292,47.175698581568724],[-122.59120023462674,47.17675144780991],[-122.59057180597108,47.17837544707327],[-122.58845058177523,47.18075928388864],[-122.58600480164856,47.1849755187751],[-122.58535676236856,47.1875515458064],[-122.58340543980594,47.18684370624929],[-122.58247708193167,47.18565263524017]]]},"properties":{"name":"Steilacoom","basis":"Heutige Stadtgrenze als geografische Referenz; keine Shadowrun-Bezirksgrenze","boundary_role":"reference-neighborhood","source":"Washington State City Boundaries","source_url":"https://services.arcgis.com/HfQs2ClqmipKpmFK/arcgis/rest/services/Cities/FeatureServer/0"}},{"type":"Feature","geometry":{"type":"MultiPolygon","coordinates":[[[[-122.20246040767992,47.184305044524514],[-122.20306876369717,47.18430155096272],[-122.20306463511747,47.18449702205251],[-122.2015755151757,47.18451082570469],[-122.20158650760133,47.18399634466747],[-122.20246708499698,47.18399127435553],[-122.20246040767992,47.184305044524514]]],[[[-122.19995767293985,47.19174939043745],[-122.19507391705939,47.191759064877154],[-122.1950235304768,47.188360881600026],[-122.19948899479378,47.188324900066114],[-122.19995767293985,47.19174939043745]]],[[[-122.26413708292095,47.20448280211462],[-122.2641404106247,47.20469680246961],[-122.26353509808042,47.20458252408884],[-122.26329265126411,47.20190544323863],[-122.26225303757228,47.20191141567125],[-122.26459171576148,47.20097636882198],[-122.26770771855078,47.20123850954311],[-122.26772193632077,47.2021540960234],[-122.26933097731622,47.20214478743438],[-122.26938249264848,47.205458870158964],[-122.26817208384372,47.20523854163758],[-122.26796583287961,47.20352359224855],[-122.26742132799768,47.20352673917997],[-122.26744913817613,47.20531978907754],[-122.26413708292095,47.20448280211462]]],[[[-122.25990737737298,47.20414183900242],[-122.26495072088265,47.20506316076659],[-122.26496026902535,47.205681483780786],[-122.25992101224568,47.205026483335516],[-122.25990737737298,47.20414183900242]]],[[[-122.22915132869339,47.24995089839814],[-122.2289652982225,47.24629105146452],[-122.22376436519399,47.246277609660936],[-122.22384410284128,47.24267724103703],[-122.2189098783408,47.24266430713036],[-122.21903859909247,47.22907673202867],[-122.21924684004804,47.229078076383736],[-122.21925613232165,47.22809608390421],[-122.21904973666406,47.228094749110625],[-122.21897054969592,47.21696744757776],[-122.21325465119622,47.21697475134486],[-122.21321262780113,47.21355089253403],[-122.20837592279035,47.21356944926544],[-122.20824604876441,47.2063370181951],[-122.20305238438343,47.206329782007586],[-122.20290283481849,47.19912717482491],[-122.20509188486167,47.199120627837495],[-122.20374697356958,47.1983360021214],[-122.20176745264489,47.19547225448957],[-122.20284407554108,47.19546661815555],[-122.20282221493237,47.194880939805834],[-122.20766748976088,47.19483717166303],[-122.2076986848295,47.1961168990405],[-122.20975973090457,47.19609751890937],[-122.20974966803122,47.19537733794032],[-122.21844035371281,47.19530505113599],[-122.21846078940621,47.195965441678126],[-122.22670220823981,47.19369414884261],[-122.22938942069398,47.1936021060994],[-122.2292797232964,47.1851904940331],[-122.23126552615605,47.18542286346192],[-122.23438993910803,47.186291709671075],[-122.23902506537779,47.18874697668894],[-122.24242187025025,47.19173652461779],[-122.24428376705,47.19477968404348],[-122.24906419003335,47.19664126635123],[-122.24983440284967,47.19651017496447],[-122.25666888944828,47.19910378681698],[-122.25667697668513,47.1993512409512],[-122.2583537042144,47.19977217066565],[-122.25666940551595,47.19976081007267],[-122.25666136765558,47.20015610295476],[-122.25527135197333,47.20017637632523],[-122.25363559869311,47.20091982100586],[-122.25363497187733,47.20142985792247],[-122.25386175960577,47.201327668905854],[-122.25477924581247,47.20201620060339],[-122.25465049527223,47.202290296657026],[-122.25279676597783,47.20287770481264],[-122.25240556951587,47.203316786227],[-122.25069394698751,47.20364199984186],[-122.250677984754,47.20641236746573],[-122.2482261110247,47.20636086993353],[-122.25049011735369,47.20808036947223],[-122.25128136221936,47.209753563594994],[-122.25276855045408,47.2115124970753],[-122.25337235271901,47.214402005709324],[-122.25330730911365,47.217931744105066],[-122.2550515574543,47.2211390469643],[-122.26214687981202,47.221139038251444],[-122.26218445023653,47.22837704939419],[-122.2554421695826,47.22837708451774],[-122.25425391062416,47.23286442648573],[-122.25465648353025,47.23839542987332],[-122.25709055479166,47.24303004863361],[-122.24602718977367,47.24305190471999],[-122.24605763309896,47.24998470238096],[-122.2448506365828,47.249965566524125],[-122.24484099422695,47.25038253546443],[-122.24297520450952,47.25034501926452],[-122.24148859909705,47.25393284898698],[-122.2388974466775,47.25731794087133],[-122.22988641682231,47.25734398166377],[-122.22946684771352,47.25143275459249],[-122.23416789392776,47.25058997143797],[-122.23403812363011,47.25022967291063],[-122.23282574769108,47.25044744626719],[-122.23278948158482,47.2500264853808],[-122.22915132869339,47.24995089839814]]]]},"properties":{"name":"Sumner","basis":"Heutige Stadtgrenze als geografische Referenz; keine Shadowrun-Bezirksgrenze","boundary_role":"reference-neighborhood","source":"Washington State City Boundaries","source_url":"https://services.arcgis.com/HfQs2ClqmipKpmFK/arcgis/rest/services/Cities/FeatureServer/0"}},{"type":"Feature","geometry":{"type":"MultiPolygon","coordinates":[[[[-122.51172805403327,47.22467386194014],[-122.51172086272472,47.225488239545],[-122.51330175347212,47.22555087653633],[-122.51328001383898,47.22639509983671],[-122.51389227910592,47.226558556747314],[-122.51388908889622,47.2282578887514],[-122.50964193889337,47.22827276927675],[-122.50963188253372,47.227168694748414],[-122.50782988716993,47.227172108517884],[-122.50783450629527,47.22649011071549],[-122.50683339881063,47.22649198437977],[-122.50684539775355,47.22472873339215],[-122.51172805403327,47.22467386194014]]],[[[-122.36067886677958,47.254519722560005],[-122.36069899586845,47.25358887503268],[-122.3594146548503,47.2535979240682],[-122.35970589677754,47.25086491757312],[-122.3594239342652,47.24987063889899],[-122.35946386217563,47.24638824907935],[-122.37280549485821,47.24634858269695],[-122.3728077526816,47.24536058211352],[-122.37763966984855,47.24537441653115],[-122.3776323903053,47.24585236909876],[-122.38084263440274,47.245863278904004],[-122.3807364623515,47.24686470036469],[-122.3854165548438,47.24688585343469],[-122.385432140514,47.24455742821373],[-122.39436179436413,47.24460293582674],[-122.39435029304987,47.24501410751684],[-122.3969149084112,47.24502594207022],[-122.39692194630123,47.244613487886014],[-122.3995850887192,47.2448565221216],[-122.39967642390341,47.240487093104115],[-122.39724940618834,47.23961071667481],[-122.3943638785095,47.23781062075315],[-122.39455585324136,47.21348692449684],[-122.39438417131618,47.19166596167338],[-122.40778227055645,47.191648444641814],[-122.40779351425182,47.18948742697277],[-122.41071337427148,47.189505144807214],[-122.41071772750811,47.18990730213118],[-122.41133693350848,47.18990445698173],[-122.41132672209214,47.19166490546315],[-122.41229700348555,47.1916571311972],[-122.41230680597396,47.190845080412565],[-122.41307572945206,47.19085135835937],[-122.41307983165305,47.191650845321256],[-122.4207990432765,47.191700451559974],[-122.42084477859213,47.179085302431766],[-122.41979980043244,47.17886818386019],[-122.41978825690981,47.17865268661104],[-122.4208425222719,47.17865923210659],[-122.42083666853085,47.17684815699372],[-122.42035230720685,47.17684535156922],[-122.42036211038888,47.176282627547025],[-122.42083864743047,47.176283163069655],[-122.42084236328294,47.17522231925549],[-122.42035640673782,47.175216816936114],[-122.42043307671648,47.17345941208875],[-122.4208410067669,47.17345401681419],[-122.42083533910281,47.16998451246618],[-122.4341721939133,47.17000075756135],[-122.43415130415684,47.1677698074867],[-122.43154977511578,47.16777340206701],[-122.431558617453,47.16702162182179],[-122.4357641845991,47.167038546957876],[-122.43553505592985,47.17001390783699],[-122.46422301639387,47.17012883442907],[-122.46428331993965,47.16698087541162],[-122.46605972013886,47.16696637763886],[-122.46600844614224,47.17012922689609],[-122.46859701842382,47.170130188769456],[-122.46853864927849,47.173477890245536],[-122.46707472030872,47.17511423163818],[-122.46490747220805,47.178643890753136],[-122.4640143675085,47.17909590895156],[-122.46334405294714,47.179098771111],[-122.46335461445086,47.179372905247334],[-122.46490423661972,47.179448529698526],[-122.46453454787711,47.180782759101625],[-122.46343987280562,47.18077374637957],[-122.46333813963,47.18467088414846],[-122.50547531504547,47.18476286322602],[-122.50546957962966,47.190457798242775],[-122.50864245484617,47.190472058375256],[-122.50867381840581,47.19198862382536],[-122.51475161088328,47.19197574411834],[-122.51578635585496,47.192662747781945],[-122.51593996905719,47.19560651905603],[-122.5210365531593,47.195547543366814],[-122.5212827539002,47.19868126637239],[-122.52152070935523,47.198894337548246],[-122.52128950729247,47.19917167117053],[-122.51958090091624,47.199180640640336],[-122.5189606297882,47.19881964914728],[-122.51807657561851,47.19920913801508],[-122.50523248180413,47.19917670104654],[-122.50524969945248,47.201839609706056],[-122.50618885751793,47.201835438011834],[-122.50618310095031,47.20275833420894],[-122.50858417004488,47.202736373173714],[-122.50627355491629,47.2053552352153],[-122.50552982406468,47.20664566980821],[-122.50516570282018,47.242687143874306],[-122.5342771093205,47.2424866266681],[-122.53427759021362,47.24223454153198],[-122.53684836467386,47.24252596903333],[-122.53684563906288,47.24201617105038],[-122.53974447805008,47.24201643869749],[-122.53975414470273,47.24127940942559],[-122.5415537967769,47.24128408124893],[-122.54133008288231,47.24251889937554],[-122.5469713388847,47.24250042559048],[-122.54686643476687,47.24075348813185],[-122.54649622205663,47.240803529789005],[-122.54647080496412,47.240441773804726],[-122.54771843141536,47.240302386049784],[-122.54875717006635,47.24031139387635],[-122.54884092432883,47.24252538615294],[-122.55175146704335,47.24254724668843],[-122.55175671169965,47.24147326093891],[-122.55106406028955,47.241441672819036],[-122.55106146448973,47.24020766394513],[-122.55310593799041,47.24024002181627],[-122.55306312738603,47.23591923760664],[-122.55234079939305,47.235930292592705],[-122.55229811456647,47.23526159781043],[-122.55800644725849,47.235239517723],[-122.55826049237946,47.23644496786051],[-122.56087685850724,47.2363410996791],[-122.56030063708984,47.237268624430335],[-122.55940058240358,47.2377418422783],[-122.5594436156073,47.23848176130131],[-122.5574286754423,47.24030295728585],[-122.55400558661539,47.24024856210118],[-122.55394690807783,47.24146353671578],[-122.55277853291253,47.24124107219893],[-122.552767638044,47.2415542511696],[-122.55238507426645,47.24155428661646],[-122.55233123820943,47.24255935338101],[-122.56088424032441,47.24276849246363],[-122.5607330442352,47.24400751733632],[-122.55858734281077,47.24418417053943],[-122.5579533637748,47.243668381103],[-122.55638367597423,47.243780141205946],[-122.55539953631462,47.24563556745557],[-122.55364558493565,47.24700400806296],[-122.55450630439202,47.24696593612152],[-122.55404054515886,47.24732862360042],[-122.55418739154132,47.24785458169775],[-122.55395237997104,47.247443906629734],[-122.55324973868905,47.24730769525652],[-122.55229332678532,47.24871278348885],[-122.55323585767428,47.250860930270164],[-122.55295015922586,47.2538756104136],[-122.55110524140352,47.25505391413126],[-122.54995786073088,47.257296094273755],[-122.54434579492337,47.265210993697075],[-122.54050932597755,47.268589243902795],[-122.535526023642,47.273873503004495],[-122.53045480075586,47.28136029164163],[-122.52971646100856,47.283678208436775],[-122.52898537868727,47.292365226266476],[-122.5303542343244,47.29428700696693],[-122.5158376749203,47.30073881114653],[-122.51584927283096,47.294407165146055],[-122.50520227708473,47.29436429525885],[-122.50515361533868,47.300848988959906],[-122.49891512269534,47.29642181692354],[-122.50009292501962,47.29534066057548],[-122.49752847419899,47.294341730821344],[-122.49725713705914,47.293905233882015],[-122.49169393540909,47.29019683697815],[-122.49176873487437,47.289696068856635],[-122.49055105994913,47.28882531240242],[-122.49038651302283,47.28833228605829],[-122.48970975953351,47.287809489916114],[-122.48896209472122,47.28748896868442],[-122.48832188735217,47.287632167084766],[-122.4880467163905,47.28719620005977],[-122.48760325128552,47.287305751439256],[-122.4868057076239,47.286734196892674],[-122.48760401429573,47.286416200742394],[-122.48210965767338,47.283063178089435],[-122.48051447634705,47.28223845956191],[-122.47966334462814,47.28221169314566],[-122.47864205859678,47.28129957653268],[-122.47826634297728,47.28158898065197],[-122.47786351050298,47.28141848320772],[-122.47815398057675,47.28108918594234],[-122.47628520063901,47.280039100695795],[-122.47543811438032,47.28074134228891],[-122.47506750635664,47.28059830018294],[-122.47540642369455,47.280252608356676],[-122.47451234451395,47.27971935554647],[-122.47481083288405,47.27944500283261],[-122.47431925644626,47.279389706307775],[-122.4745451222595,47.279197717936526],[-122.4721044726857,47.27789454715056],[-122.47223219670452,47.27897637298561],[-122.47091885311653,47.2786459142339],[-122.47085523444946,47.27790458269556],[-122.47050851857571,47.27804708045374],[-122.47004956841387,47.27762392838449],[-122.46937206851813,47.27806269766046],[-122.46913039859982,47.27794719090748],[-122.4697917710603,47.27754683459461],[-122.46976564333632,47.27694139897765],[-122.46789084123611,47.276633858829186],[-122.46780907628133,47.2775562871214],[-122.46759195896556,47.27716625534775],[-122.46718099925293,47.277122001104715],[-122.46714157213317,47.27640814188593],[-122.46557847535227,47.276055468101916],[-122.4655209890194,47.276917541160216],[-122.4652067010811,47.27686785125459],[-122.46537702248304,47.27603334449547],[-122.4630434531499,47.275525376734784],[-122.46223531387089,47.275872538570596],[-122.45784429566156,47.274055766547406],[-122.45553987123871,47.27372976052811],[-122.45562072354059,47.27355961685555],[-122.45417935675773,47.27273466832026],[-122.45079719216386,47.27109521008626],[-122.44781310511625,47.26848261149635],[-122.44537807563958,47.26760256480172],[-122.44332138392633,47.26568473835389],[-122.44169433642803,47.262881609840434],[-122.44065135772756,47.262396691386485],[-122.42322306378315,47.28111971238518],[-122.41685214181321,47.28608434203742],[-122.41023819927968,47.29075265682598],[-122.41118684771817,47.29185208542765],[-122.4146633398118,47.294727608825575],[-122.41945976002185,47.29668288549765],[-122.42727922813609,47.2980638602382],[-122.43157556262268,47.29700520507496],[-122.43227779161906,47.29708635028532],[-122.43223097691872,47.297641964860205],[-122.43293063785663,47.29815935977596],[-122.4327100467436,47.298310257877155],[-122.4331646690758,47.29907166199886],[-122.43188467965267,47.30018401104665],[-122.43189907527588,47.30114378609597],[-122.43325941046295,47.30115115153463],[-122.43334824400523,47.301969867381324],[-122.43440346465349,47.301965032496405],[-122.43205480308609,47.30203246140122],[-122.43200974636328,47.30183302889863],[-122.43056187644353,47.30184037476343],[-122.43058432232226,47.3028102459002],[-122.43019089151602,47.30281701726064],[-122.4305157694766,47.31193930075081],[-122.42783011280235,47.31197474091961],[-122.42786278150942,47.315063950084955],[-122.42674326664704,47.315081449141765],[-122.42668165737763,47.31435174254068],[-122.42543006310076,47.31436063124091],[-122.4253865994129,47.31193902728129],[-122.41869272391835,47.31195863165451],[-122.41872129656105,47.313699318255786],[-122.41719244582097,47.31370958714204],[-122.41719543813873,47.31441679453732],[-122.41684864657618,47.31442186811171],[-122.41687038323184,47.315582122606365],[-122.41461562147829,47.31557303213996],[-122.4145475433116,47.31192613062268],[-122.40930554451134,47.31185911214389],[-122.40886248098752,47.30470917750358],[-122.39535931648628,47.304772284428736],[-122.35566549514132,47.277449888675385],[-122.35577737893396,47.271681774986455],[-122.35152572916203,47.27166986537731],[-122.35159141802092,47.270317707734925],[-122.35062409322961,47.270317669719326],[-122.35064574696482,47.26989795245296],[-122.35315450127744,47.26988469282441],[-122.35321634358071,47.26822392289052],[-122.3558420075864,47.26818651295297],[-122.35599360602514,47.261088468313844],[-122.35376854036032,47.26107663112082],[-122.35377093444846,47.26219886987249],[-122.35034451336489,47.26220560282375],[-122.35035764921692,47.261058790902794],[-122.34955362888529,47.26105331198571],[-122.34966294727573,47.25832733116833],[-122.34838975293188,47.258316237125825],[-122.34843024180269,47.25738648961155],[-122.35664249036428,47.25744719664693],[-122.35666339672059,47.25648407215342],[-122.35920143430512,47.25649456078148],[-122.35761335034677,47.255577791617846],[-122.35761886646354,47.25532340129025],[-122.36067886677958,47.254519722560005]]],[[[-122.50958579058572,47.30222773959063],[-122.50892252006906,47.3022409104397],[-122.5078540620537,47.30277046801246],[-122.5090232817431,47.30376743033641],[-122.50742254350122,47.30447886955501],[-122.5067834300347,47.30284787460764],[-122.50963918231159,47.301777168014034],[-122.51348580190216,47.30178408804348],[-122.51065941975287,47.303040257887616],[-122.50958579058572,47.30222773959063]]]]},"properties":{"name":"Tacoma","basis":"Heutige Stadtgrenze als geografische Referenz; keine Shadowrun-Bezirksgrenze","boundary_role":"reference-neighborhood","source":"Washington State City Boundaries","source_url":"https://services.arcgis.com/HfQs2ClqmipKpmFK/arcgis/rest/services/Cities/FeatureServer/0"}},{"type":"Feature","geometry":{"type":"Polygon","coordinates":[[[-122.2756693744463,47.50987069699143],[-122.27021758991737,47.50968701877345],[-122.27036334254234,47.501503961700166],[-122.27089338285786,47.50163105629165],[-122.27068782344476,47.5003522245495],[-122.27031085054287,47.50028423713434],[-122.27027365136395,47.49554889173201],[-122.26858748644862,47.49553169284286],[-122.2653518357182,47.492779701089766],[-122.26438601645913,47.490766905483696],[-122.26454956835708,47.48905304181604],[-122.26387073802546,47.488214535721404],[-122.26215100016407,47.48670922253993],[-122.25841699147617,47.48446204027653],[-122.2562131453636,47.48264269315809],[-122.25346904846197,47.47899832392464],[-122.25447174325217,47.47897131154626],[-122.2499921383845,47.474226713412975],[-122.25061891531846,47.47396970692285],[-122.24669904138018,47.470107030659214],[-122.24594188642793,47.47042891591455],[-122.24232447152946,47.467051581189544],[-122.24085912569495,47.465053654527566],[-122.24026660218608,47.463112102029825],[-122.2409281163846,47.441072340311244],[-122.24583627808697,47.44111905172747],[-122.24576001080354,47.43931084429289],[-122.24757285100205,47.43740930783767],[-122.24864078528891,47.43353233155837],[-122.25799939438441,47.43339094654459],[-122.26045223692373,47.434683841824814],[-122.26185944374588,47.43456044411488],[-122.26258637059321,47.434176770473414],[-122.26300446114432,47.433314864309125],[-122.26285264418279,47.433047411244246],[-122.25889859891625,47.43176728230933],[-122.25844225341234,47.43128020398587],[-122.25837512183953,47.43039824400744],[-122.25899235733922,47.42976774956592],[-122.26407548468188,47.42934884983357],[-122.26556645668833,47.428731858237455],[-122.26727781437326,47.42553876350717],[-122.26542051268133,47.42328378207447],[-122.26516665682266,47.42256732479875],[-122.2652876151296,47.42180091933333],[-122.26713380106146,47.41962676345945],[-122.2773263961567,47.41951004809781],[-122.27747694634246,47.41996524023557],[-122.27793399066077,47.4199626508039],[-122.27862939898779,47.419485554214],[-122.28083505079076,47.4194459015328],[-122.27799033179937,47.421666824489],[-122.27758873646714,47.42411898586722],[-122.27568897850085,47.426697356076126],[-122.27003367103092,47.43125424304936],[-122.26982861132717,47.433156302304944],[-122.27052066954708,47.433164959654725],[-122.27052993905147,47.43503127443556],[-122.26517848566785,47.43845188994631],[-122.26497662592745,47.44314114936252],[-122.26689054256609,47.443754932812446],[-122.26665299281728,47.445193381817],[-122.26559312240464,47.44518022421161],[-122.26463834757266,47.44779128229751],[-122.26889726537033,47.447833118773765],[-122.26890096332949,47.44911338084321],[-122.26750893761772,47.44911101359065],[-122.26704783357773,47.45138805986909],[-122.26796868514812,47.45136909667824],[-122.26794983751628,47.451728531447685],[-122.26966557688725,47.45199009643929],[-122.26966864389685,47.45226594394743],[-122.26824501877485,47.45228234239916],[-122.26828375361849,47.454405991746334],[-122.27094989512227,47.454386511219475],[-122.27094276009439,47.454717061135554],[-122.27166948034045,47.45471597372109],[-122.27167109667712,47.45622490910667],[-122.28082154259532,47.45624894205257],[-122.28097952324185,47.45997556560753],[-122.29132351377727,47.46002506828459],[-122.2877325848289,47.46720798298173],[-122.288580317568,47.46718238811107],[-122.28969221495288,47.4727304500555],[-122.29438366471611,47.48042389242595],[-122.29590626999459,47.48622687005285],[-122.29714505953281,47.4890570801788],[-122.29242493431512,47.489071264929166],[-122.29322596573311,47.49049114715288],[-122.29419819893785,47.49048771044823],[-122.29421065958259,47.49174153329905],[-122.2950953988283,47.49173836261065],[-122.29510192323934,47.49262421323742],[-122.29421186277439,47.492629288461075],[-122.29663565997232,47.49603953101408],[-122.29752879414555,47.499787416915126],[-122.30159575745775,47.50753530122196],[-122.30377518274138,47.509860035967954],[-122.30770585144543,47.51265967837164],[-122.30380445033619,47.512823694275696],[-122.3044839094526,47.51340609194738],[-122.30500388738797,47.51444026327611],[-122.30611962469341,47.51815912832639],[-122.30940454954573,47.52634321613738],[-122.31078580947681,47.52751889223517],[-122.31827720604672,47.53179917911253],[-122.30518515310507,47.53168564909721],[-122.30508855815357,47.531058831584254],[-122.30092883391582,47.5290412753058],[-122.29990324660122,47.52709754493446],[-122.29975845590812,47.52626473447457],[-122.30010087474543,47.525008471871566],[-122.30056336171833,47.52446093820942],[-122.29364278418306,47.52446790226185],[-122.29141474551083,47.519565312879124],[-122.2913415371585,47.51017392524219],[-122.27807285536205,47.509896799193726],[-122.27810637996154,47.508171839452345],[-122.27703766037523,47.507994014038026],[-122.27575408945268,47.50734691763459],[-122.2756693744463,47.50987069699143]],[[-122.28625146294323,47.494692516683024],[-122.28801008261628,47.49965168223025],[-122.28831914653344,47.49964844192942],[-122.28654456065063,47.494644262534536],[-122.28625146294323,47.494692516683024]],[[-122.29105640940743,47.49259868283491],[-122.28846250894709,47.492601603206296],[-122.28848020916617,47.49362106846966],[-122.2910777193696,47.49361565939299],[-122.29105640940743,47.49259868283491]]]},"properties":{"name":"Tukwila","basis":"Heutige Stadtgrenze als geografische Referenz; keine Shadowrun-Bezirksgrenze","boundary_role":"reference-neighborhood","source":"Washington State City Boundaries","source_url":"https://services.arcgis.com/HfQs2ClqmipKpmFK/arcgis/rest/services/Cities/FeatureServer/0"}},{"type":"Feature","geometry":{"type":"Polygon","coordinates":[[[-122.55238507426645,47.24155428661646],[-122.552767638044,47.2415542511696],[-122.55277853291253,47.24124107219893],[-122.55394690807783,47.24146353671578],[-122.55400558661539,47.24024856210118],[-122.5574286754423,47.24030295728585],[-122.5594436156073,47.23848176130131],[-122.55940058240358,47.2377418422783],[-122.56030063708984,47.237268624430335],[-122.56087685850724,47.2363410996791],[-122.55826049237946,47.23644496786051],[-122.55800644725849,47.235239517723],[-122.55229811456647,47.23526159781043],[-122.55234079939305,47.235930292592705],[-122.55306312738603,47.23591923760664],[-122.55310593799041,47.24024002181627],[-122.55106146448973,47.24020766394513],[-122.55106406028955,47.241441672819036],[-122.55175671169965,47.24147326093891],[-122.55175146704335,47.24254724668843],[-122.54884092432883,47.24252538615294],[-122.54875717006635,47.24031139387635],[-122.54771843141536,47.240302386049784],[-122.54647080496412,47.240441773804726],[-122.54649622205663,47.240803529789005],[-122.54686643476687,47.24075348813185],[-122.5469713388847,47.24250042559048],[-122.54133008288231,47.24251889937554],[-122.5415537967769,47.24128408124893],[-122.53975414470273,47.24127940942559],[-122.53974447805008,47.24201643869749],[-122.53684563906288,47.24201617105038],[-122.53684836467386,47.24252596903333],[-122.53427759021362,47.24223454153198],[-122.5342771093205,47.2424866266681],[-122.52614320190769,47.242562841076314],[-122.52608312177196,47.22817685021423],[-122.5213440615649,47.22821650200362],[-122.52136994751864,47.22479957357702],[-122.52613035170438,47.224790621772435],[-122.52629010386742,47.21732132851348],[-122.51564672049527,47.217380713923774],[-122.51564516367517,47.220807288342876],[-122.5119972503139,47.22084697697762],[-122.51201951993592,47.217488104585996],[-122.50540675987664,47.2175006039233],[-122.50553840264082,47.206547241532014],[-122.50858417004488,47.202736373173714],[-122.50618310095031,47.20275833420894],[-122.50618885751793,47.201835438011834],[-122.50524969945248,47.201839609706056],[-122.50523248180413,47.19917670104654],[-122.51807657561851,47.19920913801508],[-122.5189606297882,47.19881964914728],[-122.51958090091624,47.199180640640336],[-122.52128950729247,47.19917167117053],[-122.52152070935523,47.198894337548246],[-122.52127776344268,47.198318936958486],[-122.52536958063773,47.19822791876173],[-122.52674886440441,47.19785623149212],[-122.52979840644403,47.197660865742264],[-122.53097522018824,47.19791460820249],[-122.53314195277147,47.19754622279603],[-122.537440654365,47.197874852626754],[-122.53863587255964,47.19685486277452],[-122.54064168193398,47.197112591859174],[-122.54131468117636,47.19671049555611],[-122.54307362967512,47.19666924694768],[-122.54404424349113,47.19624027924532],[-122.54800654108162,47.196206550899625],[-122.5527771706151,47.19482971957751],[-122.55790552603348,47.19593489168437],[-122.56061746059852,47.1954049771332],[-122.56353140730052,47.19570739018712],[-122.56921873383777,47.19516356900096],[-122.57169091395335,47.194438924601066],[-122.57327764311583,47.19310566899878],[-122.57427214726572,47.19143709235429],[-122.57375752865981,47.19096000242997],[-122.57521987294535,47.18966877801828],[-122.5757191465498,47.18886704492781],[-122.57578408179548,47.187178561351736],[-122.5770966709406,47.18553124780503],[-122.57978803400022,47.184703231879304],[-122.58096218347767,47.18464035873315],[-122.58184276847487,47.18575694693221],[-122.58247708193167,47.18565263524017],[-122.58340543980594,47.18684370624929],[-122.58454691402164,47.187257787566985],[-122.58370649994588,47.188564956922704],[-122.58411268232769,47.18943572024568],[-122.58361609259812,47.190462202890444],[-122.58377215295907,47.19078002275177],[-122.5835316514489,47.19152795967203],[-122.58289355983065,47.19188154253968],[-122.58271346083174,47.192512549623366],[-122.5828770116198,47.195883174270726],[-122.58341179430603,47.19707924046757],[-122.58325530681539,47.19878664068429],[-122.58373810373025,47.2004284335952],[-122.58299195695524,47.20147006886469],[-122.58277368041671,47.20347238847452],[-122.58252023860712,47.20359697648291],[-122.5821415867572,47.20317998153889],[-122.58054336237221,47.208643075065964],[-122.58068769691324,47.2095091005678],[-122.57649132917736,47.21482806666086],[-122.57252242045524,47.21826817470874],[-122.56903095228816,47.22055589251815],[-122.56662898301124,47.22302981759819],[-122.56569945518173,47.22451309690932],[-122.56461620312842,47.22762395473917],[-122.56465214323924,47.233421289972625],[-122.5631307561116,47.23762867595958],[-122.56399937458178,47.23961817628004],[-122.56420541858284,47.240871713991545],[-122.56346048713121,47.24401118446924],[-122.56234856719064,47.2448895103704],[-122.5613143354852,47.245003811916675],[-122.56094855532385,47.24458368019109],[-122.5612149073183,47.244087431535114],[-122.5607330442352,47.24400751733632],[-122.56088424032441,47.24276849246363],[-122.55233123820943,47.24255935338101],[-122.55238507426645,47.24155428661646]]]},"properties":{"name":"University Place","basis":"Heutige Stadtgrenze als geografische Referenz; keine Shadowrun-Bezirksgrenze","boundary_role":"reference-neighborhood","source":"Washington State City Boundaries","source_url":"https://services.arcgis.com/HfQs2ClqmipKpmFK/arcgis/rest/services/Cities/FeatureServer/0"}},{"type":"Feature","geometry":{"type":"MultiPolygon","coordinates":[[[[-122.03038418752452,47.1046336201706],[-122.03708104349795,47.10271280534911],[-122.02833904189426,47.10558162592157],[-122.03038418752452,47.1046336201706]]],[[[-122.05224382395524,47.10878686357593],[-122.05200506510586,47.10899536808502],[-122.05291971488545,47.10929983412914],[-122.05182357601304,47.10997522605648],[-122.05109409488202,47.10979088875081],[-122.05500855019932,47.11197566776391],[-122.05533897013244,47.112528243309015],[-122.05536978939791,47.11379363342142],[-122.05269910242208,47.11383468252087],[-122.05263495319468,47.112006492126184],[-122.05144547041513,47.111560474321855],[-122.05056394828665,47.110547371561374],[-122.0488725121363,47.11067814835331],[-122.04804129067227,47.11019717418865],[-122.04596495321093,47.10981301304347],[-122.04146255114452,47.109811848693816],[-122.04143098161657,47.107268701262164],[-122.04365582654356,47.10660669722061],[-122.04437110066416,47.10610156610178],[-122.04407632393908,47.105720766713205],[-122.04448047500495,47.10557967434742],[-122.04461487902077,47.1035392513243],[-122.04390093734393,47.10296830910405],[-122.04221894377376,47.10261794323685],[-122.03893220249496,47.102449627889584],[-122.04155520574187,47.10214257133058],[-122.0378720747255,47.102342157330526],[-122.03010238397225,47.10454940513785],[-122.02816361093696,47.10545282885785],[-122.02787841133704,47.10524448818294],[-122.02928700362379,47.104528475200475],[-122.03737700004282,47.1020326334914],[-122.04155508427738,47.10203255161989],[-122.04155348176305,47.10059162293434],[-122.04424196920706,47.099674047648364],[-122.04627906905641,47.10051806228513],[-122.04654586383211,47.10098451600305],[-122.04697470628874,47.10090081275039],[-122.04689031503833,47.09734784229325],[-122.05753554333626,47.097266981959486],[-122.05771380346432,47.10457152807179],[-122.04797299399627,47.10454539074103],[-122.05224382395524,47.10878686357593]]],[[[-122.0556107139351,47.11378992798986],[-122.05550583950084,47.11227481306014],[-122.05797860454734,47.11361793850413],[-122.0556107139351,47.11378992798986]]]]},"properties":{"name":"Wilkeson","basis":"Heutige Stadtgrenze als geografische Referenz; keine Shadowrun-Bezirksgrenze","boundary_role":"reference-neighborhood","source":"Washington State City Boundaries","source_url":"https://services.arcgis.com/HfQs2ClqmipKpmFK/arcgis/rest/services/Cities/FeatureServer/0"}},{"type":"Feature","geometry":{"type":"Polygon","coordinates":[[[-122.11331806453842,47.77595490916703],[-122.11312592802233,47.7689356198606],[-122.11393624489554,47.76888491341636],[-122.11350571873183,47.76797761020166],[-122.1135123195861,47.765342089801784],[-122.11173451745782,47.765334834959226],[-122.11166822146893,47.76293855018188],[-122.11087861644035,47.76219395789008],[-122.11081655542722,47.76131377063761],[-122.11707656320776,47.76133545431755],[-122.11703599947029,47.759856078260285],[-122.11734841181243,47.759291765722246],[-122.11980946072029,47.75794271318322],[-122.12081936313521,47.757873989096396],[-122.12069371499526,47.75330443175314],[-122.12446206614915,47.75403267112139],[-122.13015584912326,47.7543549257206],[-122.13183561872981,47.75491642938701],[-122.13219997916372,47.75447698744835],[-122.13252381389599,47.753043442273],[-122.13334135231389,47.752393583233385],[-122.13674183646606,47.75264543481103],[-122.1397686129778,47.752494346385575],[-122.14104637940949,47.75306353440394],[-122.14272476752964,47.753191826291236],[-122.1435407485208,47.75290273092153],[-122.1438655278857,47.75247952534631],[-122.14375931030108,47.75156098516898],[-122.14418148466994,47.751219570947654],[-122.14494822981928,47.75108943207329],[-122.14660912658145,47.75154897582562],[-122.14954724834519,47.751527078468555],[-122.14954064116542,47.75105037924466],[-122.15002917499847,47.75104351498822],[-122.1499910062329,47.74967218149489],[-122.15225726335301,47.74969552092836],[-122.15251161322958,47.751382068251836],[-122.15287530944057,47.75137522735435],[-122.15283370856322,47.75051887649645],[-122.15400059436725,47.750517824743675],[-122.15401145744049,47.75127377158681],[-122.1557482051085,47.75060440667785],[-122.15917664768918,47.75038742119428],[-122.16029337313438,47.75057043277473],[-122.16033592933971,47.7476462845164],[-122.15991008191305,47.74734893188972],[-122.16024567666119,47.74735029301558],[-122.15824805629266,47.745433261096366],[-122.15650335222622,47.74472084980481],[-122.15368096799592,47.74248742627988],[-122.15293486015315,47.74039417375342],[-122.14950698748397,47.73641645489622],[-122.14642976327298,47.735046247719076],[-122.14586378025231,47.73433089305866],[-122.14564182370735,47.73305364585428],[-122.14381073120386,47.73304689164196],[-122.14381518376632,47.734207739767754],[-122.14247138915782,47.734188766189234],[-122.14247298650172,47.73459743280418],[-122.14095890611063,47.734576020886315],[-122.14095560291815,47.733704181125326],[-122.14017951048689,47.733693206828285],[-122.14034369966416,47.73259110452482],[-122.13951406108549,47.73177506370975],[-122.1401541033528,47.73157109616678],[-122.13859126762644,47.72965924656576],[-122.14215826407896,47.7285225828024],[-122.14307176565873,47.728531452319864],[-122.14324236011088,47.73004176113462],[-122.14536409491258,47.73189628796943],[-122.14561507980339,47.7326422491425],[-122.14933172812903,47.73267820945952],[-122.14840952618206,47.7310202829944],[-122.14807964811378,47.72942823145424],[-122.14824809163842,47.727821900433504],[-122.14890509784455,47.725826895189776],[-122.15256235069812,47.725838999073744],[-122.15257596449256,47.727199249890255],[-122.15444901187206,47.72688031423908],[-122.15425224237768,47.725844621313236],[-122.15303505534007,47.72584053801212],[-122.15308123450777,47.72404293649601],[-122.15574571852069,47.72405165072797],[-122.15569961952113,47.72584928041152],[-122.15913122012684,47.72586044333723],[-122.15903633748572,47.729568476369046],[-122.1622338893319,47.72969655712432],[-122.16416844577886,47.730196442242956],[-122.16407328046012,47.73392704456199],[-122.17584438041725,47.73397714475518],[-122.1750364215437,47.74738287484337],[-122.17444383562552,47.747389375047796],[-122.17372077121826,47.74996334338125],[-122.17429779313574,47.74995692888422],[-122.17420832579079,47.750954587454096],[-122.17495166563148,47.75095150220218],[-122.1751932933533,47.75361436824057],[-122.1749761176913,47.75435316763482],[-122.17592731694363,47.754348523533544],[-122.17531762837187,47.75608055452965],[-122.17675485145868,47.7565905813405],[-122.17588944938343,47.757314249266564],[-122.17453081336527,47.75716380914536],[-122.17452113234587,47.758303396754584],[-122.17008095715912,47.757961682725934],[-122.16331848704266,47.758220747856804],[-122.1635236598134,47.76166738283591],[-122.16621511395552,47.7616887536259],[-122.16621221413587,47.765355264850356],[-122.16348567839529,47.765456338333806],[-122.16616504631038,47.76892448737217],[-122.16624375078416,47.77040879664546],[-122.16685430166847,47.770406700995856],[-122.166928601187,47.776194315719124],[-122.11331806453842,47.77595490916703]]]},"properties":{"name":"Woodinville","basis":"Heutige Stadtgrenze als geografische Referenz; keine Shadowrun-Bezirksgrenze","boundary_role":"reference-neighborhood","source":"Washington State City Boundaries","source_url":"https://services.arcgis.com/HfQs2ClqmipKpmFK/arcgis/rest/services/Cities/FeatureServer/0"}},{"type":"Feature","geometry":{"type":"Polygon","coordinates":[[[-122.2118806478604,47.64850155142297],[-122.21092732848983,47.6483024165975],[-122.21196889027873,47.64640263992552],[-122.21248202042644,47.64640003475744],[-122.21248391341912,47.64522095218607],[-122.21312806261719,47.64521990800581],[-122.21313670125535,47.644583618085086],[-122.21383377234257,47.64456735702626],[-122.21376417356058,47.64279842350989],[-122.21550727017072,47.64249896244433],[-122.2177521214481,47.641079073664066],[-122.21776948616024,47.639278510975686],[-122.22162610240335,47.63654207412426],[-122.22293978968173,47.63594955488934],[-122.22305728289459,47.640950551363765],[-122.2226603,47.6414098],[-122.2218922,47.646913],[-122.2211677,47.6484562],[-122.21845386761069,47.65166405621567],[-122.2165110681565,47.65278519926126],[-122.21499927314478,47.65293729721259],[-122.21381503689426,47.652679266889095],[-122.2134818,47.6523029],[-122.2136455,47.6516174],[-122.212924,47.6494066],[-122.2118806478604,47.64850155142297]]]},"properties":{"name":"Yarrow Point","basis":"Heutige Stadtgrenze als geografische Referenz; keine Shadowrun-Bezirksgrenze","boundary_role":"reference-neighborhood","source":"Washington State City Boundaries","source_url":"https://services.arcgis.com/HfQs2ClqmipKpmFK/arcgis/rest/services/Cities/FeatureServer/0"}},{"type":"Feature","geometry":{"type":"Polygon","coordinates":[[[-122.64345448008457,46.9453333256478],[-122.6434684544546,46.94902888092226],[-122.62922544843836,46.94899677011628],[-122.62926513108259,46.95253580075179],[-122.62830698049187,46.9525285603075],[-122.6275055919513,46.95322229198041],[-122.63206983006222,46.95575749716712],[-122.63289645260554,46.956778377949284],[-122.63313678847776,46.96345474285896],[-122.62302030821367,46.96344546066486],[-122.62219279714219,46.962745816754925],[-122.62219574873954,46.96241655627613],[-122.62014207654504,46.961401863615485],[-122.61719935896794,46.960572607188446],[-122.6115050987364,46.95974066053882],[-122.61018908367575,46.95840247090873],[-122.6095145596481,46.958121663142],[-122.5983471870006,46.957567634318444],[-122.583623784657,46.95504554001294],[-122.58569198174911,46.9539131488584],[-122.58413778929737,46.952629546667254],[-122.58364464249323,46.951855045520574],[-122.5802425020733,46.94489689620233],[-122.57944433146861,46.94409995951494],[-122.5794552658289,46.93824627590173],[-122.57602952913118,46.938234672574175],[-122.57612414792754,46.932798752671054],[-122.57816518362651,46.93280699141363],[-122.57816519290489,46.93086210229123],[-122.5798041388411,46.929148386640826],[-122.58031921336506,46.92950546973576],[-122.58103967799825,46.92870659226553],[-122.58705730927387,46.930858304983516],[-122.59005299090897,46.930856675671315],[-122.59005394412968,46.929945651460116],[-122.59282582269066,46.92994574271909],[-122.59283491554945,46.927216399838656],[-122.61165556750868,46.927214642320386],[-122.61172803987795,46.929990972486515],[-122.6169377078132,46.930088997073476],[-122.61693518569597,46.93087896105474],[-122.62634977432212,46.930899849548084],[-122.64796948050206,46.94531298700137],[-122.64345448008457,46.9453333256478]],[[-122.62487000298776,46.95983332484978],[-122.62749796590965,46.959842899489445],[-122.62756354817813,46.95803600465793],[-122.62486108031806,46.95803085657989],[-122.62487000298776,46.95983332484978]]]},"properties":{"name":"Yelm","basis":"Heutige Stadtgrenze als geografische Referenz; keine Shadowrun-Bezirksgrenze","boundary_role":"reference-neighborhood","source":"Washington State City Boundaries","source_url":"https://services.arcgis.com/HfQs2ClqmipKpmFK/arcgis/rest/services/Cities/FeatureServer/0"}}]}
