{"type":"FeatureCollection","name":"Seattle – geprüfte zusätzliche Quellenorte","features":[{"type":"Feature","geometry":null,"properties":{"id":4070,"global_id":"seattle:source-place:airport-way-south","name":"Airport Way South","aliases":[],"category":"Verkehr und Infrastruktur","detail_map":"Seattle","source_pages":"PDF-Seite 123","map_source":"New Seattle","placement_note":"Keine belastbare Einzelposition; Eintrag bleibt im Katalog","accuracy":"Nur Stadt oder Lore-Teilraum belegt","source_map":"source-supplement","source_panel":"Seattle","description_preview":"Airport Way South ist in New Seattle als benannter Schauplatz mit Bezug zu Seattle belegt.","description_full":"Airport Way South ist in New Seattle als benannter Schauplatz mit Bezug zu Seattle belegt. Das Dossier fasst den belegten Quellenstand redaktionell zusammen; eine nicht belegte Kartenposition wird nicht ergänzt.","description_source":"PDF-Seite 123","description_kind":"Ortsdossier","description_has_more":true,"detail_plans":[],"alternate_locations":[],"sources":[{"bookId":"sr3-new-seattle","title":"New Seattle","edition":"SR3","citation":"PDF-Seite 123","purpose":"description"},{"bookId":"sr4-seattle-2072","title":"Seattle 2072","edition":"SR4","citation":"Textzeile 5225","purpose":"description"}],"map_sources":[],"editions":["SR3","SR4"],"edition_descriptions":{"SR3":{"kind":"Ortsdossier","preview":"Airport Way South ist in New Seattle als benannter Schauplatz mit Bezug zu Seattle belegt.","full":"Airport Way South ist in New Seattle als benannter Schauplatz mit Bezug zu Seattle belegt. Das Dossier fasst den belegten Quellenstand redaktionell zusammen; eine nicht belegte Kartenposition wird nicht ergänzt.","hasMore":true,"hasExcerpt":true,"sources":[{"bookId":"sr3-new-seattle","title":"New Seattle","edition":"SR3","citation":"PDF-Seite 123","purpose":"description"}]},"SR4":{"kind":"Ortsdossier","preview":"Airport Way South ist in Seattle 2072 als benannter Schauplatz mit Bezug zu Seattle belegt.","full":"Airport Way South ist in Seattle 2072 als benannter Schauplatz mit Bezug zu Seattle belegt. Das Dossier fasst den belegten Quellenstand redaktionell zusammen; eine nicht belegte Kartenposition wird nicht ergänzt.","hasMore":true,"hasExcerpt":true,"sources":[{"bookId":"sr4-seattle-2072","title":"Seattle 2072","edition":"SR4","citation":"Textzeile 5225","purpose":"description"}]}}}},{"type":"Feature","geometry":null,"properties":{"id":4071,"global_id":"seattle:source-place:algona-general-hospital","name":"Algona General Hospital","aliases":[],"category":"Medizin und Versorgung","detail_map":"Seattle","source_pages":"Textzeile 4210","map_source":"Seattle Sprawl Box - Emerald Shadows","placement_note":"Keine belastbare Einzelposition; Eintrag bleibt im Katalog","accuracy":"Nur Stadt oder Lore-Teilraum belegt","source_map":"source-supplement","source_panel":"Seattle","description_preview":"Algona General Hospital ist in Seattle Sprawl Box - Emerald Shadows als benannter Schauplatz mit Bezug zu Seattle belegt.","description_full":"Algona General Hospital ist in Seattle Sprawl Box - Emerald Shadows als benannter Schauplatz mit Bezug zu Seattle belegt. Das Dossier fasst den belegten Quellenstand redaktionell zusammen; eine nicht belegte Kartenposition wird nicht ergänzt.","description_source":"Textzeile 4210","description_kind":"Ortsdossier","description_has_more":true,"detail_plans":[],"alternate_locations":[],"sources":[{"bookId":"sr5-seattle-sprawl-box-emerald-shadows","title":"Seattle Sprawl Box - Emerald Shadows","edition":"SR5","citation":"Textzeile 4210","purpose":"description"},{"bookId":"sr5-seattle-smaragd-im-schatten","title":"Seattle - Smaragd im Schatten","edition":"SR5","citation":"Textzeile 4016","purpose":"description"}],"map_sources":[],"editions":["SR5"],"edition_descriptions":{"SR5":{"kind":"Ortsdossier","preview":"Algona General Hospital ist in Seattle Sprawl Box - Emerald Shadows als benannter Schauplatz mit Bezug zu Seattle belegt.","full":"Algona General Hospital ist in Seattle Sprawl Box - Emerald Shadows als benannter Schauplatz mit Bezug zu Seattle belegt. Das Dossier fasst den belegten Quellenstand redaktionell zusammen; eine nicht belegte Kartenposition wird nicht ergänzt.","hasMore":true,"hasExcerpt":true,"sources":[{"bookId":"sr5-seattle-sprawl-box-emerald-shadows","title":"Seattle Sprawl Box - Emerald Shadows","edition":"SR5","citation":"Textzeile 4210","purpose":"description"},{"bookId":"sr5-seattle-smaragd-im-schatten","title":"Seattle - Smaragd im Schatten","edition":"SR5","citation":"Textzeile 4016","purpose":"description"}]}}}},{"type":"Feature","geometry":null,"properties":{"id":4072,"global_id":"seattle:source-place:algona-hospital","name":"Algona Hospital","aliases":[],"category":"Medizin und Versorgung","detail_map":"Seattle","source_pages":"Textzeile 10125","map_source":"Seattle 2072","placement_note":"Keine belastbare Einzelposition; Eintrag bleibt im Katalog","accuracy":"Nur Stadt oder Lore-Teilraum belegt","source_map":"source-supplement","source_panel":"Seattle","description_preview":"Algona Hospital ist in Seattle 2072 als benannter Schauplatz mit Bezug zu Seattle belegt.","description_full":"Algona Hospital ist in Seattle 2072 als benannter Schauplatz mit Bezug zu Seattle belegt. Das Dossier fasst den belegten Quellenstand redaktionell zusammen; eine nicht belegte Kartenposition wird nicht ergänzt.","description_source":"Textzeile 10125","description_kind":"Ortsdossier","description_has_more":true,"detail_plans":[],"alternate_locations":[],"sources":[{"bookId":"sr4-seattle-2072","title":"Seattle 2072","edition":"SR4","citation":"Textzeile 10125","purpose":"description"},{"bookId":"sr4-seattle-2072","title":"Seattle 2072","edition":"SR4","citation":"Textzeile 21400","purpose":"description"}],"map_sources":[],"editions":["SR4"],"edition_descriptions":{"SR4":{"kind":"Ortsdossier","preview":"Algona Hospital ist in Seattle 2072 als benannter Schauplatz mit Bezug zu Seattle belegt.","full":"Algona Hospital ist in Seattle 2072 als benannter Schauplatz mit Bezug zu Seattle belegt. Das Dossier fasst den belegten Quellenstand redaktionell zusammen; eine nicht belegte Kartenposition wird nicht ergänzt.","hasMore":true,"hasExcerpt":true,"sources":[{"bookId":"sr4-seattle-2072","title":"Seattle 2072","edition":"SR4","citation":"Textzeile 10125","purpose":"description"},{"bookId":"sr4-seattle-2072","title":"Seattle 2072","edition":"SR4","citation":"Textzeile 21400","purpose":"description"}]}}}},{"type":"Feature","geometry":null,"properties":{"id":4073,"global_id":"seattle:source-place:ath-avenue-and-lenora-street","name":"Ath Avenue and Lenora Street","aliases":["Ath Avenue/Lenora Street"],"category":"Sonstige Spots","detail_map":"Seattle","source_pages":"PDF-Seite 121","map_source":"New Seattle","placement_note":"Keine belastbare Einzelposition; Eintrag bleibt im Katalog","accuracy":"Nur Stadt oder Lore-Teilraum belegt","source_map":"source-supplement","source_panel":"Seattle","description_preview":"Ath Avenue and Lenora Street ist in New Seattle als benannter Schauplatz mit Bezug zu Seattle belegt.","description_full":"Ath Avenue and Lenora Street ist in New Seattle als benannter Schauplatz mit Bezug zu Seattle belegt. Das Dossier fasst den belegten Quellenstand redaktionell zusammen; eine nicht belegte Kartenposition wird nicht ergänzt.","description_source":"PDF-Seite 121","description_kind":"Ortsdossier","description_has_more":true,"detail_plans":[],"alternate_locations":[],"sources":[{"bookId":"sr3-new-seattle","title":"New Seattle","edition":"SR3","citation":"PDF-Seite 121","purpose":"description"}],"map_sources":[],"editions":["SR3"],"edition_descriptions":{"SR3":{"kind":"Ortsdossier","preview":"Ath Avenue and Lenora Street ist in New Seattle als benannter Schauplatz mit Bezug zu Seattle belegt.","full":"Ath Avenue and Lenora Street ist in New Seattle als benannter Schauplatz mit Bezug zu Seattle belegt. Das Dossier fasst den belegten Quellenstand redaktionell zusammen; eine nicht belegte Kartenposition wird nicht ergänzt.","hasMore":true,"hasExcerpt":true,"sources":[{"bookId":"sr3-new-seattle","title":"New Seattle","edition":"SR3","citation":"PDF-Seite 121","purpose":"description"}]}}}},{"type":"Feature","geometry":null,"properties":{"id":4074,"global_id":"seattle:source-place:ath-avenue-and-pike-street","name":"Ath Avenue and Pike Street","aliases":["Ath Avenue/Pike Street"],"category":"Sonstige Spots","detail_map":"Seattle","source_pages":"PDF-Seite 121","map_source":"New Seattle","placement_note":"Keine belastbare Einzelposition; Eintrag bleibt im Katalog","accuracy":"Nur Stadt oder Lore-Teilraum belegt","source_map":"source-supplement","source_panel":"Seattle","description_preview":"Ath Avenue and Pike Street ist in New Seattle als benannter Schauplatz mit Bezug zu Seattle belegt.","description_full":"Ath Avenue and Pike Street ist in New Seattle als benannter Schauplatz mit Bezug zu Seattle belegt. Das Dossier fasst den belegten Quellenstand redaktionell zusammen; eine nicht belegte Kartenposition wird nicht ergänzt.","description_source":"PDF-Seite 121","description_kind":"Ortsdossier","description_has_more":true,"detail_plans":[],"alternate_locations":[],"sources":[{"bookId":"sr3-new-seattle","title":"New Seattle","edition":"SR3","citation":"PDF-Seite 121","purpose":"description"}],"map_sources":[],"editions":["SR3"],"edition_descriptions":{"SR3":{"kind":"Ortsdossier","preview":"Ath Avenue and Pike Street ist in New Seattle als benannter Schauplatz mit Bezug zu Seattle belegt.","full":"Ath Avenue and Pike Street ist in New Seattle als benannter Schauplatz mit Bezug zu Seattle belegt. Das Dossier fasst den belegten Quellenstand redaktionell zusammen; eine nicht belegte Kartenposition wird nicht ergänzt.","hasMore":true,"hasExcerpt":true,"sources":[{"bookId":"sr3-new-seattle","title":"New Seattle","edition":"SR3","citation":"PDF-Seite 121","purpose":"description"}]}}}},{"type":"Feature","geometry":null,"properties":{"id":4075,"global_id":"seattle:source-place:ath-avenue-and-pine-street","name":"Ath Avenue and Pine Street","aliases":[],"category":"Sonstige Spots","detail_map":"Seattle","source_pages":"PDF-Seite 121","map_source":"New Seattle","placement_note":"Keine belastbare Einzelposition; Eintrag bleibt im Katalog","accuracy":"Nur Stadt oder Lore-Teilraum belegt","source_map":"source-supplement","source_panel":"Seattle","description_preview":"Ath Avenue and Pine Street ist in New Seattle als benannter Schauplatz mit Bezug zu Seattle belegt.","description_full":"Ath Avenue and Pine Street ist in New Seattle als benannter Schauplatz mit Bezug zu Seattle belegt. Das Dossier fasst den belegten Quellenstand redaktionell zusammen; eine nicht belegte Kartenposition wird nicht ergänzt.","description_source":"PDF-Seite 121","description_kind":"Ortsdossier","description_has_more":true,"detail_plans":[],"alternate_locations":[],"sources":[{"bookId":"sr3-new-seattle","title":"New Seattle","edition":"SR3","citation":"PDF-Seite 121","purpose":"description"}],"map_sources":[],"editions":["SR3"],"edition_descriptions":{"SR3":{"kind":"Ortsdossier","preview":"Ath Avenue and Pine Street ist in New Seattle als benannter Schauplatz mit Bezug zu Seattle belegt.","full":"Ath Avenue and Pine Street ist in New Seattle als benannter Schauplatz mit Bezug zu Seattle belegt. Das Dossier fasst den belegten Quellenstand redaktionell zusammen; eine nicht belegte Kartenposition wird nicht ergänzt.","hasMore":true,"hasExcerpt":true,"sources":[{"bookId":"sr3-new-seattle","title":"New Seattle","edition":"SR3","citation":"PDF-Seite 121","purpose":"description"}]}}}},{"type":"Feature","geometry":null,"properties":{"id":4076,"global_id":"seattle:source-place:ath-avenue-and-university-street","name":"Ath Avenue and University Street","aliases":[],"category":"Sonstige Spots","detail_map":"Seattle","source_pages":"PDF-Seite 123","map_source":"New Seattle","placement_note":"Keine belastbare Einzelposition; Eintrag bleibt im Katalog","accuracy":"Nur Stadt oder Lore-Teilraum belegt","source_map":"source-supplement","source_panel":"Seattle","description_preview":"Ath Avenue and University Street ist in New Seattle als benannter Schauplatz mit Bezug zu Seattle belegt.","description_full":"Ath Avenue and University Street ist in New Seattle als benannter Schauplatz mit Bezug zu Seattle belegt. Das Dossier fasst den belegten Quellenstand redaktionell zusammen; eine nicht belegte Kartenposition wird nicht ergänzt.","description_source":"PDF-Seite 123","description_kind":"Ortsdossier","description_has_more":true,"detail_plans":[],"alternate_locations":[],"sources":[{"bookId":"sr3-new-seattle","title":"New Seattle","edition":"SR3","citation":"PDF-Seite 123","purpose":"description"}],"map_sources":[],"editions":["SR3"],"edition_descriptions":{"SR3":{"kind":"Ortsdossier","preview":"Ath Avenue and University Street ist in New Seattle als benannter Schauplatz mit Bezug zu Seattle belegt.","full":"Ath Avenue and University Street ist in New Seattle als benannter Schauplatz mit Bezug zu Seattle belegt. Das Dossier fasst den belegten Quellenstand redaktionell zusammen; eine nicht belegte Kartenposition wird nicht ergänzt.","hasMore":true,"hasExcerpt":true,"sources":[{"bookId":"sr3-new-seattle","title":"New Seattle","edition":"SR3","citation":"PDF-Seite 123","purpose":"description"}]}}}},{"type":"Feature","geometry":null,"properties":{"id":4077,"global_id":"seattle:source-place:ath-avenue-seneca-street","name":"Ath Avenue/Seneca Street","aliases":[],"category":"Sonstige Spots","detail_map":"Seattle","source_pages":"PDF-Seite 123","map_source":"New Seattle","placement_note":"Keine belastbare Einzelposition; Eintrag bleibt im Katalog","accuracy":"Nur Stadt oder Lore-Teilraum belegt","source_map":"source-supplement","source_panel":"Seattle","description_preview":"Ath Avenue/Seneca Street ist in New Seattle als benannter Schauplatz mit Bezug zu Seattle belegt.","description_full":"Ath Avenue/Seneca Street ist in New Seattle als benannter Schauplatz mit Bezug zu Seattle belegt. Das Dossier fasst den belegten Quellenstand redaktionell zusammen; eine nicht belegte Kartenposition wird nicht ergänzt.","description_source":"PDF-Seite 123","description_kind":"Ortsdossier","description_has_more":true,"detail_plans":[],"alternate_locations":[],"sources":[{"bookId":"sr3-new-seattle","title":"New Seattle","edition":"SR3","citation":"PDF-Seite 123","purpose":"description"}],"map_sources":[],"editions":["SR3"],"edition_descriptions":{"SR3":{"kind":"Ortsdossier","preview":"Ath Avenue/Seneca Street ist in New Seattle als benannter Schauplatz mit Bezug zu Seattle belegt.","full":"Ath Avenue/Seneca Street ist in New Seattle als benannter Schauplatz mit Bezug zu Seattle belegt. Das Dossier fasst den belegten Quellenstand redaktionell zusammen; eine nicht belegte Kartenposition wird nicht ergänzt.","hasMore":true,"hasExcerpt":true,"sources":[{"bookId":"sr3-new-seattle","title":"New Seattle","edition":"SR3","citation":"PDF-Seite 123","purpose":"description"}]}}}},{"type":"Feature","geometry":null,"properties":{"id":4078,"global_id":"seattle:source-place:aurora-avenue-and-mercer-street","name":"Aurora Avenue and Mercer Street","aliases":["Aurora Avenue/Mercer Street"],"category":"Sonstige Spots","detail_map":"Seattle","source_pages":"PDF-Seite 123","map_source":"New Seattle","placement_note":"Keine belastbare Einzelposition; Eintrag bleibt im Katalog","accuracy":"Nur Stadt oder Lore-Teilraum belegt","source_map":"source-supplement","source_panel":"Seattle","description_preview":"Aurora Avenue and Mercer Street ist in New Seattle als benannter Schauplatz mit Bezug zu Seattle belegt.","description_full":"Aurora Avenue and Mercer Street ist in New Seattle als benannter Schauplatz mit Bezug zu Seattle belegt. Das Dossier fasst den belegten Quellenstand redaktionell zusammen; eine nicht belegte Kartenposition wird nicht ergänzt.","description_source":"PDF-Seite 123","description_kind":"Ortsdossier","description_has_more":true,"detail_plans":[],"alternate_locations":[],"sources":[{"bookId":"sr3-new-seattle","title":"New Seattle","edition":"SR3","citation":"PDF-Seite 123","purpose":"description"}],"map_sources":[],"editions":["SR3"],"edition_descriptions":{"SR3":{"kind":"Ortsdossier","preview":"Aurora Avenue and Mercer Street ist in New Seattle als benannter Schauplatz mit Bezug zu Seattle belegt.","full":"Aurora Avenue and Mercer Street ist in New Seattle als benannter Schauplatz mit Bezug zu Seattle belegt. Das Dossier fasst den belegten Quellenstand redaktionell zusammen; eine nicht belegte Kartenposition wird nicht ergänzt.","hasMore":true,"hasExcerpt":true,"sources":[{"bookId":"sr3-new-seattle","title":"New Seattle","edition":"SR3","citation":"PDF-Seite 123","purpose":"description"}]}}}},{"type":"Feature","geometry":null,"properties":{"id":4079,"global_id":"seattle:source-place:aurora-avenue-north-mercer-street","name":"Aurora Avenue North & Mercer Street","aliases":[],"category":"Sonstige Spots","detail_map":"Seattle","source_pages":"Textzeile 5511","map_source":"Seattle 2072","placement_note":"Keine belastbare Einzelposition; Eintrag bleibt im Katalog","accuracy":"Nur Stadt oder Lore-Teilraum belegt","source_map":"source-supplement","source_panel":"Seattle","description_preview":"Aurora Avenue North & Mercer Street ist in Seattle 2072 als benannter Schauplatz mit Bezug zu Seattle belegt.","description_full":"Aurora Avenue North & Mercer Street ist in Seattle 2072 als benannter Schauplatz mit Bezug zu Seattle belegt. Das Dossier fasst den belegten Quellenstand redaktionell zusammen; eine nicht belegte Kartenposition wird nicht ergänzt.","description_source":"Textzeile 5511","description_kind":"Ortsdossier","description_has_more":true,"detail_plans":[],"alternate_locations":[],"sources":[{"bookId":"sr4-seattle-2072","title":"Seattle 2072","edition":"SR4","citation":"Textzeile 5511","purpose":"description"}],"map_sources":[],"editions":["SR4"],"edition_descriptions":{"SR4":{"kind":"Ortsdossier","preview":"Aurora Avenue North & Mercer Street ist in Seattle 2072 als benannter Schauplatz mit Bezug zu Seattle belegt.","full":"Aurora Avenue North & Mercer Street ist in Seattle 2072 als benannter Schauplatz mit Bezug zu Seattle belegt. Das Dossier fasst den belegten Quellenstand redaktionell zusammen; eine nicht belegte Kartenposition wird nicht ergänzt.","hasMore":true,"hasExcerpt":true,"sources":[{"bookId":"sr4-seattle-2072","title":"Seattle 2072","edition":"SR4","citation":"Textzeile 5511","purpose":"description"}]}}}},{"type":"Feature","geometry":null,"properties":{"id":4080,"global_id":"seattle:source-place:avenue-and-mercer-street-downtown","name":"Avenue and Mercer Street, Downtown","aliases":[],"category":"Sonstige Spots","detail_map":"Seattle","source_pages":"PDF-Seite 89","map_source":"New Seattle","placement_note":"Keine belastbare Einzelposition; Eintrag bleibt im Katalog","accuracy":"Nur Stadt oder Lore-Teilraum belegt","source_map":"source-supplement","source_panel":"Seattle","description_preview":"Avenue and Mercer Street, Downtown ist in New Seattle als benannter Schauplatz mit Bezug zu Seattle belegt.","description_full":"Avenue and Mercer Street, Downtown ist in New Seattle als benannter Schauplatz mit Bezug zu Seattle belegt. Das Dossier fasst den belegten Quellenstand redaktionell zusammen; eine nicht belegte Kartenposition wird nicht ergänzt.","description_source":"PDF-Seite 89","description_kind":"Ortsdossier","description_has_more":true,"detail_plans":[],"alternate_locations":[],"sources":[{"bookId":"sr3-new-seattle","title":"New Seattle","edition":"SR3","citation":"PDF-Seite 89","purpose":"description"}],"map_sources":[],"editions":["SR3"],"edition_descriptions":{"SR3":{"kind":"Ortsdossier","preview":"Avenue and Mercer Street, Downtown ist in New Seattle als benannter Schauplatz mit Bezug zu Seattle belegt.","full":"Avenue and Mercer Street, Downtown ist in New Seattle als benannter Schauplatz mit Bezug zu Seattle belegt. Das Dossier fasst den belegten Quellenstand redaktionell zusammen; eine nicht belegte Kartenposition wird nicht ergänzt.","hasMore":true,"hasExcerpt":true,"sources":[{"bookId":"sr3-new-seattle","title":"New Seattle","edition":"SR3","citation":"PDF-Seite 89","purpose":"description"}]}}}},{"type":"Feature","geometry":null,"properties":{"id":4081,"global_id":"seattle:source-place:avenue-und-mercer-street-innenstadt","name":"Avenue und Mercer Street, Innenstadt","aliases":[],"category":"Sonstige Spots","detail_map":"Seattle","source_pages":"PDF-Seite 89","map_source":"New Seattle","placement_note":"Keine belastbare Einzelposition; Eintrag bleibt im Katalog","accuracy":"Nur Stadt oder Lore-Teilraum belegt","source_map":"source-supplement","source_panel":"Seattle","description_preview":"Avenue und Mercer Street, Innenstadt ist in New Seattle als benannter Schauplatz mit Bezug zu Seattle belegt.","description_full":"Avenue und Mercer Street, Innenstadt ist in New Seattle als benannter Schauplatz mit Bezug zu Seattle belegt. Das Dossier fasst den belegten Quellenstand redaktionell zusammen; eine nicht belegte Kartenposition wird nicht ergänzt.","description_source":"PDF-Seite 89","description_kind":"Ortsdossier","description_has_more":true,"detail_plans":[],"alternate_locations":[],"sources":[{"bookId":"sr3-new-seattle","title":"New Seattle","edition":"SR3","citation":"PDF-Seite 89","purpose":"description"}],"map_sources":[],"editions":["SR3"],"edition_descriptions":{"SR3":{"kind":"Ortsdossier","preview":"Avenue und Mercer Street, Innenstadt ist in New Seattle als benannter Schauplatz mit Bezug zu Seattle belegt.","full":"Avenue und Mercer Street, Innenstadt ist in New Seattle als benannter Schauplatz mit Bezug zu Seattle belegt. Das Dossier fasst den belegten Quellenstand redaktionell zusammen; eine nicht belegte Kartenposition wird nicht ergänzt.","hasMore":true,"hasExcerpt":true,"sources":[{"bookId":"sr3-new-seattle","title":"New Seattle","edition":"SR3","citation":"PDF-Seite 89","purpose":"description"}]}}}},{"type":"Feature","geometry":null,"properties":{"id":4082,"global_id":"seattle:source-place:babylon-shop","name":"Babylon Shop","aliases":[],"category":"Sonstige Spots","detail_map":"Seattle","source_pages":"Textzeile 2077","map_source":"SRM04-08 - Brothers United (Artifact Rush 4)","placement_note":"Keine belastbare Einzelposition; Eintrag bleibt im Katalog","accuracy":"Nur Stadt oder Lore-Teilraum belegt","source_map":"source-supplement","source_panel":"Seattle","description_preview":"Babylon Shop ist in SRM04-08 - Brothers United (Artifact Rush 4) als benannter Schauplatz mit Bezug zu Seattle belegt.","description_full":"Babylon Shop ist in SRM04-08 - Brothers United (Artifact Rush 4) als benannter Schauplatz mit Bezug zu Seattle belegt. Das Dossier fasst den belegten Quellenstand redaktionell zusammen; eine nicht belegte Kartenposition wird nicht ergänzt.","description_source":"Textzeile 2077","description_kind":"Ortsdossier","description_has_more":true,"detail_plans":[],"alternate_locations":[],"sources":[{"bookId":"sr4-srm04-08-brothers-united-artifact-rush-4","title":"SRM04-08 - Brothers United (Artifact Rush 4)","edition":"SR4","citation":"Textzeile 2077","purpose":"description"}],"map_sources":[],"editions":["SR4"],"edition_descriptions":{"SR4":{"kind":"Ortsdossier","preview":"Babylon Shop ist in SRM04-08 - Brothers United (Artifact Rush 4) als benannter Schauplatz mit Bezug zu Seattle belegt.","full":"Babylon Shop ist in SRM04-08 - Brothers United (Artifact Rush 4) als benannter Schauplatz mit Bezug zu Seattle belegt. Das Dossier fasst den belegten Quellenstand redaktionell zusammen; eine nicht belegte Kartenposition wird nicht ergänzt.","hasMore":true,"hasExcerpt":true,"sources":[{"bookId":"sr4-srm04-08-brothers-united-artifact-rush-4","title":"SRM04-08 - Brothers United (Artifact Rush 4)","edition":"SR4","citation":"Textzeile 2077","purpose":"description"}]}}}},{"type":"Feature","geometry":null,"properties":{"id":4083,"global_id":"seattle:source-place:bainbridge-island","name":"Bainbridge Island","aliases":[],"category":"Sonstige Spots","detail_map":"Seattle","source_pages":"Textzeile 13335","map_source":"Emerald City (Seattle)","placement_note":"Keine belastbare Einzelposition; Eintrag bleibt im Katalog","accuracy":"Nur Stadt oder Lore-Teilraum belegt","source_map":"source-supplement","source_panel":"Seattle","description_preview":"Bainbridge Island ist in Emerald City (Seattle) als benannter Schauplatz mit Bezug zu Seattle belegt.","description_full":"Bainbridge Island ist in Emerald City (Seattle) als benannter Schauplatz mit Bezug zu Seattle belegt. Das Dossier fasst den belegten Quellenstand redaktionell zusammen; eine nicht belegte Kartenposition wird nicht ergänzt.","description_source":"Textzeile 13335","description_kind":"Ortsdossier","description_has_more":true,"detail_plans":[],"alternate_locations":[],"sources":[{"bookId":"sr6-emerald-city-seattle","title":"Emerald City (Seattle)","edition":"SR6","citation":"Textzeile 13335","purpose":"description"},{"bookId":"sr4-seattle-2072","title":"Seattle 2072","edition":"SR4","citation":"Textzeile 13902","purpose":"description"},{"bookId":"sr5-seattle-sprawl-box-emerald-shadows","title":"Seattle Sprawl Box - Emerald Shadows","edition":"SR5","citation":"Textzeile 7627","purpose":"description"},{"bookId":"sr5-seattle-smaragd-im-schatten","title":"Seattle - Smaragd im Schatten","edition":"SR5","citation":"Textzeile 7486","purpose":"description"}],"map_sources":[],"editions":["SR4","SR5","SR6"],"edition_descriptions":{"SR4":{"kind":"Ortsdossier","preview":"Bainbridge Island ist in Seattle 2072 als benannter Schauplatz mit Bezug zu Seattle belegt.","full":"Bainbridge Island ist in Seattle 2072 als benannter Schauplatz mit Bezug zu Seattle belegt. Das Dossier fasst den belegten Quellenstand redaktionell zusammen; eine nicht belegte Kartenposition wird nicht ergänzt.","hasMore":true,"hasExcerpt":true,"sources":[{"bookId":"sr4-seattle-2072","title":"Seattle 2072","edition":"SR4","citation":"Textzeile 13902","purpose":"description"}]},"SR5":{"kind":"Ortsdossier","preview":"Bainbridge Island ist in Seattle Sprawl Box - Emerald Shadows als benannter Schauplatz mit Bezug zu Seattle belegt.","full":"Bainbridge Island ist in Seattle Sprawl Box - Emerald Shadows als benannter Schauplatz mit Bezug zu Seattle belegt. Das Dossier fasst den belegten Quellenstand redaktionell zusammen; eine nicht belegte Kartenposition wird nicht ergänzt.","hasMore":true,"hasExcerpt":true,"sources":[{"bookId":"sr5-seattle-sprawl-box-emerald-shadows","title":"Seattle Sprawl Box - Emerald Shadows","edition":"SR5","citation":"Textzeile 7627","purpose":"description"},{"bookId":"sr5-seattle-smaragd-im-schatten","title":"Seattle - Smaragd im Schatten","edition":"SR5","citation":"Textzeile 7486","purpose":"description"}]},"SR6":{"kind":"Ortsdossier","preview":"Bainbridge Island ist in Emerald City (Seattle) als benannter Schauplatz mit Bezug zu Seattle belegt.","full":"Bainbridge Island ist in Emerald City (Seattle) als benannter Schauplatz mit Bezug zu Seattle belegt. Das Dossier fasst den belegten Quellenstand redaktionell zusammen; eine nicht belegte Kartenposition wird nicht ergänzt.","hasMore":true,"hasExcerpt":true,"sources":[{"bookId":"sr6-emerald-city-seattle","title":"Emerald City (Seattle)","edition":"SR6","citation":"Textzeile 13335","purpose":"description"}]}}}},{"type":"Feature","geometry":null,"properties":{"id":4084,"global_id":"seattle:source-place:battery-road-fourth-street","name":"Battery Road & Fourth Street","aliases":[],"category":"Sonstige Spots","detail_map":"Seattle","source_pages":"Textzeile 11688","map_source":"Seattle 2072","placement_note":"Keine belastbare Einzelposition; Eintrag bleibt im Katalog","accuracy":"Nur Stadt oder Lore-Teilraum belegt","source_map":"source-supplement","source_panel":"Seattle","description_preview":"Battery Road & Fourth Street ist in Seattle 2072 als benannter Schauplatz mit Bezug zu Seattle belegt.","description_full":"Battery Road & Fourth Street ist in Seattle 2072 als benannter Schauplatz mit Bezug zu Seattle belegt. Das Dossier fasst den belegten Quellenstand redaktionell zusammen; eine nicht belegte Kartenposition wird nicht ergänzt.","description_source":"Textzeile 11688","description_kind":"Ortsdossier","description_has_more":true,"detail_plans":[],"alternate_locations":[],"sources":[{"bookId":"sr4-seattle-2072","title":"Seattle 2072","edition":"SR4","citation":"Textzeile 11688","purpose":"description"}],"map_sources":[],"editions":["SR4"],"edition_descriptions":{"SR4":{"kind":"Ortsdossier","preview":"Battery Road & Fourth Street ist in Seattle 2072 als benannter Schauplatz mit Bezug zu Seattle belegt.","full":"Battery Road & Fourth Street ist in Seattle 2072 als benannter Schauplatz mit Bezug zu Seattle belegt. Das Dossier fasst den belegten Quellenstand redaktionell zusammen; eine nicht belegte Kartenposition wird nicht ergänzt.","hasMore":true,"hasExcerpt":true,"sources":[{"bookId":"sr4-seattle-2072","title":"Seattle 2072","edition":"SR4","citation":"Textzeile 11688","purpose":"description"}]}}}},{"type":"Feature","geometry":null,"properties":{"id":4085,"global_id":"seattle:source-place:battery-street-fourth-avenue","name":"Battery Street & Fourth Avenue","aliases":[],"category":"Sonstige Spots","detail_map":"Seattle","source_pages":"Textzeile 6187","map_source":"Seattle 2072","placement_note":"Keine belastbare Einzelposition; Eintrag bleibt im Katalog","accuracy":"Nur Stadt oder Lore-Teilraum belegt","source_map":"source-supplement","source_panel":"Seattle","description_preview":"Battery Street & Fourth Avenue ist in Seattle 2072 als benannter Schauplatz mit Bezug zu Seattle belegt.","description_full":"Battery Street & Fourth Avenue ist in Seattle 2072 als benannter Schauplatz mit Bezug zu Seattle belegt. Das Dossier fasst den belegten Quellenstand redaktionell zusammen; eine nicht belegte Kartenposition wird nicht ergänzt.","description_source":"Textzeile 6187","description_kind":"Ortsdossier","description_has_more":true,"detail_plans":[],"alternate_locations":[],"sources":[{"bookId":"sr4-seattle-2072","title":"Seattle 2072","edition":"SR4","citation":"Textzeile 6187","purpose":"description"},{"bookId":"sr4-srm04-01-hiding-in-the-dark-buried-underground-1","title":"SRM04-01 - Hiding in the Dark (Buried Underground 1)","edition":"SR4","citation":"Textzeile 433","purpose":"description"}],"map_sources":[],"editions":["SR4"],"edition_descriptions":{"SR4":{"kind":"Ortsdossier","preview":"Battery Street & Fourth Avenue ist in Seattle 2072 als benannter Schauplatz mit Bezug zu Seattle belegt.","full":"Battery Street & Fourth Avenue ist in Seattle 2072 als benannter Schauplatz mit Bezug zu Seattle belegt. Das Dossier fasst den belegten Quellenstand redaktionell zusammen; eine nicht belegte Kartenposition wird nicht ergänzt.","hasMore":true,"hasExcerpt":true,"sources":[{"bookId":"sr4-seattle-2072","title":"Seattle 2072","edition":"SR4","citation":"Textzeile 6187","purpose":"description"},{"bookId":"sr4-srm04-01-hiding-in-the-dark-buried-underground-1","title":"SRM04-01 - Hiding in the Dark (Buried Underground 1)","edition":"SR4","citation":"Textzeile 433","purpose":"description"}]}}}},{"type":"Feature","geometry":null,"properties":{"id":4086,"global_id":"seattle:source-place:bell-street-elliot-avenue","name":"Bell Street & Elliot Avenue","aliases":[],"category":"Sonstige Spots","detail_map":"Seattle","source_pages":"Textzeile 6161","map_source":"Seattle 2072","placement_note":"Keine belastbare Einzelposition; Eintrag bleibt im Katalog","accuracy":"Nur Stadt oder Lore-Teilraum belegt","source_map":"source-supplement","source_panel":"Seattle","description_preview":"Bell Street & Elliot Avenue ist in Seattle 2072 als benannter Schauplatz mit Bezug zu Seattle belegt.","description_full":"Bell Street & Elliot Avenue ist in Seattle 2072 als benannter Schauplatz mit Bezug zu Seattle belegt. Das Dossier fasst den belegten Quellenstand redaktionell zusammen; eine nicht belegte Kartenposition wird nicht ergänzt.","description_source":"Textzeile 6161","description_kind":"Ortsdossier","description_has_more":true,"detail_plans":[],"alternate_locations":[],"sources":[{"bookId":"sr4-seattle-2072","title":"Seattle 2072","edition":"SR4","citation":"Textzeile 6161","purpose":"description"}],"map_sources":[],"editions":["SR4"],"edition_descriptions":{"SR4":{"kind":"Ortsdossier","preview":"Bell Street & Elliot Avenue ist in Seattle 2072 als benannter Schauplatz mit Bezug zu Seattle belegt.","full":"Bell Street & Elliot Avenue ist in Seattle 2072 als benannter Schauplatz mit Bezug zu Seattle belegt. Das Dossier fasst den belegten Quellenstand redaktionell zusammen; eine nicht belegte Kartenposition wird nicht ergänzt.","hasMore":true,"hasExcerpt":true,"sources":[{"bookId":"sr4-seattle-2072","title":"Seattle 2072","edition":"SR4","citation":"Textzeile 6161","purpose":"description"}]}}}},{"type":"Feature","geometry":null,"properties":{"id":4087,"global_id":"seattle:source-place:bell-street-second-avenue","name":"Bell Street & Second Avenue","aliases":["Bell Street & Second Ave"],"category":"Sonstige Spots","detail_map":"Seattle","source_pages":"Textzeile 20648","map_source":"Seattle 2072","placement_note":"Keine belastbare Einzelposition; Eintrag bleibt im Katalog","accuracy":"Nur Stadt oder Lore-Teilraum belegt","source_map":"source-supplement","source_panel":"Seattle","description_preview":"Bell Street & Second Avenue ist in Seattle 2072 als benannter Schauplatz mit Bezug zu Seattle belegt.","description_full":"Bell Street & Second Avenue ist in Seattle 2072 als benannter Schauplatz mit Bezug zu Seattle belegt. Das Dossier fasst den belegten Quellenstand redaktionell zusammen; eine nicht belegte Kartenposition wird nicht ergänzt.","description_source":"Textzeile 20648","description_kind":"Ortsdossier","description_has_more":true,"detail_plans":[],"alternate_locations":[],"sources":[{"bookId":"sr4-seattle-2072","title":"Seattle 2072","edition":"SR4","citation":"Textzeile 20648","purpose":"description"},{"bookId":"sr4-seattle-2072","title":"Seattle 2072","edition":"SR4","citation":"Textzeile 4904","purpose":"description"}],"map_sources":[],"editions":["SR4"],"edition_descriptions":{"SR4":{"kind":"Ortsdossier","preview":"Bell Street & Second Avenue ist in Seattle 2072 als benannter Schauplatz mit Bezug zu Seattle belegt.","full":"Bell Street & Second Avenue ist in Seattle 2072 als benannter Schauplatz mit Bezug zu Seattle belegt. Das Dossier fasst den belegten Quellenstand redaktionell zusammen; eine nicht belegte Kartenposition wird nicht ergänzt.","hasMore":true,"hasExcerpt":true,"sources":[{"bookId":"sr4-seattle-2072","title":"Seattle 2072","edition":"SR4","citation":"Textzeile 20648","purpose":"description"},{"bookId":"sr4-seattle-2072","title":"Seattle 2072","edition":"SR4","citation":"Textzeile 4904","purpose":"description"}]}}}},{"type":"Feature","geometry":null,"properties":{"id":4088,"global_id":"seattle:source-place:bellevue-art-museum","name":"Bellevue Art Museum","aliases":[],"category":"Sonstige Spots","detail_map":"Seattle","source_pages":"PDF-Seite 124","map_source":"New Seattle","placement_note":"Keine belastbare Einzelposition; Eintrag bleibt im Katalog","accuracy":"Nur Stadt oder Lore-Teilraum belegt","source_map":"source-supplement","source_panel":"Seattle","description_preview":"Bellevue Art Museum ist in New Seattle als benannter Schauplatz mit Bezug zu Seattle belegt.","description_full":"Bellevue Art Museum ist in New Seattle als benannter Schauplatz mit Bezug zu Seattle belegt. Das Dossier fasst den belegten Quellenstand redaktionell zusammen; eine nicht belegte Kartenposition wird nicht ergänzt.","description_source":"PDF-Seite 124","description_kind":"Ortsdossier","description_has_more":true,"detail_plans":[],"alternate_locations":[],"sources":[{"bookId":"sr3-new-seattle","title":"New Seattle","edition":"SR3","citation":"PDF-Seite 124","purpose":"description"},{"bookId":"sr4-seattle-2072","title":"Seattle 2072","edition":"SR4","citation":"Textzeile 6907","purpose":"description"},{"bookId":"sr4-seattle-2072","title":"Seattle 2072","edition":"SR4","citation":"Textzeile 20986","purpose":"description"}],"map_sources":[],"editions":["SR3","SR4"],"edition_descriptions":{"SR3":{"kind":"Ortsdossier","preview":"Bellevue Art Museum ist in New Seattle als benannter Schauplatz mit Bezug zu Seattle belegt.","full":"Bellevue Art Museum ist in New Seattle als benannter Schauplatz mit Bezug zu Seattle belegt. Das Dossier fasst den belegten Quellenstand redaktionell zusammen; eine nicht belegte Kartenposition wird nicht ergänzt.","hasMore":true,"hasExcerpt":true,"sources":[{"bookId":"sr3-new-seattle","title":"New Seattle","edition":"SR3","citation":"PDF-Seite 124","purpose":"description"}]},"SR4":{"kind":"Ortsdossier","preview":"Bellevue Art Museum ist in Seattle 2072 als benannter Schauplatz mit Bezug zu Seattle belegt.","full":"Bellevue Art Museum ist in Seattle 2072 als benannter Schauplatz mit Bezug zu Seattle belegt. Das Dossier fasst den belegten Quellenstand redaktionell zusammen; eine nicht belegte Kartenposition wird nicht ergänzt.","hasMore":true,"hasExcerpt":true,"sources":[{"bookId":"sr4-seattle-2072","title":"Seattle 2072","edition":"SR4","citation":"Textzeile 6907","purpose":"description"},{"bookId":"sr4-seattle-2072","title":"Seattle 2072","edition":"SR4","citation":"Textzeile 20986","purpose":"description"}]}}}},{"type":"Feature","geometry":null,"properties":{"id":4089,"global_id":"seattle:source-place:bellevue-way-se-main-street","name":"Bellevue Way SE/Main Street","aliases":[],"category":"Sonstige Spots","detail_map":"Seattle","source_pages":"PDF-Seite 125","map_source":"New Seattle","placement_note":"Keine belastbare Einzelposition; Eintrag bleibt im Katalog","accuracy":"Nur Stadt oder Lore-Teilraum belegt","source_map":"source-supplement","source_panel":"Seattle","description_preview":"Bellevue Way SE/Main Street ist in New Seattle als benannter Schauplatz mit Bezug zu Seattle belegt.","description_full":"Bellevue Way SE/Main Street ist in New Seattle als benannter Schauplatz mit Bezug zu Seattle belegt. Das Dossier fasst den belegten Quellenstand redaktionell zusammen; eine nicht belegte Kartenposition wird nicht ergänzt.","description_source":"PDF-Seite 125","description_kind":"Ortsdossier","description_has_more":true,"detail_plans":[],"alternate_locations":[],"sources":[{"bookId":"sr3-new-seattle","title":"New Seattle","edition":"SR3","citation":"PDF-Seite 125","purpose":"description"},{"bookId":"sr4-seattle-2072","title":"Seattle 2072","edition":"SR4","citation":"Textzeile 6886","purpose":"description"}],"map_sources":[],"editions":["SR3","SR4"],"edition_descriptions":{"SR3":{"kind":"Ortsdossier","preview":"Bellevue Way SE/Main Street ist in New Seattle als benannter Schauplatz mit Bezug zu Seattle belegt.","full":"Bellevue Way SE/Main Street ist in New Seattle als benannter Schauplatz mit Bezug zu Seattle belegt. Das Dossier fasst den belegten Quellenstand redaktionell zusammen; eine nicht belegte Kartenposition wird nicht ergänzt.","hasMore":true,"hasExcerpt":true,"sources":[{"bookId":"sr3-new-seattle","title":"New Seattle","edition":"SR3","citation":"PDF-Seite 125","purpose":"description"}]},"SR4":{"kind":"Ortsdossier","preview":"Bellevue Way SE/Main Street ist in Seattle 2072 als benannter Schauplatz mit Bezug zu Seattle belegt.","full":"Bellevue Way SE/Main Street ist in Seattle 2072 als benannter Schauplatz mit Bezug zu Seattle belegt. Das Dossier fasst den belegten Quellenstand redaktionell zusammen; eine nicht belegte Kartenposition wird nicht ergänzt.","hasMore":true,"hasExcerpt":true,"sources":[{"bookId":"sr4-seattle-2072","title":"Seattle 2072","edition":"SR4","citation":"Textzeile 6886","purpose":"description"}]}}}},{"type":"Feature","geometry":null,"properties":{"id":4090,"global_id":"seattle:source-place:beverly-boulevard-and-madison-street","name":"Beverly Boulevard and Madison Street","aliases":["Beverly Boulevard/Madison Street"],"category":"Sonstige Spots","detail_map":"Seattle","source_pages":"PDF-Seite 127","map_source":"New Seattle","placement_note":"Keine belastbare Einzelposition; Eintrag bleibt im Katalog","accuracy":"Nur Stadt oder Lore-Teilraum belegt","source_map":"source-supplement","source_panel":"Seattle","description_preview":"Beverly Boulevard and Madison Street ist in New Seattle als benannter Schauplatz mit Bezug zu Seattle belegt.","description_full":"Beverly Boulevard and Madison Street ist in New Seattle als benannter Schauplatz mit Bezug zu Seattle belegt. Das Dossier fasst den belegten Quellenstand redaktionell zusammen; eine nicht belegte Kartenposition wird nicht ergänzt.","description_source":"PDF-Seite 127","description_kind":"Ortsdossier","description_has_more":true,"detail_plans":[],"alternate_locations":[],"sources":[{"bookId":"sr3-new-seattle","title":"New Seattle","edition":"SR3","citation":"PDF-Seite 127","purpose":"description"},{"bookId":"sr3-new-seattle","title":"New Seattle","edition":"SR3","citation":"PDF-Seite 126","purpose":"description"},{"bookId":"sr4-seattle-2072","title":"Seattle 2072","edition":"SR4","citation":"Textzeile 8782","purpose":"description"}],"map_sources":[],"editions":["SR3","SR4"],"edition_descriptions":{"SR3":{"kind":"Ortsdossier","preview":"Beverly Boulevard and Madison Street ist in New Seattle als benannter Schauplatz mit Bezug zu Seattle belegt.","full":"Beverly Boulevard and Madison Street ist in New Seattle als benannter Schauplatz mit Bezug zu Seattle belegt. Das Dossier fasst den belegten Quellenstand redaktionell zusammen; eine nicht belegte Kartenposition wird nicht ergänzt.","hasMore":true,"hasExcerpt":true,"sources":[{"bookId":"sr3-new-seattle","title":"New Seattle","edition":"SR3","citation":"PDF-Seite 127","purpose":"description"},{"bookId":"sr3-new-seattle","title":"New Seattle","edition":"SR3","citation":"PDF-Seite 126","purpose":"description"}]},"SR4":{"kind":"Ortsdossier","preview":"Beverly Boulevard and Madison Street ist in Seattle 2072 als benannter Schauplatz mit Bezug zu Seattle belegt.","full":"Beverly Boulevard and Madison Street ist in Seattle 2072 als benannter Schauplatz mit Bezug zu Seattle belegt. Das Dossier fasst den belegten Quellenstand redaktionell zusammen; eine nicht belegte Kartenposition wird nicht ergänzt.","hasMore":true,"hasExcerpt":true,"sources":[{"bookId":"sr4-seattle-2072","title":"Seattle 2072","edition":"SR4","citation":"Textzeile 8782","purpose":"description"}]}}}},{"type":"Feature","geometry":null,"properties":{"id":4091,"global_id":"seattle:source-place:beverly-park-road-gibson-road","name":"Beverly Park Road & Gibson Road","aliases":["Beverly Park Rd & Gibson Rd"],"category":"Sonstige Spots","detail_map":"Seattle","source_pages":"PDF-Seite 1","map_source":"Seattle - Metroplex Karte","placement_note":"Keine belastbare Einzelposition; Eintrag bleibt im Katalog","accuracy":"Nur Stadt oder Lore-Teilraum belegt","source_map":"source-supplement","source_panel":"Seattle","description_preview":"Beverly Park Road & Gibson Road ist in Seattle - Metroplex Karte als benannter Schauplatz mit Bezug zu Seattle belegt.","description_full":"Beverly Park Road & Gibson Road ist in Seattle - Metroplex Karte als benannter Schauplatz mit Bezug zu Seattle belegt. Das Dossier fasst den belegten Quellenstand redaktionell zusammen; eine nicht belegte Kartenposition wird nicht ergänzt.","description_source":"PDF-Seite 1","description_kind":"Ortsdossier","description_has_more":true,"detail_plans":[],"alternate_locations":[],"sources":[{"bookId":"sr5-seattle-metroplex-karte","title":"Seattle - Metroplex Karte","edition":"SR5","citation":"PDF-Seite 1","purpose":"description"},{"bookId":"sr4-seattle-2072","title":"Seattle 2072","edition":"SR4","citation":"Textzeile 8634","purpose":"description"}],"map_sources":[],"editions":["SR4","SR5"],"edition_descriptions":{"SR4":{"kind":"Ortsdossier","preview":"Beverly Park Road & Gibson Road ist in Seattle 2072 als benannter Schauplatz mit Bezug zu Seattle belegt.","full":"Beverly Park Road & Gibson Road ist in Seattle 2072 als benannter Schauplatz mit Bezug zu Seattle belegt. Das Dossier fasst den belegten Quellenstand redaktionell zusammen; eine nicht belegte Kartenposition wird nicht ergänzt.","hasMore":true,"hasExcerpt":true,"sources":[{"bookId":"sr4-seattle-2072","title":"Seattle 2072","edition":"SR4","citation":"Textzeile 8634","purpose":"description"}]},"SR5":{"kind":"Ortsdossier","preview":"Beverly Park Road & Gibson Road ist in Seattle - Metroplex Karte als benannter Schauplatz mit Bezug zu Seattle belegt.","full":"Beverly Park Road & Gibson Road ist in Seattle - Metroplex Karte als benannter Schauplatz mit Bezug zu Seattle belegt. Das Dossier fasst den belegten Quellenstand redaktionell zusammen; eine nicht belegte Kartenposition wird nicht ergänzt.","hasMore":true,"hasExcerpt":true,"sources":[{"bookId":"sr5-seattle-metroplex-karte","title":"Seattle - Metroplex Karte","edition":"SR5","citation":"PDF-Seite 1","purpose":"description"}]}}}},{"type":"Feature","geometry":null,"properties":{"id":4092,"global_id":"seattle:source-place:boren-avenue-west-thomas-street-bernard","name":"Boren Avenue & West Thomas Street/Bernard","aliases":[],"category":"Sonstige Spots","detail_map":"Seattle","source_pages":"PDF-Seite 39","map_source":"Seattle Sourcebook","placement_note":"Keine belastbare Einzelposition; Eintrag bleibt im Katalog","accuracy":"Nur Stadt oder Lore-Teilraum belegt","source_map":"source-supplement","source_panel":"Seattle","description_preview":"Boren Avenue & West Thomas Street/Bernard ist in Seattle Sourcebook als benannter Schauplatz mit Bezug zu Seattle belegt.","description_full":"Boren Avenue & West Thomas Street/Bernard ist in Seattle Sourcebook als benannter Schauplatz mit Bezug zu Seattle belegt. Das Dossier fasst den belegten Quellenstand redaktionell zusammen; eine nicht belegte Kartenposition wird nicht ergänzt.","description_source":"PDF-Seite 39","description_kind":"Ortsdossier","description_has_more":true,"detail_plans":[],"alternate_locations":[],"sources":[{"bookId":"sr1-seattle-sourcebook","title":"Seattle Sourcebook","edition":"SR1","citation":"PDF-Seite 39","purpose":"description"}],"map_sources":[],"editions":["SR1"],"edition_descriptions":{"SR1":{"kind":"Ortsdossier","preview":"Boren Avenue & West Thomas Street/Bernard ist in Seattle Sourcebook als benannter Schauplatz mit Bezug zu Seattle belegt.","full":"Boren Avenue & West Thomas Street/Bernard ist in Seattle Sourcebook als benannter Schauplatz mit Bezug zu Seattle belegt. Das Dossier fasst den belegten Quellenstand redaktionell zusammen; eine nicht belegte Kartenposition wird nicht ergänzt.","hasMore":true,"hasExcerpt":true,"sources":[{"bookId":"sr1-seattle-sourcebook","title":"Seattle Sourcebook","edition":"SR1","citation":"PDF-Seite 39","purpose":"description"}]}}}},{"type":"Feature","geometry":null,"properties":{"id":4093,"global_id":"seattle:source-place:boren-avenue-west-thomas-street","name":"Boren Avenue/West Thomas Street","aliases":[],"category":"Sonstige Spots","detail_map":"Seattle","source_pages":"PDF-Seite 122","map_source":"New Seattle","placement_note":"Keine belastbare Einzelposition; Eintrag bleibt im Katalog","accuracy":"Nur Stadt oder Lore-Teilraum belegt","source_map":"source-supplement","source_panel":"Seattle","description_preview":"Boren Avenue/West Thomas Street ist in New Seattle als benannter Schauplatz mit Bezug zu Seattle belegt.","description_full":"Boren Avenue/West Thomas Street ist in New Seattle als benannter Schauplatz mit Bezug zu Seattle belegt. Das Dossier fasst den belegten Quellenstand redaktionell zusammen; eine nicht belegte Kartenposition wird nicht ergänzt.","description_source":"PDF-Seite 122","description_kind":"Ortsdossier","description_has_more":true,"detail_plans":[],"alternate_locations":[],"sources":[{"bookId":"sr3-new-seattle","title":"New Seattle","edition":"SR3","citation":"PDF-Seite 122","purpose":"description"},{"bookId":"sr4-seattle-2072","title":"Seattle 2072","edition":"SR4","citation":"Textzeile 4786","purpose":"description"}],"map_sources":[],"editions":["SR3","SR4"],"edition_descriptions":{"SR3":{"kind":"Ortsdossier","preview":"Boren Avenue/West Thomas Street ist in New Seattle als benannter Schauplatz mit Bezug zu Seattle belegt.","full":"Boren Avenue/West Thomas Street ist in New Seattle als benannter Schauplatz mit Bezug zu Seattle belegt. Das Dossier fasst den belegten Quellenstand redaktionell zusammen; eine nicht belegte Kartenposition wird nicht ergänzt.","hasMore":true,"hasExcerpt":true,"sources":[{"bookId":"sr3-new-seattle","title":"New Seattle","edition":"SR3","citation":"PDF-Seite 122","purpose":"description"}]},"SR4":{"kind":"Ortsdossier","preview":"Boren Avenue/West Thomas Street ist in Seattle 2072 als benannter Schauplatz mit Bezug zu Seattle belegt.","full":"Boren Avenue/West Thomas Street ist in Seattle 2072 als benannter Schauplatz mit Bezug zu Seattle belegt. Das Dossier fasst den belegten Quellenstand redaktionell zusammen; eine nicht belegte Kartenposition wird nicht ergänzt.","hasMore":true,"hasExcerpt":true,"sources":[{"bookId":"sr4-seattle-2072","title":"Seattle 2072","edition":"SR4","citation":"Textzeile 4786","purpose":"description"}]}}}},{"type":"Feature","geometry":null,"properties":{"id":4094,"global_id":"seattle:source-place:broad-street-and-elliot-avenue","name":"Broad Street and Elliot Avenue","aliases":["Broad Street/Elliot Avenue"],"category":"Sonstige Spots","detail_map":"Seattle","source_pages":"PDF-Seite 122","map_source":"New Seattle","placement_note":"Keine belastbare Einzelposition; Eintrag bleibt im Katalog","accuracy":"Nur Stadt oder Lore-Teilraum belegt","source_map":"source-supplement","source_panel":"Seattle","description_preview":"Broad Street and Elliot Avenue ist in New Seattle als benannter Schauplatz mit Bezug zu Seattle belegt.","description_full":"Broad Street and Elliot Avenue ist in New Seattle als benannter Schauplatz mit Bezug zu Seattle belegt. Das Dossier fasst den belegten Quellenstand redaktionell zusammen; eine nicht belegte Kartenposition wird nicht ergänzt.","description_source":"PDF-Seite 122","description_kind":"Ortsdossier","description_has_more":true,"detail_plans":[],"alternate_locations":[],"sources":[{"bookId":"sr3-new-seattle","title":"New Seattle","edition":"SR3","citation":"PDF-Seite 122","purpose":"description"},{"bookId":"sr3-new-seattle","title":"New Seattle","edition":"SR3","citation":"PDF-Seite 121","purpose":"description"},{"bookId":"sr4-seattle-2072","title":"Seattle 2072","edition":"SR4","citation":"Textzeile 5550","purpose":"description"}],"map_sources":[],"editions":["SR3","SR4"],"edition_descriptions":{"SR3":{"kind":"Ortsdossier","preview":"Broad Street and Elliot Avenue ist in New Seattle als benannter Schauplatz mit Bezug zu Seattle belegt.","full":"Broad Street and Elliot Avenue ist in New Seattle als benannter Schauplatz mit Bezug zu Seattle belegt. Das Dossier fasst den belegten Quellenstand redaktionell zusammen; eine nicht belegte Kartenposition wird nicht ergänzt.","hasMore":true,"hasExcerpt":true,"sources":[{"bookId":"sr3-new-seattle","title":"New Seattle","edition":"SR3","citation":"PDF-Seite 122","purpose":"description"},{"bookId":"sr3-new-seattle","title":"New Seattle","edition":"SR3","citation":"PDF-Seite 121","purpose":"description"}]},"SR4":{"kind":"Ortsdossier","preview":"Broad Street and Elliot Avenue ist in Seattle 2072 als benannter Schauplatz mit Bezug zu Seattle belegt.","full":"Broad Street and Elliot Avenue ist in Seattle 2072 als benannter Schauplatz mit Bezug zu Seattle belegt. Das Dossier fasst den belegten Quellenstand redaktionell zusammen; eine nicht belegte Kartenposition wird nicht ergänzt.","hasMore":true,"hasExcerpt":true,"sources":[{"bookId":"sr4-seattle-2072","title":"Seattle 2072","edition":"SR4","citation":"Textzeile 5550","purpose":"description"}]}}}},{"type":"Feature","geometry":null,"properties":{"id":4095,"global_id":"seattle:source-place:broadway-avenue-east-east-harrison-street","name":"Broadway Avenue East/East Harrison Street","aliases":[],"category":"Sonstige Spots","detail_map":"Seattle","source_pages":"PDF-Seite 123","map_source":"New Seattle","placement_note":"Keine belastbare Einzelposition; Eintrag bleibt im Katalog","accuracy":"Nur Stadt oder Lore-Teilraum belegt","source_map":"source-supplement","source_panel":"Seattle","description_preview":"Broadway Avenue East/East Harrison Street ist in New Seattle als benannter Schauplatz mit Bezug zu Seattle belegt.","description_full":"Broadway Avenue East/East Harrison Street ist in New Seattle als benannter Schauplatz mit Bezug zu Seattle belegt. Das Dossier fasst den belegten Quellenstand redaktionell zusammen; eine nicht belegte Kartenposition wird nicht ergänzt.","description_source":"PDF-Seite 123","description_kind":"Ortsdossier","description_has_more":true,"detail_plans":[],"alternate_locations":[],"sources":[{"bookId":"sr3-new-seattle","title":"New Seattle","edition":"SR3","citation":"PDF-Seite 123","purpose":"description"}],"map_sources":[],"editions":["SR3"],"edition_descriptions":{"SR3":{"kind":"Ortsdossier","preview":"Broadway Avenue East/East Harrison Street ist in New Seattle als benannter Schauplatz mit Bezug zu Seattle belegt.","full":"Broadway Avenue East/East Harrison Street ist in New Seattle als benannter Schauplatz mit Bezug zu Seattle belegt. Das Dossier fasst den belegten Quellenstand redaktionell zusammen; eine nicht belegte Kartenposition wird nicht ergänzt.","hasMore":true,"hasExcerpt":true,"sources":[{"bookId":"sr3-new-seattle","title":"New Seattle","edition":"SR3","citation":"PDF-Seite 123","purpose":"description"}]}}}},{"type":"Feature","geometry":null,"properties":{"id":4096,"global_id":"seattle:source-place:cedar-street-and-western-avenue","name":"Cedar Street and Western Avenue","aliases":["Cedar Street/Western Avenue"],"category":"Sonstige Spots","detail_map":"Seattle","source_pages":"PDF-Seite 122","map_source":"New Seattle","placement_note":"Keine belastbare Einzelposition; Eintrag bleibt im Katalog","accuracy":"Nur Stadt oder Lore-Teilraum belegt","source_map":"source-supplement","source_panel":"Seattle","description_preview":"Cedar Street and Western Avenue ist in New Seattle als benannter Schauplatz mit Bezug zu Seattle belegt.","description_full":"Cedar Street and Western Avenue ist in New Seattle als benannter Schauplatz mit Bezug zu Seattle belegt. Das Dossier fasst den belegten Quellenstand redaktionell zusammen; eine nicht belegte Kartenposition wird nicht ergänzt.","description_source":"PDF-Seite 122","description_kind":"Ortsdossier","description_has_more":true,"detail_plans":[],"alternate_locations":[],"sources":[{"bookId":"sr3-new-seattle","title":"New Seattle","edition":"SR3","citation":"PDF-Seite 122","purpose":"description"},{"bookId":"sr4-seattle-2072","title":"Seattle 2072","edition":"SR4","citation":"Textzeile 5971","purpose":"description"},{"bookId":"sr4-srm04-01-hiding-in-the-dark-buried-underground-1","title":"SRM04-01 - Hiding in the Dark (Buried Underground 1)","edition":"SR4","citation":"Textzeile 1181","purpose":"description"}],"map_sources":[],"editions":["SR3","SR4"],"edition_descriptions":{"SR3":{"kind":"Ortsdossier","preview":"Cedar Street and Western Avenue ist in New Seattle als benannter Schauplatz mit Bezug zu Seattle belegt.","full":"Cedar Street and Western Avenue ist in New Seattle als benannter Schauplatz mit Bezug zu Seattle belegt. Das Dossier fasst den belegten Quellenstand redaktionell zusammen; eine nicht belegte Kartenposition wird nicht ergänzt.","hasMore":true,"hasExcerpt":true,"sources":[{"bookId":"sr3-new-seattle","title":"New Seattle","edition":"SR3","citation":"PDF-Seite 122","purpose":"description"}]},"SR4":{"kind":"Ortsdossier","preview":"Cedar Street and Western Avenue ist in Seattle 2072 als benannter Schauplatz mit Bezug zu Seattle belegt.","full":"Cedar Street and Western Avenue ist in Seattle 2072 als benannter Schauplatz mit Bezug zu Seattle belegt. Das Dossier fasst den belegten Quellenstand redaktionell zusammen; eine nicht belegte Kartenposition wird nicht ergänzt.","hasMore":true,"hasExcerpt":true,"sources":[{"bookId":"sr4-seattle-2072","title":"Seattle 2072","edition":"SR4","citation":"Textzeile 5971","purpose":"description"},{"bookId":"sr4-srm04-01-hiding-in-the-dark-buried-underground-1","title":"SRM04-01 - Hiding in the Dark (Buried Underground 1)","edition":"SR4","citation":"Textzeile 1181","purpose":"description"}]}}}},{"type":"Feature","geometry":null,"properties":{"id":4097,"global_id":"seattle:source-place:charles-royer-station","name":"Charles Royer Station","aliases":[],"category":"Verkehr und Infrastruktur","detail_map":"Seattle","source_pages":"Textzeile 7636","map_source":"Seattle 2072","placement_note":"Keine belastbare Einzelposition; Eintrag bleibt im Katalog","accuracy":"Nur Stadt oder Lore-Teilraum belegt","source_map":"source-supplement","source_panel":"Seattle","description_preview":"Charles Royer Station ist in Seattle 2072 als benannter Schauplatz mit Bezug zu Seattle belegt.","description_full":"Charles Royer Station ist in Seattle 2072 als benannter Schauplatz mit Bezug zu Seattle belegt. Das Dossier fasst den belegten Quellenstand redaktionell zusammen; eine nicht belegte Kartenposition wird nicht ergänzt.","description_source":"Textzeile 7636","description_kind":"Ortsdossier","description_has_more":true,"detail_plans":[],"alternate_locations":[],"sources":[{"bookId":"sr4-seattle-2072","title":"Seattle 2072","edition":"SR4","citation":"Textzeile 7636","purpose":"description"},{"bookId":"sr5-seattle-sprawl-box-emerald-shadows","title":"Seattle Sprawl Box - Emerald Shadows","edition":"SR5","citation":"Textzeile 2869","purpose":"description"}],"map_sources":[],"editions":["SR4","SR5"],"edition_descriptions":{"SR4":{"kind":"Ortsdossier","preview":"Charles Royer Station ist in Seattle 2072 als benannter Schauplatz mit Bezug zu Seattle belegt.","full":"Charles Royer Station ist in Seattle 2072 als benannter Schauplatz mit Bezug zu Seattle belegt. Das Dossier fasst den belegten Quellenstand redaktionell zusammen; eine nicht belegte Kartenposition wird nicht ergänzt.","hasMore":true,"hasExcerpt":true,"sources":[{"bookId":"sr4-seattle-2072","title":"Seattle 2072","edition":"SR4","citation":"Textzeile 7636","purpose":"description"}]},"SR5":{"kind":"Ortsdossier","preview":"Charles Royer Station ist in Seattle Sprawl Box - Emerald Shadows als benannter Schauplatz mit Bezug zu Seattle belegt.","full":"Charles Royer Station ist in Seattle Sprawl Box - Emerald Shadows als benannter Schauplatz mit Bezug zu Seattle belegt. Das Dossier fasst den belegten Quellenstand redaktionell zusammen; eine nicht belegte Kartenposition wird nicht ergänzt.","hasMore":true,"hasExcerpt":true,"sources":[{"bookId":"sr5-seattle-sprawl-box-emerald-shadows","title":"Seattle Sprawl Box - Emerald Shadows","edition":"SR5","citation":"Textzeile 2869","purpose":"description"}]}}}},{"type":"Feature","geometry":null,"properties":{"id":4098,"global_id":"seattle:source-place:cherry-street-eighth-avenue","name":"Cherry Street & Eighth Avenue","aliases":[],"category":"Sonstige Spots","detail_map":"Seattle","source_pages":"Textzeile 5621","map_source":"Seattle 2072","placement_note":"Keine belastbare Einzelposition; Eintrag bleibt im Katalog","accuracy":"Nur Stadt oder Lore-Teilraum belegt","source_map":"source-supplement","source_panel":"Seattle","description_preview":"Cherry Street & Eighth Avenue ist in Seattle 2072 als benannter Schauplatz mit Bezug zu Seattle belegt.","description_full":"Cherry Street & Eighth Avenue ist in Seattle 2072 als benannter Schauplatz mit Bezug zu Seattle belegt. Das Dossier fasst den belegten Quellenstand redaktionell zusammen; eine nicht belegte Kartenposition wird nicht ergänzt.","description_source":"Textzeile 5621","description_kind":"Ortsdossier","description_has_more":true,"detail_plans":[],"alternate_locations":[],"sources":[{"bookId":"sr4-seattle-2072","title":"Seattle 2072","edition":"SR4","citation":"Textzeile 5621","purpose":"description"}],"map_sources":[],"editions":["SR4"],"edition_descriptions":{"SR4":{"kind":"Ortsdossier","preview":"Cherry Street & Eighth Avenue ist in Seattle 2072 als benannter Schauplatz mit Bezug zu Seattle belegt.","full":"Cherry Street & Eighth Avenue ist in Seattle 2072 als benannter Schauplatz mit Bezug zu Seattle belegt. Das Dossier fasst den belegten Quellenstand redaktionell zusammen; eine nicht belegte Kartenposition wird nicht ergänzt.","hasMore":true,"hasExcerpt":true,"sources":[{"bookId":"sr4-seattle-2072","title":"Seattle 2072","edition":"SR4","citation":"Textzeile 5621","purpose":"description"}]}}}},{"type":"Feature","geometry":null,"properties":{"id":4099,"global_id":"seattle:source-place:cherry-street-and-fourth-avenue","name":"Cherry Street and Fourth Avenue","aliases":[],"category":"Sonstige Spots","detail_map":"Seattle","source_pages":"Textzeile 577","map_source":"SRM04-11 - Election Day (Buried Underground 6)","placement_note":"Keine belastbare Einzelposition; Eintrag bleibt im Katalog","accuracy":"Nur Stadt oder Lore-Teilraum belegt","source_map":"source-supplement","source_panel":"Seattle","description_preview":"Cherry Street and Fourth Avenue ist in SRM04-11 - Election Day (Buried Underground 6) als benannter Schauplatz mit Bezug zu Seattle belegt.","description_full":"Cherry Street and Fourth Avenue ist in SRM04-11 - Election Day (Buried Underground 6) als benannter Schauplatz mit Bezug zu Seattle belegt. Das Dossier fasst den belegten Quellenstand redaktionell zusammen; eine nicht belegte Kartenposition wird nicht ergänzt.","description_source":"Textzeile 577","description_kind":"Ortsdossier","description_has_more":true,"detail_plans":[],"alternate_locations":[],"sources":[{"bookId":"sr4-srm04-11-election-day-buried-underground-6","title":"SRM04-11 - Election Day (Buried Underground 6)","edition":"SR4","citation":"Textzeile 577","purpose":"description"}],"map_sources":[],"editions":["SR4"],"edition_descriptions":{"SR4":{"kind":"Ortsdossier","preview":"Cherry Street and Fourth Avenue ist in SRM04-11 - Election Day (Buried Underground 6) als benannter Schauplatz mit Bezug zu Seattle belegt.","full":"Cherry Street and Fourth Avenue ist in SRM04-11 - Election Day (Buried Underground 6) als benannter Schauplatz mit Bezug zu Seattle belegt. Das Dossier fasst den belegten Quellenstand redaktionell zusammen; eine nicht belegte Kartenposition wird nicht ergänzt.","hasMore":true,"hasExcerpt":true,"sources":[{"bookId":"sr4-srm04-11-election-day-buried-underground-6","title":"SRM04-11 - Election Day (Buried Underground 6)","edition":"SR4","citation":"Textzeile 577","purpose":"description"}]}}}},{"type":"Feature","geometry":null,"properties":{"id":4100,"global_id":"seattle:source-place:club-infinity","name":"Club Infinity","aliases":[],"category":"Bars, Clubs und Gastronomie","detail_map":"Seattle","source_pages":"Textzeile 1029","map_source":"Dawn of the Artifacts 3 - Darkest Hour","placement_note":"Keine belastbare Einzelposition; Eintrag bleibt im Katalog","accuracy":"Nur Stadt oder Lore-Teilraum belegt","source_map":"source-supplement","source_panel":"Seattle","description_preview":"Club Infinity ist in Dawn of the Artifacts 3 - Darkest Hour als benannter Schauplatz mit Bezug zu Seattle belegt.","description_full":"Club Infinity ist in Dawn of the Artifacts 3 - Darkest Hour als benannter Schauplatz mit Bezug zu Seattle belegt. Das Dossier fasst den belegten Quellenstand redaktionell zusammen; eine nicht belegte Kartenposition wird nicht ergänzt.","description_source":"Textzeile 1029","description_kind":"Ortsdossier","description_has_more":true,"detail_plans":[],"alternate_locations":[],"sources":[{"bookId":"sr4-dawn-of-the-artifacts-3-darkest-hour","title":"Dawn of the Artifacts 3 - Darkest Hour","edition":"SR4","citation":"Textzeile 1029","purpose":"description"}],"map_sources":[],"editions":["SR4"],"edition_descriptions":{"SR4":{"kind":"Ortsdossier","preview":"Club Infinity ist in Dawn of the Artifacts 3 - Darkest Hour als benannter Schauplatz mit Bezug zu Seattle belegt.","full":"Club Infinity ist in Dawn of the Artifacts 3 - Darkest Hour als benannter Schauplatz mit Bezug zu Seattle belegt. Das Dossier fasst den belegten Quellenstand redaktionell zusammen; eine nicht belegte Kartenposition wird nicht ergänzt.","hasMore":true,"hasExcerpt":true,"sources":[{"bookId":"sr4-dawn-of-the-artifacts-3-darkest-hour","title":"Dawn of the Artifacts 3 - Darkest Hour","edition":"SR4","citation":"Textzeile 1029","purpose":"description"}]}}}},{"type":"Feature","geometry":null,"properties":{"id":4101,"global_id":"seattle:source-place:commercial-street","name":"Commercial Street","aliases":[],"category":"Sonstige Spots","detail_map":"Seattle","source_pages":"Textzeile 10973","map_source":"Seattle 2072","placement_note":"Keine belastbare Einzelposition; Eintrag bleibt im Katalog","accuracy":"Nur Stadt oder Lore-Teilraum belegt","source_map":"source-supplement","source_panel":"Seattle","description_preview":"Commercial Street ist in Seattle 2072 als benannter Schauplatz mit Bezug zu Seattle belegt.","description_full":"Commercial Street ist in Seattle 2072 als benannter Schauplatz mit Bezug zu Seattle belegt. Das Dossier fasst den belegten Quellenstand redaktionell zusammen; eine nicht belegte Kartenposition wird nicht ergänzt.","description_source":"Textzeile 10973","description_kind":"Ortsdossier","description_has_more":true,"detail_plans":[],"alternate_locations":[],"sources":[{"bookId":"sr4-seattle-2072","title":"Seattle 2072","edition":"SR4","citation":"Textzeile 10973","purpose":"description"}],"map_sources":[],"editions":["SR4"],"edition_descriptions":{"SR4":{"kind":"Ortsdossier","preview":"Commercial Street ist in Seattle 2072 als benannter Schauplatz mit Bezug zu Seattle belegt.","full":"Commercial Street ist in Seattle 2072 als benannter Schauplatz mit Bezug zu Seattle belegt. Das Dossier fasst den belegten Quellenstand redaktionell zusammen; eine nicht belegte Kartenposition wird nicht ergänzt.","hasMore":true,"hasExcerpt":true,"sources":[{"bookId":"sr4-seattle-2072","title":"Seattle 2072","edition":"SR4","citation":"Textzeile 10973","purpose":"description"}]}}}},{"type":"Feature","geometry":null,"properties":{"id":4102,"global_id":"seattle:source-place:coolidge-avenue-and-adams-street","name":"Coolidge Avenue and Adams Street","aliases":["Coolidge Avenue/Adams Street"],"category":"Sonstige Spots","detail_map":"Seattle","source_pages":"PDF-Seite 131","map_source":"New Seattle","placement_note":"Keine belastbare Einzelposition; Eintrag bleibt im Katalog","accuracy":"Nur Stadt oder Lore-Teilraum belegt","source_map":"source-supplement","source_panel":"Seattle","description_preview":"Coolidge Avenue and Adams Street ist in New Seattle als benannter Schauplatz mit Bezug zu Seattle belegt.","description_full":"Coolidge Avenue and Adams Street ist in New Seattle als benannter Schauplatz mit Bezug zu Seattle belegt. Das Dossier fasst den belegten Quellenstand redaktionell zusammen; eine nicht belegte Kartenposition wird nicht ergänzt.","description_source":"PDF-Seite 131","description_kind":"Ortsdossier","description_has_more":true,"detail_plans":[],"alternate_locations":[],"sources":[{"bookId":"sr3-new-seattle","title":"New Seattle","edition":"SR3","citation":"PDF-Seite 131","purpose":"description"},{"bookId":"sr4-seattle-2072","title":"Seattle 2072","edition":"SR4","citation":"Textzeile 11553","purpose":"description"}],"map_sources":[],"editions":["SR3","SR4"],"edition_descriptions":{"SR3":{"kind":"Ortsdossier","preview":"Coolidge Avenue and Adams Street ist in New Seattle als benannter Schauplatz mit Bezug zu Seattle belegt.","full":"Coolidge Avenue and Adams Street ist in New Seattle als benannter Schauplatz mit Bezug zu Seattle belegt. Das Dossier fasst den belegten Quellenstand redaktionell zusammen; eine nicht belegte Kartenposition wird nicht ergänzt.","hasMore":true,"hasExcerpt":true,"sources":[{"bookId":"sr3-new-seattle","title":"New Seattle","edition":"SR3","citation":"PDF-Seite 131","purpose":"description"}]},"SR4":{"kind":"Ortsdossier","preview":"Coolidge Avenue and Adams Street ist in Seattle 2072 als benannter Schauplatz mit Bezug zu Seattle belegt.","full":"Coolidge Avenue and Adams Street ist in Seattle 2072 als benannter Schauplatz mit Bezug zu Seattle belegt. Das Dossier fasst den belegten Quellenstand redaktionell zusammen; eine nicht belegte Kartenposition wird nicht ergänzt.","hasMore":true,"hasExcerpt":true,"sources":[{"bookId":"sr4-seattle-2072","title":"Seattle 2072","edition":"SR4","citation":"Textzeile 11553","purpose":"description"}]}}}},{"type":"Feature","geometry":null,"properties":{"id":4103,"global_id":"seattle:source-place:coolidge-avenue-and-adams-street-captain-malafu","name":"Coolidge Avenue and Adams Street/Captain Malafu","aliases":["Coolidge Avenue und Adams Street/Captain Malafu"],"category":"Sonstige Spots","detail_map":"Seattle","source_pages":"PDF-Seite 126","map_source":"Seattle Sourcebook","placement_note":"Keine belastbare Einzelposition; Eintrag bleibt im Katalog","accuracy":"Nur Stadt oder Lore-Teilraum belegt","source_map":"source-supplement","source_panel":"Seattle","description_preview":"Coolidge Avenue and Adams Street/Captain Malafu ist in Seattle Sourcebook als benannter Schauplatz mit Bezug zu Seattle belegt.","description_full":"Coolidge Avenue and Adams Street/Captain Malafu ist in Seattle Sourcebook als benannter Schauplatz mit Bezug zu Seattle belegt. Das Dossier fasst den belegten Quellenstand redaktionell zusammen; eine nicht belegte Kartenposition wird nicht ergänzt.","description_source":"PDF-Seite 126","description_kind":"Ortsdossier","description_has_more":true,"detail_plans":[],"alternate_locations":[],"sources":[{"bookId":"sr1-seattle-sourcebook","title":"Seattle Sourcebook","edition":"SR1","citation":"PDF-Seite 126","purpose":"description"},{"bookId":"sr2-seattle-quellenbuch","title":"Seattle Quellenbuch","edition":"SR2","citation":"PDF-Seite 109","purpose":"description"}],"map_sources":[],"editions":["SR1","SR2"],"edition_descriptions":{"SR1":{"kind":"Ortsdossier","preview":"Coolidge Avenue and Adams Street/Captain Malafu ist in Seattle Sourcebook als benannter Schauplatz mit Bezug zu Seattle belegt.","full":"Coolidge Avenue and Adams Street/Captain Malafu ist in Seattle Sourcebook als benannter Schauplatz mit Bezug zu Seattle belegt. Das Dossier fasst den belegten Quellenstand redaktionell zusammen; eine nicht belegte Kartenposition wird nicht ergänzt.","hasMore":true,"hasExcerpt":true,"sources":[{"bookId":"sr1-seattle-sourcebook","title":"Seattle Sourcebook","edition":"SR1","citation":"PDF-Seite 126","purpose":"description"}]},"SR2":{"kind":"Ortsdossier","preview":"Coolidge Avenue and Adams Street/Captain Malafu ist in Seattle Quellenbuch als benannter Schauplatz mit Bezug zu Seattle belegt.","full":"Coolidge Avenue and Adams Street/Captain Malafu ist in Seattle Quellenbuch als benannter Schauplatz mit Bezug zu Seattle belegt. Das Dossier fasst den belegten Quellenstand redaktionell zusammen; eine nicht belegte Kartenposition wird nicht ergänzt.","hasMore":true,"hasExcerpt":true,"sources":[{"bookId":"sr2-seattle-quellenbuch","title":"Seattle Quellenbuch","edition":"SR2","citation":"PDF-Seite 109","purpose":"description"}]}}}},{"type":"Feature","geometry":null,"properties":{"id":4104,"global_id":"seattle:source-place:crash-zone","name":"Crash Zone","aliases":[],"category":"Bezirke und Lore-Gebiete","detail_map":"Seattle","source_pages":"Textzeile 11925","map_source":"Seattle 2072","placement_note":"Keine belastbare Einzelposition; Eintrag bleibt im Katalog","accuracy":"Nur Stadt oder Lore-Teilraum belegt","source_map":"source-supplement","source_panel":"Seattle","description_preview":"Crash Zone ist in Seattle 2072 als benannter Schauplatz mit Bezug zu Seattle belegt.","description_full":"Crash Zone ist in Seattle 2072 als benannter Schauplatz mit Bezug zu Seattle belegt. Das Dossier fasst den belegten Quellenstand redaktionell zusammen; eine nicht belegte Kartenposition wird nicht ergänzt.","description_source":"Textzeile 11925","description_kind":"Ortsdossier","description_has_more":true,"detail_plans":[],"alternate_locations":[],"sources":[{"bookId":"sr4-seattle-2072","title":"Seattle 2072","edition":"SR4","citation":"Textzeile 11925","purpose":"description"},{"bookId":"sr3-new-seattle","title":"New Seattle","edition":"SR3","citation":"PDF-Seite 65","purpose":"description"},{"bookId":"sr4-seattle-2072","title":"Seattle 2072","edition":"SR4","citation":"Textzeile 12131","purpose":"description"}],"map_sources":[],"editions":["SR3","SR4"],"edition_descriptions":{"SR3":{"kind":"Ortsdossier","preview":"Crash Zone ist in New Seattle als benannter Schauplatz mit Bezug zu Seattle belegt.","full":"Crash Zone ist in New Seattle als benannter Schauplatz mit Bezug zu Seattle belegt. Das Dossier fasst den belegten Quellenstand redaktionell zusammen; eine nicht belegte Kartenposition wird nicht ergänzt.","hasMore":true,"hasExcerpt":true,"sources":[{"bookId":"sr3-new-seattle","title":"New Seattle","edition":"SR3","citation":"PDF-Seite 65","purpose":"description"}]},"SR4":{"kind":"Ortsdossier","preview":"Crash Zone ist in Seattle 2072 als benannter Schauplatz mit Bezug zu Seattle belegt.","full":"Crash Zone ist in Seattle 2072 als benannter Schauplatz mit Bezug zu Seattle belegt. Das Dossier fasst den belegten Quellenstand redaktionell zusammen; eine nicht belegte Kartenposition wird nicht ergänzt.","hasMore":true,"hasExcerpt":true,"sources":[{"bookId":"sr4-seattle-2072","title":"Seattle 2072","edition":"SR4","citation":"Textzeile 11925","purpose":"description"},{"bookId":"sr4-seattle-2072","title":"Seattle 2072","edition":"SR4","citation":"Textzeile 12131","purpose":"description"}]}}}},{"type":"Feature","geometry":null,"properties":{"id":4105,"global_id":"seattle:source-place:customs-district","name":"Customs District","aliases":[],"category":"Bezirke und Lore-Gebiete","detail_map":"Seattle","source_pages":"Textzeile 11078","map_source":"Emerald City (Seattle)","placement_note":"Keine belastbare Einzelposition; Eintrag bleibt im Katalog","accuracy":"Nur Stadt oder Lore-Teilraum belegt","source_map":"source-supplement","source_panel":"Seattle","description_preview":"Customs District ist in Emerald City (Seattle) als benannter Schauplatz mit Bezug zu Seattle belegt.","description_full":"Customs District ist in Emerald City (Seattle) als benannter Schauplatz mit Bezug zu Seattle belegt. Das Dossier fasst den belegten Quellenstand redaktionell zusammen; eine nicht belegte Kartenposition wird nicht ergänzt.","description_source":"Textzeile 11078","description_kind":"Ortsdossier","description_has_more":true,"detail_plans":[],"alternate_locations":[],"sources":[{"bookId":"sr6-emerald-city-seattle","title":"Emerald City (Seattle)","edition":"SR6","citation":"Textzeile 11078","purpose":"description"}],"map_sources":[],"editions":["SR6"],"edition_descriptions":{"SR6":{"kind":"Ortsdossier","preview":"Customs District ist in Emerald City (Seattle) als benannter Schauplatz mit Bezug zu Seattle belegt.","full":"Customs District ist in Emerald City (Seattle) als benannter Schauplatz mit Bezug zu Seattle belegt. Das Dossier fasst den belegten Quellenstand redaktionell zusammen; eine nicht belegte Kartenposition wird nicht ergänzt.","hasMore":true,"hasExcerpt":true,"sources":[{"bookId":"sr6-emerald-city-seattle","title":"Emerald City (Seattle)","edition":"SR6","citation":"Textzeile 11078","purpose":"description"}]}}}},{"type":"Feature","geometry":null,"properties":{"id":4106,"global_id":"seattle:source-place:das-senttle-center","name":"Das Senttle-Center","aliases":[],"category":"Sonstige Spots","detail_map":"Seattle","source_pages":"PDF-Seite 37","map_source":"Seattle Quellenbuch","placement_note":"Keine belastbare Einzelposition; Eintrag bleibt im Katalog","accuracy":"Nur Stadt oder Lore-Teilraum belegt","source_map":"source-supplement","source_panel":"Seattle","description_preview":"Das Senttle-Center ist in Seattle Quellenbuch als benannter Schauplatz mit Bezug zu Seattle belegt.","description_full":"Das Senttle-Center ist in Seattle Quellenbuch als benannter Schauplatz mit Bezug zu Seattle belegt. Das Dossier fasst den belegten Quellenstand redaktionell zusammen; eine nicht belegte Kartenposition wird nicht ergänzt.","description_source":"PDF-Seite 37","description_kind":"Ortsdossier","description_has_more":true,"detail_plans":[],"alternate_locations":[],"sources":[{"bookId":"sr2-seattle-quellenbuch","title":"Seattle Quellenbuch","edition":"SR2","citation":"PDF-Seite 37","purpose":"description"}],"map_sources":[],"editions":["SR2"],"edition_descriptions":{"SR2":{"kind":"Ortsdossier","preview":"Das Senttle-Center ist in Seattle Quellenbuch als benannter Schauplatz mit Bezug zu Seattle belegt.","full":"Das Senttle-Center ist in Seattle Quellenbuch als benannter Schauplatz mit Bezug zu Seattle belegt. Das Dossier fasst den belegten Quellenstand redaktionell zusammen; eine nicht belegte Kartenposition wird nicht ergänzt.","hasMore":true,"hasExcerpt":true,"sources":[{"bookId":"sr2-seattle-quellenbuch","title":"Seattle Quellenbuch","edition":"SR2","citation":"PDF-Seite 37","purpose":"description"}]}}}},{"type":"Feature","geometry":null,"properties":{"id":4107,"global_id":"seattle:source-place:denning-castle","name":"Denning Castle","aliases":[],"category":"Sonstige Spots","detail_map":"Seattle","source_pages":"Textzeile 15662","map_source":"Emerald City (Seattle)","placement_note":"Keine belastbare Einzelposition; Eintrag bleibt im Katalog","accuracy":"Nur Stadt oder Lore-Teilraum belegt","source_map":"source-supplement","source_panel":"Seattle","description_preview":"Denning Castle ist in Emerald City (Seattle) als benannter Schauplatz mit Bezug zu Seattle belegt.","description_full":"Denning Castle ist in Emerald City (Seattle) als benannter Schauplatz mit Bezug zu Seattle belegt. Das Dossier fasst den belegten Quellenstand redaktionell zusammen; eine nicht belegte Kartenposition wird nicht ergänzt.","description_source":"Textzeile 15662","description_kind":"Ortsdossier","description_has_more":true,"detail_plans":[],"alternate_locations":[],"sources":[{"bookId":"sr6-emerald-city-seattle","title":"Emerald City (Seattle)","edition":"SR6","citation":"Textzeile 15662","purpose":"description"}],"map_sources":[],"editions":["SR6"],"edition_descriptions":{"SR6":{"kind":"Ortsdossier","preview":"Denning Castle ist in Emerald City (Seattle) als benannter Schauplatz mit Bezug zu Seattle belegt.","full":"Denning Castle ist in Emerald City (Seattle) als benannter Schauplatz mit Bezug zu Seattle belegt. Das Dossier fasst den belegten Quellenstand redaktionell zusammen; eine nicht belegte Kartenposition wird nicht ergänzt.","hasMore":true,"hasExcerpt":true,"sources":[{"bookId":"sr6-emerald-city-seattle","title":"Emerald City (Seattle)","edition":"SR6","citation":"Textzeile 15662","purpose":"description"}]}}}},{"type":"Feature","geometry":null,"properties":{"id":4108,"global_id":"seattle:source-place:der-zoologische-garten-fort-lewis","name":"Der Zoologische Garten Fort Lewis","aliases":[],"category":"Sonstige Spots","detail_map":"Seattle","source_pages":"PDF-Seite 58","map_source":"New Seattle","placement_note":"Keine belastbare Einzelposition; Eintrag bleibt im Katalog","accuracy":"Nur Stadt oder Lore-Teilraum belegt","source_map":"source-supplement","source_panel":"Seattle","description_preview":"Der Zoologische Garten Fort Lewis ist in New Seattle als benannter Schauplatz mit Bezug zu Seattle belegt.","description_full":"Der Zoologische Garten Fort Lewis ist in New Seattle als benannter Schauplatz mit Bezug zu Seattle belegt. Das Dossier fasst den belegten Quellenstand redaktionell zusammen; eine nicht belegte Kartenposition wird nicht ergänzt.","description_source":"PDF-Seite 58","description_kind":"Ortsdossier","description_has_more":true,"detail_plans":[],"alternate_locations":[],"sources":[{"bookId":"sr3-new-seattle","title":"New Seattle","edition":"SR3","citation":"PDF-Seite 58","purpose":"description"}],"map_sources":[],"editions":["SR3"],"edition_descriptions":{"SR3":{"kind":"Ortsdossier","preview":"Der Zoologische Garten Fort Lewis ist in New Seattle als benannter Schauplatz mit Bezug zu Seattle belegt.","full":"Der Zoologische Garten Fort Lewis ist in New Seattle als benannter Schauplatz mit Bezug zu Seattle belegt. Das Dossier fasst den belegten Quellenstand redaktionell zusammen; eine nicht belegte Kartenposition wird nicht ergänzt.","hasMore":true,"hasExcerpt":true,"sources":[{"bookId":"sr3-new-seattle","title":"New Seattle","edition":"SR3","citation":"PDF-Seite 58","purpose":"description"}]}}}},{"type":"Feature","geometry":null,"properties":{"id":4109,"global_id":"seattle:source-place:die-renraku-arkologie","name":"Die Renraku-Arkologie","aliases":[],"category":"Konzerne und markante Bauwerke","detail_map":"Seattle","source_pages":"PDF-Seite 38","map_source":"New Seattle","placement_note":"Keine belastbare Einzelposition; Eintrag bleibt im Katalog","accuracy":"Nur Stadt oder Lore-Teilraum belegt","source_map":"source-supplement","source_panel":"Seattle","description_preview":"Die Renraku-Arkologie ist in New Seattle als benannter Schauplatz mit Bezug zu Seattle belegt.","description_full":"Die Renraku-Arkologie ist in New Seattle als benannter Schauplatz mit Bezug zu Seattle belegt. Das Dossier fasst den belegten Quellenstand redaktionell zusammen; eine nicht belegte Kartenposition wird nicht ergänzt.","description_source":"PDF-Seite 38","description_kind":"Ortsdossier","description_has_more":true,"detail_plans":[],"alternate_locations":[],"sources":[{"bookId":"sr3-new-seattle","title":"New Seattle","edition":"SR3","citation":"PDF-Seite 38","purpose":"description"}],"map_sources":[],"editions":["SR3"],"edition_descriptions":{"SR3":{"kind":"Ortsdossier","preview":"Die Renraku-Arkologie ist in New Seattle als benannter Schauplatz mit Bezug zu Seattle belegt.","full":"Die Renraku-Arkologie ist in New Seattle als benannter Schauplatz mit Bezug zu Seattle belegt. Das Dossier fasst den belegten Quellenstand redaktionell zusammen; eine nicht belegte Kartenposition wird nicht ergänzt.","hasMore":true,"hasExcerpt":true,"sources":[{"bookId":"sr3-new-seattle","title":"New Seattle","edition":"SR3","citation":"PDF-Seite 38","purpose":"description"}]}}}},{"type":"Feature","geometry":null,"properties":{"id":4110,"global_id":"seattle:source-place:docwagon-lynwood-clinic","name":"Docwagon Lynwood Clinic","aliases":[],"category":"Medizin und Versorgung","detail_map":"Seattle","source_pages":"Textzeile 1453","map_source":"SRM04-10 - Romero and Juliette (Artifact Rush 5)","placement_note":"Keine belastbare Einzelposition; Eintrag bleibt im Katalog","accuracy":"Nur Stadt oder Lore-Teilraum belegt","source_map":"source-supplement","source_panel":"Seattle","description_preview":"Docwagon Lynwood Clinic ist in SRM04-10 - Romero and Juliette (Artifact Rush 5) als benannter Schauplatz mit Bezug zu Seattle belegt.","description_full":"Docwagon Lynwood Clinic ist in SRM04-10 - Romero and Juliette (Artifact Rush 5) als benannter Schauplatz mit Bezug zu Seattle belegt. Das Dossier fasst den belegten Quellenstand redaktionell zusammen; eine nicht belegte Kartenposition wird nicht ergänzt.","description_source":"Textzeile 1453","description_kind":"Ortsdossier","description_has_more":true,"detail_plans":[],"alternate_locations":[],"sources":[{"bookId":"sr4-srm04-10-romero-and-juliette-artifact-rush-5","title":"SRM04-10 - Romero and Juliette (Artifact Rush 5)","edition":"SR4","citation":"Textzeile 1453","purpose":"description"}],"map_sources":[],"editions":["SR4"],"edition_descriptions":{"SR4":{"kind":"Ortsdossier","preview":"Docwagon Lynwood Clinic ist in SRM04-10 - Romero and Juliette (Artifact Rush 5) als benannter Schauplatz mit Bezug zu Seattle belegt.","full":"Docwagon Lynwood Clinic ist in SRM04-10 - Romero and Juliette (Artifact Rush 5) als benannter Schauplatz mit Bezug zu Seattle belegt. Das Dossier fasst den belegten Quellenstand redaktionell zusammen; eine nicht belegte Kartenposition wird nicht ergänzt.","hasMore":true,"hasExcerpt":true,"sources":[{"bookId":"sr4-srm04-10-romero-and-juliette-artifact-rush-5","title":"SRM04-10 - Romero and Juliette (Artifact Rush 5)","edition":"SR4","citation":"Textzeile 1453","purpose":"description"}]}}}},{"type":"Feature","geometry":null,"properties":{"id":4111,"global_id":"seattle:source-place:dr-bob-s-quickstich-clinic","name":"Dr. Bob's Quickstich Clinic","aliases":[],"category":"Medizin und Versorgung","detail_map":"Seattle","source_pages":"PDF-Seite 132","map_source":"New Seattle","placement_note":"Keine belastbare Einzelposition; Eintrag bleibt im Katalog","accuracy":"Nur Stadt oder Lore-Teilraum belegt","source_map":"source-supplement","source_panel":"Seattle","description_preview":"Dr. Bob's Quickstich Clinic ist in New Seattle als benannter Schauplatz mit Bezug zu Seattle belegt.","description_full":"Dr. Bob's Quickstich Clinic ist in New Seattle als benannter Schauplatz mit Bezug zu Seattle belegt. Das Dossier fasst den belegten Quellenstand redaktionell zusammen; eine nicht belegte Kartenposition wird nicht ergänzt.","description_source":"PDF-Seite 132","description_kind":"Ortsdossier","description_has_more":true,"detail_plans":[],"alternate_locations":[],"sources":[{"bookId":"sr3-new-seattle","title":"New Seattle","edition":"SR3","citation":"PDF-Seite 132","purpose":"description"}],"map_sources":[],"editions":["SR3"],"edition_descriptions":{"SR3":{"kind":"Ortsdossier","preview":"Dr. Bob's Quickstich Clinic ist in New Seattle als benannter Schauplatz mit Bezug zu Seattle belegt.","full":"Dr. Bob's Quickstich Clinic ist in New Seattle als benannter Schauplatz mit Bezug zu Seattle belegt. Das Dossier fasst den belegten Quellenstand redaktionell zusammen; eine nicht belegte Kartenposition wird nicht ergänzt.","hasMore":true,"hasExcerpt":true,"sources":[{"bookId":"sr3-new-seattle","title":"New Seattle","edition":"SR3","citation":"PDF-Seite 132","purpose":"description"}]}}}},{"type":"Feature","geometry":null,"properties":{"id":4112,"global_id":"seattle:source-place:drive-street","name":"Drive Street","aliases":[],"category":"Sonstige Spots","detail_map":"Seattle","source_pages":"Textzeile 4288","map_source":"Seattle Sprawl Box - Emerald Shadows","placement_note":"Keine belastbare Einzelposition; Eintrag bleibt im Katalog","accuracy":"Nur Stadt oder Lore-Teilraum belegt","source_map":"source-supplement","source_panel":"Seattle","description_preview":"Drive Street ist in Seattle Sprawl Box - Emerald Shadows als benannter Schauplatz mit Bezug zu Seattle belegt.","description_full":"Drive Street ist in Seattle Sprawl Box - Emerald Shadows als benannter Schauplatz mit Bezug zu Seattle belegt. Das Dossier fasst den belegten Quellenstand redaktionell zusammen; eine nicht belegte Kartenposition wird nicht ergänzt.","description_source":"Textzeile 4288","description_kind":"Ortsdossier","description_has_more":true,"detail_plans":[],"alternate_locations":[],"sources":[{"bookId":"sr5-seattle-sprawl-box-emerald-shadows","title":"Seattle Sprawl Box - Emerald Shadows","edition":"SR5","citation":"Textzeile 4288","purpose":"description"},{"bookId":"sr5-seattle-smaragd-im-schatten","title":"Seattle - Smaragd im Schatten","edition":"SR5","citation":"Textzeile 4105","purpose":"description"}],"map_sources":[],"editions":["SR5"],"edition_descriptions":{"SR5":{"kind":"Ortsdossier","preview":"Drive Street ist in Seattle Sprawl Box - Emerald Shadows als benannter Schauplatz mit Bezug zu Seattle belegt.","full":"Drive Street ist in Seattle Sprawl Box - Emerald Shadows als benannter Schauplatz mit Bezug zu Seattle belegt. Das Dossier fasst den belegten Quellenstand redaktionell zusammen; eine nicht belegte Kartenposition wird nicht ergänzt.","hasMore":true,"hasExcerpt":true,"sources":[{"bookId":"sr5-seattle-sprawl-box-emerald-shadows","title":"Seattle Sprawl Box - Emerald Shadows","edition":"SR5","citation":"Textzeile 4288","purpose":"description"},{"bookId":"sr5-seattle-smaragd-im-schatten","title":"Seattle - Smaragd im Schatten","edition":"SR5","citation":"Textzeile 4105","purpose":"description"}]}}}},{"type":"Feature","geometry":null,"properties":{"id":4113,"global_id":"seattle:source-place:east-mercer-street-harvard-avenue","name":"East Mercer Street & Harvard Avenue","aliases":[],"category":"Sonstige Spots","detail_map":"Seattle","source_pages":"Textzeile 6059","map_source":"Seattle 2072","placement_note":"Keine belastbare Einzelposition; Eintrag bleibt im Katalog","accuracy":"Nur Stadt oder Lore-Teilraum belegt","source_map":"source-supplement","source_panel":"Seattle","description_preview":"East Mercer Street & Harvard Avenue ist in Seattle 2072 als benannter Schauplatz mit Bezug zu Seattle belegt.","description_full":"East Mercer Street & Harvard Avenue ist in Seattle 2072 als benannter Schauplatz mit Bezug zu Seattle belegt. Das Dossier fasst den belegten Quellenstand redaktionell zusammen; eine nicht belegte Kartenposition wird nicht ergänzt.","description_source":"Textzeile 6059","description_kind":"Ortsdossier","description_has_more":true,"detail_plans":[],"alternate_locations":[],"sources":[{"bookId":"sr4-seattle-2072","title":"Seattle 2072","edition":"SR4","citation":"Textzeile 6059","purpose":"description"}],"map_sources":[],"editions":["SR4"],"edition_descriptions":{"SR4":{"kind":"Ortsdossier","preview":"East Mercer Street & Harvard Avenue ist in Seattle 2072 als benannter Schauplatz mit Bezug zu Seattle belegt.","full":"East Mercer Street & Harvard Avenue ist in Seattle 2072 als benannter Schauplatz mit Bezug zu Seattle belegt. Das Dossier fasst den belegten Quellenstand redaktionell zusammen; eine nicht belegte Kartenposition wird nicht ergänzt.","hasMore":true,"hasExcerpt":true,"sources":[{"bookId":"sr4-seattle-2072","title":"Seattle 2072","edition":"SR4","citation":"Textzeile 6059","purpose":"description"}]}}}},{"type":"Feature","geometry":null,"properties":{"id":4114,"global_id":"seattle:source-place:eighth-avenue-pike-street","name":"Eighth Avenue & Pike Street","aliases":["Eighth Ave & Pike Street"],"category":"Sonstige Spots","detail_map":"Seattle","source_pages":"Textzeile 20868","map_source":"Seattle 2072","placement_note":"Keine belastbare Einzelposition; Eintrag bleibt im Katalog","accuracy":"Nur Stadt oder Lore-Teilraum belegt","source_map":"source-supplement","source_panel":"Seattle","description_preview":"Eighth Avenue & Pike Street ist in Seattle 2072 als benannter Schauplatz mit Bezug zu Seattle belegt.","description_full":"Eighth Avenue & Pike Street ist in Seattle 2072 als benannter Schauplatz mit Bezug zu Seattle belegt. Das Dossier fasst den belegten Quellenstand redaktionell zusammen; eine nicht belegte Kartenposition wird nicht ergänzt.","description_source":"Textzeile 20868","description_kind":"Ortsdossier","description_has_more":true,"detail_plans":[],"alternate_locations":[],"sources":[{"bookId":"sr4-seattle-2072","title":"Seattle 2072","edition":"SR4","citation":"Textzeile 20868","purpose":"description"},{"bookId":"sr4-seattle-2072","title":"Seattle 2072","edition":"SR4","citation":"Textzeile 6302","purpose":"description"}],"map_sources":[],"editions":["SR4"],"edition_descriptions":{"SR4":{"kind":"Ortsdossier","preview":"Eighth Avenue & Pike Street ist in Seattle 2072 als benannter Schauplatz mit Bezug zu Seattle belegt.","full":"Eighth Avenue & Pike Street ist in Seattle 2072 als benannter Schauplatz mit Bezug zu Seattle belegt. Das Dossier fasst den belegten Quellenstand redaktionell zusammen; eine nicht belegte Kartenposition wird nicht ergänzt.","hasMore":true,"hasExcerpt":true,"sources":[{"bookId":"sr4-seattle-2072","title":"Seattle 2072","edition":"SR4","citation":"Textzeile 20868","purpose":"description"},{"bookId":"sr4-seattle-2072","title":"Seattle 2072","edition":"SR4","citation":"Textzeile 6302","purpose":"description"}]}}}},{"type":"Feature","geometry":null,"properties":{"id":4115,"global_id":"seattle:source-place:eighth-avenue-pine-street","name":"Eighth Avenue & Pine Street","aliases":[],"category":"Sonstige Spots","detail_map":"Seattle","source_pages":"Textzeile 6610","map_source":"Seattle 2072","placement_note":"Keine belastbare Einzelposition; Eintrag bleibt im Katalog","accuracy":"Nur Stadt oder Lore-Teilraum belegt","source_map":"source-supplement","source_panel":"Seattle","description_preview":"Eighth Avenue & Pine Street ist in Seattle 2072 als benannter Schauplatz mit Bezug zu Seattle belegt.","description_full":"Eighth Avenue & Pine Street ist in Seattle 2072 als benannter Schauplatz mit Bezug zu Seattle belegt. Das Dossier fasst den belegten Quellenstand redaktionell zusammen; eine nicht belegte Kartenposition wird nicht ergänzt.","description_source":"Textzeile 6610","description_kind":"Ortsdossier","description_has_more":true,"detail_plans":[],"alternate_locations":[],"sources":[{"bookId":"sr4-seattle-2072","title":"Seattle 2072","edition":"SR4","citation":"Textzeile 6610","purpose":"description"}],"map_sources":[],"editions":["SR4"],"edition_descriptions":{"SR4":{"kind":"Ortsdossier","preview":"Eighth Avenue & Pine Street ist in Seattle 2072 als benannter Schauplatz mit Bezug zu Seattle belegt.","full":"Eighth Avenue & Pine Street ist in Seattle 2072 als benannter Schauplatz mit Bezug zu Seattle belegt. Das Dossier fasst den belegten Quellenstand redaktionell zusammen; eine nicht belegte Kartenposition wird nicht ergänzt.","hasMore":true,"hasExcerpt":true,"sources":[{"bookId":"sr4-seattle-2072","title":"Seattle 2072","edition":"SR4","citation":"Textzeile 6610","purpose":"description"}]}}}},{"type":"Feature","geometry":null,"properties":{"id":4116,"global_id":"seattle:source-place:eighth-street-ne-bellevue-way","name":"Eighth Street NE & Bellevue Way","aliases":[],"category":"Sonstige Spots","detail_map":"Seattle","source_pages":"Textzeile 6908","map_source":"Seattle 2072","placement_note":"Keine belastbare Einzelposition; Eintrag bleibt im Katalog","accuracy":"Nur Stadt oder Lore-Teilraum belegt","source_map":"source-supplement","source_panel":"Seattle","description_preview":"Eighth Street NE & Bellevue Way ist in Seattle 2072 als benannter Schauplatz mit Bezug zu Seattle belegt.","description_full":"Eighth Street NE & Bellevue Way ist in Seattle 2072 als benannter Schauplatz mit Bezug zu Seattle belegt. Das Dossier fasst den belegten Quellenstand redaktionell zusammen; eine nicht belegte Kartenposition wird nicht ergänzt.","description_source":"Textzeile 6908","description_kind":"Ortsdossier","description_has_more":true,"detail_plans":[],"alternate_locations":[],"sources":[{"bookId":"sr4-seattle-2072","title":"Seattle 2072","edition":"SR4","citation":"Textzeile 6908","purpose":"description"},{"bookId":"sr4-seattle-2072","title":"Seattle 2072","edition":"SR4","citation":"Textzeile 6991","purpose":"description"}],"map_sources":[],"editions":["SR4"],"edition_descriptions":{"SR4":{"kind":"Ortsdossier","preview":"Eighth Street NE & Bellevue Way ist in Seattle 2072 als benannter Schauplatz mit Bezug zu Seattle belegt.","full":"Eighth Street NE & Bellevue Way ist in Seattle 2072 als benannter Schauplatz mit Bezug zu Seattle belegt. Das Dossier fasst den belegten Quellenstand redaktionell zusammen; eine nicht belegte Kartenposition wird nicht ergänzt.","hasMore":true,"hasExcerpt":true,"sources":[{"bookId":"sr4-seattle-2072","title":"Seattle 2072","edition":"SR4","citation":"Textzeile 6908","purpose":"description"},{"bookId":"sr4-seattle-2072","title":"Seattle 2072","edition":"SR4","citation":"Textzeile 6991","purpose":"description"}]}}}},{"type":"Feature","geometry":null,"properties":{"id":4117,"global_id":"seattle:source-place:elfenbezirk-chinesischer-bezirk","name":"Elfenbezirk Chinesischer Bezirk","aliases":[],"category":"Bezirke und Lore-Gebiete","detail_map":"Seattle","source_pages":"PDF-Seite 1","map_source":"Seattle - Nordwesten und Downtown Karte","placement_note":"Keine belastbare Einzelposition; Eintrag bleibt im Katalog","accuracy":"Nur Stadt oder Lore-Teilraum belegt","source_map":"source-supplement","source_panel":"Seattle","description_preview":"Elfenbezirk Chinesischer Bezirk ist in Seattle - Nordwesten und Downtown Karte als benannter Schauplatz mit Bezug zu Seattle belegt.","description_full":"Elfenbezirk Chinesischer Bezirk ist in Seattle - Nordwesten und Downtown Karte als benannter Schauplatz mit Bezug zu Seattle belegt. Das Dossier fasst den belegten Quellenstand redaktionell zusammen; eine nicht belegte Kartenposition wird nicht ergänzt.","description_source":"PDF-Seite 1","description_kind":"Ortsdossier","description_has_more":true,"detail_plans":[],"alternate_locations":[],"sources":[{"bookId":"sr5-seattle-nordwesten-und-downtown-karte","title":"Seattle - Nordwesten und Downtown Karte","edition":"SR5","citation":"PDF-Seite 1","purpose":"description"}],"map_sources":[],"editions":["SR5"],"edition_descriptions":{"SR5":{"kind":"Ortsdossier","preview":"Elfenbezirk Chinesischer Bezirk ist in Seattle - Nordwesten und Downtown Karte als benannter Schauplatz mit Bezug zu Seattle belegt.","full":"Elfenbezirk Chinesischer Bezirk ist in Seattle - Nordwesten und Downtown Karte als benannter Schauplatz mit Bezug zu Seattle belegt. Das Dossier fasst den belegten Quellenstand redaktionell zusammen; eine nicht belegte Kartenposition wird nicht ergänzt.","hasMore":true,"hasExcerpt":true,"sources":[{"bookId":"sr5-seattle-nordwesten-und-downtown-karte","title":"Seattle - Nordwesten und Downtown Karte","edition":"SR5","citation":"PDF-Seite 1","purpose":"description"}]}}}},{"type":"Feature","geometry":null,"properties":{"id":4118,"global_id":"seattle:source-place:elven-district","name":"Elven District","aliases":[],"category":"Bezirke und Lore-Gebiete","detail_map":"Seattle","source_pages":"PDF-Seite 3","map_source":"New Seattle","placement_note":"Keine belastbare Einzelposition; Eintrag bleibt im Katalog","accuracy":"Nur Stadt oder Lore-Teilraum belegt","source_map":"source-supplement","source_panel":"Seattle","description_preview":"Elven District ist in New Seattle als benannter Schauplatz mit Bezug zu Seattle belegt.","description_full":"Elven District ist in New Seattle als benannter Schauplatz mit Bezug zu Seattle belegt. Das Dossier fasst den belegten Quellenstand redaktionell zusammen; eine nicht belegte Kartenposition wird nicht ergänzt.","description_source":"PDF-Seite 3","description_kind":"Ortsdossier","description_has_more":true,"detail_plans":[],"alternate_locations":[],"sources":[{"bookId":"sr3-new-seattle","title":"New Seattle","edition":"SR3","citation":"PDF-Seite 3","purpose":"description"},{"bookId":"sr3-new-seattle","title":"New Seattle","edition":"SR3","citation":"PDF-Seite 33","purpose":"description"},{"bookId":"sr1-seattle-sourcebook","title":"Seattle Sourcebook","edition":"SR1","citation":"PDF-Seite 3","purpose":"description"},{"bookId":"sr1-seattle-sourcebook","title":"Seattle Sourcebook","edition":"SR1","citation":"PDF-Seite 24","purpose":"description"},{"bookId":"sr4-seattle-2072","title":"Seattle 2072","edition":"SR4","citation":"Textzeile 4373","purpose":"description"}],"map_sources":[],"editions":["SR1","SR3","SR4"],"edition_descriptions":{"SR1":{"kind":"Ortsdossier","preview":"Elven District ist in Seattle Sourcebook als benannter Schauplatz mit Bezug zu Seattle belegt.","full":"Elven District ist in Seattle Sourcebook als benannter Schauplatz mit Bezug zu Seattle belegt. Das Dossier fasst den belegten Quellenstand redaktionell zusammen; eine nicht belegte Kartenposition wird nicht ergänzt.","hasMore":true,"hasExcerpt":true,"sources":[{"bookId":"sr1-seattle-sourcebook","title":"Seattle Sourcebook","edition":"SR1","citation":"PDF-Seite 3","purpose":"description"},{"bookId":"sr1-seattle-sourcebook","title":"Seattle Sourcebook","edition":"SR1","citation":"PDF-Seite 24","purpose":"description"}]},"SR3":{"kind":"Ortsdossier","preview":"Elven District ist in New Seattle als benannter Schauplatz mit Bezug zu Seattle belegt.","full":"Elven District ist in New Seattle als benannter Schauplatz mit Bezug zu Seattle belegt. Das Dossier fasst den belegten Quellenstand redaktionell zusammen; eine nicht belegte Kartenposition wird nicht ergänzt.","hasMore":true,"hasExcerpt":true,"sources":[{"bookId":"sr3-new-seattle","title":"New Seattle","edition":"SR3","citation":"PDF-Seite 3","purpose":"description"},{"bookId":"sr3-new-seattle","title":"New Seattle","edition":"SR3","citation":"PDF-Seite 33","purpose":"description"}]},"SR4":{"kind":"Ortsdossier","preview":"Elven District ist in Seattle 2072 als benannter Schauplatz mit Bezug zu Seattle belegt.","full":"Elven District ist in Seattle 2072 als benannter Schauplatz mit Bezug zu Seattle belegt. Das Dossier fasst den belegten Quellenstand redaktionell zusammen; eine nicht belegte Kartenposition wird nicht ergänzt.","hasMore":true,"hasExcerpt":true,"sources":[{"bookId":"sr4-seattle-2072","title":"Seattle 2072","edition":"SR4","citation":"Textzeile 4373","purpose":"description"}]}}}},{"type":"Feature","geometry":null,"properties":{"id":4119,"global_id":"seattle:source-place:enatai-beach-park","name":"Enatai Beach Park","aliases":[],"category":"Sonstige Spots","detail_map":"Seattle","source_pages":"Textzeile 6516","map_source":"Emerald City (Seattle)","placement_note":"Keine belastbare Einzelposition; Eintrag bleibt im Katalog","accuracy":"Nur Stadt oder Lore-Teilraum belegt","source_map":"source-supplement","source_panel":"Seattle","description_preview":"Enatai Beach Park ist in Emerald City (Seattle) als benannter Schauplatz mit Bezug zu Seattle belegt.","description_full":"Enatai Beach Park ist in Emerald City (Seattle) als benannter Schauplatz mit Bezug zu Seattle belegt. Das Dossier fasst den belegten Quellenstand redaktionell zusammen; eine nicht belegte Kartenposition wird nicht ergänzt.","description_source":"Textzeile 6516","description_kind":"Ortsdossier","description_has_more":true,"detail_plans":[],"alternate_locations":[],"sources":[{"bookId":"sr6-emerald-city-seattle","title":"Emerald City (Seattle)","edition":"SR6","citation":"Textzeile 6516","purpose":"description"}],"map_sources":[],"editions":["SR6"],"edition_descriptions":{"SR6":{"kind":"Ortsdossier","preview":"Enatai Beach Park ist in Emerald City (Seattle) als benannter Schauplatz mit Bezug zu Seattle belegt.","full":"Enatai Beach Park ist in Emerald City (Seattle) als benannter Schauplatz mit Bezug zu Seattle belegt. Das Dossier fasst den belegten Quellenstand redaktionell zusammen; eine nicht belegte Kartenposition wird nicht ergänzt.","hasMore":true,"hasExcerpt":true,"sources":[{"bookId":"sr6-emerald-city-seattle","title":"Emerald City (Seattle)","edition":"SR6","citation":"Textzeile 6516","purpose":"description"}]}}}},{"type":"Feature","geometry":null,"properties":{"id":4120,"global_id":"seattle:source-place:erics-italian-restaurant","name":"Eric’s Italian Restaurant","aliases":[],"category":"Bars, Clubs und Gastronomie","detail_map":"Seattle","source_pages":"Textzeile 21439","map_source":"Seattle 2072","placement_note":"Keine belastbare Einzelposition; Eintrag bleibt im Katalog","accuracy":"Nur Stadt oder Lore-Teilraum belegt","source_map":"source-supplement","source_panel":"Seattle","description_preview":"Eric’s Italian Restaurant ist in Seattle 2072 als benannter Schauplatz mit Bezug zu Seattle belegt.","description_full":"Eric’s Italian Restaurant ist in Seattle 2072 als benannter Schauplatz mit Bezug zu Seattle belegt. Das Dossier fasst den belegten Quellenstand redaktionell zusammen; eine nicht belegte Kartenposition wird nicht ergänzt.","description_source":"Textzeile 21439","description_kind":"Ortsdossier","description_has_more":true,"detail_plans":[],"alternate_locations":[],"sources":[{"bookId":"sr4-seattle-2072","title":"Seattle 2072","edition":"SR4","citation":"Textzeile 21439","purpose":"description"}],"map_sources":[],"editions":["SR4"],"edition_descriptions":{"SR4":{"kind":"Ortsdossier","preview":"Eric’s Italian Restaurant ist in Seattle 2072 als benannter Schauplatz mit Bezug zu Seattle belegt.","full":"Eric’s Italian Restaurant ist in Seattle 2072 als benannter Schauplatz mit Bezug zu Seattle belegt. Das Dossier fasst den belegten Quellenstand redaktionell zusammen; eine nicht belegte Kartenposition wird nicht ergänzt.","hasMore":true,"hasExcerpt":true,"sources":[{"bookId":"sr4-seattle-2072","title":"Seattle 2072","edition":"SR4","citation":"Textzeile 21439","purpose":"description"}]}}}},{"type":"Feature","geometry":null,"properties":{"id":4121,"global_id":"seattle:source-place:euphoria-memorial","name":"Euphoria Memorial","aliases":[],"category":"Sonstige Spots","detail_map":"Seattle","source_pages":"Textzeile 15961","map_source":"Emerald City (Seattle)","placement_note":"Keine belastbare Einzelposition; Eintrag bleibt im Katalog","accuracy":"Nur Stadt oder Lore-Teilraum belegt","source_map":"source-supplement","source_panel":"Seattle","description_preview":"Euphoria Memorial ist in Emerald City (Seattle) als benannter Schauplatz mit Bezug zu Seattle belegt.","description_full":"Euphoria Memorial ist in Emerald City (Seattle) als benannter Schauplatz mit Bezug zu Seattle belegt. Das Dossier fasst den belegten Quellenstand redaktionell zusammen; eine nicht belegte Kartenposition wird nicht ergänzt.","description_source":"Textzeile 15961","description_kind":"Ortsdossier","description_has_more":true,"detail_plans":[],"alternate_locations":[],"sources":[{"bookId":"sr6-emerald-city-seattle","title":"Emerald City (Seattle)","edition":"SR6","citation":"Textzeile 15961","purpose":"description"}],"map_sources":[],"editions":["SR6"],"edition_descriptions":{"SR6":{"kind":"Ortsdossier","preview":"Euphoria Memorial ist in Emerald City (Seattle) als benannter Schauplatz mit Bezug zu Seattle belegt.","full":"Euphoria Memorial ist in Emerald City (Seattle) als benannter Schauplatz mit Bezug zu Seattle belegt. Das Dossier fasst den belegten Quellenstand redaktionell zusammen; eine nicht belegte Kartenposition wird nicht ergänzt.","hasMore":true,"hasExcerpt":true,"sources":[{"bookId":"sr6-emerald-city-seattle","title":"Emerald City (Seattle)","edition":"SR6","citation":"Textzeile 15961","purpose":"description"}]}}}},{"type":"Feature","geometry":null,"properties":{"id":4122,"global_id":"seattle:source-place:everett-general-a-neonet-hospital","name":"Everett General (A NeoNET Hospital)","aliases":[],"category":"Medizin und Versorgung","detail_map":"Seattle","source_pages":"Textzeile 8723","map_source":"Seattle 2072","placement_note":"Keine belastbare Einzelposition; Eintrag bleibt im Katalog","accuracy":"Nur Stadt oder Lore-Teilraum belegt","source_map":"source-supplement","source_panel":"Seattle","description_preview":"Everett General (A NeoNET Hospital) ist in Seattle 2072 als benannter Schauplatz mit Bezug zu Seattle belegt.","description_full":"Everett General (A NeoNET Hospital) ist in Seattle 2072 als benannter Schauplatz mit Bezug zu Seattle belegt. Das Dossier fasst den belegten Quellenstand redaktionell zusammen; eine nicht belegte Kartenposition wird nicht ergänzt.","description_source":"Textzeile 8723","description_kind":"Ortsdossier","description_has_more":true,"detail_plans":[],"alternate_locations":[],"sources":[{"bookId":"sr4-seattle-2072","title":"Seattle 2072","edition":"SR4","citation":"Textzeile 8723","purpose":"description"}],"map_sources":[],"editions":["SR4"],"edition_descriptions":{"SR4":{"kind":"Ortsdossier","preview":"Everett General (A NeoNET Hospital) ist in Seattle 2072 als benannter Schauplatz mit Bezug zu Seattle belegt.","full":"Everett General (A NeoNET Hospital) ist in Seattle 2072 als benannter Schauplatz mit Bezug zu Seattle belegt. Das Dossier fasst den belegten Quellenstand redaktionell zusammen; eine nicht belegte Kartenposition wird nicht ergänzt.","hasMore":true,"hasExcerpt":true,"sources":[{"bookId":"sr4-seattle-2072","title":"Seattle 2072","edition":"SR4","citation":"Textzeile 8723","purpose":"description"}]}}}},{"type":"Feature","geometry":null,"properties":{"id":4123,"global_id":"seattle:source-place:federated-boeing-werk-auburn","name":"Federated-Boeing, Werk Auburn","aliases":[],"category":"Sonstige Spots","detail_map":"Seattle","source_pages":"PDF-Seite 54","map_source":"New Seattle","placement_note":"Keine belastbare Einzelposition; Eintrag bleibt im Katalog","accuracy":"Nur Stadt oder Lore-Teilraum belegt","source_map":"source-supplement","source_panel":"Seattle","description_preview":"Federated-Boeing, Werk Auburn ist in New Seattle als benannter Schauplatz mit Bezug zu Seattle belegt.","description_full":"Federated-Boeing, Werk Auburn ist in New Seattle als benannter Schauplatz mit Bezug zu Seattle belegt. Das Dossier fasst den belegten Quellenstand redaktionell zusammen; eine nicht belegte Kartenposition wird nicht ergänzt.","description_source":"PDF-Seite 54","description_kind":"Ortsdossier","description_has_more":true,"detail_plans":[],"alternate_locations":[],"sources":[{"bookId":"sr3-new-seattle","title":"New Seattle","edition":"SR3","citation":"PDF-Seite 54","purpose":"description"}],"map_sources":[],"editions":["SR3"],"edition_descriptions":{"SR3":{"kind":"Ortsdossier","preview":"Federated-Boeing, Werk Auburn ist in New Seattle als benannter Schauplatz mit Bezug zu Seattle belegt.","full":"Federated-Boeing, Werk Auburn ist in New Seattle als benannter Schauplatz mit Bezug zu Seattle belegt. Das Dossier fasst den belegten Quellenstand redaktionell zusammen; eine nicht belegte Kartenposition wird nicht ergänzt.","hasMore":true,"hasExcerpt":true,"sources":[{"bookId":"sr3-new-seattle","title":"New Seattle","edition":"SR3","citation":"PDF-Seite 54","purpose":"description"}]}}}},{"type":"Feature","geometry":null,"properties":{"id":4124,"global_id":"seattle:source-place:federated-boeing-werk-everett","name":"Federated-Boeing, Werk Everett","aliases":[],"category":"Sonstige Spots","detail_map":"Seattle","source_pages":"PDF-Seite 49","map_source":"New Seattle","placement_note":"Keine belastbare Einzelposition; Eintrag bleibt im Katalog","accuracy":"Nur Stadt oder Lore-Teilraum belegt","source_map":"source-supplement","source_panel":"Seattle","description_preview":"Federated-Boeing, Werk Everett ist in New Seattle als benannter Schauplatz mit Bezug zu Seattle belegt.","description_full":"Federated-Boeing, Werk Everett ist in New Seattle als benannter Schauplatz mit Bezug zu Seattle belegt. Das Dossier fasst den belegten Quellenstand redaktionell zusammen; eine nicht belegte Kartenposition wird nicht ergänzt.","description_source":"PDF-Seite 49","description_kind":"Ortsdossier","description_has_more":true,"detail_plans":[],"alternate_locations":[],"sources":[{"bookId":"sr3-new-seattle","title":"New Seattle","edition":"SR3","citation":"PDF-Seite 49","purpose":"description"}],"map_sources":[],"editions":["SR3"],"edition_descriptions":{"SR3":{"kind":"Ortsdossier","preview":"Federated-Boeing, Werk Everett ist in New Seattle als benannter Schauplatz mit Bezug zu Seattle belegt.","full":"Federated-Boeing, Werk Everett ist in New Seattle als benannter Schauplatz mit Bezug zu Seattle belegt. Das Dossier fasst den belegten Quellenstand redaktionell zusammen; eine nicht belegte Kartenposition wird nicht ergänzt.","hasMore":true,"hasExcerpt":true,"sources":[{"bookId":"sr3-new-seattle","title":"New Seattle","edition":"SR3","citation":"PDF-Seite 49","purpose":"description"}]}}}},{"type":"Feature","geometry":null,"properties":{"id":4125,"global_id":"seattle:source-place:federated-boeing-werk-renton","name":"Federated-Boeing, Werk Renton","aliases":[],"category":"Sonstige Spots","detail_map":"Seattle","source_pages":"PDF-Seite 52","map_source":"New Seattle","placement_note":"Keine belastbare Einzelposition; Eintrag bleibt im Katalog","accuracy":"Nur Stadt oder Lore-Teilraum belegt","source_map":"source-supplement","source_panel":"Seattle","description_preview":"Federated-Boeing, Werk Renton ist in New Seattle als benannter Schauplatz mit Bezug zu Seattle belegt.","description_full":"Federated-Boeing, Werk Renton ist in New Seattle als benannter Schauplatz mit Bezug zu Seattle belegt. Das Dossier fasst den belegten Quellenstand redaktionell zusammen; eine nicht belegte Kartenposition wird nicht ergänzt.","description_source":"PDF-Seite 52","description_kind":"Ortsdossier","description_has_more":true,"detail_plans":[],"alternate_locations":[],"sources":[{"bookId":"sr3-new-seattle","title":"New Seattle","edition":"SR3","citation":"PDF-Seite 52","purpose":"description"}],"map_sources":[],"editions":["SR3"],"edition_descriptions":{"SR3":{"kind":"Ortsdossier","preview":"Federated-Boeing, Werk Renton ist in New Seattle als benannter Schauplatz mit Bezug zu Seattle belegt.","full":"Federated-Boeing, Werk Renton ist in New Seattle als benannter Schauplatz mit Bezug zu Seattle belegt. Das Dossier fasst den belegten Quellenstand redaktionell zusammen; eine nicht belegte Kartenposition wird nicht ergänzt.","hasMore":true,"hasExcerpt":true,"sources":[{"bookId":"sr3-new-seattle","title":"New Seattle","edition":"SR3","citation":"PDF-Seite 52","purpose":"description"}]}}}},{"type":"Feature","geometry":null,"properties":{"id":4126,"global_id":"seattle:source-place:federated-boeing-werk","name":"Federated-Boeing-Werk","aliases":[],"category":"Sonstige Spots","detail_map":"Seattle","source_pages":"Textzeile 4343","map_source":"Seattle - Smaragd im Schatten","placement_note":"Keine belastbare Einzelposition; Eintrag bleibt im Katalog","accuracy":"Nur Stadt oder Lore-Teilraum belegt","source_map":"source-supplement","source_panel":"Seattle","description_preview":"Federated-Boeing-Werk ist in Seattle - Smaragd im Schatten als benannter Schauplatz mit Bezug zu Seattle belegt.","description_full":"Federated-Boeing-Werk ist in Seattle - Smaragd im Schatten als benannter Schauplatz mit Bezug zu Seattle belegt. Das Dossier fasst den belegten Quellenstand redaktionell zusammen; eine nicht belegte Kartenposition wird nicht ergänzt.","description_source":"Textzeile 4343","description_kind":"Ortsdossier","description_has_more":true,"detail_plans":[],"alternate_locations":[],"sources":[{"bookId":"sr5-seattle-smaragd-im-schatten","title":"Seattle - Smaragd im Schatten","edition":"SR5","citation":"Textzeile 4343","purpose":"description"}],"map_sources":[],"editions":["SR5"],"edition_descriptions":{"SR5":{"kind":"Ortsdossier","preview":"Federated-Boeing-Werk ist in Seattle - Smaragd im Schatten als benannter Schauplatz mit Bezug zu Seattle belegt.","full":"Federated-Boeing-Werk ist in Seattle - Smaragd im Schatten als benannter Schauplatz mit Bezug zu Seattle belegt. Das Dossier fasst den belegten Quellenstand redaktionell zusammen; eine nicht belegte Kartenposition wird nicht ergänzt.","hasMore":true,"hasExcerpt":true,"sources":[{"bookId":"sr5-seattle-smaragd-im-schatten","title":"Seattle - Smaragd im Schatten","edition":"SR5","citation":"Textzeile 4343","purpose":"description"}]}}}},{"type":"Feature","geometry":null,"properties":{"id":4127,"global_id":"seattle:source-place:fifth-avenue-steward-street","name":"Fifth Avenue & Steward Street","aliases":[],"category":"Sonstige Spots","detail_map":"Seattle","source_pages":"Textzeile 6617","map_source":"Seattle 2072","placement_note":"Keine belastbare Einzelposition; Eintrag bleibt im Katalog","accuracy":"Nur Stadt oder Lore-Teilraum belegt","source_map":"source-supplement","source_panel":"Seattle","description_preview":"Fifth Avenue & Steward Street ist in Seattle 2072 als benannter Schauplatz mit Bezug zu Seattle belegt.","description_full":"Fifth Avenue & Steward Street ist in Seattle 2072 als benannter Schauplatz mit Bezug zu Seattle belegt. Das Dossier fasst den belegten Quellenstand redaktionell zusammen; eine nicht belegte Kartenposition wird nicht ergänzt.","description_source":"Textzeile 6617","description_kind":"Ortsdossier","description_has_more":true,"detail_plans":[],"alternate_locations":[],"sources":[{"bookId":"sr4-seattle-2072","title":"Seattle 2072","edition":"SR4","citation":"Textzeile 6617","purpose":"description"}],"map_sources":[],"editions":["SR4"],"edition_descriptions":{"SR4":{"kind":"Ortsdossier","preview":"Fifth Avenue & Steward Street ist in Seattle 2072 als benannter Schauplatz mit Bezug zu Seattle belegt.","full":"Fifth Avenue & Steward Street ist in Seattle 2072 als benannter Schauplatz mit Bezug zu Seattle belegt. Das Dossier fasst den belegten Quellenstand redaktionell zusammen; eine nicht belegte Kartenposition wird nicht ergänzt.","hasMore":true,"hasExcerpt":true,"sources":[{"bookId":"sr4-seattle-2072","title":"Seattle 2072","edition":"SR4","citation":"Textzeile 6617","purpose":"description"}]}}}},{"type":"Feature","geometry":null,"properties":{"id":4128,"global_id":"seattle:source-place:first-avenue-stewart-street","name":"First Avenue & Stewart Street","aliases":[],"category":"Sonstige Spots","detail_map":"Seattle","source_pages":"Textzeile 4845","map_source":"Seattle 2072","placement_note":"Keine belastbare Einzelposition; Eintrag bleibt im Katalog","accuracy":"Nur Stadt oder Lore-Teilraum belegt","source_map":"source-supplement","source_panel":"Seattle","description_preview":"First Avenue & Stewart Street ist in Seattle 2072 als benannter Schauplatz mit Bezug zu Seattle belegt.","description_full":"First Avenue & Stewart Street ist in Seattle 2072 als benannter Schauplatz mit Bezug zu Seattle belegt. Das Dossier fasst den belegten Quellenstand redaktionell zusammen; eine nicht belegte Kartenposition wird nicht ergänzt.","description_source":"Textzeile 4845","description_kind":"Ortsdossier","description_has_more":true,"detail_plans":[],"alternate_locations":[],"sources":[{"bookId":"sr4-seattle-2072","title":"Seattle 2072","edition":"SR4","citation":"Textzeile 4845","purpose":"description"},{"bookId":"sr4-seattle-2072","title":"Seattle 2072","edition":"SR4","citation":"Textzeile 20638","purpose":"description"}],"map_sources":[],"editions":["SR4"],"edition_descriptions":{"SR4":{"kind":"Ortsdossier","preview":"First Avenue & Stewart Street ist in Seattle 2072 als benannter Schauplatz mit Bezug zu Seattle belegt.","full":"First Avenue & Stewart Street ist in Seattle 2072 als benannter Schauplatz mit Bezug zu Seattle belegt. Das Dossier fasst den belegten Quellenstand redaktionell zusammen; eine nicht belegte Kartenposition wird nicht ergänzt.","hasMore":true,"hasExcerpt":true,"sources":[{"bookId":"sr4-seattle-2072","title":"Seattle 2072","edition":"SR4","citation":"Textzeile 4845","purpose":"description"},{"bookId":"sr4-seattle-2072","title":"Seattle 2072","edition":"SR4","citation":"Textzeile 20638","purpose":"description"}]}}}},{"type":"Feature","geometry":null,"properties":{"id":4129,"global_id":"seattle:source-place:first-avenue-union-street","name":"First Avenue & Union Street","aliases":[],"category":"Sonstige Spots","detail_map":"Seattle","source_pages":"Textzeile 6050","map_source":"Seattle 2072","placement_note":"Keine belastbare Einzelposition; Eintrag bleibt im Katalog","accuracy":"Nur Stadt oder Lore-Teilraum belegt","source_map":"source-supplement","source_panel":"Seattle","description_preview":"First Avenue & Union Street ist in Seattle 2072 als benannter Schauplatz mit Bezug zu Seattle belegt.","description_full":"First Avenue & Union Street ist in Seattle 2072 als benannter Schauplatz mit Bezug zu Seattle belegt. Das Dossier fasst den belegten Quellenstand redaktionell zusammen; eine nicht belegte Kartenposition wird nicht ergänzt.","description_source":"Textzeile 6050","description_kind":"Ortsdossier","description_has_more":true,"detail_plans":[],"alternate_locations":[],"sources":[{"bookId":"sr4-seattle-2072","title":"Seattle 2072","edition":"SR4","citation":"Textzeile 6050","purpose":"description"}],"map_sources":[],"editions":["SR4"],"edition_descriptions":{"SR4":{"kind":"Ortsdossier","preview":"First Avenue & Union Street ist in Seattle 2072 als benannter Schauplatz mit Bezug zu Seattle belegt.","full":"First Avenue & Union Street ist in Seattle 2072 als benannter Schauplatz mit Bezug zu Seattle belegt. Das Dossier fasst den belegten Quellenstand redaktionell zusammen; eine nicht belegte Kartenposition wird nicht ergänzt.","hasMore":true,"hasExcerpt":true,"sources":[{"bookId":"sr4-seattle-2072","title":"Seattle 2072","edition":"SR4","citation":"Textzeile 6050","purpose":"description"}]}}}},{"type":"Feature","geometry":null,"properties":{"id":4130,"global_id":"seattle:source-place:first-street-avenue-c","name":"First Street & Avenue C","aliases":[],"category":"Sonstige Spots","detail_map":"Seattle","source_pages":"Textzeile 10947","map_source":"Seattle 2072","placement_note":"Keine belastbare Einzelposition; Eintrag bleibt im Katalog","accuracy":"Nur Stadt oder Lore-Teilraum belegt","source_map":"source-supplement","source_panel":"Seattle","description_preview":"First Street & Avenue C ist in Seattle 2072 als benannter Schauplatz mit Bezug zu Seattle belegt.","description_full":"First Street & Avenue C ist in Seattle 2072 als benannter Schauplatz mit Bezug zu Seattle belegt. Das Dossier fasst den belegten Quellenstand redaktionell zusammen; eine nicht belegte Kartenposition wird nicht ergänzt.","description_source":"Textzeile 10947","description_kind":"Ortsdossier","description_has_more":true,"detail_plans":[],"alternate_locations":[],"sources":[{"bookId":"sr4-seattle-2072","title":"Seattle 2072","edition":"SR4","citation":"Textzeile 10947","purpose":"description"}],"map_sources":[],"editions":["SR4"],"edition_descriptions":{"SR4":{"kind":"Ortsdossier","preview":"First Street & Avenue C ist in Seattle 2072 als benannter Schauplatz mit Bezug zu Seattle belegt.","full":"First Street & Avenue C ist in Seattle 2072 als benannter Schauplatz mit Bezug zu Seattle belegt. Das Dossier fasst den belegten Quellenstand redaktionell zusammen; eine nicht belegte Kartenposition wird nicht ergänzt.","hasMore":true,"hasExcerpt":true,"sources":[{"bookId":"sr4-seattle-2072","title":"Seattle 2072","edition":"SR4","citation":"Textzeile 10947","purpose":"description"}]}}}},{"type":"Feature","geometry":null,"properties":{"id":4131,"global_id":"seattle:source-place:forty-seventh-street-pine-street","name":"Forty-seventh Street & Pine Street","aliases":[],"category":"Sonstige Spots","detail_map":"Seattle","source_pages":"Textzeile 8205","map_source":"Seattle 2072","placement_note":"Keine belastbare Einzelposition; Eintrag bleibt im Katalog","accuracy":"Nur Stadt oder Lore-Teilraum belegt","source_map":"source-supplement","source_panel":"Seattle","description_preview":"Forty-seventh Street & Pine Street ist in Seattle 2072 als benannter Schauplatz mit Bezug zu Seattle belegt.","description_full":"Forty-seventh Street & Pine Street ist in Seattle 2072 als benannter Schauplatz mit Bezug zu Seattle belegt. Das Dossier fasst den belegten Quellenstand redaktionell zusammen; eine nicht belegte Kartenposition wird nicht ergänzt.","description_source":"Textzeile 8205","description_kind":"Ortsdossier","description_has_more":true,"detail_plans":[],"alternate_locations":[],"sources":[{"bookId":"sr4-seattle-2072","title":"Seattle 2072","edition":"SR4","citation":"Textzeile 8205","purpose":"description"}],"map_sources":[],"editions":["SR4"],"edition_descriptions":{"SR4":{"kind":"Ortsdossier","preview":"Forty-seventh Street & Pine Street ist in Seattle 2072 als benannter Schauplatz mit Bezug zu Seattle belegt.","full":"Forty-seventh Street & Pine Street ist in Seattle 2072 als benannter Schauplatz mit Bezug zu Seattle belegt. Das Dossier fasst den belegten Quellenstand redaktionell zusammen; eine nicht belegte Kartenposition wird nicht ergänzt.","hasMore":true,"hasExcerpt":true,"sources":[{"bookId":"sr4-seattle-2072","title":"Seattle 2072","edition":"SR4","citation":"Textzeile 8205","purpose":"description"}]}}}},{"type":"Feature","geometry":null,"properties":{"id":4132,"global_id":"seattle:source-place:fourth-avenue-lenora-street","name":"Fourth Avenue & Lenora Street","aliases":[],"category":"Sonstige Spots","detail_map":"Seattle","source_pages":"Textzeile 6597","map_source":"Seattle 2072","placement_note":"Keine belastbare Einzelposition; Eintrag bleibt im Katalog","accuracy":"Nur Stadt oder Lore-Teilraum belegt","source_map":"source-supplement","source_panel":"Seattle","description_preview":"Fourth Avenue & Lenora Street ist in Seattle 2072 als benannter Schauplatz mit Bezug zu Seattle belegt.","description_full":"Fourth Avenue & Lenora Street ist in Seattle 2072 als benannter Schauplatz mit Bezug zu Seattle belegt. Das Dossier fasst den belegten Quellenstand redaktionell zusammen; eine nicht belegte Kartenposition wird nicht ergänzt.","description_source":"Textzeile 6597","description_kind":"Ortsdossier","description_has_more":true,"detail_plans":[],"alternate_locations":[],"sources":[{"bookId":"sr4-seattle-2072","title":"Seattle 2072","edition":"SR4","citation":"Textzeile 6597","purpose":"description"}],"map_sources":[],"editions":["SR4"],"edition_descriptions":{"SR4":{"kind":"Ortsdossier","preview":"Fourth Avenue & Lenora Street ist in Seattle 2072 als benannter Schauplatz mit Bezug zu Seattle belegt.","full":"Fourth Avenue & Lenora Street ist in Seattle 2072 als benannter Schauplatz mit Bezug zu Seattle belegt. Das Dossier fasst den belegten Quellenstand redaktionell zusammen; eine nicht belegte Kartenposition wird nicht ergänzt.","hasMore":true,"hasExcerpt":true,"sources":[{"bookId":"sr4-seattle-2072","title":"Seattle 2072","edition":"SR4","citation":"Textzeile 6597","purpose":"description"}]}}}},{"type":"Feature","geometry":null,"properties":{"id":4133,"global_id":"seattle:source-place:fourth-avenue-pike-street","name":"Fourth Avenue & Pike Street","aliases":[],"category":"Sonstige Spots","detail_map":"Seattle","source_pages":"Textzeile 6602","map_source":"Seattle 2072","placement_note":"Keine belastbare Einzelposition; Eintrag bleibt im Katalog","accuracy":"Nur Stadt oder Lore-Teilraum belegt","source_map":"source-supplement","source_panel":"Seattle","description_preview":"Fourth Avenue & Pike Street ist in Seattle 2072 als benannter Schauplatz mit Bezug zu Seattle belegt.","description_full":"Fourth Avenue & Pike Street ist in Seattle 2072 als benannter Schauplatz mit Bezug zu Seattle belegt. Das Dossier fasst den belegten Quellenstand redaktionell zusammen; eine nicht belegte Kartenposition wird nicht ergänzt.","description_source":"Textzeile 6602","description_kind":"Ortsdossier","description_has_more":true,"detail_plans":[],"alternate_locations":[],"sources":[{"bookId":"sr4-seattle-2072","title":"Seattle 2072","edition":"SR4","citation":"Textzeile 6602","purpose":"description"}],"map_sources":[],"editions":["SR4"],"edition_descriptions":{"SR4":{"kind":"Ortsdossier","preview":"Fourth Avenue & Pike Street ist in Seattle 2072 als benannter Schauplatz mit Bezug zu Seattle belegt.","full":"Fourth Avenue & Pike Street ist in Seattle 2072 als benannter Schauplatz mit Bezug zu Seattle belegt. Das Dossier fasst den belegten Quellenstand redaktionell zusammen; eine nicht belegte Kartenposition wird nicht ergänzt.","hasMore":true,"hasExcerpt":true,"sources":[{"bookId":"sr4-seattle-2072","title":"Seattle 2072","edition":"SR4","citation":"Textzeile 6602","purpose":"description"}]}}}},{"type":"Feature","geometry":null,"properties":{"id":4134,"global_id":"seattle:source-place:fourth-avenue-pine-street","name":"Fourth Avenue & Pine Street","aliases":[],"category":"Sonstige Spots","detail_map":"Seattle","source_pages":"Textzeile 5755","map_source":"Seattle 2072","placement_note":"Keine belastbare Einzelposition; Eintrag bleibt im Katalog","accuracy":"Nur Stadt oder Lore-Teilraum belegt","source_map":"source-supplement","source_panel":"Seattle","description_preview":"Fourth Avenue & Pine Street ist in Seattle 2072 als benannter Schauplatz mit Bezug zu Seattle belegt.","description_full":"Fourth Avenue & Pine Street ist in Seattle 2072 als benannter Schauplatz mit Bezug zu Seattle belegt. Das Dossier fasst den belegten Quellenstand redaktionell zusammen; eine nicht belegte Kartenposition wird nicht ergänzt.","description_source":"Textzeile 5755","description_kind":"Ortsdossier","description_has_more":true,"detail_plans":[],"alternate_locations":[],"sources":[{"bookId":"sr4-seattle-2072","title":"Seattle 2072","edition":"SR4","citation":"Textzeile 5755","purpose":"description"}],"map_sources":[],"editions":["SR4"],"edition_descriptions":{"SR4":{"kind":"Ortsdossier","preview":"Fourth Avenue & Pine Street ist in Seattle 2072 als benannter Schauplatz mit Bezug zu Seattle belegt.","full":"Fourth Avenue & Pine Street ist in Seattle 2072 als benannter Schauplatz mit Bezug zu Seattle belegt. Das Dossier fasst den belegten Quellenstand redaktionell zusammen; eine nicht belegte Kartenposition wird nicht ergänzt.","hasMore":true,"hasExcerpt":true,"sources":[{"bookId":"sr4-seattle-2072","title":"Seattle 2072","edition":"SR4","citation":"Textzeile 5755","purpose":"description"}]}}}},{"type":"Feature","geometry":null,"properties":{"id":4135,"global_id":"seattle:source-place:fourth-avenue-seneca-street","name":"Fourth Avenue & Seneca Street","aliases":[],"category":"Sonstige Spots","detail_map":"Seattle","source_pages":"Textzeile 5779","map_source":"Seattle 2072","placement_note":"Keine belastbare Einzelposition; Eintrag bleibt im Katalog","accuracy":"Nur Stadt oder Lore-Teilraum belegt","source_map":"source-supplement","source_panel":"Seattle","description_preview":"Fourth Avenue & Seneca Street ist in Seattle 2072 als benannter Schauplatz mit Bezug zu Seattle belegt.","description_full":"Fourth Avenue & Seneca Street ist in Seattle 2072 als benannter Schauplatz mit Bezug zu Seattle belegt. Das Dossier fasst den belegten Quellenstand redaktionell zusammen; eine nicht belegte Kartenposition wird nicht ergänzt.","description_source":"Textzeile 5779","description_kind":"Ortsdossier","description_has_more":true,"detail_plans":[],"alternate_locations":[],"sources":[{"bookId":"sr4-seattle-2072","title":"Seattle 2072","edition":"SR4","citation":"Textzeile 5779","purpose":"description"}],"map_sources":[],"editions":["SR4"],"edition_descriptions":{"SR4":{"kind":"Ortsdossier","preview":"Fourth Avenue & Seneca Street ist in Seattle 2072 als benannter Schauplatz mit Bezug zu Seattle belegt.","full":"Fourth Avenue & Seneca Street ist in Seattle 2072 als benannter Schauplatz mit Bezug zu Seattle belegt. Das Dossier fasst den belegten Quellenstand redaktionell zusammen; eine nicht belegte Kartenposition wird nicht ergänzt.","hasMore":true,"hasExcerpt":true,"sources":[{"bookId":"sr4-seattle-2072","title":"Seattle 2072","edition":"SR4","citation":"Textzeile 5779","purpose":"description"}]}}}},{"type":"Feature","geometry":null,"properties":{"id":4136,"global_id":"seattle:source-place:freen-bamboo-medical-center","name":"Freen Bamboo Medical Center","aliases":[],"category":"Sonstige Spots","detail_map":"Seattle","source_pages":"Textzeile 11029","map_source":"Seattle 2072","placement_note":"Keine belastbare Einzelposition; Eintrag bleibt im Katalog","accuracy":"Nur Stadt oder Lore-Teilraum belegt","source_map":"source-supplement","source_panel":"Seattle","description_preview":"Freen Bamboo Medical Center ist in Seattle 2072 als benannter Schauplatz mit Bezug zu Seattle belegt.","description_full":"Freen Bamboo Medical Center ist in Seattle 2072 als benannter Schauplatz mit Bezug zu Seattle belegt. Das Dossier fasst den belegten Quellenstand redaktionell zusammen; eine nicht belegte Kartenposition wird nicht ergänzt.","description_source":"Textzeile 11029","description_kind":"Ortsdossier","description_has_more":true,"detail_plans":[],"alternate_locations":[],"sources":[{"bookId":"sr4-seattle-2072","title":"Seattle 2072","edition":"SR4","citation":"Textzeile 11029","purpose":"description"}],"map_sources":[],"editions":["SR4"],"edition_descriptions":{"SR4":{"kind":"Ortsdossier","preview":"Freen Bamboo Medical Center ist in Seattle 2072 als benannter Schauplatz mit Bezug zu Seattle belegt.","full":"Freen Bamboo Medical Center ist in Seattle 2072 als benannter Schauplatz mit Bezug zu Seattle belegt. Das Dossier fasst den belegten Quellenstand redaktionell zusammen; eine nicht belegte Kartenposition wird nicht ergänzt.","hasMore":true,"hasExcerpt":true,"sources":[{"bookId":"sr4-seattle-2072","title":"Seattle 2072","edition":"SR4","citation":"Textzeile 11029","purpose":"description"}]}}}},{"type":"Feature","geometry":null,"properties":{"id":4137,"global_id":"seattle:source-place:front-street-and-mukiteo-speedway","name":"Front Street and Mukiteo Speedway","aliases":[],"category":"Sonstige Spots","detail_map":"Seattle","source_pages":"PDF-Seite 127","map_source":"New Seattle","placement_note":"Keine belastbare Einzelposition; Eintrag bleibt im Katalog","accuracy":"Nur Stadt oder Lore-Teilraum belegt","source_map":"source-supplement","source_panel":"Seattle","description_preview":"Front Street and Mukiteo Speedway ist in New Seattle als benannter Schauplatz mit Bezug zu Seattle belegt.","description_full":"Front Street and Mukiteo Speedway ist in New Seattle als benannter Schauplatz mit Bezug zu Seattle belegt. Das Dossier fasst den belegten Quellenstand redaktionell zusammen; eine nicht belegte Kartenposition wird nicht ergänzt.","description_source":"PDF-Seite 127","description_kind":"Ortsdossier","description_has_more":true,"detail_plans":[],"alternate_locations":[],"sources":[{"bookId":"sr3-new-seattle","title":"New Seattle","edition":"SR3","citation":"PDF-Seite 127","purpose":"description"}],"map_sources":[],"editions":["SR3"],"edition_descriptions":{"SR3":{"kind":"Ortsdossier","preview":"Front Street and Mukiteo Speedway ist in New Seattle als benannter Schauplatz mit Bezug zu Seattle belegt.","full":"Front Street and Mukiteo Speedway ist in New Seattle als benannter Schauplatz mit Bezug zu Seattle belegt. Das Dossier fasst den belegten Quellenstand redaktionell zusammen; eine nicht belegte Kartenposition wird nicht ergänzt.","hasMore":true,"hasExcerpt":true,"sources":[{"bookId":"sr3-new-seattle","title":"New Seattle","edition":"SR3","citation":"PDF-Seite 127","purpose":"description"}]}}}},{"type":"Feature","geometry":null,"properties":{"id":4138,"global_id":"seattle:source-place:front-street-mukilteo-speedway","name":"Front Street/Mukilteo Speedway","aliases":[],"category":"Sonstige Spots","detail_map":"Seattle","source_pages":"PDF-Seite 127","map_source":"New Seattle","placement_note":"Keine belastbare Einzelposition; Eintrag bleibt im Katalog","accuracy":"Nur Stadt oder Lore-Teilraum belegt","source_map":"source-supplement","source_panel":"Seattle","description_preview":"Front Street/Mukilteo Speedway ist in New Seattle als benannter Schauplatz mit Bezug zu Seattle belegt.","description_full":"Front Street/Mukilteo Speedway ist in New Seattle als benannter Schauplatz mit Bezug zu Seattle belegt. Das Dossier fasst den belegten Quellenstand redaktionell zusammen; eine nicht belegte Kartenposition wird nicht ergänzt.","description_source":"PDF-Seite 127","description_kind":"Ortsdossier","description_has_more":true,"detail_plans":[],"alternate_locations":[],"sources":[{"bookId":"sr3-new-seattle","title":"New Seattle","edition":"SR3","citation":"PDF-Seite 127","purpose":"description"},{"bookId":"sr4-seattle-2072","title":"Seattle 2072","edition":"SR4","citation":"Textzeile 9026","purpose":"description"}],"map_sources":[],"editions":["SR3","SR4"],"edition_descriptions":{"SR3":{"kind":"Ortsdossier","preview":"Front Street/Mukilteo Speedway ist in New Seattle als benannter Schauplatz mit Bezug zu Seattle belegt.","full":"Front Street/Mukilteo Speedway ist in New Seattle als benannter Schauplatz mit Bezug zu Seattle belegt. Das Dossier fasst den belegten Quellenstand redaktionell zusammen; eine nicht belegte Kartenposition wird nicht ergänzt.","hasMore":true,"hasExcerpt":true,"sources":[{"bookId":"sr3-new-seattle","title":"New Seattle","edition":"SR3","citation":"PDF-Seite 127","purpose":"description"}]},"SR4":{"kind":"Ortsdossier","preview":"Front Street/Mukilteo Speedway ist in Seattle 2072 als benannter Schauplatz mit Bezug zu Seattle belegt.","full":"Front Street/Mukilteo Speedway ist in Seattle 2072 als benannter Schauplatz mit Bezug zu Seattle belegt. Das Dossier fasst den belegten Quellenstand redaktionell zusammen; eine nicht belegte Kartenposition wird nicht ergänzt.","hasMore":true,"hasExcerpt":true,"sources":[{"bookId":"sr4-seattle-2072","title":"Seattle 2072","edition":"SR4","citation":"Textzeile 9026","purpose":"description"}]}}}},{"type":"Feature","geometry":null,"properties":{"id":4139,"global_id":"seattle:source-place:gravelly-lake-drive-and-alfaretta-street","name":"Gravelly Lake Drive and Alfaretta Street","aliases":["Gravelly Lake Drive/Alfaretta Street"],"category":"Sonstige Spots","detail_map":"Seattle","source_pages":"PDF-Seite 126","map_source":"New Seattle","placement_note":"Keine belastbare Einzelposition; Eintrag bleibt im Katalog","accuracy":"Nur Stadt oder Lore-Teilraum belegt","source_map":"source-supplement","source_panel":"Seattle","description_preview":"Gravelly Lake Drive and Alfaretta Street ist in New Seattle als benannter Schauplatz mit Bezug zu Seattle belegt.","description_full":"Gravelly Lake Drive and Alfaretta Street ist in New Seattle als benannter Schauplatz mit Bezug zu Seattle belegt. Das Dossier fasst den belegten Quellenstand redaktionell zusammen; eine nicht belegte Kartenposition wird nicht ergänzt.","description_source":"PDF-Seite 126","description_kind":"Ortsdossier","description_has_more":true,"detail_plans":[],"alternate_locations":[],"sources":[{"bookId":"sr3-new-seattle","title":"New Seattle","edition":"SR3","citation":"PDF-Seite 126","purpose":"description"},{"bookId":"sr4-seattle-2072","title":"Seattle 2072","edition":"SR4","citation":"Textzeile 8257","purpose":"description"}],"map_sources":[],"editions":["SR3","SR4"],"edition_descriptions":{"SR3":{"kind":"Ortsdossier","preview":"Gravelly Lake Drive and Alfaretta Street ist in New Seattle als benannter Schauplatz mit Bezug zu Seattle belegt.","full":"Gravelly Lake Drive and Alfaretta Street ist in New Seattle als benannter Schauplatz mit Bezug zu Seattle belegt. Das Dossier fasst den belegten Quellenstand redaktionell zusammen; eine nicht belegte Kartenposition wird nicht ergänzt.","hasMore":true,"hasExcerpt":true,"sources":[{"bookId":"sr3-new-seattle","title":"New Seattle","edition":"SR3","citation":"PDF-Seite 126","purpose":"description"}]},"SR4":{"kind":"Ortsdossier","preview":"Gravelly Lake Drive and Alfaretta Street ist in Seattle 2072 als benannter Schauplatz mit Bezug zu Seattle belegt.","full":"Gravelly Lake Drive and Alfaretta Street ist in Seattle 2072 als benannter Schauplatz mit Bezug zu Seattle belegt. Das Dossier fasst den belegten Quellenstand redaktionell zusammen; eine nicht belegte Kartenposition wird nicht ergänzt.","hasMore":true,"hasExcerpt":true,"sources":[{"bookId":"sr4-seattle-2072","title":"Seattle 2072","edition":"SR4","citation":"Textzeile 8257","purpose":"description"}]}}}},{"type":"Feature","geometry":null,"properties":{"id":4140,"global_id":"seattle:source-place:green-river-arkologie","name":"Green-River-Arkologie","aliases":[],"category":"Konzerne und markante Bauwerke","detail_map":"Seattle","source_pages":"Textzeile 4384","map_source":"Seattle - Smaragd im Schatten","placement_note":"Keine belastbare Einzelposition; Eintrag bleibt im Katalog","accuracy":"Nur Stadt oder Lore-Teilraum belegt","source_map":"source-supplement","source_panel":"Seattle","description_preview":"Green-River-Arkologie ist in Seattle - Smaragd im Schatten als benannter Schauplatz mit Bezug zu Seattle belegt.","description_full":"Green-River-Arkologie ist in Seattle - Smaragd im Schatten als benannter Schauplatz mit Bezug zu Seattle belegt. Das Dossier fasst den belegten Quellenstand redaktionell zusammen; eine nicht belegte Kartenposition wird nicht ergänzt.","description_source":"Textzeile 4384","description_kind":"Ortsdossier","description_has_more":true,"detail_plans":[],"alternate_locations":[],"sources":[{"bookId":"sr5-seattle-smaragd-im-schatten","title":"Seattle - Smaragd im Schatten","edition":"SR5","citation":"Textzeile 4384","purpose":"description"}],"map_sources":[],"editions":["SR5"],"edition_descriptions":{"SR5":{"kind":"Ortsdossier","preview":"Green-River-Arkologie ist in Seattle - Smaragd im Schatten als benannter Schauplatz mit Bezug zu Seattle belegt.","full":"Green-River-Arkologie ist in Seattle - Smaragd im Schatten als benannter Schauplatz mit Bezug zu Seattle belegt. Das Dossier fasst den belegten Quellenstand redaktionell zusammen; eine nicht belegte Kartenposition wird nicht ergänzt.","hasMore":true,"hasExcerpt":true,"sources":[{"bookId":"sr5-seattle-smaragd-im-schatten","title":"Seattle - Smaragd im Schatten","edition":"SR5","citation":"Textzeile 4384","purpose":"description"}]}}}},{"type":"Feature","geometry":null,"properties":{"id":4141,"global_id":"seattle:source-place:griffin-avenue-and-porter-street","name":"Griffin Avenue and Porter Street","aliases":["Griffin Avenue/Porter Street"],"category":"Sonstige Spots","detail_map":"Seattle","source_pages":"PDF-Seite 129","map_source":"New Seattle","placement_note":"Keine belastbare Einzelposition; Eintrag bleibt im Katalog","accuracy":"Nur Stadt oder Lore-Teilraum belegt","source_map":"source-supplement","source_panel":"Seattle","description_preview":"Griffin Avenue and Porter Street ist in New Seattle als benannter Schauplatz mit Bezug zu Seattle belegt.","description_full":"Griffin Avenue and Porter Street ist in New Seattle als benannter Schauplatz mit Bezug zu Seattle belegt. Das Dossier fasst den belegten Quellenstand redaktionell zusammen; eine nicht belegte Kartenposition wird nicht ergänzt.","description_source":"PDF-Seite 129","description_kind":"Ortsdossier","description_has_more":true,"detail_plans":[],"alternate_locations":[],"sources":[{"bookId":"sr3-new-seattle","title":"New Seattle","edition":"SR3","citation":"PDF-Seite 129","purpose":"description"},{"bookId":"sr3-new-seattle","title":"New Seattle","edition":"SR3","citation":"PDF-Seite 128","purpose":"description"},{"bookId":"sr4-seattle-2072","title":"Seattle 2072","edition":"SR4","citation":"Textzeile 10196","purpose":"description"}],"map_sources":[],"editions":["SR3","SR4"],"edition_descriptions":{"SR3":{"kind":"Ortsdossier","preview":"Griffin Avenue and Porter Street ist in New Seattle als benannter Schauplatz mit Bezug zu Seattle belegt.","full":"Griffin Avenue and Porter Street ist in New Seattle als benannter Schauplatz mit Bezug zu Seattle belegt. Das Dossier fasst den belegten Quellenstand redaktionell zusammen; eine nicht belegte Kartenposition wird nicht ergänzt.","hasMore":true,"hasExcerpt":true,"sources":[{"bookId":"sr3-new-seattle","title":"New Seattle","edition":"SR3","citation":"PDF-Seite 129","purpose":"description"},{"bookId":"sr3-new-seattle","title":"New Seattle","edition":"SR3","citation":"PDF-Seite 128","purpose":"description"}]},"SR4":{"kind":"Ortsdossier","preview":"Griffin Avenue and Porter Street ist in Seattle 2072 als benannter Schauplatz mit Bezug zu Seattle belegt.","full":"Griffin Avenue and Porter Street ist in Seattle 2072 als benannter Schauplatz mit Bezug zu Seattle belegt. Das Dossier fasst den belegten Quellenstand redaktionell zusammen; eine nicht belegte Kartenposition wird nicht ergänzt.","hasMore":true,"hasExcerpt":true,"sources":[{"bookId":"sr4-seattle-2072","title":"Seattle 2072","edition":"SR4","citation":"Textzeile 10196","purpose":"description"}]}}}},{"type":"Feature","geometry":null,"properties":{"id":4142,"global_id":"seattle:source-place:gts-tower-luftschiff-tragerdrohne","name":"GTS Tower (Luftschiff-Trägerdrohne)","aliases":[],"category":"Konzerne und markante Bauwerke","detail_map":"Seattle","source_pages":"Textzeile 16276","map_source":"Arsenal 2070","placement_note":"Keine belastbare Einzelposition; Eintrag bleibt im Katalog","accuracy":"Nur Stadt oder Lore-Teilraum belegt","source_map":"source-supplement","source_panel":"Seattle","description_preview":"GTS Tower (Luftschiff-Trägerdrohne) ist in Arsenal 2070 als benannter Schauplatz mit Bezug zu Seattle belegt.","description_full":"GTS Tower (Luftschiff-Trägerdrohne) ist in Arsenal 2070 als benannter Schauplatz mit Bezug zu Seattle belegt. Das Dossier fasst den belegten Quellenstand redaktionell zusammen; eine nicht belegte Kartenposition wird nicht ergänzt.","description_source":"Textzeile 16276","description_kind":"Ortsdossier","description_has_more":true,"detail_plans":[],"alternate_locations":[],"sources":[{"bookId":"sr4-arsenal-2070","title":"Arsenal 2070","edition":"SR4","citation":"Textzeile 16276","purpose":"description"}],"map_sources":[],"editions":["SR4"],"edition_descriptions":{"SR4":{"kind":"Ortsdossier","preview":"GTS Tower (Luftschiff-Trägerdrohne) ist in Arsenal 2070 als benannter Schauplatz mit Bezug zu Seattle belegt.","full":"GTS Tower (Luftschiff-Trägerdrohne) ist in Arsenal 2070 als benannter Schauplatz mit Bezug zu Seattle belegt. Das Dossier fasst den belegten Quellenstand redaktionell zusammen; eine nicht belegte Kartenposition wird nicht ergänzt.","hasMore":true,"hasExcerpt":true,"sources":[{"bookId":"sr4-arsenal-2070","title":"Arsenal 2070","edition":"SR4","citation":"Textzeile 16276","purpose":"description"}]}}}},{"type":"Feature","geometry":null,"properties":{"id":4143,"global_id":"seattle:source-place:harker-street-and-fifth-avenue-everett","name":"Harker Street and Fifth Avenue, Everett","aliases":[],"category":"Sonstige Spots","detail_map":"Seattle","source_pages":"Textzeile 1567","map_source":"SRM04-09 - Assassin Nation (Buried Underground 5)","placement_note":"Keine belastbare Einzelposition; Eintrag bleibt im Katalog","accuracy":"Nur Stadt oder Lore-Teilraum belegt","source_map":"source-supplement","source_panel":"Seattle","description_preview":"Harker Street and Fifth Avenue, Everett ist in SRM04-09 - Assassin Nation (Buried Underground 5) als benannter Schauplatz mit Bezug zu Seattle belegt.","description_full":"Harker Street and Fifth Avenue, Everett ist in SRM04-09 - Assassin Nation (Buried Underground 5) als benannter Schauplatz mit Bezug zu Seattle belegt. Das Dossier fasst den belegten Quellenstand redaktionell zusammen; eine nicht belegte Kartenposition wird nicht ergänzt.","description_source":"Textzeile 1567","description_kind":"Ortsdossier","description_has_more":true,"detail_plans":[],"alternate_locations":[],"sources":[{"bookId":"sr4-srm04-09-assassin-nation-buried-underground-5","title":"SRM04-09 - Assassin Nation (Buried Underground 5)","edition":"SR4","citation":"Textzeile 1567","purpose":"description"}],"map_sources":[],"editions":["SR4"],"edition_descriptions":{"SR4":{"kind":"Ortsdossier","preview":"Harker Street and Fifth Avenue, Everett ist in SRM04-09 - Assassin Nation (Buried Underground 5) als benannter Schauplatz mit Bezug zu Seattle belegt.","full":"Harker Street and Fifth Avenue, Everett ist in SRM04-09 - Assassin Nation (Buried Underground 5) als benannter Schauplatz mit Bezug zu Seattle belegt. Das Dossier fasst den belegten Quellenstand redaktionell zusammen; eine nicht belegte Kartenposition wird nicht ergänzt.","hasMore":true,"hasExcerpt":true,"sources":[{"bookId":"sr4-srm04-09-assassin-nation-buried-underground-5","title":"SRM04-09 - Assassin Nation (Buried Underground 5)","edition":"SR4","citation":"Textzeile 1567","purpose":"description"}]}}}},{"type":"Feature","geometry":null,"properties":{"id":4144,"global_id":"seattle:source-place:harrison-street-dexter-avenue-north","name":"Harrison Street & Dexter Avenue North","aliases":[],"category":"Sonstige Spots","detail_map":"Seattle","source_pages":"Textzeile 5476","map_source":"Seattle 2072","placement_note":"Keine belastbare Einzelposition; Eintrag bleibt im Katalog","accuracy":"Nur Stadt oder Lore-Teilraum belegt","source_map":"source-supplement","source_panel":"Seattle","description_preview":"Harrison Street & Dexter Avenue North ist in Seattle 2072 als benannter Schauplatz mit Bezug zu Seattle belegt.","description_full":"Harrison Street & Dexter Avenue North ist in Seattle 2072 als benannter Schauplatz mit Bezug zu Seattle belegt. Das Dossier fasst den belegten Quellenstand redaktionell zusammen; eine nicht belegte Kartenposition wird nicht ergänzt.","description_source":"Textzeile 5476","description_kind":"Ortsdossier","description_has_more":true,"detail_plans":[],"alternate_locations":[],"sources":[{"bookId":"sr4-seattle-2072","title":"Seattle 2072","edition":"SR4","citation":"Textzeile 5476","purpose":"description"}],"map_sources":[],"editions":["SR4"],"edition_descriptions":{"SR4":{"kind":"Ortsdossier","preview":"Harrison Street & Dexter Avenue North ist in Seattle 2072 als benannter Schauplatz mit Bezug zu Seattle belegt.","full":"Harrison Street & Dexter Avenue North ist in Seattle 2072 als benannter Schauplatz mit Bezug zu Seattle belegt. Das Dossier fasst den belegten Quellenstand redaktionell zusammen; eine nicht belegte Kartenposition wird nicht ergänzt.","hasMore":true,"hasExcerpt":true,"sources":[{"bookId":"sr4-seattle-2072","title":"Seattle 2072","edition":"SR4","citation":"Textzeile 5476","purpose":"description"}]}}}},{"type":"Feature","geometry":null,"properties":{"id":4145,"global_id":"seattle:source-place:harrison-street-and-dexter-avenue","name":"Harrison Street and Dexter Avenue","aliases":["Harrison Street/Dexter Avenue"],"category":"Sonstige Spots","detail_map":"Seattle","source_pages":"PDF-Seite 121","map_source":"New Seattle","placement_note":"Keine belastbare Einzelposition; Eintrag bleibt im Katalog","accuracy":"Nur Stadt oder Lore-Teilraum belegt","source_map":"source-supplement","source_panel":"Seattle","description_preview":"Harrison Street and Dexter Avenue ist in New Seattle als benannter Schauplatz mit Bezug zu Seattle belegt.","description_full":"Harrison Street and Dexter Avenue ist in New Seattle als benannter Schauplatz mit Bezug zu Seattle belegt. Das Dossier fasst den belegten Quellenstand redaktionell zusammen; eine nicht belegte Kartenposition wird nicht ergänzt.","description_source":"PDF-Seite 121","description_kind":"Ortsdossier","description_has_more":true,"detail_plans":[],"alternate_locations":[],"sources":[{"bookId":"sr3-new-seattle","title":"New Seattle","edition":"SR3","citation":"PDF-Seite 121","purpose":"description"}],"map_sources":[],"editions":["SR3"],"edition_descriptions":{"SR3":{"kind":"Ortsdossier","preview":"Harrison Street and Dexter Avenue ist in New Seattle als benannter Schauplatz mit Bezug zu Seattle belegt.","full":"Harrison Street and Dexter Avenue ist in New Seattle als benannter Schauplatz mit Bezug zu Seattle belegt. Das Dossier fasst den belegten Quellenstand redaktionell zusammen; eine nicht belegte Kartenposition wird nicht ergänzt.","hasMore":true,"hasExcerpt":true,"sources":[{"bookId":"sr3-new-seattle","title":"New Seattle","edition":"SR3","citation":"PDF-Seite 121","purpose":"description"}]}}}},{"type":"Feature","geometry":null,"properties":{"id":4146,"global_id":"seattle:source-place:high-bridge-road","name":"High Bridge Road","aliases":[],"category":"Verkehr und Infrastruktur","detail_map":"Seattle","source_pages":"Textzeile 11874","map_source":"Seattle 2072","placement_note":"Keine belastbare Einzelposition; Eintrag bleibt im Katalog","accuracy":"Nur Stadt oder Lore-Teilraum belegt","source_map":"source-supplement","source_panel":"Seattle","description_preview":"High Bridge Road ist in Seattle 2072 als benannter Schauplatz mit Bezug zu Seattle belegt.","description_full":"High Bridge Road ist in Seattle 2072 als benannter Schauplatz mit Bezug zu Seattle belegt. Das Dossier fasst den belegten Quellenstand redaktionell zusammen; eine nicht belegte Kartenposition wird nicht ergänzt.","description_source":"Textzeile 11874","description_kind":"Ortsdossier","description_has_more":true,"detail_plans":[],"alternate_locations":[],"sources":[{"bookId":"sr4-seattle-2072","title":"Seattle 2072","edition":"SR4","citation":"Textzeile 11874","purpose":"description"}],"map_sources":[],"editions":["SR4"],"edition_descriptions":{"SR4":{"kind":"Ortsdossier","preview":"High Bridge Road ist in Seattle 2072 als benannter Schauplatz mit Bezug zu Seattle belegt.","full":"High Bridge Road ist in Seattle 2072 als benannter Schauplatz mit Bezug zu Seattle belegt. Das Dossier fasst den belegten Quellenstand redaktionell zusammen; eine nicht belegte Kartenposition wird nicht ergänzt.","hasMore":true,"hasExcerpt":true,"sources":[{"bookId":"sr4-seattle-2072","title":"Seattle 2072","edition":"SR4","citation":"Textzeile 11874","purpose":"description"}]}}}},{"type":"Feature","geometry":null,"properties":{"id":4147,"global_id":"seattle:source-place:horizon-splendor-building-matrix-node","name":"Horizon Splendor Building Matrix Node","aliases":[],"category":"Sonstige Spots","detail_map":"Seattle","source_pages":"Textzeile 673","map_source":"SRM04-02 - Extraction (Artifact Rush 1)","placement_note":"Keine belastbare Einzelposition; Eintrag bleibt im Katalog","accuracy":"Nur Stadt oder Lore-Teilraum belegt","source_map":"source-supplement","source_panel":"Seattle","description_preview":"Horizon Splendor Building Matrix Node ist in SRM04-02 - Extraction (Artifact Rush 1) als benannter Schauplatz mit Bezug zu Seattle belegt.","description_full":"Horizon Splendor Building Matrix Node ist in SRM04-02 - Extraction (Artifact Rush 1) als benannter Schauplatz mit Bezug zu Seattle belegt. Das Dossier fasst den belegten Quellenstand redaktionell zusammen; eine nicht belegte Kartenposition wird nicht ergänzt.","description_source":"Textzeile 673","description_kind":"Ortsdossier","description_has_more":true,"detail_plans":[],"alternate_locations":[],"sources":[{"bookId":"sr4-srm04-02-extraction-artifact-rush-1","title":"SRM04-02 - Extraction (Artifact Rush 1)","edition":"SR4","citation":"Textzeile 673","purpose":"description"}],"map_sources":[],"editions":["SR4"],"edition_descriptions":{"SR4":{"kind":"Ortsdossier","preview":"Horizon Splendor Building Matrix Node ist in SRM04-02 - Extraction (Artifact Rush 1) als benannter Schauplatz mit Bezug zu Seattle belegt.","full":"Horizon Splendor Building Matrix Node ist in SRM04-02 - Extraction (Artifact Rush 1) als benannter Schauplatz mit Bezug zu Seattle belegt. Das Dossier fasst den belegten Quellenstand redaktionell zusammen; eine nicht belegte Kartenposition wird nicht ergänzt.","hasMore":true,"hasExcerpt":true,"sources":[{"bookId":"sr4-srm04-02-extraction-artifact-rush-1","title":"SRM04-02 - Extraction (Artifact Rush 1)","edition":"SR4","citation":"Textzeile 673","purpose":"description"}]}}}},{"type":"Feature","geometry":null,"properties":{"id":4148,"global_id":"seattle:source-place:humanis-headquarters","name":"Humanis Headquarters","aliases":[],"category":"Konzerne und markante Bauwerke","detail_map":"Seattle","source_pages":"Textzeile 19540","map_source":"Emerald City (Seattle)","placement_note":"Keine belastbare Einzelposition; Eintrag bleibt im Katalog","accuracy":"Nur Stadt oder Lore-Teilraum belegt","source_map":"source-supplement","source_panel":"Seattle","description_preview":"Humanis Headquarters ist in Emerald City (Seattle) als benannter Schauplatz mit Bezug zu Seattle belegt.","description_full":"Humanis Headquarters ist in Emerald City (Seattle) als benannter Schauplatz mit Bezug zu Seattle belegt. Das Dossier fasst den belegten Quellenstand redaktionell zusammen; eine nicht belegte Kartenposition wird nicht ergänzt.","description_source":"Textzeile 19540","description_kind":"Ortsdossier","description_has_more":true,"detail_plans":[],"alternate_locations":[],"sources":[{"bookId":"sr6-emerald-city-seattle","title":"Emerald City (Seattle)","edition":"SR6","citation":"Textzeile 19540","purpose":"description"}],"map_sources":[],"editions":["SR6"],"edition_descriptions":{"SR6":{"kind":"Ortsdossier","preview":"Humanis Headquarters ist in Emerald City (Seattle) als benannter Schauplatz mit Bezug zu Seattle belegt.","full":"Humanis Headquarters ist in Emerald City (Seattle) als benannter Schauplatz mit Bezug zu Seattle belegt. Das Dossier fasst den belegten Quellenstand redaktionell zusammen; eine nicht belegte Kartenposition wird nicht ergänzt.","hasMore":true,"hasExcerpt":true,"sources":[{"bookId":"sr6-emerald-city-seattle","title":"Emerald City (Seattle)","edition":"SR6","citation":"Textzeile 19540","purpose":"description"}]}}}},{"type":"Feature","geometry":null,"properties":{"id":4149,"global_id":"seattle:source-place:infinity-seattle-center-downtown","name":"Infinity (Seattle Center, Downtown)","aliases":[],"category":"Sonstige Spots","detail_map":"Seattle","source_pages":"Textzeile 10716","map_source":"Runner Havens","placement_note":"Keine belastbare Einzelposition; Eintrag bleibt im Katalog","accuracy":"Nur Stadt oder Lore-Teilraum belegt","source_map":"source-supplement","source_panel":"Seattle","description_preview":"Infinity (Seattle Center, Downtown) ist in Runner Havens als benannter Schauplatz mit Bezug zu Seattle belegt.","description_full":"Infinity (Seattle Center, Downtown) ist in Runner Havens als benannter Schauplatz mit Bezug zu Seattle belegt. Das Dossier fasst den belegten Quellenstand redaktionell zusammen; eine nicht belegte Kartenposition wird nicht ergänzt.","description_source":"Textzeile 10716","description_kind":"Ortsdossier","description_has_more":true,"detail_plans":[],"alternate_locations":[],"sources":[{"bookId":"sr4-runner-havens","title":"Runner Havens","edition":"SR4","citation":"Textzeile 10716","purpose":"description"}],"map_sources":[],"editions":["SR4"],"edition_descriptions":{"SR4":{"kind":"Ortsdossier","preview":"Infinity (Seattle Center, Downtown) ist in Runner Havens als benannter Schauplatz mit Bezug zu Seattle belegt.","full":"Infinity (Seattle Center, Downtown) ist in Runner Havens als benannter Schauplatz mit Bezug zu Seattle belegt. Das Dossier fasst den belegten Quellenstand redaktionell zusammen; eine nicht belegte Kartenposition wird nicht ergänzt.","hasMore":true,"hasExcerpt":true,"sources":[{"bookId":"sr4-runner-havens","title":"Runner Havens","edition":"SR4","citation":"Textzeile 10716","purpose":"description"}]}}}},{"type":"Feature","geometry":null,"properties":{"id":4150,"global_id":"seattle:source-place:international-district","name":"International District","aliases":[],"category":"Bezirke und Lore-Gebiete","detail_map":"Seattle","source_pages":"PDF-Seite 33","map_source":"New Seattle","placement_note":"Keine belastbare Einzelposition; Eintrag bleibt im Katalog","accuracy":"Nur Stadt oder Lore-Teilraum belegt","source_map":"source-supplement","source_panel":"Seattle","description_preview":"International District ist in New Seattle als benannter Schauplatz mit Bezug zu Seattle belegt.","description_full":"International District ist in New Seattle als benannter Schauplatz mit Bezug zu Seattle belegt. Das Dossier fasst den belegten Quellenstand redaktionell zusammen; eine nicht belegte Kartenposition wird nicht ergänzt.","description_source":"PDF-Seite 33","description_kind":"Ortsdossier","description_has_more":true,"detail_plans":[],"alternate_locations":[],"sources":[{"bookId":"sr3-new-seattle","title":"New Seattle","edition":"SR3","citation":"PDF-Seite 33","purpose":"description"},{"bookId":"sr1-seattle-sourcebook","title":"Seattle Sourcebook","edition":"SR1","citation":"PDF-Seite 3","purpose":"description"},{"bookId":"sr1-seattle-sourcebook","title":"Seattle Sourcebook","edition":"SR1","citation":"PDF-Seite 24","purpose":"description"},{"bookId":"sr4-seattle-2072","title":"Seattle 2072","edition":"SR4","citation":"Textzeile 4394","purpose":"description"}],"map_sources":[],"editions":["SR1","SR3","SR4"],"edition_descriptions":{"SR1":{"kind":"Ortsdossier","preview":"International District ist in Seattle Sourcebook als benannter Schauplatz mit Bezug zu Seattle belegt.","full":"International District ist in Seattle Sourcebook als benannter Schauplatz mit Bezug zu Seattle belegt. Das Dossier fasst den belegten Quellenstand redaktionell zusammen; eine nicht belegte Kartenposition wird nicht ergänzt.","hasMore":true,"hasExcerpt":true,"sources":[{"bookId":"sr1-seattle-sourcebook","title":"Seattle Sourcebook","edition":"SR1","citation":"PDF-Seite 3","purpose":"description"},{"bookId":"sr1-seattle-sourcebook","title":"Seattle Sourcebook","edition":"SR1","citation":"PDF-Seite 24","purpose":"description"}]},"SR3":{"kind":"Ortsdossier","preview":"International District ist in New Seattle als benannter Schauplatz mit Bezug zu Seattle belegt.","full":"International District ist in New Seattle als benannter Schauplatz mit Bezug zu Seattle belegt. Das Dossier fasst den belegten Quellenstand redaktionell zusammen; eine nicht belegte Kartenposition wird nicht ergänzt.","hasMore":true,"hasExcerpt":true,"sources":[{"bookId":"sr3-new-seattle","title":"New Seattle","edition":"SR3","citation":"PDF-Seite 33","purpose":"description"}]},"SR4":{"kind":"Ortsdossier","preview":"International District ist in Seattle 2072 als benannter Schauplatz mit Bezug zu Seattle belegt.","full":"International District ist in Seattle 2072 als benannter Schauplatz mit Bezug zu Seattle belegt. Das Dossier fasst den belegten Quellenstand redaktionell zusammen; eine nicht belegte Kartenposition wird nicht ergänzt.","hasMore":true,"hasExcerpt":true,"sources":[{"bookId":"sr4-seattle-2072","title":"Seattle 2072","edition":"SR4","citation":"Textzeile 4394","purpose":"description"}]}}}},{"type":"Feature","geometry":null,"properties":{"id":4151,"global_id":"seattle:source-place:island-crest-way","name":"Island Crest Way","aliases":[],"category":"Sonstige Spots","detail_map":"Seattle","source_pages":"Textzeile 13811","map_source":"Seattle 2072","placement_note":"Keine belastbare Einzelposition; Eintrag bleibt im Katalog","accuracy":"Nur Stadt oder Lore-Teilraum belegt","source_map":"source-supplement","source_panel":"Seattle","description_preview":"Island Crest Way ist in Seattle 2072 als benannter Schauplatz mit Bezug zu Seattle belegt.","description_full":"Island Crest Way ist in Seattle 2072 als benannter Schauplatz mit Bezug zu Seattle belegt. Das Dossier fasst den belegten Quellenstand redaktionell zusammen; eine nicht belegte Kartenposition wird nicht ergänzt.","description_source":"Textzeile 13811","description_kind":"Ortsdossier","description_has_more":true,"detail_plans":[],"alternate_locations":[],"sources":[{"bookId":"sr4-seattle-2072","title":"Seattle 2072","edition":"SR4","citation":"Textzeile 13811","purpose":"description"}],"map_sources":[],"editions":["SR4"],"edition_descriptions":{"SR4":{"kind":"Ortsdossier","preview":"Island Crest Way ist in Seattle 2072 als benannter Schauplatz mit Bezug zu Seattle belegt.","full":"Island Crest Way ist in Seattle 2072 als benannter Schauplatz mit Bezug zu Seattle belegt. Das Dossier fasst den belegten Quellenstand redaktionell zusammen; eine nicht belegte Kartenposition wird nicht ergänzt.","hasMore":true,"hasExcerpt":true,"sources":[{"bookId":"sr4-seattle-2072","title":"Seattle 2072","edition":"SR4","citation":"Textzeile 13811","purpose":"description"}]}}}},{"type":"Feature","geometry":null,"properties":{"id":4152,"global_id":"seattle:source-place:island-gone-native","name":"Island Gone Native","aliases":[],"category":"Sonstige Spots","detail_map":"Seattle","source_pages":"Textzeile 7063","map_source":"Emerald City (Seattle)","placement_note":"Keine belastbare Einzelposition; Eintrag bleibt im Katalog","accuracy":"Nur Stadt oder Lore-Teilraum belegt","source_map":"source-supplement","source_panel":"Seattle","description_preview":"Island Gone Native ist in Emerald City (Seattle) als benannter Schauplatz mit Bezug zu Seattle belegt.","description_full":"Island Gone Native ist in Emerald City (Seattle) als benannter Schauplatz mit Bezug zu Seattle belegt. Das Dossier fasst den belegten Quellenstand redaktionell zusammen; eine nicht belegte Kartenposition wird nicht ergänzt.","description_source":"Textzeile 7063","description_kind":"Ortsdossier","description_has_more":true,"detail_plans":[],"alternate_locations":[],"sources":[{"bookId":"sr6-emerald-city-seattle","title":"Emerald City (Seattle)","edition":"SR6","citation":"Textzeile 7063","purpose":"description"}],"map_sources":[],"editions":["SR6"],"edition_descriptions":{"SR6":{"kind":"Ortsdossier","preview":"Island Gone Native ist in Emerald City (Seattle) als benannter Schauplatz mit Bezug zu Seattle belegt.","full":"Island Gone Native ist in Emerald City (Seattle) als benannter Schauplatz mit Bezug zu Seattle belegt. Das Dossier fasst den belegten Quellenstand redaktionell zusammen; eine nicht belegte Kartenposition wird nicht ergänzt.","hasMore":true,"hasExcerpt":true,"sources":[{"bookId":"sr6-emerald-city-seattle","title":"Emerald City (Seattle)","edition":"SR6","citation":"Textzeile 7063","purpose":"description"}]}}}},{"type":"Feature","geometry":null,"properties":{"id":4153,"global_id":"seattle:source-place:ist-avenue-and-stewart-street","name":"Ist Avenue and Stewart Street","aliases":[],"category":"Sonstige Spots","detail_map":"Seattle","source_pages":"PDF-Seite 121","map_source":"New Seattle","placement_note":"Keine belastbare Einzelposition; Eintrag bleibt im Katalog","accuracy":"Nur Stadt oder Lore-Teilraum belegt","source_map":"source-supplement","source_panel":"Seattle","description_preview":"Ist Avenue and Stewart Street ist in New Seattle als benannter Schauplatz mit Bezug zu Seattle belegt.","description_full":"Ist Avenue and Stewart Street ist in New Seattle als benannter Schauplatz mit Bezug zu Seattle belegt. Das Dossier fasst den belegten Quellenstand redaktionell zusammen; eine nicht belegte Kartenposition wird nicht ergänzt.","description_source":"PDF-Seite 121","description_kind":"Ortsdossier","description_has_more":true,"detail_plans":[],"alternate_locations":[],"sources":[{"bookId":"sr3-new-seattle","title":"New Seattle","edition":"SR3","citation":"PDF-Seite 121","purpose":"description"}],"map_sources":[],"editions":["SR3"],"edition_descriptions":{"SR3":{"kind":"Ortsdossier","preview":"Ist Avenue and Stewart Street ist in New Seattle als benannter Schauplatz mit Bezug zu Seattle belegt.","full":"Ist Avenue and Stewart Street ist in New Seattle als benannter Schauplatz mit Bezug zu Seattle belegt. Das Dossier fasst den belegten Quellenstand redaktionell zusammen; eine nicht belegte Kartenposition wird nicht ergänzt.","hasMore":true,"hasExcerpt":true,"sources":[{"bookId":"sr3-new-seattle","title":"New Seattle","edition":"SR3","citation":"PDF-Seite 121","purpose":"description"}]}}}},{"type":"Feature","geometry":null,"properties":{"id":4154,"global_id":"seattle:source-place:ist-avenue-and-union-street","name":"Ist Avenue and Union Street","aliases":["Ist Avenue/Union Street"],"category":"Sonstige Spots","detail_map":"Seattle","source_pages":"PDF-Seite 122","map_source":"New Seattle","placement_note":"Keine belastbare Einzelposition; Eintrag bleibt im Katalog","accuracy":"Nur Stadt oder Lore-Teilraum belegt","source_map":"source-supplement","source_panel":"Seattle","description_preview":"Ist Avenue and Union Street ist in New Seattle als benannter Schauplatz mit Bezug zu Seattle belegt.","description_full":"Ist Avenue and Union Street ist in New Seattle als benannter Schauplatz mit Bezug zu Seattle belegt. Das Dossier fasst den belegten Quellenstand redaktionell zusammen; eine nicht belegte Kartenposition wird nicht ergänzt.","description_source":"PDF-Seite 122","description_kind":"Ortsdossier","description_has_more":true,"detail_plans":[],"alternate_locations":[],"sources":[{"bookId":"sr3-new-seattle","title":"New Seattle","edition":"SR3","citation":"PDF-Seite 122","purpose":"description"}],"map_sources":[],"editions":["SR3"],"edition_descriptions":{"SR3":{"kind":"Ortsdossier","preview":"Ist Avenue and Union Street ist in New Seattle als benannter Schauplatz mit Bezug zu Seattle belegt.","full":"Ist Avenue and Union Street ist in New Seattle als benannter Schauplatz mit Bezug zu Seattle belegt. Das Dossier fasst den belegten Quellenstand redaktionell zusammen; eine nicht belegte Kartenposition wird nicht ergänzt.","hasMore":true,"hasExcerpt":true,"sources":[{"bookId":"sr3-new-seattle","title":"New Seattle","edition":"SR3","citation":"PDF-Seite 122","purpose":"description"}]}}}},{"type":"Feature","geometry":null,"properties":{"id":4155,"global_id":"seattle:source-place:juneau-street-twenty-eighth-avenue-south","name":"Juneau Street & Twenty-eighth Avenue South","aliases":[],"category":"Sonstige Spots","detail_map":"Seattle","source_pages":"Textzeile 6403","map_source":"Seattle 2072","placement_note":"Keine belastbare Einzelposition; Eintrag bleibt im Katalog","accuracy":"Nur Stadt oder Lore-Teilraum belegt","source_map":"source-supplement","source_panel":"Seattle","description_preview":"Juneau Street & Twenty-eighth Avenue South ist in Seattle 2072 als benannter Schauplatz mit Bezug zu Seattle belegt.","description_full":"Juneau Street & Twenty-eighth Avenue South ist in Seattle 2072 als benannter Schauplatz mit Bezug zu Seattle belegt. Das Dossier fasst den belegten Quellenstand redaktionell zusammen; eine nicht belegte Kartenposition wird nicht ergänzt.","description_source":"Textzeile 6403","description_kind":"Ortsdossier","description_has_more":true,"detail_plans":[],"alternate_locations":[],"sources":[{"bookId":"sr4-seattle-2072","title":"Seattle 2072","edition":"SR4","citation":"Textzeile 6403","purpose":"description"}],"map_sources":[],"editions":["SR4"],"edition_descriptions":{"SR4":{"kind":"Ortsdossier","preview":"Juneau Street & Twenty-eighth Avenue South ist in Seattle 2072 als benannter Schauplatz mit Bezug zu Seattle belegt.","full":"Juneau Street & Twenty-eighth Avenue South ist in Seattle 2072 als benannter Schauplatz mit Bezug zu Seattle belegt. Das Dossier fasst den belegten Quellenstand redaktionell zusammen; eine nicht belegte Kartenposition wird nicht ergänzt.","hasMore":true,"hasExcerpt":true,"sources":[{"bookId":"sr4-seattle-2072","title":"Seattle 2072","edition":"SR4","citation":"Textzeile 6403","purpose":"description"}]}}}},{"type":"Feature","geometry":null,"properties":{"id":4156,"global_id":"seattle:source-place:larrys-kids-youth-center","name":"Larry’s Kids Youth Center","aliases":[],"category":"Sonstige Spots","detail_map":"Seattle","source_pages":"Textzeile 15994","map_source":"Emerald City (Seattle)","placement_note":"Keine belastbare Einzelposition; Eintrag bleibt im Katalog","accuracy":"Nur Stadt oder Lore-Teilraum belegt","source_map":"source-supplement","source_panel":"Seattle","description_preview":"Larry’s Kids Youth Center ist in Emerald City (Seattle) als benannter Schauplatz mit Bezug zu Seattle belegt.","description_full":"Larry’s Kids Youth Center ist in Emerald City (Seattle) als benannter Schauplatz mit Bezug zu Seattle belegt. Das Dossier fasst den belegten Quellenstand redaktionell zusammen; eine nicht belegte Kartenposition wird nicht ergänzt.","description_source":"Textzeile 15994","description_kind":"Ortsdossier","description_has_more":true,"detail_plans":[],"alternate_locations":[],"sources":[{"bookId":"sr6-emerald-city-seattle","title":"Emerald City (Seattle)","edition":"SR6","citation":"Textzeile 15994","purpose":"description"}],"map_sources":[],"editions":["SR6"],"edition_descriptions":{"SR6":{"kind":"Ortsdossier","preview":"Larry’s Kids Youth Center ist in Emerald City (Seattle) als benannter Schauplatz mit Bezug zu Seattle belegt.","full":"Larry’s Kids Youth Center ist in Emerald City (Seattle) als benannter Schauplatz mit Bezug zu Seattle belegt. Das Dossier fasst den belegten Quellenstand redaktionell zusammen; eine nicht belegte Kartenposition wird nicht ergänzt.","hasMore":true,"hasExcerpt":true,"sources":[{"bookId":"sr6-emerald-city-seattle","title":"Emerald City (Seattle)","edition":"SR6","citation":"Textzeile 15994","purpose":"description"}]}}}},{"type":"Feature","geometry":null,"properties":{"id":4157,"global_id":"seattle:source-place:logan-avenue-and-north-gth-street","name":"Logan Avenue and North Gth Street","aliases":[],"category":"Sonstige Spots","detail_map":"Seattle","source_pages":"PDF-Seite 128","map_source":"New Seattle","placement_note":"Keine belastbare Einzelposition; Eintrag bleibt im Katalog","accuracy":"Nur Stadt oder Lore-Teilraum belegt","source_map":"source-supplement","source_panel":"Seattle","description_preview":"Logan Avenue and North Gth Street ist in New Seattle als benannter Schauplatz mit Bezug zu Seattle belegt.","description_full":"Logan Avenue and North Gth Street ist in New Seattle als benannter Schauplatz mit Bezug zu Seattle belegt. Das Dossier fasst den belegten Quellenstand redaktionell zusammen; eine nicht belegte Kartenposition wird nicht ergänzt.","description_source":"PDF-Seite 128","description_kind":"Ortsdossier","description_has_more":true,"detail_plans":[],"alternate_locations":[],"sources":[{"bookId":"sr3-new-seattle","title":"New Seattle","edition":"SR3","citation":"PDF-Seite 128","purpose":"description"}],"map_sources":[],"editions":["SR3"],"edition_descriptions":{"SR3":{"kind":"Ortsdossier","preview":"Logan Avenue and North Gth Street ist in New Seattle als benannter Schauplatz mit Bezug zu Seattle belegt.","full":"Logan Avenue and North Gth Street ist in New Seattle als benannter Schauplatz mit Bezug zu Seattle belegt. Das Dossier fasst den belegten Quellenstand redaktionell zusammen; eine nicht belegte Kartenposition wird nicht ergänzt.","hasMore":true,"hasExcerpt":true,"sources":[{"bookId":"sr3-new-seattle","title":"New Seattle","edition":"SR3","citation":"PDF-Seite 128","purpose":"description"}]}}}},{"type":"Feature","geometry":null,"properties":{"id":4158,"global_id":"seattle:source-place:madison-street-second-avenue","name":"Madison Street & Second Avenue","aliases":["Madison Street & Second Ave"],"category":"Sonstige Spots","detail_map":"Seattle","source_pages":"Textzeile 20713","map_source":"Seattle 2072","placement_note":"Keine belastbare Einzelposition; Eintrag bleibt im Katalog","accuracy":"Nur Stadt oder Lore-Teilraum belegt","source_map":"source-supplement","source_panel":"Seattle","description_preview":"Madison Street & Second Avenue ist in Seattle 2072 als benannter Schauplatz mit Bezug zu Seattle belegt.","description_full":"Madison Street & Second Avenue ist in Seattle 2072 als benannter Schauplatz mit Bezug zu Seattle belegt. Das Dossier fasst den belegten Quellenstand redaktionell zusammen; eine nicht belegte Kartenposition wird nicht ergänzt.","description_source":"Textzeile 20713","description_kind":"Ortsdossier","description_has_more":true,"detail_plans":[],"alternate_locations":[],"sources":[{"bookId":"sr4-seattle-2072","title":"Seattle 2072","edition":"SR4","citation":"Textzeile 20713","purpose":"description"},{"bookId":"sr4-seattle-2072","title":"Seattle 2072","edition":"SR4","citation":"Textzeile 5403","purpose":"description"}],"map_sources":[],"editions":["SR4"],"edition_descriptions":{"SR4":{"kind":"Ortsdossier","preview":"Madison Street & Second Avenue ist in Seattle 2072 als benannter Schauplatz mit Bezug zu Seattle belegt.","full":"Madison Street & Second Avenue ist in Seattle 2072 als benannter Schauplatz mit Bezug zu Seattle belegt. Das Dossier fasst den belegten Quellenstand redaktionell zusammen; eine nicht belegte Kartenposition wird nicht ergänzt.","hasMore":true,"hasExcerpt":true,"sources":[{"bookId":"sr4-seattle-2072","title":"Seattle 2072","edition":"SR4","citation":"Textzeile 20713","purpose":"description"},{"bookId":"sr4-seattle-2072","title":"Seattle 2072","edition":"SR4","citation":"Textzeile 5403","purpose":"description"}]}}}},{"type":"Feature","geometry":null,"properties":{"id":4159,"global_id":"seattle:source-place:main-street-ninth-avenue-n","name":"Main Street & Ninth Avenue N","aliases":[],"category":"Sonstige Spots","detail_map":"Seattle","source_pages":"Textzeile 11170","map_source":"Seattle 2072","placement_note":"Keine belastbare Einzelposition; Eintrag bleibt im Katalog","accuracy":"Nur Stadt oder Lore-Teilraum belegt","source_map":"source-supplement","source_panel":"Seattle","description_preview":"Main Street & Ninth Avenue N ist in Seattle 2072 als benannter Schauplatz mit Bezug zu Seattle belegt.","description_full":"Main Street & Ninth Avenue N ist in Seattle 2072 als benannter Schauplatz mit Bezug zu Seattle belegt. Das Dossier fasst den belegten Quellenstand redaktionell zusammen; eine nicht belegte Kartenposition wird nicht ergänzt.","description_source":"Textzeile 11170","description_kind":"Ortsdossier","description_has_more":true,"detail_plans":[],"alternate_locations":[],"sources":[{"bookId":"sr4-seattle-2072","title":"Seattle 2072","edition":"SR4","citation":"Textzeile 11170","purpose":"description"}],"map_sources":[],"editions":["SR4"],"edition_descriptions":{"SR4":{"kind":"Ortsdossier","preview":"Main Street & Ninth Avenue N ist in Seattle 2072 als benannter Schauplatz mit Bezug zu Seattle belegt.","full":"Main Street & Ninth Avenue N ist in Seattle 2072 als benannter Schauplatz mit Bezug zu Seattle belegt. Das Dossier fasst den belegten Quellenstand redaktionell zusammen; eine nicht belegte Kartenposition wird nicht ergänzt.","hasMore":true,"hasExcerpt":true,"sources":[{"bookId":"sr4-seattle-2072","title":"Seattle 2072","edition":"SR4","citation":"Textzeile 11170","purpose":"description"}]}}}},{"type":"Feature","geometry":null,"properties":{"id":4160,"global_id":"seattle:source-place:main-street-and-central-avenue","name":"Main Street and Central Avenue","aliases":["Main Street/Central Avenue"],"category":"Sonstige Spots","detail_map":"Seattle","source_pages":"PDF-Seite 131","map_source":"New Seattle","placement_note":"Keine belastbare Einzelposition; Eintrag bleibt im Katalog","accuracy":"Nur Stadt oder Lore-Teilraum belegt","source_map":"source-supplement","source_panel":"Seattle","description_preview":"Main Street and Central Avenue ist in New Seattle als benannter Schauplatz mit Bezug zu Seattle belegt.","description_full":"Main Street and Central Avenue ist in New Seattle als benannter Schauplatz mit Bezug zu Seattle belegt. Das Dossier fasst den belegten Quellenstand redaktionell zusammen; eine nicht belegte Kartenposition wird nicht ergänzt.","description_source":"PDF-Seite 131","description_kind":"Ortsdossier","description_has_more":true,"detail_plans":[],"alternate_locations":[],"sources":[{"bookId":"sr3-new-seattle","title":"New Seattle","edition":"SR3","citation":"PDF-Seite 131","purpose":"description"},{"bookId":"sr3-new-seattle","title":"New Seattle","edition":"SR3","citation":"PDF-Seite 130","purpose":"description"},{"bookId":"sr4-seattle-2072","title":"Seattle 2072","edition":"SR4","citation":"Textzeile 11668","purpose":"description"}],"map_sources":[],"editions":["SR3","SR4"],"edition_descriptions":{"SR3":{"kind":"Ortsdossier","preview":"Main Street and Central Avenue ist in New Seattle als benannter Schauplatz mit Bezug zu Seattle belegt.","full":"Main Street and Central Avenue ist in New Seattle als benannter Schauplatz mit Bezug zu Seattle belegt. Das Dossier fasst den belegten Quellenstand redaktionell zusammen; eine nicht belegte Kartenposition wird nicht ergänzt.","hasMore":true,"hasExcerpt":true,"sources":[{"bookId":"sr3-new-seattle","title":"New Seattle","edition":"SR3","citation":"PDF-Seite 131","purpose":"description"},{"bookId":"sr3-new-seattle","title":"New Seattle","edition":"SR3","citation":"PDF-Seite 130","purpose":"description"}]},"SR4":{"kind":"Ortsdossier","preview":"Main Street and Central Avenue ist in Seattle 2072 als benannter Schauplatz mit Bezug zu Seattle belegt.","full":"Main Street and Central Avenue ist in Seattle 2072 als benannter Schauplatz mit Bezug zu Seattle belegt. Das Dossier fasst den belegten Quellenstand redaktionell zusammen; eine nicht belegte Kartenposition wird nicht ergänzt.","hasMore":true,"hasExcerpt":true,"sources":[{"bookId":"sr4-seattle-2072","title":"Seattle 2072","edition":"SR4","citation":"Textzeile 11668","purpose":"description"}]}}}},{"type":"Feature","geometry":null,"properties":{"id":4161,"global_id":"seattle:source-place:main-street-and-central-avenue-captain-charles","name":"Main Street and Central Avenue/Captain Charles","aliases":[],"category":"Sonstige Spots","detail_map":"Seattle","source_pages":"PDF-Seite 123","map_source":"Seattle Sourcebook","placement_note":"Keine belastbare Einzelposition; Eintrag bleibt im Katalog","accuracy":"Nur Stadt oder Lore-Teilraum belegt","source_map":"source-supplement","source_panel":"Seattle","description_preview":"Main Street and Central Avenue/Captain Charles ist in Seattle Sourcebook als benannter Schauplatz mit Bezug zu Seattle belegt.","description_full":"Main Street and Central Avenue/Captain Charles ist in Seattle Sourcebook als benannter Schauplatz mit Bezug zu Seattle belegt. Das Dossier fasst den belegten Quellenstand redaktionell zusammen; eine nicht belegte Kartenposition wird nicht ergänzt.","description_source":"PDF-Seite 123","description_kind":"Ortsdossier","description_has_more":true,"detail_plans":[],"alternate_locations":[],"sources":[{"bookId":"sr1-seattle-sourcebook","title":"Seattle Sourcebook","edition":"SR1","citation":"PDF-Seite 123","purpose":"description"}],"map_sources":[],"editions":["SR1"],"edition_descriptions":{"SR1":{"kind":"Ortsdossier","preview":"Main Street and Central Avenue/Captain Charles ist in Seattle Sourcebook als benannter Schauplatz mit Bezug zu Seattle belegt.","full":"Main Street and Central Avenue/Captain Charles ist in Seattle Sourcebook als benannter Schauplatz mit Bezug zu Seattle belegt. Das Dossier fasst den belegten Quellenstand redaktionell zusammen; eine nicht belegte Kartenposition wird nicht ergänzt.","hasMore":true,"hasExcerpt":true,"sources":[{"bookId":"sr1-seattle-sourcebook","title":"Seattle Sourcebook","edition":"SR1","citation":"PDF-Seite 123","purpose":"description"}]}}}},{"type":"Feature","geometry":null,"properties":{"id":4162,"global_id":"seattle:source-place:main-street-west-and-lund-road","name":"Main Street West and Lund Road","aliases":["Main Street West/Lund Road"],"category":"Sonstige Spots","detail_map":"Seattle","source_pages":"PDF-Seite 128","map_source":"New Seattle","placement_note":"Keine belastbare Einzelposition; Eintrag bleibt im Katalog","accuracy":"Nur Stadt oder Lore-Teilraum belegt","source_map":"source-supplement","source_panel":"Seattle","description_preview":"Main Street West and Lund Road ist in New Seattle als benannter Schauplatz mit Bezug zu Seattle belegt.","description_full":"Main Street West and Lund Road ist in New Seattle als benannter Schauplatz mit Bezug zu Seattle belegt. Das Dossier fasst den belegten Quellenstand redaktionell zusammen; eine nicht belegte Kartenposition wird nicht ergänzt.","description_source":"PDF-Seite 128","description_kind":"Ortsdossier","description_has_more":true,"detail_plans":[],"alternate_locations":[],"sources":[{"bookId":"sr3-new-seattle","title":"New Seattle","edition":"SR3","citation":"PDF-Seite 128","purpose":"description"},{"bookId":"sr4-seattle-2072","title":"Seattle 2072","edition":"SR4","citation":"Textzeile 9443","purpose":"description"}],"map_sources":[],"editions":["SR3","SR4"],"edition_descriptions":{"SR3":{"kind":"Ortsdossier","preview":"Main Street West and Lund Road ist in New Seattle als benannter Schauplatz mit Bezug zu Seattle belegt.","full":"Main Street West and Lund Road ist in New Seattle als benannter Schauplatz mit Bezug zu Seattle belegt. Das Dossier fasst den belegten Quellenstand redaktionell zusammen; eine nicht belegte Kartenposition wird nicht ergänzt.","hasMore":true,"hasExcerpt":true,"sources":[{"bookId":"sr3-new-seattle","title":"New Seattle","edition":"SR3","citation":"PDF-Seite 128","purpose":"description"}]},"SR4":{"kind":"Ortsdossier","preview":"Main Street West and Lund Road ist in Seattle 2072 als benannter Schauplatz mit Bezug zu Seattle belegt.","full":"Main Street West and Lund Road ist in Seattle 2072 als benannter Schauplatz mit Bezug zu Seattle belegt. Das Dossier fasst den belegten Quellenstand redaktionell zusammen; eine nicht belegte Kartenposition wird nicht ergänzt.","hasMore":true,"hasExcerpt":true,"sources":[{"bookId":"sr4-seattle-2072","title":"Seattle 2072","edition":"SR4","citation":"Textzeile 9443","purpose":"description"}]}}}},{"type":"Feature","geometry":null,"properties":{"id":4163,"global_id":"seattle:source-place:margaret-bridge-child-health-hospital","name":"Margaret Bridge Child Health Hospital","aliases":[],"category":"Medizin und Versorgung","detail_map":"Seattle","source_pages":"PDF-Seite 126","map_source":"New Seattle","placement_note":"Keine belastbare Einzelposition; Eintrag bleibt im Katalog","accuracy":"Nur Stadt oder Lore-Teilraum belegt","source_map":"source-supplement","source_panel":"Seattle","description_preview":"Margaret Bridge Child Health Hospital ist in New Seattle als benannter Schauplatz mit Bezug zu Seattle belegt.","description_full":"Margaret Bridge Child Health Hospital ist in New Seattle als benannter Schauplatz mit Bezug zu Seattle belegt. Das Dossier fasst den belegten Quellenstand redaktionell zusammen; eine nicht belegte Kartenposition wird nicht ergänzt.","description_source":"PDF-Seite 126","description_kind":"Ortsdossier","description_has_more":true,"detail_plans":[],"alternate_locations":[],"sources":[{"bookId":"sr3-new-seattle","title":"New Seattle","edition":"SR3","citation":"PDF-Seite 126","purpose":"description"},{"bookId":"sr4-seattle-2072","title":"Seattle 2072","edition":"SR4","citation":"Textzeile 7909","purpose":"description"}],"map_sources":[],"editions":["SR3","SR4"],"edition_descriptions":{"SR3":{"kind":"Ortsdossier","preview":"Margaret Bridge Child Health Hospital ist in New Seattle als benannter Schauplatz mit Bezug zu Seattle belegt.","full":"Margaret Bridge Child Health Hospital ist in New Seattle als benannter Schauplatz mit Bezug zu Seattle belegt. Das Dossier fasst den belegten Quellenstand redaktionell zusammen; eine nicht belegte Kartenposition wird nicht ergänzt.","hasMore":true,"hasExcerpt":true,"sources":[{"bookId":"sr3-new-seattle","title":"New Seattle","edition":"SR3","citation":"PDF-Seite 126","purpose":"description"}]},"SR4":{"kind":"Ortsdossier","preview":"Margaret Bridge Child Health Hospital ist in Seattle 2072 als benannter Schauplatz mit Bezug zu Seattle belegt.","full":"Margaret Bridge Child Health Hospital ist in Seattle 2072 als benannter Schauplatz mit Bezug zu Seattle belegt. Das Dossier fasst den belegten Quellenstand redaktionell zusammen; eine nicht belegte Kartenposition wird nicht ergänzt.","hasMore":true,"hasExcerpt":true,"sources":[{"bookId":"sr4-seattle-2072","title":"Seattle 2072","edition":"SR4","citation":"Textzeile 7909","purpose":"description"}]}}}},{"type":"Feature","geometry":null,"properties":{"id":4164,"global_id":"seattle:source-place:marion-street-fourth-avenue","name":"Marion Street & Fourth Avenue","aliases":[],"category":"Sonstige Spots","detail_map":"Seattle","source_pages":"Textzeile 6491","map_source":"Seattle 2072","placement_note":"Keine belastbare Einzelposition; Eintrag bleibt im Katalog","accuracy":"Nur Stadt oder Lore-Teilraum belegt","source_map":"source-supplement","source_panel":"Seattle","description_preview":"Marion Street & Fourth Avenue ist in Seattle 2072 als benannter Schauplatz mit Bezug zu Seattle belegt.","description_full":"Marion Street & Fourth Avenue ist in Seattle 2072 als benannter Schauplatz mit Bezug zu Seattle belegt. Das Dossier fasst den belegten Quellenstand redaktionell zusammen; eine nicht belegte Kartenposition wird nicht ergänzt.","description_source":"Textzeile 6491","description_kind":"Ortsdossier","description_has_more":true,"detail_plans":[],"alternate_locations":[],"sources":[{"bookId":"sr4-seattle-2072","title":"Seattle 2072","edition":"SR4","citation":"Textzeile 6491","purpose":"description"}],"map_sources":[],"editions":["SR4"],"edition_descriptions":{"SR4":{"kind":"Ortsdossier","preview":"Marion Street & Fourth Avenue ist in Seattle 2072 als benannter Schauplatz mit Bezug zu Seattle belegt.","full":"Marion Street & Fourth Avenue ist in Seattle 2072 als benannter Schauplatz mit Bezug zu Seattle belegt. Das Dossier fasst den belegten Quellenstand redaktionell zusammen; eine nicht belegte Kartenposition wird nicht ergänzt.","hasMore":true,"hasExcerpt":true,"sources":[{"bookId":"sr4-seattle-2072","title":"Seattle 2072","edition":"SR4","citation":"Textzeile 6491","purpose":"description"}]}}}},{"type":"Feature","geometry":null,"properties":{"id":4165,"global_id":"seattle:source-place:market-panic","name":"Market Panic","aliases":[],"category":"Sonstige Spots","detail_map":"Seattle","source_pages":"Textzeile 910","map_source":"Seattle Sprawl Box - Ruling the Queen City","placement_note":"Keine belastbare Einzelposition; Eintrag bleibt im Katalog","accuracy":"Nur Stadt oder Lore-Teilraum belegt","source_map":"source-supplement","source_panel":"Seattle","description_preview":"Market Panic ist in Seattle Sprawl Box - Ruling the Queen City als benannter Schauplatz mit Bezug zu Seattle belegt.","description_full":"Market Panic ist in Seattle Sprawl Box - Ruling the Queen City als benannter Schauplatz mit Bezug zu Seattle belegt. Das Dossier fasst den belegten Quellenstand redaktionell zusammen; eine nicht belegte Kartenposition wird nicht ergänzt.","description_source":"Textzeile 910","description_kind":"Ortsdossier","description_has_more":true,"detail_plans":[],"alternate_locations":[],"sources":[{"bookId":"sr5-seattle-sprawl-box-ruling-the-queen-city","title":"Seattle Sprawl Box - Ruling the Queen City","edition":"SR5","citation":"Textzeile 910","purpose":"description"}],"map_sources":[],"editions":["SR5"],"edition_descriptions":{"SR5":{"kind":"Ortsdossier","preview":"Market Panic ist in Seattle Sprawl Box - Ruling the Queen City als benannter Schauplatz mit Bezug zu Seattle belegt.","full":"Market Panic ist in Seattle Sprawl Box - Ruling the Queen City als benannter Schauplatz mit Bezug zu Seattle belegt. Das Dossier fasst den belegten Quellenstand redaktionell zusammen; eine nicht belegte Kartenposition wird nicht ergänzt.","hasMore":true,"hasExcerpt":true,"sources":[{"bookId":"sr5-seattle-sprawl-box-ruling-the-queen-city","title":"Seattle Sprawl Box - Ruling the Queen City","edition":"SR5","citation":"Textzeile 910","purpose":"description"}]}}}},{"type":"Feature","geometry":null,"properties":{"id":4166,"global_id":"seattle:source-place:market-street-fourteenth-avenue-nw","name":"Market Street & Fourteenth Avenue NW","aliases":[],"category":"Sonstige Spots","detail_map":"Seattle","source_pages":"Textzeile 7344","map_source":"Seattle 2072","placement_note":"Keine belastbare Einzelposition; Eintrag bleibt im Katalog","accuracy":"Nur Stadt oder Lore-Teilraum belegt","source_map":"source-supplement","source_panel":"Seattle","description_preview":"Market Street & Fourteenth Avenue NW ist in Seattle 2072 als benannter Schauplatz mit Bezug zu Seattle belegt.","description_full":"Market Street & Fourteenth Avenue NW ist in Seattle 2072 als benannter Schauplatz mit Bezug zu Seattle belegt. Das Dossier fasst den belegten Quellenstand redaktionell zusammen; eine nicht belegte Kartenposition wird nicht ergänzt.","description_source":"Textzeile 7344","description_kind":"Ortsdossier","description_has_more":true,"detail_plans":[],"alternate_locations":[],"sources":[{"bookId":"sr4-seattle-2072","title":"Seattle 2072","edition":"SR4","citation":"Textzeile 7344","purpose":"description"}],"map_sources":[],"editions":["SR4"],"edition_descriptions":{"SR4":{"kind":"Ortsdossier","preview":"Market Street & Fourteenth Avenue NW ist in Seattle 2072 als benannter Schauplatz mit Bezug zu Seattle belegt.","full":"Market Street & Fourteenth Avenue NW ist in Seattle 2072 als benannter Schauplatz mit Bezug zu Seattle belegt. Das Dossier fasst den belegten Quellenstand redaktionell zusammen; eine nicht belegte Kartenposition wird nicht ergänzt.","hasMore":true,"hasExcerpt":true,"sources":[{"bookId":"sr4-seattle-2072","title":"Seattle 2072","edition":"SR4","citation":"Textzeile 7344","purpose":"description"}]}}}},{"type":"Feature","geometry":null,"properties":{"id":4167,"global_id":"seattle:source-place:marlis-house","name":"Marli’s House","aliases":[],"category":"Sonstige Spots","detail_map":"Seattle","source_pages":"Textzeile 3133","map_source":"On the Run","placement_note":"Keine belastbare Einzelposition; Eintrag bleibt im Katalog","accuracy":"Nur Stadt oder Lore-Teilraum belegt","source_map":"source-supplement","source_panel":"Seattle","description_preview":"Marli’s House ist in On the Run als benannter Schauplatz mit Bezug zu Seattle belegt.","description_full":"Marli’s House ist in On the Run als benannter Schauplatz mit Bezug zu Seattle belegt. Das Dossier fasst den belegten Quellenstand redaktionell zusammen; eine nicht belegte Kartenposition wird nicht ergänzt.","description_source":"Textzeile 3133","description_kind":"Ortsdossier","description_has_more":true,"detail_plans":[],"alternate_locations":[],"sources":[{"bookId":"sr4-on-the-run","title":"On the Run","edition":"SR4","citation":"Textzeile 3133","purpose":"description"}],"map_sources":[],"editions":["SR4"],"edition_descriptions":{"SR4":{"kind":"Ortsdossier","preview":"Marli’s House ist in On the Run als benannter Schauplatz mit Bezug zu Seattle belegt.","full":"Marli’s House ist in On the Run als benannter Schauplatz mit Bezug zu Seattle belegt. Das Dossier fasst den belegten Quellenstand redaktionell zusammen; eine nicht belegte Kartenposition wird nicht ergänzt.","hasMore":true,"hasExcerpt":true,"sources":[{"bookId":"sr4-on-the-run","title":"On the Run","edition":"SR4","citation":"Textzeile 3133","purpose":"description"}]}}}},{"type":"Feature","geometry":null,"properties":{"id":4168,"global_id":"seattle:source-place:massachusetts-street-downtown","name":"Massachusetts Street, Downtown","aliases":[],"category":"Sonstige Spots","detail_map":"Seattle","source_pages":"Textzeile 16911","map_source":"Seattle 2072","placement_note":"Keine belastbare Einzelposition; Eintrag bleibt im Katalog","accuracy":"Nur Stadt oder Lore-Teilraum belegt","source_map":"source-supplement","source_panel":"Seattle","description_preview":"Massachusetts Street, Downtown ist in Seattle 2072 als benannter Schauplatz mit Bezug zu Seattle belegt.","description_full":"Massachusetts Street, Downtown ist in Seattle 2072 als benannter Schauplatz mit Bezug zu Seattle belegt. Das Dossier fasst den belegten Quellenstand redaktionell zusammen; eine nicht belegte Kartenposition wird nicht ergänzt.","description_source":"Textzeile 16911","description_kind":"Ortsdossier","description_has_more":true,"detail_plans":[],"alternate_locations":[],"sources":[{"bookId":"sr4-seattle-2072","title":"Seattle 2072","edition":"SR4","citation":"Textzeile 16911","purpose":"description"}],"map_sources":[],"editions":["SR4"],"edition_descriptions":{"SR4":{"kind":"Ortsdossier","preview":"Massachusetts Street, Downtown ist in Seattle 2072 als benannter Schauplatz mit Bezug zu Seattle belegt.","full":"Massachusetts Street, Downtown ist in Seattle 2072 als benannter Schauplatz mit Bezug zu Seattle belegt. Das Dossier fasst den belegten Quellenstand redaktionell zusammen; eine nicht belegte Kartenposition wird nicht ergänzt.","hasMore":true,"hasExcerpt":true,"sources":[{"bookId":"sr4-seattle-2072","title":"Seattle 2072","edition":"SR4","citation":"Textzeile 16911","purpose":"description"}]}}}},{"type":"Feature","geometry":null,"properties":{"id":4169,"global_id":"seattle:source-place:maynard-avenue-and-south-lane-street","name":"Maynard Avenue and South Lane Street","aliases":["Maynard Avenue/South Lane Street"],"category":"Sonstige Spots","detail_map":"Seattle","source_pages":"PDF-Seite 122","map_source":"New Seattle","placement_note":"Keine belastbare Einzelposition; Eintrag bleibt im Katalog","accuracy":"Nur Stadt oder Lore-Teilraum belegt","source_map":"source-supplement","source_panel":"Seattle","description_preview":"Maynard Avenue and South Lane Street ist in New Seattle als benannter Schauplatz mit Bezug zu Seattle belegt.","description_full":"Maynard Avenue and South Lane Street ist in New Seattle als benannter Schauplatz mit Bezug zu Seattle belegt. Das Dossier fasst den belegten Quellenstand redaktionell zusammen; eine nicht belegte Kartenposition wird nicht ergänzt.","description_source":"PDF-Seite 122","description_kind":"Ortsdossier","description_has_more":true,"detail_plans":[],"alternate_locations":[],"sources":[{"bookId":"sr3-new-seattle","title":"New Seattle","edition":"SR3","citation":"PDF-Seite 122","purpose":"description"},{"bookId":"sr4-seattle-2072","title":"Seattle 2072","edition":"SR4","citation":"Textzeile 4892","purpose":"description"}],"map_sources":[],"editions":["SR3","SR4"],"edition_descriptions":{"SR3":{"kind":"Ortsdossier","preview":"Maynard Avenue and South Lane Street ist in New Seattle als benannter Schauplatz mit Bezug zu Seattle belegt.","full":"Maynard Avenue and South Lane Street ist in New Seattle als benannter Schauplatz mit Bezug zu Seattle belegt. Das Dossier fasst den belegten Quellenstand redaktionell zusammen; eine nicht belegte Kartenposition wird nicht ergänzt.","hasMore":true,"hasExcerpt":true,"sources":[{"bookId":"sr3-new-seattle","title":"New Seattle","edition":"SR3","citation":"PDF-Seite 122","purpose":"description"}]},"SR4":{"kind":"Ortsdossier","preview":"Maynard Avenue and South Lane Street ist in Seattle 2072 als benannter Schauplatz mit Bezug zu Seattle belegt.","full":"Maynard Avenue and South Lane Street ist in Seattle 2072 als benannter Schauplatz mit Bezug zu Seattle belegt. Das Dossier fasst den belegten Quellenstand redaktionell zusammen; eine nicht belegte Kartenposition wird nicht ergänzt.","hasMore":true,"hasExcerpt":true,"sources":[{"bookId":"sr4-seattle-2072","title":"Seattle 2072","edition":"SR4","citation":"Textzeile 4892","purpose":"description"}]}}}},{"type":"Feature","geometry":null,"properties":{"id":4170,"global_id":"seattle:source-place:mct-public-health-and-university","name":"MCT Public Health and University","aliases":[],"category":"Sonstige Spots","detail_map":"Seattle","source_pages":"PDF-Seite 18","map_source":"New Seattle","placement_note":"Keine belastbare Einzelposition; Eintrag bleibt im Katalog","accuracy":"Nur Stadt oder Lore-Teilraum belegt","source_map":"source-supplement","source_panel":"Seattle","description_preview":"MCT Public Health and University ist in New Seattle als benannter Schauplatz mit Bezug zu Seattle belegt.","description_full":"MCT Public Health and University ist in New Seattle als benannter Schauplatz mit Bezug zu Seattle belegt. Das Dossier fasst den belegten Quellenstand redaktionell zusammen; eine nicht belegte Kartenposition wird nicht ergänzt.","description_source":"PDF-Seite 18","description_kind":"Ortsdossier","description_has_more":true,"detail_plans":[],"alternate_locations":[],"sources":[{"bookId":"sr3-new-seattle","title":"New Seattle","edition":"SR3","citation":"PDF-Seite 18","purpose":"description"}],"map_sources":[],"editions":["SR3"],"edition_descriptions":{"SR3":{"kind":"Ortsdossier","preview":"MCT Public Health and University ist in New Seattle als benannter Schauplatz mit Bezug zu Seattle belegt.","full":"MCT Public Health and University ist in New Seattle als benannter Schauplatz mit Bezug zu Seattle belegt. Das Dossier fasst den belegten Quellenstand redaktionell zusammen; eine nicht belegte Kartenposition wird nicht ergänzt.","hasMore":true,"hasExcerpt":true,"sources":[{"bookId":"sr3-new-seattle","title":"New Seattle","edition":"SR3","citation":"PDF-Seite 18","purpose":"description"}]}}}},{"type":"Feature","geometry":null,"properties":{"id":4171,"global_id":"seattle:source-place:mct-public-health-hospital","name":"MCT Public Health Hospital","aliases":[],"category":"Medizin und Versorgung","detail_map":"Seattle","source_pages":"PDF-Seite 123","map_source":"New Seattle","placement_note":"Keine belastbare Einzelposition; Eintrag bleibt im Katalog","accuracy":"Nur Stadt oder Lore-Teilraum belegt","source_map":"source-supplement","source_panel":"Seattle","description_preview":"MCT Public Health Hospital ist in New Seattle als benannter Schauplatz mit Bezug zu Seattle belegt.","description_full":"MCT Public Health Hospital ist in New Seattle als benannter Schauplatz mit Bezug zu Seattle belegt. Das Dossier fasst den belegten Quellenstand redaktionell zusammen; eine nicht belegte Kartenposition wird nicht ergänzt.","description_source":"PDF-Seite 123","description_kind":"Ortsdossier","description_has_more":true,"detail_plans":[],"alternate_locations":[],"sources":[{"bookId":"sr3-new-seattle","title":"New Seattle","edition":"SR3","citation":"PDF-Seite 123","purpose":"description"}],"map_sources":[],"editions":["SR3"],"edition_descriptions":{"SR3":{"kind":"Ortsdossier","preview":"MCT Public Health Hospital ist in New Seattle als benannter Schauplatz mit Bezug zu Seattle belegt.","full":"MCT Public Health Hospital ist in New Seattle als benannter Schauplatz mit Bezug zu Seattle belegt. Das Dossier fasst den belegten Quellenstand redaktionell zusammen; eine nicht belegte Kartenposition wird nicht ergänzt.","hasMore":true,"hasExcerpt":true,"sources":[{"bookId":"sr3-new-seattle","title":"New Seattle","edition":"SR3","citation":"PDF-Seite 123","purpose":"description"}]}}}},{"type":"Feature","geometry":null,"properties":{"id":4172,"global_id":"seattle:source-place:microdeck-plaza-main-street","name":"Microdeck Plaza, Main Street","aliases":[],"category":"Sonstige Spots","detail_map":"Seattle","source_pages":"PDF-Seite 125","map_source":"New Seattle","placement_note":"Keine belastbare Einzelposition; Eintrag bleibt im Katalog","accuracy":"Nur Stadt oder Lore-Teilraum belegt","source_map":"source-supplement","source_panel":"Seattle","description_preview":"Microdeck Plaza, Main Street ist in New Seattle als benannter Schauplatz mit Bezug zu Seattle belegt.","description_full":"Microdeck Plaza, Main Street ist in New Seattle als benannter Schauplatz mit Bezug zu Seattle belegt. Das Dossier fasst den belegten Quellenstand redaktionell zusammen; eine nicht belegte Kartenposition wird nicht ergänzt.","description_source":"PDF-Seite 125","description_kind":"Ortsdossier","description_has_more":true,"detail_plans":[],"alternate_locations":[],"sources":[{"bookId":"sr3-new-seattle","title":"New Seattle","edition":"SR3","citation":"PDF-Seite 125","purpose":"description"}],"map_sources":[],"editions":["SR3"],"edition_descriptions":{"SR3":{"kind":"Ortsdossier","preview":"Microdeck Plaza, Main Street ist in New Seattle als benannter Schauplatz mit Bezug zu Seattle belegt.","full":"Microdeck Plaza, Main Street ist in New Seattle als benannter Schauplatz mit Bezug zu Seattle belegt. Das Dossier fasst den belegten Quellenstand redaktionell zusammen; eine nicht belegte Kartenposition wird nicht ergänzt.","hasMore":true,"hasExcerpt":true,"sources":[{"bookId":"sr3-new-seattle","title":"New Seattle","edition":"SR3","citation":"PDF-Seite 125","purpose":"description"}]}}}},{"type":"Feature","geometry":null,"properties":{"id":4173,"global_id":"seattle:source-place:moneymaker-hotel","name":"Moneymaker Hotel","aliases":[],"category":"Sonstige Spots","detail_map":"Seattle","source_pages":"Textzeile 4165","map_source":"Emerald City (Seattle)","placement_note":"Keine belastbare Einzelposition; Eintrag bleibt im Katalog","accuracy":"Nur Stadt oder Lore-Teilraum belegt","source_map":"source-supplement","source_panel":"Seattle","description_preview":"Moneymaker Hotel ist in Emerald City (Seattle) als benannter Schauplatz mit Bezug zu Seattle belegt.","description_full":"Moneymaker Hotel ist in Emerald City (Seattle) als benannter Schauplatz mit Bezug zu Seattle belegt. Das Dossier fasst den belegten Quellenstand redaktionell zusammen; eine nicht belegte Kartenposition wird nicht ergänzt.","description_source":"Textzeile 4165","description_kind":"Ortsdossier","description_has_more":true,"detail_plans":[],"alternate_locations":[],"sources":[{"bookId":"sr6-emerald-city-seattle","title":"Emerald City (Seattle)","edition":"SR6","citation":"Textzeile 4165","purpose":"description"}],"map_sources":[],"editions":["SR6"],"edition_descriptions":{"SR6":{"kind":"Ortsdossier","preview":"Moneymaker Hotel ist in Emerald City (Seattle) als benannter Schauplatz mit Bezug zu Seattle belegt.","full":"Moneymaker Hotel ist in Emerald City (Seattle) als benannter Schauplatz mit Bezug zu Seattle belegt. Das Dossier fasst den belegten Quellenstand redaktionell zusammen; eine nicht belegte Kartenposition wird nicht ergänzt.","hasMore":true,"hasExcerpt":true,"sources":[{"bookId":"sr6-emerald-city-seattle","title":"Emerald City (Seattle)","edition":"SR6","citation":"Textzeile 4165","purpose":"description"}]}}}},{"type":"Feature","geometry":null,"properties":{"id":4174,"global_id":"seattle:source-place:monorail-transit-station-a-c","name":"Monorail Transit Station (A/C)","aliases":[],"category":"Verkehr und Infrastruktur","detail_map":"Seattle","source_pages":"PDF-Seite 88","map_source":"Mr. Johnson's Little Black Book","placement_note":"Keine belastbare Einzelposition; Eintrag bleibt im Katalog","accuracy":"Nur Stadt oder Lore-Teilraum belegt","source_map":"source-supplement","source_panel":"Seattle","description_preview":"Monorail Transit Station (A/C) ist in Mr. Johnson's Little Black Book als benannter Schauplatz mit Bezug zu Seattle belegt.","description_full":"Monorail Transit Station (A/C) ist in Mr. Johnson's Little Black Book als benannter Schauplatz mit Bezug zu Seattle belegt. Das Dossier fasst den belegten Quellenstand redaktionell zusammen; eine nicht belegte Kartenposition wird nicht ergänzt.","description_source":"PDF-Seite 88","description_kind":"Ortsdossier","description_has_more":true,"detail_plans":[],"alternate_locations":[],"sources":[{"bookId":"sr3-mr-johnson-s-little-black-book","title":"Mr. Johnson's Little Black Book","edition":"SR3","citation":"PDF-Seite 88","purpose":"description"}],"map_sources":[],"editions":["SR3"],"edition_descriptions":{"SR3":{"kind":"Ortsdossier","preview":"Monorail Transit Station (A/C) ist in Mr. Johnson's Little Black Book als benannter Schauplatz mit Bezug zu Seattle belegt.","full":"Monorail Transit Station (A/C) ist in Mr. Johnson's Little Black Book als benannter Schauplatz mit Bezug zu Seattle belegt. Das Dossier fasst den belegten Quellenstand redaktionell zusammen; eine nicht belegte Kartenposition wird nicht ergänzt.","hasMore":true,"hasExcerpt":true,"sources":[{"bookId":"sr3-mr-johnson-s-little-black-book","title":"Mr. Johnson's Little Black Book","edition":"SR3","citation":"PDF-Seite 88","purpose":"description"}]}}}},{"type":"Feature","geometry":null,"properties":{"id":4175,"global_id":"seattle:source-place:mountlake-veterans-memorial-snohomish-medical-center","name":"Mountlake Veterans Memorial, Snohomish Medical Center","aliases":[],"category":"Sonstige Spots","detail_map":"Seattle","source_pages":"PDF-Seite 19","map_source":"New Seattle","placement_note":"Keine belastbare Einzelposition; Eintrag bleibt im Katalog","accuracy":"Nur Stadt oder Lore-Teilraum belegt","source_map":"source-supplement","source_panel":"Seattle","description_preview":"Mountlake Veterans Memorial, Snohomish Medical Center ist in New Seattle als benannter Schauplatz mit Bezug zu Seattle belegt.","description_full":"Mountlake Veterans Memorial, Snohomish Medical Center ist in New Seattle als benannter Schauplatz mit Bezug zu Seattle belegt. Das Dossier fasst den belegten Quellenstand redaktionell zusammen; eine nicht belegte Kartenposition wird nicht ergänzt.","description_source":"PDF-Seite 19","description_kind":"Ortsdossier","description_has_more":true,"detail_plans":[],"alternate_locations":[],"sources":[{"bookId":"sr3-new-seattle","title":"New Seattle","edition":"SR3","citation":"PDF-Seite 19","purpose":"description"}],"map_sources":[],"editions":["SR3"],"edition_descriptions":{"SR3":{"kind":"Ortsdossier","preview":"Mountlake Veterans Memorial, Snohomish Medical Center ist in New Seattle als benannter Schauplatz mit Bezug zu Seattle belegt.","full":"Mountlake Veterans Memorial, Snohomish Medical Center ist in New Seattle als benannter Schauplatz mit Bezug zu Seattle belegt. Das Dossier fasst den belegten Quellenstand redaktionell zusammen; eine nicht belegte Kartenposition wird nicht ergänzt.","hasMore":true,"hasExcerpt":true,"sources":[{"bookId":"sr3-new-seattle","title":"New Seattle","edition":"SR3","citation":"PDF-Seite 19","purpose":"description"}]}}}},{"type":"Feature","geometry":null,"properties":{"id":4176,"global_id":"seattle:source-place:mukilteo-park","name":"Mukilteo Park","aliases":[],"category":"Sonstige Spots","detail_map":"Seattle","source_pages":"Textzeile 9025","map_source":"Seattle 2072","placement_note":"Keine belastbare Einzelposition; Eintrag bleibt im Katalog","accuracy":"Nur Stadt oder Lore-Teilraum belegt","source_map":"source-supplement","source_panel":"Seattle","description_preview":"Mukilteo Park ist in Seattle 2072 als benannter Schauplatz mit Bezug zu Seattle belegt.","description_full":"Mukilteo Park ist in Seattle 2072 als benannter Schauplatz mit Bezug zu Seattle belegt. Das Dossier fasst den belegten Quellenstand redaktionell zusammen; eine nicht belegte Kartenposition wird nicht ergänzt.","description_source":"Textzeile 9025","description_kind":"Ortsdossier","description_has_more":true,"detail_plans":[],"alternate_locations":[],"sources":[{"bookId":"sr4-seattle-2072","title":"Seattle 2072","edition":"SR4","citation":"Textzeile 9025","purpose":"description"},{"bookId":"sr4-seattle-2072","title":"Seattle 2072","edition":"SR4","citation":"Textzeile 21281","purpose":"description"}],"map_sources":[],"editions":["SR4"],"edition_descriptions":{"SR4":{"kind":"Ortsdossier","preview":"Mukilteo Park ist in Seattle 2072 als benannter Schauplatz mit Bezug zu Seattle belegt.","full":"Mukilteo Park ist in Seattle 2072 als benannter Schauplatz mit Bezug zu Seattle belegt. Das Dossier fasst den belegten Quellenstand redaktionell zusammen; eine nicht belegte Kartenposition wird nicht ergänzt.","hasMore":true,"hasExcerpt":true,"sources":[{"bookId":"sr4-seattle-2072","title":"Seattle 2072","edition":"SR4","citation":"Textzeile 9025","purpose":"description"},{"bookId":"sr4-seattle-2072","title":"Seattle 2072","edition":"SR4","citation":"Textzeile 21281","purpose":"description"}]}}}},{"type":"Feature","geometry":null,"properties":{"id":4177,"global_id":"seattle:source-place:mukilteo-speedway-front-street","name":"Mukilteo Speedway/Front Street","aliases":[],"category":"Sonstige Spots","detail_map":"Seattle","source_pages":"PDF-Seite 127","map_source":"New Seattle","placement_note":"Keine belastbare Einzelposition; Eintrag bleibt im Katalog","accuracy":"Nur Stadt oder Lore-Teilraum belegt","source_map":"source-supplement","source_panel":"Seattle","description_preview":"Mukilteo Speedway/Front Street ist in New Seattle als benannter Schauplatz mit Bezug zu Seattle belegt.","description_full":"Mukilteo Speedway/Front Street ist in New Seattle als benannter Schauplatz mit Bezug zu Seattle belegt. Das Dossier fasst den belegten Quellenstand redaktionell zusammen; eine nicht belegte Kartenposition wird nicht ergänzt.","description_source":"PDF-Seite 127","description_kind":"Ortsdossier","description_has_more":true,"detail_plans":[],"alternate_locations":[],"sources":[{"bookId":"sr3-new-seattle","title":"New Seattle","edition":"SR3","citation":"PDF-Seite 127","purpose":"description"},{"bookId":"sr4-seattle-2072","title":"Seattle 2072","edition":"SR4","citation":"Textzeile 9121","purpose":"description"}],"map_sources":[],"editions":["SR3","SR4"],"edition_descriptions":{"SR3":{"kind":"Ortsdossier","preview":"Mukilteo Speedway/Front Street ist in New Seattle als benannter Schauplatz mit Bezug zu Seattle belegt.","full":"Mukilteo Speedway/Front Street ist in New Seattle als benannter Schauplatz mit Bezug zu Seattle belegt. Das Dossier fasst den belegten Quellenstand redaktionell zusammen; eine nicht belegte Kartenposition wird nicht ergänzt.","hasMore":true,"hasExcerpt":true,"sources":[{"bookId":"sr3-new-seattle","title":"New Seattle","edition":"SR3","citation":"PDF-Seite 127","purpose":"description"}]},"SR4":{"kind":"Ortsdossier","preview":"Mukilteo Speedway/Front Street ist in Seattle 2072 als benannter Schauplatz mit Bezug zu Seattle belegt.","full":"Mukilteo Speedway/Front Street ist in Seattle 2072 als benannter Schauplatz mit Bezug zu Seattle belegt. Das Dossier fasst den belegten Quellenstand redaktionell zusammen; eine nicht belegte Kartenposition wird nicht ergänzt.","hasMore":true,"hasExcerpt":true,"sources":[{"bookId":"sr4-seattle-2072","title":"Seattle 2072","edition":"SR4","citation":"Textzeile 9121","purpose":"description"}]}}}},{"type":"Feature","geometry":null,"properties":{"id":4178,"global_id":"seattle:source-place:mukliteo-city-park","name":"Mukliteo City Park","aliases":[],"category":"Sonstige Spots","detail_map":"Seattle","source_pages":"PDF-Seite 127","map_source":"New Seattle","placement_note":"Keine belastbare Einzelposition; Eintrag bleibt im Katalog","accuracy":"Nur Stadt oder Lore-Teilraum belegt","source_map":"source-supplement","source_panel":"Seattle","description_preview":"Mukliteo City Park ist in New Seattle als benannter Schauplatz mit Bezug zu Seattle belegt.","description_full":"Mukliteo City Park ist in New Seattle als benannter Schauplatz mit Bezug zu Seattle belegt. Das Dossier fasst den belegten Quellenstand redaktionell zusammen; eine nicht belegte Kartenposition wird nicht ergänzt.","description_source":"PDF-Seite 127","description_kind":"Ortsdossier","description_has_more":true,"detail_plans":[],"alternate_locations":[],"sources":[{"bookId":"sr3-new-seattle","title":"New Seattle","edition":"SR3","citation":"PDF-Seite 127","purpose":"description"}],"map_sources":[],"editions":["SR3"],"edition_descriptions":{"SR3":{"kind":"Ortsdossier","preview":"Mukliteo City Park ist in New Seattle als benannter Schauplatz mit Bezug zu Seattle belegt.","full":"Mukliteo City Park ist in New Seattle als benannter Schauplatz mit Bezug zu Seattle belegt. Das Dossier fasst den belegten Quellenstand redaktionell zusammen; eine nicht belegte Kartenposition wird nicht ergänzt.","hasMore":true,"hasExcerpt":true,"sources":[{"bookId":"sr3-new-seattle","title":"New Seattle","edition":"SR3","citation":"PDF-Seite 127","purpose":"description"}]}}}},{"type":"Feature","geometry":null,"properties":{"id":4179,"global_id":"seattle:source-place:mukliteo-speedway-and-front-street","name":"Mukliteo Speedway and Front Street","aliases":[],"category":"Sonstige Spots","detail_map":"Seattle","source_pages":"PDF-Seite 127","map_source":"New Seattle","placement_note":"Keine belastbare Einzelposition; Eintrag bleibt im Katalog","accuracy":"Nur Stadt oder Lore-Teilraum belegt","source_map":"source-supplement","source_panel":"Seattle","description_preview":"Mukliteo Speedway and Front Street ist in New Seattle als benannter Schauplatz mit Bezug zu Seattle belegt.","description_full":"Mukliteo Speedway and Front Street ist in New Seattle als benannter Schauplatz mit Bezug zu Seattle belegt. Das Dossier fasst den belegten Quellenstand redaktionell zusammen; eine nicht belegte Kartenposition wird nicht ergänzt.","description_source":"PDF-Seite 127","description_kind":"Ortsdossier","description_has_more":true,"detail_plans":[],"alternate_locations":[],"sources":[{"bookId":"sr3-new-seattle","title":"New Seattle","edition":"SR3","citation":"PDF-Seite 127","purpose":"description"}],"map_sources":[],"editions":["SR3"],"edition_descriptions":{"SR3":{"kind":"Ortsdossier","preview":"Mukliteo Speedway and Front Street ist in New Seattle als benannter Schauplatz mit Bezug zu Seattle belegt.","full":"Mukliteo Speedway and Front Street ist in New Seattle als benannter Schauplatz mit Bezug zu Seattle belegt. Das Dossier fasst den belegten Quellenstand redaktionell zusammen; eine nicht belegte Kartenposition wird nicht ergänzt.","hasMore":true,"hasExcerpt":true,"sources":[{"bookId":"sr3-new-seattle","title":"New Seattle","edition":"SR3","citation":"PDF-Seite 127","purpose":"description"}]}}}},{"type":"Feature","geometry":null,"properties":{"id":4180,"global_id":"seattle:source-place:nachtclub-und-bar","name":"Nachtclub und Bar","aliases":[],"category":"Bars, Clubs und Gastronomie","detail_map":"Seattle","source_pages":"PDF-Seite 129","map_source":"New Seattle","placement_note":"Keine belastbare Einzelposition; Eintrag bleibt im Katalog","accuracy":"Nur Stadt oder Lore-Teilraum belegt","source_map":"source-supplement","source_panel":"Seattle","description_preview":"Nachtclub und Bar ist in New Seattle als benannter Schauplatz mit Bezug zu Seattle belegt.","description_full":"Nachtclub und Bar ist in New Seattle als benannter Schauplatz mit Bezug zu Seattle belegt. Das Dossier fasst den belegten Quellenstand redaktionell zusammen; eine nicht belegte Kartenposition wird nicht ergänzt.","description_source":"PDF-Seite 129","description_kind":"Ortsdossier","description_has_more":true,"detail_plans":[],"alternate_locations":[],"sources":[{"bookId":"sr3-new-seattle","title":"New Seattle","edition":"SR3","citation":"PDF-Seite 129","purpose":"description"}],"map_sources":[],"editions":["SR3"],"edition_descriptions":{"SR3":{"kind":"Ortsdossier","preview":"Nachtclub und Bar ist in New Seattle als benannter Schauplatz mit Bezug zu Seattle belegt.","full":"Nachtclub und Bar ist in New Seattle als benannter Schauplatz mit Bezug zu Seattle belegt. Das Dossier fasst den belegten Quellenstand redaktionell zusammen; eine nicht belegte Kartenposition wird nicht ergänzt.","hasMore":true,"hasExcerpt":true,"sources":[{"bookId":"sr3-new-seattle","title":"New Seattle","edition":"SR3","citation":"PDF-Seite 129","purpose":"description"}]}}}},{"type":"Feature","geometry":null,"properties":{"id":4181,"global_id":"seattle:source-place:national-park-highway","name":"National Park Highway","aliases":[],"category":"Sonstige Spots","detail_map":"Seattle","source_pages":"PDF-Seite 132","map_source":"New Seattle","placement_note":"Keine belastbare Einzelposition; Eintrag bleibt im Katalog","accuracy":"Nur Stadt oder Lore-Teilraum belegt","source_map":"source-supplement","source_panel":"Seattle","description_preview":"National Park Highway ist in New Seattle als benannter Schauplatz mit Bezug zu Seattle belegt.","description_full":"National Park Highway ist in New Seattle als benannter Schauplatz mit Bezug zu Seattle belegt. Das Dossier fasst den belegten Quellenstand redaktionell zusammen; eine nicht belegte Kartenposition wird nicht ergänzt.","description_source":"PDF-Seite 132","description_kind":"Ortsdossier","description_has_more":true,"detail_plans":[],"alternate_locations":[],"sources":[{"bookId":"sr3-new-seattle","title":"New Seattle","edition":"SR3","citation":"PDF-Seite 132","purpose":"description"}],"map_sources":[],"editions":["SR3"],"edition_descriptions":{"SR3":{"kind":"Ortsdossier","preview":"National Park Highway ist in New Seattle als benannter Schauplatz mit Bezug zu Seattle belegt.","full":"National Park Highway ist in New Seattle als benannter Schauplatz mit Bezug zu Seattle belegt. Das Dossier fasst den belegten Quellenstand redaktionell zusammen; eine nicht belegte Kartenposition wird nicht ergänzt.","hasMore":true,"hasExcerpt":true,"sources":[{"bookId":"sr3-new-seattle","title":"New Seattle","edition":"SR3","citation":"PDF-Seite 132","purpose":"description"}]}}}},{"type":"Feature","geometry":null,"properties":{"id":4182,"global_id":"seattle:source-place:naval-station-everett","name":"Naval Station Everett","aliases":[],"category":"Verkehr und Infrastruktur","detail_map":"Seattle","source_pages":"Textzeile 9047","map_source":"Seattle 2072","placement_note":"Keine belastbare Einzelposition; Eintrag bleibt im Katalog","accuracy":"Nur Stadt oder Lore-Teilraum belegt","source_map":"source-supplement","source_panel":"Seattle","description_preview":"Naval Station Everett ist in Seattle 2072 als benannter Schauplatz mit Bezug zu Seattle belegt.","description_full":"Naval Station Everett ist in Seattle 2072 als benannter Schauplatz mit Bezug zu Seattle belegt. Das Dossier fasst den belegten Quellenstand redaktionell zusammen; eine nicht belegte Kartenposition wird nicht ergänzt.","description_source":"Textzeile 9047","description_kind":"Ortsdossier","description_has_more":true,"detail_plans":[],"alternate_locations":[],"sources":[{"bookId":"sr4-seattle-2072","title":"Seattle 2072","edition":"SR4","citation":"Textzeile 9047","purpose":"description"},{"bookId":"sr4-seattle-2072","title":"Seattle 2072","edition":"SR4","citation":"Textzeile 21285","purpose":"description"}],"map_sources":[],"editions":["SR4"],"edition_descriptions":{"SR4":{"kind":"Ortsdossier","preview":"Naval Station Everett ist in Seattle 2072 als benannter Schauplatz mit Bezug zu Seattle belegt.","full":"Naval Station Everett ist in Seattle 2072 als benannter Schauplatz mit Bezug zu Seattle belegt. Das Dossier fasst den belegten Quellenstand redaktionell zusammen; eine nicht belegte Kartenposition wird nicht ergänzt.","hasMore":true,"hasExcerpt":true,"sources":[{"bookId":"sr4-seattle-2072","title":"Seattle 2072","edition":"SR4","citation":"Textzeile 9047","purpose":"description"},{"bookId":"sr4-seattle-2072","title":"Seattle 2072","edition":"SR4","citation":"Textzeile 21285","purpose":"description"}]}}}},{"type":"Feature","geometry":null,"properties":{"id":4183,"global_id":"seattle:source-place:ne-park-drive-garden-ave","name":"NE Park Drive & Garden Ave","aliases":[],"category":"Sonstige Spots","detail_map":"Seattle","source_pages":"Textzeile 854","map_source":"SRM04-10 - Romero and Juliette (Artifact Rush 5)","placement_note":"Keine belastbare Einzelposition; Eintrag bleibt im Katalog","accuracy":"Nur Stadt oder Lore-Teilraum belegt","source_map":"source-supplement","source_panel":"Seattle","description_preview":"NE Park Drive & Garden Ave ist in SRM04-10 - Romero and Juliette (Artifact Rush 5) als benannter Schauplatz mit Bezug zu Seattle belegt.","description_full":"NE Park Drive & Garden Ave ist in SRM04-10 - Romero and Juliette (Artifact Rush 5) als benannter Schauplatz mit Bezug zu Seattle belegt. Das Dossier fasst den belegten Quellenstand redaktionell zusammen; eine nicht belegte Kartenposition wird nicht ergänzt.","description_source":"Textzeile 854","description_kind":"Ortsdossier","description_has_more":true,"detail_plans":[],"alternate_locations":[],"sources":[{"bookId":"sr4-srm04-10-romero-and-juliette-artifact-rush-5","title":"SRM04-10 - Romero and Juliette (Artifact Rush 5)","edition":"SR4","citation":"Textzeile 854","purpose":"description"}],"map_sources":[],"editions":["SR4"],"edition_descriptions":{"SR4":{"kind":"Ortsdossier","preview":"NE Park Drive & Garden Ave ist in SRM04-10 - Romero and Juliette (Artifact Rush 5) als benannter Schauplatz mit Bezug zu Seattle belegt.","full":"NE Park Drive & Garden Ave ist in SRM04-10 - Romero and Juliette (Artifact Rush 5) als benannter Schauplatz mit Bezug zu Seattle belegt. Das Dossier fasst den belegten Quellenstand redaktionell zusammen; eine nicht belegte Kartenposition wird nicht ergänzt.","hasMore":true,"hasExcerpt":true,"sources":[{"bookId":"sr4-srm04-10-romero-and-juliette-artifact-rush-5","title":"SRM04-10 - Romero and Juliette (Artifact Rush 5)","edition":"SR4","citation":"Textzeile 854","purpose":"description"}]}}}},{"type":"Feature","geometry":null,"properties":{"id":4184,"global_id":"seattle:source-place:nevada-avenue-and-fifteenth-street","name":"Nevada Avenue and Fifteenth Street","aliases":["Nevada Avenue/Fifteenth Street"],"category":"Sonstige Spots","detail_map":"Seattle","source_pages":"PDF-Seite 131","map_source":"New Seattle","placement_note":"Keine belastbare Einzelposition; Eintrag bleibt im Katalog","accuracy":"Nur Stadt oder Lore-Teilraum belegt","source_map":"source-supplement","source_panel":"Seattle","description_preview":"Nevada Avenue and Fifteenth Street ist in New Seattle als benannter Schauplatz mit Bezug zu Seattle belegt.","description_full":"Nevada Avenue and Fifteenth Street ist in New Seattle als benannter Schauplatz mit Bezug zu Seattle belegt. Das Dossier fasst den belegten Quellenstand redaktionell zusammen; eine nicht belegte Kartenposition wird nicht ergänzt.","description_source":"PDF-Seite 131","description_kind":"Ortsdossier","description_has_more":true,"detail_plans":[],"alternate_locations":[],"sources":[{"bookId":"sr3-new-seattle","title":"New Seattle","edition":"SR3","citation":"PDF-Seite 131","purpose":"description"},{"bookId":"sr4-seattle-2072","title":"Seattle 2072","edition":"SR4","citation":"Textzeile 11525","purpose":"description"}],"map_sources":[],"editions":["SR3","SR4"],"edition_descriptions":{"SR3":{"kind":"Ortsdossier","preview":"Nevada Avenue and Fifteenth Street ist in New Seattle als benannter Schauplatz mit Bezug zu Seattle belegt.","full":"Nevada Avenue and Fifteenth Street ist in New Seattle als benannter Schauplatz mit Bezug zu Seattle belegt. Das Dossier fasst den belegten Quellenstand redaktionell zusammen; eine nicht belegte Kartenposition wird nicht ergänzt.","hasMore":true,"hasExcerpt":true,"sources":[{"bookId":"sr3-new-seattle","title":"New Seattle","edition":"SR3","citation":"PDF-Seite 131","purpose":"description"}]},"SR4":{"kind":"Ortsdossier","preview":"Nevada Avenue and Fifteenth Street ist in Seattle 2072 als benannter Schauplatz mit Bezug zu Seattle belegt.","full":"Nevada Avenue and Fifteenth Street ist in Seattle 2072 als benannter Schauplatz mit Bezug zu Seattle belegt. Das Dossier fasst den belegten Quellenstand redaktionell zusammen; eine nicht belegte Kartenposition wird nicht ergänzt.","hasMore":true,"hasExcerpt":true,"sources":[{"bookId":"sr4-seattle-2072","title":"Seattle 2072","edition":"SR4","citation":"Textzeile 11525","purpose":"description"}]}}}},{"type":"Feature","geometry":null,"properties":{"id":4185,"global_id":"seattle:source-place:ninety-first-avenue-se-alder-street","name":"Ninety-first Avenue SE & Alder Street","aliases":[],"category":"Sonstige Spots","detail_map":"Seattle","source_pages":"Textzeile 10861","map_source":"Seattle 2072","placement_note":"Keine belastbare Einzelposition; Eintrag bleibt im Katalog","accuracy":"Nur Stadt oder Lore-Teilraum belegt","source_map":"source-supplement","source_panel":"Seattle","description_preview":"Ninety-first Avenue SE & Alder Street ist in Seattle 2072 als benannter Schauplatz mit Bezug zu Seattle belegt.","description_full":"Ninety-first Avenue SE & Alder Street ist in Seattle 2072 als benannter Schauplatz mit Bezug zu Seattle belegt. Das Dossier fasst den belegten Quellenstand redaktionell zusammen; eine nicht belegte Kartenposition wird nicht ergänzt.","description_source":"Textzeile 10861","description_kind":"Ortsdossier","description_has_more":true,"detail_plans":[],"alternate_locations":[],"sources":[{"bookId":"sr4-seattle-2072","title":"Seattle 2072","edition":"SR4","citation":"Textzeile 10861","purpose":"description"}],"map_sources":[],"editions":["SR4"],"edition_descriptions":{"SR4":{"kind":"Ortsdossier","preview":"Ninety-first Avenue SE & Alder Street ist in Seattle 2072 als benannter Schauplatz mit Bezug zu Seattle belegt.","full":"Ninety-first Avenue SE & Alder Street ist in Seattle 2072 als benannter Schauplatz mit Bezug zu Seattle belegt. Das Dossier fasst den belegten Quellenstand redaktionell zusammen; eine nicht belegte Kartenposition wird nicht ergänzt.","hasMore":true,"hasExcerpt":true,"sources":[{"bookId":"sr4-seattle-2072","title":"Seattle 2072","edition":"SR4","citation":"Textzeile 10861","purpose":"description"}]}}}},{"type":"Feature","geometry":null,"properties":{"id":4186,"global_id":"seattle:source-place:ninety-first-avenue-se-alder-street-nicholas","name":"Ninety-first Avenue SE & Alder Street/Nicholas","aliases":[],"category":"Sonstige Spots","detail_map":"Seattle","source_pages":"PDF-Seite 117","map_source":"Seattle Sourcebook","placement_note":"Keine belastbare Einzelposition; Eintrag bleibt im Katalog","accuracy":"Nur Stadt oder Lore-Teilraum belegt","source_map":"source-supplement","source_panel":"Seattle","description_preview":"Ninety-first Avenue SE & Alder Street/Nicholas ist in Seattle Sourcebook als benannter Schauplatz mit Bezug zu Seattle belegt.","description_full":"Ninety-first Avenue SE & Alder Street/Nicholas ist in Seattle Sourcebook als benannter Schauplatz mit Bezug zu Seattle belegt. Das Dossier fasst den belegten Quellenstand redaktionell zusammen; eine nicht belegte Kartenposition wird nicht ergänzt.","description_source":"PDF-Seite 117","description_kind":"Ortsdossier","description_has_more":true,"detail_plans":[],"alternate_locations":[],"sources":[{"bookId":"sr1-seattle-sourcebook","title":"Seattle Sourcebook","edition":"SR1","citation":"PDF-Seite 117","purpose":"description"}],"map_sources":[],"editions":["SR1"],"edition_descriptions":{"SR1":{"kind":"Ortsdossier","preview":"Ninety-first Avenue SE & Alder Street/Nicholas ist in Seattle Sourcebook als benannter Schauplatz mit Bezug zu Seattle belegt.","full":"Ninety-first Avenue SE & Alder Street/Nicholas ist in Seattle Sourcebook als benannter Schauplatz mit Bezug zu Seattle belegt. Das Dossier fasst den belegten Quellenstand redaktionell zusammen; eine nicht belegte Kartenposition wird nicht ergänzt.","hasMore":true,"hasExcerpt":true,"sources":[{"bookId":"sr1-seattle-sourcebook","title":"Seattle Sourcebook","edition":"SR1","citation":"PDF-Seite 117","purpose":"description"}]}}}},{"type":"Feature","geometry":null,"properties":{"id":4187,"global_id":"seattle:source-place:north-island-drive-north-vista-drive","name":"North Island Drive/North Vista Drive","aliases":[],"category":"Sonstige Spots","detail_map":"Seattle","source_pages":"PDF-Seite 128","map_source":"New Seattle","placement_note":"Keine belastbare Einzelposition; Eintrag bleibt im Katalog","accuracy":"Nur Stadt oder Lore-Teilraum belegt","source_map":"source-supplement","source_panel":"Seattle","description_preview":"North Island Drive/North Vista Drive ist in New Seattle als benannter Schauplatz mit Bezug zu Seattle belegt.","description_full":"North Island Drive/North Vista Drive ist in New Seattle als benannter Schauplatz mit Bezug zu Seattle belegt. Das Dossier fasst den belegten Quellenstand redaktionell zusammen; eine nicht belegte Kartenposition wird nicht ergänzt.","description_source":"PDF-Seite 128","description_kind":"Ortsdossier","description_has_more":true,"detail_plans":[],"alternate_locations":[],"sources":[{"bookId":"sr3-new-seattle","title":"New Seattle","edition":"SR3","citation":"PDF-Seite 128","purpose":"description"}],"map_sources":[],"editions":["SR3"],"edition_descriptions":{"SR3":{"kind":"Ortsdossier","preview":"North Island Drive/North Vista Drive ist in New Seattle als benannter Schauplatz mit Bezug zu Seattle belegt.","full":"North Island Drive/North Vista Drive ist in New Seattle als benannter Schauplatz mit Bezug zu Seattle belegt. Das Dossier fasst den belegten Quellenstand redaktionell zusammen; eine nicht belegte Kartenposition wird nicht ergänzt.","hasMore":true,"hasExcerpt":true,"sources":[{"bookId":"sr3-new-seattle","title":"New Seattle","edition":"SR3","citation":"PDF-Seite 128","purpose":"description"}]}}}},{"type":"Feature","geometry":null,"properties":{"id":4188,"global_id":"seattle:source-place:oakes-street-north-thirty-second-street","name":"Oakes Street & North Thirty-second Street","aliases":[],"category":"Sonstige Spots","detail_map":"Seattle","source_pages":"Textzeile 8192","map_source":"Seattle 2072","placement_note":"Keine belastbare Einzelposition; Eintrag bleibt im Katalog","accuracy":"Nur Stadt oder Lore-Teilraum belegt","source_map":"source-supplement","source_panel":"Seattle","description_preview":"Oakes Street & North Thirty-second Street ist in Seattle 2072 als benannter Schauplatz mit Bezug zu Seattle belegt.","description_full":"Oakes Street & North Thirty-second Street ist in Seattle 2072 als benannter Schauplatz mit Bezug zu Seattle belegt. Das Dossier fasst den belegten Quellenstand redaktionell zusammen; eine nicht belegte Kartenposition wird nicht ergänzt.","description_source":"Textzeile 8192","description_kind":"Ortsdossier","description_has_more":true,"detail_plans":[],"alternate_locations":[],"sources":[{"bookId":"sr4-seattle-2072","title":"Seattle 2072","edition":"SR4","citation":"Textzeile 8192","purpose":"description"}],"map_sources":[],"editions":["SR4"],"edition_descriptions":{"SR4":{"kind":"Ortsdossier","preview":"Oakes Street & North Thirty-second Street ist in Seattle 2072 als benannter Schauplatz mit Bezug zu Seattle belegt.","full":"Oakes Street & North Thirty-second Street ist in Seattle 2072 als benannter Schauplatz mit Bezug zu Seattle belegt. Das Dossier fasst den belegten Quellenstand redaktionell zusammen; eine nicht belegte Kartenposition wird nicht ergänzt.","hasMore":true,"hasExcerpt":true,"sources":[{"bookId":"sr4-seattle-2072","title":"Seattle 2072","edition":"SR4","citation":"Textzeile 8192","purpose":"description"}]}}}},{"type":"Feature","geometry":null,"properties":{"id":4189,"global_id":"seattle:source-place:oakes-street-north-thirty-second-street-albert","name":"Oakes Street & North Thirty-second Street/Albert","aliases":[],"category":"Sonstige Spots","detail_map":"Seattle","source_pages":"PDF-Seite 79","map_source":"Seattle Sourcebook","placement_note":"Keine belastbare Einzelposition; Eintrag bleibt im Katalog","accuracy":"Nur Stadt oder Lore-Teilraum belegt","source_map":"source-supplement","source_panel":"Seattle","description_preview":"Oakes Street & North Thirty-second Street/Albert ist in Seattle Sourcebook als benannter Schauplatz mit Bezug zu Seattle belegt.","description_full":"Oakes Street & North Thirty-second Street/Albert ist in Seattle Sourcebook als benannter Schauplatz mit Bezug zu Seattle belegt. Das Dossier fasst den belegten Quellenstand redaktionell zusammen; eine nicht belegte Kartenposition wird nicht ergänzt.","description_source":"PDF-Seite 79","description_kind":"Ortsdossier","description_has_more":true,"detail_plans":[],"alternate_locations":[],"sources":[{"bookId":"sr1-seattle-sourcebook","title":"Seattle Sourcebook","edition":"SR1","citation":"PDF-Seite 79","purpose":"description"}],"map_sources":[],"editions":["SR1"],"edition_descriptions":{"SR1":{"kind":"Ortsdossier","preview":"Oakes Street & North Thirty-second Street/Albert ist in Seattle Sourcebook als benannter Schauplatz mit Bezug zu Seattle belegt.","full":"Oakes Street & North Thirty-second Street/Albert ist in Seattle Sourcebook als benannter Schauplatz mit Bezug zu Seattle belegt. Das Dossier fasst den belegten Quellenstand redaktionell zusammen; eine nicht belegte Kartenposition wird nicht ergänzt.","hasMore":true,"hasExcerpt":true,"sources":[{"bookId":"sr1-seattle-sourcebook","title":"Seattle Sourcebook","edition":"SR1","citation":"PDF-Seite 79","purpose":"description"}]}}}},{"type":"Feature","geometry":null,"properties":{"id":4190,"global_id":"seattle:source-place:olive-street-belmont-avenue","name":"Olive Street & Belmont Avenue","aliases":[],"category":"Sonstige Spots","detail_map":"Seattle","source_pages":"Textzeile 5308","map_source":"Seattle 2072","placement_note":"Keine belastbare Einzelposition; Eintrag bleibt im Katalog","accuracy":"Nur Stadt oder Lore-Teilraum belegt","source_map":"source-supplement","source_panel":"Seattle","description_preview":"Olive Street & Belmont Avenue ist in Seattle 2072 als benannter Schauplatz mit Bezug zu Seattle belegt.","description_full":"Olive Street & Belmont Avenue ist in Seattle 2072 als benannter Schauplatz mit Bezug zu Seattle belegt. Das Dossier fasst den belegten Quellenstand redaktionell zusammen; eine nicht belegte Kartenposition wird nicht ergänzt.","description_source":"Textzeile 5308","description_kind":"Ortsdossier","description_has_more":true,"detail_plans":[],"alternate_locations":[],"sources":[{"bookId":"sr4-seattle-2072","title":"Seattle 2072","edition":"SR4","citation":"Textzeile 5308","purpose":"description"}],"map_sources":[],"editions":["SR4"],"edition_descriptions":{"SR4":{"kind":"Ortsdossier","preview":"Olive Street & Belmont Avenue ist in Seattle 2072 als benannter Schauplatz mit Bezug zu Seattle belegt.","full":"Olive Street & Belmont Avenue ist in Seattle 2072 als benannter Schauplatz mit Bezug zu Seattle belegt. Das Dossier fasst den belegten Quellenstand redaktionell zusammen; eine nicht belegte Kartenposition wird nicht ergänzt.","hasMore":true,"hasExcerpt":true,"sources":[{"bookId":"sr4-seattle-2072","title":"Seattle 2072","edition":"SR4","citation":"Textzeile 5308","purpose":"description"}]}}}},{"type":"Feature","geometry":null,"properties":{"id":4191,"global_id":"seattle:source-place:olst-avenue-se-alder-street","name":"Olst Avenue SE/Alder Street","aliases":[],"category":"Sonstige Spots","detail_map":"Seattle","source_pages":"PDF-Seite 130","map_source":"New Seattle","placement_note":"Keine belastbare Einzelposition; Eintrag bleibt im Katalog","accuracy":"Nur Stadt oder Lore-Teilraum belegt","source_map":"source-supplement","source_panel":"Seattle","description_preview":"Olst Avenue SE/Alder Street ist in New Seattle als benannter Schauplatz mit Bezug zu Seattle belegt.","description_full":"Olst Avenue SE/Alder Street ist in New Seattle als benannter Schauplatz mit Bezug zu Seattle belegt. Das Dossier fasst den belegten Quellenstand redaktionell zusammen; eine nicht belegte Kartenposition wird nicht ergänzt.","description_source":"PDF-Seite 130","description_kind":"Ortsdossier","description_has_more":true,"detail_plans":[],"alternate_locations":[],"sources":[{"bookId":"sr3-new-seattle","title":"New Seattle","edition":"SR3","citation":"PDF-Seite 130","purpose":"description"}],"map_sources":[],"editions":["SR3"],"edition_descriptions":{"SR3":{"kind":"Ortsdossier","preview":"Olst Avenue SE/Alder Street ist in New Seattle als benannter Schauplatz mit Bezug zu Seattle belegt.","full":"Olst Avenue SE/Alder Street ist in New Seattle als benannter Schauplatz mit Bezug zu Seattle belegt. Das Dossier fasst den belegten Quellenstand redaktionell zusammen; eine nicht belegte Kartenposition wird nicht ergänzt.","hasMore":true,"hasExcerpt":true,"sources":[{"bookId":"sr3-new-seattle","title":"New Seattle","edition":"SR3","citation":"PDF-Seite 130","purpose":"description"}]}}}},{"type":"Feature","geometry":null,"properties":{"id":4192,"global_id":"seattle:source-place:ork-underground-street-boy","name":"Ork Underground Street Boy","aliases":[],"category":"Sonstige Spots","detail_map":"Seattle","source_pages":"Textzeile 3557","map_source":"SRM04-01 - Hiding in the Dark (Buried Underground 1)","placement_note":"Keine belastbare Einzelposition; Eintrag bleibt im Katalog","accuracy":"Nur Stadt oder Lore-Teilraum belegt","source_map":"source-supplement","source_panel":"Seattle","description_preview":"Ork Underground Street Boy ist in SRM04-01 - Hiding in the Dark (Buried Underground 1) als benannter Schauplatz mit Bezug zu Seattle belegt.","description_full":"Ork Underground Street Boy ist in SRM04-01 - Hiding in the Dark (Buried Underground 1) als benannter Schauplatz mit Bezug zu Seattle belegt. Das Dossier fasst den belegten Quellenstand redaktionell zusammen; eine nicht belegte Kartenposition wird nicht ergänzt.","description_source":"Textzeile 3557","description_kind":"Ortsdossier","description_has_more":true,"detail_plans":[],"alternate_locations":[],"sources":[{"bookId":"sr4-srm04-01-hiding-in-the-dark-buried-underground-1","title":"SRM04-01 - Hiding in the Dark (Buried Underground 1)","edition":"SR4","citation":"Textzeile 3557","purpose":"description"},{"bookId":"sr4-srm04-01-hiding-in-the-dark-buried-underground-1","title":"SRM04-01 - Hiding in the Dark (Buried Underground 1)","edition":"SR4","citation":"Textzeile 3563","purpose":"description"}],"map_sources":[],"editions":["SR4"],"edition_descriptions":{"SR4":{"kind":"Ortsdossier","preview":"Ork Underground Street Boy ist in SRM04-01 - Hiding in the Dark (Buried Underground 1) als benannter Schauplatz mit Bezug zu Seattle belegt.","full":"Ork Underground Street Boy ist in SRM04-01 - Hiding in the Dark (Buried Underground 1) als benannter Schauplatz mit Bezug zu Seattle belegt. Das Dossier fasst den belegten Quellenstand redaktionell zusammen; eine nicht belegte Kartenposition wird nicht ergänzt.","hasMore":true,"hasExcerpt":true,"sources":[{"bookId":"sr4-srm04-01-hiding-in-the-dark-buried-underground-1","title":"SRM04-01 - Hiding in the Dark (Buried Underground 1)","edition":"SR4","citation":"Textzeile 3557","purpose":"description"},{"bookId":"sr4-srm04-01-hiding-in-the-dark-buried-underground-1","title":"SRM04-01 - Hiding in the Dark (Buried Underground 1)","edition":"SR4","citation":"Textzeile 3563","purpose":"description"}]}}}},{"type":"Feature","geometry":null,"properties":{"id":4193,"global_id":"seattle:source-place:overlake-medical-research-center","name":"Overlake Medical Research Center","aliases":[],"category":"Sonstige Spots","detail_map":"Seattle","source_pages":"Textzeile 7289","map_source":"Seattle 2072","placement_note":"Keine belastbare Einzelposition; Eintrag bleibt im Katalog","accuracy":"Nur Stadt oder Lore-Teilraum belegt","source_map":"source-supplement","source_panel":"Seattle","description_preview":"Overlake Medical Research Center ist in Seattle 2072 als benannter Schauplatz mit Bezug zu Seattle belegt.","description_full":"Overlake Medical Research Center ist in Seattle 2072 als benannter Schauplatz mit Bezug zu Seattle belegt. Das Dossier fasst den belegten Quellenstand redaktionell zusammen; eine nicht belegte Kartenposition wird nicht ergänzt.","description_source":"Textzeile 7289","description_kind":"Ortsdossier","description_has_more":true,"detail_plans":[],"alternate_locations":[],"sources":[{"bookId":"sr4-seattle-2072","title":"Seattle 2072","edition":"SR4","citation":"Textzeile 7289","purpose":"description"}],"map_sources":[],"editions":["SR4"],"edition_descriptions":{"SR4":{"kind":"Ortsdossier","preview":"Overlake Medical Research Center ist in Seattle 2072 als benannter Schauplatz mit Bezug zu Seattle belegt.","full":"Overlake Medical Research Center ist in Seattle 2072 als benannter Schauplatz mit Bezug zu Seattle belegt. Das Dossier fasst den belegten Quellenstand redaktionell zusammen; eine nicht belegte Kartenposition wird nicht ergänzt.","hasMore":true,"hasExcerpt":true,"sources":[{"bookId":"sr4-seattle-2072","title":"Seattle 2072","edition":"SR4","citation":"Textzeile 7289","purpose":"description"}]}}}},{"type":"Feature","geometry":null,"properties":{"id":4194,"global_id":"seattle:source-place:pike-place-market-open-air-market","name":"Pike Place Market (Open-Air Market)","aliases":[],"category":"Sonstige Spots","detail_map":"Seattle","source_pages":"Textzeile 1673","map_source":"Dawn of the Artifacts 5 - Artifacts Unbound","placement_note":"Keine belastbare Einzelposition; Eintrag bleibt im Katalog","accuracy":"Nur Stadt oder Lore-Teilraum belegt","source_map":"source-supplement","source_panel":"Seattle","description_preview":"Pike Place Market (Open-Air Market) ist in Dawn of the Artifacts 5 - Artifacts Unbound als benannter Schauplatz mit Bezug zu Seattle belegt.","description_full":"Pike Place Market (Open-Air Market) ist in Dawn of the Artifacts 5 - Artifacts Unbound als benannter Schauplatz mit Bezug zu Seattle belegt. Das Dossier fasst den belegten Quellenstand redaktionell zusammen; eine nicht belegte Kartenposition wird nicht ergänzt.","description_source":"Textzeile 1673","description_kind":"Ortsdossier","description_has_more":true,"detail_plans":[],"alternate_locations":[],"sources":[{"bookId":"sr4-dawn-of-the-artifacts-5-artifacts-unbound","title":"Dawn of the Artifacts 5 - Artifacts Unbound","edition":"SR4","citation":"Textzeile 1673","purpose":"description"}],"map_sources":[],"editions":["SR4"],"edition_descriptions":{"SR4":{"kind":"Ortsdossier","preview":"Pike Place Market (Open-Air Market) ist in Dawn of the Artifacts 5 - Artifacts Unbound als benannter Schauplatz mit Bezug zu Seattle belegt.","full":"Pike Place Market (Open-Air Market) ist in Dawn of the Artifacts 5 - Artifacts Unbound als benannter Schauplatz mit Bezug zu Seattle belegt. Das Dossier fasst den belegten Quellenstand redaktionell zusammen; eine nicht belegte Kartenposition wird nicht ergänzt.","hasMore":true,"hasExcerpt":true,"sources":[{"bookId":"sr4-dawn-of-the-artifacts-5-artifacts-unbound","title":"Dawn of the Artifacts 5 - Artifacts Unbound","edition":"SR4","citation":"Textzeile 1673","purpose":"description"}]}}}},{"type":"Feature","geometry":null,"properties":{"id":4195,"global_id":"seattle:source-place:pike-street-first-avenue","name":"Pike Street & First Avenue","aliases":[],"category":"Sonstige Spots","detail_map":"Seattle","source_pages":"Textzeile 6089","map_source":"Seattle 2072","placement_note":"Keine belastbare Einzelposition; Eintrag bleibt im Katalog","accuracy":"Nur Stadt oder Lore-Teilraum belegt","source_map":"source-supplement","source_panel":"Seattle","description_preview":"Pike Street & First Avenue ist in Seattle 2072 als benannter Schauplatz mit Bezug zu Seattle belegt.","description_full":"Pike Street & First Avenue ist in Seattle 2072 als benannter Schauplatz mit Bezug zu Seattle belegt. Das Dossier fasst den belegten Quellenstand redaktionell zusammen; eine nicht belegte Kartenposition wird nicht ergänzt.","description_source":"Textzeile 6089","description_kind":"Ortsdossier","description_has_more":true,"detail_plans":[],"alternate_locations":[],"sources":[{"bookId":"sr4-seattle-2072","title":"Seattle 2072","edition":"SR4","citation":"Textzeile 6089","purpose":"description"}],"map_sources":[],"editions":["SR4"],"edition_descriptions":{"SR4":{"kind":"Ortsdossier","preview":"Pike Street & First Avenue ist in Seattle 2072 als benannter Schauplatz mit Bezug zu Seattle belegt.","full":"Pike Street & First Avenue ist in Seattle 2072 als benannter Schauplatz mit Bezug zu Seattle belegt. Das Dossier fasst den belegten Quellenstand redaktionell zusammen; eine nicht belegte Kartenposition wird nicht ergänzt.","hasMore":true,"hasExcerpt":true,"sources":[{"bookId":"sr4-seattle-2072","title":"Seattle 2072","edition":"SR4","citation":"Textzeile 6089","purpose":"description"}]}}}},{"type":"Feature","geometry":null,"properties":{"id":4196,"global_id":"seattle:source-place:pine-street-and-western-avenue","name":"Pine Street and Western Avenue","aliases":["Pine Street/Western Avenue"],"category":"Sonstige Spots","detail_map":"Seattle","source_pages":"PDF-Seite 122","map_source":"New Seattle","placement_note":"Keine belastbare Einzelposition; Eintrag bleibt im Katalog","accuracy":"Nur Stadt oder Lore-Teilraum belegt","source_map":"source-supplement","source_panel":"Seattle","description_preview":"Pine Street and Western Avenue ist in New Seattle als benannter Schauplatz mit Bezug zu Seattle belegt.","description_full":"Pine Street and Western Avenue ist in New Seattle als benannter Schauplatz mit Bezug zu Seattle belegt. Das Dossier fasst den belegten Quellenstand redaktionell zusammen; eine nicht belegte Kartenposition wird nicht ergänzt.","description_source":"PDF-Seite 122","description_kind":"Ortsdossier","description_has_more":true,"detail_plans":[],"alternate_locations":[],"sources":[{"bookId":"sr3-new-seattle","title":"New Seattle","edition":"SR3","citation":"PDF-Seite 122","purpose":"description"},{"bookId":"sr4-seattle-2072","title":"Seattle 2072","edition":"SR4","citation":"Textzeile 6117","purpose":"description"}],"map_sources":[],"editions":["SR3","SR4"],"edition_descriptions":{"SR3":{"kind":"Ortsdossier","preview":"Pine Street and Western Avenue ist in New Seattle als benannter Schauplatz mit Bezug zu Seattle belegt.","full":"Pine Street and Western Avenue ist in New Seattle als benannter Schauplatz mit Bezug zu Seattle belegt. Das Dossier fasst den belegten Quellenstand redaktionell zusammen; eine nicht belegte Kartenposition wird nicht ergänzt.","hasMore":true,"hasExcerpt":true,"sources":[{"bookId":"sr3-new-seattle","title":"New Seattle","edition":"SR3","citation":"PDF-Seite 122","purpose":"description"}]},"SR4":{"kind":"Ortsdossier","preview":"Pine Street and Western Avenue ist in Seattle 2072 als benannter Schauplatz mit Bezug zu Seattle belegt.","full":"Pine Street and Western Avenue ist in Seattle 2072 als benannter Schauplatz mit Bezug zu Seattle belegt. Das Dossier fasst den belegten Quellenstand redaktionell zusammen; eine nicht belegte Kartenposition wird nicht ergänzt.","hasMore":true,"hasExcerpt":true,"sources":[{"bookId":"sr4-seattle-2072","title":"Seattle 2072","edition":"SR4","citation":"Textzeile 6117","purpose":"description"}]}}}},{"type":"Feature","geometry":null,"properties":{"id":4197,"global_id":"seattle:source-place:polizeirevier-tacoma-hafen","name":"Polizeirevier Tacoma-Hafen","aliases":[],"category":"Sonstige Spots","detail_map":"Seattle","source_pages":"PDF-Seite 47","map_source":"New Seattle","placement_note":"Keine belastbare Einzelposition; Eintrag bleibt im Katalog","accuracy":"Nur Stadt oder Lore-Teilraum belegt","source_map":"source-supplement","source_panel":"Seattle","description_preview":"Polizeirevier Tacoma-Hafen ist in New Seattle als benannter Schauplatz mit Bezug zu Seattle belegt.","description_full":"Polizeirevier Tacoma-Hafen ist in New Seattle als benannter Schauplatz mit Bezug zu Seattle belegt. Das Dossier fasst den belegten Quellenstand redaktionell zusammen; eine nicht belegte Kartenposition wird nicht ergänzt.","description_source":"PDF-Seite 47","description_kind":"Ortsdossier","description_has_more":true,"detail_plans":[],"alternate_locations":[],"sources":[{"bookId":"sr3-new-seattle","title":"New Seattle","edition":"SR3","citation":"PDF-Seite 47","purpose":"description"}],"map_sources":[],"editions":["SR3"],"edition_descriptions":{"SR3":{"kind":"Ortsdossier","preview":"Polizeirevier Tacoma-Hafen ist in New Seattle als benannter Schauplatz mit Bezug zu Seattle belegt.","full":"Polizeirevier Tacoma-Hafen ist in New Seattle als benannter Schauplatz mit Bezug zu Seattle belegt. Das Dossier fasst den belegten Quellenstand redaktionell zusammen; eine nicht belegte Kartenposition wird nicht ergänzt.","hasMore":true,"hasExcerpt":true,"sources":[{"bookId":"sr3-new-seattle","title":"New Seattle","edition":"SR3","citation":"PDF-Seite 47","purpose":"description"}]}}}},{"type":"Feature","geometry":null,"properties":{"id":4198,"global_id":"seattle:source-place:project-hope-enrollment-center","name":"Project Hope Enrollment Center","aliases":[],"category":"Sonstige Spots","detail_map":"Seattle","source_pages":"Textzeile 8711","map_source":"Double Exposure","placement_note":"Keine belastbare Einzelposition; Eintrag bleibt im Katalog","accuracy":"Nur Stadt oder Lore-Teilraum belegt","source_map":"source-supplement","source_panel":"Seattle","description_preview":"Project Hope Enrollment Center ist in Double Exposure als benannter Schauplatz mit Bezug zu Seattle belegt.","description_full":"Project Hope Enrollment Center ist in Double Exposure als benannter Schauplatz mit Bezug zu Seattle belegt. Das Dossier fasst den belegten Quellenstand redaktionell zusammen; eine nicht belegte Kartenposition wird nicht ergänzt.","description_source":"Textzeile 8711","description_kind":"Ortsdossier","description_has_more":true,"detail_plans":[],"alternate_locations":[],"sources":[{"bookId":"sr2-double-exposure","title":"Double Exposure","edition":"SR2","citation":"Textzeile 8711","purpose":"description"}],"map_sources":[],"editions":["SR2"],"edition_descriptions":{"SR2":{"kind":"Ortsdossier","preview":"Project Hope Enrollment Center ist in Double Exposure als benannter Schauplatz mit Bezug zu Seattle belegt.","full":"Project Hope Enrollment Center ist in Double Exposure als benannter Schauplatz mit Bezug zu Seattle belegt. Das Dossier fasst den belegten Quellenstand redaktionell zusammen; eine nicht belegte Kartenposition wird nicht ergänzt.","hasMore":true,"hasExcerpt":true,"sources":[{"bookId":"sr2-double-exposure","title":"Double Exposure","edition":"SR2","citation":"Textzeile 8711","purpose":"description"}]}}}},{"type":"Feature","geometry":null,"properties":{"id":4199,"global_id":"seattle:source-place:r-street-twenty-ninth-street-se","name":"R Street & Twenty-ninth Street SE","aliases":[],"category":"Sonstige Spots","detail_map":"Seattle","source_pages":"Textzeile 10149","map_source":"Seattle 2072","placement_note":"Keine belastbare Einzelposition; Eintrag bleibt im Katalog","accuracy":"Nur Stadt oder Lore-Teilraum belegt","source_map":"source-supplement","source_panel":"Seattle","description_preview":"R Street & Twenty-ninth Street SE ist in Seattle 2072 als benannter Schauplatz mit Bezug zu Seattle belegt.","description_full":"R Street & Twenty-ninth Street SE ist in Seattle 2072 als benannter Schauplatz mit Bezug zu Seattle belegt. Das Dossier fasst den belegten Quellenstand redaktionell zusammen; eine nicht belegte Kartenposition wird nicht ergänzt.","description_source":"Textzeile 10149","description_kind":"Ortsdossier","description_has_more":true,"detail_plans":[],"alternate_locations":[],"sources":[{"bookId":"sr4-seattle-2072","title":"Seattle 2072","edition":"SR4","citation":"Textzeile 10149","purpose":"description"}],"map_sources":[],"editions":["SR4"],"edition_descriptions":{"SR4":{"kind":"Ortsdossier","preview":"R Street & Twenty-ninth Street SE ist in Seattle 2072 als benannter Schauplatz mit Bezug zu Seattle belegt.","full":"R Street & Twenty-ninth Street SE ist in Seattle 2072 als benannter Schauplatz mit Bezug zu Seattle belegt. Das Dossier fasst den belegten Quellenstand redaktionell zusammen; eine nicht belegte Kartenposition wird nicht ergänzt.","hasMore":true,"hasExcerpt":true,"sources":[{"bookId":"sr4-seattle-2072","title":"Seattle 2072","edition":"SR4","citation":"Textzeile 10149","purpose":"description"}]}}}},{"type":"Feature","geometry":null,"properties":{"id":4200,"global_id":"seattle:source-place:re-education-camp","name":"Re-Education Camp","aliases":[],"category":"Sonstige Spots","detail_map":"Seattle","source_pages":"Textzeile 1498","map_source":"Seattle Sprawl Box - Tangled Threads","placement_note":"Keine belastbare Einzelposition; Eintrag bleibt im Katalog","accuracy":"Nur Stadt oder Lore-Teilraum belegt","source_map":"source-supplement","source_panel":"Seattle","description_preview":"Re-Education Camp ist in Seattle Sprawl Box - Tangled Threads als benannter Schauplatz mit Bezug zu Seattle belegt.","description_full":"Re-Education Camp ist in Seattle Sprawl Box - Tangled Threads als benannter Schauplatz mit Bezug zu Seattle belegt. Das Dossier fasst den belegten Quellenstand redaktionell zusammen; eine nicht belegte Kartenposition wird nicht ergänzt.","description_source":"Textzeile 1498","description_kind":"Ortsdossier","description_has_more":true,"detail_plans":[],"alternate_locations":[],"sources":[{"bookId":"sr5-seattle-sprawl-box-tangled-threads","title":"Seattle Sprawl Box - Tangled Threads","edition":"SR5","citation":"Textzeile 1498","purpose":"description"}],"map_sources":[],"editions":["SR5"],"edition_descriptions":{"SR5":{"kind":"Ortsdossier","preview":"Re-Education Camp ist in Seattle Sprawl Box - Tangled Threads als benannter Schauplatz mit Bezug zu Seattle belegt.","full":"Re-Education Camp ist in Seattle Sprawl Box - Tangled Threads als benannter Schauplatz mit Bezug zu Seattle belegt. Das Dossier fasst den belegten Quellenstand redaktionell zusammen; eine nicht belegte Kartenposition wird nicht ergänzt.","hasMore":true,"hasExcerpt":true,"sources":[{"bookId":"sr5-seattle-sprawl-box-tangled-threads","title":"Seattle Sprawl Box - Tangled Threads","edition":"SR5","citation":"Textzeile 1498","purpose":"description"}]}}}},{"type":"Feature","geometry":null,"properties":{"id":4201,"global_id":"seattle:source-place:redmond-center","name":"Redmond Center","aliases":[],"category":"Sonstige Spots","detail_map":"Seattle","source_pages":"Textzeile 12643","map_source":"Seattle 2072","placement_note":"Keine belastbare Einzelposition; Eintrag bleibt im Katalog","accuracy":"Nur Stadt oder Lore-Teilraum belegt","source_map":"source-supplement","source_panel":"Seattle","description_preview":"Redmond Center ist in Seattle 2072 als benannter Schauplatz mit Bezug zu Seattle belegt.","description_full":"Redmond Center ist in Seattle 2072 als benannter Schauplatz mit Bezug zu Seattle belegt. Das Dossier fasst den belegten Quellenstand redaktionell zusammen; eine nicht belegte Kartenposition wird nicht ergänzt.","description_source":"Textzeile 12643","description_kind":"Ortsdossier","description_has_more":true,"detail_plans":[],"alternate_locations":[],"sources":[{"bookId":"sr4-seattle-2072","title":"Seattle 2072","edition":"SR4","citation":"Textzeile 12643","purpose":"description"},{"bookId":"sr4-seattle-2072","title":"Seattle 2072","edition":"SR4","citation":"Textzeile 21640","purpose":"description"}],"map_sources":[],"editions":["SR4"],"edition_descriptions":{"SR4":{"kind":"Ortsdossier","preview":"Redmond Center ist in Seattle 2072 als benannter Schauplatz mit Bezug zu Seattle belegt.","full":"Redmond Center ist in Seattle 2072 als benannter Schauplatz mit Bezug zu Seattle belegt. Das Dossier fasst den belegten Quellenstand redaktionell zusammen; eine nicht belegte Kartenposition wird nicht ergänzt.","hasMore":true,"hasExcerpt":true,"sources":[{"bookId":"sr4-seattle-2072","title":"Seattle 2072","edition":"SR4","citation":"Textzeile 12643","purpose":"description"},{"bookId":"sr4-seattle-2072","title":"Seattle 2072","edition":"SR4","citation":"Textzeile 21640","purpose":"description"}]}}}},{"type":"Feature","geometry":null,"properties":{"id":4202,"global_id":"seattle:source-place:renraku-arcology","name":"Renraku Arcology","aliases":[],"category":"Konzerne und markante Bauwerke","detail_map":"Seattle","source_pages":"Textzeile 20839","map_source":"Seattle 2072","placement_note":"Keine belastbare Einzelposition; Eintrag bleibt im Katalog","accuracy":"Nur Stadt oder Lore-Teilraum belegt","source_map":"source-supplement","source_panel":"Seattle","description_preview":"Renraku Arcology ist in Seattle 2072 als benannter Schauplatz mit Bezug zu Seattle belegt.","description_full":"Renraku Arcology ist in Seattle 2072 als benannter Schauplatz mit Bezug zu Seattle belegt. Das Dossier fasst den belegten Quellenstand redaktionell zusammen; eine nicht belegte Kartenposition wird nicht ergänzt.","description_source":"Textzeile 20839","description_kind":"Ortsdossier","description_has_more":true,"detail_plans":[],"alternate_locations":[],"sources":[{"bookId":"sr4-seattle-2072","title":"Seattle 2072","edition":"SR4","citation":"Textzeile 20839","purpose":"description"},{"bookId":"sr3-new-seattle","title":"New Seattle","edition":"SR3","citation":"PDF-Seite 38","purpose":"description"}],"map_sources":[],"editions":["SR3","SR4"],"edition_descriptions":{"SR3":{"kind":"Ortsdossier","preview":"Renraku Arcology ist in New Seattle als benannter Schauplatz mit Bezug zu Seattle belegt.","full":"Renraku Arcology ist in New Seattle als benannter Schauplatz mit Bezug zu Seattle belegt. Das Dossier fasst den belegten Quellenstand redaktionell zusammen; eine nicht belegte Kartenposition wird nicht ergänzt.","hasMore":true,"hasExcerpt":true,"sources":[{"bookId":"sr3-new-seattle","title":"New Seattle","edition":"SR3","citation":"PDF-Seite 38","purpose":"description"}]},"SR4":{"kind":"Ortsdossier","preview":"Renraku Arcology ist in Seattle 2072 als benannter Schauplatz mit Bezug zu Seattle belegt.","full":"Renraku Arcology ist in Seattle 2072 als benannter Schauplatz mit Bezug zu Seattle belegt. Das Dossier fasst den belegten Quellenstand redaktionell zusammen; eine nicht belegte Kartenposition wird nicht ergänzt.","hasMore":true,"hasExcerpt":true,"sources":[{"bookId":"sr4-seattle-2072","title":"Seattle 2072","edition":"SR4","citation":"Textzeile 20839","purpose":"description"}]}}}},{"type":"Feature","geometry":null,"properties":{"id":4203,"global_id":"seattle:source-place:roy-street-fourth-avenue","name":"Roy Street & Fourth Avenue","aliases":["Roy Street & Fourth Ave"],"category":"Sonstige Spots","detail_map":"Seattle","source_pages":"Textzeile 20635","map_source":"Seattle 2072","placement_note":"Keine belastbare Einzelposition; Eintrag bleibt im Katalog","accuracy":"Nur Stadt oder Lore-Teilraum belegt","source_map":"source-supplement","source_panel":"Seattle","description_preview":"Roy Street & Fourth Avenue ist in Seattle 2072 als benannter Schauplatz mit Bezug zu Seattle belegt.","description_full":"Roy Street & Fourth Avenue ist in Seattle 2072 als benannter Schauplatz mit Bezug zu Seattle belegt. Das Dossier fasst den belegten Quellenstand redaktionell zusammen; eine nicht belegte Kartenposition wird nicht ergänzt.","description_source":"Textzeile 20635","description_kind":"Ortsdossier","description_has_more":true,"detail_plans":[],"alternate_locations":[],"sources":[{"bookId":"sr4-seattle-2072","title":"Seattle 2072","edition":"SR4","citation":"Textzeile 20635","purpose":"description"},{"bookId":"sr4-seattle-2072","title":"Seattle 2072","edition":"SR4","citation":"Textzeile 4831","purpose":"description"}],"map_sources":[],"editions":["SR4"],"edition_descriptions":{"SR4":{"kind":"Ortsdossier","preview":"Roy Street & Fourth Avenue ist in Seattle 2072 als benannter Schauplatz mit Bezug zu Seattle belegt.","full":"Roy Street & Fourth Avenue ist in Seattle 2072 als benannter Schauplatz mit Bezug zu Seattle belegt. Das Dossier fasst den belegten Quellenstand redaktionell zusammen; eine nicht belegte Kartenposition wird nicht ergänzt.","hasMore":true,"hasExcerpt":true,"sources":[{"bookId":"sr4-seattle-2072","title":"Seattle 2072","edition":"SR4","citation":"Textzeile 20635","purpose":"description"},{"bookId":"sr4-seattle-2072","title":"Seattle 2072","edition":"SR4","citation":"Textzeile 4831","purpose":"description"}]}}}},{"type":"Feature","geometry":null,"properties":{"id":4204,"global_id":"seattle:source-place:roy-street-ninth-avenue","name":"Roy Street & Ninth Avenue","aliases":[],"category":"Sonstige Spots","detail_map":"Seattle","source_pages":"Textzeile 4811","map_source":"Seattle 2072","placement_note":"Keine belastbare Einzelposition; Eintrag bleibt im Katalog","accuracy":"Nur Stadt oder Lore-Teilraum belegt","source_map":"source-supplement","source_panel":"Seattle","description_preview":"Roy Street & Ninth Avenue ist in Seattle 2072 als benannter Schauplatz mit Bezug zu Seattle belegt.","description_full":"Roy Street & Ninth Avenue ist in Seattle 2072 als benannter Schauplatz mit Bezug zu Seattle belegt. Das Dossier fasst den belegten Quellenstand redaktionell zusammen; eine nicht belegte Kartenposition wird nicht ergänzt.","description_source":"Textzeile 4811","description_kind":"Ortsdossier","description_has_more":true,"detail_plans":[],"alternate_locations":[],"sources":[{"bookId":"sr4-seattle-2072","title":"Seattle 2072","edition":"SR4","citation":"Textzeile 4811","purpose":"description"},{"bookId":"sr4-seattle-2072","title":"Seattle 2072","edition":"SR4","citation":"Textzeile 20628","purpose":"description"}],"map_sources":[],"editions":["SR4"],"edition_descriptions":{"SR4":{"kind":"Ortsdossier","preview":"Roy Street & Ninth Avenue ist in Seattle 2072 als benannter Schauplatz mit Bezug zu Seattle belegt.","full":"Roy Street & Ninth Avenue ist in Seattle 2072 als benannter Schauplatz mit Bezug zu Seattle belegt. Das Dossier fasst den belegten Quellenstand redaktionell zusammen; eine nicht belegte Kartenposition wird nicht ergänzt.","hasMore":true,"hasExcerpt":true,"sources":[{"bookId":"sr4-seattle-2072","title":"Seattle 2072","edition":"SR4","citation":"Textzeile 4811","purpose":"description"},{"bookId":"sr4-seattle-2072","title":"Seattle 2072","edition":"SR4","citation":"Textzeile 20628","purpose":"description"}]}}}},{"type":"Feature","geometry":null,"properties":{"id":4205,"global_id":"seattle:source-place:se-twenty-second-street","name":"SE Twenty-second Street","aliases":[],"category":"Sonstige Spots","detail_map":"Seattle","source_pages":"Textzeile 13785","map_source":"Seattle 2072","placement_note":"Keine belastbare Einzelposition; Eintrag bleibt im Katalog","accuracy":"Nur Stadt oder Lore-Teilraum belegt","source_map":"source-supplement","source_panel":"Seattle","description_preview":"SE Twenty-second Street ist in Seattle 2072 als benannter Schauplatz mit Bezug zu Seattle belegt.","description_full":"SE Twenty-second Street ist in Seattle 2072 als benannter Schauplatz mit Bezug zu Seattle belegt. Das Dossier fasst den belegten Quellenstand redaktionell zusammen; eine nicht belegte Kartenposition wird nicht ergänzt.","description_source":"Textzeile 13785","description_kind":"Ortsdossier","description_has_more":true,"detail_plans":[],"alternate_locations":[],"sources":[{"bookId":"sr4-seattle-2072","title":"Seattle 2072","edition":"SR4","citation":"Textzeile 13785","purpose":"description"}],"map_sources":[],"editions":["SR4"],"edition_descriptions":{"SR4":{"kind":"Ortsdossier","preview":"SE Twenty-second Street ist in Seattle 2072 als benannter Schauplatz mit Bezug zu Seattle belegt.","full":"SE Twenty-second Street ist in Seattle 2072 als benannter Schauplatz mit Bezug zu Seattle belegt. Das Dossier fasst den belegten Quellenstand redaktionell zusammen; eine nicht belegte Kartenposition wird nicht ergänzt.","hasMore":true,"hasExcerpt":true,"sources":[{"bookId":"sr4-seattle-2072","title":"Seattle 2072","edition":"SR4","citation":"Textzeile 13785","purpose":"description"}]}}}},{"type":"Feature","geometry":null,"properties":{"id":4206,"global_id":"seattle:source-place:seatac-international-airport","name":"SeaTac International Airport","aliases":[],"category":"Verkehr und Infrastruktur","detail_map":"Seattle","source_pages":"PDF-Seite 39","map_source":"New Seattle","placement_note":"Keine belastbare Einzelposition; Eintrag bleibt im Katalog","accuracy":"Nur Stadt oder Lore-Teilraum belegt","source_map":"source-supplement","source_panel":"Seattle","description_preview":"SeaTac International Airport ist in New Seattle als benannter Schauplatz mit Bezug zu Seattle belegt.","description_full":"SeaTac International Airport ist in New Seattle als benannter Schauplatz mit Bezug zu Seattle belegt. Das Dossier fasst den belegten Quellenstand redaktionell zusammen; eine nicht belegte Kartenposition wird nicht ergänzt.","description_source":"PDF-Seite 39","description_kind":"Ortsdossier","description_has_more":true,"detail_plans":[],"alternate_locations":[],"sources":[{"bookId":"sr3-new-seattle","title":"New Seattle","edition":"SR3","citation":"PDF-Seite 39","purpose":"description"}],"map_sources":[],"editions":["SR3"],"edition_descriptions":{"SR3":{"kind":"Ortsdossier","preview":"SeaTac International Airport ist in New Seattle als benannter Schauplatz mit Bezug zu Seattle belegt.","full":"SeaTac International Airport ist in New Seattle als benannter Schauplatz mit Bezug zu Seattle belegt. Das Dossier fasst den belegten Quellenstand redaktionell zusammen; eine nicht belegte Kartenposition wird nicht ergänzt.","hasMore":true,"hasExcerpt":true,"sources":[{"bookId":"sr3-new-seattle","title":"New Seattle","edition":"SR3","citation":"PDF-Seite 39","purpose":"description"}]}}}},{"type":"Feature","geometry":null,"properties":{"id":4207,"global_id":"seattle:source-place:seattle-convention-and-trade-center","name":"Seattle Convention and Trade Center","aliases":[],"category":"Sonstige Spots","detail_map":"Seattle","source_pages":"Textzeile 6301","map_source":"Seattle 2072","placement_note":"Keine belastbare Einzelposition; Eintrag bleibt im Katalog","accuracy":"Nur Stadt oder Lore-Teilraum belegt","source_map":"source-supplement","source_panel":"Seattle","description_preview":"Seattle Convention and Trade Center ist in Seattle 2072 als benannter Schauplatz mit Bezug zu Seattle belegt.","description_full":"Seattle Convention and Trade Center ist in Seattle 2072 als benannter Schauplatz mit Bezug zu Seattle belegt. Das Dossier fasst den belegten Quellenstand redaktionell zusammen; eine nicht belegte Kartenposition wird nicht ergänzt.","description_source":"Textzeile 6301","description_kind":"Ortsdossier","description_has_more":true,"detail_plans":[],"alternate_locations":[],"sources":[{"bookId":"sr4-seattle-2072","title":"Seattle 2072","edition":"SR4","citation":"Textzeile 6301","purpose":"description"}],"map_sources":[],"editions":["SR4"],"edition_descriptions":{"SR4":{"kind":"Ortsdossier","preview":"Seattle Convention and Trade Center ist in Seattle 2072 als benannter Schauplatz mit Bezug zu Seattle belegt.","full":"Seattle Convention and Trade Center ist in Seattle 2072 als benannter Schauplatz mit Bezug zu Seattle belegt. Das Dossier fasst den belegten Quellenstand redaktionell zusammen; eine nicht belegte Kartenposition wird nicht ergänzt.","hasMore":true,"hasExcerpt":true,"sources":[{"bookId":"sr4-seattle-2072","title":"Seattle 2072","edition":"SR4","citation":"Textzeile 6301","purpose":"description"}]}}}},{"type":"Feature","geometry":null,"properties":{"id":4208,"global_id":"seattle:source-place:second-avenue-union-street","name":"Second Avenue & Union Street","aliases":[],"category":"Sonstige Spots","detail_map":"Seattle","source_pages":"Textzeile 5630","map_source":"Seattle 2072","placement_note":"Keine belastbare Einzelposition; Eintrag bleibt im Katalog","accuracy":"Nur Stadt oder Lore-Teilraum belegt","source_map":"source-supplement","source_panel":"Seattle","description_preview":"Second Avenue & Union Street ist in Seattle 2072 als benannter Schauplatz mit Bezug zu Seattle belegt.","description_full":"Second Avenue & Union Street ist in Seattle 2072 als benannter Schauplatz mit Bezug zu Seattle belegt. Das Dossier fasst den belegten Quellenstand redaktionell zusammen; eine nicht belegte Kartenposition wird nicht ergänzt.","description_source":"Textzeile 5630","description_kind":"Ortsdossier","description_has_more":true,"detail_plans":[],"alternate_locations":[],"sources":[{"bookId":"sr4-seattle-2072","title":"Seattle 2072","edition":"SR4","citation":"Textzeile 5630","purpose":"description"}],"map_sources":[],"editions":["SR4"],"edition_descriptions":{"SR4":{"kind":"Ortsdossier","preview":"Second Avenue & Union Street ist in Seattle 2072 als benannter Schauplatz mit Bezug zu Seattle belegt.","full":"Second Avenue & Union Street ist in Seattle 2072 als benannter Schauplatz mit Bezug zu Seattle belegt. Das Dossier fasst den belegten Quellenstand redaktionell zusammen; eine nicht belegte Kartenposition wird nicht ergänzt.","hasMore":true,"hasExcerpt":true,"sources":[{"bookId":"sr4-seattle-2072","title":"Seattle 2072","edition":"SR4","citation":"Textzeile 5630","purpose":"description"}]}}}},{"type":"Feature","geometry":null,"properties":{"id":4209,"global_id":"seattle:source-place:second-avenue-university-street","name":"Second Avenue & University Street","aliases":[],"category":"Sonstige Spots","detail_map":"Seattle","source_pages":"Textzeile 5982","map_source":"Seattle 2072","placement_note":"Keine belastbare Einzelposition; Eintrag bleibt im Katalog","accuracy":"Nur Stadt oder Lore-Teilraum belegt","source_map":"source-supplement","source_panel":"Seattle","description_preview":"Second Avenue & University Street ist in Seattle 2072 als benannter Schauplatz mit Bezug zu Seattle belegt.","description_full":"Second Avenue & University Street ist in Seattle 2072 als benannter Schauplatz mit Bezug zu Seattle belegt. Das Dossier fasst den belegten Quellenstand redaktionell zusammen; eine nicht belegte Kartenposition wird nicht ergänzt.","description_source":"Textzeile 5982","description_kind":"Ortsdossier","description_has_more":true,"detail_plans":[],"alternate_locations":[],"sources":[{"bookId":"sr4-seattle-2072","title":"Seattle 2072","edition":"SR4","citation":"Textzeile 5982","purpose":"description"},{"bookId":"sr4-srm04-10-romero-and-juliette-artifact-rush-5","title":"SRM04-10 - Romero and Juliette (Artifact Rush 5)","edition":"SR4","citation":"Textzeile 1099","purpose":"description"}],"map_sources":[],"editions":["SR4"],"edition_descriptions":{"SR4":{"kind":"Ortsdossier","preview":"Second Avenue & University Street ist in Seattle 2072 als benannter Schauplatz mit Bezug zu Seattle belegt.","full":"Second Avenue & University Street ist in Seattle 2072 als benannter Schauplatz mit Bezug zu Seattle belegt. Das Dossier fasst den belegten Quellenstand redaktionell zusammen; eine nicht belegte Kartenposition wird nicht ergänzt.","hasMore":true,"hasExcerpt":true,"sources":[{"bookId":"sr4-seattle-2072","title":"Seattle 2072","edition":"SR4","citation":"Textzeile 5982","purpose":"description"},{"bookId":"sr4-srm04-10-romero-and-juliette-artifact-rush-5","title":"SRM04-10 - Romero and Juliette (Artifact Rush 5)","edition":"SR4","citation":"Textzeile 1099","purpose":"description"}]}}}},{"type":"Feature","geometry":null,"properties":{"id":4210,"global_id":"seattle:source-place:second-street-avenue-b","name":"Second Street & Avenue B","aliases":[],"category":"Sonstige Spots","detail_map":"Seattle","source_pages":"Textzeile 11180","map_source":"Seattle 2072","placement_note":"Keine belastbare Einzelposition; Eintrag bleibt im Katalog","accuracy":"Nur Stadt oder Lore-Teilraum belegt","source_map":"source-supplement","source_panel":"Seattle","description_preview":"Second Street & Avenue B ist in Seattle 2072 als benannter Schauplatz mit Bezug zu Seattle belegt.","description_full":"Second Street & Avenue B ist in Seattle 2072 als benannter Schauplatz mit Bezug zu Seattle belegt. Das Dossier fasst den belegten Quellenstand redaktionell zusammen; eine nicht belegte Kartenposition wird nicht ergänzt.","description_source":"Textzeile 11180","description_kind":"Ortsdossier","description_has_more":true,"detail_plans":[],"alternate_locations":[],"sources":[{"bookId":"sr4-seattle-2072","title":"Seattle 2072","edition":"SR4","citation":"Textzeile 11180","purpose":"description"}],"map_sources":[],"editions":["SR4"],"edition_descriptions":{"SR4":{"kind":"Ortsdossier","preview":"Second Street & Avenue B ist in Seattle 2072 als benannter Schauplatz mit Bezug zu Seattle belegt.","full":"Second Street & Avenue B ist in Seattle 2072 als benannter Schauplatz mit Bezug zu Seattle belegt. Das Dossier fasst den belegten Quellenstand redaktionell zusammen; eine nicht belegte Kartenposition wird nicht ergänzt.","hasMore":true,"hasExcerpt":true,"sources":[{"bookId":"sr4-seattle-2072","title":"Seattle 2072","edition":"SR4","citation":"Textzeile 11180","purpose":"description"}]}}}},{"type":"Feature","geometry":null,"properties":{"id":4211,"global_id":"seattle:source-place:second-street-maple-avenue","name":"Second Street & Maple Avenue","aliases":[],"category":"Sonstige Spots","detail_map":"Seattle","source_pages":"Textzeile 11224","map_source":"Seattle 2072","placement_note":"Keine belastbare Einzelposition; Eintrag bleibt im Katalog","accuracy":"Nur Stadt oder Lore-Teilraum belegt","source_map":"source-supplement","source_panel":"Seattle","description_preview":"Second Street & Maple Avenue ist in Seattle 2072 als benannter Schauplatz mit Bezug zu Seattle belegt.","description_full":"Second Street & Maple Avenue ist in Seattle 2072 als benannter Schauplatz mit Bezug zu Seattle belegt. Das Dossier fasst den belegten Quellenstand redaktionell zusammen; eine nicht belegte Kartenposition wird nicht ergänzt.","description_source":"Textzeile 11224","description_kind":"Ortsdossier","description_has_more":true,"detail_plans":[],"alternate_locations":[],"sources":[{"bookId":"sr4-seattle-2072","title":"Seattle 2072","edition":"SR4","citation":"Textzeile 11224","purpose":"description"}],"map_sources":[],"editions":["SR4"],"edition_descriptions":{"SR4":{"kind":"Ortsdossier","preview":"Second Street & Maple Avenue ist in Seattle 2072 als benannter Schauplatz mit Bezug zu Seattle belegt.","full":"Second Street & Maple Avenue ist in Seattle 2072 als benannter Schauplatz mit Bezug zu Seattle belegt. Das Dossier fasst den belegten Quellenstand redaktionell zusammen; eine nicht belegte Kartenposition wird nicht ergänzt.","hasMore":true,"hasExcerpt":true,"sources":[{"bookId":"sr4-seattle-2072","title":"Seattle 2072","edition":"SR4","citation":"Textzeile 11224","purpose":"description"}]}}}},{"type":"Feature","geometry":null,"properties":{"id":4212,"global_id":"seattle:source-place:seneca-street-first-avenue","name":"Seneca Street & First Avenue","aliases":[],"category":"Sonstige Spots","detail_map":"Seattle","source_pages":"Textzeile 4745","map_source":"Seattle 2072","placement_note":"Keine belastbare Einzelposition; Eintrag bleibt im Katalog","accuracy":"Nur Stadt oder Lore-Teilraum belegt","source_map":"source-supplement","source_panel":"Seattle","description_preview":"Seneca Street & First Avenue ist in Seattle 2072 als benannter Schauplatz mit Bezug zu Seattle belegt.","description_full":"Seneca Street & First Avenue ist in Seattle 2072 als benannter Schauplatz mit Bezug zu Seattle belegt. Das Dossier fasst den belegten Quellenstand redaktionell zusammen; eine nicht belegte Kartenposition wird nicht ergänzt.","description_source":"Textzeile 4745","description_kind":"Ortsdossier","description_has_more":true,"detail_plans":[],"alternate_locations":[],"sources":[{"bookId":"sr4-seattle-2072","title":"Seattle 2072","edition":"SR4","citation":"Textzeile 4745","purpose":"description"},{"bookId":"sr4-seattle-2072","title":"Seattle 2072","edition":"SR4","citation":"Textzeile 6317","purpose":"description"}],"map_sources":[],"editions":["SR4"],"edition_descriptions":{"SR4":{"kind":"Ortsdossier","preview":"Seneca Street & First Avenue ist in Seattle 2072 als benannter Schauplatz mit Bezug zu Seattle belegt.","full":"Seneca Street & First Avenue ist in Seattle 2072 als benannter Schauplatz mit Bezug zu Seattle belegt. Das Dossier fasst den belegten Quellenstand redaktionell zusammen; eine nicht belegte Kartenposition wird nicht ergänzt.","hasMore":true,"hasExcerpt":true,"sources":[{"bookId":"sr4-seattle-2072","title":"Seattle 2072","edition":"SR4","citation":"Textzeile 4745","purpose":"description"},{"bookId":"sr4-seattle-2072","title":"Seattle 2072","edition":"SR4","citation":"Textzeile 6317","purpose":"description"}]}}}},{"type":"Feature","geometry":null,"properties":{"id":4213,"global_id":"seattle:source-place:seneca-street-fourth-avenue","name":"Seneca Street & Fourth Avenue","aliases":[],"category":"Sonstige Spots","detail_map":"Seattle","source_pages":"Textzeile 6170","map_source":"Seattle 2072","placement_note":"Keine belastbare Einzelposition; Eintrag bleibt im Katalog","accuracy":"Nur Stadt oder Lore-Teilraum belegt","source_map":"source-supplement","source_panel":"Seattle","description_preview":"Seneca Street & Fourth Avenue ist in Seattle 2072 als benannter Schauplatz mit Bezug zu Seattle belegt.","description_full":"Seneca Street & Fourth Avenue ist in Seattle 2072 als benannter Schauplatz mit Bezug zu Seattle belegt. Das Dossier fasst den belegten Quellenstand redaktionell zusammen; eine nicht belegte Kartenposition wird nicht ergänzt.","description_source":"Textzeile 6170","description_kind":"Ortsdossier","description_has_more":true,"detail_plans":[],"alternate_locations":[],"sources":[{"bookId":"sr4-seattle-2072","title":"Seattle 2072","edition":"SR4","citation":"Textzeile 6170","purpose":"description"}],"map_sources":[],"editions":["SR4"],"edition_descriptions":{"SR4":{"kind":"Ortsdossier","preview":"Seneca Street & Fourth Avenue ist in Seattle 2072 als benannter Schauplatz mit Bezug zu Seattle belegt.","full":"Seneca Street & Fourth Avenue ist in Seattle 2072 als benannter Schauplatz mit Bezug zu Seattle belegt. Das Dossier fasst den belegten Quellenstand redaktionell zusammen; eine nicht belegte Kartenposition wird nicht ergänzt.","hasMore":true,"hasExcerpt":true,"sources":[{"bookId":"sr4-seattle-2072","title":"Seattle 2072","edition":"SR4","citation":"Textzeile 6170","purpose":"description"}]}}}},{"type":"Feature","geometry":null,"properties":{"id":4214,"global_id":"seattle:source-place:seneca-street-ist-avenue","name":"Seneca Street/Ist Avenue","aliases":[],"category":"Sonstige Spots","detail_map":"Seattle","source_pages":"PDF-Seite 123","map_source":"New Seattle","placement_note":"Keine belastbare Einzelposition; Eintrag bleibt im Katalog","accuracy":"Nur Stadt oder Lore-Teilraum belegt","source_map":"source-supplement","source_panel":"Seattle","description_preview":"Seneca Street/Ist Avenue ist in New Seattle als benannter Schauplatz mit Bezug zu Seattle belegt.","description_full":"Seneca Street/Ist Avenue ist in New Seattle als benannter Schauplatz mit Bezug zu Seattle belegt. Das Dossier fasst den belegten Quellenstand redaktionell zusammen; eine nicht belegte Kartenposition wird nicht ergänzt.","description_source":"PDF-Seite 123","description_kind":"Ortsdossier","description_has_more":true,"detail_plans":[],"alternate_locations":[],"sources":[{"bookId":"sr3-new-seattle","title":"New Seattle","edition":"SR3","citation":"PDF-Seite 123","purpose":"description"}],"map_sources":[],"editions":["SR3"],"edition_descriptions":{"SR3":{"kind":"Ortsdossier","preview":"Seneca Street/Ist Avenue ist in New Seattle als benannter Schauplatz mit Bezug zu Seattle belegt.","full":"Seneca Street/Ist Avenue ist in New Seattle als benannter Schauplatz mit Bezug zu Seattle belegt. Das Dossier fasst den belegten Quellenstand redaktionell zusammen; eine nicht belegte Kartenposition wird nicht ergänzt.","hasMore":true,"hasExcerpt":true,"sources":[{"bookId":"sr3-new-seattle","title":"New Seattle","edition":"SR3","citation":"PDF-Seite 123","purpose":"description"}]}}}},{"type":"Feature","geometry":null,"properties":{"id":4215,"global_id":"seattle:source-place:seventh-avenue-columbia-street","name":"Seventh Avenue & Columbia Street","aliases":[],"category":"Sonstige Spots","detail_map":"Seattle","source_pages":"Textzeile 6462","map_source":"Seattle 2072","placement_note":"Keine belastbare Einzelposition; Eintrag bleibt im Katalog","accuracy":"Nur Stadt oder Lore-Teilraum belegt","source_map":"source-supplement","source_panel":"Seattle","description_preview":"Seventh Avenue & Columbia Street ist in Seattle 2072 als benannter Schauplatz mit Bezug zu Seattle belegt.","description_full":"Seventh Avenue & Columbia Street ist in Seattle 2072 als benannter Schauplatz mit Bezug zu Seattle belegt. Das Dossier fasst den belegten Quellenstand redaktionell zusammen; eine nicht belegte Kartenposition wird nicht ergänzt.","description_source":"Textzeile 6462","description_kind":"Ortsdossier","description_has_more":true,"detail_plans":[],"alternate_locations":[],"sources":[{"bookId":"sr4-seattle-2072","title":"Seattle 2072","edition":"SR4","citation":"Textzeile 6462","purpose":"description"}],"map_sources":[],"editions":["SR4"],"edition_descriptions":{"SR4":{"kind":"Ortsdossier","preview":"Seventh Avenue & Columbia Street ist in Seattle 2072 als benannter Schauplatz mit Bezug zu Seattle belegt.","full":"Seventh Avenue & Columbia Street ist in Seattle 2072 als benannter Schauplatz mit Bezug zu Seattle belegt. Das Dossier fasst den belegten Quellenstand redaktionell zusammen; eine nicht belegte Kartenposition wird nicht ergänzt.","hasMore":true,"hasExcerpt":true,"sources":[{"bookId":"sr4-seattle-2072","title":"Seattle 2072","edition":"SR4","citation":"Textzeile 6462","purpose":"description"}]}}}},{"type":"Feature","geometry":null,"properties":{"id":4216,"global_id":"seattle:source-place:seventh-avenue-southeast-und-thirteenth-street","name":"Seventh Avenue Southeast und Thirteenth Street","aliases":[],"category":"Sonstige Spots","detail_map":"Seattle","source_pages":"PDF-Seite 124","map_source":"Seattle Quellenbuch","placement_note":"Keine belastbare Einzelposition; Eintrag bleibt im Katalog","accuracy":"Nur Stadt oder Lore-Teilraum belegt","source_map":"source-supplement","source_panel":"Seattle","description_preview":"Seventh Avenue Southeast und Thirteenth Street ist in Seattle Quellenbuch als benannter Schauplatz mit Bezug zu Seattle belegt.","description_full":"Seventh Avenue Southeast und Thirteenth Street ist in Seattle Quellenbuch als benannter Schauplatz mit Bezug zu Seattle belegt. Das Dossier fasst den belegten Quellenstand redaktionell zusammen; eine nicht belegte Kartenposition wird nicht ergänzt.","description_source":"PDF-Seite 124","description_kind":"Ortsdossier","description_has_more":true,"detail_plans":[],"alternate_locations":[],"sources":[{"bookId":"sr2-seattle-quellenbuch","title":"Seattle Quellenbuch","edition":"SR2","citation":"PDF-Seite 124","purpose":"description"}],"map_sources":[],"editions":["SR2"],"edition_descriptions":{"SR2":{"kind":"Ortsdossier","preview":"Seventh Avenue Southeast und Thirteenth Street ist in Seattle Quellenbuch als benannter Schauplatz mit Bezug zu Seattle belegt.","full":"Seventh Avenue Southeast und Thirteenth Street ist in Seattle Quellenbuch als benannter Schauplatz mit Bezug zu Seattle belegt. Das Dossier fasst den belegten Quellenstand redaktionell zusammen; eine nicht belegte Kartenposition wird nicht ergänzt.","hasMore":true,"hasExcerpt":true,"sources":[{"bookId":"sr2-seattle-quellenbuch","title":"Seattle Quellenbuch","edition":"SR2","citation":"PDF-Seite 124","purpose":"description"}]}}}},{"type":"Feature","geometry":null,"properties":{"id":4217,"global_id":"seattle:source-place:seventy-first-street-se","name":"Seventy-first Street SE","aliases":[],"category":"Sonstige Spots","detail_map":"Seattle","source_pages":"Textzeile 13678","map_source":"Seattle 2072","placement_note":"Keine belastbare Einzelposition; Eintrag bleibt im Katalog","accuracy":"Nur Stadt oder Lore-Teilraum belegt","source_map":"source-supplement","source_panel":"Seattle","description_preview":"Seventy-first Street SE ist in Seattle 2072 als benannter Schauplatz mit Bezug zu Seattle belegt.","description_full":"Seventy-first Street SE ist in Seattle 2072 als benannter Schauplatz mit Bezug zu Seattle belegt. Das Dossier fasst den belegten Quellenstand redaktionell zusammen; eine nicht belegte Kartenposition wird nicht ergänzt.","description_source":"Textzeile 13678","description_kind":"Ortsdossier","description_has_more":true,"detail_plans":[],"alternate_locations":[],"sources":[{"bookId":"sr4-seattle-2072","title":"Seattle 2072","edition":"SR4","citation":"Textzeile 13678","purpose":"description"}],"map_sources":[],"editions":["SR4"],"edition_descriptions":{"SR4":{"kind":"Ortsdossier","preview":"Seventy-first Street SE ist in Seattle 2072 als benannter Schauplatz mit Bezug zu Seattle belegt.","full":"Seventy-first Street SE ist in Seattle 2072 als benannter Schauplatz mit Bezug zu Seattle belegt. Das Dossier fasst den belegten Quellenstand redaktionell zusammen; eine nicht belegte Kartenposition wird nicht ergänzt.","hasMore":true,"hasExcerpt":true,"sources":[{"bookId":"sr4-seattle-2072","title":"Seattle 2072","edition":"SR4","citation":"Textzeile 13678","purpose":"description"}]}}}},{"type":"Feature","geometry":null,"properties":{"id":4218,"global_id":"seattle:source-place:shigeda-tower","name":"Shigeda Tower","aliases":[],"category":"Konzerne und markante Bauwerke","detail_map":"Seattle","source_pages":"Textzeile 4420","map_source":"Emerald City (Seattle)","placement_note":"Keine belastbare Einzelposition; Eintrag bleibt im Katalog","accuracy":"Nur Stadt oder Lore-Teilraum belegt","source_map":"source-supplement","source_panel":"Seattle","description_preview":"Shigeda Tower ist in Emerald City (Seattle) als benannter Schauplatz mit Bezug zu Seattle belegt.","description_full":"Shigeda Tower ist in Emerald City (Seattle) als benannter Schauplatz mit Bezug zu Seattle belegt. Das Dossier fasst den belegten Quellenstand redaktionell zusammen; eine nicht belegte Kartenposition wird nicht ergänzt.","description_source":"Textzeile 4420","description_kind":"Ortsdossier","description_has_more":true,"detail_plans":[],"alternate_locations":[],"sources":[{"bookId":"sr6-emerald-city-seattle","title":"Emerald City (Seattle)","edition":"SR6","citation":"Textzeile 4420","purpose":"description"}],"map_sources":[],"editions":["SR6"],"edition_descriptions":{"SR6":{"kind":"Ortsdossier","preview":"Shigeda Tower ist in Emerald City (Seattle) als benannter Schauplatz mit Bezug zu Seattle belegt.","full":"Shigeda Tower ist in Emerald City (Seattle) als benannter Schauplatz mit Bezug zu Seattle belegt. Das Dossier fasst den belegten Quellenstand redaktionell zusammen; eine nicht belegte Kartenposition wird nicht ergänzt.","hasMore":true,"hasExcerpt":true,"sources":[{"bookId":"sr6-emerald-city-seattle","title":"Emerald City (Seattle)","edition":"SR6","citation":"Textzeile 4420","purpose":"description"}]}}}},{"type":"Feature","geometry":null,"properties":{"id":4219,"global_id":"seattle:source-place:silcox-island","name":"Silcox Island","aliases":[],"category":"Sonstige Spots","detail_map":"Seattle","source_pages":"Textzeile 2919","map_source":"Seattle Sprawl Box - Emerald Shadows","placement_note":"Keine belastbare Einzelposition; Eintrag bleibt im Katalog","accuracy":"Nur Stadt oder Lore-Teilraum belegt","source_map":"source-supplement","source_panel":"Seattle","description_preview":"Silcox Island ist in Seattle Sprawl Box - Emerald Shadows als benannter Schauplatz mit Bezug zu Seattle belegt.","description_full":"Silcox Island ist in Seattle Sprawl Box - Emerald Shadows als benannter Schauplatz mit Bezug zu Seattle belegt. Das Dossier fasst den belegten Quellenstand redaktionell zusammen; eine nicht belegte Kartenposition wird nicht ergänzt.","description_source":"Textzeile 2919","description_kind":"Ortsdossier","description_has_more":true,"detail_plans":[],"alternate_locations":[],"sources":[{"bookId":"sr5-seattle-sprawl-box-emerald-shadows","title":"Seattle Sprawl Box - Emerald Shadows","edition":"SR5","citation":"Textzeile 2919","purpose":"description"}],"map_sources":[],"editions":["SR5"],"edition_descriptions":{"SR5":{"kind":"Ortsdossier","preview":"Silcox Island ist in Seattle Sprawl Box - Emerald Shadows als benannter Schauplatz mit Bezug zu Seattle belegt.","full":"Silcox Island ist in Seattle Sprawl Box - Emerald Shadows als benannter Schauplatz mit Bezug zu Seattle belegt. Das Dossier fasst den belegten Quellenstand redaktionell zusammen; eine nicht belegte Kartenposition wird nicht ergänzt.","hasMore":true,"hasExcerpt":true,"sources":[{"bookId":"sr5-seattle-sprawl-box-emerald-shadows","title":"Seattle Sprawl Box - Emerald Shadows","edition":"SR5","citation":"Textzeile 2919","purpose":"description"}]}}}},{"type":"Feature","geometry":null,"properties":{"id":4220,"global_id":"seattle:source-place:silcox-island-correctional","name":"Silcox Island Correctional","aliases":[],"category":"Sonstige Spots","detail_map":"Seattle","source_pages":"Textzeile 2691","map_source":"Seattle - Smaragd im Schatten","placement_note":"Keine belastbare Einzelposition; Eintrag bleibt im Katalog","accuracy":"Nur Stadt oder Lore-Teilraum belegt","source_map":"source-supplement","source_panel":"Seattle","description_preview":"Silcox Island Correctional ist in Seattle - Smaragd im Schatten als benannter Schauplatz mit Bezug zu Seattle belegt.","description_full":"Silcox Island Correctional ist in Seattle - Smaragd im Schatten als benannter Schauplatz mit Bezug zu Seattle belegt. Das Dossier fasst den belegten Quellenstand redaktionell zusammen; eine nicht belegte Kartenposition wird nicht ergänzt.","description_source":"Textzeile 2691","description_kind":"Ortsdossier","description_has_more":true,"detail_plans":[],"alternate_locations":[],"sources":[{"bookId":"sr5-seattle-smaragd-im-schatten","title":"Seattle - Smaragd im Schatten","edition":"SR5","citation":"Textzeile 2691","purpose":"description"}],"map_sources":[],"editions":["SR5"],"edition_descriptions":{"SR5":{"kind":"Ortsdossier","preview":"Silcox Island Correctional ist in Seattle - Smaragd im Schatten als benannter Schauplatz mit Bezug zu Seattle belegt.","full":"Silcox Island Correctional ist in Seattle - Smaragd im Schatten als benannter Schauplatz mit Bezug zu Seattle belegt. Das Dossier fasst den belegten Quellenstand redaktionell zusammen; eine nicht belegte Kartenposition wird nicht ergänzt.","hasMore":true,"hasExcerpt":true,"sources":[{"bookId":"sr5-seattle-smaragd-im-schatten","title":"Seattle - Smaragd im Schatten","edition":"SR5","citation":"Textzeile 2691","purpose":"description"}]}}}},{"type":"Feature","geometry":null,"properties":{"id":4221,"global_id":"seattle:source-place:silcox-island-american-lake","name":"Silcox Island, American Lake","aliases":[],"category":"Sonstige Spots","detail_map":"Seattle","source_pages":"Textzeile 8114","map_source":"Seattle 2072","placement_note":"Keine belastbare Einzelposition; Eintrag bleibt im Katalog","accuracy":"Nur Stadt oder Lore-Teilraum belegt","source_map":"source-supplement","source_panel":"Seattle","description_preview":"Silcox Island, American Lake ist in Seattle 2072 als benannter Schauplatz mit Bezug zu Seattle belegt.","description_full":"Silcox Island, American Lake ist in Seattle 2072 als benannter Schauplatz mit Bezug zu Seattle belegt. Das Dossier fasst den belegten Quellenstand redaktionell zusammen; eine nicht belegte Kartenposition wird nicht ergänzt.","description_source":"Textzeile 8114","description_kind":"Ortsdossier","description_has_more":true,"detail_plans":[],"alternate_locations":[],"sources":[{"bookId":"sr4-seattle-2072","title":"Seattle 2072","edition":"SR4","citation":"Textzeile 8114","purpose":"description"}],"map_sources":[],"editions":["SR4"],"edition_descriptions":{"SR4":{"kind":"Ortsdossier","preview":"Silcox Island, American Lake ist in Seattle 2072 als benannter Schauplatz mit Bezug zu Seattle belegt.","full":"Silcox Island, American Lake ist in Seattle 2072 als benannter Schauplatz mit Bezug zu Seattle belegt. Das Dossier fasst den belegten Quellenstand redaktionell zusammen; eine nicht belegte Kartenposition wird nicht ergänzt.","hasMore":true,"hasExcerpt":true,"sources":[{"bookId":"sr4-seattle-2072","title":"Seattle 2072","edition":"SR4","citation":"Textzeile 8114","purpose":"description"}]}}}},{"type":"Feature","geometry":null,"properties":{"id":4222,"global_id":"seattle:source-place:sixth-avenue-madison-street","name":"Sixth Avenue & Madison Street","aliases":[],"category":"Sonstige Spots","detail_map":"Seattle","source_pages":"Textzeile 6447","map_source":"Seattle 2072","placement_note":"Keine belastbare Einzelposition; Eintrag bleibt im Katalog","accuracy":"Nur Stadt oder Lore-Teilraum belegt","source_map":"source-supplement","source_panel":"Seattle","description_preview":"Sixth Avenue & Madison Street ist in Seattle 2072 als benannter Schauplatz mit Bezug zu Seattle belegt.","description_full":"Sixth Avenue & Madison Street ist in Seattle 2072 als benannter Schauplatz mit Bezug zu Seattle belegt. Das Dossier fasst den belegten Quellenstand redaktionell zusammen; eine nicht belegte Kartenposition wird nicht ergänzt.","description_source":"Textzeile 6447","description_kind":"Ortsdossier","description_has_more":true,"detail_plans":[],"alternate_locations":[],"sources":[{"bookId":"sr4-seattle-2072","title":"Seattle 2072","edition":"SR4","citation":"Textzeile 6447","purpose":"description"}],"map_sources":[],"editions":["SR4"],"edition_descriptions":{"SR4":{"kind":"Ortsdossier","preview":"Sixth Avenue & Madison Street ist in Seattle 2072 als benannter Schauplatz mit Bezug zu Seattle belegt.","full":"Sixth Avenue & Madison Street ist in Seattle 2072 als benannter Schauplatz mit Bezug zu Seattle belegt. Das Dossier fasst den belegten Quellenstand redaktionell zusammen; eine nicht belegte Kartenposition wird nicht ergänzt.","hasMore":true,"hasExcerpt":true,"sources":[{"bookId":"sr4-seattle-2072","title":"Seattle 2072","edition":"SR4","citation":"Textzeile 6447","purpose":"description"}]}}}},{"type":"Feature","geometry":null,"properties":{"id":4223,"global_id":"seattle:source-place:sixth-avenue-north-cedar-street","name":"Sixth Avenue & North Cedar Street","aliases":[],"category":"Sonstige Spots","detail_map":"Seattle","source_pages":"Textzeile 7610","map_source":"Seattle 2072","placement_note":"Keine belastbare Einzelposition; Eintrag bleibt im Katalog","accuracy":"Nur Stadt oder Lore-Teilraum belegt","source_map":"source-supplement","source_panel":"Seattle","description_preview":"Sixth Avenue & North Cedar Street ist in Seattle 2072 als benannter Schauplatz mit Bezug zu Seattle belegt.","description_full":"Sixth Avenue & North Cedar Street ist in Seattle 2072 als benannter Schauplatz mit Bezug zu Seattle belegt. Das Dossier fasst den belegten Quellenstand redaktionell zusammen; eine nicht belegte Kartenposition wird nicht ergänzt.","description_source":"Textzeile 7610","description_kind":"Ortsdossier","description_has_more":true,"detail_plans":[],"alternate_locations":[],"sources":[{"bookId":"sr4-seattle-2072","title":"Seattle 2072","edition":"SR4","citation":"Textzeile 7610","purpose":"description"}],"map_sources":[],"editions":["SR4"],"edition_descriptions":{"SR4":{"kind":"Ortsdossier","preview":"Sixth Avenue & North Cedar Street ist in Seattle 2072 als benannter Schauplatz mit Bezug zu Seattle belegt.","full":"Sixth Avenue & North Cedar Street ist in Seattle 2072 als benannter Schauplatz mit Bezug zu Seattle belegt. Das Dossier fasst den belegten Quellenstand redaktionell zusammen; eine nicht belegte Kartenposition wird nicht ergänzt.","hasMore":true,"hasExcerpt":true,"sources":[{"bookId":"sr4-seattle-2072","title":"Seattle 2072","edition":"SR4","citation":"Textzeile 7610","purpose":"description"}]}}}},{"type":"Feature","geometry":null,"properties":{"id":4224,"global_id":"seattle:source-place:sixth-avenue-pike-street","name":"Sixth Avenue & Pike Street","aliases":[],"category":"Sonstige Spots","detail_map":"Seattle","source_pages":"Textzeile 5573","map_source":"Seattle 2072","placement_note":"Keine belastbare Einzelposition; Eintrag bleibt im Katalog","accuracy":"Nur Stadt oder Lore-Teilraum belegt","source_map":"source-supplement","source_panel":"Seattle","description_preview":"Sixth Avenue & Pike Street ist in Seattle 2072 als benannter Schauplatz mit Bezug zu Seattle belegt.","description_full":"Sixth Avenue & Pike Street ist in Seattle 2072 als benannter Schauplatz mit Bezug zu Seattle belegt. Das Dossier fasst den belegten Quellenstand redaktionell zusammen; eine nicht belegte Kartenposition wird nicht ergänzt.","description_source":"Textzeile 5573","description_kind":"Ortsdossier","description_has_more":true,"detail_plans":[],"alternate_locations":[],"sources":[{"bookId":"sr4-seattle-2072","title":"Seattle 2072","edition":"SR4","citation":"Textzeile 5573","purpose":"description"}],"map_sources":[],"editions":["SR4"],"edition_descriptions":{"SR4":{"kind":"Ortsdossier","preview":"Sixth Avenue & Pike Street ist in Seattle 2072 als benannter Schauplatz mit Bezug zu Seattle belegt.","full":"Sixth Avenue & Pike Street ist in Seattle 2072 als benannter Schauplatz mit Bezug zu Seattle belegt. Das Dossier fasst den belegten Quellenstand redaktionell zusammen; eine nicht belegte Kartenposition wird nicht ergänzt.","hasMore":true,"hasExcerpt":true,"sources":[{"bookId":"sr4-seattle-2072","title":"Seattle 2072","edition":"SR4","citation":"Textzeile 5573","purpose":"description"}]}}}},{"type":"Feature","geometry":null,"properties":{"id":4225,"global_id":"seattle:source-place:sixth-avenue-spring-street","name":"Sixth Avenue & Spring Street","aliases":[],"category":"Sonstige Spots","detail_map":"Seattle","source_pages":"Textzeile 5802","map_source":"Seattle 2072","placement_note":"Keine belastbare Einzelposition; Eintrag bleibt im Katalog","accuracy":"Nur Stadt oder Lore-Teilraum belegt","source_map":"source-supplement","source_panel":"Seattle","description_preview":"Sixth Avenue & Spring Street ist in Seattle 2072 als benannter Schauplatz mit Bezug zu Seattle belegt.","description_full":"Sixth Avenue & Spring Street ist in Seattle 2072 als benannter Schauplatz mit Bezug zu Seattle belegt. Das Dossier fasst den belegten Quellenstand redaktionell zusammen; eine nicht belegte Kartenposition wird nicht ergänzt.","description_source":"Textzeile 5802","description_kind":"Ortsdossier","description_has_more":true,"detail_plans":[],"alternate_locations":[],"sources":[{"bookId":"sr4-seattle-2072","title":"Seattle 2072","edition":"SR4","citation":"Textzeile 5802","purpose":"description"}],"map_sources":[],"editions":["SR4"],"edition_descriptions":{"SR4":{"kind":"Ortsdossier","preview":"Sixth Avenue & Spring Street ist in Seattle 2072 als benannter Schauplatz mit Bezug zu Seattle belegt.","full":"Sixth Avenue & Spring Street ist in Seattle 2072 als benannter Schauplatz mit Bezug zu Seattle belegt. Das Dossier fasst den belegten Quellenstand redaktionell zusammen; eine nicht belegte Kartenposition wird nicht ergänzt.","hasMore":true,"hasExcerpt":true,"sources":[{"bookId":"sr4-seattle-2072","title":"Seattle 2072","edition":"SR4","citation":"Textzeile 5802","purpose":"description"}]}}}},{"type":"Feature","geometry":null,"properties":{"id":4226,"global_id":"seattle:source-place:sixth-avenue-university-street","name":"Sixth Avenue & University Street","aliases":[],"category":"Sonstige Spots","detail_map":"Seattle","source_pages":"Textzeile 6333","map_source":"Seattle 2072","placement_note":"Keine belastbare Einzelposition; Eintrag bleibt im Katalog","accuracy":"Nur Stadt oder Lore-Teilraum belegt","source_map":"source-supplement","source_panel":"Seattle","description_preview":"Sixth Avenue & University Street ist in Seattle 2072 als benannter Schauplatz mit Bezug zu Seattle belegt.","description_full":"Sixth Avenue & University Street ist in Seattle 2072 als benannter Schauplatz mit Bezug zu Seattle belegt. Das Dossier fasst den belegten Quellenstand redaktionell zusammen; eine nicht belegte Kartenposition wird nicht ergänzt.","description_source":"Textzeile 6333","description_kind":"Ortsdossier","description_has_more":true,"detail_plans":[],"alternate_locations":[],"sources":[{"bookId":"sr4-seattle-2072","title":"Seattle 2072","edition":"SR4","citation":"Textzeile 6333","purpose":"description"}],"map_sources":[],"editions":["SR4"],"edition_descriptions":{"SR4":{"kind":"Ortsdossier","preview":"Sixth Avenue & University Street ist in Seattle 2072 als benannter Schauplatz mit Bezug zu Seattle belegt.","full":"Sixth Avenue & University Street ist in Seattle 2072 als benannter Schauplatz mit Bezug zu Seattle belegt. Das Dossier fasst den belegten Quellenstand redaktionell zusammen; eine nicht belegte Kartenposition wird nicht ergänzt.","hasMore":true,"hasExcerpt":true,"sources":[{"bookId":"sr4-seattle-2072","title":"Seattle 2072","edition":"SR4","citation":"Textzeile 6333","purpose":"description"}]}}}},{"type":"Feature","geometry":null,"properties":{"id":4227,"global_id":"seattle:source-place:sixth-avenue-south-j-street","name":"Sixth Avenue South & J Street","aliases":[],"category":"Sonstige Spots","detail_map":"Seattle","source_pages":"Textzeile 8095","map_source":"Seattle 2072","placement_note":"Keine belastbare Einzelposition; Eintrag bleibt im Katalog","accuracy":"Nur Stadt oder Lore-Teilraum belegt","source_map":"source-supplement","source_panel":"Seattle","description_preview":"Sixth Avenue South & J Street ist in Seattle 2072 als benannter Schauplatz mit Bezug zu Seattle belegt.","description_full":"Sixth Avenue South & J Street ist in Seattle 2072 als benannter Schauplatz mit Bezug zu Seattle belegt. Das Dossier fasst den belegten Quellenstand redaktionell zusammen; eine nicht belegte Kartenposition wird nicht ergänzt.","description_source":"Textzeile 8095","description_kind":"Ortsdossier","description_has_more":true,"detail_plans":[],"alternate_locations":[],"sources":[{"bookId":"sr4-seattle-2072","title":"Seattle 2072","edition":"SR4","citation":"Textzeile 8095","purpose":"description"}],"map_sources":[],"editions":["SR4"],"edition_descriptions":{"SR4":{"kind":"Ortsdossier","preview":"Sixth Avenue South & J Street ist in Seattle 2072 als benannter Schauplatz mit Bezug zu Seattle belegt.","full":"Sixth Avenue South & J Street ist in Seattle 2072 als benannter Schauplatz mit Bezug zu Seattle belegt. Das Dossier fasst den belegten Quellenstand redaktionell zusammen; eine nicht belegte Kartenposition wird nicht ergänzt.","hasMore":true,"hasExcerpt":true,"sources":[{"bookId":"sr4-seattle-2072","title":"Seattle 2072","edition":"SR4","citation":"Textzeile 8095","purpose":"description"}]}}}},{"type":"Feature","geometry":null,"properties":{"id":4228,"global_id":"seattle:source-place:smokers-club","name":"Smoker’s Club","aliases":[],"category":"Bars, Clubs und Gastronomie","detail_map":"Seattle","source_pages":"Textzeile 2208","map_source":"10 Jackpointers","placement_note":"Keine belastbare Einzelposition; Eintrag bleibt im Katalog","accuracy":"Nur Stadt oder Lore-Teilraum belegt","source_map":"source-supplement","source_panel":"Seattle","description_preview":"Smoker’s Club ist in 10 Jackpointers als benannter Schauplatz mit Bezug zu Seattle belegt.","description_full":"Smoker’s Club ist in 10 Jackpointers als benannter Schauplatz mit Bezug zu Seattle belegt. Das Dossier fasst den belegten Quellenstand redaktionell zusammen; eine nicht belegte Kartenposition wird nicht ergänzt.","description_source":"Textzeile 2208","description_kind":"Ortsdossier","description_has_more":true,"detail_plans":[],"alternate_locations":[],"sources":[{"bookId":"sr4-10-jackpointers","title":"10 Jackpointers","edition":"SR4","citation":"Textzeile 2208","purpose":"description"}],"map_sources":[],"editions":["SR4"],"edition_descriptions":{"SR4":{"kind":"Ortsdossier","preview":"Smoker’s Club ist in 10 Jackpointers als benannter Schauplatz mit Bezug zu Seattle belegt.","full":"Smoker’s Club ist in 10 Jackpointers als benannter Schauplatz mit Bezug zu Seattle belegt. Das Dossier fasst den belegten Quellenstand redaktionell zusammen; eine nicht belegte Kartenposition wird nicht ergänzt.","hasMore":true,"hasExcerpt":true,"sources":[{"bookId":"sr4-10-jackpointers","title":"10 Jackpointers","edition":"SR4","citation":"Textzeile 2208","purpose":"description"}]}}}},{"type":"Feature","geometry":null,"properties":{"id":4229,"global_id":"seattle:source-place:snohomish-district-couthouse","name":"Snohomish District Couthouse","aliases":[],"category":"Bezirke und Lore-Gebiete","detail_map":"Seattle","source_pages":"PDF-Seite 130","map_source":"New Seattle","placement_note":"Keine belastbare Einzelposition; Eintrag bleibt im Katalog","accuracy":"Nur Stadt oder Lore-Teilraum belegt","source_map":"source-supplement","source_panel":"Seattle","description_preview":"Snohomish District Couthouse ist in New Seattle als benannter Schauplatz mit Bezug zu Seattle belegt.","description_full":"Snohomish District Couthouse ist in New Seattle als benannter Schauplatz mit Bezug zu Seattle belegt. Das Dossier fasst den belegten Quellenstand redaktionell zusammen; eine nicht belegte Kartenposition wird nicht ergänzt.","description_source":"PDF-Seite 130","description_kind":"Ortsdossier","description_has_more":true,"detail_plans":[],"alternate_locations":[],"sources":[{"bookId":"sr3-new-seattle","title":"New Seattle","edition":"SR3","citation":"PDF-Seite 130","purpose":"description"}],"map_sources":[],"editions":["SR3"],"edition_descriptions":{"SR3":{"kind":"Ortsdossier","preview":"Snohomish District Couthouse ist in New Seattle als benannter Schauplatz mit Bezug zu Seattle belegt.","full":"Snohomish District Couthouse ist in New Seattle als benannter Schauplatz mit Bezug zu Seattle belegt. Das Dossier fasst den belegten Quellenstand redaktionell zusammen; eine nicht belegte Kartenposition wird nicht ergänzt.","hasMore":true,"hasExcerpt":true,"sources":[{"bookId":"sr3-new-seattle","title":"New Seattle","edition":"SR3","citation":"PDF-Seite 130","purpose":"description"}]}}}},{"type":"Feature","geometry":null,"properties":{"id":4230,"global_id":"seattle:source-place:south-dearborn-street-and-maynard-ave","name":"South Dearborn Street and Maynard Ave","aliases":["South Dearborn Street/Maynard Avenue"],"category":"Sonstige Spots","detail_map":"Seattle","source_pages":"PDF-Seite 122","map_source":"New Seattle","placement_note":"Keine belastbare Einzelposition; Eintrag bleibt im Katalog","accuracy":"Nur Stadt oder Lore-Teilraum belegt","source_map":"source-supplement","source_panel":"Seattle","description_preview":"South Dearborn Street and Maynard Ave ist in New Seattle als benannter Schauplatz mit Bezug zu Seattle belegt.","description_full":"South Dearborn Street and Maynard Ave ist in New Seattle als benannter Schauplatz mit Bezug zu Seattle belegt. Das Dossier fasst den belegten Quellenstand redaktionell zusammen; eine nicht belegte Kartenposition wird nicht ergänzt.","description_source":"PDF-Seite 122","description_kind":"Ortsdossier","description_has_more":true,"detail_plans":[],"alternate_locations":[],"sources":[{"bookId":"sr3-new-seattle","title":"New Seattle","edition":"SR3","citation":"PDF-Seite 122","purpose":"description"}],"map_sources":[],"editions":["SR3"],"edition_descriptions":{"SR3":{"kind":"Ortsdossier","preview":"South Dearborn Street and Maynard Ave ist in New Seattle als benannter Schauplatz mit Bezug zu Seattle belegt.","full":"South Dearborn Street and Maynard Ave ist in New Seattle als benannter Schauplatz mit Bezug zu Seattle belegt. Das Dossier fasst den belegten Quellenstand redaktionell zusammen; eine nicht belegte Kartenposition wird nicht ergänzt.","hasMore":true,"hasExcerpt":true,"sources":[{"bookId":"sr3-new-seattle","title":"New Seattle","edition":"SR3","citation":"PDF-Seite 122","purpose":"description"}]}}}},{"type":"Feature","geometry":null,"properties":{"id":4231,"global_id":"seattle:source-place:south-jackson-street-and-broadway","name":"South Jackson Street and Broadway","aliases":["South Jackson Street/Broadway"],"category":"Sonstige Spots","detail_map":"Seattle","source_pages":"PDF-Seite 121","map_source":"New Seattle","placement_note":"Keine belastbare Einzelposition; Eintrag bleibt im Katalog","accuracy":"Nur Stadt oder Lore-Teilraum belegt","source_map":"source-supplement","source_panel":"Seattle","description_preview":"South Jackson Street and Broadway ist in New Seattle als benannter Schauplatz mit Bezug zu Seattle belegt.","description_full":"South Jackson Street and Broadway ist in New Seattle als benannter Schauplatz mit Bezug zu Seattle belegt. Das Dossier fasst den belegten Quellenstand redaktionell zusammen; eine nicht belegte Kartenposition wird nicht ergänzt.","description_source":"PDF-Seite 121","description_kind":"Ortsdossier","description_has_more":true,"detail_plans":[],"alternate_locations":[],"sources":[{"bookId":"sr3-new-seattle","title":"New Seattle","edition":"SR3","citation":"PDF-Seite 121","purpose":"description"},{"bookId":"sr1-seattle-sourcebook","title":"Seattle Sourcebook","edition":"SR1","citation":"PDF-Seite 29","purpose":"description"},{"bookId":"sr4-seattle-2072","title":"Seattle 2072","edition":"SR4","citation":"Textzeile 4599","purpose":"description"}],"map_sources":[],"editions":["SR1","SR3","SR4"],"edition_descriptions":{"SR1":{"kind":"Ortsdossier","preview":"South Jackson Street and Broadway ist in Seattle Sourcebook als benannter Schauplatz mit Bezug zu Seattle belegt.","full":"South Jackson Street and Broadway ist in Seattle Sourcebook als benannter Schauplatz mit Bezug zu Seattle belegt. Das Dossier fasst den belegten Quellenstand redaktionell zusammen; eine nicht belegte Kartenposition wird nicht ergänzt.","hasMore":true,"hasExcerpt":true,"sources":[{"bookId":"sr1-seattle-sourcebook","title":"Seattle Sourcebook","edition":"SR1","citation":"PDF-Seite 29","purpose":"description"}]},"SR3":{"kind":"Ortsdossier","preview":"South Jackson Street and Broadway ist in New Seattle als benannter Schauplatz mit Bezug zu Seattle belegt.","full":"South Jackson Street and Broadway ist in New Seattle als benannter Schauplatz mit Bezug zu Seattle belegt. Das Dossier fasst den belegten Quellenstand redaktionell zusammen; eine nicht belegte Kartenposition wird nicht ergänzt.","hasMore":true,"hasExcerpt":true,"sources":[{"bookId":"sr3-new-seattle","title":"New Seattle","edition":"SR3","citation":"PDF-Seite 121","purpose":"description"}]},"SR4":{"kind":"Ortsdossier","preview":"South Jackson Street and Broadway ist in Seattle 2072 als benannter Schauplatz mit Bezug zu Seattle belegt.","full":"South Jackson Street and Broadway ist in Seattle 2072 als benannter Schauplatz mit Bezug zu Seattle belegt. Das Dossier fasst den belegten Quellenstand redaktionell zusammen; eine nicht belegte Kartenposition wird nicht ergänzt.","hasMore":true,"hasExcerpt":true,"sources":[{"bookId":"sr4-seattle-2072","title":"Seattle 2072","edition":"SR4","citation":"Textzeile 4599","purpose":"description"}]}}}},{"type":"Feature","geometry":null,"properties":{"id":4232,"global_id":"seattle:source-place:south-twenty-fifth-street-jefferson-avenue","name":"South Twenty-fifth Street & Jefferson Avenue","aliases":[],"category":"Sonstige Spots","detail_map":"Seattle","source_pages":"Textzeile 8238","map_source":"Seattle 2072","placement_note":"Keine belastbare Einzelposition; Eintrag bleibt im Katalog","accuracy":"Nur Stadt oder Lore-Teilraum belegt","source_map":"source-supplement","source_panel":"Seattle","description_preview":"South Twenty-fifth Street & Jefferson Avenue ist in Seattle 2072 als benannter Schauplatz mit Bezug zu Seattle belegt.","description_full":"South Twenty-fifth Street & Jefferson Avenue ist in Seattle 2072 als benannter Schauplatz mit Bezug zu Seattle belegt. Das Dossier fasst den belegten Quellenstand redaktionell zusammen; eine nicht belegte Kartenposition wird nicht ergänzt.","description_source":"Textzeile 8238","description_kind":"Ortsdossier","description_has_more":true,"detail_plans":[],"alternate_locations":[],"sources":[{"bookId":"sr4-seattle-2072","title":"Seattle 2072","edition":"SR4","citation":"Textzeile 8238","purpose":"description"}],"map_sources":[],"editions":["SR4"],"edition_descriptions":{"SR4":{"kind":"Ortsdossier","preview":"South Twenty-fifth Street & Jefferson Avenue ist in Seattle 2072 als benannter Schauplatz mit Bezug zu Seattle belegt.","full":"South Twenty-fifth Street & Jefferson Avenue ist in Seattle 2072 als benannter Schauplatz mit Bezug zu Seattle belegt. Das Dossier fasst den belegten Quellenstand redaktionell zusammen; eine nicht belegte Kartenposition wird nicht ergänzt.","hasMore":true,"hasExcerpt":true,"sources":[{"bookId":"sr4-seattle-2072","title":"Seattle 2072","edition":"SR4","citation":"Textzeile 8238","purpose":"description"}]}}}},{"type":"Feature","geometry":null,"properties":{"id":4233,"global_id":"seattle:source-place:spring-street-fifth-avenue","name":"Spring Street & Fifth Avenue","aliases":[],"category":"Sonstige Spots","detail_map":"Seattle","source_pages":"Textzeile 5814","map_source":"Seattle 2072","placement_note":"Keine belastbare Einzelposition; Eintrag bleibt im Katalog","accuracy":"Nur Stadt oder Lore-Teilraum belegt","source_map":"source-supplement","source_panel":"Seattle","description_preview":"Spring Street & Fifth Avenue ist in Seattle 2072 als benannter Schauplatz mit Bezug zu Seattle belegt.","description_full":"Spring Street & Fifth Avenue ist in Seattle 2072 als benannter Schauplatz mit Bezug zu Seattle belegt. Das Dossier fasst den belegten Quellenstand redaktionell zusammen; eine nicht belegte Kartenposition wird nicht ergänzt.","description_source":"Textzeile 5814","description_kind":"Ortsdossier","description_has_more":true,"detail_plans":[],"alternate_locations":[],"sources":[{"bookId":"sr4-seattle-2072","title":"Seattle 2072","edition":"SR4","citation":"Textzeile 5814","purpose":"description"}],"map_sources":[],"editions":["SR4"],"edition_descriptions":{"SR4":{"kind":"Ortsdossier","preview":"Spring Street & Fifth Avenue ist in Seattle 2072 als benannter Schauplatz mit Bezug zu Seattle belegt.","full":"Spring Street & Fifth Avenue ist in Seattle 2072 als benannter Schauplatz mit Bezug zu Seattle belegt. Das Dossier fasst den belegten Quellenstand redaktionell zusammen; eine nicht belegte Kartenposition wird nicht ergänzt.","hasMore":true,"hasExcerpt":true,"sources":[{"bookId":"sr4-seattle-2072","title":"Seattle 2072","edition":"SR4","citation":"Textzeile 5814","purpose":"description"}]}}}},{"type":"Feature","geometry":null,"properties":{"id":4234,"global_id":"seattle:source-place:standard-coffin-hotel","name":"Standard Coffin Hotel","aliases":[],"category":"Sonstige Spots","detail_map":"Seattle","source_pages":"PDF-Seite 60","map_source":"The Neo-Anarchists' Guide to Real Life","placement_note":"Keine belastbare Einzelposition; Eintrag bleibt im Katalog","accuracy":"Nur Stadt oder Lore-Teilraum belegt","source_map":"source-supplement","source_panel":"Seattle","description_preview":"Standard Coffin Hotel ist in The Neo-Anarchists' Guide to Real Life als benannter Schauplatz mit Bezug zu Seattle belegt.","description_full":"Standard Coffin Hotel ist in The Neo-Anarchists' Guide to Real Life als benannter Schauplatz mit Bezug zu Seattle belegt. Das Dossier fasst den belegten Quellenstand redaktionell zusammen; eine nicht belegte Kartenposition wird nicht ergänzt.","description_source":"PDF-Seite 60","description_kind":"Ortsdossier","description_has_more":true,"detail_plans":[],"alternate_locations":[],"sources":[{"bookId":"sr2-the-neo-anarchists-guide-to-real-life","title":"The Neo-Anarchists' Guide to Real Life","edition":"SR2","citation":"PDF-Seite 60","purpose":"description"}],"map_sources":[],"editions":["SR2"],"edition_descriptions":{"SR2":{"kind":"Ortsdossier","preview":"Standard Coffin Hotel ist in The Neo-Anarchists' Guide to Real Life als benannter Schauplatz mit Bezug zu Seattle belegt.","full":"Standard Coffin Hotel ist in The Neo-Anarchists' Guide to Real Life als benannter Schauplatz mit Bezug zu Seattle belegt. Das Dossier fasst den belegten Quellenstand redaktionell zusammen; eine nicht belegte Kartenposition wird nicht ergänzt.","hasMore":true,"hasExcerpt":true,"sources":[{"bookId":"sr2-the-neo-anarchists-guide-to-real-life","title":"The Neo-Anarchists' Guide to Real Life","edition":"SR2","citation":"PDF-Seite 60","purpose":"description"}]}}}},{"type":"Feature","geometry":null,"properties":{"id":4235,"global_id":"seattle:source-place:strae-sw-everett","name":"Straße SW, Everett","aliases":[],"category":"Sonstige Spots","detail_map":"Seattle","source_pages":"PDF-Seite 21","map_source":"New Seattle","placement_note":"Keine belastbare Einzelposition; Eintrag bleibt im Katalog","accuracy":"Nur Stadt oder Lore-Teilraum belegt","source_map":"source-supplement","source_panel":"Seattle","description_preview":"Straße SW, Everett ist in New Seattle als benannter Schauplatz mit Bezug zu Seattle belegt.","description_full":"Straße SW, Everett ist in New Seattle als benannter Schauplatz mit Bezug zu Seattle belegt. Das Dossier fasst den belegten Quellenstand redaktionell zusammen; eine nicht belegte Kartenposition wird nicht ergänzt.","description_source":"PDF-Seite 21","description_kind":"Ortsdossier","description_has_more":true,"detail_plans":[],"alternate_locations":[],"sources":[{"bookId":"sr3-new-seattle","title":"New Seattle","edition":"SR3","citation":"PDF-Seite 21","purpose":"description"}],"map_sources":[],"editions":["SR3"],"edition_descriptions":{"SR3":{"kind":"Ortsdossier","preview":"Straße SW, Everett ist in New Seattle als benannter Schauplatz mit Bezug zu Seattle belegt.","full":"Straße SW, Everett ist in New Seattle als benannter Schauplatz mit Bezug zu Seattle belegt. Das Dossier fasst den belegten Quellenstand redaktionell zusammen; eine nicht belegte Kartenposition wird nicht ergänzt.","hasMore":true,"hasExcerpt":true,"sources":[{"bookId":"sr3-new-seattle","title":"New Seattle","edition":"SR3","citation":"PDF-Seite 21","purpose":"description"}]}}}},{"type":"Feature","geometry":null,"properties":{"id":4236,"global_id":"seattle:source-place:street-downtown","name":"Street, Downtown","aliases":[],"category":"Sonstige Spots","detail_map":"Seattle","source_pages":"Textzeile 17195","map_source":"Seattle 2072","placement_note":"Keine belastbare Einzelposition; Eintrag bleibt im Katalog","accuracy":"Nur Stadt oder Lore-Teilraum belegt","source_map":"source-supplement","source_panel":"Seattle","description_preview":"Street, Downtown ist in Seattle 2072 als benannter Schauplatz mit Bezug zu Seattle belegt.","description_full":"Street, Downtown ist in Seattle 2072 als benannter Schauplatz mit Bezug zu Seattle belegt. Das Dossier fasst den belegten Quellenstand redaktionell zusammen; eine nicht belegte Kartenposition wird nicht ergänzt.","description_source":"Textzeile 17195","description_kind":"Ortsdossier","description_has_more":true,"detail_plans":[],"alternate_locations":[],"sources":[{"bookId":"sr4-seattle-2072","title":"Seattle 2072","edition":"SR4","citation":"Textzeile 17195","purpose":"description"}],"map_sources":[],"editions":["SR4"],"edition_descriptions":{"SR4":{"kind":"Ortsdossier","preview":"Street, Downtown ist in Seattle 2072 als benannter Schauplatz mit Bezug zu Seattle belegt.","full":"Street, Downtown ist in Seattle 2072 als benannter Schauplatz mit Bezug zu Seattle belegt. Das Dossier fasst den belegten Quellenstand redaktionell zusammen; eine nicht belegte Kartenposition wird nicht ergänzt.","hasMore":true,"hasExcerpt":true,"sources":[{"bookId":"sr4-seattle-2072","title":"Seattle 2072","edition":"SR4","citation":"Textzeile 17195","purpose":"description"}]}}}},{"type":"Feature","geometry":null,"properties":{"id":4237,"global_id":"seattle:source-place:tacoma-avenue-south-thirty-seventh-street","name":"Tacoma Avenue & South Thirty-seventh Street","aliases":[],"category":"Sonstige Spots","detail_map":"Seattle","source_pages":"Textzeile 8004","map_source":"Seattle 2072","placement_note":"Keine belastbare Einzelposition; Eintrag bleibt im Katalog","accuracy":"Nur Stadt oder Lore-Teilraum belegt","source_map":"source-supplement","source_panel":"Seattle","description_preview":"Tacoma Avenue & South Thirty-seventh Street ist in Seattle 2072 als benannter Schauplatz mit Bezug zu Seattle belegt.","description_full":"Tacoma Avenue & South Thirty-seventh Street ist in Seattle 2072 als benannter Schauplatz mit Bezug zu Seattle belegt. Das Dossier fasst den belegten Quellenstand redaktionell zusammen; eine nicht belegte Kartenposition wird nicht ergänzt.","description_source":"Textzeile 8004","description_kind":"Ortsdossier","description_has_more":true,"detail_plans":[],"alternate_locations":[],"sources":[{"bookId":"sr4-seattle-2072","title":"Seattle 2072","edition":"SR4","citation":"Textzeile 8004","purpose":"description"}],"map_sources":[],"editions":["SR4"],"edition_descriptions":{"SR4":{"kind":"Ortsdossier","preview":"Tacoma Avenue & South Thirty-seventh Street ist in Seattle 2072 als benannter Schauplatz mit Bezug zu Seattle belegt.","full":"Tacoma Avenue & South Thirty-seventh Street ist in Seattle 2072 als benannter Schauplatz mit Bezug zu Seattle belegt. Das Dossier fasst den belegten Quellenstand redaktionell zusammen; eine nicht belegte Kartenposition wird nicht ergänzt.","hasMore":true,"hasExcerpt":true,"sources":[{"bookId":"sr4-seattle-2072","title":"Seattle 2072","edition":"SR4","citation":"Textzeile 8004","purpose":"description"}]}}}},{"type":"Feature","geometry":null,"properties":{"id":4238,"global_id":"seattle:source-place:tapps-island","name":"Tapps Island","aliases":[],"category":"Sonstige Spots","detail_map":"Seattle","source_pages":"PDF-Seite 128","map_source":"New Seattle","placement_note":"Keine belastbare Einzelposition; Eintrag bleibt im Katalog","accuracy":"Nur Stadt oder Lore-Teilraum belegt","source_map":"source-supplement","source_panel":"Seattle","description_preview":"Tapps Island ist in New Seattle als benannter Schauplatz mit Bezug zu Seattle belegt.","description_full":"Tapps Island ist in New Seattle als benannter Schauplatz mit Bezug zu Seattle belegt. Das Dossier fasst den belegten Quellenstand redaktionell zusammen; eine nicht belegte Kartenposition wird nicht ergänzt.","description_source":"PDF-Seite 128","description_kind":"Ortsdossier","description_has_more":true,"detail_plans":[],"alternate_locations":[],"sources":[{"bookId":"sr3-new-seattle","title":"New Seattle","edition":"SR3","citation":"PDF-Seite 128","purpose":"description"}],"map_sources":[],"editions":["SR3"],"edition_descriptions":{"SR3":{"kind":"Ortsdossier","preview":"Tapps Island ist in New Seattle als benannter Schauplatz mit Bezug zu Seattle belegt.","full":"Tapps Island ist in New Seattle als benannter Schauplatz mit Bezug zu Seattle belegt. Das Dossier fasst den belegten Quellenstand redaktionell zusammen; eine nicht belegte Kartenposition wird nicht ergänzt.","hasMore":true,"hasExcerpt":true,"sources":[{"bookId":"sr3-new-seattle","title":"New Seattle","edition":"SR3","citation":"PDF-Seite 128","purpose":"description"}]}}}},{"type":"Feature","geometry":null,"properties":{"id":4239,"global_id":"seattle:source-place:the-kethers-building","name":"The Kethers Building","aliases":[],"category":"Sonstige Spots","detail_map":"Seattle","source_pages":"Textzeile 187","map_source":"SRM01-02B - Strings Attached","placement_note":"Keine belastbare Einzelposition; Eintrag bleibt im Katalog","accuracy":"Nur Stadt oder Lore-Teilraum belegt","source_map":"source-supplement","source_panel":"Seattle","description_preview":"The Kethers Building ist in SRM01-02B - Strings Attached als benannter Schauplatz mit Bezug zu Seattle belegt.","description_full":"The Kethers Building ist in SRM01-02B - Strings Attached als benannter Schauplatz mit Bezug zu Seattle belegt. Das Dossier fasst den belegten Quellenstand redaktionell zusammen; eine nicht belegte Kartenposition wird nicht ergänzt.","description_source":"Textzeile 187","description_kind":"Ortsdossier","description_has_more":true,"detail_plans":[],"alternate_locations":[],"sources":[{"bookId":"sr3-srm01-02b-strings-attached","title":"SRM01-02B - Strings Attached","edition":"SR3","citation":"Textzeile 187","purpose":"description"}],"map_sources":[],"editions":["SR3"],"edition_descriptions":{"SR3":{"kind":"Ortsdossier","preview":"The Kethers Building ist in SRM01-02B - Strings Attached als benannter Schauplatz mit Bezug zu Seattle belegt.","full":"The Kethers Building ist in SRM01-02B - Strings Attached als benannter Schauplatz mit Bezug zu Seattle belegt. Das Dossier fasst den belegten Quellenstand redaktionell zusammen; eine nicht belegte Kartenposition wird nicht ergänzt.","hasMore":true,"hasExcerpt":true,"sources":[{"bookId":"sr3-srm01-02b-strings-attached","title":"SRM01-02B - Strings Attached","edition":"SR3","citation":"Textzeile 187","purpose":"description"}]}}}},{"type":"Feature","geometry":null,"properties":{"id":4240,"global_id":"seattle:source-place:the-knighthawk-building","name":"The Knighthawk Building","aliases":[],"category":"Sonstige Spots","detail_map":"Seattle","source_pages":"Textzeile 988","map_source":"Lethal Forces","placement_note":"Keine belastbare Einzelposition; Eintrag bleibt im Katalog","accuracy":"Nur Stadt oder Lore-Teilraum belegt","source_map":"source-supplement","source_panel":"Seattle","description_preview":"The Knighthawk Building ist in Lethal Forces als benannter Schauplatz mit Bezug zu Seattle belegt.","description_full":"The Knighthawk Building ist in Lethal Forces als benannter Schauplatz mit Bezug zu Seattle belegt. Das Dossier fasst den belegten Quellenstand redaktionell zusammen; eine nicht belegte Kartenposition wird nicht ergänzt.","description_source":"Textzeile 988","description_kind":"Ortsdossier","description_has_more":true,"detail_plans":[],"alternate_locations":[],"sources":[{"bookId":"sr5-lethal-forces","title":"Lethal Forces","edition":"SR5","citation":"Textzeile 988","purpose":"description"}],"map_sources":[],"editions":["SR5"],"edition_descriptions":{"SR5":{"kind":"Ortsdossier","preview":"The Knighthawk Building ist in Lethal Forces als benannter Schauplatz mit Bezug zu Seattle belegt.","full":"The Knighthawk Building ist in Lethal Forces als benannter Schauplatz mit Bezug zu Seattle belegt. Das Dossier fasst den belegten Quellenstand redaktionell zusammen; eine nicht belegte Kartenposition wird nicht ergänzt.","hasMore":true,"hasExcerpt":true,"sources":[{"bookId":"sr5-lethal-forces","title":"Lethal Forces","edition":"SR5","citation":"Textzeile 988","purpose":"description"}]}}}},{"type":"Feature","geometry":null,"properties":{"id":4241,"global_id":"seattle:source-place:the-shadow-market","name":"The Shadow Market","aliases":[],"category":"Sonstige Spots","detail_map":"Seattle","source_pages":"Textzeile 19764","map_source":"Seattle 2072","placement_note":"Keine belastbare Einzelposition; Eintrag bleibt im Katalog","accuracy":"Nur Stadt oder Lore-Teilraum belegt","source_map":"source-supplement","source_panel":"Seattle","description_preview":"The Shadow Market ist in Seattle 2072 als benannter Schauplatz mit Bezug zu Seattle belegt.","description_full":"The Shadow Market ist in Seattle 2072 als benannter Schauplatz mit Bezug zu Seattle belegt. Das Dossier fasst den belegten Quellenstand redaktionell zusammen; eine nicht belegte Kartenposition wird nicht ergänzt.","description_source":"Textzeile 19764","description_kind":"Ortsdossier","description_has_more":true,"detail_plans":[],"alternate_locations":[],"sources":[{"bookId":"sr4-seattle-2072","title":"Seattle 2072","edition":"SR4","citation":"Textzeile 19764","purpose":"description"}],"map_sources":[],"editions":["SR4"],"edition_descriptions":{"SR4":{"kind":"Ortsdossier","preview":"The Shadow Market ist in Seattle 2072 als benannter Schauplatz mit Bezug zu Seattle belegt.","full":"The Shadow Market ist in Seattle 2072 als benannter Schauplatz mit Bezug zu Seattle belegt. Das Dossier fasst den belegten Quellenstand redaktionell zusammen; eine nicht belegte Kartenposition wird nicht ergänzt.","hasMore":true,"hasExcerpt":true,"sources":[{"bookId":"sr4-seattle-2072","title":"Seattle 2072","edition":"SR4","citation":"Textzeile 19764","purpose":"description"}]}}}},{"type":"Feature","geometry":null,"properties":{"id":4242,"global_id":"seattle:source-place:the-slater-building","name":"The Slater Building","aliases":[],"category":"Sonstige Spots","detail_map":"Seattle","source_pages":"Textzeile 4427","map_source":"Runner's Toolkit - Alphaware - Plots and Paydata","placement_note":"Keine belastbare Einzelposition; Eintrag bleibt im Katalog","accuracy":"Nur Stadt oder Lore-Teilraum belegt","source_map":"source-supplement","source_panel":"Seattle","description_preview":"The Slater Building ist in Runner's Toolkit - Alphaware - Plots and Paydata als benannter Schauplatz mit Bezug zu Seattle belegt.","description_full":"The Slater Building ist in Runner's Toolkit - Alphaware - Plots and Paydata als benannter Schauplatz mit Bezug zu Seattle belegt. Das Dossier fasst den belegten Quellenstand redaktionell zusammen; eine nicht belegte Kartenposition wird nicht ergänzt.","description_source":"Textzeile 4427","description_kind":"Ortsdossier","description_has_more":true,"detail_plans":[],"alternate_locations":[],"sources":[{"bookId":"sr5-runner-s-toolkit-alphaware-plots-and-paydata","title":"Runner's Toolkit - Alphaware - Plots and Paydata","edition":"SR5","citation":"Textzeile 4427","purpose":"description"}],"map_sources":[],"editions":["SR5"],"edition_descriptions":{"SR5":{"kind":"Ortsdossier","preview":"The Slater Building ist in Runner's Toolkit - Alphaware - Plots and Paydata als benannter Schauplatz mit Bezug zu Seattle belegt.","full":"The Slater Building ist in Runner's Toolkit - Alphaware - Plots and Paydata als benannter Schauplatz mit Bezug zu Seattle belegt. Das Dossier fasst den belegten Quellenstand redaktionell zusammen; eine nicht belegte Kartenposition wird nicht ergänzt.","hasMore":true,"hasExcerpt":true,"sources":[{"bookId":"sr5-runner-s-toolkit-alphaware-plots-and-paydata","title":"Runner's Toolkit - Alphaware - Plots and Paydata","edition":"SR5","citation":"Textzeile 4427","purpose":"description"}]}}}},{"type":"Feature","geometry":null,"properties":{"id":4243,"global_id":"seattle:source-place:the-westin-seattle-hotel","name":"The Westin Seattle Hotel","aliases":[],"category":"Sonstige Spots","detail_map":"Seattle","source_pages":"Textzeile 924","map_source":"SRM01-01A - Double Cross","placement_note":"Keine belastbare Einzelposition; Eintrag bleibt im Katalog","accuracy":"Nur Stadt oder Lore-Teilraum belegt","source_map":"source-supplement","source_panel":"Seattle","description_preview":"The Westin Seattle Hotel ist in SRM01-01A - Double Cross als benannter Schauplatz mit Bezug zu Seattle belegt.","description_full":"The Westin Seattle Hotel ist in SRM01-01A - Double Cross als benannter Schauplatz mit Bezug zu Seattle belegt. Das Dossier fasst den belegten Quellenstand redaktionell zusammen; eine nicht belegte Kartenposition wird nicht ergänzt.","description_source":"Textzeile 924","description_kind":"Ortsdossier","description_has_more":true,"detail_plans":[],"alternate_locations":[],"sources":[{"bookId":"sr3-srm01-01a-double-cross","title":"SRM01-01A - Double Cross","edition":"SR3","citation":"Textzeile 924","purpose":"description"}],"map_sources":[],"editions":["SR3"],"edition_descriptions":{"SR3":{"kind":"Ortsdossier","preview":"The Westin Seattle Hotel ist in SRM01-01A - Double Cross als benannter Schauplatz mit Bezug zu Seattle belegt.","full":"The Westin Seattle Hotel ist in SRM01-01A - Double Cross als benannter Schauplatz mit Bezug zu Seattle belegt. Das Dossier fasst den belegten Quellenstand redaktionell zusammen; eine nicht belegte Kartenposition wird nicht ergänzt.","hasMore":true,"hasExcerpt":true,"sources":[{"bookId":"sr3-srm01-01a-double-cross","title":"SRM01-01A - Double Cross","edition":"SR3","citation":"Textzeile 924","purpose":"description"}]}}}},{"type":"Feature","geometry":null,"properties":{"id":4244,"global_id":"seattle:source-place:third-avenue-madison-street","name":"Third Avenue & Madison Street","aliases":[],"category":"Sonstige Spots","detail_map":"Seattle","source_pages":"Textzeile 5767","map_source":"Seattle 2072","placement_note":"Keine belastbare Einzelposition; Eintrag bleibt im Katalog","accuracy":"Nur Stadt oder Lore-Teilraum belegt","source_map":"source-supplement","source_panel":"Seattle","description_preview":"Third Avenue & Madison Street ist in Seattle 2072 als benannter Schauplatz mit Bezug zu Seattle belegt.","description_full":"Third Avenue & Madison Street ist in Seattle 2072 als benannter Schauplatz mit Bezug zu Seattle belegt. Das Dossier fasst den belegten Quellenstand redaktionell zusammen; eine nicht belegte Kartenposition wird nicht ergänzt.","description_source":"Textzeile 5767","description_kind":"Ortsdossier","description_has_more":true,"detail_plans":[],"alternate_locations":[],"sources":[{"bookId":"sr4-seattle-2072","title":"Seattle 2072","edition":"SR4","citation":"Textzeile 5767","purpose":"description"}],"map_sources":[],"editions":["SR4"],"edition_descriptions":{"SR4":{"kind":"Ortsdossier","preview":"Third Avenue & Madison Street ist in Seattle 2072 als benannter Schauplatz mit Bezug zu Seattle belegt.","full":"Third Avenue & Madison Street ist in Seattle 2072 als benannter Schauplatz mit Bezug zu Seattle belegt. Das Dossier fasst den belegten Quellenstand redaktionell zusammen; eine nicht belegte Kartenposition wird nicht ergänzt.","hasMore":true,"hasExcerpt":true,"sources":[{"bookId":"sr4-seattle-2072","title":"Seattle 2072","edition":"SR4","citation":"Textzeile 5767","purpose":"description"}]}}}},{"type":"Feature","geometry":null,"properties":{"id":4245,"global_id":"seattle:source-place:third-avenue-pike-street","name":"Third Avenue & Pike Street","aliases":["Third Ave & Pike Street"],"category":"Sonstige Spots","detail_map":"Seattle","source_pages":"Textzeile 20716","map_source":"Seattle 2072","placement_note":"Keine belastbare Einzelposition; Eintrag bleibt im Katalog","accuracy":"Nur Stadt oder Lore-Teilraum belegt","source_map":"source-supplement","source_panel":"Seattle","description_preview":"Third Avenue & Pike Street ist in Seattle 2072 als benannter Schauplatz mit Bezug zu Seattle belegt.","description_full":"Third Avenue & Pike Street ist in Seattle 2072 als benannter Schauplatz mit Bezug zu Seattle belegt. Das Dossier fasst den belegten Quellenstand redaktionell zusammen; eine nicht belegte Kartenposition wird nicht ergänzt.","description_source":"Textzeile 20716","description_kind":"Ortsdossier","description_has_more":true,"detail_plans":[],"alternate_locations":[],"sources":[{"bookId":"sr4-seattle-2072","title":"Seattle 2072","edition":"SR4","citation":"Textzeile 20716","purpose":"description"},{"bookId":"sr4-seattle-2072","title":"Seattle 2072","edition":"SR4","citation":"Textzeile 5452","purpose":"description"},{"bookId":"sr4-srm04-02-extraction-artifact-rush-1","title":"SRM04-02 - Extraction (Artifact Rush 1)","edition":"SR4","citation":"Textzeile 1663","purpose":"description"}],"map_sources":[],"editions":["SR4"],"edition_descriptions":{"SR4":{"kind":"Ortsdossier","preview":"Third Avenue & Pike Street ist in Seattle 2072 als benannter Schauplatz mit Bezug zu Seattle belegt.","full":"Third Avenue & Pike Street ist in Seattle 2072 als benannter Schauplatz mit Bezug zu Seattle belegt. Das Dossier fasst den belegten Quellenstand redaktionell zusammen; eine nicht belegte Kartenposition wird nicht ergänzt.","hasMore":true,"hasExcerpt":true,"sources":[{"bookId":"sr4-seattle-2072","title":"Seattle 2072","edition":"SR4","citation":"Textzeile 20716","purpose":"description"},{"bookId":"sr4-seattle-2072","title":"Seattle 2072","edition":"SR4","citation":"Textzeile 5452","purpose":"description"},{"bookId":"sr4-srm04-02-extraction-artifact-rush-1","title":"SRM04-02 - Extraction (Artifact Rush 1)","edition":"SR4","citation":"Textzeile 1663","purpose":"description"}]}}}},{"type":"Feature","geometry":null,"properties":{"id":4246,"global_id":"seattle:source-place:third-avenue-virginia-street","name":"Third Avenue & Virginia Street","aliases":[],"category":"Sonstige Spots","detail_map":"Seattle","source_pages":"Textzeile 5696","map_source":"Seattle 2072","placement_note":"Keine belastbare Einzelposition; Eintrag bleibt im Katalog","accuracy":"Nur Stadt oder Lore-Teilraum belegt","source_map":"source-supplement","source_panel":"Seattle","description_preview":"Third Avenue & Virginia Street ist in Seattle 2072 als benannter Schauplatz mit Bezug zu Seattle belegt.","description_full":"Third Avenue & Virginia Street ist in Seattle 2072 als benannter Schauplatz mit Bezug zu Seattle belegt. Das Dossier fasst den belegten Quellenstand redaktionell zusammen; eine nicht belegte Kartenposition wird nicht ergänzt.","description_source":"Textzeile 5696","description_kind":"Ortsdossier","description_has_more":true,"detail_plans":[],"alternate_locations":[],"sources":[{"bookId":"sr4-seattle-2072","title":"Seattle 2072","edition":"SR4","citation":"Textzeile 5696","purpose":"description"}],"map_sources":[],"editions":["SR4"],"edition_descriptions":{"SR4":{"kind":"Ortsdossier","preview":"Third Avenue & Virginia Street ist in Seattle 2072 als benannter Schauplatz mit Bezug zu Seattle belegt.","full":"Third Avenue & Virginia Street ist in Seattle 2072 als benannter Schauplatz mit Bezug zu Seattle belegt. Das Dossier fasst den belegten Quellenstand redaktionell zusammen; eine nicht belegte Kartenposition wird nicht ergänzt.","hasMore":true,"hasExcerpt":true,"sources":[{"bookId":"sr4-seattle-2072","title":"Seattle 2072","edition":"SR4","citation":"Textzeile 5696","purpose":"description"}]}}}},{"type":"Feature","geometry":null,"properties":{"id":4247,"global_id":"seattle:source-place:thirteenth-street-colby-avenue","name":"Thirteenth Street & Colby Avenue","aliases":[],"category":"Sonstige Spots","detail_map":"Seattle","source_pages":"Textzeile 8724","map_source":"Seattle 2072","placement_note":"Keine belastbare Einzelposition; Eintrag bleibt im Katalog","accuracy":"Nur Stadt oder Lore-Teilraum belegt","source_map":"source-supplement","source_panel":"Seattle","description_preview":"Thirteenth Street & Colby Avenue ist in Seattle 2072 als benannter Schauplatz mit Bezug zu Seattle belegt.","description_full":"Thirteenth Street & Colby Avenue ist in Seattle 2072 als benannter Schauplatz mit Bezug zu Seattle belegt. Das Dossier fasst den belegten Quellenstand redaktionell zusammen; eine nicht belegte Kartenposition wird nicht ergänzt.","description_source":"Textzeile 8724","description_kind":"Ortsdossier","description_has_more":true,"detail_plans":[],"alternate_locations":[],"sources":[{"bookId":"sr4-seattle-2072","title":"Seattle 2072","edition":"SR4","citation":"Textzeile 8724","purpose":"description"}],"map_sources":[],"editions":["SR4"],"edition_descriptions":{"SR4":{"kind":"Ortsdossier","preview":"Thirteenth Street & Colby Avenue ist in Seattle 2072 als benannter Schauplatz mit Bezug zu Seattle belegt.","full":"Thirteenth Street & Colby Avenue ist in Seattle 2072 als benannter Schauplatz mit Bezug zu Seattle belegt. Das Dossier fasst den belegten Quellenstand redaktionell zusammen; eine nicht belegte Kartenposition wird nicht ergänzt.","hasMore":true,"hasExcerpt":true,"sources":[{"bookId":"sr4-seattle-2072","title":"Seattle 2072","edition":"SR4","citation":"Textzeile 8724","purpose":"description"}]}}}},{"type":"Feature","geometry":null,"properties":{"id":4248,"global_id":"seattle:source-place:thirteenth-street-pine-avenue","name":"Thirteenth Street & Pine Avenue","aliases":[],"category":"Sonstige Spots","detail_map":"Seattle","source_pages":"Textzeile 11199","map_source":"Seattle 2072","placement_note":"Keine belastbare Einzelposition; Eintrag bleibt im Katalog","accuracy":"Nur Stadt oder Lore-Teilraum belegt","source_map":"source-supplement","source_panel":"Seattle","description_preview":"Thirteenth Street & Pine Avenue ist in Seattle 2072 als benannter Schauplatz mit Bezug zu Seattle belegt.","description_full":"Thirteenth Street & Pine Avenue ist in Seattle 2072 als benannter Schauplatz mit Bezug zu Seattle belegt. Das Dossier fasst den belegten Quellenstand redaktionell zusammen; eine nicht belegte Kartenposition wird nicht ergänzt.","description_source":"Textzeile 11199","description_kind":"Ortsdossier","description_has_more":true,"detail_plans":[],"alternate_locations":[],"sources":[{"bookId":"sr4-seattle-2072","title":"Seattle 2072","edition":"SR4","citation":"Textzeile 11199","purpose":"description"}],"map_sources":[],"editions":["SR4"],"edition_descriptions":{"SR4":{"kind":"Ortsdossier","preview":"Thirteenth Street & Pine Avenue ist in Seattle 2072 als benannter Schauplatz mit Bezug zu Seattle belegt.","full":"Thirteenth Street & Pine Avenue ist in Seattle 2072 als benannter Schauplatz mit Bezug zu Seattle belegt. Das Dossier fasst den belegten Quellenstand redaktionell zusammen; eine nicht belegte Kartenposition wird nicht ergänzt.","hasMore":true,"hasExcerpt":true,"sources":[{"bookId":"sr4-seattle-2072","title":"Seattle 2072","edition":"SR4","citation":"Textzeile 11199","purpose":"description"}]}}}},{"type":"Feature","geometry":null,"properties":{"id":4249,"global_id":"seattle:source-place:thirty-second-street-se-seventy-eighth-avenue","name":"Thirty-second Street SE & Seventy-eighth Avenue","aliases":[],"category":"Sonstige Spots","detail_map":"Seattle","source_pages":"PDF-Seite 62","map_source":"Seattle Sourcebook","placement_note":"Keine belastbare Einzelposition; Eintrag bleibt im Katalog","accuracy":"Nur Stadt oder Lore-Teilraum belegt","source_map":"source-supplement","source_panel":"Seattle","description_preview":"Thirty-second Street SE & Seventy-eighth Avenue ist in Seattle Sourcebook als benannter Schauplatz mit Bezug zu Seattle belegt.","description_full":"Thirty-second Street SE & Seventy-eighth Avenue ist in Seattle Sourcebook als benannter Schauplatz mit Bezug zu Seattle belegt. Das Dossier fasst den belegten Quellenstand redaktionell zusammen; eine nicht belegte Kartenposition wird nicht ergänzt.","description_source":"PDF-Seite 62","description_kind":"Ortsdossier","description_has_more":true,"detail_plans":[],"alternate_locations":[],"sources":[{"bookId":"sr1-seattle-sourcebook","title":"Seattle Sourcebook","edition":"SR1","citation":"PDF-Seite 62","purpose":"description"}],"map_sources":[],"editions":["SR1"],"edition_descriptions":{"SR1":{"kind":"Ortsdossier","preview":"Thirty-second Street SE & Seventy-eighth Avenue ist in Seattle Sourcebook als benannter Schauplatz mit Bezug zu Seattle belegt.","full":"Thirty-second Street SE & Seventy-eighth Avenue ist in Seattle Sourcebook als benannter Schauplatz mit Bezug zu Seattle belegt. Das Dossier fasst den belegten Quellenstand redaktionell zusammen; eine nicht belegte Kartenposition wird nicht ergänzt.","hasMore":true,"hasExcerpt":true,"sources":[{"bookId":"sr1-seattle-sourcebook","title":"Seattle Sourcebook","edition":"SR1","citation":"PDF-Seite 62","purpose":"description"}]}}}},{"type":"Feature","geometry":null,"properties":{"id":4250,"global_id":"seattle:source-place:thirty-second-street-se-seventy-seventh-avenue","name":"Thirty-second Street SE & Seventy-seventh Avenue","aliases":[],"category":"Sonstige Spots","detail_map":"Seattle","source_pages":"PDF-Seite 63","map_source":"Seattle Sourcebook","placement_note":"Keine belastbare Einzelposition; Eintrag bleibt im Katalog","accuracy":"Nur Stadt oder Lore-Teilraum belegt","source_map":"source-supplement","source_panel":"Seattle","description_preview":"Thirty-second Street SE & Seventy-seventh Avenue ist in Seattle Sourcebook als benannter Schauplatz mit Bezug zu Seattle belegt.","description_full":"Thirty-second Street SE & Seventy-seventh Avenue ist in Seattle Sourcebook als benannter Schauplatz mit Bezug zu Seattle belegt. Das Dossier fasst den belegten Quellenstand redaktionell zusammen; eine nicht belegte Kartenposition wird nicht ergänzt.","description_source":"PDF-Seite 63","description_kind":"Ortsdossier","description_has_more":true,"detail_plans":[],"alternate_locations":[],"sources":[{"bookId":"sr1-seattle-sourcebook","title":"Seattle Sourcebook","edition":"SR1","citation":"PDF-Seite 63","purpose":"description"}],"map_sources":[],"editions":["SR1"],"edition_descriptions":{"SR1":{"kind":"Ortsdossier","preview":"Thirty-second Street SE & Seventy-seventh Avenue ist in Seattle Sourcebook als benannter Schauplatz mit Bezug zu Seattle belegt.","full":"Thirty-second Street SE & Seventy-seventh Avenue ist in Seattle Sourcebook als benannter Schauplatz mit Bezug zu Seattle belegt. Das Dossier fasst den belegten Quellenstand redaktionell zusammen; eine nicht belegte Kartenposition wird nicht ergänzt.","hasMore":true,"hasExcerpt":true,"sources":[{"bookId":"sr1-seattle-sourcebook","title":"Seattle Sourcebook","edition":"SR1","citation":"PDF-Seite 63","purpose":"description"}]}}}},{"type":"Feature","geometry":null,"properties":{"id":4251,"global_id":"seattle:source-place:thomas-street-and-boylston-avenue","name":"Thomas Street and Boylston Avenue","aliases":["Thomas Street/Boylston Avenue"],"category":"Sonstige Spots","detail_map":"Seattle","source_pages":"PDF-Seite 124","map_source":"New Seattle","placement_note":"Keine belastbare Einzelposition; Eintrag bleibt im Katalog","accuracy":"Nur Stadt oder Lore-Teilraum belegt","source_map":"source-supplement","source_panel":"Seattle","description_preview":"Thomas Street and Boylston Avenue ist in New Seattle als benannter Schauplatz mit Bezug zu Seattle belegt.","description_full":"Thomas Street and Boylston Avenue ist in New Seattle als benannter Schauplatz mit Bezug zu Seattle belegt. Das Dossier fasst den belegten Quellenstand redaktionell zusammen; eine nicht belegte Kartenposition wird nicht ergänzt.","description_source":"PDF-Seite 124","description_kind":"Ortsdossier","description_has_more":true,"detail_plans":[],"alternate_locations":[],"sources":[{"bookId":"sr3-new-seattle","title":"New Seattle","edition":"SR3","citation":"PDF-Seite 124","purpose":"description"},{"bookId":"sr3-new-seattle","title":"New Seattle","edition":"SR3","citation":"PDF-Seite 123","purpose":"description"}],"map_sources":[],"editions":["SR3"],"edition_descriptions":{"SR3":{"kind":"Ortsdossier","preview":"Thomas Street and Boylston Avenue ist in New Seattle als benannter Schauplatz mit Bezug zu Seattle belegt.","full":"Thomas Street and Boylston Avenue ist in New Seattle als benannter Schauplatz mit Bezug zu Seattle belegt. Das Dossier fasst den belegten Quellenstand redaktionell zusammen; eine nicht belegte Kartenposition wird nicht ergänzt.","hasMore":true,"hasExcerpt":true,"sources":[{"bookId":"sr3-new-seattle","title":"New Seattle","edition":"SR3","citation":"PDF-Seite 124","purpose":"description"},{"bookId":"sr3-new-seattle","title":"New Seattle","edition":"SR3","citation":"PDF-Seite 123","purpose":"description"}]}}}},{"type":"Feature","geometry":null,"properties":{"id":4252,"global_id":"seattle:source-place:twenty-first-avenue-south-massachusetts-street","name":"Twenty-first Avenue South & Massachusetts Street/","aliases":[],"category":"Sonstige Spots","detail_map":"Seattle","source_pages":"PDF-Seite 44","map_source":"Seattle Sourcebook","placement_note":"Keine belastbare Einzelposition; Eintrag bleibt im Katalog","accuracy":"Nur Stadt oder Lore-Teilraum belegt","source_map":"source-supplement","source_panel":"Seattle","description_preview":"Twenty-first Avenue South & Massachusetts Street/ ist in Seattle Sourcebook als benannter Schauplatz mit Bezug zu Seattle belegt.","description_full":"Twenty-first Avenue South & Massachusetts Street/ ist in Seattle Sourcebook als benannter Schauplatz mit Bezug zu Seattle belegt. Das Dossier fasst den belegten Quellenstand redaktionell zusammen; eine nicht belegte Kartenposition wird nicht ergänzt.","description_source":"PDF-Seite 44","description_kind":"Ortsdossier","description_has_more":true,"detail_plans":[],"alternate_locations":[],"sources":[{"bookId":"sr1-seattle-sourcebook","title":"Seattle Sourcebook","edition":"SR1","citation":"PDF-Seite 44","purpose":"description"}],"map_sources":[],"editions":["SR1"],"edition_descriptions":{"SR1":{"kind":"Ortsdossier","preview":"Twenty-first Avenue South & Massachusetts Street/ ist in Seattle Sourcebook als benannter Schauplatz mit Bezug zu Seattle belegt.","full":"Twenty-first Avenue South & Massachusetts Street/ ist in Seattle Sourcebook als benannter Schauplatz mit Bezug zu Seattle belegt. Das Dossier fasst den belegten Quellenstand redaktionell zusammen; eine nicht belegte Kartenposition wird nicht ergänzt.","hasMore":true,"hasExcerpt":true,"sources":[{"bookId":"sr1-seattle-sourcebook","title":"Seattle Sourcebook","edition":"SR1","citation":"PDF-Seite 44","purpose":"description"}]}}}},{"type":"Feature","geometry":null,"properties":{"id":4253,"global_id":"seattle:source-place:twenty-seventh-street-west-bridgeport-way","name":"Twenty-seventh Street West & Bridgeport Way","aliases":[],"category":"Sonstige Spots","detail_map":"Seattle","source_pages":"Textzeile 8270","map_source":"Seattle 2072","placement_note":"Keine belastbare Einzelposition; Eintrag bleibt im Katalog","accuracy":"Nur Stadt oder Lore-Teilraum belegt","source_map":"source-supplement","source_panel":"Seattle","description_preview":"Twenty-seventh Street West & Bridgeport Way ist in Seattle 2072 als benannter Schauplatz mit Bezug zu Seattle belegt.","description_full":"Twenty-seventh Street West & Bridgeport Way ist in Seattle 2072 als benannter Schauplatz mit Bezug zu Seattle belegt. Das Dossier fasst den belegten Quellenstand redaktionell zusammen; eine nicht belegte Kartenposition wird nicht ergänzt.","description_source":"Textzeile 8270","description_kind":"Ortsdossier","description_has_more":true,"detail_plans":[],"alternate_locations":[],"sources":[{"bookId":"sr4-seattle-2072","title":"Seattle 2072","edition":"SR4","citation":"Textzeile 8270","purpose":"description"}],"map_sources":[],"editions":["SR4"],"edition_descriptions":{"SR4":{"kind":"Ortsdossier","preview":"Twenty-seventh Street West & Bridgeport Way ist in Seattle 2072 als benannter Schauplatz mit Bezug zu Seattle belegt.","full":"Twenty-seventh Street West & Bridgeport Way ist in Seattle 2072 als benannter Schauplatz mit Bezug zu Seattle belegt. Das Dossier fasst den belegten Quellenstand redaktionell zusammen; eine nicht belegte Kartenposition wird nicht ergänzt.","hasMore":true,"hasExcerpt":true,"sources":[{"bookId":"sr4-seattle-2072","title":"Seattle 2072","edition":"SR4","citation":"Textzeile 8270","purpose":"description"}]}}}},{"type":"Feature","geometry":null,"properties":{"id":4254,"global_id":"seattle:source-place:university-street-and-terry-avenue","name":"University Street and Terry Avenue","aliases":["University Street/Terry Avenue"],"category":"Sonstige Spots","detail_map":"Seattle","source_pages":"PDF-Seite 122","map_source":"New Seattle","placement_note":"Keine belastbare Einzelposition; Eintrag bleibt im Katalog","accuracy":"Nur Stadt oder Lore-Teilraum belegt","source_map":"source-supplement","source_panel":"Seattle","description_preview":"University Street and Terry Avenue ist in New Seattle als benannter Schauplatz mit Bezug zu Seattle belegt.","description_full":"University Street and Terry Avenue ist in New Seattle als benannter Schauplatz mit Bezug zu Seattle belegt. Das Dossier fasst den belegten Quellenstand redaktionell zusammen; eine nicht belegte Kartenposition wird nicht ergänzt.","description_source":"PDF-Seite 122","description_kind":"Ortsdossier","description_has_more":true,"detail_plans":[],"alternate_locations":[],"sources":[{"bookId":"sr3-new-seattle","title":"New Seattle","edition":"SR3","citation":"PDF-Seite 122","purpose":"description"},{"bookId":"sr4-seattle-2072","title":"Seattle 2072","edition":"SR4","citation":"Textzeile 6546","purpose":"description"}],"map_sources":[],"editions":["SR3","SR4"],"edition_descriptions":{"SR3":{"kind":"Ortsdossier","preview":"University Street and Terry Avenue ist in New Seattle als benannter Schauplatz mit Bezug zu Seattle belegt.","full":"University Street and Terry Avenue ist in New Seattle als benannter Schauplatz mit Bezug zu Seattle belegt. Das Dossier fasst den belegten Quellenstand redaktionell zusammen; eine nicht belegte Kartenposition wird nicht ergänzt.","hasMore":true,"hasExcerpt":true,"sources":[{"bookId":"sr3-new-seattle","title":"New Seattle","edition":"SR3","citation":"PDF-Seite 122","purpose":"description"}]},"SR4":{"kind":"Ortsdossier","preview":"University Street and Terry Avenue ist in Seattle 2072 als benannter Schauplatz mit Bezug zu Seattle belegt.","full":"University Street and Terry Avenue ist in Seattle 2072 als benannter Schauplatz mit Bezug zu Seattle belegt. Das Dossier fasst den belegten Quellenstand redaktionell zusammen; eine nicht belegte Kartenposition wird nicht ergänzt.","hasMore":true,"hasExcerpt":true,"sources":[{"bookId":"sr4-seattle-2072","title":"Seattle 2072","edition":"SR4","citation":"Textzeile 6546","purpose":"description"}]}}}},{"type":"Feature","geometry":null,"properties":{"id":4255,"global_id":"seattle:source-place:university-way-fifty-second-street","name":"University Way & Fifty-second Street","aliases":[],"category":"Sonstige Spots","detail_map":"Seattle","source_pages":"Textzeile 6125","map_source":"Seattle 2072","placement_note":"Keine belastbare Einzelposition; Eintrag bleibt im Katalog","accuracy":"Nur Stadt oder Lore-Teilraum belegt","source_map":"source-supplement","source_panel":"Seattle","description_preview":"University Way & Fifty-second Street ist in Seattle 2072 als benannter Schauplatz mit Bezug zu Seattle belegt.","description_full":"University Way & Fifty-second Street ist in Seattle 2072 als benannter Schauplatz mit Bezug zu Seattle belegt. Das Dossier fasst den belegten Quellenstand redaktionell zusammen; eine nicht belegte Kartenposition wird nicht ergänzt.","description_source":"Textzeile 6125","description_kind":"Ortsdossier","description_has_more":true,"detail_plans":[],"alternate_locations":[],"sources":[{"bookId":"sr4-seattle-2072","title":"Seattle 2072","edition":"SR4","citation":"Textzeile 6125","purpose":"description"}],"map_sources":[],"editions":["SR4"],"edition_descriptions":{"SR4":{"kind":"Ortsdossier","preview":"University Way & Fifty-second Street ist in Seattle 2072 als benannter Schauplatz mit Bezug zu Seattle belegt.","full":"University Way & Fifty-second Street ist in Seattle 2072 als benannter Schauplatz mit Bezug zu Seattle belegt. Das Dossier fasst den belegten Quellenstand redaktionell zusammen; eine nicht belegte Kartenposition wird nicht ergänzt.","hasMore":true,"hasExcerpt":true,"sources":[{"bookId":"sr4-seattle-2072","title":"Seattle 2072","edition":"SR4","citation":"Textzeile 6125","purpose":"description"}]}}}},{"type":"Feature","geometry":null,"properties":{"id":4256,"global_id":"seattle:source-place:vashon-island","name":"Vashon Island","aliases":[],"category":"Sonstige Spots","detail_map":"Seattle","source_pages":"Textzeile 13960","map_source":"Seattle 2072","placement_note":"Keine belastbare Einzelposition; Eintrag bleibt im Katalog","accuracy":"Nur Stadt oder Lore-Teilraum belegt","source_map":"source-supplement","source_panel":"Seattle","description_preview":"Vashon Island ist in Seattle 2072 als benannter Schauplatz mit Bezug zu Seattle belegt.","description_full":"Vashon Island ist in Seattle 2072 als benannter Schauplatz mit Bezug zu Seattle belegt. Das Dossier fasst den belegten Quellenstand redaktionell zusammen; eine nicht belegte Kartenposition wird nicht ergänzt.","description_source":"Textzeile 13960","description_kind":"Ortsdossier","description_has_more":true,"detail_plans":[],"alternate_locations":[],"sources":[{"bookId":"sr4-seattle-2072","title":"Seattle 2072","edition":"SR4","citation":"Textzeile 13960","purpose":"description"},{"bookId":"sr5-seattle-sprawl-box-emerald-shadows","title":"Seattle Sprawl Box - Emerald Shadows","edition":"SR5","citation":"Textzeile 7886","purpose":"description"},{"bookId":"sr5-seattle-smaragd-im-schatten","title":"Seattle - Smaragd im Schatten","edition":"SR5","citation":"Textzeile 7739","purpose":"description"}],"map_sources":[],"editions":["SR4","SR5"],"edition_descriptions":{"SR4":{"kind":"Ortsdossier","preview":"Vashon Island ist in Seattle 2072 als benannter Schauplatz mit Bezug zu Seattle belegt.","full":"Vashon Island ist in Seattle 2072 als benannter Schauplatz mit Bezug zu Seattle belegt. Das Dossier fasst den belegten Quellenstand redaktionell zusammen; eine nicht belegte Kartenposition wird nicht ergänzt.","hasMore":true,"hasExcerpt":true,"sources":[{"bookId":"sr4-seattle-2072","title":"Seattle 2072","edition":"SR4","citation":"Textzeile 13960","purpose":"description"}]},"SR5":{"kind":"Ortsdossier","preview":"Vashon Island ist in Seattle Sprawl Box - Emerald Shadows als benannter Schauplatz mit Bezug zu Seattle belegt.","full":"Vashon Island ist in Seattle Sprawl Box - Emerald Shadows als benannter Schauplatz mit Bezug zu Seattle belegt. Das Dossier fasst den belegten Quellenstand redaktionell zusammen; eine nicht belegte Kartenposition wird nicht ergänzt.","hasMore":true,"hasExcerpt":true,"sources":[{"bookId":"sr5-seattle-sprawl-box-emerald-shadows","title":"Seattle Sprawl Box - Emerald Shadows","edition":"SR5","citation":"Textzeile 7886","purpose":"description"},{"bookId":"sr5-seattle-smaragd-im-schatten","title":"Seattle - Smaragd im Schatten","edition":"SR5","citation":"Textzeile 7739","purpose":"description"}]}}}},{"type":"Feature","geometry":null,"properties":{"id":4257,"global_id":"seattle:source-place:vashon-maury-entertainment-district","name":"Vashon-Maury Entertainment District","aliases":[],"category":"Bezirke und Lore-Gebiete","detail_map":"Seattle","source_pages":"Textzeile 13906","map_source":"Emerald City (Seattle)","placement_note":"Keine belastbare Einzelposition; Eintrag bleibt im Katalog","accuracy":"Nur Stadt oder Lore-Teilraum belegt","source_map":"source-supplement","source_panel":"Seattle","description_preview":"Vashon-Maury Entertainment District ist in Emerald City (Seattle) als benannter Schauplatz mit Bezug zu Seattle belegt.","description_full":"Vashon-Maury Entertainment District ist in Emerald City (Seattle) als benannter Schauplatz mit Bezug zu Seattle belegt. Das Dossier fasst den belegten Quellenstand redaktionell zusammen; eine nicht belegte Kartenposition wird nicht ergänzt.","description_source":"Textzeile 13906","description_kind":"Ortsdossier","description_has_more":true,"detail_plans":[],"alternate_locations":[],"sources":[{"bookId":"sr6-emerald-city-seattle","title":"Emerald City (Seattle)","edition":"SR6","citation":"Textzeile 13906","purpose":"description"}],"map_sources":[],"editions":["SR6"],"edition_descriptions":{"SR6":{"kind":"Ortsdossier","preview":"Vashon-Maury Entertainment District ist in Emerald City (Seattle) als benannter Schauplatz mit Bezug zu Seattle belegt.","full":"Vashon-Maury Entertainment District ist in Emerald City (Seattle) als benannter Schauplatz mit Bezug zu Seattle belegt. Das Dossier fasst den belegten Quellenstand redaktionell zusammen; eine nicht belegte Kartenposition wird nicht ergänzt.","hasMore":true,"hasExcerpt":true,"sources":[{"bookId":"sr6-emerald-city-seattle","title":"Emerald City (Seattle)","edition":"SR6","citation":"Textzeile 13906","purpose":"description"}]}}}},{"type":"Feature","geometry":null,"properties":{"id":4258,"global_id":"seattle:source-place:vergnugungspark-im-seattle-center","name":"Vergnügungspark im Seattle Center","aliases":[],"category":"Sonstige Spots","detail_map":"Seattle","source_pages":"PDF-Seite 122","map_source":"New Seattle","placement_note":"Keine belastbare Einzelposition; Eintrag bleibt im Katalog","accuracy":"Nur Stadt oder Lore-Teilraum belegt","source_map":"source-supplement","source_panel":"Seattle","description_preview":"Vergnügungspark im Seattle Center ist in New Seattle als benannter Schauplatz mit Bezug zu Seattle belegt.","description_full":"Vergnügungspark im Seattle Center ist in New Seattle als benannter Schauplatz mit Bezug zu Seattle belegt. Das Dossier fasst den belegten Quellenstand redaktionell zusammen; eine nicht belegte Kartenposition wird nicht ergänzt.","description_source":"PDF-Seite 122","description_kind":"Ortsdossier","description_has_more":true,"detail_plans":[],"alternate_locations":[],"sources":[{"bookId":"sr3-new-seattle","title":"New Seattle","edition":"SR3","citation":"PDF-Seite 122","purpose":"description"}],"map_sources":[],"editions":["SR3"],"edition_descriptions":{"SR3":{"kind":"Ortsdossier","preview":"Vergnügungspark im Seattle Center ist in New Seattle als benannter Schauplatz mit Bezug zu Seattle belegt.","full":"Vergnügungspark im Seattle Center ist in New Seattle als benannter Schauplatz mit Bezug zu Seattle belegt. Das Dossier fasst den belegten Quellenstand redaktionell zusammen; eine nicht belegte Kartenposition wird nicht ergänzt.","hasMore":true,"hasExcerpt":true,"sources":[{"bookId":"sr3-new-seattle","title":"New Seattle","edition":"SR3","citation":"PDF-Seite 122","purpose":"description"}]}}}},{"type":"Feature","geometry":null,"properties":{"id":4259,"global_id":"seattle:source-place:virginia-street-eighth-avenue","name":"Virginia Street & Eighth Avenue","aliases":[],"category":"Sonstige Spots","detail_map":"Seattle","source_pages":"Textzeile 5708","map_source":"Seattle 2072","placement_note":"Keine belastbare Einzelposition; Eintrag bleibt im Katalog","accuracy":"Nur Stadt oder Lore-Teilraum belegt","source_map":"source-supplement","source_panel":"Seattle","description_preview":"Virginia Street & Eighth Avenue ist in Seattle 2072 als benannter Schauplatz mit Bezug zu Seattle belegt.","description_full":"Virginia Street & Eighth Avenue ist in Seattle 2072 als benannter Schauplatz mit Bezug zu Seattle belegt. Das Dossier fasst den belegten Quellenstand redaktionell zusammen; eine nicht belegte Kartenposition wird nicht ergänzt.","description_source":"Textzeile 5708","description_kind":"Ortsdossier","description_has_more":true,"detail_plans":[],"alternate_locations":[],"sources":[{"bookId":"sr4-seattle-2072","title":"Seattle 2072","edition":"SR4","citation":"Textzeile 5708","purpose":"description"}],"map_sources":[],"editions":["SR4"],"edition_descriptions":{"SR4":{"kind":"Ortsdossier","preview":"Virginia Street & Eighth Avenue ist in Seattle 2072 als benannter Schauplatz mit Bezug zu Seattle belegt.","full":"Virginia Street & Eighth Avenue ist in Seattle 2072 als benannter Schauplatz mit Bezug zu Seattle belegt. Das Dossier fasst den belegten Quellenstand redaktionell zusammen; eine nicht belegte Kartenposition wird nicht ergänzt.","hasMore":true,"hasExcerpt":true,"sources":[{"bookId":"sr4-seattle-2072","title":"Seattle 2072","edition":"SR4","citation":"Textzeile 5708","purpose":"description"}]}}}},{"type":"Feature","geometry":null,"properties":{"id":4260,"global_id":"seattle:source-place:virginia-street-and-western-avenue","name":"Virginia Street and Western Avenue","aliases":["Virginia Street & Western Ave","Virginia Street/Western Avenue"],"category":"Sonstige Spots","detail_map":"Seattle","source_pages":"Textzeile 20631","map_source":"Seattle 2072","placement_note":"Keine belastbare Einzelposition; Eintrag bleibt im Katalog","accuracy":"Nur Stadt oder Lore-Teilraum belegt","source_map":"source-supplement","source_panel":"Seattle","description_preview":"Virginia Street and Western Avenue ist in Seattle 2072 als benannter Schauplatz mit Bezug zu Seattle belegt.","description_full":"Virginia Street and Western Avenue ist in Seattle 2072 als benannter Schauplatz mit Bezug zu Seattle belegt. Das Dossier fasst den belegten Quellenstand redaktionell zusammen; eine nicht belegte Kartenposition wird nicht ergänzt.","description_source":"Textzeile 20631","description_kind":"Ortsdossier","description_has_more":true,"detail_plans":[],"alternate_locations":[],"sources":[{"bookId":"sr4-seattle-2072","title":"Seattle 2072","edition":"SR4","citation":"Textzeile 20631","purpose":"description"},{"bookId":"sr3-new-seattle","title":"New Seattle","edition":"SR3","citation":"PDF-Seite 121","purpose":"description"},{"bookId":"sr4-seattle-2072","title":"Seattle 2072","edition":"SR4","citation":"Textzeile 4825","purpose":"description"}],"map_sources":[],"editions":["SR3","SR4"],"edition_descriptions":{"SR3":{"kind":"Ortsdossier","preview":"Virginia Street and Western Avenue ist in New Seattle als benannter Schauplatz mit Bezug zu Seattle belegt.","full":"Virginia Street and Western Avenue ist in New Seattle als benannter Schauplatz mit Bezug zu Seattle belegt. Das Dossier fasst den belegten Quellenstand redaktionell zusammen; eine nicht belegte Kartenposition wird nicht ergänzt.","hasMore":true,"hasExcerpt":true,"sources":[{"bookId":"sr3-new-seattle","title":"New Seattle","edition":"SR3","citation":"PDF-Seite 121","purpose":"description"}]},"SR4":{"kind":"Ortsdossier","preview":"Virginia Street and Western Avenue ist in Seattle 2072 als benannter Schauplatz mit Bezug zu Seattle belegt.","full":"Virginia Street and Western Avenue ist in Seattle 2072 als benannter Schauplatz mit Bezug zu Seattle belegt. Das Dossier fasst den belegten Quellenstand redaktionell zusammen; eine nicht belegte Kartenposition wird nicht ergänzt.","hasMore":true,"hasExcerpt":true,"sources":[{"bookId":"sr4-seattle-2072","title":"Seattle 2072","edition":"SR4","citation":"Textzeile 20631","purpose":"description"},{"bookId":"sr4-seattle-2072","title":"Seattle 2072","edition":"SR4","citation":"Textzeile 4825","purpose":"description"}]}}}},{"type":"Feature","geometry":null,"properties":{"id":4261,"global_id":"seattle:source-place:von-der-strasse","name":"Von Der Strasse","aliases":[],"category":"Sonstige Spots","detail_map":"Seattle","source_pages":"Textzeile 1569","map_source":"Seattle - Im Labyrinth","placement_note":"Keine belastbare Einzelposition; Eintrag bleibt im Katalog","accuracy":"Nur Stadt oder Lore-Teilraum belegt","source_map":"source-supplement","source_panel":"Seattle","description_preview":"Von Der Strasse ist in Seattle - Im Labyrinth als benannter Schauplatz mit Bezug zu Seattle belegt.","description_full":"Von Der Strasse ist in Seattle - Im Labyrinth als benannter Schauplatz mit Bezug zu Seattle belegt. Das Dossier fasst den belegten Quellenstand redaktionell zusammen; eine nicht belegte Kartenposition wird nicht ergänzt.","description_source":"Textzeile 1569","description_kind":"Ortsdossier","description_has_more":true,"detail_plans":[],"alternate_locations":[],"sources":[{"bookId":"sr5-seattle-im-labyrinth","title":"Seattle - Im Labyrinth","edition":"SR5","citation":"Textzeile 1569","purpose":"description"}],"map_sources":[],"editions":["SR5"],"edition_descriptions":{"SR5":{"kind":"Ortsdossier","preview":"Von Der Strasse ist in Seattle - Im Labyrinth als benannter Schauplatz mit Bezug zu Seattle belegt.","full":"Von Der Strasse ist in Seattle - Im Labyrinth als benannter Schauplatz mit Bezug zu Seattle belegt. Das Dossier fasst den belegten Quellenstand redaktionell zusammen; eine nicht belegte Kartenposition wird nicht ergänzt.","hasMore":true,"hasExcerpt":true,"sources":[{"bookId":"sr5-seattle-im-labyrinth","title":"Seattle - Im Labyrinth","edition":"SR5","citation":"Textzeile 1569","purpose":"description"}]}}}},{"type":"Feature","geometry":null,"properties":{"id":4262,"global_id":"seattle:source-place:west-morrison-street-and-stewart-avenue","name":"West Morrison Street and Stewart Avenue","aliases":["West Morrison Street/Stewart Avenue"],"category":"Sonstige Spots","detail_map":"Seattle","source_pages":"PDF-Seite 132","map_source":"New Seattle","placement_note":"Keine belastbare Einzelposition; Eintrag bleibt im Katalog","accuracy":"Nur Stadt oder Lore-Teilraum belegt","source_map":"source-supplement","source_panel":"Seattle","description_preview":"West Morrison Street and Stewart Avenue ist in New Seattle als benannter Schauplatz mit Bezug zu Seattle belegt.","description_full":"West Morrison Street and Stewart Avenue ist in New Seattle als benannter Schauplatz mit Bezug zu Seattle belegt. Das Dossier fasst den belegten Quellenstand redaktionell zusammen; eine nicht belegte Kartenposition wird nicht ergänzt.","description_source":"PDF-Seite 132","description_kind":"Ortsdossier","description_has_more":true,"detail_plans":[],"alternate_locations":[],"sources":[{"bookId":"sr3-new-seattle","title":"New Seattle","edition":"SR3","citation":"PDF-Seite 132","purpose":"description"},{"bookId":"sr4-seattle-2072","title":"Seattle 2072","edition":"SR4","citation":"Textzeile 12551","purpose":"description"}],"map_sources":[],"editions":["SR3","SR4"],"edition_descriptions":{"SR3":{"kind":"Ortsdossier","preview":"West Morrison Street and Stewart Avenue ist in New Seattle als benannter Schauplatz mit Bezug zu Seattle belegt.","full":"West Morrison Street and Stewart Avenue ist in New Seattle als benannter Schauplatz mit Bezug zu Seattle belegt. Das Dossier fasst den belegten Quellenstand redaktionell zusammen; eine nicht belegte Kartenposition wird nicht ergänzt.","hasMore":true,"hasExcerpt":true,"sources":[{"bookId":"sr3-new-seattle","title":"New Seattle","edition":"SR3","citation":"PDF-Seite 132","purpose":"description"}]},"SR4":{"kind":"Ortsdossier","preview":"West Morrison Street and Stewart Avenue ist in Seattle 2072 als benannter Schauplatz mit Bezug zu Seattle belegt.","full":"West Morrison Street and Stewart Avenue ist in Seattle 2072 als benannter Schauplatz mit Bezug zu Seattle belegt. Das Dossier fasst den belegten Quellenstand redaktionell zusammen; eine nicht belegte Kartenposition wird nicht ergänzt.","hasMore":true,"hasExcerpt":true,"sources":[{"bookId":"sr4-seattle-2072","title":"Seattle 2072","edition":"SR4","citation":"Textzeile 12551","purpose":"description"}]}}}},{"type":"Feature","geometry":null,"properties":{"id":4263,"global_id":"seattle:source-place:west-thomas-street-second-avenue-joseph","name":"West Thomas Street & Second Avenue/Joseph","aliases":[],"category":"Sonstige Spots","detail_map":"Seattle","source_pages":"PDF-Seite 40","map_source":"Seattle Sourcebook","placement_note":"Keine belastbare Einzelposition; Eintrag bleibt im Katalog","accuracy":"Nur Stadt oder Lore-Teilraum belegt","source_map":"source-supplement","source_panel":"Seattle","description_preview":"West Thomas Street & Second Avenue/Joseph ist in Seattle Sourcebook als benannter Schauplatz mit Bezug zu Seattle belegt.","description_full":"West Thomas Street & Second Avenue/Joseph ist in Seattle Sourcebook als benannter Schauplatz mit Bezug zu Seattle belegt. Das Dossier fasst den belegten Quellenstand redaktionell zusammen; eine nicht belegte Kartenposition wird nicht ergänzt.","description_source":"PDF-Seite 40","description_kind":"Ortsdossier","description_has_more":true,"detail_plans":[],"alternate_locations":[],"sources":[{"bookId":"sr1-seattle-sourcebook","title":"Seattle Sourcebook","edition":"SR1","citation":"PDF-Seite 40","purpose":"description"}],"map_sources":[],"editions":["SR1"],"edition_descriptions":{"SR1":{"kind":"Ortsdossier","preview":"West Thomas Street & Second Avenue/Joseph ist in Seattle Sourcebook als benannter Schauplatz mit Bezug zu Seattle belegt.","full":"West Thomas Street & Second Avenue/Joseph ist in Seattle Sourcebook als benannter Schauplatz mit Bezug zu Seattle belegt. Das Dossier fasst den belegten Quellenstand redaktionell zusammen; eine nicht belegte Kartenposition wird nicht ergänzt.","hasMore":true,"hasExcerpt":true,"sources":[{"bookId":"sr1-seattle-sourcebook","title":"Seattle Sourcebook","edition":"SR1","citation":"PDF-Seite 40","purpose":"description"}]}}}},{"type":"Feature","geometry":null,"properties":{"id":4264,"global_id":"seattle:source-place:west-thomas-street-and-second-avenue","name":"West Thomas Street and Second Avenue","aliases":["West Thomas Street/Second Avenue"],"category":"Sonstige Spots","detail_map":"Seattle","source_pages":"PDF-Seite 123","map_source":"New Seattle","placement_note":"Keine belastbare Einzelposition; Eintrag bleibt im Katalog","accuracy":"Nur Stadt oder Lore-Teilraum belegt","source_map":"source-supplement","source_panel":"Seattle","description_preview":"West Thomas Street and Second Avenue ist in New Seattle als benannter Schauplatz mit Bezug zu Seattle belegt.","description_full":"West Thomas Street and Second Avenue ist in New Seattle als benannter Schauplatz mit Bezug zu Seattle belegt. Das Dossier fasst den belegten Quellenstand redaktionell zusammen; eine nicht belegte Kartenposition wird nicht ergänzt.","description_source":"PDF-Seite 123","description_kind":"Ortsdossier","description_has_more":true,"detail_plans":[],"alternate_locations":[],"sources":[{"bookId":"sr3-new-seattle","title":"New Seattle","edition":"SR3","citation":"PDF-Seite 123","purpose":"description"},{"bookId":"sr3-new-seattle","title":"New Seattle","edition":"SR3","citation":"PDF-Seite 122","purpose":"description"},{"bookId":"sr4-seattle-2072","title":"Seattle 2072","edition":"SR4","citation":"Textzeile 5132","purpose":"description"}],"map_sources":[],"editions":["SR3","SR4"],"edition_descriptions":{"SR3":{"kind":"Ortsdossier","preview":"West Thomas Street and Second Avenue ist in New Seattle als benannter Schauplatz mit Bezug zu Seattle belegt.","full":"West Thomas Street and Second Avenue ist in New Seattle als benannter Schauplatz mit Bezug zu Seattle belegt. Das Dossier fasst den belegten Quellenstand redaktionell zusammen; eine nicht belegte Kartenposition wird nicht ergänzt.","hasMore":true,"hasExcerpt":true,"sources":[{"bookId":"sr3-new-seattle","title":"New Seattle","edition":"SR3","citation":"PDF-Seite 123","purpose":"description"},{"bookId":"sr3-new-seattle","title":"New Seattle","edition":"SR3","citation":"PDF-Seite 122","purpose":"description"}]},"SR4":{"kind":"Ortsdossier","preview":"West Thomas Street and Second Avenue ist in Seattle 2072 als benannter Schauplatz mit Bezug zu Seattle belegt.","full":"West Thomas Street and Second Avenue ist in Seattle 2072 als benannter Schauplatz mit Bezug zu Seattle belegt. Das Dossier fasst den belegten Quellenstand redaktionell zusammen; eine nicht belegte Kartenposition wird nicht ergänzt.","hasMore":true,"hasExcerpt":true,"sources":[{"bookId":"sr4-seattle-2072","title":"Seattle 2072","edition":"SR4","citation":"Textzeile 5132","purpose":"description"}]}}}},{"type":"Feature","geometry":null,"properties":{"id":4265,"global_id":"seattle:source-place:westgate-boulevard-and-pearl-street","name":"Westgate Boulevard and Pearl Street","aliases":["Westgate Boulevard/Pearl Street"],"category":"Sonstige Spots","detail_map":"Seattle","source_pages":"PDF-Seite 126","map_source":"New Seattle","placement_note":"Keine belastbare Einzelposition; Eintrag bleibt im Katalog","accuracy":"Nur Stadt oder Lore-Teilraum belegt","source_map":"source-supplement","source_panel":"Seattle","description_preview":"Westgate Boulevard and Pearl Street ist in New Seattle als benannter Schauplatz mit Bezug zu Seattle belegt.","description_full":"Westgate Boulevard and Pearl Street ist in New Seattle als benannter Schauplatz mit Bezug zu Seattle belegt. Das Dossier fasst den belegten Quellenstand redaktionell zusammen; eine nicht belegte Kartenposition wird nicht ergänzt.","description_source":"PDF-Seite 126","description_kind":"Ortsdossier","description_has_more":true,"detail_plans":[],"alternate_locations":[],"sources":[{"bookId":"sr3-new-seattle","title":"New Seattle","edition":"SR3","citation":"PDF-Seite 126","purpose":"description"},{"bookId":"sr3-new-seattle","title":"New Seattle","edition":"SR3","citation":"PDF-Seite 125","purpose":"description"},{"bookId":"sr4-seattle-2072","title":"Seattle 2072","edition":"SR4","citation":"Textzeile 7585","purpose":"description"}],"map_sources":[],"editions":["SR3","SR4"],"edition_descriptions":{"SR3":{"kind":"Ortsdossier","preview":"Westgate Boulevard and Pearl Street ist in New Seattle als benannter Schauplatz mit Bezug zu Seattle belegt.","full":"Westgate Boulevard and Pearl Street ist in New Seattle als benannter Schauplatz mit Bezug zu Seattle belegt. Das Dossier fasst den belegten Quellenstand redaktionell zusammen; eine nicht belegte Kartenposition wird nicht ergänzt.","hasMore":true,"hasExcerpt":true,"sources":[{"bookId":"sr3-new-seattle","title":"New Seattle","edition":"SR3","citation":"PDF-Seite 126","purpose":"description"},{"bookId":"sr3-new-seattle","title":"New Seattle","edition":"SR3","citation":"PDF-Seite 125","purpose":"description"}]},"SR4":{"kind":"Ortsdossier","preview":"Westgate Boulevard and Pearl Street ist in Seattle 2072 als benannter Schauplatz mit Bezug zu Seattle belegt.","full":"Westgate Boulevard and Pearl Street ist in Seattle 2072 als benannter Schauplatz mit Bezug zu Seattle belegt. Das Dossier fasst den belegten Quellenstand redaktionell zusammen; eine nicht belegte Kartenposition wird nicht ergänzt.","hasMore":true,"hasExcerpt":true,"sources":[{"bookId":"sr4-seattle-2072","title":"Seattle 2072","edition":"SR4","citation":"Textzeile 7585","purpose":"description"}]}}}}]}
