{"type":"FeatureCollection","name":"Hamburg Bezirke","features":[{"type":"Feature","geometry":{"type":"Polygon","coordinates":[[[9.815849,53.55069],[9.806755,53.55249],[9.777382,53.557465],[9.77433,53.554321],[9.769905,53.554596],[9.765038,53.554596],[9.76313,53.555206],[9.732147,53.557495],[9.730469,53.557861],[9.730835,53.558899],[9.735153,53.566284],[9.734756,53.567352],[9.734779,53.568604],[9.736786,53.57489],[9.736351,53.576691],[9.736687,53.577148],[9.737495,53.577606],[9.739578,53.577606],[9.739525,53.577942],[9.742386,53.578003],[9.740189,53.581238],[9.738976,53.581177],[9.739075,53.580017],[9.737671,53.580475],[9.735519,53.582123],[9.734596,53.582489],[9.735443,53.583466],[9.738716,53.585968],[9.739571,53.586578],[9.740341,53.586853],[9.742043,53.588104],[9.742844,53.589142],[9.74324,53.589325],[9.744362,53.588989],[9.745583,53.588959],[9.745201,53.589325],[9.746292,53.59256],[9.744621,53.594604],[9.744026,53.595001],[9.743431,53.596771],[9.743553,53.598022],[9.744965,53.599701],[9.747169,53.601868],[9.748055,53.603821],[9.755348,53.602631],[9.757591,53.60733],[9.758949,53.61087],[9.756775,53.611542],[9.756905,53.611725],[9.753731,53.612885],[9.754486,53.614319],[9.755875,53.616028],[9.756615,53.615967],[9.757401,53.616852],[9.76001,53.624268],[9.763489,53.624908],[9.763702,53.627411],[9.769936,53.627563],[9.771011,53.63092],[9.771172,53.631287],[9.771385,53.631287],[9.768585,53.622589],[9.770699,53.616058],[9.786148,53.611542],[9.78894,53.611298],[9.788986,53.610596],[9.791298,53.608643],[9.796333,53.610291],[9.798988,53.607971],[9.797127,53.605652],[9.792297,53.60498],[9.792122,53.604858],[9.792152,53.604309],[9.789932,53.603851],[9.791542,53.601135],[9.797371,53.596924],[9.797569,53.596008],[9.798615,53.595886],[9.801376,53.59491],[9.803535,53.593292],[9.804436,53.593597],[9.804489,53.593781],[9.806633,53.592529],[9.806488,53.592407],[9.807426,53.591461],[9.815758,53.586487],[9.821045,53.585114],[9.821083,53.58493],[9.8218,53.584625],[9.824554,53.584167],[9.825928,53.585114],[9.828926,53.585449],[9.831955,53.586426],[9.833084,53.587128],[9.836082,53.587555],[9.836823,53.587921],[9.836777,53.589294],[9.836029,53.589752],[9.836105,53.590118],[9.837044,53.59198],[9.837723,53.59198],[9.83889,53.59259],[9.839531,53.592438],[9.840004,53.592865],[9.839653,53.593689],[9.839355,53.593811],[9.839737,53.595032],[9.845314,53.59491],[9.844978,53.594971],[9.844383,53.596497],[9.849213,53.597443],[9.849121,53.597717],[9.852982,53.597351],[9.855057,53.598541],[9.857971,53.599274],[9.857735,53.602448],[9.860977,53.605011],[9.861877,53.607086],[9.868164,53.609131],[9.869301,53.61322],[9.879364,53.606873],[9.884766,53.60437],[9.897888,53.599152],[9.897537,53.598755],[9.90097,53.597321],[9.900352,53.597229],[9.900139,53.596954],[9.900841,53.594391],[9.900108,53.591675],[9.900688,53.59137],[9.90184,53.589935],[9.902145,53.587677],[9.904541,53.587463],[9.906189,53.585876],[9.907784,53.586182],[9.907227,53.587128],[9.907288,53.588989],[9.907631,53.589844],[9.914299,53.590485],[9.91465,53.590363],[9.916168,53.588593],[9.917992,53.583862],[9.91909,53.582306],[9.923119,53.57901],[9.930962,53.573303],[9.932411,53.573578],[9.932961,53.572662],[9.934532,53.572601],[9.935776,53.572205],[9.9351350776592,53.57148450885564],[9.941742,53.571625],[9.942192,53.571869],[9.944077,53.570129],[9.94413,53.56958],[9.944321,53.56958],[9.944397,53.57074],[9.944191,53.571747],[9.945015,53.571686],[9.949554,53.569641],[9.951645,53.567017],[9.952446,53.566376],[9.957588,53.564789],[9.960052,53.563721],[9.964859,53.565033],[9.970032,53.567505],[9.974785,53.565186],[9.973625,53.56427],[9.976738,53.564301],[9.977188,53.564148],[9.976898,53.563721],[9.971611,53.56369],[9.971657,53.56311],[9.970444,53.56311],[9.970573,53.563599],[9.9655,53.563477],[9.965508,53.563049],[9.965935,53.562378],[9.968262,53.562408],[9.967583,53.561157],[9.968239,53.561035],[9.967751,53.560242],[9.967293,53.560333],[9.967049,53.560028],[9.967377,53.557556],[9.967712,53.557373],[9.96463,53.557068],[9.964584,53.557251],[9.964272,53.55722],[9.963982,53.557892],[9.963524,53.558289],[9.961456,53.559418],[9.959656,53.56015],[9.956177,53.551483],[9.955803,53.549561],[9.955643,53.549591],[9.954956,53.548553],[9.957153,53.54776],[9.956703,53.547546],[9.957275,53.547394],[9.957451,53.546387],[9.957893,53.546387],[9.957962,53.546143],[9.960121,53.546356],[9.960304,53.544373],[9.954437,53.543579],[9.951004,53.542389],[9.946716,53.541779],[9.939232,53.541473],[9.927444,53.541901],[9.913193,53.541595],[9.876854,53.541656],[9.852234,53.5448],[9.820808,53.550018],[9.815849,53.55069]],[[9.861473,53.558228],[9.864784,53.558258],[9.870903,53.558746],[9.864983,53.558289],[9.861473,53.558228]],[[9.782898,53.575195],[9.780418,53.570923],[9.782356,53.574066],[9.782898,53.575195]],[[9.831036440197988,53.56587886902327],[9.830425443436182,53.56561006399629],[9.830612,53.565613],[9.831036440197988,53.56587886902327]],[[9.834908,53.568787],[9.83232237598507,53.566684378240645],[9.832756,53.566956],[9.834908,53.568787]],[[9.831528,53.582611],[9.831538659161183,53.58257032688496],[9.831600093086923,53.58262310814511],[9.831528,53.582611]],[[9.821205,53.558289],[9.821877,53.559692],[9.821602,53.559357],[9.821205,53.558289]],[[9.818321,53.5737],[9.816826,53.575073],[9.8164641299181,53.57527948473846],[9.818321,53.5737]],[[9.914749,53.560028],[9.913549983030457,53.559999896079404],[9.929993,53.559387],[9.914749,53.560028]],[[9.932549,53.559753],[9.933472,53.557922],[9.933907,53.557159],[9.932549,53.559753]],[[9.956955,53.561707],[9.954352850203794,53.561265685665155],[9.954964,53.561279],[9.956955,53.561707]],[[9.909657116888694,53.55912368027503],[9.909592,53.559082],[9.909565965709389,53.55897390998714],[9.909657116888694,53.55912368027503]],[[9.909455378811415,53.55851477171441],[9.909401,53.558289],[9.909556663265205,53.558075318947694],[9.909455378811415,53.55851477171441]]]},"properties":{"name":"Altona","basis":"Shadowrun-Bezirk laut Hamburg-Kartenpaket; auf heutige Stadtteil- bzw. Kreisgeometrien übertragen","boundary_role":"lore-inner-district","lore_source":"Datapuls Hamburg und Hamburg-Kartenpaket (SR5)","boundary_review_status":"confirmed","boundary_review_label":"Mit der offiziellen Hamburg-2080-Karte abgeglichen","source":"Code for Germany / Click That Hood","source_url":"https://github.com/codeforgermany/click_that_hood","entity_id":309,"description_preview":"Altona bewahrt seine offene, eigenwillige Identität. Das alternative alte Altona und Othmarschen, die Architektensiedlungen Bahrenfelds sowie die kriminell dominierten Hochhausgebiete Lurup und Osdorf liegen hier dicht beieinander.","description_full":"Altona bewahrt seine offene, eigenwillige Identität. Das alternative alte Altona und Othmarschen, die Architektensiedlungen Bahrenfelds sowie die kriminell dominierten Hochhausgebiete Lurup und Osdorf liegen hier dicht beieinander. Die Position ist auf den belegten Stadt- oder Teilraum angenähert; eine hausgenaue Lage und eine weitergehende eigene Fließtextbeschreibung sind aus dem zugeordneten Datenmaterial nicht sicher ableitbar.","editions":["SR5"],"sources":[{"bookId":"datapuls-hamburg-sr5","title":"Datapuls: Hamburg","edition":"SR5","citation":"Datapuls: Hamburg, S. 33–35","purpose":"description"}]}},{"type":"Feature","geometry":{"type":"Polygon","coordinates":[[[10.008713,53.565338],[9.99823,53.558075],[9.997528,53.557007],[9.992195,53.558716],[9.991051,53.559387],[9.98877,53.561218],[9.98455,53.563538],[9.983139,53.563782],[9.976898,53.563721],[9.977188,53.564148],[9.976738,53.564301],[9.973625,53.56427],[9.974785,53.565186],[9.970032,53.567505],[9.964859,53.565033],[9.960052,53.563721],[9.957588,53.564789],[9.952446,53.566376],[9.951645,53.567017],[9.949554,53.569641],[9.945015,53.571686],[9.944191,53.571747],[9.944397,53.57074],[9.944321,53.56958],[9.94413,53.56958],[9.943977,53.570251],[9.942162345841032,53.571852920856024],[9.941742,53.571625],[9.937355,53.571594],[9.935043,53.571381],[9.935776,53.572205],[9.934532,53.572601],[9.932961,53.572662],[9.932411,53.573578],[9.930962,53.573303],[9.923119,53.57901],[9.91909,53.582306],[9.917992,53.583862],[9.916168,53.588593],[9.91465,53.590363],[9.914299,53.590485],[9.90764544286906,53.58984538840418],[9.907288,53.588989],[9.907227,53.587128],[9.907784,53.586182],[9.906189,53.585876],[9.904541,53.587463],[9.902145,53.587677],[9.90184,53.589935],[9.900688,53.59137],[9.900108,53.591675],[9.900681,53.593323],[9.900841,53.594391],[9.900139,53.596954],[9.900352,53.597229],[9.90097,53.597321],[9.897537,53.598755],[9.897888,53.599152],[9.884766,53.60437],[9.879364,53.606873],[9.869301,53.61322],[9.869507,53.613708],[9.874672,53.617096],[9.879135,53.61969],[9.880989,53.620392],[9.881821,53.620544],[9.88195,53.620392],[9.885048,53.621979],[9.889427,53.622864],[9.886086,53.624878],[9.888138,53.627228],[9.893875,53.630432],[9.8937,53.630859],[9.894302,53.631134],[9.896362,53.631195],[9.896873,53.634888],[9.899597,53.635773],[9.90036,53.6362],[9.900543,53.637787],[9.899567,53.640015],[9.905457,53.641632],[9.905701,53.644592],[9.90554,53.644928],[9.90596,53.645142],[9.905151,53.646271],[9.904808,53.646393],[9.905457,53.647095],[9.905045,53.647308],[9.905296,53.6492],[9.905769,53.6492],[9.906265,53.650787],[9.906883,53.650848],[9.906929,53.651093],[9.906532,53.651154],[9.906509,53.651367],[9.906883,53.651367],[9.906776,53.652283],[9.909302,53.65274],[9.91011,53.652466],[9.911583,53.652435],[9.913475,53.652802],[9.914497,53.65329],[9.914856,53.654846],[9.91758,53.654144],[9.919884,53.654877],[9.920975,53.655426],[9.921257,53.655212],[9.920952,53.654785],[9.921303,53.654572],[9.921661,53.654755],[9.921921,53.654602],[9.921417,53.654175],[9.923874,53.653564],[9.923737,53.653229],[9.924927,53.652924],[9.925041,53.653107],[9.930077,53.653259],[9.930618,53.65274],[9.931145,53.652588],[9.932762,53.65274],[9.935265,53.652008],[9.936569,53.653229],[9.937469,53.652313],[9.940552,53.652344],[9.940727,53.652557],[9.945168,53.652832],[9.94783,53.651337],[9.949806,53.650696],[9.950241,53.650818],[9.951546,53.650635],[9.952873,53.651794],[9.95491,53.65097],[9.958366,53.650513],[9.959557,53.649902],[9.959557,53.64975],[9.960861,53.649567],[9.963463,53.649994],[9.963936,53.649506],[9.964455,53.649506],[9.964638,53.649017],[9.965462,53.648682],[9.968933,53.650391],[9.973656,53.648163],[9.975845,53.649902],[9.97789,53.649078],[9.977951,53.648865],[9.977646,53.648346],[9.979546,53.646515],[9.981544,53.644104],[9.982063,53.643188],[9.984413,53.64035],[9.985275,53.639008],[9.98291,53.638885],[9.982513,53.638611],[9.981499,53.634308],[9.981293,53.634094],[9.981483,53.633942],[9.98114,53.632507],[9.980812,53.632294],[9.980728,53.631989],[9.98111,53.631989],[9.981102,53.631714],[9.979088,53.628113],[9.977219,53.626801],[9.972977,53.625214],[9.970291,53.623444],[9.968155,53.622528],[9.967239,53.621674],[9.966591,53.621735],[9.960747,53.618774],[9.957466,53.616882],[9.956825,53.616028],[9.956238,53.615753],[9.956696,53.614471],[9.959473,53.614349],[9.960182,53.614502],[9.960945,53.615051],[9.963615,53.616089],[9.964523,53.615784],[9.965851,53.615845],[9.967987,53.617004],[9.967255,53.614319],[9.967316,53.61264],[9.965332,53.610168],[9.965378,53.609741],[9.964767,53.608551],[9.965302,53.606506],[9.965614,53.606049],[9.96682,53.605347],[9.966393,53.604919],[9.966325800517419,53.60429570045142],[9.968399,53.603607],[9.97184,53.602844],[9.971756,53.598602],[9.974693,53.598236],[9.974358,53.594269],[9.971825,53.593872],[9.969826,53.593811],[9.971298,53.592102],[9.971519,53.591492],[9.971001,53.591217],[9.967484,53.590881],[9.969055,53.5849],[9.969681,53.583984],[9.976044,53.57843],[9.984665,53.584045],[9.985756,53.584412],[9.98912,53.585022],[9.991608,53.585114],[9.993675,53.584656],[9.995361,53.583954],[9.995628,53.582733],[9.996124,53.582001],[9.999733,53.579529],[10.002525,53.577087],[10.004578,53.574585],[10.005463,53.572235],[10.005959,53.570068],[10.008713,53.565338]],[[9.953527753702105,53.581836802417506],[9.951569,53.582275],[9.951146726409666,53.58229400075413],[9.953527753702105,53.581836802417506]],[[9.970444,53.57608],[9.969681,53.576477],[9.972563932032662,53.57466053023656],[9.970444,53.57608]],[[9.978378,53.572174],[9.977417,53.571411],[9.975822,53.570068],[9.978378,53.572174]],[[9.922554,53.604431],[9.922448333744265,53.60438607762537],[9.924278,53.604858],[9.922554,53.604431]],[[9.957718,53.607178],[9.957507502883612,53.607225069097396],[9.96261657422191,53.605527876055156],[9.957718,53.607178]],[[9.928126994746183,53.620086780422454],[9.928062,53.619965],[9.926445,53.620392],[9.928295821232593,53.619765949255424],[9.928126994746183,53.620086780422454]],[[9.929129246081377,53.61847142787637],[9.929012886000855,53.61802349805183],[9.929153,53.618286],[9.929129246081377,53.61847142787637]],[[9.926602995210256,53.61086160060139],[9.926399,53.610718],[9.926431509938944,53.61063832775526],[9.926602995210256,53.61086160060139]],[[9.926634303574527,53.61014134053567],[9.927109,53.608978],[9.927963,53.607574],[9.926634303574527,53.61014134053567]],[[9.933647,53.62262],[9.931076,53.622223],[9.930112018173945,53.621935732519525],[9.933647,53.62262]],[[9.934647,53.624573],[9.934357,53.624268],[9.934468971725394,53.62422531077969],[9.934647,53.624573]],[[9.935928,53.627838],[9.936134,53.628601],[9.935539,53.627014],[9.935928,53.627838]]]},"properties":{"name":"Eimsbüttel","basis":"Shadowrun-Bezirk laut Hamburg-Kartenpaket; auf heutige Stadtteil- bzw. Kreisgeometrien übertragen","boundary_role":"lore-inner-district","lore_source":"Datapuls Hamburg und Hamburg-Kartenpaket (SR5)","boundary_review_status":"confirmed","boundary_review_label":"Mit der offiziellen Hamburg-2080-Karte abgeglichen","source":"Code for Germany / Click That Hood","source_url":"https://github.com/codeforgermany/click_that_hood","entity_id":310,"description_preview":"Eimsbüttel steht stark unter dem Einfluss der DeMeKo und der Medienwirtschaft. Konzernhochhäuser, Stars, Journalisten, Hochschulen, Hagenbecks Tierpark und ein allgegenwärtiger Strom aus Werbung und Überwachung prägen den Bezirk.","description_full":"Eimsbüttel steht stark unter dem Einfluss der DeMeKo und der Medienwirtschaft. Konzernhochhäuser, Stars, Journalisten, Hochschulen, Hagenbecks Tierpark und ein allgegenwärtiger Strom aus Werbung und Überwachung prägen den Bezirk. Die Position ist auf den belegten Stadt- oder Teilraum angenähert; eine hausgenaue Lage und eine weitergehende eigene Fließtextbeschreibung sind aus dem zugeordneten Datenmaterial nicht sicher ableitbar.","editions":["SR5"],"sources":[{"bookId":"datapuls-hamburg-sr5","title":"Datapuls: Hamburg","edition":"SR5","citation":"Datapuls: Hamburg, S. 36–39","purpose":"description"}]}},{"type":"Feature","geometry":{"type":"Polygon","coordinates":[[[9.969055,53.5849],[9.967484,53.590881],[9.971001,53.591217],[9.971519,53.591492],[9.971298,53.592102],[9.969826,53.593811],[9.971825,53.593872],[9.974358,53.594269],[9.974693,53.598236],[9.971756,53.598602],[9.97184,53.602844],[9.981102,53.60199],[9.970261,53.603088],[9.966324,53.604279],[9.966393,53.604919],[9.96682,53.605347],[9.965614,53.606049],[9.965302,53.606506],[9.964767,53.608551],[9.965378,53.609741],[9.965332,53.610168],[9.967316,53.61264],[9.967255,53.614319],[9.967979236191379,53.61697552209543],[9.965851,53.615845],[9.964523,53.615784],[9.963615,53.616089],[9.960945,53.615051],[9.960182,53.614502],[9.959473,53.614349],[9.956696,53.614471],[9.956238,53.615753],[9.956825,53.616028],[9.957466,53.616882],[9.960747,53.618774],[9.966591,53.621735],[9.967239,53.621674],[9.968155,53.622528],[9.970291,53.623444],[9.972977,53.625214],[9.977219,53.626801],[9.979088,53.628113],[9.981102,53.631714],[9.98111,53.631989],[9.980728,53.631989],[9.980812,53.632294],[9.98114,53.632507],[9.981483,53.633942],[9.981293,53.634094],[9.981499,53.634308],[9.982513,53.638611],[9.98291,53.638885],[9.985275,53.639008],[9.984413,53.64035],[9.982063,53.643188],[9.981544,53.644104],[9.979546,53.646515],[9.977646,53.648346],[9.977951,53.648865],[9.978569,53.648682],[9.980453,53.64917],[9.982254,53.6492],[9.982315,53.648834],[9.985542,53.648193],[9.987465,53.6492],[9.987,53.655365],[9.99115,53.658142],[9.991547,53.661041],[9.990562,53.664703],[9.991112,53.666534],[9.989716,53.669342],[9.99234,53.674957],[9.992439,53.676392],[9.997734,53.68045],[9.999596,53.681519],[10.000954,53.681122],[10.00309,53.680908],[10.004982,53.681183],[10.043373,53.681976],[10.042778,53.681488],[10.043007,53.681396],[10.035965,53.675293],[10.034996,53.661499],[10.035072,53.661102],[10.035477,53.660858],[10.03511,53.660431],[10.035332,53.659271],[10.034782,53.658905],[10.034622,53.657928],[10.034828,53.657654],[10.036621,53.65741],[10.036392,53.656006],[10.036568,53.6539],[10.035637,53.653076],[10.03418,53.652374],[10.025116,53.644653],[10.020866,53.640167],[10.019597135530594,53.64008829798236],[10.020134,53.640106],[10.020195,53.639374],[10.02047,53.639008],[10.020477,53.639282],[10.020737,53.639404],[10.025185,53.637787],[10.026276,53.638306],[10.028137,53.637756],[10.02932,53.637787],[10.029823,53.638031],[10.031715,53.637878],[10.031868,53.637268],[10.032845,53.637085],[10.032837,53.636841],[10.033699,53.636688],[10.033089,53.636139],[10.036369,53.634583],[10.035652,53.634186],[10.036674,53.633392],[10.036568,53.633209],[10.037506,53.632568],[10.039825,53.631866],[10.041748,53.632202],[10.041939,53.632477],[10.041695,53.633514],[10.043129,53.634186],[10.043465,53.634644],[10.045494,53.63504],[10.046516,53.635834],[10.048157,53.636292],[10.04895,53.63623],[10.050087,53.635681],[10.050941,53.635803],[10.053192,53.636627],[10.055496,53.637939],[10.056458,53.638184],[10.057663,53.636749],[10.05735,53.636688],[10.057281,53.636047],[10.057579,53.634399],[10.058563,53.631348],[10.060089,53.631561],[10.061157,53.628387],[10.065247,53.629333],[10.06884,53.629883],[10.074081,53.631287],[10.077103,53.631439],[10.077995,53.631012],[10.078125,53.628845],[10.082024,53.628876],[10.08461,53.62738],[10.084579,53.626984],[10.085205,53.626892],[10.084984,53.625885],[10.084557,53.625885],[10.084251,53.625153],[10.083687,53.625214],[10.083519,53.624451],[10.081161,53.624756],[10.080826,53.624542],[10.079948,53.622681],[10.07914,53.621796],[10.077728,53.622009],[10.077362,53.621155],[10.077621,53.621124],[10.077225,53.620209],[10.076614,53.6203],[10.074074,53.618835],[10.07328,53.619141],[10.072746,53.619049],[10.069687,53.61972],[10.067635,53.619843],[10.065628,53.620392],[10.063118,53.620575],[10.061577,53.620453],[10.06028,53.620209],[10.059196,53.61969],[10.057549,53.618561],[10.056244,53.617126],[10.055038,53.617218],[10.049919,53.618988],[10.045555,53.613281],[10.0439,53.611938],[10.044502,53.608002],[10.043182,53.607819],[10.043266,53.607117],[10.045738,53.605072],[10.04847,53.603241],[10.050629,53.60257],[10.051361,53.602875],[10.053658,53.602081],[10.053108,53.600494],[10.054909,53.599854],[10.05545,53.598694],[10.055817,53.598511],[10.055939,53.596039],[10.056908,53.595123],[10.057045,53.594208],[10.056915,53.593567],[10.059418,53.593353],[10.065392,53.592316],[10.069878,53.591827],[10.069946,53.591309],[10.069405,53.591003],[10.06958,53.590912],[10.06945,53.589661],[10.074348,53.589539],[10.074654,53.589172],[10.07531,53.589294],[10.075508,53.58905],[10.074524,53.586884],[10.072594,53.584015],[10.071793,53.58313],[10.069038,53.580933],[10.066734,53.580322],[10.066826,53.580109],[10.066086,53.579956],[10.064224,53.578552],[10.058327,53.575958],[10.057022,53.575745],[10.056526,53.575104],[10.055931,53.574707],[10.050171,53.573029],[10.050003,53.573181],[10.048805,53.573242],[10.039917,53.570679],[10.0317,53.566498],[10.034798,53.563995],[10.037712,53.560822],[10.027946,53.557037],[10.02681,53.556396],[10.024208,53.557983],[10.019051,53.560669],[10.017212,53.561066],[10.016121,53.561707],[10.015717,53.561432],[10.008713,53.565338],[10.005959,53.570068],[10.005463,53.572235],[10.004578,53.574585],[10.002525,53.577087],[9.999733,53.579529],[9.996124,53.582001],[9.995628,53.582733],[9.995361,53.583954],[9.993675,53.584656],[9.991608,53.585114],[9.98912,53.585022],[9.985756,53.584412],[9.983978,53.583679],[9.976044,53.57843],[9.969681,53.583984],[9.969055,53.5849]],[[9.988853,53.600677],[9.984795,53.601379],[9.981102,53.60199],[9.988853,53.600677]],[[10.01572215445676,53.63984795014682],[10.015465,53.639832],[10.015241078684108,53.639756005638844],[10.01572215445676,53.63984795014682]],[[10.027756,53.629486],[10.030708,53.629578],[10.034454,53.629944],[10.027756,53.629486]],[[10.030045,53.615631],[10.030062025484014,53.61558202729093],[10.030053135466863,53.615675445340024],[10.030045,53.615631]],[[10.032283319453862,53.60919261814123],[10.031815,53.610809],[10.030964799941149,53.61298525466433],[10.032283319453862,53.60919261814123]],[[10.032372,53.607269],[10.036301,53.608063],[10.032814,53.607361],[10.032372,53.607269]],[[10.032017472429665,53.584592252925326],[10.040977,53.585358],[10.033546,53.584747],[10.032017472429665,53.584592252925326]],[[10.027817,53.584167],[10.021973,53.582397],[10.028186868900809,53.58420444527186],[10.027817,53.584167]],[[10.016205,53.581543],[10.0149,53.581177],[10.01850603772338,53.58188368762409],[10.016205,53.581543]],[[10.025879,53.610077],[10.025537573785677,53.60998617126543],[10.026553357142868,53.610057392857144],[10.025879,53.610077]],[[10.027977,53.610016],[10.027106005885214,53.61004132442374],[10.029167,53.609772],[10.027977,53.610016]],[[10.03167,53.608429],[10.030846,53.60907],[10.03182150551025,53.608178649014405],[10.03167,53.608429]],[[10.057243,53.578186],[10.056808,53.57901],[10.056587464416884,53.579319601931765],[10.057243,53.578186]]]},"properties":{"name":"Nord","basis":"Shadowrun-Bezirk laut Hamburg-Kartenpaket; auf heutige Stadtteil- bzw. Kreisgeometrien übertragen","boundary_role":"lore-inner-district","lore_source":"Datapuls Hamburg und Hamburg-Kartenpaket (SR5)","boundary_review_status":"confirmed","boundary_review_label":"Mit der offiziellen Hamburg-2080-Karte abgeglichen","source":"Code for Germany / Click That Hood","source_url":"https://github.com/codeforgermany/click_that_hood","entity_id":311,"description_preview":"Nord wird von Alster und Konzernen bestimmt. Luxuslagen am Wasser, die vollständig exterritoriale Sardinenstadt, Konzernkliniken und Mini-Arkologien stehen dem alternativen Barmbek und seinen heruntergekommenen Fleeten gegenüber.","description_full":"Nord wird von Alster und Konzernen bestimmt. Luxuslagen am Wasser, die vollständig exterritoriale Sardinenstadt, Konzernkliniken und Mini-Arkologien stehen dem alternativen Barmbek und seinen heruntergekommenen Fleeten gegenüber. Die Position ist auf den belegten Stadt- oder Teilraum angenähert; eine hausgenaue Lage und eine weitergehende eigene Fließtextbeschreibung sind aus dem zugeordneten Datenmaterial nicht sicher ableitbar.","editions":["SR5"],"sources":[{"bookId":"datapuls-hamburg-sr5","title":"Datapuls: Hamburg","edition":"SR5","citation":"Datapuls: Hamburg, S. 40–43","purpose":"description"}]}},{"type":"Feature","geometry":{"type":"MultiPolygon","coordinates":[[[[10.052681,53.48526],[10.051704,53.48822],[10.05069,53.491943],[10.052681,53.48526]]],[[[9.934822,53.521881],[9.932716,53.521545],[9.931244,53.520782],[9.929153,53.51886],[9.928322,53.518372],[9.92733,53.518097],[9.926498,53.516632],[9.925896,53.516113],[9.923714,53.516022],[9.920708,53.51535],[9.916229,53.515076],[9.913689,53.514587],[9.910309,53.513611],[9.908798,53.513397],[9.904007,53.513611],[9.901291,53.514099],[9.895576,53.515625],[9.891365,53.517426],[9.890137,53.517761],[9.88607,53.517975],[9.885262,53.518341],[9.884940454293977,53.51890785869147],[9.88092,53.518616],[9.878204,53.51886],[9.877487,53.518311],[9.871788,53.519226],[9.853165,53.516235],[9.841728,53.515747],[9.836006,53.516876],[9.832466,53.518372],[9.829758,53.520599],[9.828468,53.522644],[9.826927,53.525909],[9.825127,53.52887],[9.820366,53.52655],[9.815651,53.52887],[9.815964,53.529724],[9.810684,53.530334],[9.805016,53.531647],[9.798317,53.533752],[9.791527,53.53653],[9.778336,53.541534],[9.77327,53.542877],[9.772316,53.543518],[9.77433,53.554321],[9.777382,53.557465],[9.806755,53.55249],[9.815849,53.55069],[9.824211,53.54953],[9.852234,53.5448],[9.876854,53.541656],[9.913193,53.541595],[9.929977,53.541901],[9.939232,53.541473],[9.946716,53.541779],[9.951004,53.542389],[9.954437,53.543579],[9.96029975415615,53.544419008242386],[9.960121,53.546356],[9.957962,53.546143],[9.957893,53.546387],[9.957451,53.546387],[9.957275,53.547394],[9.956703,53.547546],[9.957153,53.54776],[9.954956,53.548553],[9.955643,53.549591],[9.955803,53.549561],[9.956177,53.551483],[9.959656,53.56015],[9.961456,53.559418],[9.963524,53.558289],[9.963982,53.557892],[9.964272,53.55722],[9.964584,53.557251],[9.96463,53.557068],[9.967712,53.557373],[9.967377,53.557556],[9.967049,53.560028],[9.967293,53.560333],[9.967751,53.560242],[9.968239,53.561035],[9.967583,53.561157],[9.968262,53.562408],[9.965935,53.562378],[9.965508,53.563049],[9.9655,53.563477],[9.970573,53.563599],[9.970444,53.56311],[9.971657,53.56311],[9.971611,53.56369],[9.983139,53.563782],[9.985123,53.563354],[9.98877,53.561218],[9.992195,53.558716],[9.997528,53.557007],[9.99823,53.558075],[10.008713,53.565338],[10.015717,53.561432],[10.016121,53.561707],[10.017212,53.561066],[10.019051,53.560669],[10.024208,53.557983],[10.02681,53.556396],[10.027946,53.557037],[10.040413,53.56192],[10.044037,53.562958],[10.05407,53.563995],[10.062271,53.566101],[10.066552489217685,53.559764944364495],[10.066498,53.559906],[10.068565,53.559631],[10.070145,53.559937],[10.072922,53.561218],[10.073357,53.561646],[10.079857,53.562469],[10.125641,53.567047],[10.130005,53.567169],[10.135315,53.566803],[10.138977,53.566223],[10.145927,53.564636],[10.148262,53.56366],[10.1558,53.561646],[10.159416,53.560883],[10.158737,53.560638],[10.160141,53.558502],[10.160271,53.557617],[10.159698,53.556091],[10.159721,53.555634],[10.159294,53.554871],[10.157982,53.554169],[10.157219,53.553986],[10.156616,53.553284],[10.156799,53.552887],[10.15625,53.552338],[10.155571,53.552368],[10.1502,53.548737],[10.148453,53.545929],[10.151672,53.544708],[10.152458,53.543152],[10.152351,53.542664],[10.151833,53.542023],[10.152298,53.540131],[10.152397,53.539886],[10.153542,53.539917],[10.154648,53.53656],[10.155899,53.536774],[10.156059,53.536499],[10.157089,53.536499],[10.157631,53.537079],[10.158882,53.537018],[10.159706,53.537506],[10.160164,53.538269],[10.161285,53.537842],[10.162697,53.53775],[10.16256,53.537384],[10.163086,53.537262],[10.164162,53.537262],[10.164436,53.537567],[10.16803,53.537292],[10.168068,53.537598],[10.168732,53.537292],[10.168571,53.534698],[10.165741,53.534668],[10.165146,53.533752],[10.165329,53.533051],[10.164391,53.532013],[10.163834,53.531891],[10.163048,53.530792],[10.163857,53.529572],[10.163925,53.529175],[10.163193,53.528778],[10.162437,53.527802],[10.161652,53.526031],[10.162277,53.522766],[10.162498,53.522308],[10.163261,53.521851],[10.156761,53.518585],[10.154968,53.518707],[10.148193,53.521851],[10.143211,53.523773],[10.138145,53.524597],[10.133919,53.525818],[10.13205,53.524414],[10.13018,53.524231],[10.129425,53.523926],[10.1222,53.519684],[10.121727,53.520325],[10.118568,53.522186],[10.118057,53.522797],[10.112335,53.524353],[10.111626,53.524872],[10.111435,53.525787],[10.110573,53.525787],[10.110748,53.525482],[10.109482,53.525085],[10.108589,53.524445],[10.108414,53.524536],[10.108238,53.524414],[10.108437,53.524292],[10.105392,53.522125],[10.102585,53.52066],[10.100746,53.519257],[10.098541,53.518402],[10.091682,53.51355],[10.09034,53.511688],[10.089653,53.511108],[10.08802,53.511932],[10.069603,53.523438],[10.069069,53.524078],[10.068924,53.524994],[10.067894,53.525208],[10.066551,53.525116],[10.064064,53.523926],[10.066025,53.517914],[10.069283,53.516602],[10.071648,53.51474],[10.07225,53.511841],[10.06987,53.511658],[10.068932,53.50824],[10.070389,53.505035],[10.067314,53.500214],[10.064201,53.501404],[10.06218,53.502808],[10.058647,53.507172],[10.058073513372241,53.507544296237036],[10.058754,53.508575],[10.058937,53.509583],[10.038887,53.510162],[10.037514,53.510406],[10.035843,53.511108],[10.032585,53.514099],[10.032326,53.515137],[10.031464,53.516052],[10.027885,53.517395],[10.025162,53.518921],[10.024078,53.519287],[10.019142,53.518982],[10.01902,53.519287],[10.014854,53.519836],[10.012665,53.51947],[10.011467,53.518738],[10.012468082352601,53.52058425145369],[10.003448,53.519745],[10.003868,53.520569],[9.990433,53.519196],[9.989136,53.519196],[9.976852,53.526459],[9.974876,53.52533],[9.974007,53.52536],[9.973778,53.524078],[9.970551,53.517548],[9.969368,53.516357],[9.96803156163072,53.51596611165568],[9.965851,53.516022],[9.944084,53.520844],[9.942924,53.521729],[9.942642,53.522552],[9.94091,53.522339],[9.940887,53.52121],[9.934822,53.521881]],[[10.006325,53.550171],[10.006286790788606,53.550277228570636],[10.006316316739328,53.55012817342629],[10.006325,53.550171]],[[10.008347,53.544739],[10.00708,53.545288],[10.002625,53.546814],[10.008347,53.544739]],[[10.022728,53.532684],[10.029068,53.530579],[10.019508,53.533783],[10.022728,53.532684]],[[9.98683498215838,53.53936988003927],[9.987556,53.539154],[9.989975,53.538483],[9.98683498215838,53.53936988003927]],[[9.971001,53.54715],[9.971123,53.547424],[9.971092482868245,53.54747019003886],[9.971001,53.54715]],[[9.97000329140652,53.550905627409186],[9.974792,53.556061],[9.970078,53.551025],[9.97000329140652,53.550905627409186]],[[9.979065,53.558868],[9.987006015923514,53.560960434521675],[9.986824,53.560974],[9.979065,53.558868]],[[10.113388,53.529877],[10.111763,53.531433],[10.113430341350071,53.52977316074824],[10.113388,53.529877]],[[10.113861,53.528717],[10.113639321228819,53.529260651954694],[10.113899,53.528198],[10.113861,53.528717]],[[10.113348595565842,53.52749810300348],[10.113525,53.527588],[10.113899,53.528198],[10.113348595565842,53.52749810300348]],[[10.11197523458667,53.52665226096914],[10.112158315371437,53.52682131540346],[10.112045,53.526764],[10.11197523458667,53.52665226096914]],[[10.02346,53.552185],[10.024437,53.552582],[10.019997,53.551086],[10.02346,53.552185]],[[10.02894812035316,53.55169798094796],[10.028809,53.551788],[10.028546173070666,53.551848168593466],[10.02894812035316,53.55169798094796]],[[10.044739,53.546997],[10.04099604931591,53.55195876266707],[10.04113,53.551636],[10.044739,53.546997]],[[10.066887,53.558899],[10.066676317198912,53.559444392238284],[10.06855,53.54895],[10.066887,53.558899]]],[[[10.058935313605817,53.509583037111234],[10.046486,53.509857],[10.038887,53.510162],[10.058935313605817,53.509583037111234]]]]},"properties":{"name":"Neue Mitte","basis":"Shadowrun-Bezirk laut Hamburg-Kartenpaket; auf heutige Stadtteil- bzw. Kreisgeometrien übertragen","boundary_role":"lore-inner-district","lore_source":"Datapuls Hamburg und Hamburg-Kartenpaket (SR5)","boundary_review_status":"confirmed","boundary_review_label":"Mit der offiziellen Hamburg-2080-Karte abgeglichen","source":"Code for Germany / Click That Hood","source_url":"https://github.com/codeforgermany/click_that_hood","entity_id":308,"description_preview":"Die Schwarze Flut hat Hamburg-Mitte fast vollständig überformt. St. Pauli, Altstadt, St. Georg, Neue HafenCity, Neue Mitte-Ost und Hafen bilden einen wasserreichen Bezirk aus Fleeten, Brücken, Tourismus, Medien, Nachtleben und Hafenlogistik.","description_full":"Die Schwarze Flut hat Hamburg-Mitte fast vollständig überformt. St. Pauli, Altstadt, St. Georg, Neue HafenCity, Neue Mitte-Ost und Hafen bilden einen wasserreichen Bezirk aus Fleeten, Brücken, Tourismus, Medien, Nachtleben und Hafenlogistik. Die Position ist auf den belegten Stadt- oder Teilraum angenähert; eine hausgenaue Lage und eine weitergehende eigene Fließtextbeschreibung sind aus dem zugeordneten Datenmaterial nicht sicher ableitbar.","editions":["SR5"],"sources":[{"bookId":"datapuls-hamburg-sr5","title":"Datapuls: Hamburg","edition":"SR5","citation":"Datapuls: Hamburg, S. 27–32","purpose":"description"}]}},{"type":"Feature","geometry":{"type":"Polygon","coordinates":[[[10.058937,53.509583],[10.058754,53.508575],[10.05275,53.499481],[10.051033,53.496185],[10.05069,53.491943],[10.051704,53.48822],[10.052681,53.48526],[10.055237,53.482544],[10.058792,53.479645],[10.061028,53.477509],[10.062645,53.472961],[10.063385,53.467834],[10.064812,53.463226],[10.067879,53.459839],[10.075554,53.45575],[10.075714,53.454254],[10.069778,53.454987],[10.065369,53.456635],[10.053215,53.462891],[10.048805,53.465881],[10.046059,53.468262],[10.041618,53.470734],[10.037468,53.472382],[10.033409,53.473724],[10.030739,53.474121],[10.029808,53.474487],[10.025467,53.474792],[10.018158,53.474243],[10.007553,53.472656],[9.999092,53.472473],[9.993721,53.473755],[9.981911,53.475891],[9.976166,53.477264],[9.961296,53.483643],[9.957809,53.486877],[9.953079,53.492676],[9.951561,53.494812],[9.94915,53.496887],[9.944809,53.498169],[9.941566,53.501984],[9.940201,53.511108],[9.939301,53.521332],[9.940887,53.52121],[9.94091,53.522339],[9.942642,53.522552],[9.942924,53.521729],[9.944084,53.520844],[9.965851,53.516022],[9.968231,53.515961],[9.969368,53.516357],[9.970551,53.517548],[9.973778,53.524078],[9.974007,53.52536],[9.974876,53.52533],[9.976852,53.526459],[9.989136,53.519196],[9.990433,53.519196],[10.003868,53.520569],[10.003448,53.519745],[10.012413,53.520508],[10.011467,53.518738],[10.012665,53.51947],[10.014854,53.519836],[10.01902,53.519287],[10.019142,53.518982],[10.019653,53.518951],[10.022675,53.519318],[10.024078,53.519287],[10.025162,53.518921],[10.027885,53.517395],[10.031464,53.516052],[10.032326,53.515137],[10.032585,53.514099],[10.033394,53.513275],[10.035843,53.511108],[10.037514,53.510406],[10.038887,53.510162],[10.046486,53.509857],[10.058937,53.509583]]]},"properties":{"name":"Big Willi","basis":"Shadowrun-Bezirk laut Hamburg-Kartenpaket; auf heutige Stadtteil- bzw. Kreisgeometrien übertragen","boundary_role":"lore-inner-district","lore_source":"Datapuls Hamburg und Hamburg-Kartenpaket (SR5)","boundary_review_status":"confirmed","boundary_review_label":"Mit der offiziellen Hamburg-2080-Karte abgeglichen","source":"Code for Germany / Click That Hood","source_url":"https://github.com/codeforgermany/click_that_hood","entity_id":320,"description_preview":"Big Willi ist Hamburgs schwer gesichertes Inselgefängnis. Doppelter Mauerwall, Hafenfortifikation, Straflinks, entnommene Ware und magieunterdrückende Medikamente machen die Anlage zu einem eigenen, brutalen Mikrokosmos.","description_full":"Big Willi ist Hamburgs schwer gesichertes Inselgefängnis. Doppelter Mauerwall, Hafenfortifikation, Straflinks, entnommene Ware und magieunterdrückende Medikamente machen die Anlage zu einem eigenen, brutalen Mikrokosmos. Die Position ist auf den belegten Stadt- oder Teilraum angenähert; eine hausgenaue Lage und eine weitergehende eigene Fließtextbeschreibung sind aus dem zugeordneten Datenmaterial nicht sicher ableitbar.","editions":["SR5"],"sources":[{"bookId":"datapuls-hamburg-sr5","title":"Datapuls: Hamburg","edition":"SR5","citation":"Datapuls: Hamburg, S. 75–78","purpose":"description"}]}},{"type":"Feature","geometry":{"type":"Polygon","coordinates":[[[10.079857,53.562469],[10.073357,53.561646],[10.072922,53.561218],[10.070145,53.559937],[10.068169,53.559631],[10.066498,53.559906],[10.062272818289857,53.56609833515362],[10.05407,53.563995],[10.044037,53.562958],[10.040413,53.56192],[10.037712,53.560822],[10.034798,53.563995],[10.0317,53.566498],[10.039917,53.570679],[10.048805,53.573242],[10.050003,53.573181],[10.050171,53.573029],[10.055931,53.574707],[10.056526,53.575104],[10.057022,53.575745],[10.058327,53.575958],[10.061089,53.577087],[10.064224,53.578552],[10.066086,53.579956],[10.066826,53.580109],[10.066734,53.580322],[10.069038,53.580933],[10.071793,53.58313],[10.072594,53.584015],[10.074524,53.586884],[10.075508,53.58905],[10.07531,53.589294],[10.074654,53.589172],[10.074348,53.589539],[10.06945,53.589661],[10.06958,53.590912],[10.069405,53.591003],[10.069946,53.591309],[10.07,53.592133],[10.069878,53.591827],[10.065392,53.592316],[10.059418,53.593353],[10.056915,53.593567],[10.057045,53.594208],[10.056908,53.595123],[10.055939,53.596039],[10.055817,53.598511],[10.05545,53.598694],[10.054909,53.599854],[10.053108,53.600494],[10.053658,53.602081],[10.051361,53.602875],[10.050629,53.60257],[10.04847,53.603241],[10.046997,53.604156],[10.043266,53.607117],[10.043182,53.607819],[10.044502,53.608002],[10.0439,53.611938],[10.045555,53.613281],[10.049919,53.618988],[10.055038,53.617218],[10.056244,53.617126],[10.057549,53.618561],[10.059196,53.61969],[10.06028,53.620209],[10.061577,53.620453],[10.063118,53.620575],[10.065628,53.620392],[10.067635,53.619843],[10.069687,53.61972],[10.072746,53.619049],[10.07328,53.619141],[10.074074,53.618835],[10.076614,53.6203],[10.077225,53.620209],[10.077621,53.621124],[10.077362,53.621155],[10.077728,53.622009],[10.07914,53.621796],[10.079948,53.622681],[10.080826,53.624542],[10.081459,53.624756],[10.083519,53.624451],[10.083687,53.625214],[10.084251,53.625153],[10.084557,53.625885],[10.084984,53.625885],[10.085205,53.626892],[10.084579,53.626984],[10.08461,53.62738],[10.082024,53.628876],[10.078125,53.628845],[10.077995,53.631012],[10.077103,53.631439],[10.074272,53.631287],[10.078049,53.63205],[10.074081,53.631287],[10.06884,53.629883],[10.065247,53.629333],[10.061157,53.628387],[10.060089,53.631561],[10.058563,53.631348],[10.057579,53.634399],[10.057281,53.636047],[10.05735,53.636688],[10.057663,53.636749],[10.056517719037608,53.6380882476956],[10.055496,53.637939],[10.053192,53.636627],[10.050941,53.635803],[10.050087,53.635681],[10.048561,53.636292],[10.046516,53.635834],[10.045494,53.63504],[10.043465,53.634644],[10.043129,53.634186],[10.041695,53.633514],[10.041939,53.632477],[10.041748,53.632202],[10.039825,53.631866],[10.037506,53.632568],[10.036568,53.633209],[10.036674,53.633392],[10.035652,53.634186],[10.036369,53.634583],[10.033089,53.636139],[10.033699,53.636688],[10.032837,53.636841],[10.032845,53.637085],[10.031868,53.637268],[10.031715,53.637878],[10.029823,53.638031],[10.02932,53.637787],[10.028137,53.637756],[10.026276,53.638306],[10.025185,53.637787],[10.020737,53.639404],[10.020477,53.639282],[10.02047,53.639008],[10.020195,53.639374],[10.020134,53.640106],[10.020866,53.640167],[10.025116,53.644653],[10.03418,53.652374],[10.035637,53.653076],[10.036568,53.6539],[10.036392,53.656006],[10.036621,53.65741],[10.034828,53.657654],[10.034622,53.657928],[10.034782,53.658905],[10.035332,53.659271],[10.03511,53.660431],[10.035477,53.660858],[10.035072,53.661102],[10.034996,53.661499],[10.035965,53.675293],[10.043007,53.681396],[10.042778,53.681488],[10.043373,53.681976],[10.051025,53.677979],[10.051476,53.677582],[10.055641,53.678131],[10.05545,53.679321],[10.059288,53.679474],[10.059395,53.678467],[10.071724,53.679749],[10.069244,53.679535],[10.065834,53.684998],[10.067101,53.685272],[10.066589,53.685944],[10.061668,53.686096],[10.060394,53.688324],[10.065857,53.688995],[10.065788,53.690735],[10.066406,53.690765],[10.067635,53.692657],[10.067581,53.693756],[10.068069,53.694885],[10.068863,53.694885],[10.069763,53.696411],[10.070999,53.695831],[10.070961,53.695648],[10.071388,53.696991],[10.07341,53.698761],[10.077461,53.699402],[10.076042,53.700836],[10.076599,53.701599],[10.076637,53.702026],[10.078888,53.703888],[10.069466,53.706146],[10.069435,53.706329],[10.071426,53.708466],[10.072937,53.709717],[10.07119,53.710236],[10.070702,53.709961],[10.069221,53.710968],[10.070534,53.712372],[10.073921,53.711792],[10.07692,53.713745],[10.076515,53.713776],[10.081978,53.720428],[10.09417,53.719299],[10.096344,53.718384],[10.098839,53.716644],[10.101112,53.716705],[10.10202,53.71524],[10.106804,53.7146],[10.10936,53.714294],[10.111031,53.714447],[10.111809,53.714447],[10.112137,53.714264],[10.113037,53.714355],[10.11467,53.71579],[10.115822,53.716095],[10.116478,53.715454],[10.117599,53.714996],[10.11779,53.713837],[10.118874,53.713623],[10.119072,53.713226],[10.121025,53.713226],[10.121788,53.714905],[10.123474,53.717163],[10.124275,53.717224],[10.124771,53.717987],[10.125977,53.719147],[10.125969,53.71936],[10.129524,53.721191],[10.132393,53.722321],[10.133408,53.723083],[10.138138,53.724762],[10.139389,53.725677],[10.142792,53.725098],[10.146072,53.72818],[10.147133,53.728668],[10.161598,53.733276],[10.161758,53.737],[10.162468,53.737183],[10.162277,53.737518],[10.162346,53.737854],[10.162842,53.738281],[10.164795,53.73941],[10.166061,53.739227],[10.167801,53.739288],[10.172562,53.73819],[10.176888,53.736328],[10.178619,53.734222],[10.181999,53.732941],[10.185501,53.73233],[10.18589,53.731354],[10.186508,53.731079],[10.187988,53.731171],[10.188995,53.730682],[10.191063,53.731323],[10.193687,53.730988],[10.191734,53.723999],[10.19146,53.723511],[10.191742,53.722687],[10.181549,53.708893],[10.179665,53.709595],[10.177498,53.709961],[10.176743,53.71051],[10.17482,53.711243],[10.174965,53.711823],[10.174103,53.712494],[10.172295,53.712402],[10.171989,53.711884],[10.171257,53.71167],[10.168617,53.711548],[10.167236,53.711121],[10.166573,53.711212],[10.166328,53.709839],[10.166595,53.709778],[10.166939,53.710083],[10.167336,53.710114],[10.167427,53.709991],[10.167091,53.709503],[10.167488,53.709656],[10.167953,53.70929],[10.167419,53.709229],[10.167435,53.709045],[10.168571,53.708649],[10.156937,53.704498],[10.156654,53.703644],[10.15699,53.703125],[10.157623,53.702942],[10.158188,53.702271],[10.158089,53.702118],[10.159904,53.701324],[10.160362,53.700775],[10.159843,53.700317],[10.159599,53.697998],[10.159988,53.696838],[10.159042,53.694519],[10.158531,53.691132],[10.158615,53.69043],[10.158028,53.689636],[10.156937,53.689606],[10.155632,53.688873],[10.155945,53.688477],[10.155159,53.688263],[10.154953,53.68811],[10.155106,53.687805],[10.154625,53.687744],[10.154884,53.687286],[10.15461,53.687164],[10.15464,53.686981],[10.153641,53.686951],[10.15274,53.686493],[10.153114,53.686127],[10.153252,53.684479],[10.151871,53.682526],[10.146912,53.680542],[10.14579,53.680054],[10.14566,53.67984],[10.14492,53.679871],[10.143417,53.680573],[10.142387,53.680176],[10.140137,53.680206],[10.141624,53.677826],[10.142242,53.676483],[10.143806,53.677277],[10.144722,53.676117],[10.154022,53.674622],[10.153542,53.675537],[10.154083,53.676025],[10.154701,53.675537],[10.155144,53.674408],[10.154343,53.674316],[10.154175,53.67395],[10.154747,53.673035],[10.15522,53.673004],[10.154755,53.674072],[10.154945,53.674133],[10.155357,53.673706],[10.155594,53.672638],[10.156441,53.67218],[10.159409,53.671997],[10.161148,53.671295],[10.160889,53.671051],[10.160278,53.671295],[10.155113,53.672058],[10.155739,53.669891],[10.15876,53.669556],[10.158966,53.670654],[10.16008,53.670532],[10.160316,53.671021],[10.161545,53.670837],[10.163574,53.669708],[10.164726,53.668427],[10.165565,53.667938],[10.168541,53.667694],[10.172157,53.668823],[10.172905,53.668579],[10.174095,53.66684],[10.174324,53.666779],[10.174149,53.666473],[10.173599,53.666321],[10.173454,53.665833],[10.172874,53.665497],[10.173187,53.664948],[10.173988,53.664276],[10.1745,53.664307],[10.175758,53.663269],[10.17691,53.66272],[10.178001,53.662689],[10.179306,53.662903],[10.17923,53.663116],[10.179611,53.663208],[10.180191,53.663086],[10.180618,53.663269],[10.181618,53.663116],[10.181923,53.6633],[10.182617,53.662994],[10.182854,53.663239],[10.183731,53.663422],[10.187782,53.658691],[10.187599,53.658295],[10.187103,53.658081],[10.186584,53.657349],[10.18663,53.657013],[10.187195,53.656525],[10.188492,53.656006],[10.189812,53.655975],[10.191765,53.655334],[10.195885,53.654724],[10.196358,53.653503],[10.194984,53.652588],[10.195045,53.652283],[10.195198,53.651978],[10.196121,53.651489],[10.196571,53.650482],[10.196556,53.649658],[10.196739,53.649384],[10.197281,53.649231],[10.197395,53.648987],[10.19725,53.648682],[10.198257,53.647461],[10.1987,53.647247],[10.198845,53.646729],[10.195526,53.642731],[10.195518,53.642487],[10.18972,53.638367],[10.19368,53.638],[10.195633,53.637451],[10.197655,53.636353],[10.199532,53.636169],[10.19989,53.636688],[10.200638,53.636475],[10.202255,53.636841],[10.20784,53.636322],[10.209976,53.636627],[10.222008,53.633484],[10.219788,53.632568],[10.217041,53.631134],[10.216949,53.631378],[10.216484,53.631256],[10.216995,53.630188],[10.216927,53.628906],[10.217468,53.627472],[10.218079,53.627167],[10.217896,53.626526],[10.21759,53.626221],[10.216759,53.625946],[10.216118,53.625427],[10.21376,53.624634],[10.21212,53.623657],[10.211685,53.623657],[10.211647,53.623383],[10.211044,53.622986],[10.209396,53.62381],[10.20771,53.624359],[10.207382,53.624084],[10.206505,53.62384],[10.206421,53.623657],[10.205467,53.623718],[10.205795,53.62146],[10.20153,53.620056],[10.199501,53.618561],[10.19239,53.615204],[10.188866,53.613159],[10.192184,53.609467],[10.193565,53.609863],[10.194336,53.608856],[10.195091,53.607239],[10.195213,53.604645],[10.196777,53.600586],[10.196907,53.599609],[10.195641,53.598053],[10.194839,53.597809],[10.194359,53.597473],[10.194603,53.597229],[10.193428,53.59668],[10.193375,53.595947],[10.192856,53.595886],[10.192215,53.5961],[10.191803,53.595947],[10.194206,53.591156],[10.195091,53.59024],[10.194901,53.589996],[10.195686,53.589722],[10.201172,53.583893],[10.198212,53.58197],[10.19548,53.584625],[10.165443,53.582336],[10.163246,53.584045],[10.164246,53.584961],[10.16362,53.585815],[10.161865,53.585754],[10.161552,53.585205],[10.160812,53.584534],[10.158928,53.581116],[10.153755,53.57843],[10.153648,53.578064],[10.153198,53.578064],[10.153107,53.57782],[10.152405,53.577881],[10.151688,53.576172],[10.151611,53.574738],[10.152,53.573425],[10.151833,53.572235],[10.150406,53.570282],[10.150665,53.569702],[10.150505,53.569153],[10.150002,53.568573],[10.148552,53.567963],[10.148094,53.567566],[10.148666,53.567352],[10.147514,53.566406],[10.147629,53.564453],[10.147995,53.563873],[10.145927,53.564636],[10.138977,53.566223],[10.135315,53.566803],[10.130005,53.567169],[10.125641,53.567047],[10.079857,53.562469]],[[10.103836,53.673737],[10.103745,53.67337],[10.104027,53.674011],[10.103836,53.673737]],[[10.105736,53.669556],[10.106766,53.670044],[10.106772848072564,53.670063787325454],[10.105736,53.669556]],[[10.092384,53.672333],[10.09229715200483,53.67216284882579],[10.093071,53.672546],[10.092384,53.672333]],[[10.092041,53.671661],[10.092041,53.670654],[10.092128931998735,53.6718332749363],[10.092041,53.671661]],[[10.096037536606723,53.66837221239822],[10.095894,53.668457],[10.094900229971378,53.66856955100584],[10.096037536606723,53.66837221239822]],[[10.091309,53.647522],[10.09182,53.647614],[10.092000761762472,53.6477178119142],[10.091309,53.647522]],[[10.111855,53.635956],[10.114146842727598,53.63476190239381],[10.110254951094381,53.6368148551207],[10.111855,53.635956]],[[10.091789,53.596039],[10.099869,53.597717],[10.098656,53.597473],[10.091789,53.596039]],[[10.071495,53.595337],[10.070023,53.593994],[10.071790858066947,53.595456904728636],[10.071495,53.595337]],[[10.077217,53.597656],[10.072869629339774,53.59589410685756],[10.073631,53.5961],[10.077217,53.597656]],[[10.090141,53.597626],[10.0870701572985,53.597681684127465],[10.087326,53.597626],[10.090141,53.597626]],[[10.162544,53.636841],[10.147491,53.634277],[10.150627,53.634735],[10.162544,53.636841]],[[10.131584,53.597961],[10.133179,53.595734],[10.131248,53.598602],[10.131584,53.597961]],[[10.117821,53.701141],[10.117493265212262,53.70347809451199],[10.117409,53.703308],[10.117821,53.701141]]]},"properties":{"name":"Wandsbek","basis":"Shadowrun-Bezirk laut Hamburg-Kartenpaket; auf heutige Stadtteil- bzw. Kreisgeometrien übertragen","boundary_role":"lore-outer-district","lore_source":"Datapuls Hamburg und Hamburg-Kartenpaket (SR5)","boundary_review_status":"confirmed","boundary_review_label":"Mit der offiziellen Hamburg-2080-Karte abgeglichen","source":"Code for Germany / Click That Hood","source_url":"https://github.com/codeforgermany/click_that_hood","entity_id":317,"description_preview":"Wandsbek beherbergt Regierungsviertel, Rathaus, Gerichte und HanSec-Hauptquartier. Mittelschichtquartiere und Einkaufsachsen stehen dem dicht besiedelten, von Clans und Gangs geprägten Groß-Bramfeld gegenüber.","description_full":"Wandsbek beherbergt Regierungsviertel, Rathaus, Gerichte und HanSec-Hauptquartier. Mittelschichtquartiere und Einkaufsachsen stehen dem dicht besiedelten, von Clans und Gangs geprägten Groß-Bramfeld gegenüber. Die Position ist auf den belegten Stadt- oder Teilraum angenähert; eine hausgenaue Lage und eine weitergehende eigene Fließtextbeschreibung sind aus dem zugeordneten Datenmaterial nicht sicher ableitbar.","editions":["SR5"],"sources":[{"bookId":"datapuls-hamburg-sr5","title":"Datapuls: Hamburg","edition":"SR5","citation":"Datapuls: Hamburg, S. 57–59","purpose":"description"}]}},{"type":"Feature","geometry":{"type":"Polygon","coordinates":[[[10.100937,53.434692],[10.096764,53.440887],[10.094772,53.442902],[10.089203,53.447327],[10.082977,53.451935],[10.081184,53.452972],[10.078972,53.453888],[10.075714,53.454254],[10.075554,53.45575],[10.067879,53.459839],[10.064812,53.463226],[10.063385,53.467834],[10.062645,53.472961],[10.061028,53.477509],[10.058792,53.479645],[10.055237,53.482544],[10.052681,53.48526],[10.05069,53.491943],[10.051033,53.496185],[10.05275,53.499481],[10.058037,53.507568],[10.058647,53.507172],[10.06218,53.502808],[10.064201,53.501404],[10.067314,53.500214],[10.070389,53.505035],[10.068932,53.50824],[10.06987,53.511658],[10.07225,53.511841],[10.071648,53.51474],[10.069283,53.516602],[10.066025,53.517914],[10.064064,53.523926],[10.066551,53.525116],[10.067894,53.525208],[10.068924,53.524994],[10.069069,53.524078],[10.069603,53.523438],[10.08802,53.511932],[10.089653,53.511108],[10.09034,53.511688],[10.091682,53.51355],[10.098541,53.518402],[10.100746,53.519257],[10.102585,53.52066],[10.105392,53.522125],[10.108437,53.524292],[10.108238,53.524414],[10.108414,53.524536],[10.108589,53.524445],[10.109482,53.525085],[10.110748,53.525482],[10.110573,53.525787],[10.111435,53.525787],[10.111626,53.524872],[10.112335,53.524353],[10.118057,53.522797],[10.118568,53.522186],[10.121727,53.520325],[10.1222,53.519684],[10.129425,53.523926],[10.13018,53.524231],[10.13205,53.524414],[10.133919,53.525818],[10.138145,53.524597],[10.143211,53.523773],[10.148193,53.521851],[10.154968,53.518707],[10.156761,53.518585],[10.163261,53.521851],[10.166107,53.520111],[10.169098,53.519653],[10.172485,53.518372],[10.17691,53.516998],[10.182823,53.514191],[10.188049,53.512207],[10.187836,53.511414],[10.189499,53.511475],[10.189964,53.513336],[10.200302,53.51413],[10.210426,53.519958],[10.213425,53.515228],[10.213036,53.514465],[10.213364,53.513885],[10.215363,53.513855],[10.215393,53.513611],[10.213989,53.513489],[10.214172,53.513],[10.217773,53.511475],[10.219177,53.510559],[10.218445,53.50769],[10.220322,53.507446],[10.221146,53.5065],[10.223541,53.506134],[10.223885,53.505615],[10.22361,53.504974],[10.222534,53.504395],[10.222366,53.503265],[10.220512,53.502411],[10.218445,53.501862],[10.218727,53.501617],[10.218277,53.500153],[10.218246,53.499207],[10.217102,53.498718],[10.218452,53.499268],[10.220428,53.499268],[10.220825,53.499054],[10.220779,53.498199],[10.22216,53.498169],[10.221977,53.497681],[10.223,53.497131],[10.222977,53.496643],[10.222778,53.496521],[10.221947,53.49649],[10.222649,53.496277],[10.224304,53.496368],[10.225014,53.496033],[10.226601,53.496185],[10.228027,53.495789],[10.228966,53.495789],[10.22963,53.49649],[10.232727,53.497223],[10.23542,53.496735],[10.236694,53.496277],[10.234497,53.490295],[10.235123,53.489105],[10.237335,53.488953],[10.237991,53.484863],[10.238564,53.482544],[10.248672,53.480042],[10.252289,53.477234],[10.252983,53.47757],[10.254639,53.47757],[10.254868,53.477661],[10.254929,53.478088],[10.255394,53.478302],[10.25634,53.47821],[10.259926,53.47699],[10.25869,53.476196],[10.259979,53.474396],[10.264359,53.475098],[10.265175,53.474457],[10.265602,53.473419],[10.266655,53.473145],[10.266518,53.471466],[10.26622,53.471405],[10.265152,53.468964],[10.268135,53.468231],[10.271889,53.466614],[10.269341,53.46405],[10.27359,53.462646],[10.274918,53.461609],[10.277847,53.460175],[10.280563,53.459106],[10.282326,53.457581],[10.283936,53.458496],[10.291809,53.454346],[10.293793,53.452637],[10.297951,53.451508],[10.299004,53.450653],[10.294243,53.448181],[10.295204,53.447266],[10.297104,53.446167],[10.299286,53.443481],[10.300995,53.442596],[10.308418,53.442535],[10.309608,53.443085],[10.310173,53.44455],[10.312225,53.452271],[10.316681,53.452148],[10.325134,53.449768],[10.314827,53.440399],[10.314476,53.439697],[10.316467,53.439087],[10.319122,53.437683],[10.318069,53.436493],[10.31781,53.435303],[10.313545,53.435394],[10.308014,53.434753],[10.307816,53.434662],[10.307983,53.433319],[10.304947,53.432922],[10.303093,53.432373],[10.295929,53.428802],[10.283058,53.424133],[10.26458,53.420013],[10.261131,53.418976],[10.258087,53.417572],[10.25473,53.415253],[10.252472,53.412628],[10.243988,53.400024],[10.241547,53.397949],[10.239388,53.39679],[10.235199,53.395508],[10.231667,53.395111],[10.223701,53.395325],[10.218185,53.395813],[10.211617,53.396667],[10.203148,53.398163],[10.200188,53.398468],[10.196655,53.398499],[10.193832,53.398285],[10.185181,53.39682],[10.18222,53.396484],[10.177376,53.396454],[10.171837,53.397308],[10.165543,53.399323],[10.159348,53.402496],[10.155197,53.405121],[10.151245,53.408386],[10.148338,53.411957],[10.146141,53.41507],[10.144432,53.416748],[10.139137,53.420654],[10.136993,53.421936],[10.133461,53.423157],[10.130936,53.423584],[10.127487,53.423767],[10.122086,53.423645],[10.118446,53.423981],[10.111969,53.425446],[10.109489,53.426483],[10.10862,53.426331],[10.107086,53.426758],[10.105881,53.428528],[10.104614,53.429657],[10.100937,53.434692]],[[10.128288,53.51535],[10.129133417506052,53.51486096970124],[10.125748,53.517395],[10.128288,53.51535]],[[10.129818818309,53.514312603715126],[10.129784,53.514374],[10.129671322558437,53.51445834057258],[10.129818818309,53.514312603715126]],[[10.171051,53.501587],[10.171382293947072,53.50132472562523],[10.171049486432922,53.501651227889944],[10.171051,53.501587]],[[10.174675,53.498718],[10.174103,53.499298],[10.17321669846522,53.499872488715035],[10.174675,53.498718]],[[10.176003,53.496185],[10.176168542095256,53.49623766835724],[10.17584455758781,53.49622465693123],[10.176003,53.496185]],[[10.190872,53.47287],[10.19124635011759,53.47290915331214],[10.190470451583652,53.4728640877496],[10.190872,53.47287]],[[10.195251,53.473328],[10.196157255792263,53.47352865953888],[10.19327083180666,53.473120894032306],[10.195251,53.473328]],[[10.188972,53.466736],[10.196404,53.466461],[10.195168,53.466614],[10.188972,53.466736]],[[10.133324,53.463043],[10.135361,53.462067],[10.137695,53.460968],[10.133324,53.463043]],[[10.088325353566749,53.48103755482122],[10.087555,53.480621],[10.088173,53.480835],[10.088325353566749,53.48103755482122]],[[10.089104,53.496063],[10.090729,53.493958],[10.090126,53.494873],[10.089104,53.496063]],[[10.108253,53.50415],[10.106410265766382,53.50310842991165],[10.108582,53.504303],[10.108253,53.50415]],[[10.126854,53.463379],[10.130879599910758,53.46328934625974],[10.12999,53.463379],[10.126854,53.463379]],[[10.243779815085523,53.43111152304039],[10.242172,53.432312],[10.242317,53.432129],[10.243779815085523,53.43111152304039]],[[10.201828,53.41925],[10.201736,53.418304],[10.201782,53.417816],[10.201828,53.41925]],[[10.184631,53.497314],[10.183105,53.497955],[10.182762,53.498016],[10.184631,53.497314]],[[10.213905,53.498749],[10.213448,53.498505],[10.213112,53.498077],[10.213905,53.498749]]]},"properties":{"name":"Bergedorf","basis":"Shadowrun-Bezirk laut Hamburg-Kartenpaket; auf heutige Stadtteil- bzw. Kreisgeometrien übertragen","boundary_role":"lore-outer-district","lore_source":"Datapuls Hamburg und Hamburg-Kartenpaket (SR5)","boundary_review_status":"confirmed","boundary_review_label":"Mit der offiziellen Hamburg-2080-Karte abgeglichen","source":"Code for Germany / Click That Hood","source_url":"https://github.com/codeforgermany/click_that_hood","entity_id":314,"description_preview":"Bergedorf umfasst die verbliebenen Vier- und Marschlande. Giftige Flutmarschen, billige Industrieflächen, Massenwohnanlagen, Terminalverkehr und zunehmende Ganggewalt machen den Bezirk zu einem angespannten Übergangsraum.","description_full":"Bergedorf umfasst die verbliebenen Vier- und Marschlande. Giftige Flutmarschen, billige Industrieflächen, Massenwohnanlagen, Terminalverkehr und zunehmende Ganggewalt machen den Bezirk zu einem angespannten Übergangsraum. Die Position ist auf den belegten Stadt- oder Teilraum angenähert; eine hausgenaue Lage und eine weitergehende eigene Fließtextbeschreibung sind aus dem zugeordneten Datenmaterial nicht sicher ableitbar.","editions":["SR5"],"sources":[{"bookId":"datapuls-hamburg-sr5","title":"Datapuls: Hamburg","edition":"SR5","citation":"Datapuls: Hamburg, S. 50–52","purpose":"description"}]}},{"type":"Feature","geometry":{"type":"Polygon","coordinates":[[[10.331270217895508,53.44253158569336],[10.343390464782715,53.435199737548885],[10.391718864440861,53.435401916503906],[10.409930229187069,53.42071914672863],[10.428080558776912,53.413410186767635],[10.47047042846691,53.39884185791021],[10.482600212097225,53.391510009765625],[10.464549064636344,53.380271911621094],[10.452489852905273,53.37646102905279],[10.452510833740291,53.372749328613395],[10.44042015075695,53.372650146484375],[10.440438270568904,53.36893081665039],[10.452528953552246,53.36902999877941],[10.452540397644157,53.365310668945426],[10.440469741821346,53.36521911621094],[10.434389114379996,53.368888854980526],[10.434410095214844,53.36516952514654],[10.416240692138729,53.36874008178711],[10.416199684143123,53.37617874145508],[10.379899978637695,53.37588882446295],[10.385969161987362,53.372211456298885],[10.379899978637695,53.368431091308594],[10.336418151855526,53.36809158325207],[10.336078643798828,53.345741271972656],[10.342359542846793,53.34577941894531],[10.336029052734375,53.34201049804693],[10.329740524292049,53.341960906982536],[10.32348918914795,53.34564208984381],[10.317179679870605,53.34558868408203],[10.310818672180233,53.34181213378912],[10.304498672485465,53.341758728027344],[10.304449081420842,53.33803939819336],[10.298129081726074,53.33798980712896],[10.291838645935172,53.341670989990234],[10.266448974609432,53.34146881103527],[10.272760391235408,53.33779144287115],[10.272729873657227,53.334072113037166],[10.266299247741756,53.32656097412115],[10.240850448608455,53.32637023925787],[10.234458923339957,53.32258987426758],[10.234419822692985,53.318870544433594],[10.228058815002441,53.3188209533692],[10.221589088439941,53.3038597106933],[10.234309196472225,53.30023193359381],[10.234288215637207,53.29650115966808],[10.253338813781738,53.292919158935604],[10.259738922119254,53.30041885375971],[10.266079902648869,53.300472259521484],[10.266058921814022,53.29674911499035],[10.259689331054688,53.29298019409174],[10.24692821502697,53.28168869018566],[10.253279685974178,53.281742095947266],[10.25323867797863,53.27428054809582],[10.259579658508414,53.27433013916027],[10.265909194946346,53.27066040039068],[10.265888214111328,53.26692962646496],[10.259530067443848,53.263149261474666],[10.240481376647892,53.25926971435558],[10.23411941528326,53.25548934936529],[10.227769851684627,53.25543975830084],[10.227779388427734,53.25917053222656],[10.221420288085994,53.259120941162166],[10.215028762817496,53.247879028320256],[10.215020179748649,53.24415969848627],[10.208649635314998,53.24409866333019],[10.202288627624625,53.232872009277344],[10.215008735656738,53.23670196533209],[10.221369743347282,53.23302078247076],[10.221359252929688,53.225551605224666],[10.234060287475529,53.21821212768549],[10.240388870239315,53.218269348144645],[10.240388870239315,53.20335006713867],[10.221359252929688,53.19573974609381],[10.215020179748649,53.191959381103516],[10.208649635314998,53.19190216064459],[10.208649635314998,53.195629119873104],[10.202298164367733,53.19557952880871],[10.18959045410162,53.19174957275402],[10.183210372924862,53.19168853759771],[10.17047023773199,53.199050903320256],[10.170478820800838,53.19532012939459],[10.164129257202148,53.1915397644043],[10.157779693603516,53.1914901733399],[10.145118713378963,53.18764114379894],[10.132509231567383,53.18006896972662],[10.11353874206543,53.17990112304693],[10.11371040344244,53.16497039794922],[10.10120868682867,53.15739059448242],[10.101259231567383,53.153652191162166],[10.082550048828182,53.14226150512707],[10.082620620727596,53.13854217529308],[10.076330184936467,53.138469696045036],[10.076210021972656,53.145938873291016],[10.063649177551326,53.145820617675895],[10.050810813903809,53.160640716552734],[10.031969070434513,53.16043853759771],[10.031819343567008,53.167911529541016],[10.00042819976818,53.167560577392635],[10.000108718872184,53.18252182006847],[9.987468719482479,53.186119079589844],[9.987378120422477,53.18986129760742],[9.955989837646484,53.18947982788086],[9.93109035491949,53.18167877197277],[9.9122896194458,53.18143081665039],[9.905718803405875,53.19258117675781],[9.886608123779354,53.20355224609381],[9.880340576171875,53.203472137451286],[9.873968124389648,53.20711898803722],[9.855078697204704,53.21060943603521],[9.848599433898926,53.218009948730526],[9.829939842224121,53.2139892578125],[9.830048561096248,53.2102508544923],[9.823908805847111,53.2064094543457],[9.805389404296875,53.19865036010748],[9.799258232116813,53.19480895996105],[9.793008804321289,53.19472122192394],[9.786649703979492,53.19837188720709],[9.786528587341365,53.2021217346192],[9.761569976806584,53.20172882080078],[9.742488861083928,53.21266937255865],[9.742368698120117,53.21641921997076],[9.723410606384334,53.22360992431652],[9.70469856262207,53.22332000732422],[9.679649353027287,53.22666168212902],[9.667070388794059,53.230201721191406],[9.66083908081066,53.230098724365234],[9.629608154296932,53.2333221435548],[9.617169380188102,53.23311996459961],[9.610549926757926,53.24423980712902],[9.597990036010742,53.24777984619146],[9.604070663452092,53.25162887573242],[9.597319602966365,53.26649856567383],[9.596650123596305,53.285221099853516],[9.590299606323356,53.28886032104498],[9.583669662475586,53.29998016357422],[9.596110343933162,53.300201416015625],[9.596248626708984,53.296451568603516],[9.602467536926383,53.29656219482422],[9.602188110351676,53.304050445556584],[9.595847129821891,53.30768966674805],[9.595579147338924,53.31518173217779],[9.583129882812443,53.31497192382824],[9.57678031921381,53.318611145019645],[9.583000183105469,53.318710327148494],[9.576639175415153,53.32234191894537],[9.569878578186092,53.337211608886776],[9.56974029541027,53.340950012206974],[9.56338977813732,53.34458923339844],[9.557170867919979,53.34447097778332],[9.575420379638672,53.356048583984375],[9.58125019073492,53.36740112304693],[9.593570709228516,53.371372222900334],[9.593438148498649,53.3751220703125],[9.599528312683162,53.37897872924816],[9.605758666992244,53.379089355468864],[9.612130165100211,53.37545013427746],[9.61834907531744,53.3755722045899],[9.611728668212947,53.38669967651367],[9.617830276489315,53.39056015014654],[9.617559432983512,53.398052215576286],[9.623789787292594,53.398159027099666],[9.629888534545955,53.40201950073248],[9.64236927032465,53.40225219726568],[9.642100334167594,53.40975952148449],[9.648338317871207,53.40985870361328],[9.64806938171398,53.417362213134766],[9.673040390014705,53.417789459228516],[9.67914962768566,53.421649932861385],[9.685390472412166,53.42176055908209],[9.685259819030762,53.425510406494254],[9.704008102416935,53.42581939697277],[9.716250419616756,53.4335289001466],[9.722510337829704,53.4336395263673],[9.734490394592342,53.448848724365234],[9.747029304504451,53.449050903320426],[9.753440856933707,53.44538879394537],[9.77227973937994,53.44567108154291],[9.778440475463867,53.4495201110841],[9.777778625488338,53.46828079223633],[9.77135944366455,53.47196197509777],[9.771489143371696,53.46820068359375],[9.764660835266113,53.48313140869146],[9.77094936370861,53.48321914672857],[9.770689010620174,53.49073028564453],[9.757960319519043,53.49430847167963],[9.745390892028922,53.49412155151373],[9.745109558105469,53.501640319824276],[9.738828659057674,53.501541137695426],[9.74496936798107,53.505401611328125],[9.763849258422852,53.505668640136776],[9.763762622722865,53.50811848217977],[9.763573,53.50824],[9.763746172251969,53.50858366056742],[9.76345062255865,53.51694107055664],[9.76658859829645,53.5151551024101],[9.768471,53.518616],[9.768944,53.519897],[9.769836,53.520355],[9.770905,53.521973],[9.781082,53.518433],[9.78125,53.518616],[9.779839,53.520081],[9.779724,53.520721],[9.777931,53.525055],[9.774437,53.52478],[9.774208,53.525208],[9.775047,53.526031],[9.774437,53.52655],[9.774246,53.527435],[9.773567,53.527832],[9.771591,53.528351],[9.769875,53.529541],[9.770523,53.530579],[9.771248,53.531067],[9.769852,53.533722],[9.769371,53.533661],[9.765556,53.541077],[9.766998,53.540924],[9.767075,53.542084],[9.769783,53.54245],[9.769905,53.542297],[9.770958,53.542664],[9.772316,53.543518],[9.77327,53.542877],[9.778336,53.541534],[9.791527,53.53653],[9.798317,53.533752],[9.805016,53.531647],[9.810684,53.530334],[9.815964,53.529724],[9.815651,53.52887],[9.820366,53.52655],[9.825127,53.52887],[9.826927,53.525909],[9.828468,53.522644],[9.829758,53.520599],[9.832466,53.518372],[9.836006,53.516876],[9.841728,53.515747],[9.853165,53.516235],[9.871788,53.519226],[9.877487,53.518311],[9.878204,53.51886],[9.88092,53.518616],[9.884933,53.518921],[9.885262,53.518341],[9.88607,53.517975],[9.890137,53.517761],[9.891365,53.517426],[9.895576,53.515625],[9.901291,53.514099],[9.904007,53.513611],[9.908798,53.513397],[9.910309,53.513611],[9.913689,53.514587],[9.916229,53.515076],[9.920708,53.51535],[9.923714,53.516022],[9.925896,53.516113],[9.926498,53.516632],[9.92733,53.518097],[9.928322,53.518372],[9.929153,53.51886],[9.931244,53.520782],[9.932716,53.521545],[9.934822,53.521881],[9.939301,53.521332],[9.940201,53.511108],[9.941566,53.501984],[9.944809,53.498169],[9.94915,53.496887],[9.951561,53.494812],[9.953079,53.492676],[9.957809,53.486877],[9.961296,53.483643],[9.976166,53.477264],[9.984612,53.475372],[9.993721,53.473755],[9.999092,53.472473],[10.007553,53.472656],[10.018158,53.474243],[10.025467,53.474792],[10.029808,53.474487],[10.030739,53.474121],[10.033409,53.473724],[10.037468,53.472382],[10.041618,53.470734],[10.046059,53.468262],[10.047565911914376,53.46695538773921],[10.053689002990666,53.47415924072271],[10.073178291320858,53.46685028076172],[10.086149215698299,53.463211059570256],[10.092659950256348,53.459529876708984],[10.09922027587902,53.45212936401373],[10.105739593505916,53.44845199584961],[10.105829238891602,53.44100952148443],[10.1188383102417,53.4336395263673],[10.144700050354004,53.43381881713873],[10.144739151000977,53.430091857910156],[10.15775012969965,53.422729492187614],[10.157779693603516,53.41899871826172],[10.177260398864746,53.40795135498047],[10.2159681320191,53.40822219848633],[10.228809356689567,53.40457916259771],[10.248090744018612,53.4047203063966],[10.254551887512264,53.40848922729498],[10.26758861541748,53.42350006103527],[10.267618179321346,53.42723083496094],[10.274069786071834,53.42726898193365],[10.280550003051758,53.43104934692394],[10.28699970245367,53.43109130859381],[10.299918174743652,53.43490982055664],[10.31917858123785,53.44248962402344],[10.331270217895508,53.44253158569336]],[[9.796328544616756,53.47980117797857],[9.800127271704156,53.47984924864373],[9.800415,53.480774],[9.800133,53.481506],[9.800339,53.482483],[9.800117,53.4841],[9.800957,53.486298],[9.80085,53.48819],[9.80265,53.490082],[9.802376,53.491119],[9.802795,53.493805],[9.805832,53.4935],[9.802277,53.493927],[9.799355,53.493469],[9.795882638603738,53.49399513119561],[9.796328544616756,53.47980117797857]],[[9.92257599167998,53.451112926665864],[9.923141,53.451599],[9.922564388359412,53.451132616945124],[9.92257599167998,53.451112926665864]],[[9.912089347839355,53.4397087097168],[9.918568611144963,53.436019897460994],[9.905868530273438,53.42845153808605],[9.905927658081112,53.424720764160156],[9.912348747253475,53.42477035522472],[9.915567156813538,53.42573715399745],[9.915421,53.425934],[9.916229,53.426758],[9.914062,53.429993],[9.91983,53.433899],[9.920517,53.434845],[9.920395,53.435181],[9.921402,53.436035],[9.92305,53.43631],[9.919762,53.439453],[9.91906,53.442657],[9.916893,53.442291],[9.916774764721895,53.44248681046057],[9.912089347839355,53.4397087097168]],[[10.021800041198787,53.44044876098633],[10.03469085693365,53.444271087646484],[10.03333160680251,53.445040960215806],[10.032341,53.444092],[10.030045,53.444366],[10.023964,53.44577],[10.023842,53.445953],[10.024124,53.446686],[10.022079,53.447571],[10.014481,53.442017],[10.016304,53.44101],[10.018913273942605,53.44043171230924],[10.021800041198787,53.44044876098633]],[[10.047490119934025,53.45552062988287],[10.053898811340389,53.459281921386776],[10.049040295646197,53.46202689377019],[10.048119,53.46109],[10.046295,53.461121],[10.045776,53.460632],[10.045319,53.459656],[10.044426,53.459564],[10.043137,53.458862],[10.041512,53.456451],[10.041718,53.456055],[10.042870202999913,53.455491528043886],[10.047490119934025,53.45552062988287]],[[9.969185,53.443359],[9.969521,53.44458],[9.969254,53.443695],[9.969185,53.443359]],[[9.96833,53.457428],[9.965576,53.463318],[9.966614,53.46106],[9.96833,53.457428]],[[9.871811,53.495483],[9.874184,53.495331],[9.876083,53.495422],[9.871811,53.495483]],[[9.881175907778145,53.49484096543509],[9.88205,53.494629],[9.88214920383786,53.49470580297125],[9.881175907778145,53.49484096543509]],[[9.882484,53.494965],[9.883583,53.495178],[9.883781,53.4953],[9.882484,53.494965]],[[9.885468,53.496674],[9.886284,53.49649],[9.88485,53.496887],[9.885468,53.496674]],[[9.888166918793392,53.49550327837162],[9.888199341964196,53.49540529626205],[9.888245,53.495483],[9.888166918793392,53.49550327837162]],[[9.888167072600044,53.49535037821374],[9.886597,53.494995],[9.888084,53.495209],[9.888167072600044,53.49535037821374]],[[9.915306,53.481842],[9.882507,53.487854],[9.913902,53.482086],[9.922287,53.480377],[9.915306,53.481842]],[[9.91684,53.474518],[9.917052535589269,53.47424429771427],[9.916092,53.4758],[9.91684,53.474518]],[[9.978165740484654,53.43709735495529],[9.97821,53.43692],[9.978394,53.436768],[9.978165740484654,53.43709735495529]],[[9.981583,53.436554],[9.978699,53.436768],[9.978394,53.436768],[9.981583,53.436554]],[[9.979685540466683,53.42976335097997],[9.979347,53.429779],[9.97715,53.429352],[9.979685540466683,53.42976335097997]],[[9.980202,53.429565],[9.979996,53.429749],[9.97982540148552,53.42975688590976],[9.980202,53.429565]],[[9.990036,53.427887],[9.990096729102449,53.42793038373339],[9.98864,53.428101],[9.990036,53.427887]],[[10.001411,53.44931],[10.006783,53.452637],[10.000792066593199,53.44894185867786],[10.001411,53.44931]],[[10.008331,53.451996],[9.999413,53.45575],[10.006783,53.452637],[10.008331,53.451996]]]},"properties":{"name":"Harburg","basis":"Shadowrun-Bezirk laut Hamburg-Kartenpaket; auf heutige Stadtteil- bzw. Kreisgeometrien übertragen","boundary_role":"lore-outer-district","lore_source":"Datapuls Hamburg und Hamburg-Kartenpaket (SR5)","boundary_review_status":"confirmed","boundary_review_label":"Mit der offiziellen Hamburg-2080-Karte abgeglichen","source":"Code for Germany / Click That Hood","source_url":"https://github.com/codeforgermany/click_that_hood","entity_id":313,"description_preview":"Harburg verbindet Klein-Russland und Vory-Einfluss mit modernen Wohnlagen, Wald, Heide und ländlichen Südgebieten. Ein massiver Schutzzaun trennt den Bezirk vom benachbarten Wildost.","description_full":"Harburg verbindet Klein-Russland und Vory-Einfluss mit modernen Wohnlagen, Wald, Heide und ländlichen Südgebieten. Ein massiver Schutzzaun trennt den Bezirk vom benachbarten Wildost. Die Position ist auf den belegten Stadt- oder Teilraum angenähert; eine hausgenaue Lage und eine weitergehende eigene Fließtextbeschreibung sind aus dem zugeordneten Datenmaterial nicht sicher ableitbar.","editions":["SR5"],"sources":[{"bookId":"datapuls-hamburg-sr5","title":"Datapuls: Hamburg","edition":"SR5","citation":"Datapuls: Hamburg, S. 47–49","purpose":"description"}]}},{"type":"Feature","geometry":{"type":"MultiPolygon","coordinates":[[[[9.760238647460994,53.881679534912166],[9.824579238891658,53.85306167602562],[9.818318367004622,53.84931182861328],[9.824680328369254,53.84938049316412],[9.831138610839844,53.845771789551065],[9.81861877441412,53.83827209472679],[9.81872940063505,53.83459091186529],[9.831448554992676,53.834732055664176],[9.844389915466422,53.82751083374029],[9.844288825988826,53.83119201660156],[9.837819099426326,53.834800720214844],[9.850449562072981,53.83861923217802],[9.869870185852335,53.82777023315441],[9.869979858398551,53.82408905029291],[9.876459121704158,53.820461273193416],[9.883049964904785,53.81315994262695],[9.883159637451229,53.80947113037132],[9.876890182495345,53.805740356445426],[9.864560127258414,53.790901184081974],[9.870939254760742,53.79096221923828],[9.883918762206974,53.78369903564453],[9.896679878234863,53.7838020324707],[9.89678859710699,53.78012084960943],[9.903180122375488,53.780158996582315],[9.896899223327694,53.77643203735357],[9.903399467468546,53.7728004455567],[9.897129058838175,53.76906967163103],[9.897239685058707,53.765380859375],[9.890958786010913,53.761650085449276],[9.903739929199332,53.761741638183594],[9.910249710083292,53.75809860229498],[9.929439544677905,53.75820922851568],[9.94211864471464,53.76197052001953],[9.973519325256404,53.78055953979492],[9.980159759521655,53.77320861816406],[9.986678123474235,53.769538879394474],[9.980410575866756,53.7658309936524],[9.974379539489973,53.754741668701286],[9.980900764465446,53.751079559326456],[9.96858024597185,53.736259460449276],[9.962180137634505,53.73622894287132],[9.955650329590014,53.73989105224615],[9.955768585205078,53.73620223999052],[9.962298393249569,53.73254013061529],[9.956139564514217,53.725131988525675],[9.943689346313647,53.71401214599621],[9.944299697875977,53.69556045532232],[9.938010215759562,53.69184112548834],[9.938248634338663,53.684459686279354],[9.945158958435059,53.669731140137],[9.94540977478033,53.66234970092779],[9.919628143310831,53.66593170166027],[9.906899452209473,53.662181854248104],[9.907258987426928,53.65110015869158],[9.900830268859806,53.651069641113395],[9.900959968567179,53.647388458252124],[9.894658088684139,53.64366149902361],[9.894779205322493,53.6399688720706],[9.888479232788256,53.63624954223661],[9.888600349426383,53.63256072998058],[9.882170677185002,53.63254165649414],[9.869568824768123,53.62509155273466],[9.869689941406477,53.62139892578125],[9.85708045959467,53.61396026611328],[9.857200622558707,53.61027145385748],[9.850890159606877,53.606552124023494],[9.83804035186779,53.60649108886719],[9.831858634948787,53.59907150268566],[9.838288307189998,53.599102020263786],[9.825568199157715,53.595352172851676],[9.819129943847656,53.595321655273494],[9.80604076385498,53.60264205932623],[9.793079376220703,53.606269836425724],[9.78643989562994,53.6136093139649],[9.786329269409237,53.61729049682617],[9.79914855957037,53.61737060546875],[9.79263019561796,53.621009826660156],[9.78622817993164,53.62097167968767],[9.766848564148063,53.628170013427734],[9.766568183899096,53.6391792297365],[9.760189056396769,53.639122009277344],[9.753898620605469,53.635379791259766],[9.754090309143066,53.62804031372076],[9.747799873352335,53.62430191040056],[9.754269599914608,53.62070083618164],[9.754449844360295,53.61336135864286],[9.74169921875,53.61323165893549],[9.741960525512923,53.6022186279298],[9.729399681091252,53.59474945068365],[9.73585033416748,53.59115219116211],[9.735939025879077,53.58749008178728],[9.729740142822436,53.5800895690918],[9.729820251465014,53.57641983032221],[9.72365856170677,53.56900024414068],[9.673580169678019,53.57526016235363],[9.610400199890194,53.59978866577154],[9.585220336914006,53.606639862060604],[9.559760093689022,53.62089157104492],[9.547169685363883,53.62430953979509],[9.53415966033947,53.63880920410162],[9.527398109436092,53.653419494628906],[9.52674865722679,53.671810150146484],[9.51388072967535,53.6825904846192],[9.50700855255127,53.7008514404298],[9.4815101623538,53.715061187744254],[9.531169891357592,53.72705078125],[9.537540435791243,53.7234992980957],[9.562599182128906,53.72397994995123],[9.562480926513672,53.72764968872082],[9.57499980926508,53.727890014648494],[9.581157684326342,53.731681823730526],[9.574778556823844,53.73524093627958],[9.561590194702148,53.7570419311524],[9.561479568481445,53.76071929931652],[9.630039215088118,53.78036880493164],[9.63632965087902,53.780490875244254],[9.642539978027571,53.784271240234375],[9.648630142212085,53.791728973388786],[9.66620922088623,53.84347915649414],[9.672330856323356,53.85092926025419],[9.672139167785588,53.85828018188488],[9.665620803833008,53.86553192138672],[9.659300804138411,53.865421295166016],[9.653089523315373,53.861640930175895],[9.65299034118658,53.865322113037394],[9.646380424499512,53.87623214721691],[9.646280288696403,53.87990951538086],[9.639780044555948,53.887149810791016],[9.646088600158635,53.88726043701172],[9.652208328247184,53.89472198486328],[9.671168327331543,53.895038604736385],[9.690049171447981,53.89902114868187],[9.747050285339299,53.89989089965832],[9.760139465331974,53.885349273681925],[9.760238647460994,53.881679534912166]]],[[[7.918611049652327,54.18986129760742],[7.919167041778792,54.187915802001896],[7.918055057525862,54.187362670898494],[7.918055057525862,54.185417175293196],[7.921389102935905,54.185417175293196],[7.92194509506237,54.184581756591854],[7.919167041778792,54.18375015258789],[7.918055057525862,54.18069458007818],[7.916388988494816,54.18097305297857],[7.916388988494816,54.181804656982365],[7.915277004241887,54.18125152587896],[7.90972185134882,54.181804656982365],[7.90972185134882,54.18097305297857],[7.908055782318172,54.18069458007818],[7.904722213745174,54.18375015258789],[7.900278091430948,54.184581756591854],[7.900278091430948,54.185417175293196],[7.902500152588061,54.18652725219755],[7.908055782318172,54.187362670898494],[7.91194486618042,54.18930435180664],[7.918611049652327,54.18986129760742]]],[[[7.86250114440918,54.194026947021655],[7.863611221313533,54.19235992431652],[7.866944789886531,54.1904182434082],[7.866944789886531,54.18958282470703],[7.873055934906063,54.18763732910173],[7.885279178619442,54.18875122070324],[7.88750076293951,54.18624877929699],[7.891944885253906,54.18402862548828],[7.892498970031795,54.17986297607422],[7.891388893127441,54.179306030273665],[7.894721031188908,54.17708206176758],[7.894721031188908,54.176250457763786],[7.893610954284725,54.175693511963004],[7.897499084472884,54.175971984863395],[7.897499084472884,54.17514038085943],[7.895277023315373,54.17486190795904],[7.89305496215826,54.17291641235374],[7.891388893127441,54.17263793945335],[7.891388893127441,54.170139312744254],[7.895833015442065,54.170139312744254],[7.898056030273438,54.17124938964844],[7.899722099304483,54.17097091674805],[7.899722099304483,54.170139312744254],[7.893610954284725,54.16875076293951],[7.889166831970329,54.169860839843864],[7.889166831970329,54.173194885253906],[7.886388778686751,54.176528930664176],[7.882500171661377,54.17708206176758],[7.882500171661377,54.17791748046892],[7.881388187408618,54.17847061157232],[7.881388187408618,54.17986297607422],[7.880278110504264,54.18013763427763],[7.879166126251505,54.18264007568371],[7.876944065093994,54.18402862548828],[7.871942996978817,54.18597412109375],[7.871942996978817,54.18680572509794],[7.870833873748779,54.187362670898494],[7.865276813507307,54.18875122070324],[7.863611221313533,54.191249847412166],[7.860277175903263,54.19319534301786],[7.860833168029956,54.194026947021655],[7.86250114440918,54.194026947021655]]]]},"properties":{"name":"Pinneberg","basis":"Shadowrun-Bezirk laut Hamburg-Kartenpaket; auf heutige Stadtteil- bzw. Kreisgeometrien übertragen","boundary_role":"lore-outer-district","lore_source":"Datapuls Hamburg und Hamburg-Kartenpaket (SR5)","boundary_review_status":"confirmed","boundary_review_label":"Mit der offiziellen Hamburg-2080-Karte abgeglichen","source":"Code for Germany / Click That Hood","source_url":"https://github.com/codeforgermany/click_that_hood","entity_id":319,"description_preview":"Pinneberg ist von Nordseeschlick, Klärwerken, Müllverarbeitung und Ersatznahrungsproduktion geprägt. Konzerninvestitionen, Tagelöhner, Wattsammler, Vory und lokale Gangs teilen sich den stark belasteten Bezirk.","description_full":"Pinneberg ist von Nordseeschlick, Klärwerken, Müllverarbeitung und Ersatznahrungsproduktion geprägt. Konzerninvestitionen, Tagelöhner, Wattsammler, Vory und lokale Gangs teilen sich den stark belasteten Bezirk. Die Position ist auf den belegten Stadt- oder Teilraum angenähert; eine hausgenaue Lage und eine weitergehende eigene Fließtextbeschreibung sind aus dem zugeordneten Datenmaterial nicht sicher ableitbar.","editions":["SR5"],"sources":[{"bookId":"datapuls-hamburg-sr5","title":"Datapuls: Hamburg","edition":"SR5","citation":"Datapuls: Hamburg, S. 62–64","purpose":"description"}]}},{"type":"Feature","geometry":{"type":"Polygon","coordinates":[[[9.19972896575922,53.8860321044923],[9.231228828430233,53.882991790771484],[9.23136997222906,53.87931060791021],[9.25658893585205,53.87614059448248],[9.28820991516119,53.86941146850586],[9.313809394836426,53.855201721191406],[9.326739311218319,53.84442138671881],[9.33953952789318,53.837322235107536],[9.358848571777344,53.822978973388786],[9.365369796752987,53.81576156616222],[9.365500450134277,53.81208038330078],[9.372130393982047,53.80118179321295],[9.40497016906744,53.757690429687614],[9.41786956787115,53.7469100952149],[9.443380355835018,53.73270034790045],[9.48151016235363,53.715061187744254],[9.50700855255127,53.7008514404298],[9.51388072967535,53.6825904846192],[9.52674865722662,53.671810150146484],[9.527398109436092,53.653419494628906],[9.53415966033947,53.63880920410162],[9.547169685363883,53.62430953979492],[9.559760093689022,53.62089157104492],[9.585220336914006,53.606639862060604],[9.610400199890194,53.59978866577154],[9.673580169677848,53.57526016235363],[9.7236585617066,53.56900024414068],[9.762228965759277,53.56550979614269],[9.768639564514217,53.565540313720646],[9.768858909607047,53.554401397705135],[9.762419700622559,53.55437088012701],[9.762630462646541,53.543190002441406],[9.775597572326603,53.53580856323242],[9.775690078735352,53.532081604003906],[9.762940406799373,53.53195953369146],[9.763849258422852,53.505668640136776],[9.74496936798107,53.505401611328125],[9.738828659057674,53.501541137695426],[9.745109558105469,53.501640319824276],[9.745390892028922,53.49412155151373],[9.757960319519043,53.49430847167963],[9.770689010620174,53.49073028564453],[9.77094936370861,53.48321914672857],[9.764660835266113,53.48313140869146],[9.771489143371696,53.46820068359375],[9.77135944366455,53.47196197509777],[9.777778625488338,53.46828079223633],[9.778440475463867,53.4495201110841],[9.77227973937994,53.44567108154291],[9.753440856933707,53.44538879394537],[9.747029304504451,53.449050903320426],[9.734490394592342,53.448848724365234],[9.722510337829704,53.4336395263673],[9.716250419616756,53.4335289001466],[9.704008102416935,53.42581939697277],[9.685259819030762,53.425510406494254],[9.685390472412166,53.42176055908209],[9.67914962768566,53.421649932861385],[9.673040390014705,53.417789459228516],[9.64806938171398,53.417362213134766],[9.648338317871207,53.40985870361328],[9.642100334167594,53.40975952148449],[9.64236927032465,53.40225219726568],[9.629888534545955,53.40201950073248],[9.623789787292594,53.398159027099666],[9.617559432983512,53.398052215576286],[9.617830276489315,53.39056015014654],[9.611728668212947,53.38669967651367],[9.61834907531744,53.3755722045899],[9.612130165100211,53.37545013427746],[9.605758666992244,53.379089355468864],[9.599528312683162,53.37897872924816],[9.593438148498649,53.3751220703125],[9.593570709228516,53.371372222900334],[9.58125019073492,53.36740112304693],[9.575420379638672,53.356048583984375],[9.557170867919979,53.34447097778332],[9.557028770446777,53.34822082519531],[9.550669670105037,53.35184860229498],[9.550540924072322,53.3555793762207],[9.556470870971737,53.36318969726568],[9.56270885467535,53.363311767578125],[9.568790435791016,53.367172241210994],[9.568390846252498,53.378398895263786],[9.562029838561955,53.38203048706066],[9.54335880279541,53.38167953491205],[9.543499946594295,53.377929687500114],[9.524700164794922,53.38132095336914],[9.511998176574764,53.38856887817383],[9.511858940124455,53.392311096191406],[9.505639076232967,53.39218902587896],[9.4995698928833,53.38832092285156],[9.487569808959961,53.376861572265625],[9.487700462341422,53.37311935424805],[9.475570678710938,53.36540985107422],[9.469368934631404,53.365291595458984],[9.475849151611271,53.357929229736385],[9.45724010467535,53.357570648193416],[9.457379341125488,53.35383224487299],[9.438790321350098,53.35346984863287],[9.432449340820256,53.35708999633789],[9.432308197021598,53.36082077026373],[9.419910430908317,53.36058044433605],[9.400908470153922,53.37142181396496],[9.400769233703613,53.375160217285156],[9.38838005065918,53.37491989135748],[9.388238906860295,53.3786506652832],[9.37555980682373,53.38587951660162],[9.363028526306152,53.389358520507926],[9.356689453125114,53.39297103881836],[9.356540679931697,53.396701812744254],[9.362588882446346,53.400558471679744],[9.368490219116325,53.40814208984375],[9.374689102172965,53.408271789550895],[9.374549865722713,53.41201019287115],[9.368209838867188,53.4156112670899],[9.349610328674373,53.41524124145502],[9.337070465087947,53.41873168945324],[9.336769104003906,53.42618942260748],[9.34252834320074,53.4375],[9.342229843139648,53.444969177246094],[9.33573913574213,53.45230102539074],[9.341790199279842,53.4561500549317],[9.335578918457031,53.456031799316406],[9.329230308532658,53.459629058838004],[9.328940391540584,53.46709060668957],[9.322579383850211,53.47069168090832],[9.304418563842717,53.45912933349615],[9.291560173034611,53.47006225585949],[9.285069465637264,53.477390289306754],[9.278848648071346,53.47727203369152],[9.272801399230957,53.47341918945318],[9.272959709167537,53.469692230224666],[9.266908645629996,53.46583938598633],[9.260559082031364,53.46944046020508],[9.248309135437012,53.465469360351676],[9.24799919128418,53.472919464111385],[9.241968154907227,53.469070434570426],[9.228928565979118,53.48373031616211],[9.234980583190918,53.48757171630871],[9.228608131408691,53.49116897583008],[9.234809875488395,53.49129867553722],[9.228288650512695,53.4986190795899],[9.221929550170955,53.50222015380865],[9.227988243103027,53.50606155395508],[9.246280670166072,53.51388168334961],[9.258379936218205,53.521572113037166],[9.270798683166504,53.521831512451286],[9.282919883728027,53.5295295715332],[9.276558876037654,53.53311920166021],[9.270339012145996,53.53300094604498],[9.270189285278263,53.53673171997082],[9.257610321045036,53.54018020629877],[9.257308959961051,53.54761886596674],[9.269589424133358,53.55158996582031],[9.269438743591365,53.5553092956543],[9.250788688659668,53.554931640625114],[9.251089096069393,53.547489166259766],[9.207608222961483,53.546630859375],[9.207770347595215,53.54290008544933],[9.201719284057674,53.539058685302734],[9.183100700378418,53.538681030273494],[9.182769775390568,53.54611968994146],[9.170198440551871,53.54959106445324],[9.163660049438533,53.55690002441406],[9.157288551330566,53.56048965454107],[9.156149864196834,53.58649063110363],[9.149770736694336,53.59006881713873],[9.155989646911678,53.5901985168457],[9.149608612060604,53.59378051757818],[9.148970603942985,53.608619689941406],[9.155190467834473,53.60874176025385],[9.148809432983398,53.61233139038086],[9.161248207092228,53.612571716308594],[9.16731071472168,53.61640167236328],[9.173519134521428,53.616531372070426],[9.173369407653922,53.62023162841797],[9.185819625854492,53.62047958374018],[9.18549823760992,53.6278915405274],[9.197790145873967,53.63183975219732],[9.204169273376465,53.62826156616222],[9.197949409484977,53.62813949584961],[9.204327583312988,53.62456130981451],[9.216778755188045,53.62480926513672],[9.216620445251522,53.62850952148443],[9.222688674926701,53.632339477539176],[9.22890853881836,53.63246917724615],[9.22876071929926,53.63618087768555],[9.222530364990348,53.63605117797857],[9.228598594665527,53.639869689941406],[9.234980583190918,53.63629913330084],[9.25366020202648,53.63666915893566],[9.253350257873649,53.644081115722656],[9.247127532959098,53.64395141601568],[9.246969223022575,53.647651672363224],[9.253199577331657,53.647769927978516],[9.259268760681152,53.6515998840332],[9.26566028594982,53.648029327392635],[9.271888732910156,53.64815139770508],[9.271729469299316,53.65185165405279],[9.277959823608398,53.651981353759766],[9.277810096740723,53.65568923950201],[9.271578788757324,53.655551910400504],[9.27097034454357,53.67033004760748],[9.277059555053768,53.674148559570426],[9.270669937133846,53.67771148681646],[9.270509719848746,53.68140029907232],[9.258049964904842,53.681148529052734],[9.25790023803711,53.684841156005916],[9.245428085327262,53.68458938598633],[9.24590015411377,53.673519134521484],[9.220658302307186,53.6804084777832],[9.21442985534668,53.68027877807623],[9.208029747009334,53.6838493347168],[9.207879066467342,53.68754196166998],[9.213959693908691,53.69134902954107],[9.213801383972168,53.695041656494254],[9.225938796997013,53.70265960693365],[9.232189178466854,53.70278167724604],[9.238268852233944,53.70658874511713],[9.250590324401855,53.71052169799805],[9.25042915344244,53.714199066162166],[9.281169891357422,53.725849151611385],[9.29321002960205,53.73711013793951],[9.274040222168026,53.74777221679699],[9.267059326171989,53.76602172851568],[9.260660171508789,53.769569396972656],[9.26052093505865,53.773239135742244],[9.223480224609432,53.761482238769645],[9.197869300842228,53.7756919860841],[9.185379981994686,53.77544021606451],[9.185070037841854,53.78279113769537],[9.178509712219181,53.790008544921875],[9.172110557556152,53.79356002807623],[9.165859222412223,53.79344177246094],[9.166169166565055,53.78609085083008],[9.159918785095215,53.785968780517635],[9.147098541259822,53.793071746826286],[9.140850067138729,53.79294967651367],[9.14694881439209,53.7967414855957],[9.14068984985363,53.79661941528326],[9.140379905700797,53.80397033691412],[9.121619224548397,53.8036003112793],[9.115209579467717,53.807151794433594],[9.096449851989803,53.80678176879894],[9.096129417419547,53.81412124633789],[9.077368736267147,53.81375885009777],[9.071278572082633,53.80995941162121],[9.065030097961369,53.80984115600597],[9.06469917297369,53.81718063354492],[9.04577827453619,53.82049179077154],[9.039528846740836,53.820362091064396],[9.03969955444336,53.816688537597656],[9.033110618591365,53.82390975952154],[9.032939910888786,53.82757949829113],[9.026180267334041,53.838481903076115],[9.02027702331543,53.83836746215826],[9.021943092346248,53.83930587768555],[9.020833015441895,53.84013748168951],[9.020833015441895,53.841804504394645],[9.025277137756348,53.84291839599621],[9.03083419799816,53.84263992309582],[9.035834312439079,53.84569549560547],[9.03972244262701,53.84597396850586],[9.044166564941406,53.84930419921875],[9.051388740539608,53.851249694824276],[9.053054809570426,53.853195190429744],[9.069167137146053,53.85625076293945],[9.071389198303336,53.8576393127442],[9.084165573120117,53.8618049621582],[9.096388816833496,53.862083435058594],[9.09972286224371,53.86291503906256],[9.09972286224371,53.866249084472656],[9.099166870117244,53.866249084472656],[9.099166870117244,53.86958312988287],[9.09861087799078,53.86958312988287],[9.09805679321289,53.876525878906364],[9.097500801086426,53.87652969360357],[9.096388816833496,53.883983612060604],[9.105687141418457,53.884170532226506],[9.143460273742676,53.88124847412121],[9.162118911743221,53.88529205322277],[9.19972896575922,53.8860321044923]]]},"properties":{"name":"Stade","basis":"Shadowrun-Bezirk laut Hamburg-Kartenpaket; auf heutige Stadtteil- bzw. Kreisgeometrien übertragen","boundary_role":"lore-outer-district","lore_source":"Datapuls Hamburg und Hamburg-Kartenpaket (SR5)","boundary_review_status":"confirmed","boundary_review_label":"Mit der offiziellen Hamburg-2080-Karte abgeglichen","source":"Code for Germany / Click That Hood","source_url":"https://github.com/codeforgermany/click_that_hood","entity_id":312,"description_preview":"Stade ist Hamburgs westlicher Industriebezirk. Petrochemie, Schwerindustrie, Pharma, Güterbahnhöfe und exterritoriale Werksflächen grenzen an verseuchte Elbmarschen, Wattsammlerkommunen und Operationsräume militanter Ökogruppen.","description_full":"Stade ist Hamburgs westlicher Industriebezirk. Petrochemie, Schwerindustrie, Pharma, Güterbahnhöfe und exterritoriale Werksflächen grenzen an verseuchte Elbmarschen, Wattsammlerkommunen und Operationsräume militanter Ökogruppen. Die Position ist auf den belegten Stadt- oder Teilraum angenähert; eine hausgenaue Lage und eine weitergehende eigene Fließtextbeschreibung sind aus dem zugeordneten Datenmaterial nicht sicher ableitbar.","editions":["SR5"],"sources":[{"bookId":"datapuls-hamburg-sr5","title":"Datapuls: Hamburg","edition":"SR5","citation":"Datapuls: Hamburg, S. 44–46","purpose":"description"}]}},{"type":"Feature","geometry":{"type":"Polygon","coordinates":[[[10.583819389343262,53.90367889404297],[10.583897590637207,53.899990081787166],[10.577670097351188,53.899990081787166],[10.565368652343864,53.892620086670036],[10.577969551086426,53.88523101806646],[10.596750259399357,53.87784194946289],[10.596818923950252,53.87414932250971],[10.59068965911871,53.87047195434582],[10.590759277343864,53.86677932739258],[10.597030639648551,53.863079071045036],[10.597099304199219,53.85937881469732],[10.609540939331112,53.85569000244152],[10.621900558471737,53.85567855834961],[10.62195968627924,53.85198974609375],[10.615850448608455,53.84830856323248],[10.60966873168951,53.84833145141607],[10.603560447692871,53.84463119506836],[10.591259956359977,53.84096145629877],[10.584999084472713,53.8446502685548],[10.572670936584586,53.8409690856933],[10.566478729248047,53.8409690856933],[10.566570281982479,53.83729171752941],[10.560429573059082,53.83359909057623],[10.56050968170166,53.82991027832037],[10.566699981689453,53.82991027832037],[10.579479217529297,53.811470031738395],[10.585648536682072,53.811458587646484],[10.58572864532482,53.80776977539068],[10.579629898071289,53.804088592529354],[10.567260742187557,53.804100036621094],[10.567339897155875,53.80041122436529],[10.548759460449276,53.80041122436529],[10.542648315429744,53.79673004150396],[10.555209159851074,53.78936004638683],[10.549100875854606,53.78567123413086],[10.542821884155387,53.78936004638683],[10.536790847778377,53.78197860717785],[10.543069839477596,53.77830123901373],[10.543250083923454,53.77091979980469],[10.53704833984375,53.77091979980469],[10.530938148498535,53.767238616943416],[10.524739265441895,53.767230987548885],[10.52464962005621,53.77091979980469],[10.512419700622559,53.763542175293026],[10.512519836425838,53.759860992431754],[10.506310462951603,53.759849548339844],[10.506209373474235,53.763542175293026],[10.499990463256836,53.763542175293026],[10.49990081787115,53.767211914062614],[10.493679046630916,53.767211914062614],[10.493480682373047,53.774589538574276],[10.474780082702694,53.774581909179744],[10.468640327453556,53.77088928222656],[10.46875,53.7672004699707],[10.462509155273494,53.76718902587902],[10.450228691101188,53.75979995727545],[10.450339317321891,53.75611877441412],[10.45657920837408,53.75611877441412],[10.450449943542594,53.75242996215832],[10.450548171997127,53.74874114990229],[10.419289588928336,53.74869918823242],[10.413139343261776,53.74499893188488],[10.400609970092773,53.74497985839844],[10.407110214233398,53.73762130737305],[10.413258552551326,53.74132156372076],[10.419520378112907,53.74132919311529],[10.432261466980037,53.7339706420899],[10.44474983215332,53.73398971557617],[10.451100349426213,53.730308532714844],[10.45120906829834,53.72661972045904],[10.44496917724615,53.72661972045904],[10.44508075714117,53.72293090820318],[10.451318740844783,53.72293853759777],[10.451759338378906,53.70819091796881],[10.445529937744084,53.70817947387707],[10.439180374145621,53.71186065673834],[10.420438766479492,53.71183013916021],[10.414310455322266,53.708141326904354],[10.42055988311779,53.708148956298885],[10.420910835266227,53.69709014892578],[10.414779663085938,53.69338989257824],[10.415019035339355,53.68601989746094],[10.408900260925236,53.682319641113395],[10.415378570556754,53.67496109008795],[10.42161941528326,53.674968719482536],[10.421739578247127,53.671291351318416],[10.440658569336051,53.66395187377941],[10.446988105773983,53.66027069091797],[10.440889358520621,53.65658187866211],[10.441010475158748,53.6528892517091],[10.447220802307129,53.65290069580084],[10.453540802001896,53.64923095703125],[10.45985031127924,53.64554977416998],[10.4599609375,53.64186859130865],[10.503181457519645,53.641921997070426],[10.503269195556697,53.638240814208984],[10.509419441223258,53.638252258300895],[10.50951004028326,53.634559631347656],[10.51564979553234,53.6345787048341],[10.521940231323242,53.627201080322266],[10.52202033996582,53.623519897460994],[10.516069412231388,53.616149902343864],[10.503910064697209,53.61244964599615],[10.497870445251408,53.60876083374029],[10.485589981079102,53.60874938964838],[10.485688209533805,53.60506057739258],[10.461059570312614,53.605030059814396],[10.448478698730582,53.61236953735357],[10.442289352417106,53.61236190795904],[10.435979843139705,53.61603164672863],[10.436090469360465,53.6123504638673],[10.429889678955021,53.61233901977539],[10.423810005187931,53.60863876342785],[10.430020332336483,53.60866165161133],[10.430138587951717,53.60496902465832],[10.423939704895076,53.60496139526373],[10.411768913269043,53.59756088256847],[10.405561447143555,53.59754180908203],[10.399468421936149,53.59384155273449],[10.405819892883358,53.59017944335943],[10.399740219116268,53.58647918701172],[10.387289047241211,53.58644104003906],[10.381210327148438,53.58274078369146],[10.374970436096248,53.58274078369146],[10.375108718872013,53.57904052734375],[10.362630844116211,53.579010009765625],[10.350431442260742,53.57160186767578],[10.337908744812125,53.571559906005916],[10.331798553466854,53.5678596496582],[10.331959724426326,53.564170837402344],[10.325688362121639,53.56415176391613],[10.313448905944881,53.556739807128906],[10.313609123230037,53.553050994873104],[10.307489395141658,53.54933929443365],[10.301198959350529,53.54932022094738],[10.30136966705328,53.54563903808594],[10.307820320129508,53.54196929931652],[10.320380210876522,53.542011260986385],[10.320550918579045,53.538330078125114],[10.307988166809196,53.5382919311524],[10.314440727234,53.53462219238287],[10.30832958221447,53.530910491943416],[10.302048683166504,53.530891418457145],[10.301869392395076,53.53458023071295],[10.295590400695914,53.53456115722656],[10.289108276367188,53.53821945190441],[10.283139228820858,53.53083038330084],[10.277340888976994,53.519748687744254],[10.277519226074276,53.51605987548828],[10.264848709106559,53.51601028442383],[10.258328437805176,53.519680023193416],[10.251970291137752,53.51964950561529],[10.252459526062125,53.50860214233404],[10.246228218078727,53.50489044189459],[10.246068954467717,53.50857162475586],[10.23980808258068,53.504859924316406],[10.233420372009334,53.50484085083019],[10.226848602294979,53.50849914550787],[10.226718902588004,53.51219177246105],[10.233110427856502,53.51221084594732],[10.23297977447504,53.515911102295036],[10.226408958435172,53.51956176757818],[10.226119995117188,53.526939392089844],[10.21956920623785,53.530601501464844],[10.207058906555233,53.52318954467785],[10.194248199462947,53.52312850952154],[10.187680244445744,53.5267906188966],[10.174720764160213,53.530429840088004],[10.168158531188965,53.53409194946289],[10.1680202484132,53.537780761718864],[10.174299240112362,53.541488647460994],[10.174010276794377,53.54887008666998],[10.167600631713924,53.54885101318354],[10.16133975982666,53.54513168334955],[10.154500007629338,53.55617904663097],[10.167029380798397,53.5635986328125],[10.166739463806266,53.57098007202154],[10.153788566589412,53.57461929321295],[10.15365028381359,53.57831192016613],[10.160050392150936,53.5783309936524],[10.159619331359977,53.589401245117244],[10.166029930114746,53.589420318603516],[10.172138214111385,53.59682083129877],[10.172288894653377,53.59313201904297],[10.21062183380127,53.593261718750114],[10.203950881958065,53.600620269775504],[10.197429656982422,53.60429000854492],[10.203650474548397,53.607990264892635],[10.203209877014274,53.61906051635748],[10.196840286254883,53.61904144287104],[10.196688652038631,53.62273025512707],[10.202919960021973,53.62643051147461],[10.228058815002441,53.63389205932617],[10.227909088134709,53.63758087158203],[10.221558570861816,53.63756179809576],[10.221408843994254,53.64125061035162],[10.227769851684627,53.6412620544433],[10.21490859985363,53.64492034912115],[10.208550453186149,53.644901275634766],[10.195679664611873,53.64854049682617],[10.20811939239502,53.65596008300787],[10.201469421386832,53.66331863403326],[10.18844985961914,53.67066192626959],[10.182070732116813,53.670639038085994],[10.181790351867676,53.678009033203125],[10.169030189514217,53.67797088623058],[10.162359237670898,53.6853294372558],[10.149579048156738,53.68529129028332],[10.143050193786735,53.688961029052734],[10.149439811706657,53.68898010253912],[10.155698776245117,53.69269180297857],[10.161808967590332,53.700099945068416],[10.167780876159782,53.711181640625],[10.161398887634391,53.71117019653326],[10.161259651184139,53.71485137939453],[10.17388916015625,53.718582153320426],[10.180110931396541,53.7222900390625],[10.180270195007324,53.7186012268067],[10.186629295349121,53.71862030029297],[10.198959350586051,53.72972106933594],[10.198549270629883,53.74079132080078],[10.192178726196403,53.74077224731457],[10.185679435730094,53.7444419860841],[10.17931079864502,53.744430541992244],[10.179168701171818,53.74811935424805],[10.166419982910156,53.748081207275334],[10.166688919067383,53.74069976806652],[10.128770828247127,53.72949981689453],[10.128910064697209,53.7258186340332],[10.122649192810172,53.72211074829113],[10.103338241577205,53.725730895996094],[10.096808433532715,53.72940063476568],[10.084019660949764,53.729351043701286],[10.077889442443961,53.7219505310058],[10.071500778198356,53.72192001342785],[10.071617126464844,53.71823120117182],[10.058829307556152,53.71818923950195],[10.065098762512207,53.721900939941406],[10.064969062805233,53.725589752197266],[10.052039146423397,53.72922897338867],[10.03924942016613,53.729179382324276],[10.039118766784668,53.73287200927746],[10.032588958740178,53.736530303955135],[10.026198387145996,53.736511230468864],[10.025439262390194,53.75865173339855],[10.038100242614803,53.76239013671881],[10.044369697570858,53.76610183715826],[10.044110298156738,53.77349090576183],[10.050510406494254,53.77350997924805],[10.050640106201229,53.769821166992244],[10.057030677795467,53.76985168457037],[10.05690956115734,53.77352905273449],[10.08885860443121,53.77365112304693],[10.095120429992733,53.777370452880916],[10.114279747009391,53.77743148803722],[10.108408927917537,53.762649536132926],[10.108669281005973,53.755271911621094],[10.127849578857479,53.75534057617193],[10.13394927978527,53.762741088867244],[10.146731376648006,53.7627792358399],[10.146600723266545,53.76647186279308],[10.152850151062069,53.77017974853521],[10.13329982757574,53.78118896484375],[10.139559745788688,53.7849006652832],[10.145939826965332,53.78491973876959],[10.152189254760856,53.78863143920904],[10.145680427551383,53.79230117797863],[10.15192890167242,53.7960090637207],[10.15831089019781,53.796031951904354],[10.177301406860465,53.79978179931646],[10.183679580688477,53.799800872802734],[10.196019172668514,53.81090927124029],[10.215369224548454,53.803581237793026],[10.21549034118658,53.799888610839844],[10.221989631652946,53.796211242675895],[10.222249984741211,53.788829803466854],[10.247648239135742,53.78889846801752],[10.260209083557243,53.792621612548885],[10.26654911041254,53.792640686035156],[10.266160011291618,53.8037109375],[10.253218650817871,53.81106185913086],[10.25309085845953,53.81475067138672],[10.259189605712834,53.822139739990234],[10.259049415588436,53.825828552246094],[10.246360778808594,53.82580184936529],[10.246228218078727,53.829490661621094],[10.23974895477295,53.83317184448242],[10.246099472045898,53.833190917968864],[10.277188301086426,53.85171127319336],[10.289869308471737,53.85174179077154],[10.289619445800724,53.8591194152832],[10.295838356018123,53.862819671630916],[10.321168899536133,53.86286926269531],[10.32079982757574,53.87393951416021],[10.327129364013672,53.87395858764643],[10.327010154724121,53.87765121459961],[10.333338737487907,53.8776588439942],[10.339789390563965,53.87398147583008],[10.345989227294922,53.87768173217779],[10.352429389953727,53.87400054931652],[10.352549552917537,53.87031936645519],[10.34622955322277,53.87030029296875],[10.34634876251232,53.86661148071295],[10.359218597412166,53.85926055908209],[10.371728897094727,53.86297225952154],[10.365300178527832,53.866649627685604],[10.383989334106502,53.8740615844726],[10.390409469604606,53.87038040161133],[10.403018951416016,53.87039947509777],[10.402889251709041,53.87408065795904],[10.415499687194881,53.87409210205078],[10.415279388427734,53.881481170654354],[10.42168998718273,53.877799987793026],[10.421568870544377,53.881488800048885],[10.434149742126579,53.88150024414057],[10.434049606323299,53.8851890563966],[10.440340042114201,53.88520050048834],[10.440229415893668,53.88888931274414],[10.44651889801031,53.88888931274414],[10.44629955291748,53.89627075195318],[10.439908981323242,53.899959564208984],[10.433628082275447,53.89995193481445],[10.427219390869084,53.90362930297857],[10.427098274230957,53.907321929931754],[10.433509826660213,53.90364074707031],[10.439800262451286,53.90364074707031],[10.452278137207145,53.90734863281256],[10.508769035339412,53.90737915039074],[10.508680343628043,53.91107177734375],[10.502409934997672,53.91107177734375],[10.514759063720817,53.91844940185558],[10.514670372009277,53.922142028808594],[10.521027565002441,53.91844940185558],[10.527289390563965,53.91844940185558],[10.52719974517828,53.922142028808594],[10.533368110656738,53.92583084106457],[10.539630889892578,53.92583084106457],[10.53980922698986,53.91844940185558],[10.546149253845215,53.91476058959972],[10.558638572692928,53.91476058959972],[10.571209907531852,53.91106033325201],[10.583669662475529,53.91106033325201],[10.583749771118278,53.90737152099615],[10.57758998870844,53.90367889404297],[10.583819389343262,53.90367889404297]]]},"properties":{"name":"Stormarn","basis":"Shadowrun-Bezirk laut Hamburg-Kartenpaket; auf heutige Stadtteil- bzw. Kreisgeometrien übertragen","boundary_role":"lore-outer-district","lore_source":"Datapuls Hamburg und Hamburg-Kartenpaket (SR5)","boundary_review_status":"confirmed","boundary_review_label":"Mit der offiziellen Hamburg-2080-Karte abgeglichen","source":"Code for Germany / Click That Hood","source_url":"https://github.com/codeforgermany/click_that_hood","entity_id":316,"description_preview":"Stormarn ist der wohlhabendste und gepflegteste Bezirk des Plexes. Großhansdorf und Ahrensburg bilden abgeschirmte Luxuslagen mit privaten Sicherheitsdiensten, sauberen Seen, Parks und exklusiver Versorgung.","description_full":"Stormarn ist der wohlhabendste und gepflegteste Bezirk des Plexes. Großhansdorf und Ahrensburg bilden abgeschirmte Luxuslagen mit privaten Sicherheitsdiensten, sauberen Seen, Parks und exklusiver Versorgung. Die Position ist auf den belegten Stadt- oder Teilraum angenähert; eine hausgenaue Lage und eine weitergehende eigene Fließtextbeschreibung sind aus dem zugeordneten Datenmaterial nicht sicher ableitbar.","editions":["SR5"],"sources":[{"bookId":"datapuls-hamburg-sr5","title":"Datapuls: Hamburg","edition":"SR5","citation":"Datapuls: Hamburg, S. 55–57","purpose":"description"}]}},{"type":"Feature","geometry":{"type":"Polygon","coordinates":[[[10.585648536682072,53.811458587646484],[10.591830253601074,53.811458587646484],[10.597860336303711,53.818820953369254],[10.610308647155705,53.81143951416027],[10.604219436645508,53.80776214599615],[10.610500335693473,53.80038070678711],[10.604408264160213,53.79669189453131],[10.598258972167969,53.79669952392584],[10.598199844360408,53.80039215087902],[10.592109680175724,53.79671096801752],[10.604680061340332,53.781951904296875],[10.623089790344352,53.781921386718864],[10.629330635070858,53.77455139160156],[10.641539573669434,53.77452850341797],[10.641188621521053,53.80033111572271],[10.659538269043026,53.80030059814453],[10.67176818847662,53.79658889770508],[10.653518676757926,53.79294204711914],[10.653569221496639,53.78924942016613],[10.64750862121582,53.78557968139654],[10.659708976745549,53.7855606079101],[10.659670829773063,53.7892417907716],[10.671809196472225,53.792900085449276],[10.677889823913574,53.792888641357536],[10.684019088745117,53.78918075561529],[10.702279090881404,53.78910064697271],[10.708318710327205,53.79275131225586],[10.714410781860465,53.792709350585994],[10.714369773864746,53.79640960693371],[10.708279609680233,53.79645156860357],[10.708228111267204,53.80014038085943],[10.720399856567383,53.800060272216854],[10.738498687744084,53.81101226806646],[10.738398551940975,53.81840896606457],[10.72620964050293,53.82220077514654],[10.720100402831974,53.825931549072266],[10.720059394836426,53.82963180541998],[10.732160568237362,53.833251953125],[10.744428634643668,53.82205963134771],[10.750659942627067,53.81090927124029],[10.75667953491211,53.8145484924317],[10.756620407104606,53.81824111938488],[10.768889427185172,53.81069183349621],[10.762869834899902,53.80706024169933],[10.769019126892147,53.80327987670904],[10.769148826599121,53.7958717346192],[10.763250350952205,53.784832000732536],[10.769349098205566,53.78475952148449],[10.76941967010498,53.781059265136776],[10.763448715210018,53.77371978759777],[10.757409095764217,53.770099639892635],[10.757729530334473,53.75157928466808],[10.763850212097111,53.751499176025504],[10.763788223266715,53.75521087646496],[10.769919395446777,53.755119323730526],[10.78232860565197,53.751232147216854],[10.788510322570744,53.75114059448242],[10.794799804687557,53.74734115600586],[10.800999641418514,53.74724197387701],[10.807319641113281,53.743431091308594],[10.807819366455135,53.72491073608404],[10.814049720764217,53.72481155395502],[10.814149856567496,53.72111129760748],[10.820379257202092,53.721012115478516],[10.83306884765625,53.7133903503418],[10.84557056427002,53.713169097900334],[10.852029800415096,53.705638885498104],[10.864548683166504,53.705390930175895],[10.864459991455078,53.70909881591797],[10.870819091796875,53.70526885986328],[10.87708854675293,53.70513916015631],[10.883270263671932,53.70872116088873],[10.88954925537115,53.7085800170899],[10.908509254455623,53.70447158813482],[10.914899826049862,53.70059967041021],[10.921190261840763,53.70045852661133],[10.927590370178336,53.696590423583984],[10.927658081054688,53.692890167236385],[10.940448760986442,53.68515014648443],[10.946919441223201,53.67757034301758],[10.940698623657227,53.67401123046875],[10.940850257873535,53.66658020019531],[10.947229385376033,53.66271209716808],[10.947299957275447,53.658988952636776],[10.953598976135254,53.65882873535162],[10.953749656677246,53.65140151977539],[10.947580337524471,53.64411926269537],[10.941349029541072,53.640571594238395],[10.928969383239746,53.62973022460932],[10.929030418396053,53.62601852416992],[10.92305946350109,53.60760116577154],[10.923410415649471,53.5853004455567],[10.911029815673885,53.57448196411144],[10.892229080200195,53.574958801269645],[10.886020660400447,53.5714111328125],[10.867250442504883,53.57186889648443],[10.867308616638297,53.56816101074219],[10.85480976104742,53.5684700012207],[10.84849929809576,53.57231140136713],[10.848389625549373,53.579730987548885],[10.823429107666016,53.58028030395508],[10.823490142822322,53.576580047607536],[10.829780578613224,53.57273864746094],[10.829898834228516,53.56533050537115],[10.82373046875,53.561759948730526],[10.830019950866813,53.557910919189396],[10.83006954193121,53.554210662841854],[10.836420059204158,53.54664993286144],[10.82406044006359,53.539520263671875],[10.817829132080192,53.5396614074707],[10.817940711975211,53.53224945068371],[10.824169158935547,53.53211212158203],[10.817988395691032,53.528549194335994],[10.81804084777832,53.52484130859375],[10.824270248413143,53.524700164795036],[10.824370384216422,53.51728057861334],[10.811868667602653,53.521282196045036],[10.787039756774902,53.51813125610357],[10.787139892578182,53.510719299316406],[10.78102970123291,53.50345993041998],[10.781080245971623,53.499752044677734],[10.768719673156738,53.49631881713867],[10.762510299682674,53.49644851684582],[10.76255989074707,53.492740631103516],[10.756410598754883,53.48918151855469],[10.756358146667594,53.49287033081049],[10.75020885467535,53.48929977416992],[10.74400997161871,53.489421844482536],[10.737870216369572,53.48583984375006],[10.731630325317383,53.48965072631836],[10.725489616394157,53.48606872558605],[10.72554016113287,53.48236846923834],[10.706918716430721,53.486370086670036],[10.694860458374137,53.46443176269537],[10.682510375976676,53.46461105346691],[10.676289558410701,53.46836853027338],[10.651638984680233,53.46865081787115],[10.651679992675781,53.46496963500988],[10.639378547668457,53.465099334716854],[10.633369445800781,53.45413208007818],[10.627228736877385,53.45418930053711],[10.633410453796387,53.450450897216854],[10.627400398254395,53.43947982788086],[10.627479553222713,53.43212127685541],[10.621419906616325,53.42483139038086],[10.621770858764762,53.39173889160156],[10.609540939331112,53.38821029663086],[10.603409767150879,53.388271331787166],[10.597399711608887,53.377311706543026],[10.597419738769645,53.373649597168026],[10.591399192810059,53.373619079589844],[10.585399627685547,53.36989212036133],[10.579379081726188,53.36985015869146],[10.561180114746207,53.38085174560547],[10.524959564209041,53.38064956665045],[10.512850761413517,53.38428115844732],[10.50680923461914,53.3842506408692],[10.488639831543026,53.39154052734375],[10.47653961181635,53.395172119140625],[10.47047042846691,53.39884185791021],[10.428080558776912,53.413410186767635],[10.409930229187069,53.42071914672863],[10.391718864440861,53.435401916503906],[10.343390464782715,53.435199737548885],[10.331270217895508,53.44253158569336],[10.31917858123785,53.44248962402344],[10.318999290466309,53.446170806884766],[10.331219673156795,53.44622039794933],[10.3311185836792,53.44990158081066],[10.336769104003906,53.460979461670036],[10.32438945770258,53.46094131469732],[10.324788093567008,53.45357131958019],[10.312310218811149,53.453521728515625],[10.305801391601676,53.45718002319347],[10.311899185180721,53.460891723632926],[10.298890113830623,53.46821212768566],[10.292550086975098,53.46818923950201],[10.279460906982422,53.475509643554744],[10.278939247131461,53.48657226562506],[10.26619815826416,53.48651885986328],[10.259638786315975,53.49018859863287],[10.246680259704533,53.49383163452143],[10.246228218078727,53.50489044189459],[10.252459526062125,53.50860214233404],[10.251970291137752,53.51964950561529],[10.258328437805176,53.519680023193416],[10.264848709106559,53.51601028442383],[10.277519226074276,53.51605987548828],[10.277340888976994,53.519748687744254],[10.283139228820858,53.53083038330084],[10.289108276367188,53.53821945190441],[10.295590400695914,53.53456115722656],[10.301869392395076,53.53458023071295],[10.302048683166504,53.530891418457145],[10.30832958221447,53.530910491943416],[10.314440727234,53.53462219238287],[10.307988166809196,53.5382919311524],[10.320550918579045,53.538330078125114],[10.320380210876522,53.542011260986385],[10.307820320129508,53.54196929931652],[10.30136966705328,53.54563903808594],[10.301198959350529,53.54932022094738],[10.307489395141658,53.54933929443365],[10.313609123230037,53.553050994873104],[10.313448905944881,53.556739807128906],[10.325688362121639,53.56415176391613],[10.331959724426326,53.564170837402344],[10.331798553466854,53.5678596496582],[10.337908744812125,53.571559906005916],[10.350431442260742,53.57160186767578],[10.362630844116211,53.579010009765625],[10.375108718872013,53.57904052734375],[10.374970436096248,53.58274078369146],[10.381210327148438,53.58274078369146],[10.387289047241211,53.58644104003906],[10.399740219116268,53.58647918701172],[10.405819892883358,53.59017944335943],[10.399468421936149,53.59384155273449],[10.405561447143555,53.59754180908203],[10.411768913269043,53.59756088256847],[10.423939704895076,53.60496139526373],[10.430138587951717,53.60496902465832],[10.430020332336483,53.60866165161133],[10.423810005187931,53.60863876342785],[10.429889678955021,53.61233901977539],[10.436090469360465,53.6123504638673],[10.435979843139705,53.61603164672863],[10.442289352417106,53.61236190795904],[10.448478698730582,53.61236953735357],[10.461059570312614,53.605030059814396],[10.485688209533805,53.60506057739258],[10.485589981079102,53.60874938964838],[10.497870445251408,53.60876083374029],[10.503910064697209,53.61244964599615],[10.516069412231388,53.616149902343864],[10.52202033996582,53.623519897460994],[10.521940231323242,53.627201080322266],[10.51564979553234,53.6345787048341],[10.50951004028326,53.634559631347656],[10.509419441223258,53.638252258300895],[10.503269195556697,53.638240814208984],[10.503181457519645,53.641921997070426],[10.4599609375,53.64186859130865],[10.45985031127924,53.64554977416998],[10.453540802001896,53.64923095703125],[10.447220802307129,53.65290069580084],[10.441010475158748,53.6528892517091],[10.440889358520621,53.65658187866211],[10.446988105773983,53.66027069091797],[10.440658569336051,53.66395187377941],[10.421739578247127,53.671291351318416],[10.42161941528326,53.674968719482536],[10.415378570556754,53.67496109008795],[10.408900260925236,53.682319641113395],[10.415019035339355,53.68601989746094],[10.414779663085938,53.69338989257824],[10.420910835266227,53.69709014892578],[10.42055988311779,53.708148956298885],[10.414310455322266,53.708141326904354],[10.420438766479492,53.71183013916021],[10.439180374145621,53.71186065673834],[10.445529937744084,53.70817947387707],[10.451759338378906,53.70819091796881],[10.451318740844783,53.72293853759777],[10.44508075714117,53.72293090820318],[10.44496917724615,53.72661972045904],[10.45120906829834,53.72661972045904],[10.451100349426213,53.730308532714844],[10.44474983215332,53.73398971557617],[10.432261466980037,53.7339706420899],[10.419520378112907,53.74132919311529],[10.413258552551326,53.74132156372076],[10.407110214233398,53.73762130737305],[10.400609970092773,53.74497985839844],[10.413139343261776,53.74499893188488],[10.419289588928336,53.74869918823242],[10.450548171997127,53.74874114990229],[10.450449943542594,53.75242996215832],[10.45657920837408,53.75611877441412],[10.450339317321891,53.75611877441412],[10.450228691101188,53.75979995727545],[10.462509155273494,53.76718902587902],[10.46875,53.7672004699707],[10.468640327453556,53.77088928222656],[10.474780082702694,53.774581909179744],[10.493480682373047,53.774589538574276],[10.493679046630916,53.767211914062614],[10.49990081787115,53.767211914062614],[10.499990463256836,53.763542175293026],[10.506209373474235,53.763542175293026],[10.506310462951603,53.759849548339844],[10.512519836425838,53.759860992431754],[10.512419700622559,53.763542175293026],[10.52464962005621,53.77091979980469],[10.524739265441895,53.767230987548885],[10.530938148498535,53.767238616943416],[10.53704833984375,53.77091979980469],[10.543250083923454,53.77091979980469],[10.543069839477596,53.77830123901373],[10.536790847778377,53.78197860717785],[10.542821884155387,53.78936004638683],[10.549100875854606,53.78567123413086],[10.555209159851074,53.78936004638683],[10.542648315429744,53.79673004150396],[10.548759460449276,53.80041122436529],[10.567339897155875,53.80041122436529],[10.567260742187557,53.804100036621094],[10.579629898071289,53.804088592529354],[10.58572864532482,53.80776977539068],[10.585648536682072,53.811458587646484]]]},"properties":{"name":"Lauenburg","basis":"Shadowrun-Bezirk laut Hamburg-Kartenpaket; auf heutige Stadtteil- bzw. Kreisgeometrien übertragen","boundary_role":"lore-outer-district","lore_source":"Datapuls Hamburg und Hamburg-Kartenpaket (SR5)","boundary_review_status":"confirmed","boundary_review_label":"Mit der offiziellen Hamburg-2080-Karte abgeglichen","source":"Code for Germany / Click That Hood","source_url":"https://github.com/codeforgermany/click_that_hood","entity_id":315,"description_preview":"Lauenburg verbindet Sachsenwald, Ökoschamanismus, Seminarbetriebe, Agrar- und Lebensmittelindustrie sowie teure Landhausidylle. Hinter der grünen Kulisse arbeiten Schmidts, Schattenwirtschaft und lokale Machtzirkel.","description_full":"Lauenburg verbindet Sachsenwald, Ökoschamanismus, Seminarbetriebe, Agrar- und Lebensmittelindustrie sowie teure Landhausidylle. Hinter der grünen Kulisse arbeiten Schmidts, Schattenwirtschaft und lokale Machtzirkel. Die Position ist auf den belegten Stadt- oder Teilraum angenähert; eine hausgenaue Lage und eine weitergehende eigene Fließtextbeschreibung sind aus dem zugeordneten Datenmaterial nicht sicher ableitbar.","editions":["SR5"],"sources":[{"bookId":"datapuls-hamburg-sr5","title":"Datapuls: Hamburg","edition":"SR5","citation":"Datapuls: Hamburg, S. 53–54","purpose":"description"}]}},{"type":"Feature","geometry":{"type":"Polygon","coordinates":[[[10.277188301086426,53.85171127319336],[10.246099472045898,53.833190917968864],[10.23974895477295,53.83317184448242],[10.246228218078727,53.829490661621094],[10.246360778808594,53.82580184936529],[10.259049415588436,53.825828552246094],[10.259189605712834,53.822139739990234],[10.25309085845953,53.81475067138672],[10.253218650817871,53.81106185913086],[10.266160011291618,53.8037109375],[10.26654911041254,53.792640686035156],[10.260209083557243,53.792621612548885],[10.247648239135742,53.78889846801752],[10.222249984741211,53.788829803466854],[10.221989631652946,53.796211242675895],[10.21549034118658,53.799888610839844],[10.215369224548454,53.803581237793026],[10.196019172668514,53.81090927124029],[10.183679580688477,53.799800872802734],[10.177301406860465,53.79978179931646],[10.15831089019781,53.796031951904354],[10.15192890167242,53.7960090637207],[10.145680427551383,53.79230117797863],[10.152189254760856,53.78863143920904],[10.145939826965332,53.78491973876959],[10.139559745788688,53.7849006652832],[10.13329982757574,53.78118896484375],[10.152850151062069,53.77017974853521],[10.146600723266545,53.76647186279308],[10.146731376648006,53.7627792358399],[10.13394927978527,53.762741088867244],[10.127849578857479,53.75534057617193],[10.108669281005973,53.755271911621094],[10.108408927917537,53.762649536132926],[10.114279747009391,53.77743148803722],[10.095120429992733,53.777370452880916],[10.08885860443121,53.77365112304693],[10.05690956115734,53.77352905273449],[10.057030677795467,53.76985168457037],[10.050640106201229,53.769821166992244],[10.050510406494254,53.77350997924805],[10.044110298156738,53.77349090576183],[10.044369697570858,53.76610183715826],[10.038100242614803,53.76239013671881],[10.025439262390194,53.75865173339855],[10.026198387145996,53.736511230468864],[10.032588958740178,53.736530303955135],[10.039118766784668,53.73287200927746],[10.03924942016613,53.729179382324276],[10.052039146423397,53.72922897338867],[10.064969062805233,53.725589752197266],[10.065098762512207,53.721900939941406],[10.058829307556152,53.71818923950195],[10.078019142150936,53.71826171875],[10.071758270263672,53.71453857421881],[10.084548950195426,53.71459197998058],[10.078278541565055,53.71088027954096],[10.072150230407658,53.70347213745117],[10.07267856597906,53.68870925903332],[10.053470611572322,53.68864059448248],[10.046940803527832,53.69231033325201],[10.00210952758789,53.69211959838873],[9.989797592163086,53.67731094360346],[9.996459960937443,53.66996002197277],[9.996589660644645,53.6662712097168],[9.990179061889648,53.666240692138786],[9.990429878234977,53.6588592529298],[9.9647798538208,53.65874862670904],[9.95181941986084,53.662391662597656],[9.94540977478033,53.66234970092779],[9.945158958435059,53.66973114013683],[9.938248634338493,53.684459686279354],[9.938010215759391,53.69184112548834],[9.944299697875977,53.69556045532232],[9.943689346313477,53.71401214599621],[9.956139564514217,53.725131988525504],[9.962298393249569,53.73254013061529],[9.955768585205078,53.73620223999035],[9.955650329589844,53.73989105224615],[9.962180137634334,53.73622894287115],[9.96858024597168,53.736259460449276],[9.980900764465446,53.751079559326286],[9.974379539489803,53.754741668701286],[9.980410575866756,53.7658309936524],[9.986678123474235,53.769538879394474],[9.980159759521484,53.77320861816406],[9.973519325256404,53.78055953979492],[9.94211864471447,53.76197052001953],[9.929439544677734,53.75820922851568],[9.910249710083121,53.75809860229498],[9.903739929199332,53.761741638183594],[9.890958786010742,53.761650085449276],[9.897239685058707,53.765380859375],[9.897129058838004,53.76906967163086],[9.903399467468375,53.7728004455567],[9.896899223327694,53.77643203735357],[9.903180122375488,53.780158996582145],[9.89678859710699,53.78012084960943],[9.896679878234863,53.7838020324707],[9.883918762206974,53.78369903564453],[9.870939254760742,53.79096221923828],[9.864560127258414,53.790901184081974],[9.876890182495174,53.805740356445426],[9.883159637451229,53.80947113037115],[9.883049964904785,53.81315994262695],[9.876459121704158,53.820461273193416],[9.869979858398551,53.82408905029291],[9.869870185852164,53.82777023315441],[9.85044956207281,53.83861923217785],[9.837819099426326,53.834800720214844],[9.844288825988826,53.83119201660156],[9.844389915466422,53.82751083374029],[9.831448554992676,53.834732055664176],[9.81872940063488,53.83459091186529],[9.81861877441412,53.83827209472662],[9.831138610839844,53.845771789550895],[9.824680328369254,53.84938049316412],[9.818318367004451,53.84931182861328],[9.824579238891658,53.85306167602545],[9.760238647460994,53.881679534912166],[9.760139465331974,53.885349273681754],[9.747050285339299,53.89989089965832],[9.759439468383789,53.91109848022472],[9.765780448913574,53.911190032958984],[9.765680313110465,53.91485977172857],[9.75933933258068,53.914779663085994],[9.752888679504451,53.918369293213004],[9.75912857055664,53.922142028808594],[9.752688407898006,53.925720214843864],[9.758719444275016,53.936859130859375],[9.765070915222225,53.93693923950195],[9.765169143676758,53.933261871338004],[9.771510124206543,53.933349609375114],[9.777548789978084,53.944480895996094],[9.790240287780819,53.94464874267578],[9.803030014038086,53.94113922119152],[9.802828788757381,53.948509216308594],[9.809069633483887,53.9522705078125],[9.81541919708252,53.95235061645502],[9.808859825134334,53.95962905883789],[9.808549880981502,53.97066879272455],[9.789519309997559,53.970420837402344],[9.776518821716252,53.981281280517635],[9.776318550109863,53.98863983154308],[9.788889884948787,53.992500305175724],[9.801690101623649,53.9890022277832],[9.80812835693365,53.98540115356445],[9.814689636230412,53.97811889648443],[9.82114028930664,53.97452163696289],[9.821350097656193,53.96715927124029],[9.827698707580566,53.96723937988287],[9.83394908905035,53.97100067138672],[9.833519935607967,53.98572921752924],[9.827168464660758,53.98564910888672],[9.82685756683344,53.99668884277355],[9.832980155944881,54.00413894653326],[9.864309310913143,54.019260406494254],[9.877120018005428,54.01573181152355],[9.896189689636174,54.015941619873104],[9.896078109741154,54.019630432128906],[9.902320861816463,54.02338027954107],[9.92774868011486,54.02363204956066],[9.933988571167106,54.0273895263673],[9.940460205078182,54.023761749267635],[9.940349578857422,54.0274391174317],[9.946818351745662,54.02381134033203],[9.953069686889762,54.02756118774414],[9.961170289947443,54.03],[10.28,54.03],[10.28,53.851718039709525],[10.277188301086426,53.85171127319336]]]},"properties":{"name":"Kaltenkirchen","basis":"Shadowrun-Bezirk laut Hamburg-Kartenpaket; auf heutige Stadtteil- bzw. Kreisgeometrien übertragen","boundary_role":"lore-outer-district","lore_source":"Datapuls Hamburg und Hamburg-Kartenpaket (SR5)","boundary_review_status":"source-aligned","boundary_review_label":"Mit der offiziellen Hamburg-2080-Übersicht auf den südwestlichen Kreis-Segeberg-Ausschnitt abgeglichen","source":"Code for Germany / Click That Hood","source_url":"https://github.com/codeforgermany/click_that_hood","entity_id":318,"description_preview":"Kaltenkirchen umfasst den Orbitalflughafen mit Lufthansa City, das dicht bebaute Norderstedt und den energieerzeugenden Nordosten. Flughafenökonomie, Vergnügungskomplexe und kritische Energieinfrastruktur bestimmen den Bezirk.","description_full":"Kaltenkirchen umfasst den Orbitalflughafen mit Lufthansa City, das dicht bebaute Norderstedt und den energieerzeugenden Nordosten. Flughafenökonomie, Vergnügungskomplexe und kritische Energieinfrastruktur bestimmen den Bezirk. Die Position ist auf den belegten Stadt- oder Teilraum angenähert; eine hausgenaue Lage und eine weitergehende eigene Fließtextbeschreibung sind aus dem zugeordneten Datenmaterial nicht sicher ableitbar.","editions":["SR5"],"sources":[{"bookId":"datapuls-hamburg-sr5","title":"Datapuls: Hamburg","edition":"SR5","citation":"Datapuls: Hamburg, S. 60–61","purpose":"description"}]}}]}
