{"type":"FeatureCollection","name":"Hamburg Stadtteile","features":[{"type":"Feature","geometry":{"type":"Polygon","coordinates":[[[10.090126,53.494873],[10.092003,53.494965],[10.097374,53.498138],[10.108582,53.504303],[10.110954,53.502533],[10.113953,53.500641],[10.125389,53.494843],[10.12899,53.493622],[10.131813,53.492981],[10.135185,53.492493],[10.122749,53.485443],[10.134689,53.484283],[10.139763,53.48349],[10.146324,53.482025],[10.149803,53.481476],[10.152252,53.480377],[10.161819,53.477081],[10.166855,53.475708],[10.172256,53.474579],[10.176811,53.474152],[10.181145,53.473297],[10.186729,53.472809],[10.190872,53.47287],[10.195251,53.473328],[10.199799,53.474335],[10.199142,53.473053],[10.199005,53.472198],[10.197708,53.470367],[10.196869,53.468781],[10.195358,53.467072],[10.195168,53.466614],[10.188972,53.466736],[10.18734,53.467163],[10.185852,53.466644],[10.182091,53.46405],[10.181351,53.463715],[10.179413,53.46344],[10.176865,53.463837],[10.174408,53.464478],[10.173317,53.465485],[10.173256,53.467407],[10.172958,53.467896],[10.171783,53.468933],[10.170044,53.47113],[10.169113,53.47171],[10.167526,53.471832],[10.162346,53.471588],[10.154404,53.470032],[10.150604,53.469727],[10.146378,53.470032],[10.144508,53.470581],[10.142319,53.471741],[10.137527,53.473602],[10.136772,53.477875],[10.136185,53.478943],[10.135544,53.479614],[10.133141,53.48053],[10.125725,53.481903],[10.122765,53.48175],[10.11657,53.480621],[10.111343,53.480713],[10.090698,53.484192],[10.089325,53.484833],[10.088928,53.485779],[10.089188,53.486938],[10.090492,53.488892],[10.091049,53.490082],[10.091209,53.492493],[10.090729,53.493958],[10.090126,53.494873]]]},"properties":{"name":"Allermöhe","basis":"Heutiger Hamburger Stadtteil als geografische Referenz","boundary_role":"reference-neighborhood","source":"Code for Germany / Click That Hood","source_url":"https://github.com/codeforgermany/click_that_hood"}},{"type":"Feature","geometry":{"type":"Polygon","coordinates":[[[10.032372,53.607269],[10.03167,53.608429],[10.030846,53.60907],[10.029167,53.609772],[10.027977,53.610016],[10.025879,53.610077],[10.000641,53.603363],[9.992165,53.6008],[9.991417,53.600647],[9.988853,53.600677],[9.984795,53.601379],[9.985031,53.601837],[9.986755,53.602844],[9.988373,53.604614],[9.996376,53.610901],[10.009331,53.619293],[10.010483,53.621124],[10.011246,53.623352],[10.012428,53.621948],[10.014076,53.61911],[10.01561,53.617157],[10.018074,53.615234],[10.021423,53.616913],[10.026405,53.619751],[10.027267,53.619171],[10.028824,53.619568],[10.030083,53.619415],[10.030434,53.61908],[10.031311,53.619385],[10.030235,53.616669],[10.030045,53.615631],[10.03257,53.608368],[10.032814,53.607361],[10.032372,53.607269]]]},"properties":{"name":"Alsterdorf","basis":"Heutiger Hamburger Stadtteil als geografische Referenz","boundary_role":"reference-neighborhood","source":"Code for Germany / Click That Hood","source_url":"https://github.com/codeforgermany/click_that_hood"}},{"type":"Feature","geometry":{"type":"Polygon","coordinates":[[[10.307983,53.433319],[10.304947,53.432922],[10.303093,53.432373],[10.295929,53.428802],[10.283058,53.424133],[10.26458,53.420013],[10.261131,53.418976],[10.258087,53.417572],[10.255974,53.416199],[10.254822,53.416931],[10.25296,53.416901],[10.255829,53.420105],[10.256744,53.42157],[10.258339,53.421448],[10.258644,53.423096],[10.257271,53.423523],[10.256325,53.423279],[10.255035,53.423767],[10.253494,53.424683],[10.253571,53.425507],[10.253372,53.425964],[10.251678,53.42746],[10.251175,53.427765],[10.250214,53.427887],[10.247887,53.429474],[10.245651,53.42981],[10.243889,53.43103],[10.244568,53.431976],[10.257645,53.46875],[10.258942,53.467957],[10.261375,53.471222],[10.265915,53.470764],[10.265152,53.468964],[10.268135,53.468231],[10.271889,53.466614],[10.269341,53.46405],[10.27359,53.462646],[10.274918,53.461609],[10.277847,53.460175],[10.280563,53.459106],[10.282326,53.457581],[10.283936,53.458496],[10.291809,53.454346],[10.293793,53.452637],[10.297951,53.451508],[10.299004,53.450653],[10.294243,53.448181],[10.295204,53.447266],[10.297104,53.446167],[10.299286,53.443481],[10.300995,53.442596],[10.308418,53.442535],[10.309608,53.443085],[10.310173,53.44455],[10.312225,53.452271],[10.316681,53.452148],[10.325134,53.449768],[10.314827,53.440399],[10.314476,53.439697],[10.316467,53.439087],[10.319122,53.437683],[10.318069,53.436493],[10.31781,53.435303],[10.313545,53.435394],[10.308014,53.434753],[10.307816,53.434662],[10.307983,53.433319]]]},"properties":{"name":"Altengamme","basis":"Heutiger Hamburger Stadtteil als geografische Referenz","boundary_role":"reference-neighborhood","source":"Code for Germany / Click That Hood","source_url":"https://github.com/codeforgermany/click_that_hood"}},{"type":"Feature","geometry":{"type":"Polygon","coordinates":[[[9.877487,53.518311],[9.878204,53.51886],[9.88092,53.518616],[9.884933,53.518921],[9.885262,53.518341],[9.88607,53.517975],[9.890137,53.517761],[9.891365,53.517426],[9.895576,53.515625],[9.901291,53.514099],[9.904007,53.513611],[9.908798,53.513397],[9.910309,53.513611],[9.913689,53.514587],[9.916229,53.515076],[9.920708,53.51535],[9.923714,53.516022],[9.925896,53.516113],[9.926498,53.516632],[9.92733,53.518097],[9.928322,53.518372],[9.929153,53.51886],[9.931244,53.520782],[9.932716,53.521545],[9.934822,53.521881],[9.939301,53.521332],[9.940201,53.511108],[9.941566,53.501984],[9.941856,53.501678],[9.937073,53.500244],[9.928955,53.499939],[9.917587,53.500153],[9.912369,53.499268],[9.903419,53.500488],[9.899742,53.501251],[9.898338,53.501678],[9.898674,53.502563],[9.897995,53.502594],[9.897949,53.502869],[9.89743,53.502594],[9.889565,53.503662],[9.889305,53.504395],[9.886536,53.50415],[9.884789,53.504242],[9.882584,53.504852],[9.880585,53.506073],[9.880722,53.507904],[9.883026,53.509613],[9.883858,53.510773],[9.884041,53.51297],[9.883842,53.513519],[9.88295,53.514526],[9.879578,53.517181],[9.877487,53.518311]]]},"properties":{"name":"Altenwerder","basis":"Heutiger Hamburger Stadtteil als geografische Referenz","boundary_role":"reference-neighborhood","source":"Code for Germany / Click That Hood","source_url":"https://github.com/codeforgermany/click_that_hood"}},{"type":"Feature","geometry":{"type":"Polygon","coordinates":[[[9.939232,53.541473],[9.927444,53.541901],[9.927818,53.543915],[9.92749,53.544891],[9.932419,53.54541],[9.934303,53.545959],[9.9347,53.546295],[9.934731,53.551453],[9.936157,53.551392],[9.936378,53.551819],[9.937531,53.552734],[9.941757,53.555084],[9.947777,53.558105],[9.949409,53.558563],[9.948425,53.560089],[9.945793,53.562592],[9.952164,53.561218],[9.954964,53.561279],[9.959656,53.56015],[9.956177,53.551483],[9.955803,53.549561],[9.955643,53.549591],[9.954956,53.548553],[9.957153,53.54776],[9.956703,53.547546],[9.957275,53.547394],[9.957451,53.546387],[9.957893,53.546387],[9.957962,53.546143],[9.960121,53.546356],[9.960304,53.544373],[9.954437,53.543579],[9.951004,53.542389],[9.946716,53.541779],[9.939232,53.541473]]]},"properties":{"name":"Altona-Altstadt","basis":"Heutiger Hamburger Stadtteil als geografische Referenz","boundary_role":"reference-neighborhood","source":"Code for Germany / Click That Hood","source_url":"https://github.com/codeforgermany/click_that_hood"}},{"type":"Feature","geometry":{"type":"Polygon","coordinates":[[[9.960052,53.563721],[9.960564,53.563141],[9.956955,53.561707],[9.953712,53.561157],[9.952164,53.561218],[9.945793,53.562592],[9.948425,53.560089],[9.949409,53.558563],[9.947777,53.558105],[9.941757,53.555084],[9.937531,53.552734],[9.936378,53.551819],[9.936157,53.551392],[9.934029,53.551453],[9.934097,53.552948],[9.934433,53.552948],[9.934586,53.554932],[9.933907,53.557159],[9.932549,53.559753],[9.93251,53.560211],[9.932671,53.560852],[9.933121,53.561493],[9.934006,53.562164],[9.935295,53.562653],[9.934547,53.563538],[9.934013,53.565765],[9.933754,53.570038],[9.933136,53.571442],[9.941742,53.571625],[9.942192,53.571869],[9.94384,53.570404],[9.944077,53.570129],[9.94413,53.56958],[9.944321,53.56958],[9.944397,53.57074],[9.944191,53.571747],[9.945015,53.571686],[9.949554,53.569641],[9.951645,53.567017],[9.952446,53.566376],[9.957588,53.564789],[9.960052,53.563721]]]},"properties":{"name":"Altona-Nord","basis":"Heutiger Hamburger Stadtteil als geografische Referenz","boundary_role":"reference-neighborhood","source":"Code for Germany / Click That Hood","source_url":"https://github.com/codeforgermany/click_that_hood"}},{"type":"Feature","geometry":{"type":"Polygon","coordinates":[[[9.907631,53.589844],[9.914299,53.590485],[9.91465,53.590363],[9.916168,53.588593],[9.917992,53.583862],[9.91909,53.582306],[9.923119,53.57901],[9.930962,53.573303],[9.932411,53.573578],[9.932961,53.572662],[9.934532,53.572601],[9.935776,53.572205],[9.935043,53.571381],[9.933136,53.571442],[9.933754,53.570038],[9.934013,53.565765],[9.934547,53.563538],[9.935295,53.562653],[9.934006,53.562164],[9.933121,53.561493],[9.932671,53.560852],[9.932549,53.559753],[9.933472,53.557922],[9.93158,53.559082],[9.929993,53.559387],[9.914749,53.560028],[9.900414,53.559692],[9.900276,53.560394],[9.897331,53.562195],[9.897141,53.564362],[9.89724,53.565552],[9.895561,53.565857],[9.890938,53.567413],[9.888458,53.567902],[9.879654,53.56897],[9.874077,53.570923],[9.865181,53.571564],[9.864693,53.573517],[9.865768,53.575195],[9.866173,53.57843],[9.866798,53.581207],[9.874275,53.581299],[9.88147,53.58316],[9.883095,53.581543],[9.883331,53.58194],[9.88282,53.582916],[9.88018,53.58606],[9.885078,53.58905],[9.884315,53.589722],[9.883675,53.589874],[9.886116,53.591248],[9.886086,53.592072],[9.885704,53.59201],[9.885681,53.59256],[9.896477,53.592316],[9.896477,53.591614],[9.898026,53.591339],[9.898651,53.592743],[9.900406,53.592529],[9.900108,53.591675],[9.900688,53.59137],[9.90184,53.589935],[9.902145,53.587677],[9.904541,53.587463],[9.906189,53.585876],[9.907784,53.586182],[9.907227,53.587128],[9.907288,53.588989],[9.907631,53.589844]]]},"properties":{"name":"Bahrenfeld","basis":"Heutiger Hamburger Stadtteil als geografische Referenz","boundary_role":"reference-neighborhood","source":"Code for Germany / Click That Hood","source_url":"https://github.com/codeforgermany/click_that_hood"}},{"type":"Feature","geometry":{"type":"Polygon","coordinates":[[[10.033546,53.584747],[10.032997,53.588959],[10.03257,53.590851],[10.037048,53.591187],[10.036873,53.592407],[10.03405,53.600861],[10.032372,53.607269],[10.036301,53.608063],[10.038628,53.608185],[10.039261,53.606445],[10.043266,53.607117],[10.045738,53.605072],[10.04847,53.603241],[10.050629,53.60257],[10.051361,53.602875],[10.053658,53.602081],[10.053108,53.600494],[10.054909,53.599854],[10.05545,53.598694],[10.055817,53.598511],[10.055939,53.596039],[10.056908,53.595123],[10.057045,53.594208],[10.056915,53.593567],[10.059418,53.593353],[10.065392,53.592316],[10.069878,53.591827],[10.069969,53.591492],[10.069946,53.591309],[10.069405,53.591003],[10.066269,53.589935],[10.065681,53.589996],[10.059303,53.586029],[10.054848,53.583618],[10.053497,53.583069],[10.047501,53.583374],[10.040977,53.585358],[10.033546,53.584747]]]},"properties":{"name":"Barmbek-Nord","basis":"Heutiger Hamburger Stadtteil als geografische Referenz","boundary_role":"reference-neighborhood","source":"Code for Germany / Click That Hood","source_url":"https://github.com/codeforgermany/click_that_hood"}},{"type":"Feature","geometry":{"type":"Polygon","coordinates":[[[10.037834,53.56958],[10.034645,53.572845],[10.03315,53.573883],[10.027023,53.570251],[10.019043,53.577057],[10.018982,53.580383],[10.019836,53.581482],[10.019569,53.582092],[10.021973,53.582397],[10.028481,53.58429],[10.040977,53.585358],[10.047501,53.583374],[10.053497,53.583069],[10.054634,53.582062],[10.05629,53.579834],[10.057243,53.578186],[10.057518,53.575867],[10.057022,53.575745],[10.056526,53.575104],[10.055931,53.574707],[10.050171,53.573029],[10.050003,53.573181],[10.048805,53.573242],[10.039917,53.570679],[10.037834,53.56958]]]},"properties":{"name":"Barmbek-Süd","basis":"Heutiger Hamburger Stadtteil als geografische Referenz","boundary_role":"reference-neighborhood","source":"Code for Germany / Click That Hood","source_url":"https://github.com/codeforgermany/click_that_hood"}},{"type":"Feature","geometry":{"type":"Polygon","coordinates":[[[10.236694,53.496277],[10.234497,53.490295],[10.235123,53.489105],[10.237335,53.488953],[10.237991,53.484863],[10.238564,53.482544],[10.248672,53.480042],[10.252289,53.477234],[10.252983,53.47757],[10.254639,53.47757],[10.254868,53.477661],[10.254929,53.478088],[10.255394,53.478302],[10.25634,53.47821],[10.259926,53.47699],[10.25869,53.476196],[10.259979,53.474396],[10.264359,53.475098],[10.265175,53.474457],[10.265602,53.473419],[10.266655,53.473145],[10.266518,53.471466],[10.26622,53.471405],[10.265915,53.470764],[10.261375,53.471222],[10.258942,53.467957],[10.257645,53.46875],[10.255005,53.470856],[10.25367,53.471375],[10.254028,53.471771],[10.253166,53.472809],[10.249542,53.47464],[10.24733,53.475128],[10.246338,53.475677],[10.240791,53.477234],[10.239357,53.474365],[10.239296,53.472565],[10.237572,53.468079],[10.232635,53.471466],[10.20472,53.474396],[10.205162,53.475983],[10.201408,53.477722],[10.199799,53.474335],[10.19754,53.473724],[10.192139,53.472961],[10.189522,53.472809],[10.186729,53.472809],[10.181145,53.473297],[10.176811,53.474152],[10.177757,53.476135],[10.179329,53.4776],[10.180496,53.480103],[10.182594,53.48587],[10.184883,53.486725],[10.185287,53.487091],[10.172089,53.488495],[10.17244,53.48938],[10.172928,53.489288],[10.173714,53.490753],[10.174644,53.491272],[10.175018,53.492065],[10.177765,53.495911],[10.177826,53.496765],[10.17865,53.496826],[10.17997,53.497375],[10.181778,53.49762],[10.182762,53.498016],[10.184631,53.497314],[10.185135,53.496796],[10.184853,53.495819],[10.185501,53.49472],[10.185272,53.493103],[10.186531,53.491577],[10.190567,53.490356],[10.191978,53.490417],[10.192131,53.490021],[10.192802,53.489807],[10.197937,53.491699],[10.198608,53.49176],[10.200439,53.490753],[10.202881,53.490631],[10.203438,53.488983],[10.20388,53.488953],[10.208107,53.490906],[10.212837,53.4935],[10.213158,53.493866],[10.212013,53.494019],[10.212273,53.496002],[10.214058,53.496246],[10.214752,53.49704],[10.214722,53.497375],[10.214462,53.497528],[10.213387,53.497498],[10.213242,53.497681],[10.213112,53.498077],[10.213905,53.498749],[10.217102,53.498718],[10.218452,53.499268],[10.220428,53.499268],[10.220825,53.499054],[10.220779,53.498199],[10.22216,53.498169],[10.221977,53.497681],[10.223,53.497131],[10.222977,53.496643],[10.222778,53.496521],[10.221947,53.49649],[10.222649,53.496277],[10.224304,53.496368],[10.225014,53.496033],[10.226601,53.496185],[10.228027,53.495789],[10.228966,53.495789],[10.22963,53.49649],[10.232727,53.497223],[10.23542,53.496735],[10.236694,53.496277]]]},"properties":{"name":"Bergedorf","basis":"Heutiger Hamburger Stadtteil als geografische Referenz","boundary_role":"reference-neighborhood","source":"Code for Germany / Click That Hood","source_url":"https://github.com/codeforgermany/click_that_hood"}},{"type":"Feature","geometry":{"type":"Polygon","coordinates":[[[10.143417,53.680573],[10.142387,53.680176],[10.140137,53.680206],[10.141624,53.677826],[10.142242,53.676483],[10.143806,53.677277],[10.144722,53.676117],[10.1464,53.675842],[10.14534,53.674011],[10.146729,53.674042],[10.146568,53.672577],[10.145248,53.671417],[10.145157,53.669037],[10.14521,53.668884],[10.146629,53.668671],[10.147072,53.668427],[10.147285,53.66806],[10.147331,53.666443],[10.149094,53.663239],[10.150551,53.659393],[10.148773,53.659088],[10.147659,53.659546],[10.146439,53.659393],[10.142769,53.659607],[10.14183,53.659454],[10.141548,53.658813],[10.141808,53.65863],[10.141548,53.658142],[10.141289,53.657867],[10.140182,53.657623],[10.140472,53.654175],[10.134544,53.657562],[10.133087,53.658051],[10.131477,53.658966],[10.13063,53.659149],[10.128578,53.658966],[10.126945,53.659119],[10.123764,53.659912],[10.122963,53.660461],[10.121719,53.660736],[10.121162,53.660736],[10.120735,53.660065],[10.120216,53.659668],[10.118317,53.660034],[10.116463,53.660095],[10.115334,53.660339],[10.111702,53.661804],[10.111389,53.662292],[10.109009,53.6633],[10.109184,53.663605],[10.110527,53.664368],[10.110283,53.664886],[10.110649,53.665405],[10.112473,53.666382],[10.111702,53.667847],[10.109497,53.6698],[10.106766,53.670044],[10.106956,53.670593],[10.104614,53.671967],[10.103745,53.67337],[10.104027,53.674011],[10.110741,53.677246],[10.110924,53.677521],[10.109749,53.678589],[10.109711,53.678864],[10.110001,53.679047],[10.113899,53.679718],[10.113625,53.680054],[10.113762,53.680206],[10.11528,53.680725],[10.115303,53.681458],[10.114845,53.68222],[10.114838,53.682556],[10.116417,53.683167],[10.116013,53.684814],[10.116646,53.685822],[10.116142,53.686676],[10.116096,53.687988],[10.116257,53.688477],[10.117653,53.689606],[10.117691,53.689972],[10.117439,53.690491],[10.118217,53.691437],[10.119827,53.691406],[10.120956,53.691711],[10.121765,53.69162],[10.121704,53.691315],[10.120918,53.690582],[10.120956,53.690216],[10.121658,53.689697],[10.121231,53.689392],[10.121643,53.688873],[10.122574,53.689026],[10.123512,53.689575],[10.124405,53.688843],[10.125618,53.688751],[10.126129,53.689178],[10.126816,53.688934],[10.126572,53.68866],[10.127068,53.688354],[10.127052,53.688171],[10.127457,53.68811],[10.127747,53.687714],[10.128204,53.687592],[10.128197,53.687103],[10.128624,53.686798],[10.128922,53.686951],[10.129784,53.686646],[10.129974,53.686768],[10.129768,53.687073],[10.130341,53.687195],[10.130783,53.686829],[10.132423,53.686371],[10.132088,53.685883],[10.132072,53.684387],[10.135056,53.684235],[10.135185,53.684082],[10.134995,53.68396],[10.135406,53.683807],[10.135315,53.683533],[10.135986,53.683472],[10.135864,53.683197],[10.136276,53.683228],[10.136223,53.682922],[10.137321,53.682587],[10.138474,53.682404],[10.14238,53.682709],[10.143814,53.681],[10.143417,53.680573]]]},"properties":{"name":"Bergstedt","basis":"Heutiger Hamburger Stadtteil als geografische Referenz","boundary_role":"reference-neighborhood","source":"Code for Germany / Click That Hood","source_url":"https://github.com/codeforgermany/click_that_hood"}},{"type":"Feature","geometry":{"type":"Polygon","coordinates":[[[10.073502,53.536774],[10.078636,53.538208],[10.081406,53.539215],[10.084412,53.540039],[10.085182,53.54007],[10.0896,53.53891],[10.09021,53.538483],[10.091637,53.537933],[10.093567,53.537598],[10.098999,53.53775],[10.101868,53.537231],[10.105713,53.536224],[10.110809,53.534241],[10.11129,53.533691],[10.111511,53.533051],[10.111763,53.531433],[10.113541,53.529663],[10.113899,53.528198],[10.113251,53.527374],[10.112045,53.526764],[10.111435,53.525787],[10.110573,53.525787],[10.110748,53.525482],[10.109482,53.525085],[10.108589,53.524445],[10.108414,53.524536],[10.108238,53.524414],[10.108437,53.524292],[10.105392,53.522125],[10.102585,53.52066],[10.100746,53.519257],[10.098541,53.518402],[10.091682,53.51355],[10.09034,53.511688],[10.089653,53.511108],[10.08802,53.511932],[10.069603,53.523438],[10.069069,53.524078],[10.068924,53.524994],[10.067894,53.525208],[10.066551,53.525116],[10.064064,53.523926],[10.059868,53.526276],[10.059166,53.527283],[10.059395,53.528107],[10.060211,53.528381],[10.065361,53.528168],[10.067009,53.528412],[10.068573,53.529144],[10.069244,53.529724],[10.073357,53.535553],[10.073502,53.536774]]]},"properties":{"name":"Billbrook","basis":"Heutiger Hamburger Stadtteil als geografische Referenz","boundary_role":"reference-neighborhood","source":"Code for Germany / Click That Hood","source_url":"https://github.com/codeforgermany/click_that_hood"}},{"type":"Feature","geometry":{"type":"Polygon","coordinates":[[[10.098999,53.53775],[10.096046,53.542419],[10.096413,53.542603],[10.096916,53.543304],[10.097717,53.545898],[10.102951,53.552338],[10.106178,53.556],[10.10643,53.556488],[10.10643,53.557159],[10.105919,53.558868],[10.108612,53.559021],[10.108566,53.563324],[10.108063,53.563904],[10.107613,53.565338],[10.125641,53.567047],[10.130005,53.567169],[10.135315,53.566803],[10.138977,53.566223],[10.145927,53.564636],[10.148262,53.56366],[10.1558,53.561646],[10.159416,53.560883],[10.158737,53.560638],[10.160141,53.558502],[10.160271,53.557617],[10.159698,53.556091],[10.159721,53.555634],[10.159294,53.554871],[10.157982,53.554169],[10.157219,53.553986],[10.156616,53.553284],[10.156799,53.552887],[10.15625,53.552338],[10.155571,53.552368],[10.1502,53.548737],[10.148453,53.545929],[10.151672,53.544708],[10.152458,53.543152],[10.152351,53.542664],[10.151833,53.542023],[10.152298,53.540131],[10.152397,53.539886],[10.153542,53.539917],[10.154648,53.53656],[10.155899,53.536774],[10.156059,53.536499],[10.157089,53.536499],[10.157631,53.537079],[10.158882,53.537018],[10.159706,53.537506],[10.160164,53.538269],[10.161285,53.537842],[10.162697,53.53775],[10.16256,53.537384],[10.163086,53.537262],[10.164162,53.537262],[10.164436,53.537567],[10.16803,53.537292],[10.168068,53.537598],[10.168732,53.537292],[10.168571,53.534698],[10.165741,53.534668],[10.165146,53.533752],[10.165329,53.533051],[10.164391,53.532013],[10.163834,53.531891],[10.163048,53.530792],[10.163857,53.529572],[10.163925,53.529175],[10.163193,53.528778],[10.162437,53.527802],[10.161652,53.526031],[10.162277,53.522766],[10.162498,53.522308],[10.163261,53.521851],[10.156761,53.518585],[10.154968,53.518707],[10.148193,53.521851],[10.143211,53.523773],[10.138145,53.524597],[10.133919,53.525818],[10.13205,53.524414],[10.13018,53.524231],[10.129425,53.523926],[10.1222,53.519684],[10.121727,53.520325],[10.118568,53.522186],[10.118057,53.522797],[10.112335,53.524353],[10.111626,53.524872],[10.111435,53.525787],[10.111832,53.52652],[10.112328,53.526978],[10.113525,53.527588],[10.113899,53.528198],[10.113861,53.528717],[10.113388,53.529877],[10.111763,53.531433],[10.111511,53.533051],[10.11129,53.533691],[10.110809,53.534241],[10.105713,53.536224],[10.101868,53.537231],[10.098999,53.53775]]]},"properties":{"name":"Billstedt","basis":"Heutiger Hamburger Stadtteil als geografische Referenz","boundary_role":"reference-neighborhood","source":"Code for Germany / Click That Hood","source_url":"https://github.com/codeforgermany/click_that_hood"}},{"type":"Feature","geometry":{"type":"Polygon","coordinates":[[[10.108253,53.50415],[10.103355,53.507446],[10.102272,53.508728],[10.097717,53.510498],[10.096596,53.5112],[10.093399,53.51355],[10.093674,53.513763],[10.093742,53.51416],[10.093025,53.514496],[10.098541,53.518402],[10.100746,53.519257],[10.102585,53.52066],[10.105392,53.522125],[10.108437,53.524292],[10.108238,53.524414],[10.108414,53.524536],[10.108589,53.524445],[10.109482,53.525085],[10.110748,53.525482],[10.110573,53.525787],[10.111435,53.525787],[10.111626,53.524872],[10.112335,53.524353],[10.118057,53.522797],[10.118568,53.522186],[10.121727,53.520325],[10.1222,53.519684],[10.125748,53.517395],[10.128288,53.51535],[10.129448,53.514679],[10.130035,53.514099],[10.130684,53.512787],[10.130272,53.511261],[10.130272,53.51059],[10.130653,53.509277],[10.133156,53.506653],[10.136177,53.504883],[10.138054,53.504242],[10.141205,53.503601],[10.144073,53.502441],[10.146202,53.501923],[10.150444,53.501953],[10.152328,53.502258],[10.153152,53.502686],[10.154472,53.504883],[10.156822,53.506989],[10.158073,53.507263],[10.160309,53.50708],[10.162682,53.507263],[10.165939,53.506836],[10.170372,53.505524],[10.172066,53.50473],[10.17218,53.504425],[10.171028,53.502563],[10.171051,53.501587],[10.174675,53.498718],[10.174904,53.49823],[10.174843,53.496704],[10.175148,53.496399],[10.176003,53.496185],[10.177826,53.496765],[10.177872,53.496643],[10.177765,53.495911],[10.175018,53.492065],[10.174644,53.491272],[10.173714,53.490753],[10.172928,53.489288],[10.17244,53.48938],[10.172089,53.488495],[10.135185,53.492493],[10.131813,53.492981],[10.12899,53.493622],[10.125389,53.494843],[10.121872,53.496552],[10.113953,53.500641],[10.110954,53.502533],[10.108582,53.504303],[10.108253,53.50415]]]},"properties":{"name":"Billwerder","basis":"Heutiger Hamburger Stadtteil als geografische Referenz","boundary_role":"reference-neighborhood","source":"Code for Germany / Click That Hood","source_url":"https://github.com/codeforgermany/click_that_hood"}},{"type":"Feature","geometry":{"type":"Polygon","coordinates":[[[9.77433,53.554321],[9.769905,53.554596],[9.765038,53.554596],[9.76313,53.555206],[9.762955,53.563202],[9.763611,53.56311],[9.76371,53.564819],[9.763031,53.565796],[9.761841,53.570312],[9.780418,53.570923],[9.782356,53.574066],[9.786568,53.572388],[9.78875,53.570892],[9.790146,53.571411],[9.791878,53.571472],[9.792915,53.571198],[9.794121,53.572144],[9.795227,53.572235],[9.796722,53.572815],[9.80146,53.572845],[9.802795,53.571777],[9.803528,53.57251],[9.805084,53.573029],[9.809364,53.573578],[9.811691,53.574188],[9.812134,53.573364],[9.818321,53.5737],[9.819771,53.571014],[9.82077,53.566986],[9.820412,53.566162],[9.820038,53.565857],[9.818665,53.565308],[9.822449,53.565582],[9.826706,53.565399],[9.826309,53.563995],[9.824081,53.561646],[9.823807,53.560791],[9.821877,53.559692],[9.821602,53.559357],[9.821205,53.558289],[9.821404,53.55722],[9.820992,53.556061],[9.820992,53.555206],[9.820694,53.554199],[9.820808,53.550018],[9.815849,53.55069],[9.806755,53.55249],[9.777382,53.557465],[9.77433,53.554321]]]},"properties":{"name":"Blankenese","basis":"Heutiger Hamburger Stadtteil als geografische Referenz","boundary_role":"reference-neighborhood","source":"Code for Germany / Click That Hood","source_url":"https://github.com/codeforgermany/click_that_hood"}},{"type":"Feature","geometry":{"type":"Polygon","coordinates":[[[10.02681,53.556396],[10.027946,53.557037],[10.037712,53.560822],[10.038879,53.559509],[10.04071,53.555511],[10.040649,53.552795],[10.04113,53.551636],[10.038033,53.5513],[10.031128,53.549377],[10.029846,53.551117],[10.028809,53.551788],[10.026009,53.552429],[10.02346,53.552185],[10.024437,53.552582],[10.024948,53.55307],[10.026199,53.555603],[10.02681,53.556396]]]},"properties":{"name":"Borgfelde","basis":"Heutiger Hamburger Stadtteil als geografische Referenz","boundary_role":"reference-neighborhood","source":"Code for Germany / Click That Hood","source_url":"https://github.com/codeforgermany/click_that_hood"}},{"type":"Feature","geometry":{"type":"Polygon","coordinates":[[[10.074272,53.631287],[10.078049,53.63205],[10.084282,53.632416],[10.093933,53.633911],[10.09893,53.63324],[10.111855,53.635956],[10.117302,53.633118],[10.120201,53.631287],[10.123207,53.630127],[10.118378,53.625641],[10.113014,53.624573],[10.111008,53.623566],[10.112068,53.621552],[10.108292,53.619476],[10.106873,53.617981],[10.106316,53.615997],[10.10482,53.615173],[10.10244,53.614258],[10.102043,53.61377],[10.098419,53.612579],[10.097717,53.612122],[10.097,53.610992],[10.09494,53.609436],[10.094704,53.608093],[10.094971,53.606384],[10.095711,53.605652],[10.097382,53.60495],[10.097427,53.604218],[10.096657,53.603149],[10.096634,53.602844],[10.097382,53.600525],[10.097015,53.599365],[10.098686,53.59787],[10.098656,53.597473],[10.091789,53.596039],[10.091553,53.596497],[10.091217,53.596527],[10.09111,53.597107],[10.090141,53.597626],[10.086777,53.597687],[10.083122,53.598541],[10.079201,53.598206],[10.077217,53.597656],[10.071495,53.595337],[10.070023,53.593994],[10.069801,53.593018],[10.07,53.592133],[10.069878,53.591827],[10.065392,53.592316],[10.059418,53.593353],[10.056915,53.593567],[10.057045,53.594208],[10.056908,53.595123],[10.055939,53.596039],[10.055817,53.598511],[10.05545,53.598694],[10.054909,53.599854],[10.056442,53.601074],[10.056854,53.602051],[10.061058,53.605225],[10.061783,53.606018],[10.064049,53.607483],[10.0644,53.607788],[10.064804,53.608856],[10.065155,53.609222],[10.066841,53.610168],[10.068024,53.612488],[10.067917,53.614014],[10.068748,53.615265],[10.070312,53.616608],[10.07238,53.616516],[10.072556,53.61731],[10.074074,53.618835],[10.076614,53.6203],[10.077225,53.620209],[10.077621,53.621124],[10.077362,53.621155],[10.077728,53.622009],[10.07914,53.621796],[10.079948,53.622681],[10.080826,53.624542],[10.081459,53.624756],[10.083519,53.624451],[10.083687,53.625214],[10.084251,53.625153],[10.084557,53.625885],[10.084984,53.625885],[10.085205,53.626892],[10.084579,53.626984],[10.08461,53.62738],[10.082024,53.628876],[10.078125,53.628845],[10.077995,53.631012],[10.077103,53.631439],[10.074272,53.631287]]]},"properties":{"name":"Bramfeld","basis":"Heutiger Hamburger Stadtteil als geografische Referenz","boundary_role":"reference-neighborhood","source":"Code for Germany / Click That Hood","source_url":"https://github.com/codeforgermany/click_that_hood"}},{"type":"Feature","geometry":{"type":"Polygon","coordinates":[[[9.791527,53.53653],[9.790527,53.535278],[9.787758,53.533264],[9.786163,53.532959],[9.784157,53.533234],[9.781013,53.534454],[9.778809,53.534302],[9.777702,53.533844],[9.775528,53.532135],[9.775368,53.531677],[9.775742,53.529236],[9.775475,53.528717],[9.774582,53.527954],[9.773567,53.527832],[9.771591,53.528351],[9.769875,53.529541],[9.770523,53.530579],[9.771248,53.531067],[9.769852,53.533722],[9.769371,53.533661],[9.765556,53.541077],[9.766998,53.540924],[9.767075,53.542084],[9.769783,53.54245],[9.769905,53.542297],[9.770958,53.542664],[9.772316,53.543518],[9.77327,53.542877],[9.778336,53.541534],[9.791527,53.53653]]]},"properties":{"name":"Cranz","basis":"Heutiger Hamburger Stadtteil als geografische Referenz","boundary_role":"reference-neighborhood","source":"Code for Germany / Click That Hood","source_url":"https://github.com/codeforgermany/click_that_hood"}},{"type":"Feature","geometry":{"type":"Polygon","coordinates":[[[10.195168,53.466614],[10.195358,53.467072],[10.196869,53.468781],[10.197708,53.470367],[10.199005,53.472198],[10.199142,53.473053],[10.201408,53.477722],[10.205162,53.475983],[10.20472,53.474396],[10.232635,53.471466],[10.237572,53.468079],[10.239296,53.472565],[10.239357,53.474365],[10.240791,53.477234],[10.246338,53.475677],[10.24733,53.475128],[10.249542,53.47464],[10.253166,53.472809],[10.254028,53.471771],[10.25367,53.471375],[10.255005,53.470856],[10.257645,53.46875],[10.244568,53.431976],[10.243889,53.43103],[10.242172,53.432312],[10.242668,53.433197],[10.242371,53.433899],[10.239342,53.435486],[10.23819,53.43573],[10.236816,53.437988],[10.236519,53.438721],[10.236458,53.439575],[10.235878,53.440369],[10.234711,53.441406],[10.232872,53.442505],[10.23201,53.445129],[10.23056,53.446564],[10.229713,53.447052],[10.228363,53.447449],[10.226463,53.447723],[10.220924,53.44696],[10.218712,53.447235],[10.2173,53.447815],[10.215614,53.44928],[10.215263,53.449951],[10.215462,53.450684],[10.21627,53.452057],[10.216713,53.453461],[10.216728,53.454712],[10.215843,53.456299],[10.2145,53.457031],[10.212708,53.457397],[10.209381,53.45874],[10.205086,53.459167],[10.203346,53.459625],[10.202393,53.460297],[10.201561,53.461426],[10.201286,53.46225],[10.201515,53.463531],[10.201416,53.463928],[10.200531,53.465302],[10.196404,53.466461],[10.195168,53.466614]]]},"properties":{"name":"Curslack","basis":"Heutiger Hamburger Stadtteil als geografische Referenz","boundary_role":"reference-neighborhood","source":"Code for Germany / Click That Hood","source_url":"https://github.com/codeforgermany/click_that_hood"}},{"type":"Feature","geometry":{"type":"Polygon","coordinates":[[[10.057518,53.575867],[10.057243,53.578186],[10.056808,53.57901],[10.054634,53.582062],[10.053497,53.583069],[10.054848,53.583618],[10.059303,53.586029],[10.065681,53.589996],[10.066269,53.589935],[10.069405,53.591003],[10.06958,53.590912],[10.06945,53.589661],[10.074348,53.589539],[10.074654,53.589172],[10.07531,53.589294],[10.075508,53.58905],[10.074524,53.586884],[10.072594,53.584015],[10.071793,53.58313],[10.069038,53.580933],[10.066734,53.580322],[10.066826,53.580109],[10.066086,53.579956],[10.064224,53.578552],[10.058327,53.575958],[10.057518,53.575867]]]},"properties":{"name":"Dulsberg","basis":"Heutiger Hamburger Stadtteil als geografische Referenz","boundary_role":"reference-neighborhood","source":"Code for Germany / Click That Hood","source_url":"https://github.com/codeforgermany/click_that_hood"}},{"type":"Feature","geometry":{"type":"Polygon","coordinates":[[[10.070961,53.695648],[10.071388,53.696991],[10.07341,53.698761],[10.077461,53.699402],[10.076042,53.700836],[10.076599,53.701599],[10.076637,53.702026],[10.078888,53.703888],[10.069466,53.706146],[10.069435,53.706329],[10.071426,53.708466],[10.072937,53.709717],[10.07119,53.710236],[10.070702,53.709961],[10.069221,53.710968],[10.070534,53.712372],[10.073921,53.711792],[10.07692,53.713745],[10.076515,53.713776],[10.081978,53.720428],[10.09417,53.719299],[10.096344,53.718384],[10.098839,53.716644],[10.101112,53.716705],[10.10202,53.71524],[10.106804,53.7146],[10.10936,53.714294],[10.111031,53.714447],[10.111809,53.714447],[10.112137,53.714264],[10.113037,53.714355],[10.11467,53.71579],[10.115822,53.716095],[10.116478,53.715454],[10.117599,53.714996],[10.11779,53.713837],[10.118874,53.713623],[10.119102,53.713409],[10.119072,53.713226],[10.118469,53.712921],[10.118019,53.711975],[10.118538,53.709961],[10.119247,53.709656],[10.117989,53.707733],[10.11837,53.707581],[10.118294,53.706909],[10.119125,53.705688],[10.118996,53.705414],[10.118271,53.705048],[10.117409,53.703308],[10.117821,53.701141],[10.118256,53.700806],[10.119774,53.700256],[10.119293,53.69931],[10.11866,53.698975],[10.118996,53.698822],[10.1203,53.698883],[10.121597,53.698578],[10.122932,53.69873],[10.123375,53.698578],[10.123955,53.698029],[10.124039,53.697693],[10.122772,53.697052],[10.122643,53.696533],[10.121193,53.696503],[10.120117,53.697571],[10.118805,53.696167],[10.118004,53.696533],[10.117668,53.696991],[10.117233,53.697083],[10.116562,53.696991],[10.115746,53.696289],[10.115479,53.69635],[10.115242,53.695526],[10.110764,53.69577],[10.110718,53.695312],[10.105156,53.695618],[10.106728,53.697601],[10.101799,53.698334],[10.100227,53.696686],[10.096489,53.698547],[10.092255,53.695526],[10.084854,53.697418],[10.082542,53.697479],[10.082207,53.695587],[10.070961,53.695648]]]},"properties":{"name":"Duvenstedt","basis":"Heutiger Hamburger Stadtteil als geografische Referenz","boundary_role":"reference-neighborhood","source":"Code for Germany / Click That Hood","source_url":"https://github.com/codeforgermany/click_that_hood"}},{"type":"Feature","geometry":{"type":"Polygon","coordinates":[[[9.885048,53.621979],[9.889427,53.622864],[9.886086,53.624878],[9.886314,53.625183],[9.887772,53.624664],[9.889091,53.624634],[9.889862,53.62442],[9.891205,53.623688],[9.896126,53.622742],[9.909019,53.622894],[9.91111,53.62326],[9.916786,53.623657],[9.923088,53.622498],[9.92363,53.62204],[9.925743,53.621735],[9.92614,53.621246],[9.926445,53.620392],[9.928612,53.619659],[9.929024,53.619293],[9.929192,53.618713],[9.928986,53.61792],[9.928078,53.616272],[9.927864,53.615204],[9.927208,53.614563],[9.928627,53.613861],[9.928978,53.613281],[9.92952,53.612915],[9.926399,53.610718],[9.927109,53.608978],[9.927963,53.607574],[9.929108,53.607849],[9.933006,53.60791],[9.932892,53.607178],[9.933723,53.607086],[9.933929,53.60672],[9.935394,53.606476],[9.924278,53.604858],[9.922554,53.604431],[9.919395,53.603088],[9.914062,53.599365],[9.911324,53.598724],[9.906601,53.598419],[9.906654,53.597687],[9.905411,53.596008],[9.909119,53.593994],[9.908791,53.59259],[9.907288,53.588989],[9.907227,53.587128],[9.907784,53.586182],[9.906189,53.585876],[9.904541,53.587463],[9.902145,53.587677],[9.90184,53.589935],[9.900688,53.59137],[9.900108,53.591675],[9.900681,53.593323],[9.900841,53.594391],[9.900139,53.596954],[9.900352,53.597229],[9.90097,53.597321],[9.897537,53.598755],[9.897888,53.599152],[9.884766,53.60437],[9.879364,53.606873],[9.869301,53.61322],[9.869507,53.613708],[9.874672,53.617096],[9.879135,53.61969],[9.880989,53.620392],[9.881821,53.620544],[9.88195,53.620392],[9.885048,53.621979]]]},"properties":{"name":"Eidelstedt","basis":"Heutiger Hamburger Stadtteil als geografische Referenz","boundary_role":"reference-neighborhood","source":"Code for Germany / Click That Hood","source_url":"https://github.com/codeforgermany/click_that_hood"}},{"type":"Feature","geometry":{"type":"Polygon","coordinates":[[[10.0317,53.566498],[10.039917,53.570679],[10.048805,53.573242],[10.050003,53.573181],[10.050171,53.573029],[10.055931,53.574707],[10.056526,53.575104],[10.057022,53.575745],[10.057777,53.575897],[10.058174,53.574249],[10.058037,53.574127],[10.059875,53.570282],[10.062759,53.566223],[10.05407,53.563995],[10.044037,53.562958],[10.040413,53.56192],[10.037712,53.560822],[10.034798,53.563995],[10.0317,53.566498]]]},"properties":{"name":"Eilbek","basis":"Heutiger Hamburger Stadtteil als geografische Referenz","boundary_role":"reference-neighborhood","source":"Code for Germany / Click That Hood","source_url":"https://github.com/codeforgermany/click_that_hood"}},{"type":"Feature","geometry":{"type":"Polygon","coordinates":[[[9.970032,53.567505],[9.964859,53.565033],[9.960052,53.563721],[9.957588,53.564789],[9.952446,53.566376],[9.951645,53.567017],[9.949554,53.569641],[9.945015,53.571686],[9.944191,53.571747],[9.944397,53.57074],[9.944321,53.56958],[9.94413,53.56958],[9.943977,53.570251],[9.940727,53.57312],[9.93441,53.580505],[9.937584,53.581482],[9.936348,53.582336],[9.936745,53.582397],[9.938675,53.582367],[9.942078,53.58194],[9.943344,53.582245],[9.947502,53.582458],[9.950928,53.582336],[9.95649,53.581268],[9.957161,53.581024],[9.959084,53.579407],[9.962044,53.577881],[9.963524,53.577393],[9.963982,53.578186],[9.968712,53.57608],[9.969681,53.576477],[9.975639,53.572723],[9.977417,53.571411],[9.975822,53.570068],[9.971436,53.567902],[9.970032,53.567505]]]},"properties":{"name":"Eimsbüttel","basis":"Heutiger Hamburger Stadtteil als geografische Referenz","boundary_role":"reference-neighborhood","source":"Code for Germany / Click That Hood","source_url":"https://github.com/codeforgermany/click_that_hood"}},{"type":"Feature","geometry":{"type":"Polygon","coordinates":[[[9.917839,53.44812],[9.920311,53.44931],[9.923141,53.451599],[9.9244,53.453217],[9.936386,53.454895],[9.935455,53.456665],[9.935257,53.458313],[9.938721,53.458588],[9.941246,53.45813],[9.941872,53.458374],[9.942688,53.458099],[9.945099,53.458862],[9.945992,53.458038],[9.946884,53.458191],[9.947136,53.457794],[9.956635,53.459351],[9.957947,53.459778],[9.960701,53.461121],[9.962975,53.461395],[9.964813,53.461304],[9.966614,53.46106],[9.96833,53.457428],[9.968842,53.45752],[9.969162,53.45694],[9.971764,53.454956],[9.976944,53.455383],[9.972679,53.452057],[9.971977,53.451813],[9.972404,53.451447],[9.972404,53.451172],[9.971207,53.45047],[9.969681,53.447998],[9.969284,53.445526],[9.969521,53.44458],[9.969254,53.443695],[9.96714,53.443665],[9.960808,53.442627],[9.957092,53.442596],[9.955856,53.443573],[9.955444,53.444305],[9.955444,53.445404],[9.951881,53.443512],[9.9431,53.43985],[9.941864,53.439575],[9.93792,53.439209],[9.936867,53.438751],[9.936325,53.438293],[9.934975,53.436615],[9.932945,53.43631],[9.926933,53.433868],[9.927277,53.43335],[9.927917,53.431244],[9.92794,53.42804],[9.924103,53.426727],[9.925575,53.423553],[9.925331,53.422699],[9.926575,53.421753],[9.925514,53.41922],[9.924667,53.419464],[9.917816,53.415192],[9.916443,53.414124],[9.911606,53.415009],[9.910942,53.414001],[9.910728,53.414032],[9.911415,53.41507],[9.906662,53.415955],[9.908737,53.419495],[9.910675,53.421326],[9.91272,53.422485],[9.912941,53.423126],[9.916237,53.424835],[9.915421,53.425934],[9.916229,53.426758],[9.914062,53.429993],[9.91983,53.433899],[9.920517,53.434845],[9.920395,53.435181],[9.921402,53.436035],[9.92305,53.43631],[9.919762,53.439453],[9.91906,53.442657],[9.916893,53.442291],[9.916672,53.442657],[9.918022,53.444733],[9.917038,53.446625],[9.917839,53.44812]]]},"properties":{"name":"Eißendorf","basis":"Heutiger Hamburger Stadtteil als geografische Referenz","boundary_role":"reference-neighborhood","source":"Code for Germany / Click That Hood","source_url":"https://github.com/codeforgermany/click_that_hood"}},{"type":"Feature","geometry":{"type":"Polygon","coordinates":[[[9.995361,53.583954],[9.993675,53.584656],[9.991608,53.585114],[9.98912,53.585022],[9.987122,53.584686],[9.985756,53.584412],[9.983978,53.583679],[9.982063,53.584534],[9.981781,53.585175],[9.98127,53.585175],[9.978523,53.586334],[9.975548,53.588776],[9.968727,53.586182],[9.967484,53.590881],[9.971001,53.591217],[9.971519,53.591492],[9.971298,53.592102],[9.969826,53.593811],[9.971825,53.593872],[9.974358,53.594269],[9.974693,53.598236],[9.971756,53.598602],[9.97184,53.602844],[9.981102,53.60199],[9.988853,53.600677],[9.991417,53.600647],[9.991188,53.599152],[9.99173,53.597534],[9.991821,53.596558],[9.991455,53.595734],[9.991966,53.594086],[9.995697,53.591827],[9.996902,53.590881],[9.997299,53.590271],[9.997406,53.588562],[9.997185,53.587769],[9.995361,53.583954]]]},"properties":{"name":"Eppendorf","basis":"Heutiger Hamburger Stadtteil als geografische Referenz","boundary_role":"reference-neighborhood","source":"Code for Germany / Click That Hood","source_url":"https://github.com/codeforgermany/click_that_hood"}},{"type":"Feature","geometry":{"type":"Polygon","coordinates":[[[10.142418,53.637695],[10.147491,53.634277],[10.150627,53.634735],[10.142044,53.628784],[10.140129,53.627014],[10.124031,53.613617],[10.124657,53.61203],[10.124657,53.61145],[10.124321,53.609131],[10.123482,53.608551],[10.123383,53.605804],[10.124649,53.604126],[10.126343,53.603668],[10.127426,53.603149],[10.127792,53.602112],[10.129257,53.600311],[10.131248,53.598602],[10.131584,53.597961],[10.131104,53.597717],[10.131226,53.597565],[10.130829,53.596893],[10.130882,53.595673],[10.128853,53.595215],[10.124741,53.595001],[10.124924,53.595703],[10.124374,53.595764],[10.124229,53.595276],[10.121902,53.595581],[10.121498,53.595184],[10.121185,53.595154],[10.121506,53.594604],[10.119743,53.594421],[10.119011,53.593994],[10.118629,53.593353],[10.11808,53.593079],[10.118103,53.592468],[10.117706,53.592316],[10.116753,53.592499],[10.116623,53.592804],[10.11573,53.592346],[10.11528,53.592499],[10.114243,53.592255],[10.112167,53.592316],[10.109726,53.591766],[10.109573,53.592407],[10.108673,53.592834],[10.108673,53.592407],[10.1082,53.591888],[10.107666,53.591461],[10.106972,53.591431],[10.106697,53.590942],[10.106003,53.590576],[10.105011,53.591339],[10.10537,53.592102],[10.099159,53.593964],[10.09935,53.596161],[10.100349,53.596893],[10.099869,53.597717],[10.098656,53.597473],[10.098686,53.59787],[10.097015,53.599365],[10.097382,53.600525],[10.096634,53.602844],[10.096657,53.603149],[10.097427,53.604218],[10.097382,53.60495],[10.095711,53.605652],[10.094971,53.606384],[10.094704,53.608093],[10.09494,53.609436],[10.097,53.610992],[10.097717,53.612122],[10.098419,53.612579],[10.102043,53.61377],[10.10244,53.614258],[10.10482,53.615173],[10.106316,53.615997],[10.106873,53.617981],[10.108292,53.619476],[10.112068,53.621552],[10.111008,53.623566],[10.113014,53.624573],[10.118378,53.625641],[10.123207,53.630127],[10.12262,53.632111],[10.123093,53.632996],[10.124046,53.633331],[10.125778,53.633514],[10.127296,53.63324],[10.12912,53.63324],[10.129021,53.633514],[10.129883,53.633636],[10.12841,53.6362],[10.127419,53.636383],[10.126152,53.637604],[10.129608,53.639038],[10.131081,53.637939],[10.132706,53.63736],[10.133362,53.637299],[10.137657,53.638123],[10.138466,53.637909],[10.142418,53.637695]]]},"properties":{"name":"Farmsen-Berne","basis":"Heutiger Hamburger Stadtteil als geografische Referenz","boundary_role":"reference-neighborhood","source":"Code for Germany / Click That Hood","source_url":"https://github.com/codeforgermany/click_that_hood"}},{"type":"Feature","geometry":{"type":"Polygon","coordinates":[[[9.791527,53.53653],[9.778336,53.541534],[9.77327,53.542877],[9.772316,53.543518],[9.77433,53.554321],[9.777382,53.557465],[9.806755,53.55249],[9.815849,53.55069],[9.824211,53.54953],[9.843407,53.546204],[9.852234,53.5448],[9.872902,53.542145],[9.876472,53.539124],[9.890381,53.53067],[9.891098,53.527161],[9.891602,53.520782],[9.889198,53.518707],[9.884026,53.518951],[9.88092,53.518616],[9.878204,53.51886],[9.877487,53.518311],[9.871788,53.519226],[9.853165,53.516235],[9.841728,53.515747],[9.836006,53.516876],[9.832466,53.518372],[9.829758,53.520599],[9.828468,53.522644],[9.826927,53.525909],[9.825127,53.52887],[9.820366,53.52655],[9.815651,53.52887],[9.815964,53.529724],[9.810684,53.530334],[9.805016,53.531647],[9.798317,53.533752],[9.791527,53.53653]]]},"properties":{"name":"Finkenwerder","basis":"Heutiger Hamburger Stadtteil als geografische Referenz","boundary_role":"reference-neighborhood","source":"Code for Germany / Click That Hood","source_url":"https://github.com/codeforgermany/click_that_hood"}},{"type":"Feature","geometry":{"type":"Polygon","coordinates":[[[9.876083,53.495422],[9.871811,53.495483],[9.86499,53.494476],[9.855621,53.492615],[9.854614,53.493896],[9.854317,53.494019],[9.843697,53.494873],[9.838394,53.494904],[9.834023,53.49588],[9.830719,53.49585],[9.835266,53.50824],[9.832932,53.509338],[9.832588,53.509949],[9.832039,53.510254],[9.831093,53.510529],[9.828003,53.51239],[9.8256,53.51355],[9.828148,53.515076],[9.828293,53.515656],[9.830635,53.517181],[9.830101,53.51767],[9.829536,53.517853],[9.828629,53.519409],[9.829758,53.520599],[9.832466,53.518372],[9.836006,53.516876],[9.841728,53.515747],[9.853165,53.516235],[9.871788,53.519226],[9.877487,53.518311],[9.879578,53.517181],[9.88295,53.514526],[9.883842,53.513519],[9.884041,53.51297],[9.883858,53.510773],[9.883026,53.509613],[9.880722,53.507904],[9.880508,53.504913],[9.88105,53.503937],[9.882645,53.501953],[9.884186,53.501404],[9.884682,53.500702],[9.886719,53.499908],[9.886299,53.498993],[9.884819,53.497284],[9.88485,53.496887],[9.885468,53.496674],[9.884285,53.495728],[9.883644,53.495636],[9.88356,53.495514],[9.883781,53.4953],[9.882484,53.494965],[9.882263,53.49469],[9.880722,53.494904],[9.877518,53.495728],[9.876083,53.495422]]]},"properties":{"name":"Francop","basis":"Heutiger Hamburger Stadtteil als geografische Referenz","boundary_role":"reference-neighborhood","source":"Code for Germany / Click That Hood","source_url":"https://github.com/codeforgermany/click_that_hood"}},{"type":"Feature","geometry":{"type":"Polygon","coordinates":[[[10.036568,53.633209],[10.033066,53.632141],[10.033417,53.631165],[10.034859,53.630371],[10.034882,53.630127],[10.034454,53.629944],[10.027756,53.629486],[10.027534,53.629059],[10.027908,53.628479],[10.028816,53.625977],[10.023697,53.626343],[10.021019,53.625031],[10.01873,53.623627],[10.012123,53.623474],[10.010216,53.623749],[10.00354,53.622528],[9.993935,53.619537],[9.993027,53.619049],[9.99231,53.619507],[9.99099,53.619507],[9.98967,53.620026],[9.986298,53.618469],[9.985664,53.61795],[9.98542,53.617981],[9.983742,53.617157],[9.979507,53.618011],[9.979706,53.618317],[9.978935,53.6185],[9.979019,53.618774],[9.97818,53.618958],[9.978333,53.619202],[9.977341,53.619659],[9.97747,53.619934],[9.976646,53.620209],[9.976929,53.620758],[9.976265,53.621033],[9.968262,53.617035],[9.967682,53.616913],[9.967484,53.616638],[9.965851,53.615845],[9.964523,53.615784],[9.963615,53.616089],[9.960945,53.615051],[9.960182,53.614502],[9.959473,53.614349],[9.956696,53.614471],[9.956238,53.615753],[9.956825,53.616028],[9.957466,53.616882],[9.960747,53.618774],[9.966591,53.621735],[9.967239,53.621674],[9.968155,53.622528],[9.970291,53.623444],[9.972977,53.625214],[9.977219,53.626801],[9.979088,53.628113],[9.981102,53.631714],[9.98111,53.631989],[9.980728,53.631989],[9.980812,53.632294],[9.98114,53.632507],[9.981483,53.633942],[9.981293,53.634094],[9.981499,53.634308],[9.982513,53.638611],[9.98291,53.638885],[9.985275,53.639008],[9.984413,53.64035],[9.982063,53.643188],[9.981544,53.644104],[9.979546,53.646515],[9.977646,53.648346],[9.977951,53.648865],[9.978569,53.648682],[9.980453,53.64917],[9.982254,53.6492],[9.982315,53.648834],[9.984917,53.648285],[9.986153,53.647186],[9.992653,53.639832],[9.998001,53.639008],[9.99968,53.639099],[10.003716,53.639832],[10.003471,53.640228],[10.005402,53.640472],[10.006767,53.639008],[10.005814,53.637207],[10.006546,53.636963],[10.007645,53.637054],[10.007591,53.637482],[10.010338,53.638092],[10.014519,53.639618],[10.016434,53.639984],[10.020134,53.640106],[10.020195,53.639374],[10.02047,53.639008],[10.020477,53.639282],[10.020737,53.639404],[10.025185,53.637787],[10.026276,53.638306],[10.028137,53.637756],[10.02932,53.637787],[10.029823,53.638031],[10.031715,53.637878],[10.031868,53.637268],[10.032845,53.637085],[10.032837,53.636841],[10.033699,53.636688],[10.033089,53.636139],[10.036369,53.634583],[10.035652,53.634186],[10.036674,53.633392],[10.036568,53.633209]]]},"properties":{"name":"Fuhlsbüttel","basis":"Heutiger Hamburger Stadtteil als geografische Referenz","boundary_role":"reference-neighborhood","source":"Code for Germany / Click That Hood","source_url":"https://github.com/codeforgermany/click_that_hood"}},{"type":"Feature","geometry":{"type":"Polygon","coordinates":[[[10.011421,53.623657],[10.010483,53.621124],[10.009331,53.619293],[9.996376,53.610901],[9.988373,53.604614],[9.986755,53.602844],[9.985031,53.601837],[9.984795,53.601379],[9.981102,53.60199],[9.970261,53.603088],[9.966324,53.604279],[9.966393,53.604919],[9.96682,53.605347],[9.965614,53.606049],[9.965302,53.606506],[9.964767,53.608551],[9.965378,53.609741],[9.965332,53.610168],[9.967316,53.61264],[9.967255,53.614319],[9.967987,53.617004],[9.976265,53.621033],[9.976929,53.620758],[9.976646,53.620209],[9.97747,53.619934],[9.977341,53.619659],[9.978333,53.619202],[9.97818,53.618958],[9.979019,53.618774],[9.978935,53.6185],[9.979706,53.618317],[9.979507,53.618011],[9.983742,53.617157],[9.98542,53.617981],[9.985664,53.61795],[9.986298,53.618469],[9.98967,53.620026],[9.99099,53.619507],[9.99231,53.619507],[9.993027,53.619049],[9.993935,53.619537],[10.00354,53.622528],[10.010216,53.623749],[10.011421,53.623657]]]},"properties":{"name":"Groß Borstel","basis":"Heutiger Hamburger Stadtteil als geografische Referenz","boundary_role":"reference-neighborhood","source":"Code for Germany / Click That Hood","source_url":"https://github.com/codeforgermany/click_that_hood"}},{"type":"Feature","geometry":{"type":"Polygon","coordinates":[[[9.900414,53.559692],[9.870903,53.558746],[9.864983,53.558289],[9.863708,53.560669],[9.863632,53.562073],[9.864136,53.562714],[9.865936,53.563416],[9.866264,53.563934],[9.86647,53.56897],[9.865692,53.570068],[9.865181,53.571564],[9.874077,53.570923],[9.879654,53.56897],[9.888458,53.567902],[9.890938,53.567413],[9.895561,53.565857],[9.89724,53.565552],[9.897141,53.564362],[9.897331,53.562195],[9.900276,53.560394],[9.900414,53.559692]]]},"properties":{"name":"Groß Flottbek","basis":"Heutiger Hamburger Stadtteil als geografische Referenz","boundary_role":"reference-neighborhood","source":"Code for Germany / Click That Hood","source_url":"https://github.com/codeforgermany/click_that_hood"}},{"type":"Feature","geometry":{"type":"Polygon","coordinates":[[[10.006783,53.452637],[10.008331,53.451996],[10.009041,53.452454],[10.009949,53.452057],[10.037788,53.44931],[10.032341,53.444092],[10.030045,53.444366],[10.023964,53.44577],[10.023842,53.445953],[10.024124,53.446686],[10.022079,53.447571],[10.014481,53.442017],[10.016304,53.44101],[10.018921,53.44043],[10.025848,53.437958],[10.026787,53.437042],[10.02919,53.435303],[10.022934,53.432281],[10.015182,53.437164],[10.014862,53.439209],[10.014214,53.440521],[10.012611,53.442322],[10.011139,53.443634],[10.001411,53.44931],[10.006783,53.452637]]]},"properties":{"name":"Gut Moor","basis":"Heutiger Hamburger Stadtteil als geografische Referenz","boundary_role":"reference-neighborhood","source":"Code for Germany / Click That Hood","source_url":"https://github.com/codeforgermany/click_that_hood"}},{"type":"Feature","geometry":{"type":"Polygon","coordinates":[[[9.979927,53.541321],[9.98214,53.543396],[9.983681,53.544189],[9.992622,53.544373],[9.997406,53.546143],[10.001701,53.546936],[10.002625,53.546814],[10.008347,53.544739],[10.011734,53.542114],[10.013214,53.541565],[10.024239,53.539215],[10.025139,53.538544],[10.027069,53.535736],[10.028893,53.533813],[10.029839,53.531982],[10.029747,53.531555],[10.029068,53.530579],[10.019508,53.533783],[10.013069,53.535583],[10.004021,53.537231],[9.989975,53.538483],[9.979927,53.541321]]]},"properties":{"name":"HafenCity","basis":"Heutiger Hamburger Stadtteil als geografische Referenz","boundary_role":"reference-neighborhood","source":"Code for Germany / Click That Hood","source_url":"https://github.com/codeforgermany/click_that_hood"}},{"type":"Feature","geometry":{"type":"Polygon","coordinates":[[[9.983681,53.544189],[9.983513,53.545197],[9.98365,53.545868],[9.984863,53.547729],[9.986153,53.549103],[9.994644,53.552673],[9.997528,53.557007],[10.001541,53.556641],[10.004219,53.55603],[10.00631,53.554749],[10.003845,53.553925],[10.005447,53.552612],[10.006187,53.550781],[10.006332,53.550049],[10.005898,53.548065],[10.007568,53.547852],[10.00708,53.545288],[10.002625,53.546814],[10.001701,53.546936],[9.997406,53.546143],[9.992622,53.544373],[9.983681,53.544189]]]},"properties":{"name":"Hamburg-Altstadt","basis":"Heutiger Hamburger Stadtteil als geografische Referenz","boundary_role":"reference-neighborhood","source":"Code for Germany / Click That Hood","source_url":"https://github.com/codeforgermany/click_that_hood"}},{"type":"Feature","geometry":{"type":"Polygon","coordinates":[[[10.066643,53.559631],[10.06855,53.54895],[10.070679,53.539429],[10.070488,53.538422],[10.070007,53.53775],[10.067062,53.538574],[10.067108,53.539368],[10.066277,53.542206],[10.066231,53.543274],[10.06517,53.544617],[10.064217,53.545197],[10.062775,53.545685],[10.059868,53.546021],[10.057861,53.545624],[10.050613,53.543579],[10.048576,53.544098],[10.043144,53.544647],[10.044739,53.546997],[10.040802,53.552216],[10.040649,53.552795],[10.04071,53.555511],[10.038879,53.559509],[10.037712,53.560822],[10.040413,53.56192],[10.044037,53.562958],[10.05407,53.563995],[10.062271,53.566101],[10.066643,53.559631]]]},"properties":{"name":"Hamm","basis":"Heutiger Hamburger Stadtteil als geografische Referenz","boundary_role":"reference-neighborhood","source":"Code for Germany / Click That Hood","source_url":"https://github.com/codeforgermany/click_that_hood"}},{"type":"Feature","geometry":{"type":"Polygon","coordinates":[[[10.006325,53.550171],[10.009529,53.55069],[10.010406,53.550262],[10.012238,53.549774],[10.014305,53.549774],[10.019997,53.551086],[10.02346,53.552185],[10.026009,53.552429],[10.027725,53.552155],[10.029114,53.551636],[10.029846,53.551117],[10.031128,53.549377],[10.038033,53.5513],[10.04113,53.551636],[10.044739,53.546997],[10.043144,53.544647],[10.041145,53.54303],[10.039787,53.542206],[10.039001,53.542419],[10.033554,53.54245],[10.031738,53.541962],[10.029228,53.540802],[10.027641,53.541443],[10.026909,53.541443],[10.024902,53.540405],[10.023491,53.539307],[10.013214,53.541565],[10.011734,53.542114],[10.008347,53.544739],[10.00708,53.545288],[10.007568,53.547852],[10.005898,53.548065],[10.006325,53.550171]]]},"properties":{"name":"Hammerbrook","basis":"Heutiger Hamburger Stadtteil als geografische Referenz","boundary_role":"reference-neighborhood","source":"Code for Germany / Click That Hood","source_url":"https://github.com/codeforgermany/click_that_hood"}},{"type":"Feature","geometry":{"type":"Polygon","coordinates":[[[9.96833,53.457428],[9.965576,53.463318],[9.968102,53.463715],[9.96833,53.463867],[9.968521,53.464447],[9.966728,53.466461],[9.965118,53.467743],[9.965912,53.467682],[9.967857,53.467987],[9.979309,53.464386],[9.981674,53.467377],[9.982315,53.468506],[9.984612,53.475372],[9.993721,53.473755],[9.998184,53.472687],[9.997711,53.471741],[9.997536,53.471802],[9.994446,53.465179],[9.998734,53.463501],[10.000519,53.463257],[9.994896,53.45874],[9.993469,53.457916],[9.993996,53.457428],[9.997803,53.456421],[9.998466,53.456116],[9.998634,53.45578],[9.999413,53.45575],[10.006783,53.452637],[10.000648,53.448853],[9.995544,53.452118],[9.995338,53.451996],[9.993881,53.453217],[9.992821,53.454712],[9.991219,53.454559],[9.991661,53.454041],[9.991692,53.453644],[9.991501,53.453156],[9.99118,53.452911],[9.987328,53.451782],[9.982574,53.452179],[9.980721,53.451874],[9.972404,53.451447],[9.971977,53.451813],[9.972679,53.452057],[9.976944,53.455383],[9.971764,53.454956],[9.969162,53.45694],[9.968842,53.45752],[9.96833,53.457428]]]},"properties":{"name":"Harburg","basis":"Heutiger Hamburger Stadtteil als geografische Referenz","boundary_role":"reference-neighborhood","source":"Code for Germany / Click That Hood","source_url":"https://github.com/codeforgermany/click_that_hood"}},{"type":"Feature","geometry":{"type":"Polygon","coordinates":[[[9.994026,53.572693],[9.979179,53.572357],[9.978378,53.572174],[9.977417,53.571411],[9.970444,53.57608],[9.976044,53.57843],[9.984665,53.584045],[9.985756,53.584412],[9.98912,53.585022],[9.991608,53.585114],[9.993675,53.584656],[9.995361,53.583954],[9.995628,53.582733],[9.996124,53.582001],[9.999733,53.579529],[10.002525,53.577087],[10.004578,53.574585],[10.00486,53.573822],[9.994026,53.572693]]]},"properties":{"name":"Harvestehude","basis":"Heutiger Hamburger Stadtteil als geografische Referenz","boundary_role":"reference-neighborhood","source":"Code for Germany / Click That Hood","source_url":"https://github.com/codeforgermany/click_that_hood"}},{"type":"Feature","geometry":{"type":"Polygon","coordinates":[[[9.913902,53.482086],[9.914978,53.478149],[9.916092,53.4758],[9.91684,53.474518],[9.918831,53.471954],[9.92028,53.47052],[9.912598,53.470398],[9.906631,53.470856],[9.901123,53.471008],[9.897575,53.471527],[9.894066,53.471741],[9.893539,53.470337],[9.891243,53.467682],[9.893555,53.465302],[9.893112,53.464325],[9.893288,53.461548],[9.892601,53.460632],[9.895264,53.455719],[9.893967,53.45575],[9.891937,53.453888],[9.891739,53.453156],[9.889542,53.451996],[9.888748,53.450592],[9.88623,53.449738],[9.885918,53.450104],[9.87326,53.442169],[9.871346,53.442566],[9.869919,53.443298],[9.869492,53.444153],[9.868843,53.444611],[9.869888,53.445648],[9.868164,53.449432],[9.866905,53.453674],[9.865585,53.4664],[9.867783,53.466553],[9.873238,53.469086],[9.877548,53.470642],[9.87796,53.471161],[9.877792,53.471954],[9.876472,53.471893],[9.876373,53.47226],[9.876015,53.472473],[9.873672,53.472656],[9.873001,53.473053],[9.872986,53.47348],[9.873184,53.473724],[9.874664,53.474823],[9.874985,53.475372],[9.875069,53.477264],[9.872704,53.47699],[9.871704,53.479797],[9.874573,53.479767],[9.876534,53.480011],[9.87661,53.483704],[9.87085,53.483246],[9.870422,53.483673],[9.867958,53.483978],[9.864494,53.483734],[9.863686,53.484314],[9.866226,53.485291],[9.868019,53.486298],[9.868225,53.488678],[9.870522,53.48999],[9.874268,53.491638],[9.874863,53.492767],[9.874176,53.494415],[9.874184,53.495331],[9.876083,53.495422],[9.877518,53.495728],[9.88205,53.494629],[9.882484,53.494965],[9.883583,53.495178],[9.883781,53.4953],[9.88356,53.495514],[9.883644,53.495636],[9.884285,53.495728],[9.885468,53.496674],[9.886284,53.49649],[9.886665,53.496094],[9.887436,53.496307],[9.887566,53.496094],[9.887421,53.495697],[9.888123,53.495636],[9.888214,53.495361],[9.886597,53.494995],[9.887093,53.493835],[9.888199,53.492188],[9.885109,53.491058],[9.883728,53.490265],[9.882515,53.48819],[9.882507,53.487854],[9.913902,53.482086]]]},"properties":{"name":"Hausbruch","basis":"Heutiger Hamburger Stadtteil als geografische Referenz","boundary_role":"reference-neighborhood","source":"Code for Germany / Click That Hood","source_url":"https://github.com/codeforgermany/click_that_hood"}},{"type":"Feature","geometry":{"type":"Polygon","coordinates":[[[9.917091,53.474182],[9.916092,53.4758],[9.914978,53.478149],[9.913902,53.482086],[9.922287,53.480377],[9.925194,53.480591],[9.938766,53.477966],[9.938263,53.476776],[9.950615,53.474213],[9.950714,53.474426],[9.949814,53.47464],[9.949738,53.475494],[9.956589,53.482056],[9.955627,53.482758],[9.957108,53.484009],[9.959686,53.485046],[9.961296,53.483643],[9.976166,53.477264],[9.984612,53.475372],[9.982315,53.468506],[9.981674,53.467377],[9.979309,53.464386],[9.967857,53.467987],[9.965912,53.467682],[9.965118,53.467743],[9.966728,53.466461],[9.968521,53.464447],[9.96833,53.463867],[9.968102,53.463715],[9.965576,53.463318],[9.966614,53.46106],[9.962975,53.461395],[9.960701,53.461121],[9.957947,53.459778],[9.956635,53.459351],[9.947136,53.457794],[9.946884,53.458191],[9.945992,53.458038],[9.945099,53.458862],[9.942688,53.458099],[9.941872,53.458374],[9.941246,53.45813],[9.938721,53.458588],[9.935257,53.458313],[9.935455,53.456665],[9.936386,53.454895],[9.9244,53.453217],[9.923141,53.451599],[9.920311,53.44931],[9.917839,53.44812],[9.917038,53.446625],[9.913528,53.448761],[9.911575,53.449188],[9.911133,53.449585],[9.911125,53.449921],[9.909584,53.452301],[9.908356,53.452911],[9.908081,53.453583],[9.906265,53.45401],[9.904526,53.455597],[9.904167,53.456268],[9.904358,53.457062],[9.903908,53.456482],[9.903152,53.456055],[9.901093,53.456177],[9.900597,53.456451],[9.900864,53.456757],[9.900688,53.457184],[9.899307,53.457458],[9.898743,53.457947],[9.898407,53.457458],[9.898582,53.456421],[9.897942,53.455017],[9.90023,53.45401],[9.898216,53.454285],[9.898003,53.454254],[9.897957,53.453827],[9.89772,53.453827],[9.896721,53.454102],[9.895599,53.454895],[9.892601,53.460632],[9.893288,53.461548],[9.893112,53.464325],[9.893555,53.465302],[9.891243,53.467682],[9.893539,53.470337],[9.894066,53.471741],[9.897575,53.471527],[9.901123,53.471008],[9.906631,53.470856],[9.912598,53.470398],[9.92028,53.47052],[9.918831,53.471954],[9.917091,53.474182]]]},"properties":{"name":"Heimfeld","basis":"Heutiger Hamburger Stadtteil als geografische Referenz","boundary_role":"reference-neighborhood","source":"Code for Germany / Click That Hood","source_url":"https://github.com/codeforgermany/click_that_hood"}},{"type":"Feature","geometry":{"type":"Polygon","coordinates":[[[9.983978,53.583679],[9.976044,53.57843],[9.969681,53.583984],[9.969055,53.5849],[9.968727,53.586182],[9.975548,53.588776],[9.978523,53.586334],[9.98127,53.585175],[9.981781,53.585175],[9.982063,53.584534],[9.983978,53.583679]]]},"properties":{"name":"Hoheluft-Ost","basis":"Heutiger Hamburger Stadtteil als geografische Referenz","boundary_role":"reference-neighborhood","source":"Code for Germany / Click That Hood","source_url":"https://github.com/codeforgermany/click_that_hood"}},{"type":"Feature","geometry":{"type":"Polygon","coordinates":[[[9.970444,53.57608],[9.969681,53.576477],[9.968712,53.57608],[9.963982,53.578186],[9.963524,53.577393],[9.962044,53.577881],[9.959084,53.579407],[9.957161,53.581024],[9.961739,53.581329],[9.962059,53.581482],[9.961319,53.583557],[9.968727,53.586182],[9.969055,53.5849],[9.969681,53.583984],[9.976044,53.57843],[9.970444,53.57608]]]},"properties":{"name":"Hoheluft-West","basis":"Heutiger Hamburger Stadtteil als geografische Referenz","boundary_role":"reference-neighborhood","source":"Code for Germany / Click That Hood","source_url":"https://github.com/codeforgermany/click_that_hood"}},{"type":"Feature","geometry":{"type":"Polygon","coordinates":[[[10.0317,53.566498],[10.034798,53.563995],[10.037712,53.560822],[10.027946,53.557037],[10.02681,53.556396],[10.024208,53.557983],[10.019051,53.560669],[10.017212,53.561066],[10.016121,53.561707],[10.015717,53.561432],[10.008713,53.565338],[10.025452,53.565796],[10.027847,53.566193],[10.030304,53.566193],[10.0317,53.566498]]]},"properties":{"name":"Hohenfelde","basis":"Heutiger Hamburger Stadtteil als geografische Referenz","boundary_role":"reference-neighborhood","source":"Code for Germany / Click That Hood","source_url":"https://github.com/codeforgermany/click_that_hood"}},{"type":"Feature","geometry":{"type":"Polygon","coordinates":[[[10.073502,53.536774],[10.070007,53.53775],[10.070488,53.538422],[10.070679,53.539429],[10.06855,53.54895],[10.066887,53.558899],[10.066498,53.559906],[10.068565,53.559631],[10.070145,53.559937],[10.072922,53.561218],[10.073357,53.561646],[10.079857,53.562469],[10.094421,53.563812],[10.107613,53.565338],[10.108063,53.563904],[10.108566,53.563324],[10.108612,53.559021],[10.105919,53.558868],[10.10643,53.557159],[10.10643,53.556488],[10.106178,53.556],[10.102951,53.552338],[10.097717,53.545898],[10.096916,53.543304],[10.096413,53.542603],[10.096046,53.542419],[10.098999,53.53775],[10.093567,53.537598],[10.091637,53.537933],[10.09021,53.538483],[10.0896,53.53891],[10.085182,53.54007],[10.084412,53.540039],[10.081406,53.539215],[10.078636,53.538208],[10.073502,53.536774]]]},"properties":{"name":"Horn","basis":"Heutiger Hamburger Stadtteil als geografische Referenz","boundary_role":"reference-neighborhood","source":"Code for Germany / Click That Hood","source_url":"https://github.com/codeforgermany/click_that_hood"}},{"type":"Feature","geometry":{"type":"Polygon","coordinates":[[[10.056961,53.638153],[10.055496,53.637939],[10.053192,53.636627],[10.050941,53.635803],[10.050087,53.635681],[10.048561,53.636292],[10.046516,53.635834],[10.045494,53.63504],[10.043465,53.634644],[10.043129,53.634186],[10.041695,53.633514],[10.041939,53.632477],[10.041748,53.632202],[10.039825,53.631866],[10.037506,53.632568],[10.036568,53.633209],[10.036674,53.633392],[10.035652,53.634186],[10.036369,53.634583],[10.033089,53.636139],[10.033699,53.636688],[10.032837,53.636841],[10.032845,53.637085],[10.031868,53.637268],[10.031715,53.637878],[10.029823,53.638031],[10.02932,53.637787],[10.028137,53.637756],[10.026276,53.638306],[10.025185,53.637787],[10.020737,53.639404],[10.020477,53.639282],[10.02047,53.639008],[10.020195,53.639374],[10.020134,53.640106],[10.020866,53.640167],[10.025116,53.644653],[10.03418,53.652374],[10.035637,53.653076],[10.036568,53.6539],[10.036392,53.656006],[10.036621,53.65741],[10.034828,53.657654],[10.034622,53.657928],[10.034782,53.658905],[10.035332,53.659271],[10.03511,53.660431],[10.035477,53.660858],[10.035072,53.661102],[10.034996,53.661499],[10.035965,53.675293],[10.043007,53.681396],[10.042778,53.681488],[10.043373,53.681976],[10.051025,53.677979],[10.051476,53.677582],[10.055367,53.672333],[10.057144,53.670319],[10.059021,53.666138],[10.061035,53.662567],[10.062218,53.66153],[10.06411,53.655518],[10.064941,53.655304],[10.064369,53.654877],[10.063881,53.653717],[10.067123,53.653015],[10.067787,53.652557],[10.068703,53.651184],[10.065483,53.650391],[10.062622,53.646149],[10.063087,53.645477],[10.06192,53.645142],[10.064575,53.641724],[10.064148,53.641602],[10.063835,53.640564],[10.0625,53.641144],[10.061867,53.641083],[10.061302,53.640747],[10.060593,53.639618],[10.061211,53.638916],[10.060143,53.638336],[10.059219,53.638153],[10.058731,53.637482],[10.056961,53.638153]]]},"properties":{"name":"Hummelsbüttel","basis":"Heutiger Hamburger Stadtteil als geografische Referenz","boundary_role":"reference-neighborhood","source":"Code for Germany / Click That Hood","source_url":"https://github.com/codeforgermany/click_that_hood"}},{"type":"Feature","geometry":{"type":"Polygon","coordinates":[[[9.837723,53.59198],[9.83889,53.590027],[9.837532,53.588898],[9.837563,53.587616],[9.835701,53.585846],[9.835098,53.58371],[9.834244,53.583557],[9.833344,53.582916],[9.831528,53.582611],[9.83168,53.582031],[9.830933,53.579224],[9.833015,53.579102],[9.833748,53.578888],[9.834129,53.576874],[9.835304,53.574158],[9.836533,53.573883],[9.835457,53.572845],[9.835068,53.570648],[9.833824,53.57074],[9.833656,53.569061],[9.835579,53.569031],[9.834908,53.568787],[9.83168,53.566162],[9.830223,53.565521],[9.826736,53.565552],[9.826706,53.565399],[9.822449,53.565582],[9.818665,53.565308],[9.820038,53.565857],[9.820412,53.566162],[9.82077,53.566986],[9.819771,53.571014],[9.818321,53.5737],[9.816826,53.575073],[9.811798,53.577942],[9.810707,53.578369],[9.810593,53.580627],[9.810768,53.580994],[9.811424,53.581818],[9.812576,53.582733],[9.81263,53.583588],[9.815735,53.584961],[9.817398,53.585114],[9.818161,53.585907],[9.821045,53.585114],[9.821083,53.58493],[9.8218,53.584625],[9.824554,53.584167],[9.825928,53.585114],[9.828926,53.585449],[9.831955,53.586426],[9.833084,53.587128],[9.836082,53.587555],[9.836823,53.587921],[9.836777,53.589294],[9.836029,53.589752],[9.836105,53.590118],[9.837044,53.59198],[9.837723,53.59198]]]},"properties":{"name":"Iserbrook","basis":"Heutiger Hamburger Stadtteil als geografische Referenz","boundary_role":"reference-neighborhood","source":"Code for Germany / Click That Hood","source_url":"https://github.com/codeforgermany/click_that_hood"}},{"type":"Feature","geometry":{"type":"Polygon","coordinates":[[[10.143021,53.587982],[10.143997,53.587952],[10.144348,53.587219],[10.144279,53.585297],[10.144424,53.585297],[10.144386,53.584839],[10.144737,53.584778],[10.144539,53.584625],[10.144539,53.584106],[10.144943,53.58371],[10.144943,53.582764],[10.14537,53.582764],[10.145187,53.582092],[10.145363,53.582092],[10.145569,53.580994],[10.147362,53.581116],[10.148361,53.579254],[10.148872,53.579193],[10.149323,53.578125],[10.148041,53.577332],[10.148293,53.577026],[10.150642,53.576691],[10.151688,53.576172],[10.151611,53.574738],[10.152,53.573425],[10.151833,53.572235],[10.150406,53.570282],[10.150665,53.569702],[10.150505,53.569153],[10.150002,53.568573],[10.148552,53.567963],[10.148094,53.567566],[10.148666,53.567352],[10.147514,53.566406],[10.147629,53.564453],[10.147995,53.563873],[10.145927,53.564636],[10.138977,53.566223],[10.135315,53.566803],[10.130005,53.567169],[10.125641,53.567047],[10.107613,53.565338],[10.103447,53.575897],[10.108833,53.578247],[10.111252,53.576752],[10.112183,53.576508],[10.114075,53.576416],[10.121773,53.578735],[10.123138,53.579376],[10.126671,53.582275],[10.128822,53.583496],[10.132744,53.584625],[10.136612,53.586517],[10.143021,53.587982]]]},"properties":{"name":"Jenfeld","basis":"Heutiger Hamburger Stadtteil als geografische Referenz","boundary_role":"reference-neighborhood","source":"Code for Germany / Click That Hood","source_url":"https://github.com/codeforgermany/click_that_hood"}},{"type":"Feature","geometry":{"type":"Polygon","coordinates":[[[10.241547,53.397949],[10.239388,53.39679],[10.237396,53.396088],[10.235199,53.395508],[10.231667,53.395111],[10.223701,53.395325],[10.218185,53.395813],[10.211617,53.396667],[10.203148,53.398163],[10.200188,53.398468],[10.196655,53.398499],[10.193832,53.398285],[10.185181,53.39682],[10.18222,53.396484],[10.177376,53.396454],[10.171837,53.397308],[10.165543,53.399323],[10.159348,53.402496],[10.155197,53.405121],[10.151245,53.408386],[10.148338,53.411957],[10.146141,53.41507],[10.144432,53.416748],[10.139137,53.420654],[10.136993,53.421936],[10.133461,53.423157],[10.130936,53.423584],[10.127487,53.423767],[10.122086,53.423645],[10.118446,53.423981],[10.111969,53.425446],[10.109489,53.426483],[10.108955,53.431793],[10.111038,53.432587],[10.115921,53.433533],[10.11573,53.434906],[10.11615,53.435913],[10.117088,53.436798],[10.119751,53.440247],[10.120277,53.44043],[10.119598,53.441467],[10.120483,53.441559],[10.121391,53.441193],[10.122368,53.441803],[10.124535,53.443604],[10.124001,53.444153],[10.124947,53.444611],[10.125885,53.44577],[10.123032,53.448669],[10.121857,53.44928],[10.118568,53.450165],[10.121475,53.452972],[10.124184,53.45462],[10.124504,53.454437],[10.135361,53.462067],[10.137695,53.460968],[10.139664,53.459656],[10.14267,53.456512],[10.144051,53.45578],[10.145058,53.455536],[10.147255,53.455475],[10.150208,53.455994],[10.150871,53.456268],[10.151207,53.456635],[10.151665,53.458557],[10.151985,53.459015],[10.15377,53.459442],[10.154617,53.459381],[10.158516,53.457581],[10.159424,53.456421],[10.159698,53.45578],[10.158821,53.451508],[10.158951,53.449524],[10.160751,53.446442],[10.16201,53.445343],[10.163506,53.444366],[10.166466,53.443878],[10.167709,53.444092],[10.16835,53.444641],[10.168213,53.44516],[10.167282,53.446381],[10.167114,53.447845],[10.167435,53.448303],[10.168671,53.44873],[10.170876,53.448608],[10.172462,53.447815],[10.174667,53.445526],[10.17585,53.444763],[10.176842,53.44455],[10.177673,53.444122],[10.179611,53.444],[10.181992,53.444519],[10.182495,53.444916],[10.183701,53.445404],[10.185875,53.447815],[10.187317,53.448273],[10.188919,53.448151],[10.192787,53.446686],[10.193375,53.445862],[10.193672,53.444702],[10.193176,53.443207],[10.191734,53.441925],[10.190079,53.441925],[10.189842,53.441772],[10.189735,53.440582],[10.190384,53.440094],[10.191452,53.439819],[10.196358,53.440491],[10.198158,53.440216],[10.200645,53.439453],[10.202446,53.438507],[10.203049,53.437897],[10.203171,53.437378],[10.202881,53.43573],[10.202202,53.434937],[10.200401,53.433929],[10.199181,53.4328],[10.19883,53.432098],[10.198715,53.430908],[10.200569,53.429688],[10.201744,53.429596],[10.202225,53.429108],[10.205429,53.428009],[10.207108,53.427856],[10.207954,53.42746],[10.21125,53.427429],[10.21357,53.426941],[10.214119,53.426483],[10.214432,53.425903],[10.213913,53.425201],[10.210976,53.423981],[10.209946,53.423767],[10.206139,53.421814],[10.205116,53.420685],[10.203377,53.41983],[10.202095,53.419525],[10.201828,53.41925],[10.201736,53.418304],[10.201782,53.417816],[10.202278,53.416931],[10.202858,53.416412],[10.204155,53.415833],[10.207596,53.416077],[10.21035,53.416779],[10.212029,53.416626],[10.213364,53.415894],[10.213692,53.414551],[10.216896,53.412689],[10.217552,53.41217],[10.217514,53.411835],[10.219017,53.411621],[10.219795,53.410858],[10.221085,53.41098],[10.221085,53.411621],[10.221809,53.412872],[10.222054,53.412933],[10.225349,53.4133],[10.230148,53.412964],[10.233299,53.411194],[10.234917,53.409332],[10.23632,53.408661],[10.238663,53.405182],[10.245781,53.402588],[10.243988,53.400024],[10.241547,53.397949]]]},"properties":{"name":"Kirchwerder","basis":"Heutiger Hamburger Stadtteil als geografische Referenz","boundary_role":"reference-neighborhood","source":"Code for Germany / Click That Hood","source_url":"https://github.com/codeforgermany/click_that_hood"}},{"type":"Feature","geometry":{"type":"Polygon","coordinates":[[[9.976852,53.526459],[9.975952,53.532623],[9.984276,53.532349],[9.984642,53.535095],[9.987556,53.539154],[9.989975,53.538483],[10.004021,53.537231],[10.013069,53.535583],[10.019508,53.533783],[10.022728,53.532684],[10.0168,53.526581],[10.012413,53.520508],[10.003448,53.519745],[10.003868,53.520569],[9.990433,53.519196],[9.989136,53.519196],[9.976852,53.526459]]]},"properties":{"name":"Kleiner Grasbrook","basis":"Heutiger Hamburger Stadtteil als geografische Referenz","boundary_role":"reference-neighborhood","source":"Code for Germany / Click That Hood","source_url":"https://github.com/codeforgermany/click_that_hood"}},{"type":"Feature","geometry":{"type":"Polygon","coordinates":[[[9.980202,53.429565],[9.98082,53.429962],[9.981026,53.430542],[9.98185,53.431641],[9.983269,53.43222],[9.983147,53.432587],[9.982674,53.43277],[9.982269,53.434082],[9.982475,53.434784],[9.983414,53.435516],[9.98333,53.435822],[9.981583,53.436554],[9.978699,53.436768],[9.979347,53.437256],[9.981834,53.437317],[9.985535,53.436249],[9.985359,53.436005],[9.99501,53.436371],[9.997108,53.435852],[9.996544,53.435272],[9.996643,53.4328],[9.994614,53.431549],[9.994324,53.430511],[9.992722,53.429871],[9.991264,53.429657],[9.991531,53.428955],[9.990211,53.427917],[9.98864,53.428101],[9.984451,53.42807],[9.982353,53.428375],[9.982071,53.42865],[9.980064,53.428741],[9.980202,53.429565]]]},"properties":{"name":"Langenbek","basis":"Heutiger Hamburger Stadtteil als geografische Referenz","boundary_role":"reference-neighborhood","source":"Code for Germany / Click That Hood","source_url":"https://github.com/codeforgermany/click_that_hood"}},{"type":"Feature","geometry":{"type":"Polygon","coordinates":[[[9.984917,53.648285],[9.985542,53.648193],[9.987465,53.6492],[9.987,53.655365],[9.99115,53.658142],[9.991547,53.661041],[9.990562,53.664703],[9.991112,53.666534],[9.989716,53.669342],[9.99234,53.674957],[9.992439,53.676392],[9.997734,53.68045],[9.999596,53.681519],[10.000954,53.681122],[10.00309,53.680908],[10.004982,53.681183],[10.043373,53.681976],[10.042778,53.681488],[10.043007,53.681396],[10.035965,53.675293],[10.034996,53.661499],[10.035072,53.661102],[10.035477,53.660858],[10.03511,53.660431],[10.035332,53.659271],[10.034782,53.658905],[10.034622,53.657928],[10.034828,53.657654],[10.036621,53.65741],[10.036392,53.656006],[10.036568,53.6539],[10.035637,53.653076],[10.03418,53.652374],[10.025116,53.644653],[10.020866,53.640167],[10.015465,53.639832],[10.010338,53.638092],[10.007591,53.637482],[10.007645,53.637054],[10.006546,53.636963],[10.005814,53.637207],[10.006767,53.639008],[10.005402,53.640472],[10.003471,53.640228],[10.003716,53.639832],[9.99968,53.639099],[9.998001,53.639008],[9.992653,53.639832],[9.986153,53.647186],[9.984917,53.648285]]]},"properties":{"name":"Langenhorn","basis":"Heutiger Hamburger Stadtteil als geografische Referenz","boundary_role":"reference-neighborhood","source":"Code for Germany / Click That Hood","source_url":"https://github.com/codeforgermany/click_that_hood"}},{"type":"Feature","geometry":{"type":"Polygon","coordinates":[[[10.070999,53.695831],[10.070961,53.695648],[10.082207,53.695587],[10.082542,53.697479],[10.084854,53.697418],[10.092255,53.695526],[10.096489,53.698547],[10.100227,53.696686],[10.101799,53.698334],[10.106728,53.697601],[10.105156,53.695618],[10.110718,53.695312],[10.110764,53.69577],[10.115242,53.695526],[10.115479,53.69635],[10.115746,53.696289],[10.116562,53.696991],[10.117233,53.697083],[10.117668,53.696991],[10.118004,53.696533],[10.118805,53.696167],[10.120117,53.697571],[10.121193,53.696503],[10.122643,53.696533],[10.122772,53.695282],[10.121857,53.69516],[10.120178,53.695648],[10.119583,53.695496],[10.118874,53.69458],[10.118851,53.694153],[10.117905,53.693604],[10.117729,53.693237],[10.116714,53.692749],[10.116455,53.69223],[10.116493,53.691772],[10.117439,53.690491],[10.117691,53.689972],[10.117653,53.689606],[10.116257,53.688477],[10.116096,53.687988],[10.116142,53.686676],[10.116646,53.685822],[10.116013,53.684814],[10.116417,53.683167],[10.114838,53.682556],[10.114845,53.68222],[10.115303,53.681458],[10.11528,53.680725],[10.113762,53.680206],[10.113625,53.680054],[10.113899,53.679718],[10.110001,53.679047],[10.109711,53.678864],[10.109749,53.678589],[10.110924,53.677521],[10.110741,53.677246],[10.104027,53.674011],[10.103836,53.673737],[10.103745,53.67337],[10.104614,53.671967],[10.106956,53.670593],[10.106857,53.670105],[10.105736,53.669556],[10.102562,53.669403],[10.102875,53.669342],[10.101738,53.66925],[10.100235,53.668579],[10.099648,53.668671],[10.098198,53.671082],[10.097816,53.671387],[10.095001,53.672424],[10.093071,53.672546],[10.092384,53.672333],[10.092041,53.671661],[10.092041,53.670654],[10.093201,53.668762],[10.092339,53.66806],[10.091232,53.668243],[10.091072,53.668823],[10.088448,53.67038],[10.086975,53.672028],[10.084373,53.674103],[10.081543,53.674988],[10.078926,53.676361],[10.076897,53.678162],[10.075409,53.678375],[10.073822,53.679504],[10.072754,53.679474],[10.071724,53.679749],[10.069244,53.679535],[10.065834,53.684998],[10.067101,53.685272],[10.066589,53.685944],[10.061668,53.686096],[10.060394,53.688324],[10.065857,53.688995],[10.065788,53.690735],[10.066406,53.690765],[10.067635,53.692657],[10.067581,53.693756],[10.068069,53.694885],[10.068863,53.694885],[10.069763,53.696411],[10.070999,53.695831]]]},"properties":{"name":"Lehmsahl-Mellingstedt","basis":"Heutiger Hamburger Stadtteil als geografische Referenz","boundary_role":"reference-neighborhood","source":"Code for Germany / Click That Hood","source_url":"https://github.com/codeforgermany/click_that_hood"}},{"type":"Feature","geometry":{"type":"Polygon","coordinates":[[[10.210426,53.519958],[10.213425,53.515228],[10.213036,53.514465],[10.213364,53.513885],[10.215363,53.513855],[10.215393,53.513611],[10.213989,53.513489],[10.214172,53.513],[10.217773,53.511475],[10.219177,53.510559],[10.218445,53.50769],[10.220322,53.507446],[10.221146,53.5065],[10.223541,53.506134],[10.223885,53.505615],[10.223869,53.50531],[10.22361,53.504974],[10.222534,53.504395],[10.222366,53.503265],[10.220512,53.502411],[10.218445,53.501862],[10.218727,53.501617],[10.218277,53.500153],[10.218246,53.499207],[10.217102,53.498718],[10.213905,53.498749],[10.213448,53.498505],[10.213112,53.498077],[10.213387,53.497498],[10.214462,53.497528],[10.214722,53.497375],[10.214752,53.49704],[10.214058,53.496246],[10.212273,53.496002],[10.212013,53.494019],[10.213158,53.493866],[10.212837,53.4935],[10.208107,53.490906],[10.20388,53.488953],[10.203438,53.488983],[10.202881,53.490631],[10.200439,53.490753],[10.198608,53.49176],[10.197937,53.491699],[10.192802,53.489807],[10.192131,53.490021],[10.191978,53.490417],[10.190567,53.490356],[10.186531,53.491577],[10.185272,53.493103],[10.185501,53.49472],[10.184853,53.495819],[10.185135,53.496796],[10.184631,53.497314],[10.183105,53.497955],[10.182762,53.498016],[10.181778,53.49762],[10.17997,53.497375],[10.17865,53.496826],[10.177826,53.496765],[10.176376,53.496246],[10.175629,53.496216],[10.175148,53.496399],[10.174843,53.496704],[10.174904,53.49823],[10.174675,53.498718],[10.174103,53.499298],[10.172173,53.500549],[10.170959,53.50174],[10.171028,53.502563],[10.17218,53.504425],[10.172066,53.50473],[10.170372,53.505524],[10.165939,53.506836],[10.162682,53.507263],[10.160309,53.50708],[10.158073,53.507263],[10.156822,53.506989],[10.154472,53.504883],[10.153152,53.502686],[10.152328,53.502258],[10.150444,53.501953],[10.146202,53.501923],[10.144073,53.502441],[10.141205,53.503601],[10.138054,53.504242],[10.136177,53.504883],[10.133156,53.506653],[10.130653,53.509277],[10.130272,53.51059],[10.130272,53.511261],[10.130684,53.512787],[10.129784,53.514374],[10.125748,53.517395],[10.1222,53.519684],[10.129425,53.523926],[10.13018,53.524231],[10.13205,53.524414],[10.133919,53.525818],[10.138145,53.524597],[10.143211,53.523773],[10.148193,53.521851],[10.154968,53.518707],[10.156761,53.518585],[10.163261,53.521851],[10.166107,53.520111],[10.169098,53.519653],[10.172485,53.518372],[10.17691,53.516998],[10.182823,53.514191],[10.188049,53.512207],[10.187836,53.511414],[10.189499,53.511475],[10.189964,53.513336],[10.200302,53.51413],[10.210426,53.519958]]]},"properties":{"name":"Lohbrügge","basis":"Heutiger Hamburger Stadtteil als geografische Referenz","boundary_role":"reference-neighborhood","source":"Code for Germany / Click That Hood","source_url":"https://github.com/codeforgermany/click_that_hood"}},{"type":"Feature","geometry":{"type":"Polygon","coordinates":[[[9.957161,53.581024],[9.951569,53.582275],[9.947502,53.582458],[9.947456,53.583099],[9.947945,53.583984],[9.947739,53.585999],[9.94738,53.586914],[9.944626,53.591187],[9.943825,53.593323],[9.943184,53.593262],[9.942566,53.594818],[9.942154,53.597443],[9.940918,53.602173],[9.939789,53.602051],[9.938522,53.603241],[9.938599,53.603668],[9.939209,53.603943],[9.939224,53.604523],[9.938927,53.604919],[9.935883,53.605591],[9.935654,53.605774],[9.935989,53.606262],[9.935394,53.606476],[9.946335,53.608002],[9.951355,53.608124],[9.954033,53.608002],[9.957008,53.607391],[9.968399,53.603607],[9.97184,53.602844],[9.971756,53.598602],[9.974693,53.598236],[9.974358,53.594269],[9.971825,53.593872],[9.969826,53.593811],[9.971298,53.592102],[9.971519,53.591492],[9.971001,53.591217],[9.967484,53.590881],[9.968727,53.586182],[9.961319,53.583557],[9.962059,53.581482],[9.961739,53.581329],[9.957161,53.581024]]]},"properties":{"name":"Lokstedt","basis":"Heutiger Hamburger Stadtteil als geografische Referenz","boundary_role":"reference-neighborhood","source":"Code for Germany / Click That Hood","source_url":"https://github.com/codeforgermany/click_that_hood"}},{"type":"Feature","geometry":{"type":"Polygon","coordinates":[[[9.868164,53.609131],[9.869301,53.61322],[9.879364,53.606873],[9.884766,53.60437],[9.897888,53.599152],[9.897537,53.598755],[9.90097,53.597321],[9.900352,53.597229],[9.900139,53.596954],[9.900841,53.594391],[9.900406,53.592529],[9.898651,53.592743],[9.898026,53.591339],[9.896477,53.591614],[9.896477,53.592316],[9.885681,53.59256],[9.885704,53.59201],[9.886086,53.592072],[9.886116,53.591248],[9.883675,53.589874],[9.884315,53.589722],[9.885078,53.58905],[9.88018,53.58606],[9.88282,53.582916],[9.883331,53.58194],[9.883095,53.581543],[9.88147,53.58316],[9.874275,53.581299],[9.866798,53.581207],[9.866348,53.583649],[9.866852,53.586121],[9.861053,53.587982],[9.854645,53.590363],[9.850258,53.591003],[9.846046,53.59259],[9.846352,53.592957],[9.845146,53.593353],[9.845314,53.59491],[9.844978,53.594971],[9.844383,53.596497],[9.849213,53.597443],[9.849121,53.597717],[9.852982,53.597351],[9.855057,53.598541],[9.857971,53.599274],[9.857735,53.602448],[9.860977,53.605011],[9.861877,53.607086],[9.868164,53.609131]]]},"properties":{"name":"Lurup","basis":"Heutiger Hamburger Stadtteil als geografische Referenz","boundary_role":"reference-neighborhood","source":"Code for Germany / Click That Hood","source_url":"https://github.com/codeforgermany/click_that_hood"}},{"type":"Feature","geometry":{"type":"Polygon","coordinates":[[[10.059875,53.570282],[10.065247,53.571381],[10.065987,53.571259],[10.073662,53.572296],[10.075737,53.572113],[10.076576,53.570679],[10.077003,53.570404],[10.077942,53.570374],[10.078102,53.57016],[10.087585,53.573029],[10.099503,53.574982],[10.103447,53.575897],[10.107613,53.565338],[10.094421,53.563812],[10.079857,53.562469],[10.073357,53.561646],[10.072922,53.561218],[10.070145,53.559937],[10.068169,53.559631],[10.066498,53.559906],[10.062271,53.566101],[10.062759,53.566223],[10.059875,53.570282]]]},"properties":{"name":"Marienthal","basis":"Heutiger Hamburger Stadtteil als geografische Referenz","boundary_role":"reference-neighborhood","source":"Code for Germany / Click That Hood","source_url":"https://github.com/codeforgermany/click_that_hood"}},{"type":"Feature","geometry":{"type":"Polygon","coordinates":[[[9.980202,53.429565],[9.979996,53.429749],[9.979347,53.429779],[9.97715,53.429352],[9.976776,53.429688],[9.974213,53.429626],[9.974159,53.429962],[9.97197,53.429596],[9.971359,53.430145],[9.967773,53.429047],[9.967316,53.428711],[9.965126,53.428375],[9.963921,53.428925],[9.959198,53.429321],[9.958237,53.426971],[9.951836,53.428619],[9.951294,53.428009],[9.950516,53.42807],[9.943832,53.429382],[9.942863,53.428314],[9.946945,53.42688],[9.942184,53.421021],[9.929962,53.421478],[9.929527,53.420044],[9.927322,53.420532],[9.925514,53.41922],[9.926575,53.421753],[9.925331,53.422699],[9.925575,53.423553],[9.924103,53.426727],[9.92794,53.42804],[9.927917,53.431244],[9.927277,53.43335],[9.926933,53.433868],[9.932945,53.43631],[9.934975,53.436615],[9.936325,53.438293],[9.936867,53.438751],[9.93792,53.439209],[9.941864,53.439575],[9.9431,53.43985],[9.951881,53.443512],[9.955444,53.445404],[9.955444,53.444305],[9.955856,53.443573],[9.957092,53.442596],[9.960808,53.442627],[9.96714,53.443665],[9.969254,53.443695],[9.969185,53.443359],[9.971451,53.443298],[9.971329,53.441956],[9.97229,53.441559],[9.975639,53.441071],[9.977348,53.441101],[9.977669,53.440491],[9.977425,53.439209],[9.977791,53.438599],[9.97821,53.43692],[9.978394,53.436768],[9.981583,53.436554],[9.98333,53.435822],[9.983414,53.435516],[9.982475,53.434784],[9.982269,53.434082],[9.982674,53.43277],[9.983147,53.432587],[9.983269,53.43222],[9.98185,53.431641],[9.981026,53.430542],[9.98082,53.429962],[9.980202,53.429565]]]},"properties":{"name":"Marmstorf","basis":"Heutiger Hamburger Stadtteil als geografische Referenz","boundary_role":"reference-neighborhood","source":"Code for Germany / Click That Hood","source_url":"https://github.com/codeforgermany/click_that_hood"}},{"type":"Feature","geometry":{"type":"Polygon","coordinates":[[[9.886284,53.49649],[9.88485,53.496887],[9.884819,53.497284],[9.886299,53.498993],[9.886719,53.499908],[9.884682,53.500702],[9.884186,53.501404],[9.882645,53.501953],[9.88105,53.503937],[9.880508,53.504913],[9.880585,53.506073],[9.882584,53.504852],[9.884789,53.504242],[9.886536,53.50415],[9.889305,53.504395],[9.889565,53.503662],[9.89743,53.502594],[9.897949,53.502869],[9.897995,53.502594],[9.898674,53.502563],[9.898338,53.501678],[9.899742,53.501251],[9.903419,53.500488],[9.912369,53.499268],[9.917587,53.500153],[9.928955,53.499939],[9.937073,53.500244],[9.941856,53.501678],[9.944809,53.498169],[9.94915,53.496887],[9.951561,53.494812],[9.953079,53.492676],[9.957809,53.486877],[9.959686,53.485046],[9.957108,53.484009],[9.955627,53.482758],[9.956589,53.482056],[9.949738,53.475494],[9.949814,53.47464],[9.950714,53.474426],[9.950615,53.474213],[9.938263,53.476776],[9.938766,53.477966],[9.925194,53.480591],[9.922287,53.480377],[9.915306,53.481842],[9.882507,53.487854],[9.882515,53.48819],[9.883728,53.490265],[9.885109,53.491058],[9.888199,53.492188],[9.887093,53.493835],[9.886597,53.494995],[9.888084,53.495209],[9.888245,53.495483],[9.887421,53.495697],[9.887566,53.496094],[9.887436,53.496307],[9.886665,53.496094],[9.886284,53.49649]]]},"properties":{"name":"Moorburg","basis":"Heutiger Hamburger Stadtteil als geografische Referenz","boundary_role":"reference-neighborhood","source":"Code for Germany / Click That Hood","source_url":"https://github.com/codeforgermany/click_that_hood"}},{"type":"Feature","geometry":{"type":"Polygon","coordinates":[[[10.093025,53.514496],[10.093742,53.51416],[10.093674,53.513763],[10.093399,53.51355],[10.096596,53.5112],[10.097717,53.510498],[10.102272,53.508728],[10.103355,53.507446],[10.108253,53.50415],[10.092003,53.494965],[10.090126,53.494873],[10.089104,53.496063],[10.085785,53.497925],[10.073982,53.499023],[10.067314,53.500214],[10.070389,53.505035],[10.068932,53.50824],[10.06987,53.511658],[10.07225,53.511841],[10.071648,53.51474],[10.069283,53.516602],[10.066025,53.517914],[10.064064,53.523926],[10.066551,53.525116],[10.067894,53.525208],[10.068924,53.524994],[10.069069,53.524078],[10.069603,53.523438],[10.08802,53.511932],[10.089653,53.511108],[10.09034,53.511688],[10.091682,53.51355],[10.093025,53.514496]]]},"properties":{"name":"Moorfleet","basis":"Heutiger Hamburger Stadtteil als geografische Referenz","boundary_role":"reference-neighborhood","source":"Code for Germany / Click That Hood","source_url":"https://github.com/codeforgermany/click_that_hood"}},{"type":"Feature","geometry":{"type":"Polygon","coordinates":[[[10.135185,53.492493],[10.185287,53.487091],[10.184883,53.486725],[10.182594,53.48587],[10.180496,53.480103],[10.179329,53.4776],[10.177757,53.476135],[10.176811,53.474152],[10.172256,53.474579],[10.166855,53.475708],[10.161819,53.477081],[10.152252,53.480377],[10.149803,53.481476],[10.146324,53.482025],[10.139763,53.48349],[10.134689,53.484283],[10.122749,53.485443],[10.135185,53.492493]]]},"properties":{"name":"Neuallermöhe","basis":"Heutiger Hamburger Stadtteil als geografische Referenz","boundary_role":"reference-neighborhood","source":"Code for Germany / Click That Hood","source_url":"https://github.com/codeforgermany/click_that_hood"}},{"type":"Feature","geometry":{"type":"Polygon","coordinates":[[[9.773567,53.527832],[9.774582,53.527954],[9.775475,53.528717],[9.775742,53.529236],[9.775368,53.531677],[9.775528,53.532135],[9.777702,53.533844],[9.778809,53.534302],[9.781013,53.534454],[9.784157,53.533234],[9.786163,53.532959],[9.787758,53.533264],[9.790527,53.535278],[9.791527,53.53653],[9.798317,53.533752],[9.805016,53.531647],[9.810684,53.530334],[9.815964,53.529724],[9.815651,53.52887],[9.820366,53.52655],[9.825127,53.52887],[9.826927,53.525909],[9.828468,53.522644],[9.829758,53.520599],[9.828629,53.519409],[9.829536,53.517853],[9.830101,53.51767],[9.830635,53.517181],[9.828293,53.515656],[9.828148,53.515076],[9.8256,53.51355],[9.828003,53.51239],[9.831093,53.510529],[9.832039,53.510254],[9.832588,53.509949],[9.832932,53.509338],[9.835266,53.50824],[9.830719,53.49585],[9.826088,53.495819],[9.823738,53.495422],[9.82074,53.494537],[9.818703,53.493713],[9.816238,53.493195],[9.815331,53.492615],[9.814796,53.492554],[9.809151,53.493927],[9.805832,53.4935],[9.802277,53.493927],[9.799355,53.493469],[9.792709,53.494476],[9.790764,53.49411],[9.788986,53.49353],[9.782028,53.49234],[9.78318,53.494507],[9.782608,53.494446],[9.783089,53.496674],[9.783516,53.496674],[9.783943,53.498444],[9.78463,53.5],[9.783241,53.5],[9.782738,53.500458],[9.782379,53.500061],[9.781601,53.500031],[9.781166,53.499786],[9.781425,53.501526],[9.778915,53.501862],[9.775826,53.503235],[9.768845,53.50528],[9.767113,53.506622],[9.764954,53.507355],[9.763573,53.50824],[9.766541,53.51413],[9.766396,53.514801],[9.768471,53.518616],[9.768944,53.519897],[9.769836,53.520355],[9.770905,53.521973],[9.781082,53.518433],[9.78125,53.518616],[9.779839,53.520081],[9.779724,53.520721],[9.777931,53.525055],[9.774437,53.52478],[9.774208,53.525208],[9.775047,53.526031],[9.774437,53.52655],[9.774246,53.527435],[9.773567,53.527832]]]},"properties":{"name":"Neuenfelde","basis":"Heutiger Hamburger Stadtteil als geografische Referenz","boundary_role":"reference-neighborhood","source":"Code for Germany / Click That Hood","source_url":"https://github.com/codeforgermany/click_that_hood"}},{"type":"Feature","geometry":{"type":"Polygon","coordinates":[[[10.188972,53.466736],[10.196404,53.466461],[10.200531,53.465302],[10.201416,53.463928],[10.201515,53.463531],[10.201286,53.46225],[10.201561,53.461426],[10.202393,53.460297],[10.203346,53.459625],[10.205086,53.459167],[10.209381,53.45874],[10.212708,53.457397],[10.2145,53.457031],[10.215843,53.456299],[10.216728,53.454712],[10.216713,53.453461],[10.21627,53.452057],[10.215462,53.450684],[10.215263,53.449951],[10.215614,53.44928],[10.2173,53.447815],[10.218712,53.447235],[10.220924,53.44696],[10.226463,53.447723],[10.228363,53.447449],[10.229713,53.447052],[10.23056,53.446564],[10.23201,53.445129],[10.232872,53.442505],[10.234711,53.441406],[10.235878,53.440369],[10.236458,53.439575],[10.236519,53.438721],[10.236816,53.437988],[10.23819,53.43573],[10.239342,53.435486],[10.242371,53.433899],[10.242668,53.433197],[10.242172,53.432312],[10.242317,53.432129],[10.245651,53.42981],[10.247887,53.429474],[10.250214,53.427887],[10.251175,53.427765],[10.251678,53.42746],[10.253372,53.425964],[10.253571,53.425507],[10.253494,53.424683],[10.255035,53.423767],[10.256325,53.423279],[10.257271,53.423523],[10.258644,53.423096],[10.258339,53.421448],[10.256744,53.42157],[10.255829,53.420105],[10.25296,53.416901],[10.254822,53.416931],[10.255974,53.416199],[10.25473,53.415253],[10.252472,53.412628],[10.245781,53.402588],[10.238663,53.405182],[10.23632,53.408661],[10.234917,53.409332],[10.233299,53.411194],[10.230148,53.412964],[10.225349,53.4133],[10.222054,53.412933],[10.221809,53.412872],[10.221085,53.411621],[10.221085,53.41098],[10.219795,53.410858],[10.219017,53.411621],[10.217514,53.411835],[10.217552,53.41217],[10.216896,53.412689],[10.213692,53.414551],[10.213364,53.415894],[10.212029,53.416626],[10.21035,53.416779],[10.207596,53.416077],[10.204155,53.415833],[10.202858,53.416412],[10.202278,53.416931],[10.201782,53.417816],[10.201828,53.41925],[10.202095,53.419525],[10.203377,53.41983],[10.205116,53.420685],[10.206139,53.421814],[10.209946,53.423767],[10.210976,53.423981],[10.213913,53.425201],[10.214432,53.425903],[10.214119,53.426483],[10.21357,53.426941],[10.21125,53.427429],[10.207954,53.42746],[10.207108,53.427856],[10.205429,53.428009],[10.202225,53.429108],[10.201744,53.429596],[10.200569,53.429688],[10.198715,53.430908],[10.19883,53.432098],[10.199181,53.4328],[10.200401,53.433929],[10.202202,53.434937],[10.202881,53.43573],[10.203171,53.437378],[10.203049,53.437897],[10.202446,53.438507],[10.200645,53.439453],[10.198158,53.440216],[10.196358,53.440491],[10.191452,53.439819],[10.190384,53.440094],[10.189735,53.440582],[10.189842,53.441772],[10.190079,53.441925],[10.191734,53.441925],[10.193176,53.443207],[10.193672,53.444702],[10.193375,53.445862],[10.192787,53.446686],[10.188919,53.448151],[10.187317,53.448273],[10.185875,53.447815],[10.183701,53.445404],[10.182495,53.444916],[10.181992,53.444519],[10.179611,53.444],[10.177673,53.444122],[10.176842,53.44455],[10.17585,53.444763],[10.174667,53.445526],[10.172462,53.447815],[10.170876,53.448608],[10.168671,53.44873],[10.167435,53.448303],[10.167114,53.447845],[10.167282,53.446381],[10.168213,53.44516],[10.16835,53.444641],[10.167709,53.444092],[10.166466,53.443878],[10.163506,53.444366],[10.16201,53.445343],[10.160751,53.446442],[10.158951,53.449524],[10.158821,53.451508],[10.159698,53.45578],[10.17247,53.465424],[10.173317,53.465485],[10.174408,53.464478],[10.176865,53.463837],[10.179413,53.46344],[10.181351,53.463715],[10.182091,53.46405],[10.185852,53.466644],[10.18734,53.467163],[10.188972,53.466736]]]},"properties":{"name":"Neuengamme","basis":"Heutiger Hamburger Stadtteil als geografische Referenz","boundary_role":"reference-neighborhood","source":"Code for Germany / Click That Hood","source_url":"https://github.com/codeforgermany/click_that_hood"}},{"type":"Feature","geometry":{"type":"Polygon","coordinates":[[[9.826088,53.495819],[9.834023,53.49588],[9.838394,53.494904],[9.843697,53.494873],[9.854317,53.494019],[9.854614,53.493896],[9.855621,53.492615],[9.86499,53.494476],[9.871811,53.495483],[9.874184,53.495331],[9.874176,53.494415],[9.874863,53.492767],[9.874268,53.491638],[9.870522,53.48999],[9.868225,53.488678],[9.868019,53.486298],[9.866226,53.485291],[9.863686,53.484314],[9.864494,53.483734],[9.867958,53.483978],[9.870422,53.483673],[9.87085,53.483246],[9.87661,53.483704],[9.876534,53.480011],[9.874573,53.479767],[9.871704,53.479797],[9.872704,53.47699],[9.875069,53.477264],[9.874985,53.475372],[9.874664,53.474823],[9.873184,53.473724],[9.872986,53.47348],[9.873001,53.473053],[9.873672,53.472656],[9.876015,53.472473],[9.876373,53.47226],[9.876472,53.471893],[9.877792,53.471954],[9.87796,53.471161],[9.877548,53.470642],[9.873238,53.469086],[9.867783,53.466553],[9.865585,53.4664],[9.866905,53.453674],[9.868164,53.449432],[9.869888,53.445648],[9.868843,53.444611],[9.867149,53.443359],[9.867447,53.440887],[9.866913,53.440094],[9.866379,53.43988],[9.865768,53.439911],[9.864319,53.440308],[9.863091,53.440338],[9.862083,53.439911],[9.860771,53.438446],[9.86068,53.437195],[9.860092,53.436279],[9.861717,53.435303],[9.862213,53.434662],[9.862488,53.433838],[9.863602,53.433441],[9.864037,53.432953],[9.86409,53.432343],[9.864609,53.432068],[9.864349,53.431183],[9.864616,53.430603],[9.86412,53.430237],[9.863136,53.430115],[9.862106,53.429413],[9.86174,53.429718],[9.862061,53.430145],[9.861168,53.430786],[9.860954,53.43158],[9.860107,53.432129],[9.858849,53.434113],[9.856522,53.434906],[9.836487,53.450897],[9.831482,53.4534],[9.829597,53.454132],[9.826019,53.456085],[9.813248,53.462341],[9.807274,53.46283],[9.80719,53.464447],[9.807358,53.464691],[9.80719,53.465271],[9.80574,53.467316],[9.805771,53.467651],[9.804756,53.467194],[9.803375,53.467163],[9.803215,53.46933],[9.799736,53.469391],[9.800461,53.475403],[9.798561,53.475098],[9.798828,53.475922],[9.799507,53.476807],[9.800056,53.478638],[9.799965,53.479614],[9.800323,53.480133],[9.800415,53.480774],[9.800133,53.481506],[9.800339,53.482483],[9.800117,53.4841],[9.800957,53.486298],[9.80085,53.48819],[9.80265,53.490082],[9.802376,53.491119],[9.802795,53.493805],[9.805832,53.4935],[9.809151,53.493927],[9.814796,53.492554],[9.815331,53.492615],[9.816238,53.493195],[9.818703,53.493713],[9.82074,53.494537],[9.823738,53.495422],[9.826088,53.495819]]]},"properties":{"name":"Neugraben-Fischbek","basis":"Heutiger Hamburger Stadtteil als geografische Referenz","boundary_role":"reference-neighborhood","source":"Code for Germany / Click That Hood","source_url":"https://github.com/codeforgermany/click_that_hood"}},{"type":"Feature","geometry":{"type":"Polygon","coordinates":[[[10.051544,53.463928],[10.04995,53.462952],[10.048119,53.46109],[10.046295,53.461121],[10.045776,53.460632],[10.045319,53.459656],[10.044426,53.459564],[10.043137,53.458862],[10.041512,53.456451],[10.041718,53.456055],[10.04409,53.454895],[10.041161,53.451569],[10.049156,53.449799],[10.045753,53.446747],[10.044777,53.447144],[10.044006,53.446442],[10.04274,53.446747],[10.04216,53.446045],[10.03656,53.446014],[10.037102,53.446533],[10.036659,53.446747],[10.036369,53.446503],[10.036102,53.446655],[10.03643,53.446899],[10.035164,53.446869],[10.037788,53.44931],[10.009949,53.452057],[10.009041,53.452454],[10.008331,53.451996],[9.999413,53.45575],[9.998634,53.45578],[9.998466,53.456116],[9.997803,53.456421],[9.993996,53.457428],[9.993469,53.457916],[9.994896,53.45874],[10.000519,53.463257],[9.998734,53.463501],[9.994446,53.465179],[9.997536,53.471802],[9.997711,53.471741],[9.998184,53.472687],[9.999092,53.472473],[10.007553,53.472656],[10.018158,53.474243],[10.025467,53.474792],[10.029808,53.474487],[10.030739,53.474121],[10.033409,53.473724],[10.037468,53.472382],[10.041618,53.470734],[10.046059,53.468262],[10.048805,53.465881],[10.051544,53.463928]]]},"properties":{"name":"Neuland","basis":"Heutiger Hamburger Stadtteil als geografische Referenz","boundary_role":"reference-neighborhood","source":"Code for Germany / Click That Hood","source_url":"https://github.com/codeforgermany/click_that_hood"}},{"type":"Feature","geometry":{"type":"Polygon","coordinates":[[[9.986153,53.549103],[9.984863,53.547729],[9.98365,53.545868],[9.983513,53.545197],[9.983681,53.544189],[9.98214,53.543396],[9.979927,53.541321],[9.971451,53.543976],[9.972389,53.545349],[9.969513,53.546112],[9.971001,53.54715],[9.971123,53.547424],[9.969429,53.549988],[9.969803,53.55069],[9.974792,53.556061],[9.976707,53.557495],[9.979065,53.558868],[9.987289,53.561035],[9.988045,53.560883],[9.989052,53.56015],[9.989983,53.559845],[9.990181,53.560089],[9.992195,53.558716],[9.997528,53.557007],[9.994644,53.552673],[9.986153,53.549103]]]},"properties":{"name":"Neustadt","basis":"Heutiger Hamburger Stadtteil als geografische Referenz","boundary_role":"reference-neighborhood","source":"Code for Germany / Click That Hood","source_url":"https://github.com/codeforgermany/click_that_hood"}},{"type":"Feature","geometry":{"type":"Polygon","coordinates":[[[9.950241,53.650818],[9.951546,53.650635],[9.952873,53.651794],[9.95491,53.65097],[9.958366,53.650513],[9.959557,53.649902],[9.959557,53.64975],[9.960861,53.649567],[9.963463,53.649994],[9.963936,53.649506],[9.964455,53.649506],[9.964638,53.649017],[9.965462,53.648682],[9.968933,53.650391],[9.973656,53.648163],[9.975845,53.649902],[9.97789,53.649078],[9.977951,53.648865],[9.977646,53.648346],[9.979546,53.646515],[9.981544,53.644104],[9.982063,53.643188],[9.984413,53.64035],[9.985275,53.639008],[9.98291,53.638885],[9.982513,53.638611],[9.981499,53.634308],[9.981293,53.634094],[9.981483,53.633942],[9.98114,53.632507],[9.980812,53.632294],[9.980728,53.631989],[9.98111,53.631989],[9.981102,53.631714],[9.979088,53.628113],[9.977219,53.626801],[9.972977,53.625214],[9.970291,53.623444],[9.968155,53.622528],[9.967239,53.621674],[9.966591,53.621735],[9.960747,53.618774],[9.957466,53.616882],[9.956825,53.616028],[9.956238,53.615753],[9.956696,53.614471],[9.959473,53.614349],[9.960182,53.614502],[9.960945,53.615051],[9.963615,53.616089],[9.964523,53.615784],[9.965851,53.615845],[9.967987,53.617004],[9.967255,53.614319],[9.967316,53.61264],[9.965332,53.610168],[9.965378,53.609741],[9.964767,53.608551],[9.965302,53.606506],[9.965614,53.606049],[9.96682,53.605347],[9.966393,53.604919],[9.966324,53.604279],[9.957718,53.607178],[9.954033,53.608002],[9.951355,53.608124],[9.946335,53.608002],[9.935394,53.606476],[9.933929,53.60672],[9.933723,53.607086],[9.932892,53.607178],[9.933006,53.60791],[9.929108,53.607849],[9.927963,53.607574],[9.926399,53.610596],[9.92675,53.611053],[9.92952,53.612915],[9.928978,53.613281],[9.928627,53.613861],[9.927208,53.614563],[9.927864,53.615204],[9.928078,53.616272],[9.929153,53.618286],[9.929024,53.619293],[9.928131,53.619873],[9.928123,53.6203],[9.928925,53.621582],[9.92923,53.621765],[9.933647,53.62262],[9.934647,53.624573],[9.93457,53.62616],[9.935539,53.627014],[9.935928,53.627838],[9.936134,53.628601],[9.935745,53.629181],[9.934181,53.63028],[9.93351,53.6315],[9.935875,53.63205],[9.934731,53.632935],[9.934914,53.63382],[9.935905,53.634613],[9.936111,53.63501],[9.937042,53.635529],[9.93737,53.635925],[9.93689,53.636719],[9.937469,53.637451],[9.936005,53.638245],[9.936317,53.638641],[9.937431,53.63913],[9.94014,53.643616],[9.950241,53.650818]]]},"properties":{"name":"Niendorf","basis":"Heutiger Hamburger Stadtteil als geografische Referenz","boundary_role":"reference-neighborhood","source":"Code for Germany / Click That Hood","source_url":"https://github.com/codeforgermany/click_that_hood"}},{"type":"Feature","geometry":{"type":"Polygon","coordinates":[[[9.864349,53.543243],[9.852234,53.5448],[9.820808,53.550018],[9.820694,53.554199],[9.820992,53.555206],[9.820992,53.556061],[9.821404,53.55722],[9.821205,53.558289],[9.821877,53.559692],[9.823807,53.560791],[9.824081,53.561646],[9.826309,53.563995],[9.826668,53.565277],[9.830132,53.565033],[9.835564,53.564056],[9.840141,53.562408],[9.845047,53.559845],[9.847725,53.558929],[9.851479,53.558044],[9.856674,53.5578],[9.861473,53.558228],[9.864784,53.558258],[9.865036,53.557037],[9.865112,53.55368],[9.864662,53.552856],[9.863892,53.550446],[9.864021,53.548737],[9.864418,53.547394],[9.864349,53.543243]]]},"properties":{"name":"Nienstedten","basis":"Heutiger Hamburger Stadtteil als geografische Referenz","boundary_role":"reference-neighborhood","source":"Code for Germany / Click That Hood","source_url":"https://github.com/codeforgermany/click_that_hood"}},{"type":"Feature","geometry":{"type":"Polygon","coordinates":[[[10.107086,53.426758],[10.105881,53.428528],[10.104614,53.429657],[10.100937,53.434692],[10.096764,53.440887],[10.094772,53.442902],[10.089203,53.447327],[10.082977,53.451935],[10.081184,53.452972],[10.078972,53.453888],[10.075714,53.454254],[10.075554,53.45575],[10.067879,53.459839],[10.064812,53.463226],[10.063385,53.467834],[10.062927,53.470978],[10.066803,53.47113],[10.069672,53.472748],[10.077881,53.476562],[10.077621,53.477112],[10.085228,53.480713],[10.085846,53.48053],[10.087059,53.481049],[10.087555,53.480621],[10.088173,53.480835],[10.090698,53.484192],[10.103813,53.481995],[10.102257,53.479614],[10.10202,53.478821],[10.105431,53.474731],[10.105469,53.474335],[10.109459,53.471802],[10.114738,53.469757],[10.116653,53.468353],[10.116524,53.467102],[10.116653,53.466797],[10.117081,53.466217],[10.118088,53.465607],[10.122063,53.464905],[10.126854,53.463379],[10.132332,53.463257],[10.133324,53.463043],[10.135361,53.462067],[10.124504,53.454437],[10.124184,53.45462],[10.121475,53.452972],[10.118568,53.450165],[10.121857,53.44928],[10.123032,53.448669],[10.125885,53.44577],[10.124947,53.444611],[10.124001,53.444153],[10.124535,53.443604],[10.122368,53.441803],[10.121391,53.441193],[10.120483,53.441559],[10.119598,53.441467],[10.120277,53.44043],[10.119751,53.440247],[10.117088,53.436798],[10.11615,53.435913],[10.11573,53.434906],[10.115921,53.433533],[10.111038,53.432587],[10.108955,53.431793],[10.109489,53.426483],[10.10862,53.426331],[10.107086,53.426758]]]},"properties":{"name":"Ochsenwerder","basis":"Heutiger Hamburger Stadtteil als geografische Referenz","boundary_role":"reference-neighborhood","source":"Code for Germany / Click That Hood","source_url":"https://github.com/codeforgermany/click_that_hood"}},{"type":"Feature","geometry":{"type":"Polygon","coordinates":[[[10.011421,53.623657],[10.012123,53.623474],[10.01873,53.623627],[10.021019,53.625031],[10.023697,53.626343],[10.028816,53.625977],[10.027908,53.628479],[10.027534,53.629059],[10.027756,53.629486],[10.030708,53.629578],[10.034454,53.629944],[10.034882,53.630127],[10.034859,53.630371],[10.033417,53.631165],[10.033066,53.632141],[10.036568,53.633209],[10.037506,53.632568],[10.039825,53.631866],[10.040825,53.631927],[10.041748,53.632202],[10.041939,53.632477],[10.041695,53.633514],[10.043129,53.634186],[10.043465,53.634644],[10.045494,53.63504],[10.046516,53.635834],[10.048157,53.636292],[10.04895,53.63623],[10.050087,53.635681],[10.050941,53.635803],[10.053192,53.636627],[10.055496,53.637939],[10.056458,53.638184],[10.057663,53.636749],[10.05735,53.636688],[10.057281,53.636047],[10.057579,53.634399],[10.058563,53.631348],[10.060089,53.631561],[10.061157,53.628387],[10.065247,53.629333],[10.06884,53.629883],[10.074081,53.631287],[10.077103,53.631439],[10.077995,53.631012],[10.078125,53.628845],[10.082024,53.628876],[10.08461,53.62738],[10.084579,53.626984],[10.085205,53.626892],[10.084984,53.625885],[10.084557,53.625885],[10.084251,53.625153],[10.083687,53.625214],[10.083519,53.624451],[10.081161,53.624756],[10.080826,53.624542],[10.079948,53.622681],[10.07914,53.621796],[10.077728,53.622009],[10.077362,53.621155],[10.077621,53.621124],[10.077225,53.620209],[10.076614,53.6203],[10.074074,53.618835],[10.07328,53.619141],[10.072746,53.619049],[10.069687,53.61972],[10.067635,53.619843],[10.065628,53.620392],[10.063118,53.620575],[10.061577,53.620453],[10.06028,53.620209],[10.059196,53.61969],[10.057549,53.618561],[10.056244,53.617126],[10.055038,53.617218],[10.049919,53.618988],[10.045555,53.613281],[10.0439,53.611938],[10.044502,53.608002],[10.043182,53.607819],[10.043266,53.607117],[10.039261,53.606445],[10.038628,53.608185],[10.036301,53.608063],[10.032814,53.607361],[10.031815,53.610809],[10.030098,53.615204],[10.030037,53.615845],[10.030235,53.616669],[10.031311,53.619385],[10.030434,53.61908],[10.030083,53.619415],[10.028824,53.619568],[10.027267,53.619171],[10.026405,53.619751],[10.021423,53.616913],[10.018074,53.615234],[10.01561,53.617157],[10.014076,53.61911],[10.012428,53.621948],[10.011246,53.623352],[10.011421,53.623657]]]},"properties":{"name":"Ohlsdorf","basis":"Heutiger Hamburger Stadtteil als geografische Referenz","boundary_role":"reference-neighborhood","source":"Code for Germany / Click That Hood","source_url":"https://github.com/codeforgermany/click_that_hood"}},{"type":"Feature","geometry":{"type":"Polygon","coordinates":[[[9.839737,53.595032],[9.845314,53.59491],[9.845146,53.593353],[9.846352,53.592957],[9.846046,53.59259],[9.850258,53.591003],[9.854645,53.590363],[9.861053,53.587982],[9.866852,53.586121],[9.866348,53.583649],[9.866798,53.581207],[9.866173,53.57843],[9.865768,53.575195],[9.864693,53.573517],[9.865692,53.570068],[9.86647,53.56897],[9.866264,53.563934],[9.865936,53.563416],[9.864136,53.562714],[9.863632,53.562073],[9.863708,53.560669],[9.864983,53.558289],[9.861473,53.558228],[9.856674,53.5578],[9.851479,53.558044],[9.847725,53.558929],[9.845047,53.559845],[9.840141,53.562408],[9.835564,53.564056],[9.830132,53.565033],[9.826668,53.565277],[9.826736,53.565552],[9.830612,53.565613],[9.832756,53.566956],[9.834908,53.568787],[9.835579,53.569031],[9.833656,53.569061],[9.833824,53.57074],[9.835068,53.570648],[9.835457,53.572845],[9.836533,53.573883],[9.835304,53.574158],[9.834129,53.576874],[9.833748,53.578888],[9.833015,53.579102],[9.830933,53.579224],[9.83168,53.582031],[9.831444,53.582489],[9.831657,53.582672],[9.833344,53.582916],[9.834244,53.583557],[9.835098,53.58371],[9.835701,53.585846],[9.837563,53.587616],[9.837532,53.588898],[9.83889,53.590027],[9.837723,53.59198],[9.83889,53.59259],[9.839531,53.592438],[9.840004,53.592865],[9.839653,53.593689],[9.839355,53.593811],[9.839737,53.595032]]]},"properties":{"name":"Osdorf","basis":"Heutiger Hamburger Stadtteil als geografische Referenz","boundary_role":"reference-neighborhood","source":"Code for Germany / Click That Hood","source_url":"https://github.com/codeforgermany/click_that_hood"}},{"type":"Feature","geometry":{"type":"Polygon","coordinates":[[[9.876854,53.541656],[9.864349,53.543243],[9.864418,53.547394],[9.864021,53.548737],[9.863892,53.550446],[9.864662,53.552856],[9.865112,53.55368],[9.865036,53.557037],[9.864784,53.558258],[9.870903,53.558746],[9.909805,53.559998],[9.910545,53.559692],[9.909592,53.559082],[9.909401,53.558289],[9.910713,53.556488],[9.909714,53.554199],[9.909416,53.551239],[9.909439,53.549255],[9.917313,53.548523],[9.917091,53.545959],[9.914337,53.546082],[9.914703,53.544952],[9.914207,53.5448],[9.914223,53.544128],[9.913246,53.543365],[9.913193,53.541595],[9.876854,53.541656]]]},"properties":{"name":"Othmarschen","basis":"Heutiger Hamburger Stadtteil als geografische Referenz","boundary_role":"reference-neighborhood","source":"Code for Germany / Click That Hood","source_url":"https://github.com/codeforgermany/click_that_hood"}},{"type":"Feature","geometry":{"type":"Polygon","coordinates":[[[9.934731,53.551453],[9.9347,53.546295],[9.934303,53.545959],[9.932419,53.54541],[9.92749,53.544891],[9.927818,53.543915],[9.927444,53.541901],[9.913193,53.541595],[9.913246,53.543365],[9.914223,53.544128],[9.914207,53.5448],[9.914703,53.544952],[9.914337,53.546082],[9.917091,53.545959],[9.917313,53.548523],[9.909439,53.549255],[9.909416,53.551239],[9.909714,53.554199],[9.910713,53.556488],[9.909592,53.557922],[9.909409,53.558716],[9.909706,53.559204],[9.910545,53.559692],[9.90992,53.559937],[9.912796,53.560028],[9.929993,53.559387],[9.93158,53.559082],[9.933472,53.557922],[9.933907,53.557159],[9.934586,53.554932],[9.934433,53.552948],[9.934097,53.552948],[9.934029,53.551453],[9.934731,53.551453]]]},"properties":{"name":"Ottensen","basis":"Heutiger Hamburger Stadtteil als geografische Referenz","boundary_role":"reference-neighborhood","source":"Code for Germany / Click That Hood","source_url":"https://github.com/codeforgermany/click_that_hood"}},{"type":"Feature","geometry":{"type":"Polygon","coordinates":[[[10.051476,53.677582],[10.055641,53.678131],[10.05545,53.679321],[10.059288,53.679474],[10.059395,53.678467],[10.071724,53.679749],[10.072754,53.679474],[10.073822,53.679504],[10.075409,53.678375],[10.076897,53.678162],[10.078926,53.676361],[10.081543,53.674988],[10.084373,53.674103],[10.086975,53.672028],[10.088448,53.67038],[10.091072,53.668823],[10.091232,53.668243],[10.092339,53.66806],[10.093201,53.668762],[10.093964,53.668732],[10.096252,53.668335],[10.097443,53.667542],[10.097473,53.667328],[10.096626,53.666595],[10.095772,53.665009],[10.094238,53.664246],[10.091911,53.663544],[10.091713,53.663086],[10.092094,53.662292],[10.092201,53.661224],[10.091698,53.660767],[10.090591,53.660248],[10.090416,53.659973],[10.091064,53.659576],[10.090668,53.658997],[10.092331,53.658997],[10.093513,53.659637],[10.100983,53.657928],[10.101677,53.652191],[10.093361,53.648499],[10.092171,53.647766],[10.091309,53.647522],[10.090813,53.646637],[10.089928,53.64563],[10.088211,53.644318],[10.086349,53.644745],[10.082863,53.646729],[10.081764,53.646454],[10.081322,53.645782],[10.080032,53.645691],[10.079865,53.645355],[10.07946,53.645203],[10.077705,53.644958],[10.076096,53.645355],[10.074944,53.644897],[10.073441,53.644867],[10.072227,53.644409],[10.071938,53.644073],[10.068848,53.642365],[10.066597,53.641632],[10.065872,53.640991],[10.063835,53.640564],[10.064148,53.641602],[10.064575,53.641724],[10.06192,53.645142],[10.063087,53.645477],[10.062622,53.646149],[10.065483,53.650391],[10.068703,53.651184],[10.067787,53.652557],[10.067123,53.653015],[10.063881,53.653717],[10.064369,53.654877],[10.064941,53.655304],[10.06411,53.655518],[10.062218,53.66153],[10.061035,53.662567],[10.059021,53.666138],[10.057144,53.670319],[10.055367,53.672333],[10.051476,53.677582]]]},"properties":{"name":"Poppenbüttel","basis":"Heutiger Hamburger Stadtteil als geografische Referenz","boundary_role":"reference-neighborhood","source":"Code for Germany / Click That Hood","source_url":"https://github.com/codeforgermany/click_that_hood"}},{"type":"Feature","geometry":{"type":"Polygon","coordinates":[[[10.133179,53.595734],[10.131248,53.598602],[10.129257,53.600311],[10.127792,53.602112],[10.127426,53.603149],[10.126343,53.603668],[10.124649,53.604126],[10.123383,53.605804],[10.123482,53.608551],[10.124321,53.609131],[10.124657,53.61145],[10.124657,53.61203],[10.124031,53.613617],[10.140129,53.627014],[10.142044,53.628784],[10.150627,53.634735],[10.162544,53.636841],[10.177002,53.637787],[10.177025,53.636993],[10.17807,53.636871],[10.178741,53.636932],[10.178848,53.637878],[10.180336,53.637177],[10.180931,53.637939],[10.181389,53.638184],[10.181992,53.638031],[10.18972,53.638367],[10.19368,53.638],[10.195633,53.637451],[10.197655,53.636353],[10.199532,53.636169],[10.19989,53.636688],[10.200638,53.636475],[10.202255,53.636841],[10.20784,53.636322],[10.209976,53.636627],[10.222008,53.633484],[10.219788,53.632568],[10.217041,53.631134],[10.216949,53.631378],[10.216484,53.631256],[10.216995,53.630188],[10.216927,53.628906],[10.217468,53.627472],[10.218079,53.627167],[10.217896,53.626526],[10.21759,53.626221],[10.216759,53.625946],[10.216118,53.625427],[10.21376,53.624634],[10.21212,53.623657],[10.211685,53.623657],[10.211647,53.623383],[10.211044,53.622986],[10.209396,53.62381],[10.20771,53.624359],[10.207382,53.624084],[10.206505,53.62384],[10.206421,53.623657],[10.205467,53.623718],[10.205795,53.62146],[10.20153,53.620056],[10.199501,53.618561],[10.19239,53.615204],[10.188866,53.613159],[10.192184,53.609467],[10.193565,53.609863],[10.194336,53.608856],[10.195091,53.607239],[10.195213,53.604645],[10.196777,53.600586],[10.196907,53.599609],[10.195641,53.598053],[10.194839,53.597809],[10.194359,53.597473],[10.194603,53.597229],[10.193428,53.59668],[10.193375,53.595947],[10.192856,53.595886],[10.192215,53.5961],[10.191803,53.595947],[10.194206,53.591156],[10.195091,53.59024],[10.194901,53.589996],[10.195686,53.589722],[10.201172,53.583893],[10.198212,53.58197],[10.19548,53.584625],[10.165443,53.582336],[10.163246,53.584045],[10.164246,53.584961],[10.16362,53.585815],[10.161865,53.585754],[10.161552,53.585205],[10.160812,53.584534],[10.158928,53.581116],[10.153755,53.57843],[10.153648,53.578064],[10.153198,53.578064],[10.153107,53.57782],[10.152405,53.577881],[10.151688,53.576172],[10.150642,53.576691],[10.148293,53.577026],[10.148041,53.577332],[10.149323,53.578125],[10.148872,53.579193],[10.148361,53.579254],[10.147362,53.581116],[10.145569,53.580994],[10.145363,53.582092],[10.145187,53.582092],[10.14537,53.582764],[10.144943,53.582764],[10.144943,53.58371],[10.144539,53.584106],[10.144539,53.584625],[10.144737,53.584778],[10.144386,53.584839],[10.144424,53.585297],[10.144279,53.585297],[10.144348,53.587219],[10.143997,53.587952],[10.143021,53.587982],[10.142242,53.589233],[10.142059,53.589233],[10.141609,53.590759],[10.140244,53.590515],[10.137497,53.592804],[10.137161,53.592651],[10.135277,53.594452],[10.133179,53.595734]]]},"properties":{"name":"Rahlstedt","basis":"Heutiger Hamburger Stadtteil als geografische Referenz","boundary_role":"reference-neighborhood","source":"Code for Germany / Click That Hood","source_url":"https://github.com/codeforgermany/click_that_hood"}},{"type":"Feature","geometry":{"type":"Polygon","coordinates":[[[10.173317,53.465485],[10.17247,53.465424],[10.159698,53.45578],[10.159424,53.456421],[10.158516,53.457581],[10.154617,53.459381],[10.15377,53.459442],[10.151985,53.459015],[10.151665,53.458557],[10.151207,53.456635],[10.150871,53.456268],[10.150208,53.455994],[10.147255,53.455475],[10.145058,53.455536],[10.144051,53.45578],[10.14267,53.456512],[10.139664,53.459656],[10.137695,53.460968],[10.133324,53.463043],[10.12999,53.463379],[10.126854,53.463379],[10.122063,53.464905],[10.118088,53.465607],[10.117081,53.466217],[10.116653,53.466797],[10.116524,53.467102],[10.116653,53.468353],[10.114738,53.469757],[10.109459,53.471802],[10.105469,53.474335],[10.105431,53.474731],[10.10202,53.478821],[10.102257,53.479614],[10.103813,53.481995],[10.111343,53.480713],[10.11657,53.480621],[10.122765,53.48175],[10.125725,53.481903],[10.133141,53.48053],[10.135544,53.479614],[10.136185,53.478943],[10.136772,53.477875],[10.137527,53.473602],[10.142319,53.471741],[10.144508,53.470581],[10.146378,53.470032],[10.150604,53.469727],[10.154404,53.470032],[10.162346,53.471588],[10.167526,53.471832],[10.169113,53.47171],[10.170044,53.47113],[10.171783,53.468933],[10.172958,53.467896],[10.173256,53.467407],[10.173317,53.465485]]]},"properties":{"name":"Reitbrook","basis":"Heutiger Hamburger Stadtteil als geografische Referenz","boundary_role":"reference-neighborhood","source":"Code for Germany / Click That Hood","source_url":"https://github.com/codeforgermany/click_that_hood"}},{"type":"Feature","geometry":{"type":"Polygon","coordinates":[[[9.730835,53.558899],[9.735153,53.566284],[9.734756,53.567352],[9.734779,53.568604],[9.736786,53.57489],[9.736351,53.576691],[9.736687,53.577148],[9.737495,53.577606],[9.739578,53.577606],[9.739525,53.577942],[9.742386,53.578003],[9.740189,53.581238],[9.738976,53.581177],[9.739075,53.580017],[9.737671,53.580475],[9.735519,53.582123],[9.734596,53.582489],[9.735443,53.583466],[9.738716,53.585968],[9.739571,53.586578],[9.740341,53.586853],[9.742043,53.588104],[9.742844,53.589142],[9.74324,53.589325],[9.744362,53.588989],[9.745583,53.588959],[9.745201,53.589325],[9.746292,53.59256],[9.744621,53.594604],[9.744026,53.595001],[9.743431,53.596771],[9.743553,53.598022],[9.744965,53.599701],[9.747169,53.601868],[9.748055,53.603821],[9.755348,53.602631],[9.757591,53.60733],[9.758949,53.61087],[9.756775,53.611542],[9.756905,53.611725],[9.753731,53.612885],[9.754486,53.614319],[9.755875,53.616028],[9.756615,53.615967],[9.757401,53.616852],[9.76001,53.624268],[9.763489,53.624908],[9.763702,53.627411],[9.769936,53.627563],[9.771011,53.63092],[9.771172,53.631287],[9.771385,53.631287],[9.768585,53.622589],[9.770699,53.616058],[9.786148,53.611542],[9.78894,53.611298],[9.788986,53.610596],[9.791298,53.608643],[9.796333,53.610291],[9.798988,53.607971],[9.797127,53.605652],[9.792297,53.60498],[9.792122,53.604858],[9.792152,53.604309],[9.789932,53.603851],[9.78891,53.60614],[9.783844,53.606628],[9.780991,53.605713],[9.77919,53.605469],[9.780922,53.602936],[9.779053,53.602295],[9.78096,53.600311],[9.783089,53.601013],[9.783371,53.600861],[9.783005,53.600281],[9.783951,53.599457],[9.782867,53.597778],[9.781639,53.596924],[9.781166,53.59436],[9.782677,53.594147],[9.782661,53.593353],[9.780945,53.591553],[9.785385,53.590424],[9.78537,53.59024],[9.786263,53.589722],[9.786545,53.589325],[9.786484,53.588959],[9.78479,53.587708],[9.784126,53.586884],[9.783806,53.585693],[9.784187,53.58548],[9.782326,53.584229],[9.781952,53.584412],[9.781609,53.584167],[9.781754,53.584015],[9.781471,53.58371],[9.784019,53.582489],[9.783455,53.582062],[9.785583,53.581024],[9.781265,53.580963],[9.781265,53.580383],[9.780815,53.580414],[9.782898,53.575195],[9.780418,53.570923],[9.761841,53.570312],[9.763031,53.565796],[9.76371,53.564819],[9.763611,53.56311],[9.762955,53.563202],[9.76313,53.555206],[9.732147,53.557495],[9.730469,53.557861],[9.730835,53.558899]]]},"properties":{"name":"Rissen","basis":"Heutiger Hamburger Stadtteil als geografische Referenz","boundary_role":"reference-neighborhood","source":"Code for Germany / Click That Hood","source_url":"https://github.com/codeforgermany/click_that_hood"}},{"type":"Feature","geometry":{"type":"Polygon","coordinates":[[[10.067314,53.500214],[10.064201,53.501404],[10.06218,53.502808],[10.058647,53.507172],[10.058037,53.507568],[10.058754,53.508575],[10.059517,53.512817],[10.058716,53.515686],[10.056381,53.517853],[10.052864,53.520538],[10.044716,53.524841],[10.029068,53.530579],[10.029747,53.531555],[10.029839,53.531982],[10.028893,53.533813],[10.027069,53.535736],[10.025139,53.538544],[10.024239,53.539215],[10.023491,53.539307],[10.024902,53.540405],[10.026909,53.541443],[10.027641,53.541443],[10.029228,53.540802],[10.031738,53.541962],[10.033554,53.54245],[10.039001,53.542419],[10.039787,53.542206],[10.041145,53.54303],[10.043144,53.544647],[10.048576,53.544098],[10.050613,53.543579],[10.057861,53.545624],[10.059868,53.546021],[10.062775,53.545685],[10.064217,53.545197],[10.06517,53.544617],[10.066231,53.543274],[10.066277,53.542206],[10.067108,53.539368],[10.067062,53.538574],[10.073502,53.536774],[10.073357,53.535553],[10.069244,53.529724],[10.068573,53.529144],[10.067009,53.528412],[10.065361,53.528168],[10.060211,53.528381],[10.059395,53.528107],[10.059166,53.527283],[10.059868,53.526276],[10.064064,53.523926],[10.066025,53.517914],[10.069283,53.516602],[10.071648,53.51474],[10.07225,53.511841],[10.06987,53.511658],[10.068932,53.50824],[10.070389,53.505035],[10.067314,53.500214]]]},"properties":{"name":"Rothenburgsort","basis":"Heutiger Hamburger Stadtteil als geografische Referenz","boundary_role":"reference-neighborhood","source":"Code for Germany / Click That Hood","source_url":"https://github.com/codeforgermany/click_that_hood"}},{"type":"Feature","geometry":{"type":"Polygon","coordinates":[[[10.00486,53.573822],[10.005463,53.572235],[10.005959,53.570068],[10.008713,53.565338],[9.99823,53.558075],[9.997528,53.557007],[9.992195,53.558716],[9.991051,53.559387],[9.98877,53.561218],[9.98455,53.563538],[9.983139,53.563782],[9.976898,53.563721],[9.977188,53.564148],[9.976738,53.564301],[9.973625,53.56427],[9.974785,53.565186],[9.970032,53.567505],[9.971436,53.567902],[9.975822,53.570068],[9.978378,53.572174],[9.979179,53.572357],[9.994026,53.572693],[10.00486,53.573822]]]},"properties":{"name":"Rotherbaum","basis":"Heutiger Hamburger Stadtteil als geografische Referenz","boundary_role":"reference-neighborhood","source":"Code for Germany / Click That Hood","source_url":"https://github.com/codeforgermany/click_that_hood"}},{"type":"Feature","geometry":{"type":"Polygon","coordinates":[[[10.001411,53.44931],[10.011139,53.443634],[10.012611,53.442322],[10.014214,53.440521],[10.014862,53.439209],[10.015182,53.437164],[10.022934,53.432281],[10.021683,53.431396],[10.020996,53.430481],[10.019699,53.430237],[10.017776,53.430176],[10.018837,53.429291],[10.017441,53.428772],[10.01664,53.429413],[10.015152,53.428925],[10.014641,53.42926],[10.010292,53.42868],[10.00959,53.429535],[10.007484,53.428833],[10.000725,53.424561],[9.997536,53.425446],[9.998123,53.426208],[9.998138,53.429596],[9.992805,53.429413],[9.992722,53.429871],[9.994324,53.430511],[9.994614,53.431549],[9.996643,53.4328],[9.996544,53.435272],[9.996841,53.43573],[9.997871,53.43576],[9.998123,53.43634],[9.998436,53.436371],[9.998695,53.436676],[10.003006,53.438385],[10.002205,53.439362],[10.005035,53.44046],[10.006203,53.439667],[10.007324,53.440216],[10.006317,53.440918],[10.004326,53.442871],[10.004669,53.443085],[10.002052,53.444733],[10.00473,53.445923],[10.000488,53.448761],[10.001411,53.44931]]]},"properties":{"name":"Rönneburg","basis":"Heutiger Hamburger Stadtteil als geografische Referenz","boundary_role":"reference-neighborhood","source":"Code for Germany / Click That Hood","source_url":"https://github.com/codeforgermany/click_that_hood"}},{"type":"Feature","geometry":{"type":"Polygon","coordinates":[[[10.093201,53.668762],[10.092041,53.670654],[10.092148,53.672089],[10.093071,53.672546],[10.095001,53.672424],[10.097816,53.671387],[10.098198,53.671082],[10.099648,53.668671],[10.100235,53.668579],[10.101738,53.66925],[10.102875,53.669342],[10.102562,53.669403],[10.105736,53.669556],[10.106766,53.670044],[10.109497,53.6698],[10.111702,53.667847],[10.112473,53.666382],[10.110649,53.665405],[10.110283,53.664886],[10.110527,53.664368],[10.109184,53.663605],[10.109009,53.6633],[10.111389,53.662292],[10.111702,53.661804],[10.115334,53.660339],[10.116463,53.660095],[10.118317,53.660034],[10.120216,53.659668],[10.120735,53.660065],[10.121162,53.660736],[10.121719,53.660736],[10.122963,53.660461],[10.123764,53.659912],[10.126945,53.659119],[10.128578,53.658966],[10.13063,53.659149],[10.131477,53.658966],[10.133087,53.658051],[10.134544,53.657562],[10.140472,53.654175],[10.140457,53.653961],[10.139153,53.652679],[10.137703,53.652039],[10.136711,53.649567],[10.138939,53.643799],[10.139267,53.643402],[10.142609,53.642456],[10.142418,53.637695],[10.138466,53.637909],[10.137657,53.638123],[10.133362,53.637299],[10.132706,53.63736],[10.131081,53.637939],[10.129608,53.639038],[10.126152,53.637604],[10.127419,53.636383],[10.12841,53.6362],[10.129883,53.633636],[10.129021,53.633514],[10.12912,53.63324],[10.127296,53.63324],[10.125778,53.633514],[10.124046,53.633331],[10.123093,53.632996],[10.12262,53.632111],[10.123207,53.630127],[10.120201,53.631287],[10.117302,53.633118],[10.114143,53.634674],[10.114151,53.634857],[10.106621,53.638641],[10.103043,53.640686],[10.093857,53.644623],[10.093704,53.645508],[10.09182,53.647614],[10.093361,53.648499],[10.101677,53.652191],[10.100983,53.657928],[10.093513,53.659637],[10.092331,53.658997],[10.090668,53.658997],[10.091064,53.659576],[10.090416,53.659973],[10.090591,53.660248],[10.091698,53.660767],[10.092201,53.661224],[10.092094,53.662292],[10.091713,53.663086],[10.091911,53.663544],[10.094238,53.664246],[10.095772,53.665009],[10.096626,53.666595],[10.097473,53.667328],[10.097443,53.667542],[10.095894,53.668457],[10.093201,53.668762]]]},"properties":{"name":"Sasel","basis":"Heutiger Hamburger Stadtteil als geografische Referenz","boundary_role":"reference-neighborhood","source":"Code for Germany / Click That Hood","source_url":"https://github.com/codeforgermany/click_that_hood"}},{"type":"Feature","geometry":{"type":"Polygon","coordinates":[[[9.906776,53.652283],[9.909302,53.65274],[9.91011,53.652466],[9.911583,53.652435],[9.913475,53.652802],[9.914497,53.65329],[9.914856,53.654846],[9.91758,53.654144],[9.919884,53.654877],[9.920975,53.655426],[9.921257,53.655212],[9.920952,53.654785],[9.921303,53.654572],[9.921661,53.654755],[9.921921,53.654602],[9.921417,53.654175],[9.923874,53.653564],[9.923737,53.653229],[9.924927,53.652924],[9.925041,53.653107],[9.930077,53.653259],[9.930618,53.65274],[9.931145,53.652588],[9.932762,53.65274],[9.935265,53.652008],[9.936569,53.653229],[9.937469,53.652313],[9.940552,53.652344],[9.940727,53.652557],[9.945168,53.652832],[9.94783,53.651337],[9.949806,53.650696],[9.950241,53.650818],[9.94014,53.643616],[9.937431,53.63913],[9.936317,53.638641],[9.936005,53.638245],[9.937469,53.637451],[9.93689,53.636719],[9.93737,53.635925],[9.937042,53.635529],[9.936111,53.63501],[9.935905,53.634613],[9.934914,53.63382],[9.934731,53.632935],[9.935875,53.63205],[9.93351,53.6315],[9.934181,53.63028],[9.935745,53.629181],[9.936134,53.628601],[9.935539,53.627014],[9.93457,53.62616],[9.934647,53.624573],[9.934357,53.624268],[9.934517,53.624207],[9.933647,53.62262],[9.931076,53.622223],[9.928925,53.621582],[9.928062,53.619965],[9.926445,53.620392],[9.92614,53.621246],[9.925743,53.621735],[9.92363,53.62204],[9.923088,53.622498],[9.916786,53.623657],[9.91111,53.62326],[9.909019,53.622894],[9.896126,53.622742],[9.891205,53.623688],[9.889862,53.62442],[9.889091,53.624634],[9.887772,53.624664],[9.886314,53.625183],[9.888138,53.627228],[9.893875,53.630432],[9.8937,53.630859],[9.894302,53.631134],[9.896362,53.631195],[9.896873,53.634888],[9.899597,53.635773],[9.90036,53.6362],[9.900543,53.637787],[9.899567,53.640015],[9.905457,53.641632],[9.905701,53.644592],[9.90554,53.644928],[9.90596,53.645142],[9.905151,53.646271],[9.904808,53.646393],[9.905457,53.647095],[9.905045,53.647308],[9.905296,53.6492],[9.905769,53.6492],[9.906265,53.650787],[9.906883,53.650848],[9.906929,53.651093],[9.906532,53.651154],[9.906509,53.651367],[9.906883,53.651367],[9.906776,53.652283]]]},"properties":{"name":"Schnelsen","basis":"Heutiger Hamburger Stadtteil als geografische Referenz","boundary_role":"reference-neighborhood","source":"Code for Germany / Click That Hood","source_url":"https://github.com/codeforgermany/click_that_hood"}},{"type":"Feature","geometry":{"type":"Polygon","coordinates":[[[9.997536,53.425446],[9.995972,53.425812],[9.992813,53.419708],[9.988411,53.420563],[9.988144,53.419342],[9.987206,53.419464],[9.986961,53.41864],[9.987053,53.417419],[9.98558,53.417542],[9.985283,53.416595],[9.984833,53.41629],[9.98468,53.415863],[9.982887,53.415924],[9.983528,53.414795],[9.98156,53.414703],[9.979675,53.414246],[9.976822,53.413971],[9.975983,53.415955],[9.975922,53.419495],[9.975204,53.419586],[9.974792,53.419861],[9.975784,53.421051],[9.976051,53.421906],[9.974899,53.421875],[9.974548,53.420654],[9.97261,53.421295],[9.971474,53.421021],[9.96907,53.42218],[9.968567,53.423523],[9.964081,53.423706],[9.963768,53.424225],[9.963211,53.423737],[9.962738,53.423859],[9.96199,53.424164],[9.962051,53.424927],[9.960091,53.424988],[9.960388,53.426392],[9.958237,53.426971],[9.959198,53.429321],[9.963921,53.428925],[9.965126,53.428375],[9.967316,53.428711],[9.967773,53.429047],[9.971359,53.430145],[9.97197,53.429596],[9.974159,53.429962],[9.974213,53.429626],[9.976776,53.429688],[9.97715,53.429352],[9.979782,53.429779],[9.980202,53.429565],[9.980064,53.428741],[9.982071,53.42865],[9.982353,53.428375],[9.984451,53.42807],[9.98864,53.428101],[9.990036,53.427887],[9.991531,53.428955],[9.991264,53.429657],[9.992722,53.429871],[9.992805,53.429413],[9.998138,53.429596],[9.998123,53.426208],[9.997536,53.425446]]]},"properties":{"name":"Sinstorf","basis":"Heutiger Hamburger Stadtteil als geografische Referenz","boundary_role":"reference-neighborhood","source":"Code for Germany / Click That Hood","source_url":"https://github.com/codeforgermany/click_that_hood"}},{"type":"Feature","geometry":{"type":"Polygon","coordinates":[[[10.058037,53.507568],[10.058647,53.507172],[10.06218,53.502808],[10.064201,53.501404],[10.065697,53.500824],[10.063919,53.499359],[10.061897,53.498657],[10.061501,53.49823],[10.062126,53.496582],[10.063789,53.495789],[10.066902,53.493286],[10.063683,53.49176],[10.06456,53.491302],[10.065086,53.491425],[10.067589,53.489105],[10.072365,53.485321],[10.076439,53.479675],[10.077858,53.477173],[10.077621,53.477112],[10.077881,53.476562],[10.069672,53.472748],[10.066803,53.47113],[10.062927,53.470978],[10.062645,53.472961],[10.061028,53.477509],[10.058792,53.479645],[10.055237,53.482544],[10.052681,53.48526],[10.05069,53.491943],[10.051033,53.496185],[10.05275,53.499481],[10.058037,53.507568]]]},"properties":{"name":"Spadenland","basis":"Heutiger Hamburger Stadtteil als geografische Referenz","boundary_role":"reference-neighborhood","source":"Code for Germany / Click That Hood","source_url":"https://github.com/codeforgermany/click_that_hood"}},{"type":"Feature","geometry":{"type":"Polygon","coordinates":[[[10.024437,53.552582],[10.019997,53.551086],[10.014305,53.549774],[10.012238,53.549774],[10.010406,53.550262],[10.009529,53.55069],[10.006325,53.550171],[10.005447,53.552612],[10.003845,53.553925],[10.00631,53.554749],[10.004219,53.55603],[10.001541,53.556641],[9.997528,53.557007],[9.99823,53.558075],[10.008713,53.565338],[10.015717,53.561432],[10.016121,53.561707],[10.017212,53.561066],[10.019051,53.560669],[10.024208,53.557983],[10.02681,53.556396],[10.026199,53.555603],[10.024948,53.55307],[10.024437,53.552582]]]},"properties":{"name":"St. Georg","basis":"Heutiger Hamburger Stadtteil als geografische Referenz","boundary_role":"reference-neighborhood","source":"Code for Germany / Click That Hood","source_url":"https://github.com/codeforgermany/click_that_hood"}},{"type":"Feature","geometry":{"type":"Polygon","coordinates":[[[9.959656,53.56015],[9.961456,53.559418],[9.963524,53.558289],[9.963982,53.557892],[9.964272,53.55722],[9.964584,53.557251],[9.96463,53.557068],[9.967712,53.557373],[9.967377,53.557556],[9.967049,53.560028],[9.967293,53.560333],[9.967751,53.560242],[9.968239,53.561035],[9.967583,53.561157],[9.968262,53.562408],[9.965935,53.562378],[9.965508,53.563049],[9.9655,53.563477],[9.970573,53.563599],[9.970444,53.56311],[9.971657,53.56311],[9.971611,53.56369],[9.983139,53.563782],[9.985123,53.563354],[9.98877,53.561218],[9.990181,53.560089],[9.989983,53.559845],[9.989052,53.56015],[9.988045,53.560883],[9.986824,53.560974],[9.979065,53.558868],[9.976707,53.557495],[9.974792,53.556061],[9.970078,53.551025],[9.969429,53.549988],[9.971123,53.547577],[9.971001,53.54715],[9.969513,53.546112],[9.972389,53.545349],[9.971451,53.543976],[9.968193,53.544525],[9.961891,53.544647],[9.960304,53.544373],[9.960121,53.546356],[9.957962,53.546143],[9.957893,53.546387],[9.957451,53.546387],[9.957275,53.547394],[9.956703,53.547546],[9.957153,53.54776],[9.954956,53.548553],[9.955643,53.549591],[9.955803,53.549561],[9.956177,53.551483],[9.959656,53.56015]]]},"properties":{"name":"St. Pauli","basis":"Heutiger Hamburger Stadtteil als geografische Referenz","boundary_role":"reference-neighborhood","source":"Code for Germany / Click That Hood","source_url":"https://github.com/codeforgermany/click_that_hood"}},{"type":"Feature","geometry":{"type":"Polygon","coordinates":[[[10.050629,53.60257],[10.04847,53.603241],[10.046997,53.604156],[10.043716,53.606659],[10.043266,53.607117],[10.043182,53.607819],[10.044502,53.608002],[10.0439,53.611938],[10.045555,53.613281],[10.049919,53.618988],[10.055038,53.617218],[10.056244,53.617126],[10.057549,53.618561],[10.059196,53.61969],[10.06028,53.620209],[10.061577,53.620453],[10.063118,53.620575],[10.065628,53.620392],[10.067635,53.619843],[10.069687,53.61972],[10.072746,53.619049],[10.07328,53.619141],[10.074074,53.618835],[10.072556,53.61731],[10.07238,53.616516],[10.070312,53.616608],[10.068748,53.615265],[10.067917,53.614014],[10.068024,53.612488],[10.066841,53.610168],[10.065155,53.609222],[10.064804,53.608856],[10.0644,53.607788],[10.064049,53.607483],[10.061783,53.606018],[10.061058,53.605225],[10.056854,53.602051],[10.056442,53.601074],[10.054909,53.599854],[10.053108,53.600494],[10.053658,53.602081],[10.051361,53.602875],[10.050629,53.60257]]]},"properties":{"name":"Steilshoop","basis":"Heutiger Hamburger Stadtteil als geografische Referenz","boundary_role":"reference-neighborhood","source":"Code for Germany / Click That Hood","source_url":"https://github.com/codeforgermany/click_that_hood"}},{"type":"Feature","geometry":{"type":"Polygon","coordinates":[[[9.954437,53.543579],[9.961891,53.544647],[9.968193,53.544525],[9.971451,53.543976],[9.987556,53.539154],[9.984642,53.535095],[9.984276,53.532349],[9.975952,53.532623],[9.976852,53.526459],[9.974876,53.52533],[9.974007,53.52536],[9.973778,53.524078],[9.970551,53.517548],[9.969368,53.516357],[9.968826,53.516113],[9.967674,53.5159],[9.965851,53.516022],[9.944084,53.520844],[9.942924,53.521729],[9.942642,53.522552],[9.94091,53.522339],[9.940887,53.52121],[9.939301,53.521332],[9.938927,53.528381],[9.938248,53.532684],[9.929977,53.541901],[9.939232,53.541473],[9.946716,53.541779],[9.951004,53.542389],[9.954437,53.543579]]]},"properties":{"name":"Steinwerder","basis":"Heutiger Hamburger Stadtteil als geografische Referenz","boundary_role":"reference-neighborhood","source":"Code for Germany / Click That Hood","source_url":"https://github.com/codeforgermany/click_that_hood"}},{"type":"Feature","geometry":{"type":"Polygon","coordinates":[[[9.935394,53.606476],[9.935989,53.606262],[9.935654,53.605774],[9.935883,53.605591],[9.938927,53.604919],[9.939224,53.604523],[9.939209,53.603943],[9.938599,53.603668],[9.938522,53.603241],[9.939789,53.602051],[9.940918,53.602173],[9.942154,53.597443],[9.942566,53.594818],[9.943184,53.593262],[9.943825,53.593323],[9.944626,53.591187],[9.94738,53.586914],[9.947739,53.585999],[9.947945,53.583984],[9.947456,53.583099],[9.947502,53.582458],[9.943344,53.582245],[9.942078,53.58194],[9.938675,53.582367],[9.936745,53.582397],[9.936348,53.582336],[9.937584,53.581482],[9.93441,53.580505],[9.940727,53.57312],[9.942192,53.571869],[9.941742,53.571625],[9.937355,53.571594],[9.935043,53.571381],[9.935776,53.572205],[9.934532,53.572601],[9.932961,53.572662],[9.932411,53.573578],[9.930962,53.573303],[9.923119,53.57901],[9.91909,53.582306],[9.917992,53.583862],[9.916168,53.588593],[9.91465,53.590363],[9.914299,53.590485],[9.907631,53.589844],[9.908791,53.59259],[9.909119,53.593994],[9.905411,53.596008],[9.906654,53.597687],[9.906601,53.598419],[9.911324,53.598724],[9.914062,53.599365],[9.919395,53.603088],[9.921913,53.604248],[9.924278,53.604858],[9.935394,53.606476]]]},"properties":{"name":"Stellingen","basis":"Heutiger Hamburger Stadtteil als geografische Referenz","boundary_role":"reference-neighborhood","source":"Code for Germany / Click That Hood","source_url":"https://github.com/codeforgermany/click_that_hood"}},{"type":"Feature","geometry":{"type":"Polygon","coordinates":[[[9.959656,53.56015],[9.954964,53.561279],[9.956955,53.561707],[9.960564,53.563141],[9.960052,53.563721],[9.964859,53.565033],[9.970032,53.567505],[9.974785,53.565186],[9.973625,53.56427],[9.976738,53.564301],[9.977188,53.564148],[9.976898,53.563721],[9.971611,53.56369],[9.971657,53.56311],[9.970444,53.56311],[9.970573,53.563599],[9.9655,53.563477],[9.965508,53.563049],[9.965935,53.562378],[9.968262,53.562408],[9.967583,53.561157],[9.968239,53.561035],[9.967751,53.560242],[9.967293,53.560333],[9.967049,53.560028],[9.967377,53.557556],[9.967712,53.557373],[9.96463,53.557068],[9.964584,53.557251],[9.964272,53.55722],[9.963982,53.557892],[9.963524,53.558289],[9.961456,53.559418],[9.959656,53.56015]]]},"properties":{"name":"Sternschanze","basis":"Heutiger Hamburger Stadtteil als geografische Referenz","boundary_role":"reference-neighborhood","source":"Code for Germany / Click That Hood","source_url":"https://github.com/codeforgermany/click_that_hood"}},{"type":"Feature","geometry":{"type":"Polygon","coordinates":[[[9.818161,53.585907],[9.817398,53.585114],[9.815735,53.584961],[9.81263,53.583588],[9.812576,53.582733],[9.811424,53.581818],[9.810593,53.580627],[9.810707,53.578369],[9.811798,53.577942],[9.816132,53.575562],[9.818321,53.5737],[9.812134,53.573364],[9.811691,53.574188],[9.809364,53.573578],[9.805084,53.573029],[9.803528,53.57251],[9.802795,53.571777],[9.80146,53.572845],[9.796722,53.572815],[9.795227,53.572235],[9.794121,53.572144],[9.792915,53.571198],[9.791878,53.571472],[9.790146,53.571411],[9.78875,53.570892],[9.786568,53.572388],[9.782356,53.574066],[9.782898,53.575195],[9.780815,53.580414],[9.781265,53.580383],[9.781265,53.580963],[9.785583,53.581024],[9.783455,53.582062],[9.784019,53.582489],[9.781471,53.58371],[9.781754,53.584015],[9.781609,53.584167],[9.781952,53.584412],[9.782326,53.584229],[9.784187,53.58548],[9.783806,53.585693],[9.784126,53.586884],[9.78479,53.587708],[9.786484,53.588959],[9.786545,53.589325],[9.786263,53.589722],[9.78537,53.59024],[9.785385,53.590424],[9.780945,53.591553],[9.782661,53.593353],[9.782677,53.594147],[9.781166,53.59436],[9.781639,53.596924],[9.782867,53.597778],[9.783951,53.599457],[9.783005,53.600281],[9.783371,53.600861],[9.783089,53.601013],[9.78096,53.600311],[9.779053,53.602295],[9.780922,53.602936],[9.77919,53.605469],[9.780991,53.605713],[9.783844,53.606628],[9.78891,53.60614],[9.789932,53.603851],[9.791542,53.601135],[9.797371,53.596924],[9.797569,53.596008],[9.798615,53.595886],[9.801376,53.59491],[9.803535,53.593292],[9.804436,53.593597],[9.804489,53.593781],[9.806633,53.592529],[9.806488,53.592407],[9.807426,53.591461],[9.815758,53.586487],[9.818161,53.585907]]]},"properties":{"name":"Sülldorf","basis":"Heutiger Hamburger Stadtteil als geografische Referenz","boundary_role":"reference-neighborhood","source":"Code for Germany / Click That Hood","source_url":"https://github.com/codeforgermany/click_that_hood"}},{"type":"Feature","geometry":{"type":"Polygon","coordinates":[[[10.067314,53.500214],[10.073982,53.499023],[10.085785,53.497925],[10.089104,53.496063],[10.090729,53.493958],[10.091209,53.492493],[10.091225,53.491455],[10.091049,53.490082],[10.090492,53.488892],[10.089188,53.486938],[10.088928,53.485779],[10.089325,53.484833],[10.090698,53.484192],[10.088402,53.481079],[10.087555,53.480621],[10.087059,53.481049],[10.085846,53.48053],[10.085228,53.480713],[10.077858,53.477173],[10.076439,53.479675],[10.072365,53.485321],[10.067589,53.489105],[10.065086,53.491425],[10.06456,53.491302],[10.063683,53.49176],[10.066902,53.493286],[10.063789,53.495789],[10.062126,53.496582],[10.061501,53.49823],[10.061897,53.498657],[10.063919,53.499359],[10.065697,53.500824],[10.067314,53.500214]]]},"properties":{"name":"Tatenberg","basis":"Heutiger Hamburger Stadtteil als geografische Referenz","boundary_role":"reference-neighborhood","source":"Code for Germany / Click That Hood","source_url":"https://github.com/codeforgermany/click_that_hood"}},{"type":"Feature","geometry":{"type":"Polygon","coordinates":[[[10.131584,53.597961],[10.133179,53.595734],[10.135277,53.594452],[10.137161,53.592651],[10.137497,53.592804],[10.140244,53.590515],[10.141609,53.590759],[10.142059,53.589233],[10.142242,53.589233],[10.143021,53.587982],[10.136612,53.586517],[10.132744,53.584625],[10.128822,53.583496],[10.126671,53.582275],[10.123138,53.579376],[10.121773,53.578735],[10.114075,53.576416],[10.112183,53.576508],[10.111252,53.576752],[10.108833,53.578247],[10.103447,53.575897],[10.103279,53.577515],[10.101768,53.581055],[10.101692,53.583313],[10.101402,53.583984],[10.100281,53.584625],[10.100014,53.586639],[10.098656,53.589264],[10.098427,53.590393],[10.09832,53.593231],[10.09816,53.593506],[10.099152,53.59375],[10.099159,53.593964],[10.10537,53.592102],[10.105011,53.591339],[10.106003,53.590576],[10.106697,53.590942],[10.106972,53.591431],[10.107666,53.591461],[10.1082,53.591888],[10.108673,53.592407],[10.108673,53.592834],[10.109573,53.592407],[10.109726,53.591766],[10.112167,53.592316],[10.114243,53.592255],[10.11528,53.592499],[10.11573,53.592346],[10.116623,53.592804],[10.116753,53.592499],[10.117706,53.592316],[10.118103,53.592468],[10.11808,53.593079],[10.118629,53.593353],[10.119011,53.593994],[10.119743,53.594421],[10.121506,53.594604],[10.121185,53.595154],[10.121498,53.595184],[10.121902,53.595581],[10.124229,53.595276],[10.124374,53.595764],[10.124924,53.595703],[10.124741,53.595001],[10.128853,53.595215],[10.130882,53.595673],[10.130829,53.596893],[10.131226,53.597565],[10.131104,53.597717],[10.131584,53.597961]]]},"properties":{"name":"Tonndorf","basis":"Heutiger Hamburger Stadtteil als geografische Referenz","boundary_role":"reference-neighborhood","source":"Code for Germany / Click That Hood","source_url":"https://github.com/codeforgermany/click_that_hood"}},{"type":"Feature","geometry":{"type":"Polygon","coordinates":[[[10.008713,53.565338],[10.005959,53.570068],[10.005463,53.572235],[10.004578,53.574585],[10.003784,53.575562],[10.012672,53.578308],[10.014046,53.580566],[10.0149,53.581177],[10.019569,53.582092],[10.019836,53.581482],[10.018982,53.580383],[10.019043,53.577057],[10.027023,53.570251],[10.03315,53.573883],[10.034645,53.572845],[10.037834,53.56958],[10.0317,53.566498],[10.030304,53.566193],[10.027847,53.566193],[10.025452,53.565796],[10.008713,53.565338]]]},"properties":{"name":"Uhlenhorst","basis":"Heutiger Hamburger Stadtteil als geografische Referenz","boundary_role":"reference-neighborhood","source":"Code for Germany / Click That Hood","source_url":"https://github.com/codeforgermany/click_that_hood"}},{"type":"Feature","geometry":{"type":"Polygon","coordinates":[[[10.011467,53.518738],[10.012642,53.520905],[10.0168,53.526581],[10.022728,53.532684],[10.029068,53.530579],[10.044716,53.524841],[10.048767,53.522766],[10.052864,53.520538],[10.056381,53.517853],[10.058716,53.515686],[10.059517,53.512817],[10.058937,53.509583],[10.038887,53.510162],[10.037514,53.510406],[10.035843,53.511108],[10.032585,53.514099],[10.032326,53.515137],[10.031464,53.516052],[10.027885,53.517395],[10.024719,53.519104],[10.023384,53.519348],[10.019142,53.518982],[10.01902,53.519287],[10.014854,53.519836],[10.012665,53.51947],[10.011467,53.518738]]]},"properties":{"name":"Veddel","basis":"Heutiger Hamburger Stadtteil als geografische Referenz","boundary_role":"reference-neighborhood","source":"Code for Germany / Click That Hood","source_url":"https://github.com/codeforgermany/click_that_hood"}},{"type":"Feature","geometry":{"type":"Polygon","coordinates":[[[10.140457,53.653961],[10.140182,53.657623],[10.141289,53.657867],[10.141548,53.658142],[10.141808,53.65863],[10.141548,53.658813],[10.14183,53.659454],[10.142769,53.659607],[10.146439,53.659393],[10.147659,53.659546],[10.148773,53.659088],[10.150551,53.659393],[10.149094,53.663239],[10.147331,53.666443],[10.147285,53.66806],[10.147072,53.668427],[10.146629,53.668671],[10.14521,53.668884],[10.145157,53.669037],[10.145248,53.671417],[10.146568,53.672577],[10.146729,53.674042],[10.14534,53.674011],[10.1464,53.675842],[10.154022,53.674622],[10.153542,53.675537],[10.154083,53.676025],[10.154701,53.675537],[10.155144,53.674408],[10.154343,53.674316],[10.154175,53.67395],[10.154747,53.673035],[10.15522,53.673004],[10.154755,53.674072],[10.154945,53.674133],[10.155357,53.673706],[10.155594,53.672638],[10.156441,53.67218],[10.159409,53.671997],[10.161148,53.671295],[10.160889,53.671051],[10.160278,53.671295],[10.155113,53.672058],[10.155739,53.669891],[10.15876,53.669556],[10.158966,53.670654],[10.16008,53.670532],[10.160316,53.671021],[10.161545,53.670837],[10.163574,53.669708],[10.164726,53.668427],[10.165565,53.667938],[10.168541,53.667694],[10.172157,53.668823],[10.172905,53.668579],[10.174095,53.66684],[10.174324,53.666779],[10.174149,53.666473],[10.173599,53.666321],[10.173454,53.665833],[10.172874,53.665497],[10.173187,53.664948],[10.173988,53.664276],[10.1745,53.664307],[10.175758,53.663269],[10.17691,53.66272],[10.178001,53.662689],[10.179306,53.662903],[10.17923,53.663116],[10.179611,53.663208],[10.180191,53.663086],[10.180618,53.663269],[10.181618,53.663116],[10.181923,53.6633],[10.182617,53.662994],[10.182854,53.663239],[10.183731,53.663422],[10.187782,53.658691],[10.187599,53.658295],[10.187103,53.658081],[10.186584,53.657349],[10.18663,53.657013],[10.187195,53.656525],[10.188492,53.656006],[10.189812,53.655975],[10.191765,53.655334],[10.195885,53.654724],[10.196358,53.653503],[10.194984,53.652588],[10.195045,53.652283],[10.195198,53.651978],[10.196121,53.651489],[10.196571,53.650482],[10.196556,53.649658],[10.196739,53.649384],[10.197281,53.649231],[10.197395,53.648987],[10.19725,53.648682],[10.198257,53.647461],[10.1987,53.647247],[10.198845,53.646729],[10.195526,53.642731],[10.195518,53.642487],[10.18972,53.638367],[10.181992,53.638031],[10.181389,53.638184],[10.180931,53.637939],[10.180336,53.637177],[10.178848,53.637878],[10.178741,53.636932],[10.17807,53.636871],[10.177025,53.636993],[10.177002,53.637787],[10.162544,53.636841],[10.147491,53.634277],[10.142418,53.637695],[10.142609,53.642456],[10.139267,53.643402],[10.138939,53.643799],[10.136711,53.649567],[10.137703,53.652039],[10.139153,53.652679],[10.140457,53.653961]]]},"properties":{"name":"Volksdorf","basis":"Heutiger Hamburger Stadtteil als geografische Referenz","boundary_role":"reference-neighborhood","source":"Code for Germany / Click That Hood","source_url":"https://github.com/codeforgermany/click_that_hood"}},{"type":"Feature","geometry":{"type":"Polygon","coordinates":[[[9.884933,53.518921],[9.889198,53.518707],[9.891602,53.520782],[9.891098,53.527161],[9.890381,53.53067],[9.876472,53.539124],[9.872902,53.542145],[9.876854,53.541656],[9.913193,53.541595],[9.929977,53.541901],[9.938248,53.532684],[9.938927,53.528381],[9.939301,53.521332],[9.934822,53.521881],[9.932716,53.521545],[9.931244,53.520782],[9.929153,53.51886],[9.928322,53.518372],[9.92733,53.518097],[9.926498,53.516632],[9.925896,53.516113],[9.923714,53.516022],[9.920708,53.51535],[9.916229,53.515076],[9.913689,53.514587],[9.910309,53.513611],[9.908798,53.513397],[9.906509,53.513428],[9.904007,53.513611],[9.901291,53.514099],[9.895576,53.515625],[9.891365,53.517426],[9.890137,53.517761],[9.88607,53.517975],[9.885262,53.518341],[9.884933,53.518921]]]},"properties":{"name":"Waltershof","basis":"Heutiger Hamburger Stadtteil als geografische Referenz","boundary_role":"reference-neighborhood","source":"Code for Germany / Click That Hood","source_url":"https://github.com/codeforgermany/click_that_hood"}},{"type":"Feature","geometry":{"type":"Polygon","coordinates":[[[10.057777,53.575897],[10.058327,53.575958],[10.061089,53.577087],[10.064224,53.578552],[10.066086,53.579956],[10.066826,53.580109],[10.066734,53.580322],[10.069038,53.580933],[10.071793,53.58313],[10.072594,53.584015],[10.074524,53.586884],[10.075508,53.58905],[10.07531,53.589294],[10.074654,53.589172],[10.074348,53.589539],[10.06945,53.589661],[10.06958,53.590912],[10.069405,53.591003],[10.069946,53.591309],[10.07,53.592133],[10.069801,53.593018],[10.070023,53.593994],[10.072052,53.595673],[10.073631,53.5961],[10.077217,53.597656],[10.079201,53.598206],[10.081879,53.598511],[10.083122,53.598541],[10.087326,53.597626],[10.090141,53.597626],[10.09111,53.597107],[10.091217,53.596527],[10.091553,53.596497],[10.091789,53.596039],[10.099869,53.597717],[10.100349,53.596893],[10.09935,53.596161],[10.099152,53.59375],[10.09816,53.593506],[10.09832,53.593231],[10.098427,53.590393],[10.098656,53.589264],[10.100014,53.586639],[10.100281,53.584625],[10.101402,53.583984],[10.101692,53.583313],[10.101768,53.581055],[10.103279,53.577515],[10.103447,53.575897],[10.099503,53.574982],[10.087585,53.573029],[10.078102,53.57016],[10.077942,53.570374],[10.077003,53.570404],[10.076576,53.570679],[10.075737,53.572113],[10.073662,53.572296],[10.065987,53.571259],[10.065247,53.571381],[10.059875,53.570282],[10.058037,53.574127],[10.058174,53.574249],[10.057777,53.575897]]]},"properties":{"name":"Wandsbek","basis":"Heutiger Hamburger Stadtteil als geografische Referenz","boundary_role":"reference-neighborhood","source":"Code for Germany / Click That Hood","source_url":"https://github.com/codeforgermany/click_that_hood"}},{"type":"Feature","geometry":{"type":"Polygon","coordinates":[[[10.063835,53.640564],[10.065872,53.640991],[10.066597,53.641632],[10.068848,53.642365],[10.071938,53.644073],[10.072227,53.644409],[10.073441,53.644867],[10.074944,53.644897],[10.076096,53.645355],[10.077705,53.644958],[10.07946,53.645203],[10.079865,53.645355],[10.080032,53.645691],[10.081322,53.645782],[10.081764,53.646454],[10.082863,53.646729],[10.086349,53.644745],[10.088211,53.644318],[10.089928,53.64563],[10.090813,53.646637],[10.091309,53.647522],[10.09182,53.647614],[10.093704,53.645508],[10.093857,53.644623],[10.103043,53.640686],[10.111855,53.635956],[10.09893,53.63324],[10.093933,53.633911],[10.084282,53.632416],[10.078049,53.63205],[10.074081,53.631287],[10.06884,53.629883],[10.065247,53.629333],[10.061157,53.628387],[10.060089,53.631561],[10.058563,53.631348],[10.057579,53.634399],[10.057281,53.636047],[10.05735,53.636688],[10.057663,53.636749],[10.056488,53.638123],[10.056961,53.638153],[10.058731,53.637482],[10.059219,53.638153],[10.060143,53.638336],[10.061211,53.638916],[10.060593,53.639618],[10.061302,53.640747],[10.061867,53.641083],[10.0625,53.641144],[10.063835,53.640564]]]},"properties":{"name":"Wellingsbüttel","basis":"Heutiger Hamburger Stadtteil als geografische Referenz","boundary_role":"reference-neighborhood","source":"Code for Germany / Click That Hood","source_url":"https://github.com/codeforgermany/click_that_hood"}},{"type":"Feature","geometry":{"type":"Polygon","coordinates":[[[10.058937,53.509583],[10.058754,53.508575],[10.05275,53.499481],[10.051033,53.496185],[10.05069,53.491943],[10.051704,53.48822],[10.052681,53.48526],[10.055237,53.482544],[10.058792,53.479645],[10.061028,53.477509],[10.062645,53.472961],[10.063385,53.467834],[10.064812,53.463226],[10.067879,53.459839],[10.075554,53.45575],[10.075714,53.454254],[10.069778,53.454987],[10.065369,53.456635],[10.053215,53.462891],[10.048805,53.465881],[10.046059,53.468262],[10.041618,53.470734],[10.037468,53.472382],[10.033409,53.473724],[10.030739,53.474121],[10.029808,53.474487],[10.025467,53.474792],[10.018158,53.474243],[10.007553,53.472656],[9.999092,53.472473],[9.993721,53.473755],[9.981911,53.475891],[9.976166,53.477264],[9.961296,53.483643],[9.957809,53.486877],[9.953079,53.492676],[9.951561,53.494812],[9.94915,53.496887],[9.944809,53.498169],[9.941566,53.501984],[9.940201,53.511108],[9.939301,53.521332],[9.940887,53.52121],[9.94091,53.522339],[9.942642,53.522552],[9.942924,53.521729],[9.944084,53.520844],[9.965851,53.516022],[9.968231,53.515961],[9.969368,53.516357],[9.970551,53.517548],[9.973778,53.524078],[9.974007,53.52536],[9.974876,53.52533],[9.976852,53.526459],[9.989136,53.519196],[9.990433,53.519196],[10.003868,53.520569],[10.003448,53.519745],[10.012413,53.520508],[10.011467,53.518738],[10.012665,53.51947],[10.014854,53.519836],[10.01902,53.519287],[10.019142,53.518982],[10.019653,53.518951],[10.022675,53.519318],[10.024078,53.519287],[10.025162,53.518921],[10.027885,53.517395],[10.031464,53.516052],[10.032326,53.515137],[10.032585,53.514099],[10.033394,53.513275],[10.035843,53.511108],[10.037514,53.510406],[10.038887,53.510162],[10.046486,53.509857],[10.058937,53.509583]]]},"properties":{"name":"Wilhelmsburg","basis":"Heutiger Hamburger Stadtteil als geografische Referenz","boundary_role":"reference-neighborhood","source":"Code for Germany / Click That Hood","source_url":"https://github.com/codeforgermany/click_that_hood"}},{"type":"Feature","geometry":{"type":"Polygon","coordinates":[[[10.000648,53.448853],[10.000488,53.448761],[10.00473,53.445923],[10.002052,53.444733],[10.004669,53.443085],[10.004326,53.442871],[10.006317,53.440918],[10.007324,53.440216],[10.006203,53.439667],[10.005035,53.44046],[10.002205,53.439362],[10.003006,53.438385],[9.998695,53.436676],[9.998436,53.436371],[9.998123,53.43634],[9.997871,53.43576],[9.997116,53.43576],[9.99501,53.436371],[9.985359,53.436005],[9.985535,53.436249],[9.981834,53.437317],[9.979347,53.437256],[9.978699,53.436768],[9.978394,53.436768],[9.978035,53.437286],[9.977791,53.438599],[9.977425,53.439209],[9.977669,53.440491],[9.977348,53.441101],[9.975639,53.441071],[9.97229,53.441559],[9.971329,53.441956],[9.971451,53.443298],[9.969185,53.443359],[9.969521,53.44458],[9.969284,53.445526],[9.969681,53.447998],[9.971207,53.45047],[9.972404,53.451172],[9.972404,53.451447],[9.980721,53.451874],[9.982574,53.452179],[9.987328,53.451782],[9.99118,53.452911],[9.991501,53.453156],[9.991692,53.453644],[9.991661,53.454041],[9.991219,53.454559],[9.992821,53.454712],[9.993881,53.453217],[9.995338,53.451996],[9.995544,53.452118],[10.000648,53.448853]]]},"properties":{"name":"Wilstorf","basis":"Heutiger Hamburger Stadtteil als geografische Referenz","boundary_role":"reference-neighborhood","source":"Code for Germany / Click That Hood","source_url":"https://github.com/codeforgermany/click_that_hood"}},{"type":"Feature","geometry":{"type":"Polygon","coordinates":[[[9.995361,53.583954],[9.997185,53.587769],[9.997406,53.588562],[9.997299,53.590271],[9.996902,53.590881],[9.995697,53.591827],[9.991966,53.594086],[9.991455,53.595734],[9.991821,53.596558],[9.99173,53.597534],[9.991188,53.599152],[9.991417,53.600647],[10.000641,53.603363],[10.025093,53.609955],[10.026833,53.610077],[10.029167,53.609772],[10.030846,53.60907],[10.031982,53.608032],[10.032372,53.607269],[10.03405,53.600861],[10.036873,53.592407],[10.037048,53.591187],[10.03257,53.590851],[10.032997,53.588959],[10.033546,53.584747],[10.027817,53.584167],[10.021973,53.582397],[10.016205,53.581543],[10.0149,53.581177],[10.014046,53.580566],[10.012672,53.578308],[10.003784,53.575562],[10.002525,53.577087],[9.999733,53.579529],[9.996124,53.582001],[9.995628,53.582733],[9.995361,53.583954]]]},"properties":{"name":"Winterhude","basis":"Heutiger Hamburger Stadtteil als geografische Referenz","boundary_role":"reference-neighborhood","source":"Code for Germany / Click That Hood","source_url":"https://github.com/codeforgermany/click_that_hood"}},{"type":"Feature","geometry":{"type":"Polygon","coordinates":[[[10.122643,53.696533],[10.122772,53.697052],[10.124039,53.697693],[10.123955,53.698029],[10.123375,53.698578],[10.122932,53.69873],[10.121597,53.698578],[10.1203,53.698883],[10.118996,53.698822],[10.11866,53.698975],[10.119293,53.69931],[10.119774,53.700256],[10.118256,53.700806],[10.117821,53.701141],[10.11747,53.703644],[10.118271,53.705048],[10.118996,53.705414],[10.119125,53.705688],[10.118294,53.706909],[10.11837,53.707581],[10.117989,53.707733],[10.119247,53.709656],[10.118538,53.709961],[10.118019,53.711975],[10.118469,53.712921],[10.119072,53.713226],[10.121025,53.713226],[10.121788,53.714905],[10.123474,53.717163],[10.124275,53.717224],[10.124771,53.717987],[10.125977,53.719147],[10.125969,53.71936],[10.129524,53.721191],[10.132393,53.722321],[10.133408,53.723083],[10.138138,53.724762],[10.139389,53.725677],[10.142792,53.725098],[10.146072,53.72818],[10.147133,53.728668],[10.161598,53.733276],[10.161758,53.737],[10.162468,53.737183],[10.162277,53.737518],[10.162346,53.737854],[10.162842,53.738281],[10.164795,53.73941],[10.166061,53.739227],[10.167801,53.739288],[10.172562,53.73819],[10.176888,53.736328],[10.178619,53.734222],[10.181999,53.732941],[10.185501,53.73233],[10.18589,53.731354],[10.186508,53.731079],[10.187988,53.731171],[10.188995,53.730682],[10.191063,53.731323],[10.193687,53.730988],[10.191734,53.723999],[10.19146,53.723511],[10.191742,53.722687],[10.181549,53.708893],[10.179665,53.709595],[10.177498,53.709961],[10.176743,53.71051],[10.17482,53.711243],[10.174965,53.711823],[10.174103,53.712494],[10.172295,53.712402],[10.171989,53.711884],[10.171257,53.71167],[10.168617,53.711548],[10.167236,53.711121],[10.166573,53.711212],[10.166328,53.709839],[10.166595,53.709778],[10.166939,53.710083],[10.167336,53.710114],[10.167427,53.709991],[10.167091,53.709503],[10.167488,53.709656],[10.167953,53.70929],[10.167419,53.709229],[10.167435,53.709045],[10.168571,53.708649],[10.156937,53.704498],[10.156654,53.703644],[10.15699,53.703125],[10.157623,53.702942],[10.158188,53.702271],[10.158089,53.702118],[10.159904,53.701324],[10.160362,53.700775],[10.159843,53.700317],[10.159599,53.697998],[10.159988,53.696838],[10.159042,53.694519],[10.158531,53.691132],[10.158615,53.69043],[10.158028,53.689636],[10.156937,53.689606],[10.155632,53.688873],[10.155945,53.688477],[10.155159,53.688263],[10.154953,53.68811],[10.155106,53.687805],[10.154625,53.687744],[10.154884,53.687286],[10.15461,53.687164],[10.15464,53.686981],[10.153641,53.686951],[10.15274,53.686493],[10.153114,53.686127],[10.153252,53.684479],[10.151871,53.682526],[10.146912,53.680542],[10.14579,53.680054],[10.14566,53.67984],[10.14492,53.679871],[10.143417,53.680573],[10.143814,53.681],[10.14238,53.682709],[10.138474,53.682404],[10.137321,53.682587],[10.136223,53.682922],[10.136276,53.683228],[10.135864,53.683197],[10.135986,53.683472],[10.135315,53.683533],[10.135406,53.683807],[10.134995,53.68396],[10.135185,53.684082],[10.135056,53.684235],[10.132072,53.684387],[10.132088,53.685883],[10.132423,53.686371],[10.130783,53.686829],[10.130341,53.687195],[10.129768,53.687073],[10.129974,53.686768],[10.129784,53.686646],[10.128922,53.686951],[10.128624,53.686798],[10.128197,53.687103],[10.128204,53.687592],[10.127747,53.687714],[10.127457,53.68811],[10.127052,53.688171],[10.127068,53.688354],[10.126572,53.68866],[10.126816,53.688934],[10.126129,53.689178],[10.125618,53.688751],[10.124405,53.688843],[10.123512,53.689575],[10.122574,53.689026],[10.121643,53.688873],[10.121231,53.689392],[10.121658,53.689697],[10.120956,53.690216],[10.120918,53.690582],[10.121704,53.691315],[10.121765,53.69162],[10.120956,53.691711],[10.119827,53.691406],[10.118217,53.691437],[10.117439,53.690491],[10.116493,53.691772],[10.116455,53.69223],[10.116714,53.692749],[10.117729,53.693237],[10.117905,53.693604],[10.118851,53.694153],[10.118874,53.69458],[10.119583,53.695496],[10.120178,53.695648],[10.121857,53.69516],[10.122772,53.695282],[10.122643,53.696533]]]},"properties":{"name":"Wohlsdorf-Ohlstedt","basis":"Heutiger Hamburger Stadtteil als geografische Referenz","boundary_role":"reference-neighborhood","source":"Code for Germany / Click That Hood","source_url":"https://github.com/codeforgermany/click_that_hood"}}]}
