{"type":"FeatureCollection","name":"Rhein-Ruhr Kommunen","features":[{"type":"Feature","geometry":{"type":"Polygon","coordinates":[[[7.097887,50.949098],[7.096018,50.951828],[7.09794,50.951025],[7.099242,50.951247],[7.098909,50.952153],[7.095346,50.953322],[7.095956,50.954579],[7.094212,50.954683],[7.092593,50.955145],[7.088855,50.956661],[7.08756,50.957478],[7.086591,50.957322],[7.08597,50.957931],[7.086608,50.958401],[7.087622,50.958743],[7.087303,50.959312],[7.08957,50.959721],[7.091888,50.960499],[7.091436,50.960982],[7.092289,50.961349],[7.092058,50.961652],[7.09486,50.963327],[7.096616,50.963936],[7.097644,50.963835],[7.101147,50.967966],[7.100967,50.970056],[7.100655,50.971321],[7.099701,50.972944],[7.099153,50.972627],[7.097033,50.975032],[7.096408,50.974741],[7.096151,50.974826],[7.096065,50.975013],[7.09642,50.975301],[7.096284,50.975408],[7.096362,50.975867],[7.09583,50.976192],[7.096025,50.977311],[7.096709,50.978827],[7.09757,50.979418],[7.098775,50.979906],[7.100051,50.980982],[7.099509,50.981592],[7.096618,50.981363],[7.095915,50.982071],[7.09377,50.982444],[7.095785,50.982768],[7.096073,50.983663],[7.096966,50.984297],[7.09685,50.984928],[7.096339,50.984979],[7.096253,50.98553],[7.094296,50.98552],[7.093878,50.985851],[7.092308,50.985875],[7.091458,50.986275],[7.089561,50.98643],[7.087935,50.985667],[7.088024,50.98796],[7.084152,50.987773],[7.081388,50.988654],[7.078971,50.988739],[7.075162,50.989208],[7.06904,50.989492],[7.069693,50.99046],[7.070007,50.991319],[7.069743,50.991632],[7.069109,50.99151],[7.067577,50.993579],[7.066584,50.993562],[7.068328,50.995754],[7.072367,50.999429],[7.075492,51.001047],[7.076021,51.001995],[7.071201,51.005184],[7.061773,51.013347],[7.065407,51.014917],[7.068861,51.017095],[7.068001,51.018084],[7.071691,51.020957],[7.073377,51.021312],[7.073972,51.021974],[7.07597,51.022038],[7.076357,51.023088],[7.076582,51.02309],[7.077185,51.025072],[7.078838,51.026645],[7.078699,51.026943],[7.079265,51.026931],[7.080536,51.026219],[7.081528,51.026051],[7.083383,51.026247],[7.084634,51.026771],[7.08556,51.026789],[7.088096,51.025522],[7.090826,51.025789],[7.09144,51.025397],[7.091914,51.024538],[7.092482,51.024305],[7.092683,51.023679],[7.092443,51.023598],[7.093647,51.023325],[7.094754,51.023407],[7.098338,51.02424],[7.098567,51.023926],[7.09978,51.023778],[7.100713,51.023249],[7.102074,51.022813],[7.102013,51.022691],[7.10247,51.022508],[7.103013,51.021833],[7.103428,51.021129],[7.103417,51.020584],[7.104074,51.019625],[7.10336,51.018803],[7.103582,51.017921],[7.104181,51.017127],[7.10424,51.016596],[7.099878,51.012229],[7.101248,51.010896],[7.10316,51.010366],[7.108108,51.010502],[7.110708,51.011092],[7.113639,51.012034],[7.114011,51.012108],[7.115054,51.011802],[7.116276,51.012137],[7.116549,51.011686],[7.116559,51.011264],[7.117177,51.010259],[7.120075,51.010394],[7.120664,51.010828],[7.12252,51.01129],[7.123592,51.012084],[7.125118,51.012815],[7.129227,51.013107],[7.129111,51.013312],[7.12945,51.013459],[7.133512,51.014027],[7.13422,51.012837],[7.137682,51.013793],[7.141595,51.01555],[7.142353,51.01613],[7.145393,51.016693],[7.147035,51.016423],[7.150415,51.015042],[7.152913,51.014382],[7.160286,51.013024],[7.163555,51.013464],[7.166268,51.014127],[7.167086,51.013917],[7.170414,51.014599],[7.170928,51.014358],[7.17212,51.014503],[7.17316,51.013694],[7.174308,51.014123],[7.17503,51.013032],[7.177341,51.014003],[7.178449,51.013236],[7.179736,51.013399],[7.180578,51.01503],[7.18143,51.014413],[7.181299,51.014244],[7.182537,51.012943],[7.184489,51.012345],[7.184323,51.012112],[7.186594,51.010986],[7.189459,51.012059],[7.190872,51.012044],[7.190685,51.012701],[7.191733,51.012986],[7.191871,51.013532],[7.19244,51.01368],[7.192122,51.014133],[7.192913,51.014298],[7.193576,51.0159],[7.194365,51.016567],[7.19571,51.017223],[7.195488,51.017703],[7.19887,51.01833],[7.198848,51.017804],[7.199089,51.017309],[7.200404,51.017309],[7.201183,51.016885],[7.202631,51.016677],[7.2024,51.016434],[7.203355,51.015887],[7.203359,51.01539],[7.201945,51.014787],[7.20131,51.015314],[7.199581,51.015012],[7.200028,51.012837],[7.198362,51.012781],[7.198362,51.012495],[7.199762,51.012235],[7.199669,51.011552],[7.199845,51.011086],[7.198854,51.010582],[7.197248,51.010981],[7.197158,51.009756],[7.195843,51.010069],[7.195664,51.009777],[7.196555,51.009513],[7.196851,51.009159],[7.19659,51.009094],[7.197262,51.008294],[7.196914,51.008163],[7.197965,51.006813],[7.198669,51.006986],[7.199542,51.00611],[7.200338,51.004806],[7.201475,51.005031],[7.204144,51.00468],[7.204263,51.004845],[7.206922,51.004043],[7.208503,51.003807],[7.21216,51.00255],[7.214384,51.002477],[7.214828,51.002072],[7.215218,51.002296],[7.217209,51.002151],[7.216954,50.999772],[7.217636,50.998817],[7.219713,50.998429],[7.224761,50.999049],[7.225596,50.998701],[7.226885,50.997543],[7.227736,50.997117],[7.228883,50.996895],[7.230899,50.996873],[7.231479,50.99646],[7.232613,50.995129],[7.232843,50.993716],[7.233153,50.993578],[7.233531,50.992795],[7.234547,50.991658],[7.234948,50.99186],[7.235143,50.991649],[7.235671,50.991591],[7.236156,50.991822],[7.23701,50.991799],[7.237733,50.991557],[7.237891,50.991667],[7.239069,50.991463],[7.239455,50.991488],[7.23955,50.991753],[7.239928,50.991656],[7.240131,50.991957],[7.24042,50.992019],[7.241762,50.991754],[7.242909,50.991929],[7.24481,50.991251],[7.245825,50.991129],[7.2472,50.990465],[7.247424,50.99031],[7.247168,50.989441],[7.247285,50.989115],[7.24835,50.98834],[7.249341,50.987973],[7.249041,50.987827],[7.249135,50.987737],[7.248056,50.9873],[7.244708,50.986642],[7.241658,50.98717],[7.240709,50.983155],[7.240996,50.983108],[7.242562,50.981487],[7.242327,50.981392],[7.242835,50.980633],[7.242706,50.980587],[7.244497,50.979985],[7.244291,50.979925],[7.244698,50.979311],[7.244283,50.979289],[7.245295,50.977406],[7.246779,50.977785],[7.247685,50.97521],[7.2486,50.975391],[7.251652,50.975206],[7.252657,50.974301],[7.254583,50.973383],[7.253059,50.97279],[7.253052,50.972539],[7.249907,50.973104],[7.249176,50.971984],[7.248304,50.972158],[7.24316,50.971984],[7.241988,50.972222],[7.241195,50.971946],[7.241782,50.971852],[7.241614,50.971091],[7.242178,50.971026],[7.242166,50.970215],[7.24104,50.969828],[7.240519,50.969239],[7.241027,50.96857],[7.241467,50.968335],[7.239203,50.968413],[7.239035,50.967943],[7.241783,50.967237],[7.240963,50.96649],[7.237893,50.967293],[7.237135,50.967204],[7.236618,50.966802],[7.236617,50.965731],[7.237293,50.966012],[7.239098,50.965327],[7.237948,50.963991],[7.236775,50.963604],[7.236621,50.963944],[7.236046,50.963845],[7.236124,50.963718],[7.232765,50.964595],[7.23217,50.96441],[7.231119,50.964994],[7.230002,50.964728],[7.230034,50.964361],[7.229379,50.963526],[7.229197,50.963514],[7.227928,50.963818],[7.227844,50.964113],[7.225529,50.964831],[7.224336,50.964829],[7.224015,50.965311],[7.222658,50.965279],[7.222384,50.965004],[7.221473,50.965225],[7.220772,50.963417],[7.221478,50.963082],[7.222382,50.962988],[7.222599,50.962285],[7.222444,50.961898],[7.224072,50.960551],[7.223837,50.960089],[7.224097,50.95987],[7.223732,50.958988],[7.223522,50.959066],[7.223101,50.958534],[7.222376,50.958608],[7.221974,50.958043],[7.221771,50.958007],[7.221694,50.958278],[7.221186,50.95771],[7.218319,50.957568],[7.218635,50.957299],[7.219803,50.957342],[7.22006,50.956313],[7.219029,50.956247],[7.217853,50.955704],[7.216213,50.95567],[7.21611,50.954889],[7.215607,50.954888],[7.214472,50.954193],[7.2143,50.952616],[7.213875,50.952088],[7.213068,50.952635],[7.212116,50.951172],[7.210852,50.950098],[7.210164,50.949771],[7.210789,50.949328],[7.207456,50.949659],[7.207073,50.949303],[7.205256,50.949123],[7.204462,50.948136],[7.204513,50.947905],[7.203418,50.947813],[7.200269,50.94872],[7.198221,50.948632],[7.196762,50.948958],[7.196222,50.947761],[7.195504,50.947193],[7.19573,50.946842],[7.195665,50.945784],[7.195232,50.945832],[7.195002,50.944992],[7.194136,50.943898],[7.193839,50.94313],[7.190272,50.940784],[7.189941,50.940987],[7.18761,50.940331],[7.188096,50.939389],[7.187071,50.938638],[7.186891,50.938056],[7.187202,50.937829],[7.184436,50.937654],[7.18401,50.937357],[7.184593,50.936451],[7.184626,50.936086],[7.184375,50.936099],[7.183208,50.935378],[7.180679,50.934725],[7.180122,50.934183],[7.180268,50.933356],[7.18002,50.932281],[7.178311,50.931753],[7.177918,50.932252],[7.17787,50.93282],[7.176549,50.932836],[7.175457,50.932241],[7.174922,50.932902],[7.174506,50.932166],[7.174234,50.932414],[7.172331,50.932772],[7.171075,50.93268],[7.170171,50.932891],[7.169688,50.934103],[7.168362,50.934525],[7.166883,50.934459],[7.164747,50.93401],[7.162836,50.932978],[7.160139,50.932111],[7.158614,50.931388],[7.157859,50.930891],[7.156786,50.929532],[7.155733,50.928961],[7.155553,50.928418],[7.154806,50.92797],[7.154261,50.927216],[7.1537,50.927273],[7.153365,50.926768],[7.152915,50.926844],[7.152349,50.926557],[7.152429,50.926283],[7.152174,50.926212],[7.152086,50.92578],[7.15165,50.925414],[7.150658,50.925403],[7.150673,50.925131],[7.150045,50.924981],[7.149313,50.924197],[7.148408,50.924065],[7.148595,50.923761],[7.148443,50.923487],[7.148143,50.923606],[7.147867,50.923356],[7.147271,50.923422],[7.146693,50.922954],[7.146789,50.922756],[7.146405,50.922769],[7.145797,50.922366],[7.145178,50.922277],[7.144929,50.922157],[7.145058,50.921984],[7.144588,50.921708],[7.143998,50.921786],[7.143077,50.921517],[7.14301,50.921167],[7.142339,50.920912],[7.142424,50.920706],[7.141981,50.920475],[7.141562,50.920333],[7.141248,50.920416],[7.141203,50.920622],[7.14074,50.920567],[7.139651,50.919942],[7.139345,50.92077],[7.139964,50.922814],[7.136658,50.927835],[7.139741,50.932379],[7.139742,50.933534],[7.14097,50.935297],[7.141131,50.936551],[7.141961,50.938464],[7.143621,50.940525],[7.144261,50.941689],[7.145097,50.944417],[7.145397,50.944843],[7.144521,50.945686],[7.144665,50.946509],[7.144421,50.946205],[7.143368,50.946195],[7.143155,50.946027],[7.142725,50.946415],[7.141605,50.946552],[7.14159,50.946872],[7.140656,50.94674],[7.140273,50.946362],[7.139594,50.946367],[7.139348,50.946025],[7.139496,50.94576],[7.139254,50.945649],[7.137976,50.945953],[7.13776,50.945764],[7.137961,50.945747],[7.137935,50.945587],[7.137548,50.94537],[7.13665,50.945289],[7.136416,50.944981],[7.136291,50.94518],[7.135391,50.94507],[7.135361,50.944843],[7.135123,50.944782],[7.135078,50.944985],[7.134827,50.944791],[7.134503,50.944974],[7.134153,50.944283],[7.133385,50.944403],[7.133376,50.944235],[7.132123,50.943917],[7.13179,50.943611],[7.131316,50.943655],[7.131491,50.943926],[7.130954,50.94407],[7.130332,50.94383],[7.130478,50.944048],[7.130359,50.944144],[7.129965,50.943751],[7.129653,50.943863],[7.129465,50.943693],[7.12895,50.94395],[7.128607,50.943887],[7.128684,50.944071],[7.128538,50.944146],[7.126089,50.944085],[7.125925,50.944288],[7.125726,50.944057],[7.12562,50.944195],[7.124495,50.944094],[7.124478,50.944343],[7.12416,50.944187],[7.123711,50.944346],[7.123729,50.94457],[7.122629,50.944869],[7.122444,50.944679],[7.122269,50.944786],[7.118777,50.944283],[7.117112,50.944685],[7.11704,50.944438],[7.116746,50.944524],[7.11677,50.944003],[7.117362,50.941752],[7.114821,50.940793],[7.113358,50.94351],[7.111124,50.94267],[7.110833,50.943006],[7.111113,50.943118],[7.111164,50.943351],[7.109761,50.943663],[7.100721,50.94863],[7.097887,50.949098]]]},"properties":{"name":"Bergisch Gladbach","basis":"Auf der offiziellen Revierübersicht benannte oder innerhalb des kartierten Megaplexumrisses liegende Kommune; heutige Gemeindegrenze als geografische Liniengrundlage","boundary_role":"lore-municipality","source":"Code for Germany / Click That Hood","source_url":"https://github.com/codeforgermany/click_that_hood","boundary_review_status":"contextual","boundary_review_label":"Offizielle RRP-Karte abgeglichen; heutige Gemeindegeometrie nur als Liniengrundlage","entity_id":257,"description_preview":"Bergisch Gladbach ist auf der offiziellen Revierübersicht als Stadt oder Kommune innerhalb des Rhein-Ruhr-Megaplexes verzeichnet.","description_full":"Bergisch Gladbach ist auf der offiziellen Revierübersicht als Stadt oder Kommune innerhalb des Rhein-Ruhr-Megaplexes verzeichnet. Die Flächendarstellung folgt dem mit der offiziellen Shadowrun-Karte abgeglichenen Kommunenbestand. Die heutige Gemeindegeometrie dient ausschließlich als geografische Liniengrundlage; eine darüber hinausgehende eigene Stadtbeschreibung ist im zugeordneten Datenmaterial nicht eindeutig belegt.","editions":["SR6","SR4"],"sources":[{"bookId":"rrp-map-sr6","title":"Revierbericht 2082 – Karte","edition":"SR6","citation":"Revierübersicht: Stadt/Kommune Bergisch Gladbach","purpose":"description"},{"bookId":"rrmp-sr4","title":"Rhein-Ruhr-Megaplex","edition":"SR4","citation":"RRP-Kapitel: Bergisch Gladbach","purpose":"description"},{"bookId":"revierbericht-sr6","title":"Revierbericht 2082","edition":"SR6","citation":"RRP-Kontextverweis: Bergisch Gladbach","purpose":"description"}]}},{"type":"Feature","geometry":{"type":"Polygon","coordinates":[[[7.328664,51.491257],[7.329794,51.493068],[7.331544,51.493111],[7.331353,51.494585],[7.33052,51.494582],[7.330478,51.495303],[7.330665,51.49531],[7.330541,51.496474],[7.333055,51.49653],[7.33418,51.496235],[7.334206,51.495706],[7.335203,51.495738],[7.335943,51.496093],[7.33729,51.495775],[7.337641,51.496006],[7.338952,51.495445],[7.34038,51.495331],[7.339706,51.493248],[7.343007,51.493168],[7.342742,51.491751],[7.343806,51.491393],[7.343618,51.490616],[7.34297,51.490351],[7.342503,51.488671],[7.341223,51.488948],[7.341026,51.487664],[7.340514,51.487374],[7.340221,51.486181],[7.341247,51.485405],[7.342567,51.483509],[7.343187,51.483381],[7.34458,51.4841],[7.34488,51.483805],[7.347548,51.484313],[7.347916,51.483944],[7.347642,51.483074],[7.348085,51.483163],[7.348487,51.482826],[7.346544,51.481418],[7.34721,51.480765],[7.346454,51.480516],[7.349132,51.476158],[7.346897,51.475635],[7.347166,51.475033],[7.347867,51.474942],[7.348143,51.474587],[7.348033,51.474496],[7.348585,51.473402],[7.348674,51.472908],[7.348384,51.472614],[7.348234,51.471955],[7.348791,51.4701],[7.348729,51.469807],[7.349339,51.468674],[7.349081,51.467224],[7.349193,51.465865],[7.348827,51.464867],[7.348225,51.464534],[7.347981,51.464106],[7.347275,51.463852],[7.347382,51.463147],[7.34564,51.46112],[7.345405,51.460918],[7.345297,51.461023],[7.345264,51.460682],[7.34214,51.457344],[7.342026,51.456947],[7.340403,51.457722],[7.338663,51.457598],[7.33862,51.457805],[7.336571,51.457659],[7.331762,51.456502],[7.331319,51.456974],[7.330229,51.456425],[7.329585,51.456847],[7.328895,51.456237],[7.327993,51.456821],[7.326224,51.455906],[7.326041,51.456408],[7.325595,51.456399],[7.325024,51.456814],[7.324936,51.457141],[7.324356,51.457085],[7.324343,51.456697],[7.323028,51.456653],[7.319491,51.456579],[7.316422,51.456943],[7.314507,51.455887],[7.309412,51.454494],[7.309372,51.454263],[7.306697,51.454089],[7.304961,51.454336],[7.303047,51.455263],[7.302194,51.455948],[7.299844,51.455449],[7.299893,51.455594],[7.299431,51.455631],[7.298372,51.456406],[7.297608,51.456379],[7.29673,51.456564],[7.296725,51.456745],[7.295856,51.456697],[7.293708,51.456204],[7.293643,51.455932],[7.292538,51.455222],[7.292292,51.454836],[7.289757,51.454445],[7.287548,51.453489],[7.288869,51.451673],[7.289525,51.451938],[7.289912,51.45163],[7.290382,51.45169],[7.291923,51.449788],[7.292012,51.449619],[7.291805,51.449364],[7.290994,51.449127],[7.292995,51.446879],[7.29333,51.444554],[7.293094,51.444102],[7.289847,51.440839],[7.28597,51.439134],[7.285359,51.438626],[7.28501,51.437985],[7.280893,51.437106],[7.276642,51.434836],[7.275734,51.433684],[7.274924,51.430695],[7.27556,51.43067],[7.274417,51.429641],[7.271271,51.425684],[7.268329,51.424365],[7.266442,51.423937],[7.263483,51.423596],[7.260824,51.422807],[7.25939,51.422123],[7.258298,51.421172],[7.2573,51.418962],[7.256475,51.417667],[7.253867,51.415025],[7.252628,51.413471],[7.250338,51.411898],[7.247024,51.411218],[7.244788,51.411245],[7.240056,51.411976],[7.236537,51.412043],[7.233487,51.411665],[7.230169,51.410641],[7.228585,51.41047],[7.22552,51.41173],[7.221051,51.411996],[7.218226,51.413378],[7.212623,51.415338],[7.2082,51.417348],[7.203589,51.418442],[7.199165,51.418838],[7.193403,51.417939],[7.191526,51.417886],[7.187613,51.418715],[7.185489,51.418497],[7.185149,51.419144],[7.18478,51.419154],[7.184773,51.419382],[7.183618,51.419516],[7.183184,51.41981],[7.181845,51.419802],[7.178908,51.419372],[7.17891,51.419222],[7.176449,51.417939],[7.177282,51.417348],[7.176956,51.417182],[7.177268,51.416962],[7.175857,51.416081],[7.175662,51.41621],[7.173639,51.415021],[7.171638,51.414799],[7.170192,51.414174],[7.16952,51.414318],[7.166848,51.413502],[7.166453,51.414109],[7.167166,51.414366],[7.165651,51.416837],[7.161877,51.415737],[7.162013,51.415487],[7.160642,51.415162],[7.160771,51.415019],[7.159737,51.414649],[7.159679,51.414882],[7.156745,51.414164],[7.156032,51.414161],[7.154888,51.413747],[7.154338,51.414567],[7.153814,51.414651],[7.151507,51.416681],[7.150653,51.417022],[7.150023,51.418531],[7.149152,51.418358],[7.148889,51.419181],[7.14633,51.421896],[7.144979,51.422598],[7.137553,51.425283],[7.131603,51.428612],[7.128628,51.429901],[7.12435,51.430856],[7.120716,51.43106],[7.119249,51.430895],[7.119076,51.431241],[7.122947,51.431681],[7.122662,51.434122],[7.124693,51.435057],[7.127041,51.436636],[7.130894,51.438824],[7.132651,51.439522],[7.132496,51.439685],[7.132776,51.439797],[7.132631,51.440106],[7.132781,51.440164],[7.132309,51.440528],[7.133099,51.440782],[7.13294,51.441271],[7.133673,51.441412],[7.133508,51.441883],[7.133901,51.442178],[7.132867,51.442012],[7.131762,51.442689],[7.13088,51.442752],[7.13098,51.443016],[7.131802,51.44351],[7.130159,51.444263],[7.1298,51.444028],[7.128157,51.44513],[7.128925,51.445544],[7.128244,51.44606],[7.128935,51.446628],[7.12591,51.450028],[7.122999,51.45234],[7.121305,51.454941],[7.118542,51.455343],[7.116021,51.454934],[7.115697,51.456344],[7.115453,51.456314],[7.114703,51.458242],[7.112943,51.460002],[7.109553,51.459379],[7.109279,51.460447],[7.108383,51.461366],[7.108531,51.461887],[7.108299,51.462435],[7.11126,51.463857],[7.112072,51.46386],[7.113252,51.464592],[7.113452,51.465043],[7.113699,51.465092],[7.113954,51.465578],[7.113546,51.465956],[7.113484,51.466445],[7.113831,51.467668],[7.113663,51.469108],[7.113405,51.46967],[7.113906,51.470235],[7.113755,51.471835],[7.114056,51.471883],[7.114043,51.472021],[7.113395,51.4724],[7.113145,51.47312],[7.112306,51.473548],[7.111649,51.473542],[7.110828,51.474349],[7.10864,51.47546],[7.108513,51.475681],[7.10871,51.476088],[7.108287,51.476194],[7.107733,51.476882],[7.107188,51.476901],[7.106868,51.477447],[7.106154,51.477646],[7.105848,51.478126],[7.1055,51.478106],[7.105738,51.478377],[7.105647,51.478644],[7.104053,51.48019],[7.103566,51.48044],[7.102963,51.480439],[7.102112,51.480932],[7.102305,51.481425],[7.10285,51.481842],[7.105976,51.483504],[7.114744,51.486465],[7.115201,51.486485],[7.115005,51.486563],[7.118518,51.487736],[7.11827,51.487428],[7.120867,51.488357],[7.124059,51.488969],[7.124192,51.488775],[7.125284,51.489042],[7.125443,51.488845],[7.127065,51.489098],[7.133687,51.490332],[7.133613,51.490592],[7.134866,51.490912],[7.13777,51.491292],[7.137672,51.493005],[7.138097,51.493024],[7.137894,51.4942],[7.138111,51.494243],[7.137682,51.496785],[7.137894,51.497981],[7.137732,51.498524],[7.138409,51.498712],[7.137803,51.500273],[7.137862,51.501424],[7.137121,51.503639],[7.136921,51.504951],[7.138487,51.505968],[7.139228,51.505426],[7.140467,51.505901],[7.141014,51.505507],[7.14184,51.505967],[7.143323,51.504935],[7.144865,51.505467],[7.145195,51.50476],[7.149785,51.505372],[7.149897,51.505197],[7.150223,51.505273],[7.151006,51.504131],[7.149811,51.503666],[7.150394,51.502907],[7.151829,51.502136],[7.152617,51.50374],[7.152576,51.50434],[7.153296,51.504927],[7.153608,51.506005],[7.156094,51.506224],[7.15583,51.506511],[7.158753,51.50715],[7.160446,51.50629],[7.160774,51.508755],[7.166473,51.504934],[7.168462,51.504382],[7.170881,51.504422],[7.182109,51.507272],[7.185807,51.507378],[7.185463,51.508936],[7.186418,51.508988],[7.186493,51.508624],[7.187572,51.508739],[7.189862,51.509472],[7.189996,51.511708],[7.19058,51.514091],[7.190391,51.514121],[7.190414,51.514446],[7.190576,51.514472],[7.190873,51.517073],[7.197299,51.518162],[7.197212,51.518401],[7.19802,51.518769],[7.197642,51.518831],[7.197293,51.519939],[7.199152,51.520417],[7.19901,51.520718],[7.202347,51.521842],[7.203539,51.521848],[7.203915,51.521364],[7.206155,51.521731],[7.205552,51.518167],[7.205821,51.517875],[7.207024,51.518249],[7.21433,51.519439],[7.218886,51.52086],[7.220158,51.519242],[7.221825,51.519519],[7.221769,51.518676],[7.224361,51.519409],[7.224711,51.519067],[7.224985,51.519155],[7.225408,51.518627],[7.226699,51.518813],[7.227652,51.51728],[7.228824,51.517729],[7.229767,51.518395],[7.230358,51.517703],[7.231547,51.51801],[7.232755,51.518021],[7.233062,51.51865],[7.234024,51.519608],[7.235838,51.519273],[7.237047,51.518661],[7.237288,51.518308],[7.237214,51.518036],[7.237863,51.518143],[7.237779,51.518575],[7.238379,51.518619],[7.238733,51.519371],[7.239207,51.519645],[7.238641,51.520095],[7.238091,51.520053],[7.23797,51.520437],[7.240904,51.521224],[7.243086,51.521035],[7.247859,51.521575],[7.248273,51.522005],[7.248602,51.52284],[7.248238,51.52353],[7.24979,51.524228],[7.25053,51.523126],[7.251776,51.52276],[7.252676,51.521894],[7.252158,51.52106],[7.252312,51.519993],[7.255044,51.519871],[7.255436,51.520005],[7.255512,51.520488],[7.255337,51.521378],[7.25479,51.521439],[7.254955,51.521977],[7.254787,51.522604],[7.255114,51.523166],[7.254826,51.523899],[7.254979,51.524797],[7.255266,51.525221],[7.254742,51.525337],[7.25561,51.525828],[7.255784,51.526348],[7.256274,51.526724],[7.256472,51.527382],[7.257498,51.527257],[7.257604,51.527187],[7.257347,51.526915],[7.260454,51.526022],[7.260619,51.526258],[7.26265,51.525915],[7.264204,51.525907],[7.264758,51.525674],[7.266944,51.525669],[7.26824,51.52547],[7.26894,51.525113],[7.271204,51.524937],[7.274267,51.524117],[7.278484,51.524851],[7.28053,51.524687],[7.28055,51.524838],[7.28111,51.52482],[7.282816,51.524529],[7.285168,51.524957],[7.285243,51.526168],[7.285491,51.526476],[7.288485,51.526523],[7.288633,51.527626],[7.289064,51.527643],[7.290393,51.528397],[7.290335,51.528711],[7.290683,51.528736],[7.290576,51.529535],[7.290833,51.529553],[7.290809,51.529826],[7.291283,51.529869],[7.294791,51.531364],[7.295694,51.529964],[7.296952,51.530564],[7.29718,51.530182],[7.29972,51.530894],[7.300411,51.529309],[7.300679,51.529381],[7.301133,51.528358],[7.301571,51.528479],[7.302113,51.527365],[7.303163,51.52761],[7.304157,51.525433],[7.308919,51.526399],[7.309505,51.52601],[7.310669,51.524213],[7.310626,51.523652],[7.312866,51.524144],[7.313062,51.524071],[7.313158,51.523314],[7.31438,51.523571],[7.314546,51.523397],[7.313933,51.522655],[7.314742,51.522089],[7.314723,51.521532],[7.313935,51.52117],[7.313829,51.52149],[7.312576,51.52136],[7.310839,51.520636],[7.310301,51.520011],[7.309326,51.519778],[7.308876,51.519316],[7.307594,51.518827],[7.307518,51.518643],[7.307907,51.518736],[7.308219,51.518517],[7.306867,51.517743],[7.306475,51.518046],[7.305171,51.517636],[7.304554,51.516671],[7.303498,51.515739],[7.303772,51.515365],[7.303126,51.514282],[7.302575,51.512286],[7.302678,51.510394],[7.302543,51.509548],[7.302715,51.508422],[7.302377,51.50763],[7.303861,51.506602],[7.304304,51.506043],[7.304308,51.505631],[7.303836,51.504771],[7.303918,51.504323],[7.305867,51.50449],[7.308437,51.504406],[7.309363,51.504109],[7.313621,51.504226],[7.314852,51.504855],[7.316046,51.50598],[7.317261,51.506015],[7.317884,51.503255],[7.319345,51.500053],[7.319245,51.499625],[7.318353,51.499313],[7.318842,51.49906],[7.316302,51.498379],[7.316717,51.497345],[7.316047,51.497176],[7.316047,51.496351],[7.31624,51.49633],[7.317355,51.493944],[7.32237,51.494693],[7.322541,51.494042],[7.323326,51.492708],[7.323037,51.492652],[7.323272,51.490528],[7.322909,51.490531],[7.323507,51.488946],[7.323771,51.488979],[7.323619,51.489588],[7.324964,51.489798],[7.325066,51.489124],[7.326809,51.489142],[7.327323,51.490114],[7.328221,51.490005],[7.328664,51.491257]]]},"properties":{"name":"Bochum","basis":"Auf der offiziellen Revierübersicht benannte oder innerhalb des kartierten Megaplexumrisses liegende Kommune; heutige Gemeindegrenze als geografische Liniengrundlage","boundary_role":"lore-municipality","source":"Code for Germany / Click That Hood","source_url":"https://github.com/codeforgermany/click_that_hood","entity_id":250,"description_preview":"Bochum und Witten verbinden Hochschulen, Kliniken, Unterhaltung und Arkologien mit einer ausgedehnten Party- und Gangszene. Witten steht weitgehend unter S-K-Einfluss.","description_full":"Bochum und Witten verbinden Hochschulen, Kliniken, Unterhaltung und Arkologien mit einer ausgedehnten Party- und Gangszene. Witten steht weitgehend unter S-K-Einfluss. Die Zusammenfassung folgt dem Bezirkskapitel der angegebenen Edition; heutige Grenzen dienen nur der geografischen Einordnung.","editions":["SR6","SR1","SR2","SR3","SR4","SR5"],"boundary_review_status":"contextual","boundary_review_label":"Offizielle RRP-Karte abgeglichen; heutige Gemeindegeometrie nur als Liniengrundlage","sources":[{"bookId":"revierbericht-sr6","title":"Revierbericht 2082","edition":"SR6","citation":"S. 56–58","purpose":"description"},{"bookId":"dids-sr1","title":"Deutschland in den Schatten","edition":"SR1","citation":"RRP-Kapitel: Bochum","purpose":"description"},{"bookId":"dids-sr2","title":"Deutschland in den Schatten","edition":"SR2","citation":"RRP-Kapitel: Bochum","purpose":"description"},{"bookId":"dids2-sr3","title":"Deutschland in den Schatten II","edition":"SR3","citation":"RRP-Kapitel: Bochum","purpose":"description"},{"bookId":"rrmp-sr4","title":"Rhein-Ruhr-Megaplex","edition":"SR4","citation":"RRP-Kapitel: Bochum","purpose":"description"},{"bookId":"datapuls-adl-sr5","title":"Datapuls: ADL","edition":"SR5","citation":"RRP-Kapitel: Bochum","purpose":"description"}]}},{"type":"Feature","geometry":{"type":"Polygon","coordinates":[[[7.183948,50.748523],[7.188418,50.748366],[7.193011,50.746876],[7.191601,50.74659],[7.192475,50.745467],[7.192293,50.744956],[7.192574,50.744286],[7.194854,50.743847],[7.194977,50.743847],[7.19496,50.744399],[7.196162,50.746139],[7.1971,50.746747],[7.197371,50.746492],[7.199529,50.747868],[7.200084,50.746194],[7.201367,50.745618],[7.201721,50.744983],[7.20388,50.744501],[7.203979,50.743863],[7.204348,50.743698],[7.205008,50.742569],[7.203949,50.742255],[7.205004,50.74175],[7.204602,50.741338],[7.205634,50.740907],[7.206488,50.739572],[7.207,50.739386],[7.206869,50.739291],[7.209103,50.736805],[7.205934,50.735444],[7.204524,50.734576],[7.198066,50.731928],[7.192618,50.728782],[7.194247,50.72742],[7.191994,50.727269],[7.191467,50.727031],[7.190881,50.72732],[7.190741,50.727206],[7.191957,50.72641],[7.195798,50.719177],[7.195823,50.717167],[7.195476,50.717102],[7.195841,50.714325],[7.196174,50.714321],[7.196425,50.713792],[7.197026,50.713345],[7.196245,50.712557],[7.195927,50.712554],[7.195394,50.712092],[7.195533,50.712046],[7.195304,50.711556],[7.194091,50.710649],[7.190339,50.711019],[7.189091,50.711398],[7.187936,50.711124],[7.187825,50.71088],[7.187121,50.710825],[7.185324,50.710013],[7.185028,50.710282],[7.184412,50.709948],[7.183623,50.709815],[7.183403,50.709351],[7.182645,50.709108],[7.181901,50.709227],[7.180232,50.708283],[7.179052,50.707969],[7.178906,50.708192],[7.177422,50.707885],[7.178688,50.706149],[7.174782,50.705145],[7.174559,50.705511],[7.171613,50.704482],[7.171775,50.704297],[7.168246,50.703379],[7.169519,50.70112],[7.173613,50.691147],[7.174968,50.688677],[7.176836,50.686078],[7.179345,50.683358],[7.185715,50.677524],[7.188439,50.674386],[7.191368,50.670506],[7.195401,50.665941],[7.20794,50.653736],[7.209698,50.651521],[7.210683,50.649725],[7.205394,50.649053],[7.205162,50.649538],[7.203253,50.649146],[7.202915,50.649888],[7.200533,50.649234],[7.200774,50.648873],[7.199004,50.648286],[7.199849,50.647609],[7.197352,50.646044],[7.195126,50.642951],[7.194289,50.642492],[7.192556,50.644447],[7.192604,50.644886],[7.191306,50.645187],[7.188741,50.647684],[7.188785,50.648489],[7.186976,50.648784],[7.18724,50.649327],[7.185755,50.649701],[7.186101,50.650532],[7.180833,50.652268],[7.179778,50.652307],[7.179244,50.652061],[7.178005,50.652189],[7.177263,50.652741],[7.176248,50.652106],[7.17533,50.651202],[7.174702,50.651031],[7.173302,50.651068],[7.172656,50.652011],[7.172021,50.651531],[7.172024,50.651841],[7.1702,50.651646],[7.170161,50.652425],[7.168157,50.652226],[7.168018,50.652353],[7.165656,50.652251],[7.165339,50.652942],[7.163576,50.652534],[7.163,50.653318],[7.162448,50.653443],[7.162732,50.653946],[7.161529,50.654591],[7.161737,50.654751],[7.161628,50.654859],[7.159736,50.654986],[7.15876,50.654733],[7.158025,50.655118],[7.155919,50.6548],[7.155726,50.654596],[7.153918,50.654463],[7.152587,50.653653],[7.152151,50.653749],[7.150624,50.653413],[7.149886,50.653455],[7.14688,50.652451],[7.146074,50.651816],[7.145648,50.651794],[7.145344,50.652016],[7.144067,50.651218],[7.142605,50.65109],[7.140865,50.650431],[7.139116,50.650188],[7.139403,50.649537],[7.138377,50.649332],[7.138306,50.648898],[7.131575,50.648188],[7.127724,50.647161],[7.125044,50.651734],[7.121429,50.654198],[7.123705,50.654581],[7.123325,50.654994],[7.123835,50.655211],[7.12268,50.655962],[7.120845,50.656582],[7.117401,50.656862],[7.10915,50.658219],[7.108775,50.658424],[7.107849,50.658449],[7.106668,50.658809],[7.105383,50.659603],[7.104011,50.65786],[7.09992,50.656074],[7.098643,50.655215],[7.097558,50.653805],[7.094411,50.651548],[7.091293,50.650551],[7.088423,50.648733],[7.087405,50.648861],[7.087185,50.648222],[7.082364,50.646105],[7.081867,50.644938],[7.081866,50.644337],[7.080547,50.644285],[7.076928,50.642824],[7.075988,50.642164],[7.07517,50.641185],[7.074709,50.639526],[7.075353,50.63826],[7.075197,50.637217],[7.068565,50.634706],[7.068535,50.634503],[7.06367,50.632881],[7.061856,50.633059],[7.059494,50.632723],[7.057107,50.633048],[7.059322,50.638413],[7.051678,50.639595],[7.050697,50.640888],[7.050214,50.641223],[7.048282,50.641809],[7.045855,50.644112],[7.042859,50.646085],[7.040036,50.647516],[7.038045,50.649032],[7.036239,50.649952],[7.032516,50.654619],[7.02929,50.654705],[7.026693,50.655118],[7.025902,50.654357],[7.024262,50.658697],[7.02347,50.661469],[7.023749,50.661517],[7.023524,50.662469],[7.024075,50.663721],[7.024852,50.664017],[7.02485,50.664535],[7.023895,50.664247],[7.024816,50.665418],[7.025673,50.665369],[7.026884,50.664956],[7.028979,50.663666],[7.033933,50.661518],[7.036419,50.661434],[7.037517,50.66173],[7.040868,50.663937],[7.040856,50.664592],[7.03975,50.666048],[7.039871,50.666612],[7.040231,50.667433],[7.041103,50.668194],[7.042854,50.671066],[7.043637,50.672489],[7.044251,50.674376],[7.0431,50.674629],[7.03942,50.677187],[7.033967,50.677795],[7.03144,50.678537],[7.031277,50.680061],[7.032563,50.680703],[7.032929,50.681076],[7.033577,50.682744],[7.035682,50.686365],[7.03543,50.686565],[7.037381,50.686926],[7.037386,50.687071],[7.037151,50.687069],[7.036993,50.688251],[7.038533,50.688009],[7.039008,50.688524],[7.038446,50.688838],[7.035233,50.689644],[7.036443,50.690963],[7.030788,50.693065],[7.031195,50.694213],[7.031865,50.694865],[7.031824,50.695266],[7.032204,50.696459],[7.033079,50.697537],[7.03266,50.697923],[7.032084,50.699078],[7.029795,50.698764],[7.02964,50.699135],[7.029364,50.699251],[7.029382,50.699698],[7.028905,50.699939],[7.029081,50.700202],[7.028565,50.700375],[7.028789,50.700648],[7.028029,50.701037],[7.028001,50.701642],[7.027852,50.70171],[7.028016,50.701861],[7.027596,50.702233],[7.027603,50.702488],[7.026302,50.703178],[7.025721,50.703186],[7.024998,50.703974],[7.025025,50.704194],[7.023041,50.704556],[7.023267,50.705232],[7.022531,50.706466],[7.022768,50.706744],[7.024901,50.707804],[7.026129,50.708765],[7.027631,50.711082],[7.030625,50.713256],[7.031332,50.713898],[7.03209,50.714973],[7.033498,50.715565],[7.034231,50.715607],[7.04033,50.71887],[7.039251,50.719834],[7.038941,50.719675],[7.038436,50.720022],[7.038551,50.720261],[7.035284,50.722525],[7.035579,50.722719],[7.033579,50.723991],[7.033821,50.724129],[7.034864,50.723987],[7.033099,50.725298],[7.033642,50.725506],[7.029613,50.726098],[7.031389,50.728637],[7.031669,50.729643],[7.031571,50.730984],[7.032239,50.732517],[7.033174,50.733838],[7.032799,50.73474],[7.033362,50.735716],[7.034116,50.738669],[7.034665,50.739869],[7.035562,50.744129],[7.036279,50.746599],[7.038389,50.750023],[7.036704,50.7507],[7.039735,50.753276],[7.036867,50.755197],[7.039435,50.756604],[7.037114,50.757909],[7.038393,50.759045],[7.039894,50.758148],[7.044606,50.761765],[7.048208,50.763849],[7.04865,50.763851],[7.04883,50.763658],[7.051362,50.76514],[7.052795,50.764011],[7.054102,50.764665],[7.056324,50.763088],[7.064947,50.768999],[7.066629,50.770843],[7.075787,50.767275],[7.077202,50.768713],[7.082552,50.76761],[7.084436,50.766865],[7.091192,50.763426],[7.096081,50.761808],[7.099269,50.761559],[7.102334,50.761772],[7.105155,50.762448],[7.106585,50.763298],[7.107144,50.764202],[7.107797,50.766898],[7.108348,50.76806],[7.109528,50.769351],[7.110844,50.77029],[7.112791,50.771082],[7.114451,50.771431],[7.119389,50.771804],[7.121542,50.772232],[7.124228,50.773575],[7.125368,50.774422],[7.127083,50.773417],[7.127811,50.773357],[7.127797,50.773155],[7.132027,50.772227],[7.134803,50.770767],[7.135391,50.77106],[7.139963,50.769069],[7.142548,50.767335],[7.142284,50.767187],[7.145287,50.764963],[7.144438,50.764467],[7.145251,50.76376],[7.144744,50.763452],[7.145547,50.762816],[7.144818,50.762386],[7.148051,50.761485],[7.15277,50.759726],[7.153032,50.759291],[7.153817,50.758905],[7.153982,50.757943],[7.154725,50.756206],[7.156817,50.754111],[7.158318,50.753072],[7.161258,50.75409],[7.164414,50.755635],[7.166326,50.754405],[7.169416,50.753144],[7.170107,50.752366],[7.173449,50.752259],[7.176171,50.752519],[7.176228,50.752254],[7.178208,50.750803],[7.179821,50.751539],[7.182696,50.751762],[7.183948,50.748523]]]},"properties":{"name":"Bonn","basis":"Auf der offiziellen Revierübersicht benannte oder innerhalb des kartierten Megaplexumrisses liegende Kommune; heutige Gemeindegrenze als geografische Liniengrundlage","boundary_role":"lore-municipality","source":"Code for Germany / Click That Hood","source_url":"https://github.com/codeforgermany/click_that_hood","entity_id":240,"description_preview":"Der südlichste Teil des Plexes umfasst das vergrößerte Bonn und Teile des Rhein-Sieg-Kreises. Bundesbehörden, internationale Organisationen und Stiftungen stehen einem schleichenden Verfall abseits der geförderten Inseln gegenüber.","description_full":"Der südlichste Teil des Plexes umfasst das vergrößerte Bonn und Teile des Rhein-Sieg-Kreises. Bundesbehörden, internationale Organisationen und Stiftungen stehen einem schleichenden Verfall abseits der geförderten Inseln gegenüber. Die Zusammenfassung folgt dem Bezirkskapitel der angegebenen Edition; heutige Grenzen dienen nur der geografischen Einordnung.","editions":["SR6","SR1","SR2","SR3","SR4","SR5"],"boundary_review_status":"contextual","boundary_review_label":"Offizielle RRP-Karte abgeglichen; heutige Gemeindegeometrie nur als Liniengrundlage","sources":[{"bookId":"revierbericht-sr6","title":"Revierbericht 2082","edition":"SR6","citation":"S. 23–26","purpose":"description"},{"bookId":"dids-sr1","title":"Deutschland in den Schatten","edition":"SR1","citation":"RRP-Kapitel: Bonn","purpose":"description"},{"bookId":"dids-sr2","title":"Deutschland in den Schatten","edition":"SR2","citation":"RRP-Kapitel: Bonn","purpose":"description"},{"bookId":"dids2-sr3","title":"Deutschland in den Schatten II","edition":"SR3","citation":"RRP-Kapitel: Bonn","purpose":"description"},{"bookId":"rrmp-sr4","title":"Rhein-Ruhr-Megaplex","edition":"SR4","citation":"RRP-Kapitel: Bonn","purpose":"description"},{"bookId":"datapuls-adl-sr5","title":"Datapuls: ADL","edition":"SR5","citation":"RRP-Kapitel: Bonn","purpose":"description"}]}},{"type":"Feature","geometry":{"type":"Polygon","coordinates":[[[6.879599,51.537809],[6.877798,51.543763],[6.869221,51.552145],[6.85964,51.557441],[6.867383,51.563924],[6.867918,51.566211],[6.867698,51.566734],[6.868471,51.567278],[6.867681,51.567387],[6.867449,51.567533],[6.867604,51.56764],[6.867465,51.567742],[6.866747,51.567548],[6.866135,51.567798],[6.866261,51.567495],[6.866084,51.567433],[6.865132,51.567939],[6.86484,51.567694],[6.863719,51.567832],[6.863529,51.567707],[6.863848,51.567642],[6.863794,51.567517],[6.863441,51.567636],[6.863257,51.567433],[6.863185,51.567734],[6.861884,51.567518],[6.861399,51.567617],[6.861238,51.567983],[6.860718,51.568019],[6.860137,51.56749],[6.858828,51.567748],[6.858688,51.568006],[6.85804,51.568097],[6.858196,51.568268],[6.858033,51.568404],[6.857826,51.568349],[6.857804,51.568094],[6.856816,51.568038],[6.856176,51.568269],[6.856109,51.568651],[6.85577,51.568531],[6.855625,51.568838],[6.855251,51.568853],[6.855207,51.569156],[6.854694,51.569323],[6.853963,51.569177],[6.853522,51.569737],[6.852882,51.569777],[6.853018,51.569951],[6.852894,51.570066],[6.85221,51.570174],[6.852552,51.570224],[6.852551,51.570394],[6.851872,51.570289],[6.852112,51.570457],[6.85197,51.570751],[6.851473,51.570909],[6.851033,51.570356],[6.850542,51.570584],[6.851076,51.570764],[6.850595,51.570943],[6.850336,51.570722],[6.850221,51.570935],[6.849983,51.570708],[6.849685,51.570818],[6.84984,51.570928],[6.849708,51.571013],[6.849258,51.570889],[6.849105,51.571027],[6.849229,51.571147],[6.848836,51.570965],[6.848899,51.570809],[6.848173,51.570986],[6.847927,51.571504],[6.848292,51.571576],[6.847783,51.57159],[6.848011,51.571906],[6.847881,51.572116],[6.846849,51.572251],[6.846729,51.572495],[6.847062,51.572717],[6.846521,51.572626],[6.846685,51.573119],[6.84624,51.573144],[6.846416,51.573015],[6.845956,51.57292],[6.845878,51.573331],[6.845409,51.573318],[6.845714,51.573493],[6.84523,51.573527],[6.845372,51.573657],[6.845674,51.573544],[6.845674,51.573704],[6.844629,51.573866],[6.844742,51.574081],[6.84461,51.574229],[6.844237,51.574215],[6.844462,51.574424],[6.844005,51.574513],[6.844623,51.574711],[6.844409,51.574921],[6.844005,51.574747],[6.843973,51.57496],[6.843731,51.575],[6.84412,51.575113],[6.843191,51.575186],[6.842725,51.575444],[6.843147,51.575498],[6.842854,51.575728],[6.84245,51.575533],[6.841896,51.575859],[6.841973,51.575605],[6.841639,51.575543],[6.841708,51.575746],[6.840849,51.575948],[6.840866,51.576094],[6.840453,51.575824],[6.840278,51.576055],[6.839902,51.575882],[6.840024,51.576125],[6.839668,51.576208],[6.839388,51.575937],[6.838543,51.576275],[6.838301,51.576169],[6.838273,51.576416],[6.838054,51.576111],[6.837605,51.576373],[6.837893,51.576498],[6.837505,51.576629],[6.837479,51.576951],[6.837293,51.576997],[6.837425,51.577212],[6.836967,51.577484],[6.83713,51.577631],[6.837042,51.577825],[6.836765,51.577663],[6.83664,51.577861],[6.836309,51.577765],[6.836318,51.577922],[6.835917,51.577974],[6.83597,51.578323],[6.834111,51.578089],[6.834324,51.578426],[6.833754,51.578829],[6.833451,51.579614],[6.832998,51.579754],[6.833179,51.579903],[6.83257,51.579964],[6.833049,51.580121],[6.833855,51.580021],[6.834385,51.580191],[6.834308,51.580392],[6.834576,51.580443],[6.834797,51.580219],[6.835391,51.580323],[6.835201,51.580505],[6.834911,51.580418],[6.835021,51.580592],[6.834646,51.580558],[6.835429,51.581154],[6.83575,51.580852],[6.836069,51.581133],[6.835954,51.580893],[6.836275,51.580752],[6.836412,51.581067],[6.836816,51.580842],[6.837102,51.581085],[6.83769,51.581023],[6.83784,51.58119],[6.838357,51.580993],[6.838586,51.581631],[6.839224,51.581749],[6.839192,51.581925],[6.839515,51.582202],[6.839568,51.582023],[6.839996,51.582093],[6.839962,51.582365],[6.840245,51.582522],[6.840411,51.582349],[6.840847,51.582394],[6.84088,51.582601],[6.841581,51.582454],[6.84179,51.582125],[6.842591,51.582317],[6.842461,51.582463],[6.842838,51.582559],[6.842884,51.582781],[6.84346,51.582738],[6.84305,51.582953],[6.843218,51.583068],[6.843134,51.583202],[6.843392,51.583256],[6.843642,51.583037],[6.844066,51.583253],[6.843907,51.583465],[6.844437,51.583575],[6.844504,51.583764],[6.845296,51.583699],[6.845091,51.584088],[6.845918,51.584496],[6.846549,51.584427],[6.847119,51.58468],[6.848098,51.584696],[6.847883,51.584839],[6.848353,51.584998],[6.848437,51.585402],[6.849194,51.585156],[6.849248,51.585668],[6.850093,51.585778],[6.850303,51.586116],[6.84997,51.586235],[6.851003,51.586394],[6.850961,51.586732],[6.851392,51.587095],[6.851998,51.587254],[6.852509,51.587049],[6.852677,51.58739],[6.853205,51.587314],[6.85329,51.587116],[6.853554,51.587533],[6.853877,51.587592],[6.853662,51.587765],[6.854027,51.587792],[6.854022,51.587539],[6.85427,51.587686],[6.854364,51.58791],[6.854112,51.587953],[6.854319,51.588092],[6.854628,51.587931],[6.855015,51.587975],[6.854871,51.588171],[6.8557,51.588133],[6.85589,51.588438],[6.85612,51.588445],[6.856079,51.588607],[6.856471,51.588716],[6.856345,51.588945],[6.856686,51.588839],[6.856672,51.589053],[6.857005,51.58918],[6.856983,51.588847],[6.857391,51.588917],[6.857453,51.589217],[6.857298,51.58933],[6.858013,51.589474],[6.858028,51.589696],[6.858658,51.589625],[6.859357,51.59013],[6.859461,51.589827],[6.859767,51.589835],[6.859897,51.590065],[6.859734,51.589993],[6.859366,51.590337],[6.859423,51.590749],[6.85989,51.591053],[6.860081,51.590948],[6.860205,51.591153],[6.859675,51.591151],[6.860199,51.591349],[6.859891,51.59147],[6.86013,51.591903],[6.859795,51.59193],[6.86079,51.592249],[6.860575,51.592842],[6.860685,51.59317],[6.861295,51.593305],[6.861525,51.593174],[6.861778,51.593498],[6.86208,51.593464],[6.861913,51.593584],[6.862186,51.593732],[6.862596,51.594596],[6.8623,51.594529],[6.862454,51.594819],[6.862255,51.594921],[6.862319,51.59506],[6.862527,51.59503],[6.862739,51.595415],[6.863169,51.59531],[6.863876,51.59561],[6.864577,51.595624],[6.864519,51.595849],[6.864702,51.595834],[6.86478,51.596051],[6.865729,51.596324],[6.866128,51.596659],[6.865773,51.597454],[6.864968,51.597791],[6.864631,51.59814],[6.86469,51.598382],[6.863978,51.598969],[6.864031,51.599157],[6.863105,51.599747],[6.862797,51.600628],[6.859145,51.60256],[6.85735,51.602827],[6.853078,51.60517],[6.852107,51.605847],[6.851037,51.606983],[6.850849,51.608085],[6.851037,51.608342],[6.853446,51.60829],[6.852749,51.610248],[6.856903,51.610505],[6.856024,51.612358],[6.863869,51.613755],[6.863015,51.615517],[6.863562,51.61555],[6.869296,51.619912],[6.871394,51.622099],[6.871522,51.622382],[6.870463,51.623],[6.869536,51.623984],[6.868785,51.624459],[6.868726,51.624794],[6.868225,51.625066],[6.868044,51.62536],[6.868305,51.6257],[6.867956,51.626066],[6.868167,51.626299],[6.866672,51.627953],[6.866651,51.628592],[6.866239,51.628996],[6.86641,51.629482],[6.866292,51.629897],[6.867361,51.630498],[6.867557,51.631046],[6.882281,51.632838],[6.882967,51.63271],[6.883361,51.632964],[6.890922,51.633882],[6.891034,51.633632],[6.893475,51.634223],[6.899569,51.634925],[6.931582,51.644846],[6.933901,51.643568],[6.937249,51.641179],[6.940456,51.639489],[6.941075,51.639383],[6.940433,51.638353],[6.943887,51.637544],[6.945734,51.636274],[6.944342,51.6359],[6.944806,51.635274],[6.94633,51.635696],[6.947954,51.634717],[6.949185,51.635077],[6.951711,51.636289],[6.951932,51.636273],[6.952367,51.635684],[6.954726,51.63567],[6.95638,51.636115],[6.957175,51.636884],[6.958996,51.63638],[6.959492,51.636071],[6.959381,51.635942],[6.962995,51.634342],[6.96532,51.634531],[6.96637,51.635164],[6.968589,51.633948],[6.968507,51.63165],[6.969181,51.628276],[6.970352,51.628186],[6.970493,51.628807],[6.970665,51.628876],[6.973142,51.628781],[6.97354,51.628696],[6.973557,51.628524],[6.978616,51.62818],[6.979202,51.628152],[6.979591,51.628441],[6.980468,51.627833],[6.980628,51.627155],[6.981369,51.626533],[6.983599,51.625928],[6.982787,51.623406],[6.98152,51.622885],[6.979709,51.621217],[6.979166,51.621289],[6.979281,51.62027],[6.979895,51.619674],[6.980519,51.618542],[6.980517,51.618265],[6.979854,51.617377],[6.980148,51.616601],[6.979906,51.614826],[6.981425,51.614583],[6.981483,51.61412],[6.981818,51.61383],[6.980524,51.61343],[6.980186,51.612856],[6.97975,51.611276],[6.980156,51.610348],[6.980353,51.607375],[6.980189,51.607061],[6.980402,51.606626],[6.979884,51.606416],[6.979825,51.606174],[6.978168,51.60457],[6.975505,51.603014],[6.970314,51.601764],[6.969528,51.60132],[6.969441,51.600236],[6.97001,51.599011],[6.967285,51.599305],[6.96593,51.598943],[6.963405,51.599453],[6.963,51.599286],[6.961238,51.59937],[6.95898,51.597773],[6.958166,51.596676],[6.956957,51.596166],[6.954729,51.595701],[6.954527,51.594319],[6.954035,51.594134],[6.95365,51.593603],[6.952197,51.5925],[6.950418,51.5917],[6.950187,51.591176],[6.949307,51.590478],[6.949111,51.590016],[6.947878,51.589701],[6.946417,51.588672],[6.943552,51.587978],[6.93965,51.588312],[6.938683,51.58861],[6.937898,51.588474],[6.937893,51.58798],[6.935593,51.587456],[6.934216,51.586696],[6.932754,51.586393],[6.930153,51.585267],[6.928986,51.583791],[6.92927,51.58182],[6.92959,51.581316],[6.932276,51.578826],[6.932822,51.577577],[6.932683,51.576436],[6.930969,51.571707],[6.929699,51.569664],[6.92751,51.569192],[6.925502,51.569815],[6.924626,51.570621],[6.924096,51.570854],[6.92232,51.569951],[6.921993,51.57005],[6.920856,51.569624],[6.921584,51.568369],[6.924506,51.566819],[6.924465,51.566043],[6.923121,51.566222],[6.922019,51.565011],[6.922209,51.563424],[6.923631,51.563217],[6.925153,51.563499],[6.926953,51.563178],[6.930171,51.563489],[6.931024,51.563282],[6.935045,51.558225],[6.935833,51.557643],[6.936799,51.557255],[6.938809,51.557121],[6.9399,51.556497],[6.941805,51.556081],[6.945672,51.554841],[6.94623,51.554569],[6.947809,51.553187],[6.951423,51.552462],[6.956747,51.550427],[6.957592,51.549908],[6.95848,51.548503],[6.959242,51.547991],[6.960419,51.547764],[6.96813,51.547425],[6.97528,51.54657],[6.983051,51.544867],[6.992281,51.541221],[6.996128,51.539594],[6.996968,51.539056],[6.998429,51.535785],[6.998267,51.535284],[6.998568,51.534969],[6.998309,51.534636],[6.998276,51.534184],[6.999061,51.533576],[6.998826,51.532961],[6.999066,51.532606],[6.998991,51.532415],[6.997653,51.531937],[6.997479,51.531666],[6.996705,51.531824],[6.995106,51.530899],[6.995236,51.530502],[6.994987,51.530242],[6.994978,51.529214],[6.995199,51.522385],[6.992881,51.52031],[6.991312,51.517921],[6.986082,51.512948],[6.986136,51.510368],[6.987751,51.508659],[6.980139,51.505918],[6.975713,51.504665],[6.955393,51.501873],[6.942422,51.498507],[6.932263,51.497557],[6.928609,51.497038],[6.928398,51.497813],[6.929557,51.498317],[6.930542,51.499113],[6.930143,51.500059],[6.929907,51.500228],[6.929387,51.500133],[6.92945,51.499849],[6.928921,51.499544],[6.927513,51.49987],[6.927871,51.500394],[6.928243,51.501696],[6.928009,51.502132],[6.928511,51.502273],[6.927954,51.502998],[6.926488,51.503605],[6.926484,51.503855],[6.923383,51.503499],[6.913448,51.501827],[6.91129,51.501856],[6.907714,51.502517],[6.908191,51.50302],[6.908282,51.503407],[6.908234,51.505941],[6.907266,51.506448],[6.903536,51.509659],[6.901093,51.510433],[6.900045,51.511267],[6.901016,51.511886],[6.90074,51.512121],[6.901332,51.512494],[6.894071,51.515711],[6.89385,51.522921],[6.894041,51.523459],[6.89185,51.524409],[6.891279,51.524432],[6.890436,51.525205],[6.885317,51.527391],[6.885174,51.53656],[6.881768,51.538405],[6.879599,51.537809]]]},"properties":{"name":"Bottrop","basis":"Auf der offiziellen Revierübersicht benannte oder innerhalb des kartierten Megaplexumrisses liegende Kommune; heutige Gemeindegrenze als geografische Liniengrundlage","boundary_role":"lore-municipality","source":"Code for Germany / Click That Hood","source_url":"https://github.com/codeforgermany/click_that_hood","boundary_review_status":"contextual","boundary_review_label":"Offizielle RRP-Karte abgeglichen; heutige Gemeindegeometrie nur als Liniengrundlage","entity_id":258,"description_preview":"Bottrop ist auf der offiziellen Revierübersicht als Stadt oder Kommune innerhalb des Rhein-Ruhr-Megaplexes verzeichnet.","description_full":"Bottrop ist auf der offiziellen Revierübersicht als Stadt oder Kommune innerhalb des Rhein-Ruhr-Megaplexes verzeichnet. Die Flächendarstellung folgt dem mit der offiziellen Shadowrun-Karte abgeglichenen Kommunenbestand. Die heutige Gemeindegeometrie dient ausschließlich als geografische Liniengrundlage; eine darüber hinausgehende eigene Stadtbeschreibung ist im zugeordneten Datenmaterial nicht eindeutig belegt.","editions":["SR6","SR1","SR2","SR3","SR4","SR5"],"sources":[{"bookId":"rrp-map-sr6","title":"Revierbericht 2082 – Karte","edition":"SR6","citation":"Revierübersicht: Stadt/Kommune Bottrop","purpose":"description"},{"bookId":"dids-sr1","title":"Deutschland in den Schatten","edition":"SR1","citation":"RRP-Kapitel: Bottrop","purpose":"description"},{"bookId":"dids-sr2","title":"Deutschland in den Schatten","edition":"SR2","citation":"RRP-Kapitel: Bottrop","purpose":"description"},{"bookId":"dids2-sr3","title":"Deutschland in den Schatten II","edition":"SR3","citation":"RRP-Kapitel: Bottrop","purpose":"description"},{"bookId":"rrmp-sr4","title":"Rhein-Ruhr-Megaplex","edition":"SR4","citation":"RRP-Kapitel: Bottrop","purpose":"description"},{"bookId":"datapuls-adl-sr5","title":"Datapuls: ADL","edition":"SR5","citation":"RRP-Kapitel: Bottrop","purpose":"description"},{"bookId":"archive-sr4-reisef-hrer-in-die-deutschen-schatten","title":"Reiseführer in die deutschen Schatten","edition":"SR4","citation":"RRP-Kontextverweis: Bottrop","purpose":"description"},{"bookId":"archive-sr5-datapuls-komplett","title":"Datapuls - Komplett","edition":"SR5","citation":"RRP-Kontextverweis: Bottrop","purpose":"description"},{"bookId":"archive-sr5-datapuls-adl-allianz-deutscher-l-nder","title":"Datapuls ADL (Allianz deutscher Länder)","edition":"SR5","citation":"RRP-Kontextverweis: Bottrop","purpose":"description"},{"bookId":"archive-sr5-datapuls-adl","title":"Datapuls ADL","edition":"SR5","citation":"RRP-Kontextverweis: Bottrop","purpose":"description"},{"bookId":"archive-sr5-novapuls-77-03-29-027-extrapuls","title":"Novapuls 77-03-29 - 027 Extrapuls","edition":"SR5","citation":"RRP-Kontextverweis: Bottrop","purpose":"description"},{"bookId":"revierbericht-sr6","title":"Revierbericht 2082","edition":"SR6","citation":"RRP-Kontextverweis: Bottrop","purpose":"description"}]}},{"type":"Feature","geometry":{"type":"Polygon","coordinates":[[[6.833425,50.829664],[6.850073,50.843544],[6.853242,50.84193],[6.855347,50.842024],[6.857056,50.842857],[6.857967,50.842851],[6.859497,50.843317],[6.861169,50.843485],[6.863167,50.844268],[6.864556,50.844254],[6.866815,50.844685],[6.867569,50.845746],[6.871886,50.844757],[6.875014,50.84362],[6.879402,50.844596],[6.881176,50.846859],[6.888344,50.849041],[6.890187,50.850055],[6.893158,50.850816],[6.893382,50.85046],[6.893722,50.850427],[6.89453,50.84959],[6.894989,50.849408],[6.895052,50.848654],[6.896339,50.848702],[6.896625,50.848069],[6.902256,50.848025],[6.902793,50.848042],[6.902624,50.848999],[6.906419,50.849188],[6.909794,50.849712],[6.915869,50.850807],[6.915703,50.851288],[6.917474,50.851428],[6.918045,50.849881],[6.918256,50.850131],[6.920096,50.850416],[6.919897,50.849101],[6.923408,50.84911],[6.924921,50.843643],[6.92851,50.843928],[6.927904,50.841114],[6.929768,50.841278],[6.930888,50.837771],[6.93044,50.837457],[6.928867,50.837495],[6.932871,50.828428],[6.93406,50.823996],[6.934108,50.823136],[6.934364,50.823117],[6.936341,50.817337],[6.93943,50.811678],[6.936722,50.811078],[6.935983,50.81073],[6.94269,50.806043],[6.942538,50.805945],[6.943323,50.805402],[6.943689,50.804503],[6.941722,50.803975],[6.934092,50.805338],[6.930065,50.803857],[6.92965,50.804134],[6.92719,50.803007],[6.92685,50.803228],[6.923581,50.801969],[6.917536,50.800189],[6.917143,50.800763],[6.915296,50.800325],[6.91483,50.800669],[6.914696,50.800369],[6.912252,50.801514],[6.908516,50.802792],[6.896104,50.798023],[6.891099,50.797231],[6.891235,50.797041],[6.889849,50.796844],[6.88903,50.797191],[6.88876,50.796768],[6.888014,50.796622],[6.887894,50.796933],[6.887324,50.796987],[6.886073,50.796452],[6.885891,50.796651],[6.883756,50.796046],[6.883013,50.793375],[6.877741,50.792089],[6.870238,50.790784],[6.866447,50.785796],[6.863913,50.784811],[6.860111,50.788482],[6.857961,50.789444],[6.855794,50.789661],[6.853613,50.789214],[6.852086,50.788512],[6.851649,50.789739],[6.849673,50.790988],[6.848648,50.792278],[6.848147,50.793281],[6.848413,50.793912],[6.848884,50.794383],[6.848737,50.794574],[6.849156,50.794907],[6.848705,50.795854],[6.847675,50.796018],[6.846813,50.796422],[6.844878,50.79772],[6.845388,50.798233],[6.845256,50.798708],[6.845402,50.799169],[6.846271,50.800574],[6.845224,50.800813],[6.844528,50.801528],[6.842413,50.801951],[6.841606,50.802316],[6.843412,50.803657],[6.843831,50.8061],[6.844702,50.806855],[6.84521,50.807861],[6.844926,50.810392],[6.844951,50.811917],[6.844423,50.813018],[6.844507,50.813269],[6.842838,50.815199],[6.842724,50.81608],[6.843097,50.81613],[6.843743,50.817289],[6.842219,50.818989],[6.84156,50.820269],[6.842717,50.820256],[6.840029,50.823382],[6.838858,50.824258],[6.841703,50.825386],[6.840549,50.826752],[6.839613,50.826984],[6.838678,50.826973],[6.83747,50.828124],[6.833425,50.829664]]]},"properties":{"name":"Brühl","basis":"Auf der offiziellen Revierübersicht benannte oder innerhalb des kartierten Megaplexumrisses liegende Kommune; heutige Gemeindegrenze als geografische Liniengrundlage","boundary_role":"lore-municipality","source":"Code for Germany / Click That Hood","source_url":"https://github.com/codeforgermany/click_that_hood","boundary_review_status":"contextual","boundary_review_label":"Offizielle RRP-Karte abgeglichen; heutige Gemeindegeometrie nur als Liniengrundlage","entity_id":259,"description_preview":"Brühl ist auf der offiziellen Revierübersicht als Stadt oder Kommune innerhalb des Rhein-Ruhr-Megaplexes verzeichnet.","description_full":"Brühl ist auf der offiziellen Revierübersicht als Stadt oder Kommune innerhalb des Rhein-Ruhr-Megaplexes verzeichnet. Die Flächendarstellung folgt dem mit der offiziellen Shadowrun-Karte abgeglichenen Kommunenbestand. Die heutige Gemeindegeometrie dient ausschließlich als geografische Liniengrundlage; eine darüber hinausgehende eigene Stadtbeschreibung ist im zugeordneten Datenmaterial nicht eindeutig belegt.","editions":["SR6"],"sources":[{"bookId":"rrp-map-sr6","title":"Revierbericht 2082 – Karte","edition":"SR6","citation":"Revierübersicht: Stadt/Kommune Brühl","purpose":"description"}]}},{"type":"Feature","geometry":{"type":"Polygon","coordinates":[[[7.714316,51.605038],[7.714417,51.606781],[7.714091,51.607004],[7.714042,51.607367],[7.714354,51.608955],[7.714392,51.610494],[7.714893,51.611017],[7.715529,51.612912],[7.719336,51.614692],[7.719036,51.614804],[7.719294,51.615683],[7.719296,51.616587],[7.72085,51.617912],[7.721769,51.618423],[7.721889,51.620869],[7.72171,51.622246],[7.721996,51.622714],[7.722949,51.623107],[7.722999,51.624066],[7.724233,51.624347],[7.724744,51.622045],[7.725603,51.62205],[7.725493,51.622617],[7.726801,51.623095],[7.727344,51.623817],[7.725848,51.625399],[7.728197,51.626644],[7.728368,51.626919],[7.729454,51.625982],[7.729604,51.626042],[7.730098,51.625267],[7.730359,51.624297],[7.732888,51.624626],[7.733746,51.624924],[7.734192,51.624219],[7.734692,51.624436],[7.736884,51.624593],[7.737566,51.624848],[7.737922,51.625426],[7.739198,51.625798],[7.739381,51.625401],[7.743393,51.625363],[7.743191,51.624934],[7.746008,51.625039],[7.746249,51.624688],[7.747198,51.624406],[7.747342,51.623969],[7.752293,51.624148],[7.752833,51.624731],[7.754118,51.624298],[7.75943,51.624181],[7.759185,51.621611],[7.759537,51.620532],[7.764782,51.62166],[7.764875,51.621968],[7.766893,51.620085],[7.768958,51.620243],[7.769039,51.61976],[7.769241,51.619764],[7.774151,51.620285],[7.774568,51.619898],[7.778176,51.62036],[7.778078,51.620686],[7.780473,51.621118],[7.780207,51.621735],[7.780886,51.621934],[7.782883,51.620514],[7.783755,51.620976],[7.786087,51.61875],[7.786779,51.617862],[7.810654,51.622012],[7.811871,51.61782],[7.813504,51.615264],[7.812365,51.614985],[7.815672,51.610664],[7.816789,51.608034],[7.816549,51.606129],[7.812623,51.606356],[7.813464,51.605647],[7.814691,51.604038],[7.814696,51.603237],[7.812797,51.603481],[7.811079,51.602866],[7.812382,51.601534],[7.81332,51.600109],[7.813592,51.598079],[7.813285,51.59733],[7.813483,51.596949],[7.814072,51.596156],[7.815885,51.595976],[7.815489,51.594949],[7.814957,51.594977],[7.815066,51.59429],[7.814869,51.594277],[7.815604,51.592405],[7.814431,51.592109],[7.814481,51.591487],[7.814028,51.591368],[7.814378,51.590461],[7.818318,51.589862],[7.819103,51.586067],[7.821764,51.58628],[7.822106,51.584662],[7.822736,51.584794],[7.822334,51.582439],[7.824838,51.580611],[7.824031,51.580193],[7.823924,51.579697],[7.824381,51.577959],[7.821745,51.57799],[7.821543,51.577204],[7.81628,51.575674],[7.816907,51.57426],[7.815538,51.574061],[7.815717,51.573449],[7.814461,51.573273],[7.815199,51.571785],[7.811076,51.571706],[7.810665,51.572865],[7.810111,51.573358],[7.810559,51.573892],[7.810469,51.574202],[7.80674,51.572476],[7.805715,51.571792],[7.805409,51.57104],[7.803847,51.569953],[7.802341,51.569079],[7.800902,51.568709],[7.798932,51.567598],[7.796772,51.565625],[7.796236,51.565943],[7.79306,51.562447],[7.793063,51.561309],[7.789419,51.562209],[7.787306,51.561203],[7.785643,51.561592],[7.783133,51.561779],[7.782314,51.562095],[7.78112,51.562963],[7.780702,51.5638],[7.780795,51.564778],[7.777126,51.564429],[7.773459,51.564639],[7.764936,51.565626],[7.760434,51.565227],[7.760167,51.56559],[7.759418,51.565215],[7.757223,51.564893],[7.75426,51.564974],[7.753546,51.565092],[7.752442,51.565622],[7.751872,51.566321],[7.747767,51.566669],[7.746381,51.566294],[7.744554,51.565099],[7.742165,51.565785],[7.740834,51.565607],[7.740287,51.565873],[7.739672,51.565551],[7.739538,51.565653],[7.746898,51.569878],[7.745373,51.572246],[7.745114,51.573241],[7.74512,51.576215],[7.745334,51.57713],[7.746764,51.578048],[7.748201,51.580863],[7.749565,51.581695],[7.75045,51.58268],[7.749834,51.582915],[7.750057,51.584329],[7.749482,51.58613],[7.750127,51.587055],[7.749197,51.587143],[7.748846,51.586994],[7.749009,51.586493],[7.745884,51.585883],[7.745152,51.585984],[7.744898,51.586248],[7.744532,51.586178],[7.744237,51.586076],[7.744021,51.585615],[7.743768,51.585493],[7.743376,51.585587],[7.742252,51.586757],[7.741403,51.58642],[7.740613,51.586362],[7.74032,51.585847],[7.739521,51.586304],[7.73899,51.586338],[7.738433,51.585521],[7.738134,51.585436],[7.736968,51.586431],[7.736292,51.586172],[7.736013,51.58543],[7.73441,51.585091],[7.733723,51.585342],[7.733074,51.586262],[7.73166,51.586238],[7.729415,51.586865],[7.727351,51.588221],[7.726125,51.588318],[7.725528,51.588142],[7.725213,51.588871],[7.724397,51.588843],[7.723767,51.588499],[7.722713,51.588844],[7.721997,51.58845],[7.720085,51.589142],[7.719688,51.588817],[7.718472,51.588857],[7.718581,51.589656],[7.715554,51.589997],[7.71566,51.591361],[7.718276,51.591223],[7.718567,51.592202],[7.719563,51.592589],[7.719345,51.592989],[7.718411,51.593519],[7.717948,51.594633],[7.717974,51.595385],[7.717559,51.596327],[7.71538,51.596739],[7.713226,51.598484],[7.711996,51.599064],[7.713498,51.599295],[7.714961,51.60018],[7.714289,51.600398],[7.713975,51.600888],[7.712176,51.601323],[7.712003,51.601713],[7.71658,51.602688],[7.714316,51.605038]]]},"properties":{"name":"Bönen","basis":"Auf der offiziellen Revierübersicht benannte oder innerhalb des kartierten Megaplexumrisses liegende Kommune; heutige Gemeindegrenze als geografische Liniengrundlage","boundary_role":"lore-municipality","source":"Code for Germany / Click That Hood","source_url":"https://github.com/codeforgermany/click_that_hood","boundary_review_status":"contextual","boundary_review_label":"Offizielle RRP-Karte abgeglichen; heutige Gemeindegeometrie nur als Liniengrundlage","entity_id":260,"description_preview":"Bönen ist auf der offiziellen Revierübersicht als Stadt oder Kommune innerhalb des Rhein-Ruhr-Megaplexes verzeichnet.","description_full":"Bönen ist auf der offiziellen Revierübersicht als Stadt oder Kommune innerhalb des Rhein-Ruhr-Megaplexes verzeichnet. Die Flächendarstellung folgt dem mit der offiziellen Shadowrun-Karte abgeglichenen Kommunenbestand. Die heutige Gemeindegeometrie dient ausschließlich als geografische Liniengrundlage; eine darüber hinausgehende eigene Stadtbeschreibung ist im zugeordneten Datenmaterial nicht eindeutig belegt.","editions":["SR6"],"sources":[{"bookId":"rrp-map-sr6","title":"Revierbericht 2082 – Karte","edition":"SR6","citation":"Revierübersicht: Stadt/Kommune Bönen","purpose":"description"}]}},{"type":"Feature","geometry":{"type":"Polygon","coordinates":[[[7.327982,51.521919],[7.324705,51.522647],[7.32441,51.523626],[7.323602,51.524011],[7.323164,51.523588],[7.323514,51.523435],[7.319992,51.522597],[7.319697,51.522535],[7.319519,51.522985],[7.31607,51.521902],[7.315707,51.522533],[7.314688,51.522111],[7.313933,51.522655],[7.314419,51.523115],[7.314339,51.523249],[7.314546,51.523397],[7.31438,51.523571],[7.313158,51.523314],[7.313062,51.524071],[7.312866,51.524144],[7.310626,51.523652],[7.310669,51.524213],[7.309505,51.52601],[7.308919,51.526399],[7.304157,51.525433],[7.303163,51.52761],[7.302113,51.527365],[7.301571,51.528479],[7.301133,51.528358],[7.300679,51.529381],[7.300411,51.529309],[7.29972,51.530894],[7.29718,51.530182],[7.296952,51.530564],[7.295694,51.529964],[7.294182,51.532244],[7.293999,51.533234],[7.293062,51.53407],[7.293528,51.534412],[7.294354,51.534379],[7.295416,51.535071],[7.295527,51.537032],[7.296501,51.538476],[7.295924,51.539983],[7.296133,51.540173],[7.29598,51.540517],[7.296444,51.540631],[7.29622,51.540713],[7.296454,51.541239],[7.296401,51.541707],[7.295575,51.541875],[7.294426,51.542621],[7.292977,51.542255],[7.292228,51.542523],[7.292063,51.543101],[7.292778,51.543415],[7.292859,51.543763],[7.29251,51.543858],[7.292266,51.544478],[7.290962,51.54413],[7.290356,51.545687],[7.290746,51.545785],[7.290729,51.54592],[7.288333,51.545476],[7.288523,51.54588],[7.286184,51.545506],[7.285442,51.545865],[7.285384,51.547501],[7.285852,51.549507],[7.284895,51.551811],[7.284702,51.553253],[7.283252,51.552958],[7.282494,51.556008],[7.273802,51.555549],[7.273718,51.556572],[7.272921,51.556754],[7.271209,51.557769],[7.271787,51.55817],[7.272486,51.559397],[7.271898,51.559989],[7.271404,51.559525],[7.269284,51.55964],[7.26922,51.559969],[7.266389,51.559916],[7.265017,51.561274],[7.263635,51.560352],[7.262744,51.560202],[7.263396,51.56275],[7.264336,51.563208],[7.264898,51.563905],[7.264546,51.565411],[7.264998,51.565757],[7.264908,51.566147],[7.266059,51.566703],[7.264178,51.568578],[7.254184,51.564798],[7.253927,51.565049],[7.24965,51.564775],[7.249509,51.565548],[7.249694,51.565901],[7.248218,51.566147],[7.2477,51.56964],[7.247174,51.569248],[7.245366,51.569596],[7.244982,51.570485],[7.243093,51.569878],[7.243131,51.570838],[7.242799,51.570983],[7.243122,51.571454],[7.242484,51.571747],[7.243261,51.572108],[7.243037,51.572736],[7.243176,51.572832],[7.242664,51.57334],[7.248123,51.575293],[7.250793,51.576001],[7.25203,51.576669],[7.252805,51.577478],[7.255187,51.581219],[7.256661,51.582318],[7.258336,51.582806],[7.260045,51.582895],[7.26162,51.582622],[7.26439,51.581651],[7.266297,51.581593],[7.28305,51.586588],[7.284835,51.587425],[7.288468,51.590742],[7.291445,51.592211],[7.29381,51.594486],[7.294871,51.595072],[7.294526,51.596365],[7.295066,51.596621],[7.294452,51.597663],[7.293406,51.597377],[7.292963,51.599374],[7.291983,51.598753],[7.291712,51.598831],[7.291082,51.600965],[7.289354,51.601039],[7.290008,51.601895],[7.288048,51.602674],[7.285137,51.602329],[7.285095,51.603129],[7.284783,51.603088],[7.28547,51.604154],[7.284933,51.604976],[7.284044,51.605224],[7.27994,51.605627],[7.279921,51.6061],[7.28005,51.606098],[7.280106,51.606765],[7.280886,51.608776],[7.284844,51.6104],[7.293341,51.613176],[7.293085,51.613498],[7.292128,51.613314],[7.292366,51.614378],[7.291433,51.616661],[7.290796,51.620672],[7.285341,51.620673],[7.285345,51.621474],[7.297513,51.626413],[7.298928,51.625085],[7.300856,51.625984],[7.301317,51.626009],[7.30177,51.625694],[7.301489,51.624715],[7.304196,51.623868],[7.3046,51.623413],[7.305474,51.623182],[7.307298,51.623078],[7.306824,51.620911],[7.307047,51.620827],[7.306747,51.620225],[7.306205,51.620162],[7.30622,51.618969],[7.305808,51.618935],[7.305987,51.61865],[7.305695,51.618363],[7.305247,51.618527],[7.304933,51.617973],[7.304951,51.616764],[7.304205,51.616498],[7.310009,51.613636],[7.310115,51.614277],[7.311159,51.614987],[7.312736,51.615262],[7.312609,51.615653],[7.314956,51.615979],[7.315068,51.616559],[7.316658,51.616515],[7.32093,51.615958],[7.320744,51.613742],[7.319101,51.613177],[7.322318,51.608444],[7.329354,51.610162],[7.331084,51.611116],[7.332302,51.610715],[7.332211,51.61042],[7.33269,51.610204],[7.332203,51.609541],[7.332709,51.609035],[7.333952,51.60907],[7.33453,51.611098],[7.335962,51.611539],[7.336207,51.610949],[7.336818,51.610767],[7.33542,51.608886],[7.3379,51.608656],[7.340476,51.609086],[7.340779,51.609875],[7.342284,51.609592],[7.342385,51.60827],[7.344866,51.608257],[7.344026,51.606697],[7.34394,51.606039],[7.343542,51.605429],[7.343645,51.605084],[7.338835,51.604705],[7.338765,51.604576],[7.339357,51.604068],[7.339532,51.60364],[7.340913,51.603194],[7.340262,51.602512],[7.339486,51.602257],[7.338762,51.602238],[7.336931,51.602685],[7.336884,51.602125],[7.337087,51.601875],[7.340295,51.600848],[7.341728,51.600185],[7.341855,51.5995],[7.344456,51.600204],[7.345387,51.599793],[7.346562,51.600358],[7.347179,51.60032],[7.347686,51.600588],[7.348885,51.600329],[7.349342,51.599903],[7.351728,51.600157],[7.352023,51.599535],[7.353503,51.599047],[7.353242,51.598753],[7.353293,51.598553],[7.35452,51.598466],[7.355173,51.599097],[7.35521,51.5994],[7.35499,51.599668],[7.355223,51.599825],[7.356132,51.599473],[7.356801,51.598527],[7.357289,51.598337],[7.358573,51.597124],[7.36085,51.595634],[7.361043,51.595206],[7.361839,51.594579],[7.364216,51.594019],[7.368828,51.591865],[7.371753,51.590863],[7.371772,51.589809],[7.368241,51.582528],[7.36316,51.583655],[7.360772,51.583023],[7.360889,51.582682],[7.360735,51.582177],[7.360098,51.582241],[7.359394,51.581814],[7.358311,51.581788],[7.357153,51.582194],[7.357048,51.582596],[7.353846,51.585199],[7.353495,51.584262],[7.353506,51.583544],[7.352291,51.582865],[7.351307,51.582785],[7.350271,51.581996],[7.348742,51.581894],[7.349771,51.581125],[7.345381,51.579534],[7.342878,51.578985],[7.342587,51.578343],[7.339812,51.577169],[7.339352,51.577246],[7.338506,51.576778],[7.339946,51.575794],[7.343652,51.571839],[7.344483,51.571217],[7.345044,51.57161],[7.346412,51.571957],[7.347171,51.571271],[7.347704,51.571059],[7.350314,51.567383],[7.349425,51.566946],[7.353723,51.56524],[7.351343,51.563279],[7.35146,51.563024],[7.351068,51.559698],[7.351752,51.559721],[7.351336,51.560374],[7.351946,51.56071],[7.353911,51.558683],[7.35478,51.558135],[7.354533,51.558069],[7.355266,51.556898],[7.356367,51.55624],[7.356459,51.555997],[7.355312,51.555462],[7.354845,51.554649],[7.354547,51.55471],[7.352762,51.554175],[7.353169,51.553909],[7.350671,51.552365],[7.350918,51.552204],[7.351483,51.552324],[7.351738,51.552128],[7.352505,51.552276],[7.352704,51.551838],[7.352576,51.551808],[7.353581,51.550558],[7.351247,51.549786],[7.351118,51.549661],[7.351374,51.549356],[7.35225,51.54897],[7.349768,51.547343],[7.348982,51.547289],[7.348455,51.546571],[7.349633,51.546816],[7.349958,51.546289],[7.350417,51.546271],[7.347414,51.545402],[7.349403,51.543092],[7.348712,51.542808],[7.349976,51.540546],[7.349684,51.540564],[7.349788,51.539295],[7.350411,51.539273],[7.351402,51.538563],[7.352219,51.538473],[7.352922,51.537899],[7.353489,51.538243],[7.353487,51.538918],[7.354588,51.538794],[7.354561,51.538549],[7.355006,51.537991],[7.35544,51.536837],[7.356135,51.536169],[7.357164,51.53569],[7.356975,51.535278],[7.357458,51.534605],[7.357207,51.534511],[7.357448,51.533895],[7.357738,51.533712],[7.361391,51.534075],[7.36185,51.53318],[7.360606,51.53295],[7.36135,51.531344],[7.361764,51.531412],[7.362029,51.530822],[7.36386,51.529756],[7.362745,51.529432],[7.363938,51.52806],[7.362575,51.52715],[7.361428,51.528321],[7.360246,51.527986],[7.359013,51.527169],[7.358522,51.527321],[7.357447,51.526848],[7.357576,51.526629],[7.356376,51.52619],[7.355873,51.52571],[7.355693,51.524894],[7.353959,51.524959],[7.354158,51.523799],[7.351079,51.523485],[7.349955,51.523154],[7.349859,51.523302],[7.346336,51.522265],[7.346069,51.522597],[7.346731,51.523391],[7.346463,51.524143],[7.344797,51.523207],[7.343992,51.523504],[7.343434,51.523288],[7.343319,51.524282],[7.341343,51.52339],[7.340194,51.521957],[7.340322,51.521843],[7.336845,51.521209],[7.334796,51.520346],[7.333929,51.520522],[7.333676,51.52035],[7.333209,51.52077],[7.332485,51.521056],[7.331048,51.521095],[7.330136,51.52083],[7.327982,51.521919]]]},"properties":{"name":"Castrop-Rauxel","basis":"Auf der offiziellen Revierübersicht benannte oder innerhalb des kartierten Megaplexumrisses liegende Kommune; heutige Gemeindegrenze als geografische Liniengrundlage","boundary_role":"lore-municipality","source":"Code for Germany / Click That Hood","source_url":"https://github.com/codeforgermany/click_that_hood","boundary_review_status":"contextual","boundary_review_label":"Offizielle RRP-Karte abgeglichen; heutige Gemeindegeometrie nur als Liniengrundlage","entity_id":261,"description_preview":"Castrop-Rauxel ist auf der offiziellen Revierübersicht als Stadt oder Kommune innerhalb des Rhein-Ruhr-Megaplexes verzeichnet.","description_full":"Castrop-Rauxel ist auf der offiziellen Revierübersicht als Stadt oder Kommune innerhalb des Rhein-Ruhr-Megaplexes verzeichnet. Die Flächendarstellung folgt dem mit der offiziellen Shadowrun-Karte abgeglichenen Kommunenbestand. Die heutige Gemeindegeometrie dient ausschließlich als geografische Liniengrundlage; eine darüber hinausgehende eigene Stadtbeschreibung ist im zugeordneten Datenmaterial nicht eindeutig belegt.","editions":["SR6","SR4","SR2"],"sources":[{"bookId":"rrp-map-sr6","title":"Revierbericht 2082 – Karte","edition":"SR6","citation":"Revierübersicht: Stadt/Kommune Castrop-Rauxel","purpose":"description"},{"bookId":"rrmp-sr4","title":"Rhein-Ruhr-Megaplex","edition":"SR4","citation":"RRP-Kapitel: Castrop-Rauxel","purpose":"description"},{"bookId":"archive-sr2-walzer-punks-schwarzes-ice","title":"Walzer, Punks & Schwarzes Ice","edition":"SR2","citation":"RRP-Kontextverweis: Castrop-Rauxel","purpose":"description"},{"bookId":"revierbericht-sr6","title":"Revierbericht 2082","edition":"SR6","citation":"RRP-Kontextverweis: Castrop-Rauxel","purpose":"description"}]}},{"type":"Feature","geometry":{"type":"Polygon","coordinates":[[[7.263605,51.703483],[7.282095,51.711455],[7.281916,51.711544],[7.282113,51.71192],[7.281966,51.711977],[7.283451,51.714562],[7.283124,51.714541],[7.284852,51.71796],[7.285555,51.718854],[7.285495,51.719434],[7.284797,51.720635],[7.287021,51.720589],[7.290295,51.719281],[7.293057,51.719129],[7.293821,51.718638],[7.295113,51.717217],[7.296736,51.716518],[7.297409,51.716024],[7.298226,51.714402],[7.300406,51.711389],[7.30063,51.710836],[7.300578,51.710298],[7.299189,51.708948],[7.298815,51.708197],[7.298889,51.706483],[7.29949,51.705764],[7.300161,51.70559],[7.301084,51.705693],[7.303543,51.707148],[7.305331,51.707735],[7.306085,51.708356],[7.305992,51.709801],[7.306506,51.710498],[7.309095,51.711549],[7.310546,51.711591],[7.311609,51.711237],[7.311925,51.710869],[7.311956,51.710496],[7.31133,51.708795],[7.311119,51.707254],[7.308893,51.706005],[7.307908,51.704985],[7.307838,51.704442],[7.308013,51.704012],[7.308842,51.703384],[7.312074,51.702666],[7.315482,51.701568],[7.316855,51.701631],[7.317873,51.701957],[7.318286,51.702213],[7.318893,51.703081],[7.319504,51.703282],[7.320489,51.703101],[7.321854,51.702293],[7.322696,51.702039],[7.326609,51.701906],[7.328133,51.701027],[7.32877,51.70006],[7.329478,51.698421],[7.33075,51.696968],[7.331927,51.696412],[7.333,51.696516],[7.334223,51.696938],[7.334532,51.698431],[7.335265,51.698969],[7.335994,51.698981],[7.336681,51.698719],[7.337525,51.69697],[7.33873,51.69659],[7.339459,51.696759],[7.339733,51.697051],[7.339355,51.698996],[7.339617,51.699311],[7.34264,51.699782],[7.344388,51.699418],[7.345485,51.698801],[7.346236,51.698027],[7.34704,51.696366],[7.346938,51.695655],[7.346579,51.695204],[7.344285,51.694044],[7.342435,51.692185],[7.342777,51.691823],[7.34504,51.691032],[7.345301,51.69075],[7.345303,51.690364],[7.34412,51.689431],[7.343017,51.688917],[7.33931,51.68813],[7.338962,51.687778],[7.339244,51.68745],[7.340225,51.687172],[7.342272,51.687187],[7.343269,51.68698],[7.346943,51.684591],[7.3484,51.683966],[7.349771,51.683787],[7.353206,51.683816],[7.354299,51.683573],[7.356,51.68272],[7.358564,51.680575],[7.359667,51.680093],[7.364784,51.679918],[7.36859,51.680304],[7.371745,51.679649],[7.376713,51.679185],[7.380523,51.677796],[7.381077,51.677499],[7.382387,51.676263],[7.388723,51.67239],[7.389527,51.671577],[7.390481,51.670039],[7.391113,51.669593],[7.393482,51.669022],[7.397471,51.668673],[7.401769,51.666453],[7.407886,51.665327],[7.411388,51.66332],[7.41332,51.662458],[7.415086,51.662014],[7.417378,51.661791],[7.416953,51.661141],[7.416678,51.661065],[7.416014,51.659781],[7.415467,51.659306],[7.417629,51.658827],[7.416693,51.657695],[7.415462,51.656663],[7.421302,51.655345],[7.409347,51.645386],[7.40813,51.646218],[7.40631,51.646983],[7.399909,51.648318],[7.397742,51.649073],[7.39681,51.649845],[7.394881,51.65299],[7.39379,51.652612],[7.392646,51.653943],[7.391235,51.652992],[7.393312,51.651031],[7.393356,51.649598],[7.388129,51.651245],[7.387057,51.651408],[7.383971,51.649854],[7.383256,51.650258],[7.382213,51.651288],[7.380853,51.651686],[7.380405,51.650805],[7.380637,51.649589],[7.379638,51.649111],[7.379245,51.649384],[7.374445,51.649458],[7.369057,51.648725],[7.367308,51.648125],[7.360948,51.648613],[7.360292,51.647474],[7.360315,51.647234],[7.361785,51.645973],[7.36153,51.64558],[7.361841,51.645307],[7.361223,51.643728],[7.361903,51.641566],[7.362713,51.641459],[7.362667,51.633086],[7.364181,51.633027],[7.364284,51.63265],[7.363867,51.631315],[7.363884,51.630829],[7.36092,51.631405],[7.358994,51.631322],[7.357739,51.630961],[7.356421,51.630898],[7.356084,51.628619],[7.354742,51.626045],[7.355583,51.624979],[7.355546,51.623792],[7.354831,51.623764],[7.35364,51.623223],[7.351231,51.623567],[7.348339,51.623686],[7.348258,51.623855],[7.346264,51.624059],[7.345751,51.622352],[7.34386,51.621884],[7.342302,51.621744],[7.342112,51.622353],[7.340503,51.622896],[7.340596,51.623669],[7.339698,51.623657],[7.339929,51.625605],[7.339501,51.625594],[7.339278,51.625849],[7.339368,51.62659],[7.33784,51.626785],[7.337276,51.626663],[7.337428,51.626894],[7.337823,51.626864],[7.338321,51.627573],[7.335559,51.627773],[7.333573,51.627286],[7.333209,51.62701],[7.332557,51.627121],[7.332153,51.62677],[7.33202,51.625926],[7.331689,51.625643],[7.331675,51.62503],[7.331033,51.624768],[7.330691,51.624186],[7.330033,51.623789],[7.32987,51.623129],[7.328817,51.622498],[7.328187,51.622489],[7.329383,51.620882],[7.328985,51.62039],[7.328801,51.620565],[7.328668,51.620394],[7.329705,51.618806],[7.330628,51.618602],[7.329961,51.618061],[7.329465,51.617932],[7.328523,51.618143],[7.328513,51.617982],[7.324439,51.618356],[7.323024,51.618705],[7.320282,51.616026],[7.315068,51.616559],[7.314956,51.615979],[7.312609,51.615653],[7.312736,51.615262],[7.311159,51.614987],[7.310115,51.614277],[7.310009,51.613636],[7.304205,51.616498],[7.304951,51.616764],[7.304933,51.617973],[7.305247,51.618527],[7.305695,51.618363],[7.305987,51.61865],[7.305808,51.618935],[7.30622,51.618969],[7.306205,51.620162],[7.306747,51.620225],[7.307047,51.620827],[7.306824,51.620911],[7.307298,51.623078],[7.305474,51.623182],[7.3046,51.623413],[7.304196,51.623868],[7.301489,51.624715],[7.30177,51.625694],[7.301249,51.626025],[7.298928,51.625085],[7.297513,51.626413],[7.285345,51.621474],[7.285341,51.620673],[7.282358,51.620668],[7.278329,51.619553],[7.277839,51.61985],[7.277601,51.620318],[7.276092,51.620102],[7.273823,51.620249],[7.273955,51.621446],[7.271754,51.621816],[7.271422,51.6222],[7.271989,51.623444],[7.271979,51.623908],[7.274196,51.624929],[7.27398,51.625836],[7.274292,51.626798],[7.274184,51.627999],[7.279274,51.627818],[7.286525,51.628661],[7.286536,51.629222],[7.290453,51.631348],[7.289763,51.63183],[7.290749,51.632332],[7.290938,51.634439],[7.293272,51.635011],[7.293275,51.635409],[7.293604,51.63547],[7.29374,51.635855],[7.292818,51.637236],[7.292147,51.639178],[7.291864,51.639528],[7.295415,51.641355],[7.295304,51.641787],[7.295613,51.642832],[7.296489,51.644338],[7.297208,51.645072],[7.297099,51.646728],[7.297353,51.648725],[7.294015,51.649006],[7.295996,51.6513],[7.295557,51.651422],[7.295542,51.652118],[7.294032,51.651942],[7.294416,51.653021],[7.294297,51.653241],[7.287591,51.65289],[7.286518,51.654082],[7.286513,51.654673],[7.285857,51.655504],[7.28586,51.655961],[7.284995,51.65717],[7.282875,51.658178],[7.282753,51.658626],[7.28231,51.658883],[7.28057,51.658419],[7.280188,51.659204],[7.279522,51.659963],[7.276892,51.65973],[7.275331,51.660342],[7.271522,51.659891],[7.269636,51.661356],[7.268084,51.662955],[7.267526,51.664515],[7.267856,51.66638],[7.267168,51.667694],[7.26394,51.669738],[7.256505,51.680168],[7.256349,51.684148],[7.253496,51.685208],[7.248344,51.687825],[7.245898,51.6917],[7.239946,51.690245],[7.242076,51.694538],[7.243737,51.697068],[7.24532,51.701242],[7.246411,51.702848],[7.24699,51.705268],[7.250441,51.7067],[7.257366,51.699545],[7.263605,51.703483]]]},"properties":{"name":"Datteln","basis":"Auf der offiziellen Revierübersicht benannte oder innerhalb des kartierten Megaplexumrisses liegende Kommune; heutige Gemeindegrenze als geografische Liniengrundlage","boundary_role":"lore-municipality","source":"Code for Germany / Click That Hood","source_url":"https://github.com/codeforgermany/click_that_hood","boundary_review_status":"contextual","boundary_review_label":"Offizielle RRP-Karte abgeglichen; heutige Gemeindegeometrie nur als Liniengrundlage","entity_id":262,"description_preview":"Datteln ist auf der offiziellen Revierübersicht als Stadt oder Kommune innerhalb des Rhein-Ruhr-Megaplexes verzeichnet.","description_full":"Datteln ist auf der offiziellen Revierübersicht als Stadt oder Kommune innerhalb des Rhein-Ruhr-Megaplexes verzeichnet. Die Flächendarstellung folgt dem mit der offiziellen Shadowrun-Karte abgeglichenen Kommunenbestand. Die heutige Gemeindegeometrie dient ausschließlich als geografische Liniengrundlage; eine darüber hinausgehende eigene Stadtbeschreibung ist im zugeordneten Datenmaterial nicht eindeutig belegt.","editions":["SR6","SR1","SR2","SR4"],"sources":[{"bookId":"rrp-map-sr6","title":"Revierbericht 2082 – Karte","edition":"SR6","citation":"Revierübersicht: Stadt/Kommune Datteln","purpose":"description"},{"bookId":"dids-sr1","title":"Deutschland in den Schatten","edition":"SR1","citation":"RRP-Kapitel: Datteln","purpose":"description"},{"bookId":"dids-sr2","title":"Deutschland in den Schatten","edition":"SR2","citation":"RRP-Kapitel: Datteln","purpose":"description"},{"bookId":"archive-sr4-almanach-der-sechsten-welt","title":"Almanach der Sechsten Welt","edition":"SR4","citation":"RRP-Kontextverweis: Datteln","purpose":"description"},{"bookId":"revierbericht-sr6","title":"Revierbericht 2082","edition":"SR6","citation":"RRP-Kontextverweis: Datteln","purpose":"description"}]}},{"type":"Feature","geometry":{"type":"Polygon","coordinates":[[[6.862048,51.593561],[6.861525,51.593174],[6.861295,51.593305],[6.860685,51.59317],[6.860575,51.592842],[6.86079,51.592249],[6.859795,51.59193],[6.86013,51.591903],[6.859891,51.59147],[6.860199,51.591349],[6.859675,51.591151],[6.860205,51.591153],[6.860081,51.590948],[6.85989,51.591053],[6.859423,51.590749],[6.859366,51.590337],[6.859734,51.589993],[6.859897,51.590065],[6.859767,51.589835],[6.859461,51.589827],[6.859357,51.59013],[6.858658,51.589625],[6.858028,51.589696],[6.858013,51.589474],[6.857298,51.58933],[6.857453,51.589217],[6.857391,51.588917],[6.856983,51.588847],[6.857005,51.58918],[6.856672,51.589053],[6.856686,51.588839],[6.856345,51.588945],[6.856471,51.588716],[6.856079,51.588607],[6.85612,51.588445],[6.85589,51.588438],[6.8557,51.588133],[6.854871,51.588171],[6.855015,51.587975],[6.854628,51.587931],[6.854319,51.588092],[6.854112,51.587953],[6.854364,51.58791],[6.85427,51.587686],[6.854022,51.587539],[6.854027,51.587792],[6.853662,51.587765],[6.853877,51.587592],[6.853554,51.587533],[6.85329,51.587116],[6.853205,51.587314],[6.852677,51.58739],[6.852509,51.587049],[6.851998,51.587254],[6.851392,51.587095],[6.850961,51.586732],[6.851003,51.586394],[6.84997,51.586235],[6.850303,51.586116],[6.850093,51.585778],[6.849248,51.585668],[6.849194,51.585156],[6.848437,51.585402],[6.848353,51.584998],[6.847883,51.584839],[6.848098,51.584696],[6.847119,51.58468],[6.846549,51.584427],[6.845918,51.584496],[6.845091,51.584088],[6.845296,51.583699],[6.844504,51.583764],[6.844437,51.583575],[6.843907,51.583465],[6.844066,51.583253],[6.843642,51.583037],[6.843392,51.583256],[6.843134,51.583202],[6.843218,51.583068],[6.84305,51.582953],[6.84346,51.582738],[6.842884,51.582781],[6.842838,51.582559],[6.842461,51.582463],[6.842591,51.582317],[6.84179,51.582125],[6.841581,51.582454],[6.84088,51.582601],[6.840847,51.582394],[6.840411,51.582349],[6.840222,51.582515],[6.839931,51.582311],[6.839996,51.582093],[6.839568,51.582023],[6.839515,51.582202],[6.839192,51.581925],[6.839224,51.581749],[6.838586,51.581631],[6.838357,51.580993],[6.83784,51.58119],[6.83769,51.581023],[6.837102,51.581085],[6.836816,51.580842],[6.836412,51.581067],[6.836275,51.580752],[6.835954,51.580893],[6.836069,51.581133],[6.83575,51.580852],[6.835412,51.58115],[6.834646,51.580558],[6.835021,51.580592],[6.834911,51.580418],[6.835201,51.580505],[6.835391,51.580323],[6.834797,51.580219],[6.834576,51.580443],[6.834308,51.580392],[6.834385,51.580191],[6.833855,51.580021],[6.8326,51.579992],[6.827624,51.577524],[6.823627,51.576921],[6.819157,51.575503],[6.816514,51.574201],[6.814477,51.574104],[6.814698,51.573582],[6.815664,51.573045],[6.815879,51.572317],[6.817293,51.570172],[6.818689,51.569023],[6.818915,51.568395],[6.821294,51.565865],[6.821629,51.565259],[6.809582,51.561581],[6.809707,51.561309],[6.808202,51.560739],[6.806409,51.560482],[6.807263,51.55806],[6.798931,51.55683],[6.798059,51.556751],[6.797207,51.556948],[6.796589,51.55632],[6.796908,51.556074],[6.795547,51.554764],[6.794967,51.554968],[6.789986,51.551951],[6.787259,51.550544],[6.783082,51.546755],[6.782856,51.546301],[6.782656,51.545574],[6.78313,51.545538],[6.784409,51.541643],[6.784071,51.541482],[6.784057,51.540256],[6.783895,51.540232],[6.784131,51.539688],[6.783753,51.539672],[6.783311,51.538802],[6.783351,51.538411],[6.783903,51.538437],[6.783968,51.53811],[6.784559,51.538104],[6.785411,51.537249],[6.78313,51.535957],[6.783677,51.535546],[6.784022,51.534441],[6.783724,51.534249],[6.783955,51.533379],[6.781812,51.532804],[6.781761,51.533107],[6.780942,51.532749],[6.779418,51.533415],[6.776008,51.534053],[6.775963,51.534528],[6.773668,51.534855],[6.772972,51.53553],[6.772674,51.535307],[6.772474,51.534506],[6.770363,51.534392],[6.770392,51.534231],[6.763823,51.534154],[6.763731,51.533664],[6.762804,51.532718],[6.761931,51.532478],[6.760612,51.533626],[6.758509,51.533617],[6.757232,51.533984],[6.756305,51.534754],[6.75525,51.53482],[6.753881,51.536379],[6.751769,51.535649],[6.747127,51.536035],[6.747518,51.538014],[6.745056,51.540124],[6.738247,51.544881],[6.736914,51.543834],[6.73453,51.545728],[6.733674,51.545536],[6.733318,51.545933],[6.729842,51.546144],[6.730388,51.545805],[6.728698,51.546491],[6.726963,51.547511],[6.72687,51.547869],[6.7271,51.548458],[6.725806,51.548322],[6.725515,51.548941],[6.725148,51.548939],[6.725057,51.549161],[6.722093,51.548874],[6.721921,51.54973],[6.720808,51.550238],[6.721216,51.550814],[6.719921,51.55148],[6.71853,51.550878],[6.718072,51.550891],[6.717265,51.551358],[6.713283,51.550466],[6.71257,51.552645],[6.710163,51.552148],[6.710065,51.552329],[6.709557,51.552114],[6.709797,51.551683],[6.709055,51.551905],[6.708862,51.551711],[6.708939,51.551502],[6.707352,51.550857],[6.703748,51.553178],[6.702076,51.55465],[6.696517,51.557609],[6.693201,51.558024],[6.692523,51.559025],[6.692292,51.558948],[6.691525,51.5596],[6.686536,51.560087],[6.68706,51.562047],[6.687247,51.563623],[6.691584,51.56351],[6.69228,51.563039],[6.696503,51.566142],[6.696057,51.566743],[6.696944,51.567531],[6.698542,51.568461],[6.700439,51.570068],[6.701803,51.569603],[6.704203,51.57026],[6.704392,51.570171],[6.70572,51.570878],[6.706454,51.570494],[6.707925,51.570118],[6.71095,51.570046],[6.712371,51.570787],[6.712336,51.572411],[6.713762,51.572848],[6.715073,51.571709],[6.719127,51.573183],[6.718158,51.574379],[6.71644,51.573756],[6.714592,51.575812],[6.716336,51.576433],[6.711889,51.581366],[6.713251,51.581846],[6.712264,51.582469],[6.719889,51.585513],[6.716649,51.589045],[6.718611,51.589167],[6.721208,51.588689],[6.722019,51.588466],[6.721735,51.588281],[6.721949,51.588209],[6.730762,51.585489],[6.745197,51.585192],[6.753852,51.586926],[6.757752,51.587976],[6.762387,51.587966],[6.766082,51.589196],[6.767783,51.589949],[6.769664,51.590156],[6.770584,51.590759],[6.772064,51.590991],[6.772832,51.591527],[6.774706,51.592193],[6.777479,51.592267],[6.793348,51.599178],[6.801225,51.601069],[6.817749,51.603983],[6.825703,51.604103],[6.828067,51.604573],[6.837017,51.60731],[6.850841,51.608157],[6.851037,51.606983],[6.852107,51.605847],[6.85735,51.602827],[6.859145,51.60256],[6.862778,51.60064],[6.863105,51.599747],[6.864031,51.599157],[6.863978,51.598969],[6.86469,51.598382],[6.864631,51.59814],[6.864968,51.597791],[6.865773,51.597454],[6.866128,51.596659],[6.865766,51.596344],[6.86478,51.596051],[6.864702,51.595834],[6.864519,51.595849],[6.864577,51.595624],[6.863876,51.59561],[6.863169,51.59531],[6.862739,51.595415],[6.862527,51.59503],[6.862319,51.59506],[6.862255,51.594921],[6.862454,51.594819],[6.8623,51.594529],[6.862596,51.594596],[6.862186,51.593732],[6.861913,51.593584],[6.862048,51.593561]]]},"properties":{"name":"Dinslaken","basis":"Auf der offiziellen Revierübersicht benannte oder innerhalb des kartierten Megaplexumrisses liegende Kommune; heutige Gemeindegrenze als geografische Liniengrundlage","boundary_role":"lore-municipality","source":"Code for Germany / Click That Hood","source_url":"https://github.com/codeforgermany/click_that_hood","boundary_review_status":"contextual","boundary_review_label":"Offizielle RRP-Karte abgeglichen; heutige Gemeindegeometrie nur als Liniengrundlage","entity_id":263,"description_preview":"Dinslaken ist auf der offiziellen Revierübersicht als Stadt oder Kommune innerhalb des Rhein-Ruhr-Megaplexes verzeichnet.","description_full":"Dinslaken ist auf der offiziellen Revierübersicht als Stadt oder Kommune innerhalb des Rhein-Ruhr-Megaplexes verzeichnet. Die Flächendarstellung folgt dem mit der offiziellen Shadowrun-Karte abgeglichenen Kommunenbestand. Die heutige Gemeindegeometrie dient ausschließlich als geografische Liniengrundlage; eine darüber hinausgehende eigene Stadtbeschreibung ist im zugeordneten Datenmaterial nicht eindeutig belegt.","editions":["SR6","SR4","SR5"],"sources":[{"bookId":"rrp-map-sr6","title":"Revierbericht 2082 – Karte","edition":"SR6","citation":"Revierübersicht: Stadt/Kommune Dinslaken","purpose":"description"},{"bookId":"rrmp-sr4","title":"Rhein-Ruhr-Megaplex","edition":"SR4","citation":"RRP-Kapitel: Dinslaken","purpose":"description"},{"bookId":"datapuls-adl-sr5","title":"Datapuls: ADL","edition":"SR5","citation":"RRP-Kapitel: Dinslaken","purpose":"description"},{"bookId":"archive-sr5-datapuls-komplett","title":"Datapuls - Komplett","edition":"SR5","citation":"RRP-Kontextverweis: Dinslaken","purpose":"description"},{"bookId":"archive-sr5-datapuls-adl-allianz-deutscher-l-nder","title":"Datapuls ADL (Allianz deutscher Länder)","edition":"SR5","citation":"RRP-Kontextverweis: Dinslaken","purpose":"description"},{"bookId":"archive-sr5-datapuls-adl","title":"Datapuls ADL","edition":"SR5","citation":"RRP-Kontextverweis: Dinslaken","purpose":"description"},{"bookId":"revierbericht-sr6","title":"Revierbericht 2082","edition":"SR6","citation":"RRP-Kontextverweis: Dinslaken","purpose":"description"}]}},{"type":"Feature","geometry":{"type":"Polygon","coordinates":[[[6.696161,51.101742],[6.697743,51.110054],[6.700653,51.114758],[6.704853,51.112728],[6.708087,51.115361],[6.710865,51.116807],[6.71043,51.117219],[6.712209,51.118205],[6.714916,51.118474],[6.715352,51.116758],[6.719594,51.116887],[6.720747,51.117209],[6.723151,51.1173],[6.725072,51.117851],[6.725182,51.117707],[6.724771,51.117459],[6.724557,51.116994],[6.73008,51.117291],[6.751801,51.124227],[6.754333,51.125194],[6.755171,51.124392],[6.757562,51.125261],[6.756932,51.125782],[6.759732,51.126816],[6.761306,51.125608],[6.765554,51.128472],[6.771772,51.131424],[6.761789,51.138816],[6.764149,51.140084],[6.768542,51.142979],[6.766653,51.144023],[6.769238,51.145482],[6.774912,51.146587],[6.77705,51.145686],[6.778956,51.147003],[6.78023,51.146194],[6.789867,51.145592],[6.792832,51.143082],[6.795987,51.144289],[6.797682,51.145352],[6.799883,51.144263],[6.804336,51.143014],[6.807814,51.142732],[6.811235,51.142982],[6.815285,51.144156],[6.8197,51.146517],[6.822828,51.149243],[6.828401,51.15566],[6.832376,51.158452],[6.834977,51.160003],[6.837187,51.161006],[6.83959,51.161789],[6.844315,51.162435],[6.848855,51.162048],[6.851337,51.161453],[6.853132,51.160781],[6.855151,51.159621],[6.856296,51.158587],[6.857023,51.157507],[6.857362,51.156324],[6.857451,51.155077],[6.856946,51.153359],[6.856215,51.152241],[6.852312,51.147619],[6.850625,51.14526],[6.849844,51.14391],[6.848809,51.141318],[6.848258,51.138317],[6.84843,51.135688],[6.849212,51.133594],[6.850189,51.131868],[6.851257,51.130508],[6.854189,51.127707],[6.85757,51.125296],[6.861038,51.123432],[6.871191,51.118546],[6.874325,51.116762],[6.877574,51.114621],[6.879852,51.112632],[6.881891,51.11001],[6.883081,51.107495],[6.883381,51.10542],[6.883156,51.103466],[6.882241,51.10138],[6.880756,51.099508],[6.878814,51.097922],[6.87538,51.096083],[6.862453,51.091491],[6.859432,51.090161],[6.857638,51.08914],[6.855595,51.087588],[6.854049,51.085692],[6.853223,51.084131],[6.850587,51.084521],[6.848735,51.084213],[6.848547,51.084961],[6.843041,51.083766],[6.84419,51.081716],[6.836605,51.080081],[6.837878,51.077727],[6.825846,51.07515],[6.824551,51.074433],[6.82614,51.073103],[6.82931,51.068099],[6.830139,51.066976],[6.831397,51.065921],[6.833704,51.059776],[6.832507,51.059097],[6.824957,51.055979],[6.8178,51.053876],[6.8165,51.053845],[6.816709,51.05363],[6.816273,51.051815],[6.814856,51.051902],[6.813873,51.050673],[6.813113,51.049136],[6.812999,51.048655],[6.813568,51.047857],[6.813774,51.045913],[6.813224,51.045871],[6.811485,51.046255],[6.808082,51.046304],[6.806297,51.046967],[6.805709,51.047959],[6.804924,51.048628],[6.803474,51.050637],[6.802468,51.053382],[6.801406,51.054889],[6.800852,51.056119],[6.801008,51.057553],[6.800848,51.059526],[6.799707,51.059785],[6.798766,51.059533],[6.798508,51.059926],[6.798971,51.060048],[6.797288,51.061287],[6.795345,51.063093],[6.792792,51.063986],[6.79208,51.064493],[6.791911,51.064851],[6.792101,51.065384],[6.791415,51.066465],[6.791267,51.067413],[6.790072,51.067829],[6.788459,51.068163],[6.786831,51.06877],[6.773854,51.064115],[6.773902,51.06459],[6.773469,51.065466],[6.766497,51.064469],[6.764255,51.064558],[6.762605,51.065466],[6.759383,51.064967],[6.756611,51.064993],[6.752872,51.066114],[6.749262,51.068609],[6.74672,51.070711],[6.744023,51.073672],[6.741679,51.075822],[6.741158,51.077058],[6.735513,51.07717],[6.735054,51.077483],[6.733969,51.077108],[6.726589,51.078476],[6.725357,51.078876],[6.724253,51.079623],[6.723899,51.080462],[6.722308,51.080554],[6.72139,51.082079],[6.721262,51.082705],[6.715513,51.082623],[6.715708,51.077875],[6.712642,51.077066],[6.708267,51.076548],[6.708502,51.079232],[6.7084,51.080843],[6.707842,51.08303],[6.706958,51.084639],[6.710558,51.084789],[6.711134,51.086152],[6.70918,51.094238],[6.713537,51.094735],[6.712548,51.098189],[6.708143,51.097643],[6.702737,51.096369],[6.703123,51.099858],[6.696497,51.098736],[6.696161,51.101742]]]},"properties":{"name":"Dormagen","basis":"Auf der offiziellen Revierübersicht benannte oder innerhalb des kartierten Megaplexumrisses liegende Kommune; heutige Gemeindegrenze als geografische Liniengrundlage","boundary_role":"lore-municipality","source":"Code for Germany / Click That Hood","source_url":"https://github.com/codeforgermany/click_that_hood","boundary_review_status":"contextual","boundary_review_label":"Offizielle RRP-Karte abgeglichen; heutige Gemeindegeometrie nur als Liniengrundlage","entity_id":264,"description_preview":"Dormagen ist auf der offiziellen Revierübersicht als Stadt oder Kommune innerhalb des Rhein-Ruhr-Megaplexes verzeichnet.","description_full":"Dormagen ist auf der offiziellen Revierübersicht als Stadt oder Kommune innerhalb des Rhein-Ruhr-Megaplexes verzeichnet. Die Flächendarstellung folgt dem mit der offiziellen Shadowrun-Karte abgeglichenen Kommunenbestand. Die heutige Gemeindegeometrie dient ausschließlich als geografische Liniengrundlage; eine darüber hinausgehende eigene Stadtbeschreibung ist im zugeordneten Datenmaterial nicht eindeutig belegt.","editions":["SR6","SR4"],"sources":[{"bookId":"rrp-map-sr6","title":"Revierbericht 2082 – Karte","edition":"SR6","citation":"Revierübersicht: Stadt/Kommune Dormagen","purpose":"description"},{"bookId":"rrmp-sr4","title":"Rhein-Ruhr-Megaplex","edition":"SR4","citation":"RRP-Kapitel: Dormagen","purpose":"description"},{"bookId":"revierbericht-sr6","title":"Revierbericht 2082","edition":"SR6","citation":"RRP-Kontextverweis: Dormagen","purpose":"description"}]}},{"type":"Feature","geometry":{"type":"Polygon","coordinates":[[[6.893822,51.653407],[6.894176,51.65574],[6.896702,51.658712],[6.896397,51.658816],[6.897042,51.659613],[6.897163,51.660558],[6.898852,51.660526],[6.898727,51.662545],[6.897961,51.66289],[6.898622,51.664011],[6.900569,51.663657],[6.900476,51.665667],[6.901524,51.665522],[6.902013,51.666673],[6.901832,51.666792],[6.902266,51.667314],[6.901533,51.669276],[6.901976,51.6706],[6.903438,51.671614],[6.905002,51.671844],[6.906366,51.67163],[6.906675,51.672049],[6.906267,51.672291],[6.90446,51.67251],[6.903724,51.673261],[6.901643,51.673903],[6.90098,51.673933],[6.900861,51.674176],[6.90118,51.674794],[6.900926,51.675066],[6.902107,51.675889],[6.904278,51.67622],[6.904116,51.676279],[6.90538,51.677836],[6.912056,51.676799],[6.913259,51.677913],[6.912428,51.678054],[6.914137,51.681656],[6.913765,51.681707],[6.914403,51.683437],[6.914156,51.686308],[6.914898,51.687536],[6.915326,51.68757],[6.915774,51.688013],[6.914449,51.692597],[6.914857,51.694252],[6.915425,51.699806],[6.92631,51.70118],[6.926286,51.70143],[6.937079,51.702767],[6.936943,51.714336],[6.940605,51.71538],[6.93794,51.718594],[6.937523,51.718858],[6.928391,51.720579],[6.930282,51.721467],[6.927531,51.722401],[6.922989,51.726698],[6.921796,51.728321],[6.920966,51.7286],[6.923072,51.730137],[6.925112,51.731229],[6.925591,51.73255],[6.917375,51.741136],[6.916324,51.741895],[6.916512,51.742108],[6.912311,51.744869],[6.91252,51.745036],[6.91052,51.746044],[6.911288,51.746259],[6.910454,51.747293],[6.909917,51.74734],[6.908627,51.748375],[6.908901,51.749184],[6.909124,51.752022],[6.909637,51.755065],[6.91247,51.760346],[6.913116,51.759955],[6.914917,51.761602],[6.915612,51.763515],[6.91534,51.763882],[6.914149,51.764303],[6.913963,51.764588],[6.914866,51.767003],[6.91475,51.768379],[6.914936,51.770927],[6.916349,51.778389],[6.916703,51.778528],[6.917341,51.777925],[6.923543,51.777743],[6.92398,51.776923],[6.924314,51.776991],[6.924986,51.77579],[6.929503,51.775723],[6.929346,51.77542],[6.936397,51.773496],[6.936642,51.773759],[6.947408,51.772729],[6.947578,51.772535],[6.949146,51.77237],[6.956054,51.771935],[6.956533,51.772958],[6.955615,51.773501],[6.955669,51.774209],[6.956111,51.77445],[6.958284,51.774829],[6.958368,51.775123],[6.958912,51.775304],[6.958856,51.775692],[6.959923,51.775758],[6.960454,51.776405],[6.961109,51.776593],[6.962818,51.78028],[6.96861,51.787134],[6.974277,51.797074],[6.976496,51.798953],[6.984039,51.800038],[6.984045,51.800201],[6.988929,51.800791],[6.992011,51.80083],[6.992068,51.801006],[6.994629,51.800913],[6.994909,51.798723],[7.007935,51.79893],[7.020219,51.800109],[7.021659,51.794572],[7.024165,51.793777],[7.024049,51.789597],[7.025829,51.789623],[7.025782,51.787901],[7.026837,51.787936],[7.026733,51.787822],[7.031098,51.786485],[7.029568,51.784543],[7.030052,51.783663],[7.032721,51.783077],[7.032651,51.782974],[7.032979,51.782852],[7.033915,51.782762],[7.034999,51.782932],[7.036928,51.783779],[7.038993,51.783064],[7.041636,51.781708],[7.043668,51.781438],[7.047707,51.780452],[7.055247,51.778292],[7.0556,51.778613],[7.05688,51.77901],[7.060469,51.778906],[7.060565,51.777447],[7.060154,51.776924],[7.075354,51.777447],[7.075639,51.776271],[7.076241,51.775422],[7.077692,51.774274],[7.079953,51.773083],[7.084538,51.771471],[7.084544,51.770519],[7.085883,51.768349],[7.086192,51.767302],[7.087205,51.766132],[7.087806,51.765728],[7.087699,51.765551],[7.088124,51.765038],[7.087558,51.76454],[7.086509,51.762877],[7.086487,51.762572],[7.085777,51.761597],[7.085716,51.76085],[7.084439,51.759614],[7.084221,51.758593],[7.083289,51.7578],[7.081773,51.756958],[7.080782,51.755281],[7.080802,51.753512],[7.081058,51.753227],[7.081101,51.752196],[7.080994,51.75097],[7.08032,51.749667],[7.080075,51.748555],[7.080096,51.746489],[7.080289,51.746451],[7.080103,51.746282],[7.080239,51.746042],[7.0802,51.743509],[7.079575,51.741412],[7.079988,51.740124],[7.08023,51.737398],[7.084041,51.735696],[7.085497,51.734762],[7.086476,51.733718],[7.087531,51.731832],[7.085973,51.731881],[7.080286,51.731271],[7.076501,51.731215],[7.074939,51.731385],[7.073087,51.729108],[7.074699,51.728483],[7.075317,51.728897],[7.075401,51.728525],[7.076441,51.727299],[7.080216,51.724832],[7.078812,51.724763],[7.077826,51.720706],[7.075462,51.720496],[7.075547,51.72085],[7.074202,51.720879],[7.074054,51.720253],[7.074734,51.7203],[7.075236,51.718342],[7.075341,51.716153],[7.075098,51.715057],[7.077569,51.714977],[7.078563,51.71445],[7.078113,51.713489],[7.070786,51.709449],[7.068993,51.709762],[7.069033,51.709325],[7.066887,51.708114],[7.059893,51.709295],[7.059479,51.708287],[7.060604,51.707624],[7.06085,51.706473],[7.060832,51.704792],[7.058014,51.703836],[7.053357,51.703147],[7.054401,51.701125],[7.047286,51.699764],[7.047288,51.69907],[7.047486,51.699116],[7.047507,51.698752],[7.048353,51.698394],[7.048171,51.69796],[7.049628,51.69637],[7.051912,51.695492],[7.052601,51.694987],[7.053671,51.695277],[7.054478,51.694173],[7.053304,51.693906],[7.053208,51.693316],[7.052259,51.692353],[7.0528,51.691046],[7.054489,51.690932],[7.054582,51.690079],[7.056871,51.689374],[7.055013,51.688325],[7.052986,51.687794],[7.052526,51.687293],[7.05052,51.687616],[7.048643,51.687279],[7.043454,51.684566],[7.043027,51.684099],[7.04254,51.682915],[7.040562,51.681376],[7.040632,51.679452],[7.038254,51.67792],[7.036935,51.676315],[7.033674,51.674936],[7.031519,51.672757],[7.030404,51.672042],[7.029331,51.671691],[7.02535,51.671244],[7.022644,51.669766],[7.023541,51.668938],[7.02396,51.668283],[7.023624,51.668187],[7.036014,51.64961],[7.038322,51.650189],[7.04148,51.649673],[7.043297,51.647737],[7.043864,51.646852],[7.044731,51.643696],[7.041341,51.643221],[7.038312,51.642415],[7.03578,51.642738],[7.034744,51.64262],[7.035061,51.641623],[7.034752,51.640931],[7.035586,51.638902],[7.036034,51.638983],[7.036517,51.638253],[7.03664,51.637597],[7.037462,51.637658],[7.037673,51.637347],[7.036465,51.637194],[7.036707,51.636714],[7.037446,51.636073],[7.036761,51.635843],[7.037602,51.635353],[7.037469,51.635129],[7.036637,51.634656],[7.036703,51.634476],[7.034668,51.633794],[7.035894,51.63223],[7.036407,51.631078],[7.035655,51.631003],[7.032835,51.632163],[7.0331,51.631116],[7.030066,51.63117],[7.028874,51.631497],[7.026836,51.631044],[7.021614,51.631593],[7.019127,51.625926],[7.01782,51.626109],[7.017602,51.625625],[7.017412,51.625594],[7.016673,51.625529],[7.016585,51.626424],[7.01427,51.62671],[7.013619,51.625287],[7.01146,51.625532],[7.010942,51.625102],[7.010356,51.62555],[7.008594,51.625984],[7.003189,51.624938],[6.999482,51.624643],[6.995225,51.624011],[6.989843,51.622757],[6.987495,51.622804],[6.98733,51.623594],[6.986772,51.623565],[6.986758,51.623305],[6.986516,51.623269],[6.985354,51.623502],[6.982718,51.623362],[6.983599,51.625928],[6.981369,51.626533],[6.980628,51.627155],[6.980468,51.627833],[6.979591,51.628441],[6.979202,51.628152],[6.978616,51.62818],[6.973557,51.628524],[6.97354,51.628696],[6.973142,51.628781],[6.970665,51.628876],[6.970493,51.628807],[6.970352,51.628186],[6.969181,51.628276],[6.968507,51.63165],[6.968589,51.633948],[6.96637,51.635164],[6.96532,51.634531],[6.962995,51.634342],[6.959381,51.635942],[6.959492,51.636071],[6.958996,51.63638],[6.957175,51.636884],[6.95638,51.636115],[6.954726,51.63567],[6.952367,51.635684],[6.951932,51.636273],[6.951711,51.636289],[6.949185,51.635077],[6.947954,51.634717],[6.94633,51.635696],[6.944806,51.635274],[6.944342,51.6359],[6.945734,51.636274],[6.943887,51.637544],[6.940433,51.638353],[6.941075,51.639383],[6.940456,51.639489],[6.937249,51.641179],[6.933901,51.643568],[6.931582,51.644846],[6.902192,51.635813],[6.900396,51.637694],[6.901906,51.639153],[6.901477,51.640015],[6.902027,51.643625],[6.901686,51.644266],[6.901005,51.644487],[6.900766,51.644851],[6.901271,51.645253],[6.899231,51.646151],[6.901159,51.647502],[6.899134,51.649313],[6.899764,51.653379],[6.893822,51.653407]]]},"properties":{"name":"Dorsten","basis":"Auf der offiziellen Revierübersicht benannte oder innerhalb des kartierten Megaplexumrisses liegende Kommune; heutige Gemeindegrenze als geografische Liniengrundlage","boundary_role":"lore-municipality","source":"Code for Germany / Click That Hood","source_url":"https://github.com/codeforgermany/click_that_hood","boundary_review_status":"contextual","boundary_review_label":"Offizielle RRP-Karte abgeglichen; heutige Gemeindegeometrie nur als Liniengrundlage","entity_id":265,"description_preview":"Dorsten ist auf der offiziellen Revierübersicht als Stadt oder Kommune innerhalb des Rhein-Ruhr-Megaplexes verzeichnet.","description_full":"Dorsten ist auf der offiziellen Revierübersicht als Stadt oder Kommune innerhalb des Rhein-Ruhr-Megaplexes verzeichnet. Die Flächendarstellung folgt dem mit der offiziellen Shadowrun-Karte abgeglichenen Kommunenbestand. Die heutige Gemeindegeometrie dient ausschließlich als geografische Liniengrundlage; eine darüber hinausgehende eigene Stadtbeschreibung ist im zugeordneten Datenmaterial nicht eindeutig belegt.","editions":["SR6","SR3","SR4"],"sources":[{"bookId":"rrp-map-sr6","title":"Revierbericht 2082 – Karte","edition":"SR6","citation":"Revierübersicht: Stadt/Kommune Dorsten","purpose":"description"},{"bookId":"dids2-sr3","title":"Deutschland in den Schatten II","edition":"SR3","citation":"RRP-Kapitel: Dorsten","purpose":"description"},{"bookId":"rrmp-sr4","title":"Rhein-Ruhr-Megaplex","edition":"SR4","citation":"RRP-Kapitel: Dorsten","purpose":"description"},{"bookId":"archive-sr4-konzernenklaven","title":"Konzernenklaven","edition":"SR4","citation":"RRP-Kontextverweis: Dorsten","purpose":"description"},{"bookId":"revierbericht-sr6","title":"Revierbericht 2082","edition":"SR6","citation":"RRP-Kontextverweis: Dorsten","purpose":"description"}]}},{"type":"Feature","geometry":{"type":"Polygon","coordinates":[[[7.329794,51.493068],[7.328664,51.491257],[7.328221,51.490005],[7.327323,51.490114],[7.326809,51.489142],[7.325066,51.489124],[7.324964,51.489798],[7.323619,51.489588],[7.323771,51.488979],[7.323507,51.488946],[7.322909,51.490531],[7.323272,51.490528],[7.323037,51.492652],[7.323326,51.492708],[7.322541,51.494042],[7.32237,51.494693],[7.317355,51.493944],[7.31624,51.49633],[7.316047,51.496351],[7.316047,51.497176],[7.316717,51.497345],[7.316302,51.498379],[7.318842,51.49906],[7.318353,51.499313],[7.319245,51.499625],[7.319345,51.500053],[7.317884,51.503255],[7.317261,51.506015],[7.316046,51.50598],[7.314852,51.504855],[7.313621,51.504226],[7.309363,51.504109],[7.308437,51.504406],[7.305867,51.50449],[7.303918,51.504323],[7.303836,51.504771],[7.304308,51.505631],[7.304304,51.506043],[7.303861,51.506602],[7.302377,51.50763],[7.302715,51.508422],[7.302543,51.509548],[7.302678,51.510394],[7.302575,51.512286],[7.303126,51.514282],[7.303772,51.515365],[7.303498,51.515739],[7.304554,51.516671],[7.305171,51.517636],[7.306475,51.518046],[7.306867,51.517743],[7.308219,51.518517],[7.307907,51.518736],[7.307518,51.518643],[7.307594,51.518827],[7.308876,51.519316],[7.309326,51.519778],[7.310301,51.520011],[7.310839,51.520636],[7.312576,51.52136],[7.313829,51.52149],[7.313935,51.52117],[7.314723,51.521532],[7.314688,51.522111],[7.315532,51.522507],[7.315707,51.522533],[7.31607,51.521902],[7.319519,51.522985],[7.319697,51.522535],[7.323514,51.523435],[7.323164,51.523588],[7.323602,51.524011],[7.32441,51.523626],[7.324705,51.522647],[7.32765,51.522087],[7.330136,51.52083],[7.331048,51.521095],[7.332485,51.521056],[7.333209,51.52077],[7.333676,51.52035],[7.333929,51.520522],[7.334731,51.520338],[7.337045,51.521263],[7.340322,51.521843],[7.340194,51.521957],[7.341343,51.52339],[7.343319,51.524282],[7.343434,51.523288],[7.343992,51.523504],[7.344797,51.523207],[7.346463,51.524143],[7.346731,51.523391],[7.346069,51.522597],[7.346336,51.522265],[7.349859,51.523302],[7.349955,51.523154],[7.351079,51.523485],[7.354158,51.523799],[7.353959,51.524959],[7.355693,51.524894],[7.35601,51.525896],[7.357576,51.526629],[7.357447,51.526848],[7.358455,51.527292],[7.359013,51.527169],[7.360032,51.527893],[7.361428,51.528321],[7.362575,51.52715],[7.363938,51.52806],[7.362745,51.529432],[7.36386,51.529756],[7.362029,51.530822],[7.361764,51.531412],[7.36135,51.531344],[7.360606,51.53295],[7.36185,51.53318],[7.361391,51.534075],[7.357738,51.533712],[7.357448,51.533895],[7.357207,51.534511],[7.357458,51.534605],[7.356975,51.535278],[7.357164,51.53569],[7.356135,51.536169],[7.35544,51.536837],[7.355006,51.537991],[7.354561,51.538549],[7.354588,51.538794],[7.353487,51.538918],[7.353489,51.538243],[7.352922,51.537899],[7.352219,51.538473],[7.351402,51.538563],[7.350411,51.539273],[7.349788,51.539295],[7.349684,51.540564],[7.349976,51.540546],[7.348712,51.542808],[7.349403,51.543092],[7.347414,51.545402],[7.350417,51.546271],[7.349958,51.546289],[7.349633,51.546816],[7.348455,51.546571],[7.348982,51.547289],[7.349768,51.547343],[7.35225,51.54897],[7.351374,51.549356],[7.351118,51.549661],[7.351247,51.549786],[7.353581,51.550558],[7.352576,51.551808],[7.352704,51.551838],[7.352505,51.552276],[7.351738,51.552128],[7.351483,51.552324],[7.350918,51.552204],[7.350671,51.552365],[7.353169,51.553909],[7.352762,51.554175],[7.354547,51.55471],[7.354845,51.554649],[7.355312,51.555462],[7.356459,51.555997],[7.356367,51.55624],[7.355266,51.556898],[7.354533,51.558069],[7.35478,51.558135],[7.353911,51.558683],[7.351946,51.56071],[7.351336,51.560374],[7.351752,51.559721],[7.351068,51.559698],[7.35146,51.563024],[7.351343,51.563279],[7.353723,51.56524],[7.349425,51.566946],[7.350314,51.567383],[7.347704,51.571059],[7.347171,51.571271],[7.346412,51.571957],[7.345044,51.57161],[7.344483,51.571217],[7.343652,51.571839],[7.339946,51.575794],[7.338506,51.576778],[7.339352,51.577246],[7.339812,51.577169],[7.342587,51.578343],[7.342878,51.578985],[7.345381,51.579534],[7.349771,51.581125],[7.348742,51.581894],[7.350271,51.581996],[7.351307,51.582785],[7.352291,51.582865],[7.353506,51.583544],[7.353495,51.584262],[7.353846,51.585199],[7.357048,51.582596],[7.357153,51.582194],[7.358311,51.581788],[7.359394,51.581814],[7.360098,51.582241],[7.360735,51.582177],[7.360889,51.582682],[7.360772,51.583023],[7.36316,51.583655],[7.368241,51.582528],[7.371772,51.589809],[7.371753,51.590863],[7.376736,51.589184],[7.378548,51.588842],[7.379963,51.588156],[7.38188,51.588304],[7.383847,51.588095],[7.388929,51.587099],[7.390504,51.586983],[7.390987,51.587026],[7.391133,51.587331],[7.391966,51.587578],[7.394382,51.587441],[7.395711,51.587173],[7.397101,51.5878],[7.398436,51.588893],[7.399674,51.59116],[7.399503,51.592151],[7.400264,51.593305],[7.402565,51.593844],[7.403815,51.593828],[7.406214,51.594202],[7.413216,51.596236],[7.414448,51.59724],[7.414915,51.597911],[7.414809,51.59801],[7.418953,51.600037],[7.420155,51.599617],[7.421268,51.599491],[7.423412,51.597981],[7.422661,51.597567],[7.424963,51.596184],[7.426147,51.594616],[7.42372,51.593722],[7.42518,51.592284],[7.425385,51.591873],[7.422618,51.590462],[7.423323,51.59017],[7.422354,51.58913],[7.421177,51.587433],[7.418083,51.585056],[7.423732,51.584582],[7.446216,51.579472],[7.446096,51.579585],[7.446638,51.58178],[7.447467,51.581561],[7.449653,51.582949],[7.452498,51.581869],[7.454985,51.583067],[7.454411,51.583169],[7.456143,51.584214],[7.456361,51.583767],[7.458984,51.583862],[7.458935,51.583548],[7.460101,51.58319],[7.461311,51.58436],[7.461898,51.584652],[7.462225,51.584497],[7.462269,51.584846],[7.463746,51.585773],[7.464903,51.586134],[7.465405,51.586119],[7.465544,51.585873],[7.466953,51.586865],[7.467223,51.586885],[7.467981,51.588871],[7.469571,51.587171],[7.470565,51.587466],[7.471028,51.587135],[7.474881,51.589815],[7.475951,51.590792],[7.477543,51.589995],[7.478007,51.589339],[7.485445,51.590995],[7.488563,51.592131],[7.490178,51.592488],[7.497969,51.592254],[7.499219,51.589708],[7.499664,51.589832],[7.501637,51.586317],[7.502081,51.586396],[7.503941,51.586062],[7.504086,51.585468],[7.502683,51.581495],[7.502202,51.580872],[7.502361,51.579946],[7.502654,51.579874],[7.502821,51.579122],[7.516007,51.578612],[7.515752,51.578072],[7.521894,51.577829],[7.52655,51.578101],[7.532554,51.57921],[7.536497,51.580238],[7.551264,51.584814],[7.556675,51.585913],[7.563086,51.586662],[7.563775,51.584889],[7.570444,51.585799],[7.569889,51.584094],[7.575527,51.583702],[7.5774,51.583449],[7.577337,51.583113],[7.581581,51.583655],[7.582178,51.581157],[7.590304,51.583183],[7.590965,51.581774],[7.592772,51.579631],[7.594272,51.578537],[7.595909,51.577762],[7.596275,51.577783],[7.596334,51.576396],[7.597112,51.576406],[7.59727,51.576118],[7.59619,51.573944],[7.595751,51.573772],[7.59308,51.573589],[7.592091,51.572845],[7.590712,51.572195],[7.590532,51.569898],[7.593773,51.568601],[7.593416,51.568282],[7.592968,51.568252],[7.592833,51.56736],[7.592456,51.56658],[7.59208,51.566276],[7.590692,51.565873],[7.592172,51.565162],[7.593018,51.565208],[7.594115,51.564781],[7.595259,51.565023],[7.596733,51.565058],[7.597632,51.564863],[7.599734,51.564975],[7.600979,51.565257],[7.601092,51.5659],[7.600581,51.567679],[7.603098,51.568334],[7.606264,51.568534],[7.606623,51.565942],[7.605728,51.564777],[7.605839,51.564425],[7.604046,51.56235],[7.604063,51.56131],[7.603828,51.561276],[7.60413,51.560783],[7.604149,51.559544],[7.603682,51.559125],[7.603936,51.558562],[7.603543,51.557712],[7.603717,51.557331],[7.604422,51.557289],[7.604422,51.556819],[7.606471,51.55676],[7.60694,51.554993],[7.604281,51.554921],[7.602904,51.554682],[7.605674,51.55132],[7.606534,51.551921],[7.606771,51.551595],[7.60807,51.550798],[7.606521,51.550127],[7.608034,51.548488],[7.610883,51.549194],[7.612144,51.549066],[7.611863,51.549381],[7.612839,51.549575],[7.614085,51.549691],[7.614673,51.549553],[7.620046,51.550205],[7.626208,51.552232],[7.626962,51.551667],[7.629373,51.550453],[7.632565,51.549626],[7.63224,51.547849],[7.633063,51.546775],[7.63346,51.545587],[7.629452,51.543126],[7.629171,51.542148],[7.62887,51.542088],[7.6287,51.541604],[7.631051,51.541623],[7.632598,51.541903],[7.632638,51.541007],[7.630904,51.540368],[7.632596,51.536731],[7.633498,51.534318],[7.634209,51.53334],[7.634843,51.531891],[7.635952,51.531978],[7.636373,51.530129],[7.636708,51.530171],[7.638108,51.52766],[7.634722,51.526502],[7.636229,51.523377],[7.630557,51.52185],[7.632844,51.519134],[7.6187,51.517078],[7.606346,51.51133],[7.597954,51.507982],[7.596473,51.507605],[7.596997,51.505639],[7.597311,51.500609],[7.598169,51.496877],[7.596309,51.495935],[7.597595,51.496014],[7.598771,51.495075],[7.600099,51.491176],[7.600786,51.491015],[7.601122,51.490355],[7.602161,51.490668],[7.602887,51.488872],[7.608345,51.479696],[7.609489,51.480284],[7.6097,51.47988],[7.605819,51.477597],[7.602992,51.474913],[7.603004,51.474632],[7.601852,51.473181],[7.599561,51.471178],[7.597166,51.469357],[7.593682,51.467546],[7.590362,51.466107],[7.590259,51.466327],[7.586798,51.465149],[7.586667,51.464912],[7.584413,51.464366],[7.584415,51.464731],[7.583833,51.464478],[7.583101,51.465658],[7.583234,51.467563],[7.582974,51.468977],[7.582172,51.468983],[7.581619,51.469194],[7.579428,51.471519],[7.577462,51.470743],[7.573915,51.474488],[7.571714,51.47494],[7.570142,51.474498],[7.568643,51.473466],[7.567211,51.472816],[7.56674,51.47217],[7.566332,51.472201],[7.566017,51.472601],[7.564522,51.471507],[7.561674,51.470532],[7.553824,51.469486],[7.552002,51.468624],[7.551437,51.468641],[7.54899,51.467395],[7.546173,51.466527],[7.545978,51.466305],[7.545866,51.465294],[7.546113,51.464817],[7.546013,51.464632],[7.543605,51.463467],[7.542945,51.462518],[7.542485,51.460967],[7.54372,51.460597],[7.544848,51.460823],[7.544971,51.459976],[7.546104,51.459601],[7.546595,51.458804],[7.549391,51.457694],[7.550706,51.456011],[7.552729,51.455107],[7.544767,51.452991],[7.541904,51.451372],[7.538783,51.448865],[7.53737,51.446949],[7.536463,51.445353],[7.53513,51.441344],[7.534356,51.440068],[7.533825,51.438165],[7.53228,51.435116],[7.531427,51.434577],[7.530459,51.43429],[7.529059,51.434371],[7.528649,51.434228],[7.52506,51.435711],[7.523132,51.436762],[7.52102,51.435617],[7.519959,51.435259],[7.515712,51.434453],[7.511654,51.433345],[7.51163,51.432338],[7.5113,51.431054],[7.510499,51.430044],[7.510509,51.429546],[7.50877,51.428456],[7.508395,51.428102],[7.508487,51.427786],[7.504674,51.42686],[7.505867,51.426079],[7.505819,51.424941],[7.50501,51.424781],[7.507421,51.42299],[7.507204,51.422421],[7.50717,51.421294],[7.50804,51.421252],[7.508273,51.42106],[7.508824,51.419412],[7.511557,51.418441],[7.510819,51.417849],[7.506391,51.418552],[7.50115,51.418403],[7.497488,51.417449],[7.496764,51.417011],[7.49633,51.417054],[7.493022,51.415732],[7.491784,51.416468],[7.491623,51.41625],[7.486368,51.417926],[7.481828,51.417617],[7.475904,51.417709],[7.465123,51.416841],[7.464562,51.41728],[7.463757,51.41889],[7.463919,51.421897],[7.463586,51.424248],[7.464248,51.42532],[7.464912,51.425982],[7.464893,51.427186],[7.464653,51.427424],[7.464639,51.427869],[7.464935,51.428644],[7.465725,51.429819],[7.46753,51.431365],[7.467335,51.431761],[7.467397,51.43246],[7.466806,51.434528],[7.462594,51.433856],[7.462266,51.434205],[7.46144,51.436339],[7.458482,51.435924],[7.455791,51.436315],[7.452604,51.436147],[7.449217,51.435713],[7.445603,51.434813],[7.443616,51.434614],[7.441963,51.434719],[7.439739,51.435487],[7.438652,51.435662],[7.43747,51.435527],[7.435148,51.435202],[7.42971,51.433872],[7.423422,51.431661],[7.422524,51.43413],[7.422552,51.435218],[7.421987,51.436707],[7.422104,51.437083],[7.420854,51.438057],[7.418743,51.440332],[7.418368,51.442122],[7.418643,51.443047],[7.418519,51.444686],[7.416778,51.445009],[7.416371,51.445622],[7.415069,51.44675],[7.414127,51.448284],[7.414171,51.45008],[7.41319,51.450884],[7.412024,51.451224],[7.412361,51.4517],[7.41131,51.452008],[7.411427,51.45231],[7.411141,51.45235],[7.411432,51.452797],[7.408749,51.45363],[7.408817,51.454019],[7.408342,51.454812],[7.404976,51.454858],[7.400389,51.458123],[7.398276,51.457597],[7.393801,51.457692],[7.39376,51.459157],[7.392627,51.459201],[7.392768,51.460933],[7.392193,51.461179],[7.391857,51.460953],[7.389173,51.462555],[7.389918,51.463026],[7.389281,51.462934],[7.39075,51.464295],[7.391169,51.464928],[7.391178,51.46532],[7.391031,51.46595],[7.388459,51.466364],[7.388607,51.466901],[7.388177,51.467235],[7.388994,51.471633],[7.389779,51.472825],[7.389047,51.472961],[7.389369,51.474111],[7.387105,51.474417],[7.38079,51.478784],[7.380536,51.478185],[7.379775,51.477853],[7.377654,51.478031],[7.374006,51.477314],[7.374033,51.476955],[7.371575,51.47645],[7.370924,51.477837],[7.370953,51.478318],[7.371354,51.479057],[7.371556,51.480371],[7.372629,51.480171],[7.371308,51.482677],[7.367352,51.481964],[7.367593,51.481526],[7.364704,51.48084],[7.364258,51.48092],[7.362762,51.480136],[7.362564,51.480351],[7.361263,51.480023],[7.361238,51.48054],[7.359844,51.480526],[7.359172,51.480933],[7.357881,51.480699],[7.356541,51.481761],[7.356184,51.482261],[7.354634,51.481936],[7.353978,51.482696],[7.353662,51.48432],[7.353037,51.48434],[7.352927,51.483753],[7.35131,51.483608],[7.351352,51.482253],[7.348796,51.482031],[7.348157,51.482668],[7.348487,51.482826],[7.348085,51.483163],[7.347642,51.483074],[7.347916,51.483944],[7.347548,51.484313],[7.34488,51.483805],[7.34458,51.4841],[7.343187,51.483381],[7.342567,51.483509],[7.341247,51.485405],[7.340221,51.486181],[7.340514,51.487374],[7.341026,51.487664],[7.341223,51.488948],[7.342503,51.488671],[7.34297,51.490351],[7.343618,51.490616],[7.343806,51.491393],[7.342742,51.491751],[7.343007,51.493168],[7.339706,51.493248],[7.34038,51.495331],[7.338952,51.495445],[7.337641,51.496006],[7.33729,51.495775],[7.335943,51.496093],[7.335203,51.495738],[7.334206,51.495706],[7.33418,51.496235],[7.333055,51.49653],[7.330541,51.496474],[7.330665,51.49531],[7.330478,51.495303],[7.33052,51.494582],[7.331353,51.494585],[7.331544,51.493111],[7.329794,51.493068]]]},"properties":{"name":"Dortmund","basis":"Auf der offiziellen Revierübersicht benannte oder innerhalb des kartierten Megaplexumrisses liegende Kommune; heutige Gemeindegrenze als geografische Liniengrundlage","boundary_role":"lore-municipality","source":"Code for Germany / Click That Hood","source_url":"https://github.com/codeforgermany/click_that_hood","entity_id":251,"description_preview":"Dortmund und Unna werden von Arkologien, Logistik, Ruhruniversität, Militär und zahlreichen identitätsstiftenden Gangs geprägt.","description_full":"Dortmund und Unna werden von Arkologien, Logistik, Ruhruniversität, Militär und zahlreichen identitätsstiftenden Gangs geprägt. Die Zusammenfassung folgt dem Bezirkskapitel der angegebenen Edition; heutige Grenzen dienen nur der geografischen Einordnung.","editions":["SR6","SR1","SR2","SR3","SR4","SR5"],"boundary_review_status":"contextual","boundary_review_label":"Offizielle RRP-Karte abgeglichen; heutige Gemeindegeometrie nur als Liniengrundlage","sources":[{"bookId":"revierbericht-sr6","title":"Revierbericht 2082","edition":"SR6","citation":"S. 58–61","purpose":"description"},{"bookId":"dids-sr1","title":"Deutschland in den Schatten","edition":"SR1","citation":"RRP-Kapitel: Dortmund","purpose":"description"},{"bookId":"dids-sr2","title":"Deutschland in den Schatten","edition":"SR2","citation":"RRP-Kapitel: Dortmund","purpose":"description"},{"bookId":"dids2-sr3","title":"Deutschland in den Schatten II","edition":"SR3","citation":"RRP-Kapitel: Dortmund","purpose":"description"},{"bookId":"rrmp-sr4","title":"Rhein-Ruhr-Megaplex","edition":"SR4","citation":"RRP-Kapitel: Dortmund","purpose":"description"},{"bookId":"datapuls-adl-sr5","title":"Datapuls: ADL","edition":"SR5","citation":"RRP-Kapitel: Dortmund","purpose":"description"}]}},{"type":"Feature","geometry":{"type":"Polygon","coordinates":[[[6.668399,51.37403],[6.668134,51.374338],[6.669112,51.375934],[6.669221,51.377184],[6.67098,51.37903],[6.67085,51.37915],[6.673222,51.386769],[6.674079,51.386193],[6.675235,51.386075],[6.674615,51.386436],[6.67488,51.386624],[6.673403,51.387496],[6.673446,51.387802],[6.673973,51.388167],[6.673682,51.388339],[6.67404,51.388562],[6.672718,51.389397],[6.669187,51.38744],[6.669694,51.387154],[6.669059,51.386712],[6.665896,51.387351],[6.660446,51.387884],[6.660274,51.387314],[6.657854,51.385335],[6.656778,51.383583],[6.653447,51.383748],[6.653245,51.382903],[6.651178,51.383286],[6.651182,51.383493],[6.648215,51.382312],[6.647367,51.382459],[6.646091,51.383238],[6.646195,51.384432],[6.644459,51.386805],[6.641574,51.386291],[6.641408,51.386521],[6.639612,51.386108],[6.637142,51.385845],[6.636737,51.387186],[6.635555,51.394332],[6.640179,51.394624],[6.639864,51.39799],[6.640453,51.398161],[6.639264,51.399553],[6.638277,51.399984],[6.637009,51.401112],[6.629484,51.404339],[6.628515,51.405496],[6.628232,51.40635],[6.625744,51.410818],[6.62577,51.411819],[6.626796,51.412105],[6.62729,51.414868],[6.628413,51.417521],[6.628481,51.41839],[6.629104,51.419094],[6.629395,51.419737],[6.630342,51.419261],[6.63635,51.418423],[6.643244,51.416603],[6.645525,51.415185],[6.646503,51.41429],[6.651709,51.41052],[6.656844,51.408371],[6.661707,51.408152],[6.665229,51.40897],[6.666542,51.409563],[6.669053,51.41002],[6.668812,51.411487],[6.668028,51.411511],[6.664635,51.411039],[6.661919,51.4101],[6.66753,51.428543],[6.667504,51.429422],[6.667232,51.430186],[6.671185,51.4307],[6.671248,51.43043],[6.672539,51.430519],[6.67291,51.430912],[6.672544,51.43198],[6.67321,51.433246],[6.673484,51.434332],[6.671448,51.434557],[6.671984,51.435735],[6.669623,51.43676],[6.668359,51.436928],[6.668408,51.437604],[6.668919,51.438866],[6.669068,51.43913],[6.671032,51.439154],[6.6716,51.438958],[6.672122,51.439318],[6.675963,51.439976],[6.677631,51.440677],[6.677158,51.441251],[6.673417,51.441531],[6.673008,51.441847],[6.673783,51.443813],[6.674118,51.443789],[6.675296,51.447226],[6.678346,51.449076],[6.677849,51.451595],[6.678699,51.451623],[6.677774,51.453476],[6.677711,51.454812],[6.677445,51.4557],[6.676508,51.457964],[6.674469,51.457934],[6.674457,51.458234],[6.675087,51.458806],[6.675266,51.459704],[6.670725,51.459146],[6.67045,51.459794],[6.670182,51.459753],[6.666974,51.472235],[6.666943,51.473175],[6.667377,51.474222],[6.666206,51.474451],[6.663281,51.473378],[6.661019,51.473158],[6.654967,51.473964],[6.666182,51.483654],[6.655074,51.488875],[6.653656,51.48926],[6.652729,51.489306],[6.650799,51.488855],[6.65003,51.488447],[6.646417,51.48428],[6.642784,51.481514],[6.641124,51.485194],[6.639762,51.487545],[6.636202,51.490773],[6.637295,51.491171],[6.639252,51.491529],[6.638634,51.493672],[6.63965,51.494253],[6.642184,51.4952],[6.642267,51.496349],[6.642091,51.496657],[6.641256,51.497509],[6.640014,51.498199],[6.63684,51.499142],[6.635562,51.499732],[6.634508,51.500602],[6.633471,51.501952],[6.632322,51.502723],[6.630652,51.503275],[6.627992,51.503607],[6.631516,51.504818],[6.634219,51.505994],[6.639794,51.507357],[6.639473,51.507889],[6.638357,51.507919],[6.637531,51.509321],[6.640685,51.510125],[6.64109,51.509104],[6.644426,51.509631],[6.64476,51.509065],[6.648572,51.509815],[6.648653,51.50966],[6.653139,51.510837],[6.653497,51.510343],[6.654631,51.510663],[6.654917,51.510154],[6.656511,51.510503],[6.656907,51.509982],[6.660313,51.511138],[6.660654,51.51023],[6.664044,51.510958],[6.664128,51.51078],[6.665352,51.510972],[6.665897,51.510738],[6.666774,51.511802],[6.669783,51.511491],[6.670935,51.511568],[6.673483,51.513576],[6.67642,51.514754],[6.681384,51.517346],[6.686068,51.519135],[6.689854,51.519786],[6.690273,51.519995],[6.692851,51.518485],[6.693454,51.518937],[6.69443,51.518404],[6.696494,51.519114],[6.695589,51.520457],[6.699626,51.524384],[6.689849,51.527851],[6.686041,51.529628],[6.683153,51.531295],[6.680793,51.532907],[6.678738,51.534741],[6.677223,51.536898],[6.676517,51.539006],[6.676322,51.54029],[6.67646,51.542192],[6.677273,51.545223],[6.678407,51.548004],[6.680332,51.551233],[6.684633,51.556653],[6.685945,51.558752],[6.686536,51.560087],[6.691525,51.5596],[6.692292,51.558948],[6.692523,51.559025],[6.693201,51.558024],[6.696517,51.557609],[6.702076,51.55465],[6.703748,51.553178],[6.707352,51.550857],[6.708939,51.551502],[6.708862,51.551711],[6.709055,51.551905],[6.709797,51.551683],[6.709557,51.552114],[6.710065,51.552329],[6.710163,51.552148],[6.71257,51.552645],[6.713283,51.550466],[6.717265,51.551358],[6.718072,51.550891],[6.71853,51.550878],[6.719921,51.55148],[6.721216,51.550814],[6.720808,51.550238],[6.721921,51.54973],[6.722093,51.548874],[6.725057,51.549161],[6.725148,51.548939],[6.725515,51.548941],[6.725806,51.548322],[6.7271,51.548458],[6.72687,51.547869],[6.726963,51.547511],[6.728698,51.546491],[6.730388,51.545805],[6.729842,51.546144],[6.733318,51.545933],[6.733674,51.545536],[6.73453,51.545728],[6.736914,51.543834],[6.738247,51.544881],[6.745056,51.540124],[6.747518,51.538014],[6.747127,51.536035],[6.751769,51.535649],[6.753881,51.536379],[6.75525,51.53482],[6.756305,51.534754],[6.757232,51.533984],[6.758509,51.533617],[6.760612,51.533626],[6.761931,51.532478],[6.762804,51.532718],[6.763731,51.533664],[6.763823,51.534154],[6.770392,51.534231],[6.770363,51.534392],[6.772474,51.534506],[6.772674,51.535307],[6.772972,51.53553],[6.773668,51.534855],[6.775931,51.534543],[6.775973,51.534065],[6.779418,51.533415],[6.780942,51.532749],[6.781761,51.533107],[6.781812,51.532804],[6.783955,51.533379],[6.784747,51.532806],[6.78355,51.532197],[6.784639,51.531486],[6.783629,51.530834],[6.783665,51.530306],[6.782453,51.530374],[6.782044,51.530215],[6.78191,51.52949],[6.781685,51.529266],[6.782321,51.528289],[6.782396,51.527568],[6.781831,51.526897],[6.782062,51.52645],[6.781162,51.526242],[6.781141,51.525631],[6.77846,51.525032],[6.777503,51.524354],[6.777331,51.523439],[6.777503,51.522842],[6.7798,51.524078],[6.780201,51.524136],[6.781205,51.523426],[6.781307,51.523174],[6.784272,51.521942],[6.784208,51.520962],[6.783844,51.520389],[6.786206,51.519253],[6.78704,51.519277],[6.788002,51.518517],[6.788787,51.517501],[6.788797,51.516545],[6.795194,51.51617],[6.809357,51.510607],[6.808978,51.50975],[6.81003,51.509202],[6.810339,51.509367],[6.811258,51.508467],[6.811893,51.508491],[6.813107,51.508039],[6.814233,51.50793],[6.813961,51.50695],[6.820091,51.50695],[6.82161,51.504552],[6.820882,51.504349],[6.822892,51.500715],[6.822375,51.500605],[6.823242,51.49797],[6.824133,51.497674],[6.824374,51.496966],[6.822888,51.49649],[6.823457,51.494922],[6.822863,51.494928],[6.822818,51.49371],[6.82304,51.493646],[6.822935,51.493446],[6.823516,51.493283],[6.822975,51.492375],[6.82313,51.491915],[6.823006,51.491595],[6.822381,51.490588],[6.822618,51.488466],[6.823379,51.487618],[6.821725,51.487331],[6.816789,51.487437],[6.816388,51.485718],[6.810324,51.484183],[6.811764,51.481947],[6.813754,51.480229],[6.813776,51.479592],[6.813469,51.478707],[6.812742,51.478155],[6.812714,51.477996],[6.813225,51.477719],[6.808608,51.47463],[6.822164,51.468885],[6.818798,51.467081],[6.815673,51.464155],[6.81476,51.463702],[6.814845,51.463454],[6.814218,51.462811],[6.814311,51.462001],[6.813036,51.460593],[6.813147,51.45971],[6.813986,51.459393],[6.813268,51.45907],[6.809321,51.456042],[6.810118,51.45555],[6.809955,51.455441],[6.81036,51.449806],[6.810207,51.448807],[6.808352,51.447853],[6.806661,51.447255],[6.810256,51.445764],[6.809136,51.44558],[6.816324,51.442594],[6.815487,51.440853],[6.816129,51.440798],[6.816279,51.440619],[6.816235,51.439732],[6.815713,51.438626],[6.818258,51.438452],[6.818034,51.436049],[6.818644,51.427918],[6.818581,51.426587],[6.817815,51.424464],[6.817973,51.423275],[6.816532,51.419557],[6.816598,51.414094],[6.817123,51.409966],[6.814944,51.406202],[6.814047,51.405344],[6.81385,51.404793],[6.814637,51.402882],[6.812325,51.399755],[6.814034,51.398422],[6.814819,51.397283],[6.816564,51.395383],[6.817009,51.391599],[6.816244,51.388314],[6.816054,51.386376],[6.815309,51.383982],[6.815369,51.382195],[6.815845,51.380326],[6.816567,51.37887],[6.814102,51.377392],[6.813515,51.376427],[6.814415,51.373203],[6.815233,51.369124],[6.817122,51.368013],[6.820437,51.368118],[6.822792,51.367914],[6.824501,51.3675],[6.828319,51.358122],[6.826126,51.357917],[6.830215,51.352293],[6.822764,51.35008],[6.821216,51.351841],[6.820784,51.352919],[6.819848,51.353091],[6.818875,51.352957],[6.817938,51.353306],[6.816489,51.352454],[6.816132,51.351987],[6.815123,51.351682],[6.815155,51.350362],[6.815376,51.349778],[6.815212,51.349198],[6.81377,51.348724],[6.813013,51.348712],[6.812277,51.348068],[6.811384,51.347787],[6.810953,51.347307],[6.81019,51.347273],[6.809031,51.347757],[6.807355,51.347629],[6.806255,51.350395],[6.793824,51.352188],[6.793938,51.351026],[6.794345,51.349643],[6.794093,51.347852],[6.793945,51.347669],[6.792023,51.347657],[6.791665,51.346641],[6.79189,51.346608],[6.790766,51.345039],[6.792072,51.345012],[6.792737,51.344624],[6.792853,51.344301],[6.792519,51.343867],[6.791922,51.34381],[6.79193,51.343247],[6.789809,51.343637],[6.789622,51.343374],[6.789277,51.343549],[6.789465,51.343663],[6.787277,51.344297],[6.787412,51.344476],[6.786119,51.345154],[6.785712,51.344887],[6.782247,51.343874],[6.782683,51.342702],[6.781503,51.342571],[6.776545,51.343655],[6.772603,51.345702],[6.767004,51.347279],[6.764499,51.347561],[6.762167,51.348173],[6.75987,51.348278],[6.754691,51.349993],[6.754258,51.349888],[6.753165,51.349005],[6.753211,51.34952],[6.752936,51.349953],[6.748995,51.352307],[6.747895,51.352509],[6.745992,51.352004],[6.743934,51.350827],[6.742302,51.348927],[6.741574,51.348726],[6.739314,51.347099],[6.738304,51.345864],[6.738255,51.345369],[6.729551,51.342302],[6.727806,51.341886],[6.725103,51.340694],[6.724411,51.340302],[6.721694,51.337779],[6.720092,51.336557],[6.71874,51.335088],[6.717082,51.335867],[6.715996,51.334338],[6.714732,51.333228],[6.70701,51.336437],[6.697863,51.339453],[6.68885,51.341743],[6.66953,51.346088],[6.66542,51.347211],[6.659646,51.349452],[6.65709,51.351333],[6.65599,51.352457],[6.65506,51.353829],[6.65446,51.355225],[6.654198,51.356598],[6.65421,51.357786],[6.6545,51.359136],[6.65535,51.360892],[6.656216,51.362076],[6.658819,51.364217],[6.662076,51.365851],[6.668679,51.368228],[6.675119,51.369911],[6.674052,51.371891],[6.676505,51.372547],[6.676743,51.37339],[6.677594,51.374452],[6.678478,51.376103],[6.678958,51.376597],[6.679886,51.376971],[6.67546,51.376175],[6.669169,51.37404],[6.668399,51.37403]]]},"properties":{"name":"Duisburg","basis":"Auf der offiziellen Revierübersicht benannte oder innerhalb des kartierten Megaplexumrisses liegende Kommune; heutige Gemeindegrenze als geografische Liniengrundlage","boundary_role":"lore-municipality","source":"Code for Germany / Click That Hood","source_url":"https://github.com/codeforgermany/click_that_hood","entity_id":245,"description_preview":"Duisburg wird vom Hafen und den dort konkurrierenden Konzernen dominiert. Westliche Kampfzonen, Crittergebiete, Biker und migrantisch geprägte Nachbarschaften bilden den Gegenpol.","description_full":"Duisburg wird vom Hafen und den dort konkurrierenden Konzernen dominiert. Westliche Kampfzonen, Crittergebiete, Biker und migrantisch geprägte Nachbarschaften bilden den Gegenpol. Die Zusammenfassung folgt dem Bezirkskapitel der angegebenen Edition; heutige Grenzen dienen nur der geografischen Einordnung.","editions":["SR6","SR1","SR2","SR3","SR4","SR5"],"boundary_review_status":"contextual","boundary_review_label":"Offizielle RRP-Karte abgeglichen; heutige Gemeindegeometrie nur als Liniengrundlage","sources":[{"bookId":"revierbericht-sr6","title":"Revierbericht 2082","edition":"SR6","citation":"S. 40–43","purpose":"description"},{"bookId":"dids-sr1","title":"Deutschland in den Schatten","edition":"SR1","citation":"RRP-Kapitel: Duisburg","purpose":"description"},{"bookId":"dids-sr2","title":"Deutschland in den Schatten","edition":"SR2","citation":"RRP-Kapitel: Duisburg","purpose":"description"},{"bookId":"dids2-sr3","title":"Deutschland in den Schatten II","edition":"SR3","citation":"RRP-Kapitel: Duisburg","purpose":"description"},{"bookId":"rrmp-sr4","title":"Rhein-Ruhr-Megaplex","edition":"SR4","citation":"RRP-Kapitel: Duisburg","purpose":"description"},{"bookId":"datapuls-adl-sr5","title":"Datapuls: ADL","edition":"SR5","citation":"RRP-Kapitel: Duisburg","purpose":"description"}]}},{"type":"Feature","geometry":{"type":"Polygon","coordinates":[[[6.732596,51.32133],[6.73007,51.324313],[6.727182,51.326562],[6.72243,51.329385],[6.714732,51.333228],[6.715996,51.334338],[6.717082,51.335867],[6.71874,51.335088],[6.720092,51.336557],[6.721694,51.337779],[6.724411,51.340302],[6.725103,51.340694],[6.727806,51.341886],[6.729551,51.342302],[6.738255,51.345369],[6.738304,51.345864],[6.739314,51.347099],[6.741574,51.348726],[6.742302,51.348927],[6.743934,51.350827],[6.745992,51.352004],[6.747895,51.352509],[6.748642,51.352443],[6.752969,51.34993],[6.753211,51.34952],[6.753165,51.349005],[6.754258,51.349888],[6.754691,51.349993],[6.75987,51.348278],[6.762167,51.348173],[6.764499,51.347561],[6.767004,51.347279],[6.772603,51.345702],[6.776545,51.343655],[6.781503,51.342571],[6.782683,51.342702],[6.782247,51.343874],[6.785712,51.344887],[6.786119,51.345154],[6.787412,51.344476],[6.787277,51.344297],[6.789465,51.343663],[6.789277,51.343549],[6.789622,51.343374],[6.789809,51.343637],[6.79193,51.343247],[6.791922,51.34381],[6.792519,51.343867],[6.792853,51.344301],[6.792737,51.344624],[6.792072,51.345012],[6.790766,51.345039],[6.79189,51.346608],[6.791665,51.346641],[6.792023,51.347657],[6.793945,51.347669],[6.794093,51.347852],[6.794345,51.349643],[6.793938,51.351026],[6.793824,51.352188],[6.805882,51.350429],[6.804502,51.346114],[6.804546,51.342999],[6.809316,51.3432],[6.80944,51.342725],[6.808523,51.340473],[6.808789,51.339503],[6.808711,51.338481],[6.809162,51.337513],[6.807936,51.33714],[6.805397,51.337143],[6.804439,51.3369],[6.804301,51.336299],[6.803045,51.335496],[6.803198,51.335205],[6.803619,51.335046],[6.803326,51.333958],[6.803654,51.333479],[6.803801,51.332321],[6.804289,51.331539],[6.802591,51.330674],[6.80276,51.329642],[6.802614,51.328428],[6.806786,51.32614],[6.80747,51.323278],[6.810372,51.321923],[6.815225,51.320993],[6.817576,51.320953],[6.814135,51.315102],[6.809714,51.31398],[6.811484,51.311177],[6.8095,51.307518],[6.808783,51.307382],[6.805121,51.307452],[6.803525,51.306843],[6.803351,51.304864],[6.80127,51.300994],[6.805281,51.29978],[6.806993,51.299557],[6.806258,51.297405],[6.804102,51.293113],[6.80353,51.290968],[6.803138,51.290942],[6.803129,51.290172],[6.803528,51.290098],[6.804013,51.283401],[6.803744,51.28131],[6.802971,51.27973],[6.803749,51.279305],[6.803513,51.278989],[6.807553,51.279151],[6.809702,51.279676],[6.812025,51.277822],[6.813726,51.276735],[6.816582,51.275362],[6.819922,51.274444],[6.825027,51.273741],[6.82839,51.279304],[6.82907,51.279948],[6.830949,51.280672],[6.832317,51.280363],[6.831099,51.278357],[6.831652,51.278411],[6.83435,51.276901],[6.835308,51.277232],[6.836006,51.277224],[6.83593,51.276373],[6.839115,51.27627],[6.840243,51.276699],[6.841951,51.276173],[6.850897,51.278531],[6.851207,51.278143],[6.850666,51.27673],[6.851438,51.276592],[6.851443,51.276089],[6.853221,51.275628],[6.856243,51.275223],[6.858322,51.274281],[6.859895,51.274343],[6.861308,51.273711],[6.863024,51.273486],[6.866591,51.272218],[6.86689,51.272234],[6.869282,51.273902],[6.870109,51.273127],[6.870659,51.271733],[6.87137,51.271562],[6.872533,51.27218],[6.872373,51.272831],[6.874858,51.273758],[6.875024,51.274308],[6.8758,51.274725],[6.87595,51.273633],[6.875771,51.271241],[6.874629,51.270895],[6.874522,51.270032],[6.874597,51.269818],[6.875219,51.269932],[6.874684,51.269771],[6.875273,51.269352],[6.876125,51.268008],[6.881862,51.269131],[6.882338,51.268319],[6.889108,51.269358],[6.889702,51.26893],[6.889599,51.267859],[6.890791,51.266736],[6.891685,51.266184],[6.892001,51.266702],[6.894347,51.265731],[6.893843,51.265016],[6.895982,51.264579],[6.896461,51.265136],[6.896981,51.26506],[6.896884,51.26477],[6.897525,51.264711],[6.899542,51.264938],[6.903653,51.264959],[6.906442,51.267533],[6.90756,51.267342],[6.907875,51.267682],[6.908033,51.269978],[6.908664,51.270699],[6.908378,51.271043],[6.908951,51.271345],[6.911087,51.271667],[6.911417,51.271115],[6.912734,51.272535],[6.911284,51.273186],[6.912095,51.274233],[6.912389,51.275718],[6.912779,51.276144],[6.914535,51.275947],[6.91551,51.274874],[6.917336,51.274237],[6.917334,51.273385],[6.916688,51.272974],[6.917692,51.272728],[6.922518,51.273648],[6.928399,51.272939],[6.930118,51.273238],[6.930846,51.274539],[6.931131,51.274594],[6.930566,51.275368],[6.934459,51.276087],[6.934851,51.275693],[6.935856,51.276098],[6.935944,51.275345],[6.935066,51.274866],[6.934775,51.27431],[6.937367,51.273869],[6.937409,51.2736],[6.939783,51.272856],[6.939917,51.272545],[6.939289,51.272265],[6.938266,51.270707],[6.937127,51.269669],[6.935739,51.269966],[6.933801,51.267908],[6.932715,51.26717],[6.932844,51.26706],[6.932463,51.266641],[6.934118,51.265839],[6.932615,51.264274],[6.931067,51.265628],[6.927759,51.265535],[6.927633,51.264804],[6.927785,51.264412],[6.92871,51.264342],[6.928581,51.263464],[6.929274,51.262469],[6.928851,51.262263],[6.929326,51.261625],[6.928979,51.261621],[6.930014,51.257457],[6.930416,51.257196],[6.928075,51.255722],[6.928002,51.255224],[6.928446,51.255189],[6.928044,51.254954],[6.928709,51.254734],[6.928237,51.25402],[6.927779,51.253974],[6.927479,51.254365],[6.926918,51.253476],[6.928307,51.252112],[6.929214,51.252117],[6.929359,51.25148],[6.933534,51.248402],[6.933191,51.248178],[6.933294,51.24808],[6.934266,51.248452],[6.932706,51.247],[6.933055,51.245896],[6.932601,51.245766],[6.931535,51.244534],[6.931661,51.243037],[6.931473,51.242439],[6.93238,51.240921],[6.932137,51.240262],[6.931278,51.239718],[6.931058,51.239069],[6.931174,51.238079],[6.93046,51.238049],[6.930048,51.239076],[6.930014,51.239571],[6.930957,51.240882],[6.926787,51.24248],[6.926658,51.242876],[6.925142,51.24229],[6.921908,51.24169],[6.920823,51.241829],[6.91961,51.24071],[6.918534,51.240383],[6.917989,51.23998],[6.917767,51.240284],[6.916861,51.24072],[6.917073,51.2411],[6.915053,51.240951],[6.912728,51.241213],[6.911252,51.241733],[6.910415,51.241789],[6.910224,51.241765],[6.910119,51.241244],[6.908402,51.238961],[6.903624,51.240408],[6.903034,51.240229],[6.902907,51.239979],[6.904021,51.239599],[6.903871,51.238228],[6.903289,51.238361],[6.902525,51.238236],[6.903218,51.237132],[6.901402,51.237053],[6.899136,51.237172],[6.896954,51.237595],[6.897247,51.238154],[6.896537,51.238557],[6.895737,51.238845],[6.894897,51.238802],[6.893465,51.239122],[6.893472,51.238724],[6.892594,51.238577],[6.893217,51.237406],[6.891501,51.237607],[6.890868,51.237513],[6.890537,51.237881],[6.89049,51.239279],[6.888249,51.238951],[6.887544,51.239719],[6.885267,51.238814],[6.88463,51.238808],[6.882736,51.238243],[6.8831,51.239038],[6.883969,51.239257],[6.883959,51.240142],[6.883634,51.240735],[6.882714,51.240866],[6.883247,51.241468],[6.883119,51.241819],[6.881806,51.242194],[6.88103,51.242146],[6.878364,51.24252],[6.877577,51.242219],[6.878087,51.242203],[6.876153,51.241399],[6.874406,51.241177],[6.874046,51.240787],[6.873546,51.240598],[6.873313,51.241217],[6.872058,51.241532],[6.871951,51.241705],[6.871069,51.241459],[6.871642,51.239196],[6.872568,51.238072],[6.872679,51.233097],[6.872907,51.232745],[6.873178,51.232351],[6.876968,51.232176],[6.877113,51.231181],[6.875778,51.230243],[6.880059,51.228025],[6.875365,51.226067],[6.875837,51.225453],[6.874801,51.225124],[6.873877,51.224392],[6.873348,51.224206],[6.87188,51.222642],[6.872629,51.222581],[6.87334,51.22211],[6.873232,51.221775],[6.873819,51.221467],[6.873855,51.220961],[6.873617,51.220313],[6.873132,51.219976],[6.873318,51.219974],[6.877248,51.215817],[6.877691,51.215849],[6.878306,51.215332],[6.877915,51.21508],[6.878694,51.214689],[6.878656,51.21407],[6.880926,51.214261],[6.881007,51.214572],[6.880823,51.214922],[6.880994,51.215675],[6.881181,51.215687],[6.882085,51.214505],[6.882776,51.214541],[6.884248,51.21423],[6.885443,51.213373],[6.886609,51.213876],[6.889597,51.214043],[6.890109,51.213874],[6.890755,51.212553],[6.893783,51.212665],[6.894902,51.213199],[6.897103,51.213111],[6.899644,51.212763],[6.899141,51.212617],[6.899149,51.212221],[6.901147,51.21142],[6.902956,51.210968],[6.902816,51.211273],[6.905463,51.211399],[6.906419,51.211778],[6.907174,51.211298],[6.906748,51.210812],[6.906881,51.210726],[6.907277,51.210759],[6.908761,51.211643],[6.910595,51.211392],[6.910433,51.210933],[6.911811,51.210765],[6.910926,51.208951],[6.911057,51.208923],[6.909011,51.206381],[6.905759,51.203302],[6.905381,51.202593],[6.905139,51.201512],[6.905241,51.20123],[6.906442,51.200666],[6.906429,51.199458],[6.906912,51.198447],[6.909426,51.196609],[6.909655,51.195858],[6.909406,51.195561],[6.912084,51.194491],[6.914811,51.193124],[6.915707,51.193489],[6.917151,51.193604],[6.919095,51.192813],[6.921264,51.192818],[6.921312,51.192657],[6.917636,51.192523],[6.917143,51.192432],[6.91724,51.192194],[6.91561,51.192106],[6.920335,51.189233],[6.920529,51.18896],[6.916504,51.187388],[6.914626,51.187302],[6.914174,51.188252],[6.913051,51.188207],[6.910272,51.18742],[6.910413,51.187307],[6.910276,51.18719],[6.910811,51.183775],[6.912575,51.180872],[6.914229,51.181069],[6.914563,51.178741],[6.904852,51.177225],[6.905778,51.176698],[6.904652,51.176432],[6.904172,51.176685],[6.900662,51.174853],[6.899248,51.174409],[6.89538,51.17367],[6.895831,51.173344],[6.898808,51.172478],[6.900198,51.167147],[6.89847,51.167021],[6.896908,51.164549],[6.898242,51.163921],[6.898253,51.158751],[6.897974,51.158414],[6.897291,51.158451],[6.896609,51.158237],[6.89399,51.158926],[6.893698,51.159038],[6.893614,51.159319],[6.892977,51.159425],[6.892351,51.159251],[6.891345,51.159421],[6.890732,51.158933],[6.891259,51.158676],[6.891357,51.157377],[6.892798,51.15663],[6.893389,51.156105],[6.894086,51.155028],[6.895681,51.153913],[6.899712,51.151738],[6.902626,51.151348],[6.905854,51.150442],[6.90651,51.148925],[6.906659,51.148034],[6.907609,51.14766],[6.9076,51.147433],[6.908827,51.146182],[6.910097,51.146049],[6.911477,51.146621],[6.913948,51.144727],[6.915449,51.142581],[6.9173,51.141682],[6.917726,51.140924],[6.919869,51.1411],[6.921077,51.14249],[6.923424,51.142261],[6.923263,51.140166],[6.924602,51.138392],[6.925069,51.137388],[6.924745,51.137323],[6.925153,51.136528],[6.922207,51.136099],[6.922344,51.135509],[6.921244,51.135383],[6.918656,51.134576],[6.919248,51.1341],[6.918105,51.133662],[6.918341,51.130357],[6.918938,51.129755],[6.91704,51.128926],[6.916362,51.129469],[6.913139,51.128065],[6.912823,51.128383],[6.908542,51.126503],[6.906988,51.127354],[6.899034,51.124373],[6.897567,51.129141],[6.896617,51.128793],[6.896561,51.128973],[6.895537,51.129425],[6.894739,51.129399],[6.894388,51.129275],[6.89436,51.129076],[6.893271,51.129519],[6.892634,51.130764],[6.8918,51.129898],[6.88987,51.129127],[6.885048,51.128076],[6.884329,51.128104],[6.884056,51.127118],[6.882897,51.127403],[6.882413,51.127731],[6.879923,51.128125],[6.87441,51.128523],[6.875053,51.130027],[6.872902,51.131427],[6.869002,51.129185],[6.867705,51.129318],[6.864778,51.129021],[6.86473,51.129158],[6.861896,51.129222],[6.862178,51.129697],[6.857152,51.131177],[6.857096,51.130439],[6.85688,51.130363],[6.858329,51.129676],[6.859652,51.128155],[6.856134,51.126243],[6.854189,51.127707],[6.851257,51.130508],[6.850189,51.131868],[6.849212,51.133594],[6.848508,51.135359],[6.848245,51.13809],[6.848809,51.141318],[6.849844,51.14391],[6.851987,51.147202],[6.856215,51.152241],[6.856946,51.153359],[6.857451,51.155077],[6.857362,51.156324],[6.857023,51.157507],[6.85647,51.158392],[6.854481,51.160058],[6.851567,51.161383],[6.84748,51.16226],[6.843954,51.162424],[6.840832,51.162044],[6.837457,51.16111],[6.835185,51.16012],[6.832376,51.158452],[6.828401,51.15566],[6.822828,51.149243],[6.820279,51.146956],[6.818151,51.145555],[6.815008,51.144047],[6.811072,51.142946],[6.807814,51.142732],[6.804165,51.143045],[6.799883,51.144263],[6.796984,51.14578],[6.795159,51.147313],[6.793749,51.149308],[6.792919,51.151794],[6.792776,51.153835],[6.793144,51.156182],[6.794142,51.158853],[6.796375,51.16274],[6.797357,51.164919],[6.798116,51.167638],[6.798372,51.170443],[6.797944,51.173823],[6.797638,51.174973],[6.796754,51.176972],[6.795041,51.179287],[6.792744,51.181411],[6.790404,51.182874],[6.78724,51.184191],[6.783364,51.185185],[6.779678,51.185649],[6.774712,51.185251],[6.759411,51.181771],[6.755539,51.181177],[6.752292,51.180909],[6.748467,51.180891],[6.744995,51.181225],[6.740123,51.182279],[6.737223,51.183364],[6.735096,51.18452],[6.733214,51.185969],[6.732039,51.187211],[6.731075,51.18872],[6.730537,51.190016],[6.730242,51.192456],[6.731649,51.198643],[6.731899,51.201684],[6.731393,51.20585],[6.731005,51.207209],[6.730001,51.209382],[6.724424,51.218268],[6.722956,51.221468],[6.722585,51.222966],[6.722614,51.224156],[6.72296,51.225152],[6.723545,51.225958],[6.721204,51.226863],[6.717835,51.224052],[6.716338,51.224804],[6.716445,51.224893],[6.716227,51.225047],[6.712667,51.225628],[6.711514,51.225455],[6.711078,51.224973],[6.707876,51.225333],[6.707861,51.224634],[6.698351,51.224693],[6.698339,51.224964],[6.693319,51.22499],[6.693492,51.225758],[6.693374,51.226137],[6.692974,51.22667],[6.692553,51.226518],[6.691152,51.228903],[6.688739,51.229508],[6.689965,51.230363],[6.694836,51.232853],[6.695075,51.233006],[6.694879,51.233238],[6.696089,51.233826],[6.698463,51.234571],[6.698972,51.235013],[6.702725,51.236203],[6.702679,51.236318],[6.704364,51.236918],[6.704115,51.237233],[6.705861,51.237844],[6.706191,51.237582],[6.708432,51.23853],[6.710257,51.239697],[6.710989,51.240407],[6.711103,51.240975],[6.713417,51.242718],[6.716737,51.244772],[6.716118,51.245185],[6.716338,51.245498],[6.71845,51.247045],[6.721327,51.250039],[6.720255,51.250483],[6.720566,51.250892],[6.722808,51.252631],[6.726971,51.256488],[6.721928,51.257873],[6.719103,51.258856],[6.712169,51.261739],[6.708623,51.263693],[6.705834,51.265888],[6.703728,51.268357],[6.702751,51.270576],[6.702577,51.273296],[6.702923,51.274842],[6.703778,51.276658],[6.704963,51.278428],[6.706742,51.280481],[6.726609,51.297729],[6.729552,51.300747],[6.731171,51.302936],[6.733131,51.30675],[6.7342,51.310409],[6.734686,51.313515],[6.734725,51.315372],[6.73432,51.317664],[6.733754,51.319236],[6.732596,51.32133]]]},"properties":{"name":"Düsseldorf","basis":"Auf der offiziellen Revierübersicht benannte oder innerhalb des kartierten Megaplexumrisses liegende Kommune; heutige Gemeindegrenze als geografische Liniengrundlage","boundary_role":"lore-municipality","source":"Code for Germany / Click That Hood","source_url":"https://github.com/codeforgermany/click_that_hood","entity_id":244,"description_preview":"Düsseldorf ist politische Hauptstadt des RRP, Finanzzentrum, Mode- und Medienstandort. Konzerninteressen, Yakuza und luxuriöse Innenstadtquartiere treffen auf abgeschirmte Randräume.","description_full":"Düsseldorf ist politische Hauptstadt des RRP, Finanzzentrum, Mode- und Medienstandort. Konzerninteressen, Yakuza und luxuriöse Innenstadtquartiere treffen auf abgeschirmte Randräume. Die Zusammenfassung folgt dem Bezirkskapitel der angegebenen Edition; heutige Grenzen dienen nur der geografischen Einordnung.","editions":["SR6","SR1","SR2","SR3","SR4","SR5"],"boundary_review_status":"contextual","boundary_review_label":"Offizielle RRP-Karte abgeglichen; heutige Gemeindegeometrie nur als Liniengrundlage","sources":[{"bookId":"revierbericht-sr6","title":"Revierbericht 2082","edition":"SR6","citation":"S. 35–40","purpose":"description"},{"bookId":"dids-sr1","title":"Deutschland in den Schatten","edition":"SR1","citation":"RRP-Kapitel: Düsseldorf","purpose":"description"},{"bookId":"dids-sr2","title":"Deutschland in den Schatten","edition":"SR2","citation":"RRP-Kapitel: Düsseldorf","purpose":"description"},{"bookId":"dids2-sr3","title":"Deutschland in den Schatten II","edition":"SR3","citation":"RRP-Kapitel: Düsseldorf","purpose":"description"},{"bookId":"rrmp-sr4","title":"Rhein-Ruhr-Megaplex","edition":"SR4","citation":"RRP-Kapitel: Düsseldorf","purpose":"description"},{"bookId":"datapuls-adl-sr5","title":"Datapuls: ADL","edition":"SR5","citation":"RRP-Kapitel: Düsseldorf","purpose":"description"}]}},{"type":"Feature","geometry":{"type":"Polygon","coordinates":[[[7.418965,51.3296],[7.421526,51.330504],[7.421986,51.329615],[7.422494,51.329691],[7.42313,51.329014],[7.423271,51.3284],[7.423855,51.327983],[7.422586,51.326847],[7.421596,51.324593],[7.421191,51.324398],[7.420994,51.324733],[7.420789,51.324486],[7.420849,51.323022],[7.421576,51.322229],[7.423637,51.321339],[7.424112,51.319878],[7.422939,51.318963],[7.418802,51.316774],[7.418883,51.315367],[7.416153,51.315381],[7.415055,51.313889],[7.415949,51.313144],[7.41669,51.312021],[7.417405,51.311774],[7.418637,51.310915],[7.414102,51.310729],[7.405664,51.308428],[7.407831,51.30543],[7.406259,51.303839],[7.409461,51.301821],[7.406004,51.300829],[7.405775,51.301349],[7.404975,51.301697],[7.403063,51.301924],[7.400857,51.301669],[7.400127,51.301817],[7.399966,51.30173],[7.401148,51.30063],[7.400617,51.300269],[7.400412,51.299846],[7.40108,51.299984],[7.40114,51.299847],[7.400628,51.299643],[7.400806,51.299507],[7.403335,51.300289],[7.404606,51.297647],[7.404657,51.297873],[7.405634,51.298293],[7.407689,51.297781],[7.408473,51.296883],[7.408287,51.296499],[7.409057,51.296383],[7.410734,51.296672],[7.411156,51.296586],[7.411903,51.295981],[7.412115,51.296097],[7.412581,51.29532],[7.413962,51.294446],[7.414387,51.293971],[7.415079,51.294351],[7.415495,51.29533],[7.416484,51.295567],[7.416526,51.295001],[7.418521,51.294368],[7.42106,51.294841],[7.421805,51.295189],[7.422091,51.295618],[7.425677,51.2949],[7.426396,51.295136],[7.429417,51.294489],[7.429269,51.293974],[7.428461,51.293396],[7.430056,51.292453],[7.430625,51.291901],[7.429595,51.291493],[7.432141,51.291148],[7.432378,51.289938],[7.432775,51.289568],[7.430692,51.288664],[7.430882,51.288305],[7.428427,51.288047],[7.427929,51.287675],[7.428105,51.286979],[7.428662,51.286034],[7.4267,51.285254],[7.426372,51.284839],[7.425741,51.284524],[7.425354,51.283675],[7.424996,51.283687],[7.424909,51.283467],[7.422708,51.283131],[7.422126,51.282884],[7.421437,51.282204],[7.420842,51.284302],[7.419602,51.283829],[7.418976,51.282662],[7.418797,51.281908],[7.417699,51.282411],[7.41594,51.28225],[7.413156,51.28151],[7.413993,51.280286],[7.414621,51.279951],[7.414776,51.27974],[7.414594,51.279414],[7.414878,51.279327],[7.414492,51.278492],[7.413552,51.277308],[7.412751,51.277168],[7.411365,51.277498],[7.41034,51.277492],[7.409459,51.277276],[7.409289,51.276864],[7.407818,51.276938],[7.405617,51.276009],[7.404476,51.275782],[7.404804,51.275258],[7.40458,51.274471],[7.40304,51.273383],[7.401095,51.273962],[7.400468,51.274525],[7.399624,51.274837],[7.398498,51.274716],[7.397874,51.274421],[7.398074,51.273448],[7.397214,51.272517],[7.397084,51.272131],[7.397498,51.271488],[7.39855,51.270803],[7.400012,51.270553],[7.400972,51.269805],[7.403179,51.268866],[7.404985,51.269405],[7.405996,51.270071],[7.407447,51.270442],[7.408248,51.270359],[7.409552,51.269772],[7.411772,51.269249],[7.412702,51.268332],[7.412334,51.267884],[7.411646,51.265534],[7.41186,51.265244],[7.412602,51.26494],[7.41333,51.263891],[7.416018,51.262195],[7.416842,51.262159],[7.417674,51.26182],[7.418546,51.26063],[7.420874,51.261107],[7.42292,51.261144],[7.423328,51.260611],[7.424105,51.260318],[7.424953,51.259425],[7.425942,51.259021],[7.425686,51.25818],[7.425177,51.257707],[7.424547,51.257465],[7.424026,51.257539],[7.422875,51.258399],[7.421774,51.258651],[7.420925,51.257505],[7.420793,51.256783],[7.419249,51.256845],[7.419052,51.256528],[7.418624,51.256361],[7.417824,51.256597],[7.417099,51.255591],[7.417561,51.255078],[7.417743,51.254512],[7.416915,51.2542],[7.41581,51.254084],[7.414999,51.253615],[7.415549,51.252243],[7.412871,51.251094],[7.412766,51.250855],[7.413049,51.250449],[7.412406,51.24998],[7.409435,51.249227],[7.406792,51.249436],[7.40397,51.250523],[7.402931,51.250634],[7.397437,51.249533],[7.395984,51.250002],[7.394288,51.251113],[7.39306,51.25297],[7.392181,51.252881],[7.391839,51.253926],[7.390376,51.254161],[7.388882,51.254675],[7.387189,51.25603],[7.386471,51.255924],[7.384949,51.255026],[7.381781,51.25483],[7.377719,51.253747],[7.371733,51.253167],[7.371417,51.251459],[7.370307,51.250362],[7.370066,51.249664],[7.36966,51.249547],[7.368646,51.248489],[7.367987,51.248162],[7.367976,51.24774],[7.367566,51.2474],[7.365658,51.246785],[7.365066,51.245878],[7.363765,51.245416],[7.363802,51.245234],[7.363434,51.245056],[7.362785,51.244969],[7.362542,51.244172],[7.362271,51.24409],[7.362122,51.243718],[7.361286,51.243796],[7.357423,51.242744],[7.355349,51.242779],[7.356526,51.240043],[7.354628,51.239281],[7.352816,51.238824],[7.350302,51.24013],[7.347204,51.240926],[7.344826,51.240465],[7.341352,51.239035],[7.340261,51.238944],[7.33926,51.239293],[7.338632,51.239821],[7.338737,51.241153],[7.338247,51.241731],[7.338443,51.24192],[7.338647,51.243253],[7.338334,51.243888],[7.338867,51.246098],[7.338438,51.246879],[7.338479,51.247504],[7.337817,51.247756],[7.336528,51.249418],[7.335062,51.249599],[7.333879,51.250493],[7.332758,51.250449],[7.33219,51.250208],[7.331027,51.250334],[7.328103,51.249634],[7.328002,51.249353],[7.327058,51.248965],[7.3269,51.248436],[7.326373,51.248379],[7.326107,51.247175],[7.326499,51.246152],[7.325338,51.245334],[7.323119,51.244421],[7.320381,51.243864],[7.316569,51.245038],[7.314729,51.245284],[7.313946,51.245142],[7.312371,51.243968],[7.312511,51.24375],[7.311871,51.24328],[7.310024,51.240859],[7.309002,51.240277],[7.307715,51.240334],[7.306592,51.240125],[7.305828,51.241049],[7.303487,51.242683],[7.303194,51.243282],[7.302605,51.243772],[7.300193,51.244428],[7.297834,51.245677],[7.296878,51.24642],[7.296497,51.247679],[7.297382,51.248639],[7.298947,51.249026],[7.302083,51.249035],[7.303109,51.24927],[7.304818,51.250093],[7.30663,51.251457],[7.306479,51.251735],[7.304722,51.252767],[7.303156,51.253185],[7.301805,51.252799],[7.300881,51.251803],[7.299864,51.251472],[7.299319,51.252949],[7.299673,51.253955],[7.301467,51.254577],[7.300764,51.255275],[7.298624,51.256441],[7.29849,51.256859],[7.300432,51.257596],[7.301444,51.258772],[7.302969,51.259373],[7.303575,51.25986],[7.30382,51.260337],[7.303958,51.261113],[7.303626,51.261237],[7.304042,51.262146],[7.30378,51.262774],[7.303316,51.26297],[7.302826,51.263587],[7.302704,51.264072],[7.302989,51.26448],[7.303618,51.264973],[7.304253,51.264917],[7.306593,51.265854],[7.308122,51.266228],[7.308205,51.266462],[7.309722,51.267527],[7.311143,51.268027],[7.312225,51.268218],[7.312457,51.26787],[7.313048,51.268017],[7.314354,51.26873],[7.314285,51.268914],[7.315602,51.269458],[7.317493,51.271343],[7.318936,51.272186],[7.319093,51.272606],[7.318507,51.273739],[7.318597,51.274176],[7.317644,51.274402],[7.31736,51.274902],[7.318687,51.276989],[7.320035,51.27852],[7.320181,51.279131],[7.31969,51.281084],[7.318117,51.282472],[7.317633,51.2842],[7.316175,51.286826],[7.317713,51.287155],[7.317826,51.287496],[7.317614,51.288797],[7.316432,51.289661],[7.315758,51.290423],[7.315689,51.291069],[7.316033,51.292061],[7.315724,51.292882],[7.314905,51.294133],[7.313348,51.295492],[7.310568,51.29687],[7.312513,51.297676],[7.312921,51.298839],[7.312666,51.299755],[7.309981,51.300603],[7.309152,51.299568],[7.308805,51.299583],[7.307562,51.29998],[7.306984,51.300436],[7.308961,51.301726],[7.30956,51.303983],[7.310902,51.304676],[7.310149,51.304913],[7.308556,51.304785],[7.308909,51.307788],[7.309687,51.307602],[7.311912,51.3078],[7.312832,51.308189],[7.313898,51.308263],[7.317309,51.307928],[7.319915,51.308477],[7.32044,51.307885],[7.321008,51.3088],[7.322468,51.310134],[7.324133,51.31046],[7.324637,51.310353],[7.324149,51.309636],[7.324605,51.308549],[7.330377,51.307964],[7.33215,51.306124],[7.334547,51.30543],[7.337635,51.30404],[7.338685,51.304312],[7.338779,51.30383],[7.340247,51.303988],[7.340484,51.303702],[7.342469,51.303628],[7.34266,51.305447],[7.343567,51.306022],[7.343093,51.307968],[7.343217,51.308767],[7.343067,51.309407],[7.343882,51.309774],[7.345047,51.309833],[7.347229,51.309484],[7.347791,51.309176],[7.349107,51.309841],[7.347683,51.312565],[7.350888,51.312751],[7.353785,51.314068],[7.353736,51.314449],[7.353973,51.314745],[7.353753,51.314826],[7.353555,51.315556],[7.354083,51.315521],[7.353908,51.315942],[7.352962,51.316489],[7.352206,51.316641],[7.354174,51.317952],[7.364669,51.321132],[7.365682,51.31938],[7.365519,51.31758],[7.36986,51.316841],[7.370188,51.317703],[7.37122,51.318789],[7.371728,51.31845],[7.370767,51.319574],[7.368859,51.321147],[7.370142,51.32155],[7.372068,51.321831],[7.372197,51.320334],[7.373211,51.319073],[7.374425,51.319316],[7.374193,51.320588],[7.374706,51.321967],[7.377164,51.321116],[7.378371,51.321454],[7.378223,51.324652],[7.387951,51.327271],[7.390286,51.325525],[7.391129,51.323137],[7.391765,51.32346],[7.39233,51.324365],[7.393563,51.325658],[7.398107,51.332282],[7.400726,51.33097],[7.4029,51.331237],[7.405408,51.33092],[7.405453,51.331162],[7.411422,51.33055],[7.411178,51.329977],[7.410134,51.32985],[7.410076,51.327417],[7.410343,51.326791],[7.411083,51.326721],[7.41128,51.327627],[7.412289,51.327624],[7.41279,51.328725],[7.416981,51.328251],[7.417827,51.328703],[7.418188,51.328408],[7.418899,51.328747],[7.418351,51.328973],[7.418965,51.3296]]]},"properties":{"name":"Ennepetal","basis":"Auf der offiziellen Revierübersicht benannte oder innerhalb des kartierten Megaplexumrisses liegende Kommune; heutige Gemeindegrenze als geografische Liniengrundlage","boundary_role":"lore-municipality","source":"Code for Germany / Click That Hood","source_url":"https://github.com/codeforgermany/click_that_hood","boundary_review_status":"contextual","boundary_review_label":"Offizielle RRP-Karte abgeglichen; heutige Gemeindegeometrie nur als Liniengrundlage","entity_id":266,"description_preview":"Ennepetal ist auf der offiziellen Revierübersicht als Stadt oder Kommune innerhalb des Rhein-Ruhr-Megaplexes verzeichnet.","description_full":"Ennepetal ist auf der offiziellen Revierübersicht als Stadt oder Kommune innerhalb des Rhein-Ruhr-Megaplexes verzeichnet. Die Flächendarstellung folgt dem mit der offiziellen Shadowrun-Karte abgeglichenen Kommunenbestand. Die heutige Gemeindegeometrie dient ausschließlich als geografische Liniengrundlage; eine darüber hinausgehende eigene Stadtbeschreibung ist im zugeordneten Datenmaterial nicht eindeutig belegt.","editions":["SR6"],"sources":[{"bookId":"rrp-map-sr6","title":"Revierbericht 2082 – Karte","edition":"SR6","citation":"Revierübersicht: Stadt/Kommune Ennepetal","purpose":"description"}]}},{"type":"Feature","geometry":{"type":"Polygon","coordinates":[[[6.908741,51.206112],[6.910992,51.208807],[6.911811,51.210765],[6.910433,51.210933],[6.910595,51.211392],[6.908761,51.211643],[6.907277,51.210759],[6.906881,51.210726],[6.906748,51.210812],[6.907174,51.211298],[6.906419,51.211778],[6.905463,51.211399],[6.902816,51.211273],[6.902956,51.210968],[6.901147,51.21142],[6.899149,51.212221],[6.899141,51.212617],[6.899644,51.212763],[6.897103,51.213111],[6.894902,51.213199],[6.893783,51.212665],[6.890755,51.212553],[6.890109,51.213874],[6.889597,51.214043],[6.886609,51.213876],[6.885443,51.213373],[6.884248,51.21423],[6.882776,51.214541],[6.882085,51.214505],[6.881181,51.215687],[6.880994,51.215675],[6.880823,51.214922],[6.881007,51.214572],[6.880926,51.214261],[6.878656,51.21407],[6.878694,51.214689],[6.877915,51.21508],[6.878306,51.215332],[6.877691,51.215849],[6.877248,51.215817],[6.873318,51.219974],[6.873132,51.219976],[6.873617,51.220313],[6.873855,51.220961],[6.873819,51.221467],[6.873232,51.221775],[6.87334,51.22211],[6.872629,51.222581],[6.87188,51.222642],[6.873348,51.224206],[6.873877,51.224392],[6.874801,51.225124],[6.875837,51.225453],[6.875365,51.226067],[6.880059,51.228025],[6.875778,51.230243],[6.877113,51.231181],[6.876968,51.232176],[6.873178,51.232351],[6.872907,51.232745],[6.872679,51.233097],[6.872568,51.238072],[6.871642,51.239196],[6.871069,51.241459],[6.871951,51.241705],[6.872058,51.241532],[6.873313,51.241217],[6.873546,51.240598],[6.874046,51.240787],[6.874406,51.241177],[6.876153,51.241399],[6.878087,51.242203],[6.877577,51.242219],[6.878364,51.24252],[6.88103,51.242146],[6.881806,51.242194],[6.883119,51.241819],[6.883247,51.241468],[6.882714,51.240866],[6.883634,51.240735],[6.883959,51.240142],[6.883969,51.239257],[6.8831,51.239038],[6.882736,51.238243],[6.88463,51.238808],[6.885267,51.238814],[6.887544,51.239719],[6.888249,51.238951],[6.89049,51.239279],[6.890537,51.237881],[6.890868,51.237513],[6.891501,51.237607],[6.893217,51.237406],[6.892594,51.238577],[6.893472,51.238724],[6.893465,51.239122],[6.894897,51.238802],[6.895737,51.238845],[6.896537,51.238557],[6.897247,51.238154],[6.896954,51.237595],[6.899136,51.237172],[6.901402,51.237053],[6.903218,51.237132],[6.902525,51.238236],[6.903289,51.238361],[6.903871,51.238228],[6.904021,51.239599],[6.902907,51.239979],[6.903034,51.240229],[6.903624,51.240408],[6.908402,51.238961],[6.910119,51.241244],[6.910224,51.241765],[6.910415,51.241789],[6.911252,51.241733],[6.912728,51.241213],[6.915053,51.240951],[6.917073,51.2411],[6.916861,51.24072],[6.917767,51.240284],[6.917989,51.23998],[6.918534,51.240383],[6.91961,51.24071],[6.920823,51.241829],[6.921908,51.24169],[6.925142,51.24229],[6.926658,51.242876],[6.926787,51.24248],[6.930957,51.240882],[6.930014,51.239571],[6.93046,51.238049],[6.931174,51.238079],[6.931001,51.236521],[6.931601,51.236391],[6.931373,51.236148],[6.931537,51.23599],[6.932044,51.235875],[6.933797,51.234475],[6.933529,51.234232],[6.935607,51.233915],[6.936721,51.233285],[6.936853,51.233393],[6.937631,51.230659],[6.939315,51.231105],[6.943361,51.229571],[6.943332,51.229111],[6.942936,51.228761],[6.941794,51.229414],[6.940947,51.229423],[6.939721,51.229778],[6.938979,51.229657],[6.938626,51.228534],[6.938679,51.228135],[6.940409,51.228478],[6.944862,51.228233],[6.946633,51.227484],[6.947133,51.226792],[6.947774,51.226428],[6.949015,51.22634],[6.949884,51.226799],[6.950188,51.226784],[6.951172,51.226138],[6.951261,51.225822],[6.951077,51.22519],[6.950631,51.224698],[6.950124,51.224522],[6.951423,51.223918],[6.953368,51.224284],[6.954158,51.224047],[6.954322,51.223447],[6.954073,51.223266],[6.954195,51.222249],[6.954482,51.221836],[6.956798,51.221502],[6.956927,51.221739],[6.957642,51.221959],[6.957805,51.222492],[6.959072,51.223903],[6.960124,51.223914],[6.962069,51.223482],[6.964387,51.224596],[6.965907,51.224649],[6.967029,51.223959],[6.967359,51.224164],[6.968472,51.22426],[6.968613,51.224169],[6.968439,51.223719],[6.968849,51.223413],[6.970022,51.223236],[6.968303,51.222972],[6.969602,51.222453],[6.970572,51.222452],[6.970616,51.222066],[6.972738,51.222094],[6.975785,51.223086],[6.975126,51.222473],[6.97403,51.221859],[6.973314,51.220984],[6.974156,51.220853],[6.974399,51.220096],[6.975236,51.219208],[6.975037,51.218741],[6.975899,51.219127],[6.977113,51.219002],[6.979032,51.219653],[6.980627,51.219772],[6.981798,51.218487],[6.982574,51.217963],[6.982227,51.217873],[6.981853,51.217173],[6.982029,51.216652],[6.982384,51.21649],[6.983042,51.213447],[6.984319,51.213204],[6.986142,51.21375],[6.987478,51.214515],[6.989682,51.215229],[6.990945,51.216266],[6.991376,51.216117],[6.99184,51.216366],[6.99242,51.216358],[6.992334,51.216637],[6.993822,51.216276],[6.995264,51.21557],[6.994354,51.214978],[6.993581,51.21533],[6.99267,51.214494],[6.993084,51.214408],[6.992332,51.213928],[6.991953,51.213079],[6.994932,51.212868],[6.9949,51.212243],[6.9924,51.212246],[6.991828,51.211511],[6.990792,51.211612],[6.988169,51.209323],[6.987402,51.208857],[6.987761,51.208798],[6.985973,51.207446],[6.988661,51.20611],[6.988388,51.205917],[6.98855,51.2058],[6.988469,51.20529],[6.988994,51.204719],[6.989375,51.204702],[6.989401,51.20444],[6.988521,51.203785],[6.988506,51.203367],[6.985907,51.202916],[6.985706,51.202975],[6.985606,51.203336],[6.984418,51.203244],[6.983231,51.202669],[6.982626,51.202991],[6.981652,51.202391],[6.980872,51.20146],[6.978607,51.202291],[6.977468,51.202925],[6.976437,51.202435],[6.975653,51.201627],[6.974542,51.201636],[6.974386,51.201378],[6.975245,51.201243],[6.975499,51.200892],[6.974268,51.2004],[6.97268,51.200393],[6.972705,51.200115],[6.972266,51.199722],[6.972177,51.199377],[6.971615,51.199166],[6.952375,51.197357],[6.947936,51.196631],[6.946982,51.196654],[6.94555,51.197273],[6.944067,51.197611],[6.943728,51.195862],[6.942954,51.19576],[6.941899,51.195826],[6.940743,51.196154],[6.939183,51.19692],[6.938257,51.197817],[6.937162,51.197924],[6.936825,51.197676],[6.93672,51.195838],[6.936281,51.195485],[6.936527,51.195401],[6.935885,51.194793],[6.933947,51.193946],[6.93101,51.193466],[6.919881,51.19275],[6.918605,51.19294],[6.917151,51.193604],[6.915707,51.193489],[6.914811,51.193124],[6.912084,51.194491],[6.909406,51.195561],[6.909655,51.195858],[6.909426,51.196609],[6.906912,51.198447],[6.906429,51.199458],[6.906442,51.200666],[6.905241,51.20123],[6.905139,51.201512],[6.905431,51.202758],[6.905991,51.203606],[6.908741,51.206112]]]},"properties":{"name":"Erkrath","basis":"Auf der offiziellen Revierübersicht benannte oder innerhalb des kartierten Megaplexumrisses liegende Kommune; heutige Gemeindegrenze als geografische Liniengrundlage","boundary_role":"lore-municipality","source":"Code for Germany / Click That Hood","source_url":"https://github.com/codeforgermany/click_that_hood","boundary_review_status":"contextual","boundary_review_label":"Offizielle RRP-Karte abgeglichen; heutige Gemeindegeometrie nur als Liniengrundlage","entity_id":267,"description_preview":"Erkrath ist auf der offiziellen Revierübersicht als Stadt oder Kommune innerhalb des Rhein-Ruhr-Megaplexes verzeichnet.","description_full":"Erkrath ist auf der offiziellen Revierübersicht als Stadt oder Kommune innerhalb des Rhein-Ruhr-Megaplexes verzeichnet. Die Flächendarstellung folgt dem mit der offiziellen Shadowrun-Karte abgeglichenen Kommunenbestand. Die heutige Gemeindegeometrie dient ausschließlich als geografische Liniengrundlage; eine darüber hinausgehende eigene Stadtbeschreibung ist im zugeordneten Datenmaterial nicht eindeutig belegt.","editions":["SR6","SR1","SR2","SR3","SR4"],"sources":[{"bookId":"rrp-map-sr6","title":"Revierbericht 2082 – Karte","edition":"SR6","citation":"Revierübersicht: Stadt/Kommune Erkrath","purpose":"description"},{"bookId":"dids-sr1","title":"Deutschland in den Schatten","edition":"SR1","citation":"RRP-Kapitel: Erkrath","purpose":"description"},{"bookId":"dids-sr2","title":"Deutschland in den Schatten","edition":"SR2","citation":"RRP-Kapitel: Erkrath","purpose":"description"},{"bookId":"dids2-sr3","title":"Deutschland in den Schatten II","edition":"SR3","citation":"RRP-Kapitel: Erkrath","purpose":"description"},{"bookId":"rrmp-sr4","title":"Rhein-Ruhr-Megaplex","edition":"SR4","citation":"RRP-Kapitel: Erkrath","purpose":"description"},{"bookId":"archive-sr2-chrom-dioxin","title":"Chrom & Dioxin","edition":"SR2","citation":"RRP-Kontextverweis: Erkrath","purpose":"description"},{"bookId":"archive-sr2-schlagschatten","title":"Schlagschatten","edition":"SR2","citation":"RRP-Kontextverweis: Erkrath","purpose":"description"},{"bookId":"archive-sr2-walzer-punks-schwarzes-ice","title":"Walzer, Punks & Schwarzes Ice","edition":"SR2","citation":"RRP-Kontextverweis: Erkrath","purpose":"description"},{"bookId":"archive-sr3-brennpunkt-adl","title":"Brennpunkt ADL","edition":"SR3","citation":"RRP-Kontextverweis: Erkrath","purpose":"description"},{"bookId":"archive-sr3-europa-in-den-schatten","title":"Europa in den Schatten","edition":"SR3","citation":"RRP-Kontextverweis: Erkrath","purpose":"description"},{"bookId":"archive-sr3-schockwellen","title":"Schockwellen","edition":"SR3","citation":"RRP-Kontextverweis: Erkrath","purpose":"description"},{"bookId":"archive-sr4-blut-spiele","title":"Blut & Spiele","edition":"SR4","citation":"RRP-Kontextverweis: Erkrath","purpose":"description"},{"bookId":"archive-sr4-m-nchen-noir","title":"München Noir","edition":"SR4","citation":"RRP-Kontextverweis: Erkrath","purpose":"description"},{"bookId":"archive-sr4-systemausfall","title":"Systemausfall","edition":"SR4","citation":"RRP-Kontextverweis: Erkrath","purpose":"description"}]}},{"type":"Feature","geometry":{"type":"Polygon","coordinates":[[[6.911002,51.378609],[6.910816,51.379109],[6.912415,51.379925],[6.913505,51.37898],[6.914982,51.379694],[6.915451,51.379379],[6.917836,51.380778],[6.919353,51.38116],[6.919833,51.381642],[6.919669,51.381818],[6.922166,51.381984],[6.926203,51.382867],[6.926785,51.382097],[6.929012,51.383372],[6.927514,51.385365],[6.930538,51.386363],[6.933307,51.387706],[6.934018,51.387266],[6.937587,51.387511],[6.940763,51.388163],[6.943318,51.389375],[6.945613,51.392718],[6.943625,51.394821],[6.942266,51.395501],[6.939968,51.396053],[6.93925,51.39672],[6.938877,51.397456],[6.944079,51.399709],[6.944718,51.399829],[6.943926,51.408609],[6.943588,51.409339],[6.944162,51.409383],[6.944438,51.409865],[6.944132,51.41059],[6.945067,51.41172],[6.944373,51.412636],[6.944544,51.413067],[6.944309,51.413527],[6.944499,51.41381],[6.943825,51.414484],[6.944478,51.414874],[6.944141,51.41503],[6.944298,51.415298],[6.947129,51.418149],[6.948882,51.420318],[6.951461,51.42218],[6.954349,51.423366],[6.954075,51.425265],[6.954374,51.42533],[6.953964,51.426041],[6.954401,51.42869],[6.954668,51.429365],[6.952472,51.43076],[6.951174,51.431835],[6.955658,51.432622],[6.955822,51.433082],[6.957776,51.433271],[6.95783,51.434564],[6.957399,51.435883],[6.956724,51.436965],[6.959329,51.437429],[6.959005,51.438358],[6.959494,51.438899],[6.959538,51.439448],[6.959119,51.43932],[6.954936,51.443952],[6.954152,51.446203],[6.953314,51.447862],[6.951972,51.449056],[6.951257,51.449355],[6.950105,51.44956],[6.949088,51.448787],[6.94651,51.447465],[6.943107,51.44736],[6.942385,51.447554],[6.940485,51.449019],[6.938983,51.449664],[6.937961,51.450383],[6.936748,51.450653],[6.934351,51.450531],[6.933188,51.450698],[6.93165,51.451261],[6.927686,51.451207],[6.922806,51.450256],[6.917976,51.450003],[6.915823,51.450122],[6.915184,51.450322],[6.916191,51.453714],[6.917006,51.454881],[6.916822,51.457114],[6.917116,51.458307],[6.916943,51.459046],[6.916703,51.459285],[6.916598,51.460168],[6.916962,51.460469],[6.916666,51.461043],[6.917174,51.461391],[6.916848,51.461937],[6.917151,51.462623],[6.91658,51.463096],[6.916069,51.463154],[6.915808,51.464402],[6.913959,51.46549],[6.913045,51.466913],[6.912209,51.466971],[6.912031,51.467288],[6.910825,51.467489],[6.909817,51.467892],[6.909424,51.468479],[6.908845,51.468608],[6.908801,51.468767],[6.909085,51.468786],[6.909067,51.46892],[6.907796,51.469034],[6.907711,51.469477],[6.906423,51.469533],[6.906146,51.470048],[6.905662,51.470197],[6.904515,51.4697],[6.901655,51.471091],[6.900836,51.471365],[6.899937,51.47138],[6.898771,51.472681],[6.898138,51.472651],[6.89812,51.472363],[6.897546,51.472449],[6.896466,51.473712],[6.895306,51.474215],[6.894379,51.47611],[6.89459,51.476398],[6.894779,51.478242],[6.896791,51.481304],[6.898392,51.481028],[6.899211,51.483883],[6.89998,51.485726],[6.902679,51.485937],[6.902039,51.488368],[6.911602,51.48939],[6.913944,51.489469],[6.918662,51.490475],[6.921656,51.491411],[6.920012,51.4943],[6.919254,51.496506],[6.92836,51.49775],[6.928609,51.497038],[6.932263,51.497557],[6.942656,51.498547],[6.955393,51.501873],[6.975713,51.504665],[6.980139,51.505918],[6.987751,51.508659],[6.986136,51.510368],[6.986082,51.512948],[6.991312,51.517921],[6.992881,51.52031],[6.995199,51.522385],[6.994978,51.529214],[6.994987,51.530242],[6.995236,51.530502],[6.995106,51.530899],[6.996705,51.531824],[6.997479,51.531666],[6.99817,51.532199],[6.998991,51.532415],[6.999066,51.532606],[6.998826,51.532961],[6.999089,51.533489],[6.998836,51.533687],[6.99899,51.533772],[7.000349,51.534016],[7.001292,51.533914],[7.00247,51.534213],[7.003709,51.533862],[7.004636,51.534155],[7.004981,51.534068],[7.00496,51.533838],[7.005385,51.533526],[7.006813,51.533447],[7.006891,51.532977],[7.00792,51.532702],[7.014032,51.532408],[7.013324,51.531504],[7.013281,51.530664],[7.012986,51.529952],[7.013174,51.529008],[7.013613,51.528321],[7.014935,51.527452],[7.015497,51.526609],[7.015902,51.525214],[7.01607,51.525239],[7.016031,51.52471],[7.016641,51.524069],[7.016823,51.523131],[7.017798,51.522636],[7.018036,51.522309],[7.019767,51.518114],[7.02232,51.519135],[7.022994,51.518811],[7.024516,51.51725],[7.024896,51.517068],[7.026669,51.517147],[7.033366,51.516336],[7.032914,51.515023],[7.032369,51.514986],[7.032498,51.514317],[7.037091,51.514758],[7.037394,51.514639],[7.03715,51.514607],[7.037456,51.514318],[7.038054,51.514016],[7.040046,51.513886],[7.040964,51.513515],[7.041133,51.51239],[7.041501,51.511955],[7.041446,51.511582],[7.04178,51.511308],[7.042434,51.511389],[7.043262,51.511205],[7.044776,51.511497],[7.045317,51.511283],[7.046438,51.511789],[7.05041,51.512012],[7.050259,51.50976],[7.049898,51.509854],[7.050097,51.50903],[7.050767,51.508002],[7.050525,51.507889],[7.051393,51.506792],[7.051621,51.505929],[7.052178,51.505275],[7.053663,51.505613],[7.054505,51.505494],[7.05441,51.504655],[7.054143,51.504306],[7.054207,51.503443],[7.055417,51.503473],[7.056834,51.501774],[7.057257,51.500869],[7.057555,51.498575],[7.058757,51.499052],[7.060893,51.496694],[7.066288,51.497788],[7.06671,51.497543],[7.067018,51.497596],[7.071543,51.49477],[7.071889,51.494907],[7.073736,51.493343],[7.073902,51.492785],[7.074233,51.492457],[7.073189,51.491541],[7.073365,51.491173],[7.072468,51.49088],[7.073169,51.490137],[7.071145,51.489312],[7.071344,51.487905],[7.070921,51.485502],[7.070966,51.484974],[7.072715,51.485196],[7.073864,51.483627],[7.073987,51.482807],[7.081975,51.483109],[7.082262,51.483251],[7.083456,51.483144],[7.083635,51.484054],[7.084726,51.484179],[7.089433,51.483369],[7.090256,51.48243],[7.092384,51.482886],[7.092848,51.48229],[7.09763,51.482515],[7.098003,51.482755],[7.101297,51.481038],[7.101936,51.480783],[7.102292,51.480884],[7.102963,51.480439],[7.103566,51.48044],[7.104053,51.48019],[7.105647,51.478644],[7.105738,51.478377],[7.1055,51.478106],[7.105848,51.478126],[7.106154,51.477646],[7.106868,51.477447],[7.107188,51.476901],[7.107733,51.476882],[7.108287,51.476194],[7.10871,51.476088],[7.108513,51.475681],[7.10864,51.47546],[7.110828,51.474349],[7.111649,51.473542],[7.112306,51.473548],[7.113145,51.47312],[7.113395,51.4724],[7.114071,51.471927],[7.113755,51.471835],[7.113906,51.470235],[7.113405,51.46967],[7.113663,51.469108],[7.113831,51.467668],[7.113484,51.466445],[7.113546,51.465956],[7.113954,51.465578],[7.113699,51.465092],[7.113452,51.465043],[7.113252,51.464592],[7.112072,51.46386],[7.11126,51.463857],[7.108299,51.462435],[7.108531,51.461887],[7.108383,51.461366],[7.109279,51.460447],[7.109553,51.459379],[7.112943,51.460002],[7.114703,51.458242],[7.115453,51.456314],[7.115697,51.456344],[7.116021,51.454934],[7.118542,51.455343],[7.121305,51.454941],[7.122999,51.45234],[7.12591,51.450028],[7.128935,51.446628],[7.128244,51.44606],[7.128925,51.445544],[7.128157,51.44513],[7.1298,51.444028],[7.130159,51.444263],[7.131802,51.44351],[7.13098,51.443016],[7.13088,51.442752],[7.131762,51.442689],[7.132867,51.442012],[7.133905,51.442164],[7.133508,51.441883],[7.133673,51.441412],[7.13294,51.441271],[7.133099,51.440782],[7.132309,51.440528],[7.132781,51.440164],[7.132631,51.440106],[7.132776,51.439797],[7.132496,51.439685],[7.132651,51.439522],[7.130894,51.438824],[7.127041,51.436636],[7.124693,51.435057],[7.122662,51.434122],[7.122947,51.431681],[7.119076,51.431241],[7.119249,51.430895],[7.120716,51.43106],[7.12435,51.430856],[7.128628,51.429901],[7.131603,51.428612],[7.137553,51.425283],[7.136143,51.424509],[7.1365,51.42376],[7.13704,51.423587],[7.137377,51.42256],[7.137656,51.422255],[7.136227,51.422037],[7.136858,51.420424],[7.135654,51.419808],[7.135826,51.419598],[7.135664,51.419324],[7.134846,51.418864],[7.135267,51.418523],[7.134717,51.418308],[7.13478,51.418172],[7.134322,51.417816],[7.134268,51.417476],[7.132839,51.416312],[7.132662,51.415882],[7.131949,51.415508],[7.132068,51.41526],[7.12888,51.413912],[7.129197,51.413821],[7.129938,51.412635],[7.12924,51.412675],[7.127129,51.411444],[7.127009,51.411329],[7.127514,51.410794],[7.127343,51.410513],[7.126754,51.410935],[7.126914,51.411139],[7.126532,51.411474],[7.126906,51.411788],[7.126742,51.411919],[7.126012,51.411345],[7.125766,51.411488],[7.12468,51.410762],[7.124796,51.41061],[7.124306,51.41028],[7.123903,51.410538],[7.122865,51.409938],[7.121818,51.409884],[7.121929,51.409781],[7.121775,51.409647],[7.122381,51.409227],[7.121837,51.408835],[7.121689,51.408498],[7.120803,51.408853],[7.116816,51.40774],[7.115776,51.408646],[7.114706,51.408641],[7.112375,51.408241],[7.112565,51.40772],[7.110517,51.407542],[7.108321,51.406651],[7.110987,51.40576],[7.11088,51.405603],[7.111161,51.405701],[7.111703,51.405521],[7.111693,51.404527],[7.112539,51.404157],[7.112763,51.403622],[7.112356,51.403163],[7.112325,51.402838],[7.112619,51.402458],[7.112277,51.401924],[7.11232,51.400358],[7.112791,51.400023],[7.11323,51.399068],[7.1148,51.39782],[7.115934,51.395944],[7.116454,51.395496],[7.117464,51.395076],[7.118476,51.393892],[7.118669,51.392764],[7.118582,51.392133],[7.117515,51.390041],[7.118187,51.389021],[7.11736,51.388331],[7.11833,51.388673],[7.11951,51.387346],[7.118756,51.386559],[7.116771,51.385793],[7.11631,51.385266],[7.116364,51.384419],[7.116103,51.384097],[7.116513,51.384153],[7.11724,51.383236],[7.117315,51.382589],[7.117872,51.38205],[7.117357,51.381122],[7.116986,51.381044],[7.117044,51.38053],[7.118242,51.380193],[7.118694,51.379803],[7.117054,51.379661],[7.117031,51.378885],[7.116203,51.378689],[7.115481,51.378155],[7.115778,51.377744],[7.117548,51.378352],[7.119,51.378485],[7.119494,51.377991],[7.11774,51.377404],[7.116501,51.375776],[7.115943,51.375657],[7.11587,51.376103],[7.11508,51.376635],[7.114661,51.376405],[7.113998,51.376654],[7.11318,51.375877],[7.112443,51.376033],[7.112109,51.375869],[7.112204,51.377428],[7.111832,51.377974],[7.108557,51.376892],[7.107252,51.377102],[7.105759,51.376932],[7.104775,51.376581],[7.104117,51.375841],[7.102942,51.375957],[7.10287,51.375064],[7.101827,51.374934],[7.10128,51.374354],[7.101292,51.372818],[7.100785,51.372669],[7.09992,51.37332],[7.099341,51.373495],[7.098593,51.372658],[7.100139,51.372334],[7.099724,51.372142],[7.099872,51.371662],[7.100082,51.371588],[7.099407,51.371641],[7.098921,51.371315],[7.09961,51.370893],[7.099381,51.37081],[7.099565,51.37061],[7.09899,51.370354],[7.098043,51.370135],[7.097357,51.370655],[7.096786,51.370627],[7.095742,51.369893],[7.094655,51.370036],[7.092704,51.369453],[7.092525,51.369769],[7.091529,51.368936],[7.090204,51.368589],[7.088679,51.369672],[7.088636,51.370364],[7.088225,51.370995],[7.088158,51.37182],[7.087009,51.371526],[7.086454,51.371013],[7.086035,51.370946],[7.084178,51.371273],[7.081658,51.370051],[7.080734,51.370739],[7.080946,51.371994],[7.081492,51.372803],[7.079582,51.374514],[7.076773,51.373198],[7.074563,51.372632],[7.074454,51.372303],[7.069839,51.370516],[7.066541,51.367867],[7.065695,51.36808],[7.062565,51.366881],[7.058234,51.363667],[7.055945,51.363129],[7.055812,51.362938],[7.056017,51.362578],[7.054901,51.362314],[7.051901,51.362382],[7.050439,51.362077],[7.048764,51.36253],[7.048197,51.36325],[7.048338,51.363863],[7.047608,51.364549],[7.045885,51.365087],[7.04502,51.365694],[7.044673,51.366246],[7.044364,51.368356],[7.044092,51.368111],[7.043613,51.368103],[7.043278,51.367512],[7.043357,51.36699],[7.042409,51.367036],[7.039194,51.364359],[7.037678,51.362608],[7.03633,51.362295],[7.035892,51.361601],[7.035516,51.361957],[7.034062,51.362507],[7.033266,51.363334],[7.03265,51.363582],[7.030283,51.362513],[7.029229,51.362313],[7.026684,51.363491],[7.024407,51.364079],[7.023981,51.364296],[7.024208,51.364446],[7.023342,51.365257],[7.021479,51.364677],[7.02107,51.365495],[7.018115,51.364751],[7.017964,51.364993],[7.016985,51.364825],[7.014594,51.363561],[7.011245,51.362388],[7.009514,51.361148],[7.010728,51.360553],[7.007078,51.35934],[7.007882,51.357711],[7.007689,51.357536],[7.004942,51.357262],[7.004584,51.357554],[7.003479,51.357665],[7.003171,51.357888],[7.002244,51.357886],[7.001202,51.357698],[7.000635,51.357318],[6.999715,51.35739],[6.99961,51.357048],[6.999117,51.357042],[6.997091,51.357534],[6.996285,51.358144],[6.995199,51.358374],[6.99449,51.358227],[6.992838,51.359198],[6.992028,51.359387],[6.991824,51.359168],[6.991214,51.359094],[6.990083,51.358148],[6.988257,51.358464],[6.987318,51.357947],[6.986273,51.357223],[6.986403,51.357001],[6.983494,51.354494],[6.982121,51.353505],[6.980728,51.354178],[6.980342,51.353964],[6.979988,51.354015],[6.979767,51.354481],[6.980105,51.355231],[6.979488,51.355729],[6.977313,51.355877],[6.97739,51.355558],[6.976827,51.354814],[6.976133,51.352746],[6.975919,51.35256],[6.972584,51.351932],[6.971871,51.351403],[6.968668,51.350066],[6.969779,51.349419],[6.964506,51.347675],[6.964041,51.347757],[6.963801,51.348],[6.963288,51.347779],[6.962573,51.348736],[6.962081,51.348924],[6.961002,51.347601],[6.953273,51.349454],[6.952214,51.349981],[6.95108,51.349186],[6.950329,51.349798],[6.946869,51.351438],[6.945795,51.351098],[6.945211,51.351433],[6.944625,51.350944],[6.944786,51.350694],[6.943254,51.349825],[6.942604,51.350256],[6.941552,51.349937],[6.939507,51.351002],[6.939487,51.350566],[6.938789,51.350854],[6.938421,51.350522],[6.93745,51.350311],[6.935638,51.349342],[6.934284,51.349764],[6.933715,51.349526],[6.932324,51.350367],[6.931315,51.350349],[6.930632,51.349317],[6.92923,51.34811],[6.928811,51.349631],[6.925994,51.348462],[6.924187,51.350369],[6.928637,51.352092],[6.929017,51.352449],[6.928669,51.352656],[6.928546,51.352981],[6.927055,51.352957],[6.926752,51.35364],[6.925951,51.353437],[6.922811,51.354179],[6.922481,51.353871],[6.921907,51.353848],[6.921514,51.354084],[6.922232,51.354948],[6.921079,51.35537],[6.921684,51.355765],[6.922048,51.3556],[6.92241,51.355828],[6.922737,51.355526],[6.924143,51.356666],[6.924923,51.357707],[6.922519,51.358365],[6.918234,51.360292],[6.914992,51.361417],[6.913919,51.361677],[6.913262,51.361636],[6.912998,51.36177],[6.913246,51.362068],[6.907667,51.365446],[6.905052,51.367601],[6.905903,51.367919],[6.906176,51.367799],[6.907262,51.368251],[6.906269,51.368787],[6.908888,51.37072],[6.909251,51.370595],[6.91207,51.372537],[6.913648,51.371629],[6.91483,51.372823],[6.915119,51.373758],[6.916362,51.374675],[6.912588,51.376323],[6.909816,51.377937],[6.911002,51.378609]]]},"properties":{"name":"Essen","basis":"Auf der offiziellen Revierübersicht benannte oder innerhalb des kartierten Megaplexumrisses liegende Kommune; heutige Gemeindegrenze als geografische Liniengrundlage","boundary_role":"lore-municipality","source":"Code for Germany / Click That Hood","source_url":"https://github.com/codeforgermany/click_that_hood","entity_id":248,"description_preview":"Essen ist das politische und wirtschaftliche Herz von Lofwyrs Revier. Neu-Essen bildet eine hochgesicherte S-K-Enklave; nördliche Bezirke bleiben von Armut, Mafia und Industrie geprägt.","description_full":"Essen ist das politische und wirtschaftliche Herz von Lofwyrs Revier. Neu-Essen bildet eine hochgesicherte S-K-Enklave; nördliche Bezirke bleiben von Armut, Mafia und Industrie geprägt. Die Zusammenfassung folgt dem Bezirkskapitel der angegebenen Edition; heutige Grenzen dienen nur der geografischen Einordnung.","editions":["SR6","SR1","SR2","SR3","SR4","SR5"],"boundary_review_status":"contextual","boundary_review_label":"Offizielle RRP-Karte abgeglichen; heutige Gemeindegeometrie nur als Liniengrundlage","sources":[{"bookId":"revierbericht-sr6","title":"Revierbericht 2082","edition":"SR6","citation":"S. 48–52 und 64–75","purpose":"description"},{"bookId":"dids-sr1","title":"Deutschland in den Schatten","edition":"SR1","citation":"RRP-Kapitel: Essen","purpose":"description"},{"bookId":"dids-sr2","title":"Deutschland in den Schatten","edition":"SR2","citation":"RRP-Kapitel: Essen","purpose":"description"},{"bookId":"dids2-sr3","title":"Deutschland in den Schatten II","edition":"SR3","citation":"RRP-Kapitel: Essen","purpose":"description"},{"bookId":"rrmp-sr4","title":"Rhein-Ruhr-Megaplex","edition":"SR4","citation":"RRP-Kapitel: Essen","purpose":"description"},{"bookId":"datapuls-adl-sr5","title":"Datapuls: ADL","edition":"SR5","citation":"RRP-Kapitel: Essen","purpose":"description"}]}},{"type":"Feature","geometry":{"type":"Polygon","coordinates":[[[6.742717,50.889498],[6.742568,50.89006],[6.743523,50.890467],[6.741773,50.891377],[6.741542,50.892704],[6.740662,50.893958],[6.740356,50.894765],[6.740937,50.895341],[6.741241,50.895363],[6.741252,50.895649],[6.740696,50.896453],[6.739045,50.89788],[6.735908,50.899541],[6.736982,50.899519],[6.737793,50.900091],[6.738335,50.900176],[6.738233,50.90054],[6.738012,50.9006],[6.738006,50.900806],[6.736674,50.900547],[6.7359,50.901963],[6.734205,50.90148],[6.735121,50.902684],[6.732257,50.903534],[6.734758,50.905687],[6.735549,50.906598],[6.732208,50.906435],[6.730928,50.906712],[6.731045,50.907044],[6.734476,50.908428],[6.73935,50.91152],[6.741444,50.913479],[6.747151,50.91976],[6.749352,50.921722],[6.750452,50.922377],[6.749088,50.922964],[6.746306,50.923541],[6.744592,50.923636],[6.743303,50.923975],[6.741352,50.924053],[6.737943,50.924627],[6.730635,50.926686],[6.726156,50.927597],[6.72123,50.927943],[6.719866,50.928465],[6.721211,50.930998],[6.724993,50.930915],[6.725218,50.931494],[6.725753,50.931875],[6.727531,50.932543],[6.72748,50.933243],[6.729238,50.933561],[6.729178,50.933734],[6.730062,50.933935],[6.730724,50.935263],[6.732301,50.936776],[6.732089,50.937367],[6.733402,50.938901],[6.735142,50.940098],[6.735545,50.940127],[6.736024,50.941962],[6.739159,50.946583],[6.739489,50.946597],[6.740271,50.945615],[6.740907,50.945424],[6.742202,50.94431],[6.743356,50.943763],[6.747376,50.943639],[6.748498,50.943346],[6.749631,50.943663],[6.749538,50.943056],[6.750665,50.942869],[6.751121,50.944825],[6.754392,50.944241],[6.75477,50.94402],[6.755969,50.944103],[6.755768,50.944755],[6.756754,50.944994],[6.756463,50.945769],[6.758779,50.946053],[6.76159,50.946813],[6.760969,50.948528],[6.761718,50.948794],[6.765127,50.949404],[6.769138,50.949262],[6.772337,50.949551],[6.774983,50.945476],[6.777444,50.946079],[6.778752,50.944],[6.784429,50.945071],[6.7848,50.944309],[6.790369,50.944921],[6.791137,50.942832],[6.793264,50.938874],[6.805211,50.94009],[6.805049,50.939438],[6.805127,50.93868],[6.814165,50.938875],[6.817815,50.938704],[6.817695,50.932908],[6.820726,50.932882],[6.821936,50.930584],[6.821112,50.930069],[6.820905,50.929374],[6.826992,50.928904],[6.833398,50.928098],[6.840611,50.92668],[6.842235,50.925812],[6.842864,50.924767],[6.843004,50.923779],[6.842318,50.921399],[6.842117,50.919782],[6.841001,50.918612],[6.841457,50.917421],[6.841088,50.917232],[6.842971,50.91763],[6.843124,50.917366],[6.842611,50.917112],[6.842999,50.916918],[6.844335,50.915151],[6.84484,50.914915],[6.844521,50.914846],[6.84562,50.913324],[6.846723,50.911273],[6.846978,50.909621],[6.847717,50.909318],[6.84772,50.909148],[6.855139,50.90607],[6.851251,50.903621],[6.850112,50.905691],[6.845904,50.904211],[6.844313,50.902409],[6.84212,50.900745],[6.839367,50.899393],[6.830146,50.895788],[6.823881,50.892599],[6.822465,50.891633],[6.821355,50.892291],[6.820322,50.891706],[6.79447,50.884362],[6.791366,50.883275],[6.790359,50.883712],[6.789367,50.882612],[6.787978,50.881886],[6.779572,50.878959],[6.778614,50.878408],[6.776686,50.876713],[6.775461,50.877064],[6.774695,50.877808],[6.774014,50.877522],[6.770208,50.878658],[6.768391,50.880351],[6.766468,50.879493],[6.766076,50.878487],[6.765537,50.878295],[6.765168,50.876905],[6.765234,50.876532],[6.764283,50.876046],[6.762441,50.876583],[6.760044,50.877943],[6.760787,50.878985],[6.760534,50.879241],[6.758102,50.87857],[6.757265,50.878488],[6.756367,50.878662],[6.755961,50.878099],[6.755209,50.877756],[6.755697,50.881323],[6.755564,50.881655],[6.754448,50.881671],[6.754854,50.882468],[6.751497,50.882941],[6.751471,50.883081],[6.748327,50.884208],[6.749342,50.885261],[6.744667,50.887271],[6.744821,50.88794],[6.743341,50.888085],[6.743604,50.889501],[6.742717,50.889498]]]},"properties":{"name":"Frechen","basis":"Auf der offiziellen Revierübersicht benannte oder innerhalb des kartierten Megaplexumrisses liegende Kommune; heutige Gemeindegrenze als geografische Liniengrundlage","boundary_role":"lore-municipality","source":"Code for Germany / Click That Hood","source_url":"https://github.com/codeforgermany/click_that_hood","boundary_review_status":"contextual","boundary_review_label":"Offizielle RRP-Karte abgeglichen; heutige Gemeindegeometrie nur als Liniengrundlage","entity_id":268,"description_preview":"Frechen ist auf der offiziellen Revierübersicht als Stadt oder Kommune innerhalb des Rhein-Ruhr-Megaplexes verzeichnet.","description_full":"Frechen ist auf der offiziellen Revierübersicht als Stadt oder Kommune innerhalb des Rhein-Ruhr-Megaplexes verzeichnet. Die Flächendarstellung folgt dem mit der offiziellen Shadowrun-Karte abgeglichenen Kommunenbestand. Die heutige Gemeindegeometrie dient ausschließlich als geografische Liniengrundlage; eine darüber hinausgehende eigene Stadtbeschreibung ist im zugeordneten Datenmaterial nicht eindeutig belegt.","editions":["SR6","SR2","SR4","SR5"],"sources":[{"bookId":"rrp-map-sr6","title":"Revierbericht 2082 – Karte","edition":"SR6","citation":"Revierübersicht: Stadt/Kommune Frechen","purpose":"description"},{"bookId":"archive-sr2-walzer-punks-schwarzes-ice","title":"Walzer, Punks & Schwarzes Ice","edition":"SR2","citation":"RRP-Kontextverweis: Frechen","purpose":"description"},{"bookId":"archive-sr4-berlin","title":"Berlin","edition":"SR4","citation":"RRP-Kontextverweis: Frechen","purpose":"description"},{"bookId":"archive-sr4-strassenlegenden","title":"Strassenlegenden","edition":"SR4","citation":"RRP-Kontextverweis: Frechen","purpose":"description"},{"bookId":"archive-sr5-anarchy","title":"Anarchy","edition":"SR5","citation":"RRP-Kontextverweis: Frechen","purpose":"description"},{"bookId":"archive-sr5-im-bann-der-karten","title":"Im Bann der Karten","edition":"SR5","citation":"RRP-Kontextverweis: Frechen","purpose":"description"},{"bookId":"archive-sr6-hinter-dem-vorhang","title":"Hinter dem Vorhang","edition":"SR6","citation":"RRP-Kontextverweis: Frechen","purpose":"description"}]}},{"type":"Feature","geometry":{"type":"Polygon","coordinates":[[[7.674514,51.491979],[7.676268,51.49202],[7.676291,51.491887],[7.678688,51.492543],[7.679036,51.491174],[7.678859,51.490907],[7.679826,51.490388],[7.681897,51.491773],[7.683138,51.491079],[7.683957,51.491149],[7.684513,51.492227],[7.691368,51.494212],[7.695975,51.496217],[7.696538,51.494605],[7.698313,51.494418],[7.699617,51.493786],[7.700125,51.494686],[7.7012,51.495851],[7.700149,51.497656],[7.704236,51.498104],[7.703909,51.499038],[7.702979,51.500483],[7.702679,51.502038],[7.702924,51.502065],[7.700625,51.511044],[7.70087,51.511246],[7.705364,51.511302],[7.706055,51.511515],[7.708349,51.511268],[7.714896,51.511263],[7.720541,51.510649],[7.722589,51.510816],[7.722377,51.509361],[7.726506,51.509315],[7.730442,51.508993],[7.730617,51.510019],[7.733049,51.50987],[7.732356,51.510855],[7.733127,51.511314],[7.732065,51.512077],[7.732699,51.512472],[7.737292,51.513876],[7.740172,51.515112],[7.742059,51.516992],[7.743123,51.517459],[7.74782,51.520544],[7.749932,51.519614],[7.751633,51.518341],[7.753259,51.518008],[7.754365,51.5175],[7.755061,51.5175],[7.755043,51.51864],[7.757058,51.518661],[7.757032,51.520345],[7.758766,51.520357],[7.75882,51.524737],[7.758967,51.524741],[7.759556,51.528733],[7.762838,51.528887],[7.762916,51.529385],[7.766666,51.529165],[7.766678,51.529528],[7.777292,51.529075],[7.777267,51.527957],[7.77833,51.527983],[7.779361,51.52748],[7.778911,51.527114],[7.782304,51.525846],[7.781776,51.525319],[7.783639,51.524629],[7.784726,51.524713],[7.784026,51.523634],[7.786004,51.523207],[7.788511,51.524584],[7.791317,51.525729],[7.79471,51.526373],[7.795203,51.524784],[7.796164,51.522993],[7.795952,51.522983],[7.796359,51.521373],[7.797093,51.520199],[7.79748,51.516489],[7.797711,51.515864],[7.797429,51.514943],[7.797463,51.514145],[7.797999,51.512378],[7.806947,51.513236],[7.820594,51.513813],[7.825801,51.515253],[7.825989,51.514766],[7.828015,51.515318],[7.828107,51.514992],[7.83052,51.514867],[7.833791,51.516992],[7.835538,51.514242],[7.835356,51.512566],[7.83549,51.511152],[7.837302,51.508093],[7.835968,51.507648],[7.831721,51.50548],[7.832032,51.504972],[7.838204,51.499094],[7.839105,51.496129],[7.842232,51.495282],[7.84459,51.49423],[7.845856,51.488121],[7.84573,51.487951],[7.848134,51.488494],[7.850348,51.485928],[7.849651,51.485174],[7.849246,51.483692],[7.84922,51.48293],[7.849614,51.481357],[7.849539,51.480665],[7.849074,51.480288],[7.846512,51.479403],[7.842876,51.478612],[7.836159,51.478359],[7.833394,51.477915],[7.831761,51.477323],[7.829532,51.475875],[7.828379,51.475359],[7.826989,51.475039],[7.824754,51.47496],[7.823775,51.474711],[7.82308,51.474255],[7.821547,51.472607],[7.820165,51.472243],[7.818765,51.472173],[7.814987,51.472615],[7.809568,51.474504],[7.80714,51.474384],[7.80519,51.473651],[7.803708,51.472583],[7.803346,51.472063],[7.802834,51.470348],[7.8022,51.469714],[7.79924,51.46847],[7.79764,51.46805],[7.794751,51.468118],[7.792811,51.468672],[7.791954,51.469074],[7.7899,51.470698],[7.787758,51.471277],[7.78211,51.470234],[7.776018,51.470439],[7.77376,51.470328],[7.76561,51.468326],[7.763563,51.468267],[7.761286,51.468766],[7.757144,51.470903],[7.754482,51.471934],[7.751583,51.472501],[7.748745,51.472509],[7.74746,51.472217],[7.746325,51.471667],[7.74379,51.469366],[7.740718,51.467408],[7.73857,51.466778],[7.736104,51.466659],[7.734604,51.466923],[7.733212,51.467666],[7.731912,51.468732],[7.731319,51.469967],[7.730383,51.471079],[7.729468,51.4717],[7.727834,51.472286],[7.72344,51.472338],[7.717509,51.472084],[7.710525,51.473231],[7.707917,51.473169],[7.702301,51.474087],[7.700814,51.474174],[7.697844,51.474039],[7.694639,51.473417],[7.687161,51.471331],[7.680932,51.469107],[7.672945,51.467465],[7.671189,51.470103],[7.667363,51.469325],[7.663624,51.469369],[7.65985,51.468743],[7.655734,51.470468],[7.662201,51.472409],[7.661555,51.473049],[7.662066,51.473241],[7.661881,51.473445],[7.662803,51.47379],[7.662275,51.474407],[7.661808,51.474284],[7.659878,51.476338],[7.659852,51.476777],[7.659192,51.47725],[7.658509,51.478155],[7.658791,51.478262],[7.658553,51.478545],[7.65874,51.478826],[7.658535,51.480255],[7.659259,51.481756],[7.658845,51.483442],[7.658536,51.483901],[7.663059,51.48581],[7.662139,51.486697],[7.661967,51.48721],[7.665199,51.488658],[7.664693,51.489209],[7.665043,51.48931],[7.664462,51.49007],[7.667073,51.490846],[7.667654,51.490063],[7.6699,51.490654],[7.668508,51.492781],[7.670556,51.492954],[7.670919,51.49251],[7.672375,51.492672],[7.673464,51.490891],[7.674514,51.491979]]]},"properties":{"name":"Fröndenberg/Ruhr","basis":"Auf der offiziellen Revierübersicht benannte oder innerhalb des kartierten Megaplexumrisses liegende Kommune; heutige Gemeindegrenze als geografische Liniengrundlage","boundary_role":"lore-municipality","source":"Code for Germany / Click That Hood","source_url":"https://github.com/codeforgermany/click_that_hood","boundary_review_status":"contextual","boundary_review_label":"Offizielle RRP-Karte abgeglichen; heutige Gemeindegeometrie nur als Liniengrundlage","entity_id":269,"description_preview":"Fröndenberg/Ruhr ist auf der offiziellen Revierübersicht als Stadt oder Kommune innerhalb des Rhein-Ruhr-Megaplexes verzeichnet.","description_full":"Fröndenberg/Ruhr ist auf der offiziellen Revierübersicht als Stadt oder Kommune innerhalb des Rhein-Ruhr-Megaplexes verzeichnet. Die Flächendarstellung folgt dem mit der offiziellen Shadowrun-Karte abgeglichenen Kommunenbestand. Die heutige Gemeindegeometrie dient ausschließlich als geografische Liniengrundlage; eine darüber hinausgehende eigene Stadtbeschreibung ist im zugeordneten Datenmaterial nicht eindeutig belegt.","editions":["SR6","SR1","SR2","SR3","SR4","SR5"],"sources":[{"bookId":"rrp-map-sr6","title":"Revierbericht 2082 – Karte","edition":"SR6","citation":"Revierübersicht: Stadt/Kommune Fröndenberg/Ruhr","purpose":"description"},{"bookId":"dids-sr1","title":"Deutschland in den Schatten","edition":"SR1","citation":"RRP-Kapitel: Fröndenberg/Ruhr","purpose":"description"},{"bookId":"dids-sr2","title":"Deutschland in den Schatten","edition":"SR2","citation":"RRP-Kapitel: Fröndenberg/Ruhr","purpose":"description"},{"bookId":"dids2-sr3","title":"Deutschland in den Schatten II","edition":"SR3","citation":"RRP-Kapitel: Fröndenberg/Ruhr","purpose":"description"},{"bookId":"rrmp-sr4","title":"Rhein-Ruhr-Megaplex","edition":"SR4","citation":"RRP-Kapitel: Fröndenberg/Ruhr","purpose":"description"},{"bookId":"datapuls-adl-sr5","title":"Datapuls: ADL","edition":"SR5","citation":"RRP-Kapitel: Fröndenberg/Ruhr","purpose":"description"}]}},{"type":"Feature","geometry":{"type":"MultiPolygon","coordinates":[[[[7.151829,51.502136],[7.150394,51.502907],[7.149811,51.503666],[7.151006,51.504131],[7.15167,51.503411],[7.152252,51.50313],[7.151829,51.502136]]],[[[7.071543,51.49477],[7.067018,51.497596],[7.06671,51.497543],[7.066288,51.497788],[7.060893,51.496694],[7.058757,51.499052],[7.057555,51.498575],[7.057257,51.500869],[7.056834,51.501774],[7.055417,51.503473],[7.054207,51.503443],[7.054143,51.504306],[7.05441,51.504655],[7.054505,51.505494],[7.053663,51.505613],[7.052178,51.505275],[7.051621,51.505929],[7.051393,51.506792],[7.050525,51.507889],[7.050767,51.508002],[7.050097,51.50903],[7.049898,51.509854],[7.050259,51.50976],[7.05041,51.512012],[7.046438,51.511789],[7.045317,51.511283],[7.044776,51.511497],[7.043262,51.511205],[7.042434,51.511389],[7.04178,51.511308],[7.041446,51.511582],[7.041501,51.511955],[7.041133,51.51239],[7.040964,51.513515],[7.040046,51.513886],[7.038054,51.514016],[7.037456,51.514318],[7.03715,51.514607],[7.037394,51.514639],[7.037091,51.514758],[7.032498,51.514317],[7.032369,51.514986],[7.032914,51.515023],[7.033366,51.516336],[7.026669,51.517147],[7.024896,51.517068],[7.024516,51.51725],[7.022994,51.518811],[7.02232,51.519135],[7.019767,51.518114],[7.018036,51.522309],[7.017798,51.522636],[7.016823,51.523131],[7.016641,51.524069],[7.016031,51.52471],[7.01607,51.525239],[7.015902,51.525214],[7.015497,51.526609],[7.014935,51.527452],[7.013613,51.528321],[7.013174,51.529008],[7.012986,51.529952],[7.013281,51.530664],[7.013324,51.531504],[7.014032,51.532408],[7.009567,51.532656],[7.009696,51.534724],[7.010551,51.534666],[7.011761,51.535346],[7.012048,51.535212],[7.013828,51.537364],[7.012701,51.539459],[7.017063,51.540319],[7.01763,51.541538],[7.018723,51.541482],[7.018449,51.542089],[7.02013,51.542548],[7.021631,51.542552],[7.021658,51.542727],[7.022336,51.542749],[7.022266,51.543539],[7.024822,51.543543],[7.02488,51.543892],[7.025714,51.54394],[7.025552,51.54409],[7.027369,51.544901],[7.028203,51.54501],[7.030889,51.5459],[7.031006,51.545755],[7.031642,51.545962],[7.031496,51.546231],[7.032065,51.546415],[7.03199,51.546607],[7.032127,51.546637],[7.030557,51.549144],[7.029494,51.550126],[7.028339,51.550853],[7.026805,51.551291],[7.024023,51.551324],[7.024035,51.551707],[7.021691,51.551604],[7.021317,51.552603],[7.020006,51.552436],[7.019622,51.554349],[7.020027,51.554368],[7.020126,51.555389],[7.0196,51.555491],[7.019945,51.560294],[7.019659,51.560322],[7.019802,51.561655],[7.017356,51.561414],[7.016347,51.561646],[7.015322,51.563262],[7.014569,51.562925],[7.01312,51.564522],[7.017044,51.565889],[7.015952,51.566906],[7.014015,51.568258],[7.014966,51.569112],[7.015799,51.569482],[7.014909,51.569655],[7.014232,51.570921],[7.014301,51.571404],[7.014055,51.571864],[7.013192,51.572358],[7.011818,51.573812],[7.015482,51.574479],[7.015163,51.576357],[7.017703,51.577873],[7.018447,51.57797],[7.018315,51.578335],[7.018045,51.578477],[7.01336,51.579527],[7.013256,51.58055],[7.017004,51.580534],[7.016137,51.583386],[7.014244,51.583062],[7.013323,51.58306],[7.012905,51.58334],[7.012743,51.583739],[7.014686,51.583999],[7.014133,51.58577],[7.013289,51.586956],[7.011143,51.58792],[7.010912,51.588611],[7.010477,51.588806],[7.008673,51.589354],[7.007806,51.589243],[7.00785,51.589413],[7.006055,51.589869],[6.998081,51.592927],[6.994015,51.593759],[6.993603,51.595185],[6.993122,51.599651],[6.993228,51.599888],[6.993964,51.599578],[6.996087,51.600191],[6.99675,51.602018],[6.997418,51.602061],[6.997605,51.603208],[6.996697,51.604401],[6.995994,51.60578],[6.996391,51.607102],[6.995647,51.607794],[6.995205,51.608708],[6.99479,51.60867],[6.993752,51.609027],[6.994373,51.60975],[6.994021,51.611288],[6.995613,51.612076],[6.995212,51.61332],[6.9956,51.614111],[6.995467,51.614134],[6.995979,51.614926],[6.996016,51.615708],[6.995799,51.616595],[6.996469,51.616749],[6.996026,51.617508],[6.995954,51.618376],[6.997154,51.618448],[6.997852,51.61986],[6.997156,51.62066],[6.9951,51.6212],[6.994778,51.621718],[6.99409,51.622045],[6.993919,51.621852],[6.987532,51.622126],[6.987495,51.622804],[6.989843,51.622757],[6.995225,51.624011],[6.999482,51.624643],[7.003189,51.624938],[7.008594,51.625984],[7.010356,51.62555],[7.010942,51.625102],[7.01146,51.625532],[7.013619,51.625287],[7.01427,51.62671],[7.016585,51.626424],[7.016673,51.625529],[7.017602,51.625625],[7.01782,51.626109],[7.019127,51.625926],[7.021614,51.631593],[7.026836,51.631044],[7.028874,51.631497],[7.030066,51.63117],[7.0331,51.631116],[7.033142,51.629355],[7.032603,51.627828],[7.033037,51.62572],[7.032898,51.623957],[7.036939,51.623728],[7.040108,51.623825],[7.045193,51.624736],[7.045591,51.624266],[7.045707,51.623284],[7.046138,51.622415],[7.045796,51.621361],[7.045829,51.620599],[7.046009,51.620577],[7.04579,51.620221],[7.046539,51.619411],[7.047204,51.619564],[7.051717,51.618259],[7.053532,51.618297],[7.054099,51.618714],[7.054762,51.61857],[7.056596,51.617926],[7.058166,51.61682],[7.058211,51.616511],[7.057906,51.616263],[7.058123,51.615996],[7.060192,51.615706],[7.061355,51.615078],[7.064249,51.615032],[7.065281,51.615263],[7.067404,51.614927],[7.067972,51.614119],[7.069281,51.613257],[7.069258,51.613049],[7.071465,51.611286],[7.071928,51.61034],[7.073426,51.609292],[7.074371,51.605892],[7.075046,51.606496],[7.077574,51.605408],[7.076013,51.600586],[7.07572,51.597827],[7.07548,51.597323],[7.075908,51.595728],[7.074661,51.595532],[7.074568,51.594861],[7.074369,51.592809],[7.074607,51.591513],[7.074732,51.591562],[7.074601,51.590037],[7.074962,51.589993],[7.075818,51.588037],[7.089973,51.590755],[7.091075,51.592799],[7.097273,51.593566],[7.097428,51.5928],[7.098937,51.59302],[7.099232,51.592704],[7.103372,51.593248],[7.103525,51.594162],[7.104853,51.594266],[7.111351,51.590914],[7.113955,51.588609],[7.115684,51.588528],[7.116023,51.58755],[7.116945,51.587378],[7.117027,51.586206],[7.118306,51.586325],[7.118561,51.585666],[7.118869,51.585582],[7.119664,51.586006],[7.119811,51.586319],[7.120059,51.586118],[7.12178,51.585827],[7.122247,51.585589],[7.12472,51.583528],[7.125929,51.581846],[7.126853,51.57985],[7.128221,51.578281],[7.124932,51.578224],[7.124932,51.57805],[7.126455,51.578081],[7.127557,51.577848],[7.126905,51.5774],[7.12685,51.577075],[7.128069,51.576681],[7.128379,51.576152],[7.12939,51.576147],[7.129951,51.575773],[7.130321,51.575183],[7.131663,51.574509],[7.134279,51.57423],[7.135282,51.573941],[7.136127,51.574113],[7.137389,51.572045],[7.136757,51.570347],[7.138391,51.567332],[7.13901,51.56513],[7.139204,51.563633],[7.14066,51.561206],[7.141562,51.558919],[7.14272,51.557433],[7.143362,51.556171],[7.144581,51.552345],[7.143338,51.552392],[7.143076,51.552261],[7.143259,51.552013],[7.142709,51.551874],[7.141683,51.552142],[7.139632,51.552022],[7.139506,51.55226],[7.137179,51.552833],[7.13674,51.552472],[7.135667,51.552838],[7.134303,51.552527],[7.133724,51.552915],[7.133306,51.552581],[7.132083,51.55218],[7.13118,51.552467],[7.130563,51.552138],[7.129417,51.552338],[7.129444,51.551755],[7.129212,51.551719],[7.127719,51.552073],[7.126852,51.552008],[7.126528,51.55181],[7.125495,51.552156],[7.124948,51.551898],[7.124232,51.551988],[7.124902,51.550067],[7.124451,51.547872],[7.123609,51.546862],[7.124768,51.546617],[7.127459,51.543821],[7.128243,51.542761],[7.129231,51.542488],[7.129969,51.540929],[7.126898,51.540447],[7.129061,51.537733],[7.128526,51.537537],[7.131526,51.533683],[7.137682,51.524179],[7.137814,51.523579],[7.138469,51.522438],[7.13878,51.520982],[7.13867,51.518595],[7.138199,51.517095],[7.138294,51.516804],[7.144121,51.51346],[7.143039,51.512875],[7.143224,51.512663],[7.137423,51.508677],[7.138283,51.507705],[7.139527,51.505507],[7.139228,51.505426],[7.138487,51.505968],[7.136921,51.504951],[7.137121,51.503639],[7.137862,51.501424],[7.137803,51.500273],[7.138409,51.498712],[7.137732,51.498524],[7.137894,51.497981],[7.137682,51.496785],[7.138111,51.494243],[7.137894,51.4942],[7.138097,51.493024],[7.137672,51.493005],[7.13777,51.491292],[7.134866,51.490912],[7.133613,51.490592],[7.133687,51.490332],[7.127065,51.489098],[7.125443,51.488845],[7.125284,51.489042],[7.124192,51.488775],[7.124059,51.488969],[7.120867,51.488357],[7.11827,51.487428],[7.118518,51.487736],[7.115005,51.486563],[7.115201,51.486485],[7.114744,51.486465],[7.105976,51.483504],[7.10285,51.481842],[7.102305,51.481425],[7.101936,51.480783],[7.098003,51.482755],[7.09763,51.482515],[7.092848,51.48229],[7.092384,51.482886],[7.090256,51.48243],[7.089433,51.483369],[7.084726,51.484179],[7.083635,51.484054],[7.083456,51.483144],[7.082262,51.483251],[7.081975,51.483109],[7.073987,51.482807],[7.073864,51.483627],[7.072715,51.485196],[7.070966,51.484974],[7.071344,51.487905],[7.071145,51.489312],[7.073169,51.490137],[7.072468,51.49088],[7.073365,51.491173],[7.073189,51.491541],[7.074233,51.492457],[7.073902,51.492785],[7.073694,51.493387],[7.071889,51.494907],[7.071543,51.49477]]]]},"properties":{"name":"Gelsenkirchen","basis":"Auf der offiziellen Revierübersicht benannte oder innerhalb des kartierten Megaplexumrisses liegende Kommune; heutige Gemeindegrenze als geografische Liniengrundlage","boundary_role":"lore-municipality","source":"Code for Germany / Click That Hood","source_url":"https://github.com/codeforgermany/click_that_hood","entity_id":270,"description_preview":"Gelsenkirchen ist auf der offiziellen Revierübersicht als Stadt oder Kommune innerhalb des Rhein-Ruhr-Megaplexes verzeichnet.","description_full":"Gelsenkirchen ist auf der offiziellen Revierübersicht als Stadt oder Kommune innerhalb des Rhein-Ruhr-Megaplexes verzeichnet. Die Flächendarstellung folgt dem mit der offiziellen Shadowrun-Karte abgeglichenen Kommunenbestand. Die heutige Gemeindegeometrie dient ausschließlich als geografische Liniengrundlage; eine darüber hinausgehende eigene Stadtbeschreibung ist im zugeordneten Datenmaterial nicht eindeutig belegt.","editions":["SR6","SR1","SR2","SR3","SR4","SR5"],"boundary_review_status":"contextual","boundary_review_label":"Offizielle RRP-Karte abgeglichen; heutige Gemeindegeometrie nur als Liniengrundlage","sources":[{"bookId":"rrp-map-sr6","title":"Revierbericht 2082 – Karte","edition":"SR6","citation":"Revierübersicht: Stadt/Kommune Gelsenkirchen","purpose":"description"},{"bookId":"dids-sr1","title":"Deutschland in den Schatten","edition":"SR1","citation":"RRP-Kapitel: Gelsenkirchen","purpose":"description"},{"bookId":"dids-sr2","title":"Deutschland in den Schatten","edition":"SR2","citation":"RRP-Kapitel: Gelsenkirchen","purpose":"description"},{"bookId":"dids2-sr3","title":"Deutschland in den Schatten II","edition":"SR3","citation":"RRP-Kapitel: Gelsenkirchen","purpose":"description"},{"bookId":"rrmp-sr4","title":"Rhein-Ruhr-Megaplex","edition":"SR4","citation":"RRP-Kapitel: Gelsenkirchen","purpose":"description"},{"bookId":"datapuls-adl-sr5","title":"Datapuls: ADL","edition":"SR5","citation":"RRP-Kapitel: Gelsenkirchen","purpose":"description"},{"bookId":"archive-sr4-unterwelten","title":"Unterwelten","edition":"SR4","citation":"RRP-Kontextverweis: Gelsenkirchen","purpose":"description"},{"bookId":"archive-sr5-auf-dunklen-pfaden","title":"Auf dunklen Pfaden","edition":"SR5","citation":"RRP-Kontextverweis: Gelsenkirchen","purpose":"description"},{"bookId":"archive-sr5-schattenhelden","title":"Schattenhelden","edition":"SR5","citation":"RRP-Kontextverweis: Gelsenkirchen","purpose":"description"},{"bookId":"archive-sr5-datapuls-komplett","title":"Datapuls - Komplett","edition":"SR5","citation":"RRP-Kontextverweis: Gelsenkirchen","purpose":"description"},{"bookId":"archive-sr5-datapuls-adl-allianz-deutscher-l-nder","title":"Datapuls ADL (Allianz deutscher Länder)","edition":"SR5","citation":"RRP-Kontextverweis: Gelsenkirchen","purpose":"description"},{"bookId":"archive-sr5-datapuls-adl","title":"Datapuls ADL","edition":"SR5","citation":"RRP-Kontextverweis: Gelsenkirchen","purpose":"description"},{"bookId":"archive-sr6-budenzauber-oef","title":"Budenzauber [OEF]","edition":"SR6","citation":"RRP-Kontextverweis: Gelsenkirchen","purpose":"description"},{"bookId":"archive-sr6-falsch-abgebogen","title":"Falsch Abgebogen","edition":"SR6","citation":"RRP-Kontextverweis: Gelsenkirchen","purpose":"description"},{"bookId":"archive-sr6-vendetta-oef","title":"Vendetta [OEF]","edition":"SR6","citation":"RRP-Kontextverweis: Gelsenkirchen","purpose":"description"},{"bookId":"archive-sr6-datapuls-10-konzerne","title":"Datapuls - 10 Konzerne","edition":"SR6","citation":"RRP-Kontextverweis: Gelsenkirchen","purpose":"description"},{"bookId":"archive-sr6-margin-calls-corporate-world-post-dis-plot","title":"Margin Calls (Corporate World Post DIS Plot)","edition":"SR6","citation":"RRP-Kontextverweis: Gelsenkirchen","purpose":"description"},{"bookId":"archive-sr6-phantome","title":"Phantome","edition":"SR6","citation":"RRP-Kontextverweis: Gelsenkirchen","purpose":"description"},{"bookId":"revierbericht-sr6","title":"Revierbericht 2082","edition":"SR6","citation":"RRP-Kontextverweis: Gelsenkirchen","purpose":"description"},{"bookId":"archive-sr6-t-dliche-ernte","title":"Tödliche Ernte","edition":"SR6","citation":"RRP-Kontextverweis: Gelsenkirchen","purpose":"description"}]}},{"type":"Feature","geometry":{"type":"Polygon","coordinates":[[[7.337635,51.30404],[7.334547,51.30543],[7.33215,51.306124],[7.330377,51.307964],[7.324605,51.308549],[7.324149,51.309636],[7.324554,51.310393],[7.322468,51.310134],[7.321008,51.3088],[7.32044,51.307885],[7.319915,51.308477],[7.317309,51.307928],[7.313898,51.308263],[7.312832,51.308189],[7.312041,51.307814],[7.310016,51.307621],[7.308909,51.307788],[7.306148,51.307592],[7.305367,51.308953],[7.305181,51.308803],[7.302147,51.308479],[7.300784,51.309988],[7.300642,51.31042],[7.300035,51.310167],[7.299911,51.31069],[7.300053,51.311569],[7.298748,51.31173],[7.300356,51.3137],[7.30179,51.314522],[7.298094,51.318414],[7.297741,51.318519],[7.297972,51.318949],[7.300834,51.319607],[7.300759,51.323906],[7.3004,51.324856],[7.305594,51.325626],[7.307505,51.326279],[7.308388,51.326861],[7.309653,51.32724],[7.309379,51.328253],[7.311841,51.328884],[7.312087,51.327673],[7.313782,51.328426],[7.316969,51.33071],[7.316387,51.33192],[7.314795,51.332962],[7.314902,51.333659],[7.314738,51.333886],[7.313234,51.334872],[7.313747,51.335808],[7.313697,51.336012],[7.311474,51.336155],[7.306615,51.337747],[7.304959,51.337822],[7.304587,51.337964],[7.304544,51.338345],[7.303572,51.33826],[7.302306,51.343051],[7.304266,51.343777],[7.303643,51.34452],[7.302591,51.345145],[7.3028,51.345187],[7.302763,51.345782],[7.306055,51.346287],[7.308147,51.347118],[7.314679,51.348919],[7.314398,51.349315],[7.31472,51.349447],[7.314159,51.350248],[7.313614,51.35046],[7.314223,51.351071],[7.313937,51.351275],[7.313758,51.351177],[7.312667,51.352869],[7.313109,51.352984],[7.313356,51.353583],[7.312967,51.353894],[7.309938,51.355103],[7.310145,51.35652],[7.30976,51.357472],[7.31157,51.357711],[7.31159,51.360125],[7.312139,51.360137],[7.312375,51.360557],[7.313547,51.361172],[7.313482,51.361286],[7.314648,51.361408],[7.314828,51.362314],[7.316008,51.36253],[7.315684,51.362947],[7.32368,51.364017],[7.329577,51.365756],[7.329384,51.366284],[7.32997,51.366062],[7.330412,51.366463],[7.331248,51.366215],[7.332099,51.36551],[7.332881,51.3642],[7.337252,51.364068],[7.341631,51.361549],[7.341251,51.361251],[7.34148,51.36068],[7.343403,51.360971],[7.345441,51.359394],[7.346931,51.357679],[7.342797,51.356772],[7.343851,51.355555],[7.343008,51.355313],[7.344547,51.354375],[7.344722,51.354004],[7.346172,51.353756],[7.346501,51.353318],[7.34693,51.353191],[7.347499,51.352449],[7.348599,51.352793],[7.351452,51.350702],[7.350398,51.350314],[7.350552,51.349589],[7.351824,51.348518],[7.352493,51.348865],[7.353931,51.349204],[7.356427,51.349257],[7.357682,51.349871],[7.360188,51.350296],[7.362741,51.35119],[7.362867,51.350901],[7.363446,51.350971],[7.36358,51.351137],[7.363469,51.351358],[7.363951,51.351542],[7.364114,51.351368],[7.366458,51.351449],[7.36751,51.351684],[7.367978,51.351033],[7.369869,51.350956],[7.369901,51.349668],[7.370354,51.349726],[7.369633,51.349481],[7.369743,51.347976],[7.36859,51.347895],[7.367766,51.347242],[7.368477,51.346519],[7.37556,51.346751],[7.375539,51.346909],[7.377726,51.34704],[7.377204,51.346285],[7.377349,51.346114],[7.377099,51.345513],[7.377143,51.344779],[7.376524,51.344274],[7.376315,51.343767],[7.376412,51.343172],[7.375923,51.342724],[7.377004,51.341846],[7.378434,51.341515],[7.378713,51.341292],[7.378568,51.341121],[7.379589,51.340572],[7.38059,51.340276],[7.380747,51.34048],[7.381996,51.338838],[7.381985,51.338552],[7.382881,51.338106],[7.382738,51.337723],[7.382997,51.337554],[7.384353,51.337406],[7.386646,51.337539],[7.385155,51.337795],[7.387953,51.338678],[7.388669,51.339438],[7.390108,51.340187],[7.391451,51.340363],[7.39179,51.339898],[7.391414,51.339231],[7.391655,51.338274],[7.390842,51.338008],[7.390892,51.337815],[7.391923,51.337121],[7.392479,51.335881],[7.393242,51.335373],[7.393939,51.333866],[7.394452,51.333503],[7.394754,51.332757],[7.394697,51.33241],[7.394981,51.332154],[7.394815,51.331883],[7.394964,51.331041],[7.395518,51.330511],[7.395242,51.329941],[7.394745,51.32953],[7.394894,51.329044],[7.394354,51.327634],[7.393266,51.326319],[7.3935,51.325738],[7.391638,51.323354],[7.391023,51.323228],[7.390286,51.325525],[7.387951,51.327271],[7.378223,51.324652],[7.378371,51.321454],[7.377164,51.321116],[7.374706,51.321967],[7.374193,51.320588],[7.374425,51.319316],[7.373211,51.319073],[7.372197,51.320334],[7.372068,51.321831],[7.370142,51.32155],[7.368859,51.321147],[7.370767,51.319574],[7.371728,51.31845],[7.37122,51.318789],[7.370188,51.317703],[7.36986,51.316841],[7.365519,51.31758],[7.365682,51.31938],[7.364669,51.321132],[7.35468,51.318123],[7.353828,51.317765],[7.352206,51.316641],[7.352962,51.316489],[7.353908,51.315942],[7.354083,51.315521],[7.353555,51.315556],[7.353753,51.314826],[7.353973,51.314745],[7.353736,51.314449],[7.353785,51.314068],[7.350888,51.312751],[7.347683,51.312565],[7.349107,51.309841],[7.347791,51.309176],[7.347229,51.309484],[7.345047,51.309833],[7.343882,51.309774],[7.343067,51.309407],[7.343217,51.308767],[7.343093,51.307968],[7.343567,51.306022],[7.34266,51.305447],[7.342469,51.303628],[7.340484,51.303702],[7.340247,51.303988],[7.338779,51.30383],[7.338685,51.304312],[7.337635,51.30404]]]},"properties":{"name":"Gevelsberg","basis":"Auf der offiziellen Revierübersicht benannte oder innerhalb des kartierten Megaplexumrisses liegende Kommune; heutige Gemeindegrenze als geografische Liniengrundlage","boundary_role":"lore-municipality","source":"Code for Germany / Click That Hood","source_url":"https://github.com/codeforgermany/click_that_hood","boundary_review_status":"contextual","boundary_review_label":"Offizielle RRP-Karte abgeglichen; heutige Gemeindegeometrie nur als Liniengrundlage","entity_id":271,"description_preview":"Gevelsberg ist auf der offiziellen Revierübersicht als Stadt oder Kommune innerhalb des Rhein-Ruhr-Megaplexes verzeichnet.","description_full":"Gevelsberg ist auf der offiziellen Revierübersicht als Stadt oder Kommune innerhalb des Rhein-Ruhr-Megaplexes verzeichnet. Die Flächendarstellung folgt dem mit der offiziellen Shadowrun-Karte abgeglichenen Kommunenbestand. Die heutige Gemeindegeometrie dient ausschließlich als geografische Liniengrundlage; eine darüber hinausgehende eigene Stadtbeschreibung ist im zugeordneten Datenmaterial nicht eindeutig belegt.","editions":["SR6"],"sources":[{"bookId":"rrp-map-sr6","title":"Revierbericht 2082 – Karte","edition":"SR6","citation":"Revierübersicht: Stadt/Kommune Gevelsberg","purpose":"description"}]}},{"type":"Feature","geometry":{"type":"Polygon","coordinates":[[[6.996128,51.539594],[6.983051,51.544867],[6.976448,51.546382],[6.96813,51.547425],[6.960419,51.547764],[6.959242,51.547991],[6.95848,51.548503],[6.957592,51.549908],[6.956747,51.550427],[6.951423,51.552462],[6.947809,51.553187],[6.94623,51.554569],[6.945672,51.554841],[6.941805,51.556081],[6.9399,51.556497],[6.938809,51.557121],[6.936799,51.557255],[6.935833,51.557643],[6.935045,51.558225],[6.931024,51.563282],[6.930171,51.563489],[6.926953,51.563178],[6.925153,51.563499],[6.923631,51.563217],[6.922209,51.563424],[6.922019,51.565011],[6.923121,51.566222],[6.924465,51.566043],[6.924506,51.566819],[6.921584,51.568369],[6.920856,51.569624],[6.921993,51.57005],[6.92232,51.569951],[6.924096,51.570854],[6.924626,51.570621],[6.925502,51.569815],[6.92751,51.569192],[6.929699,51.569664],[6.930969,51.571707],[6.932683,51.576436],[6.932822,51.577577],[6.932276,51.578826],[6.92959,51.581316],[6.92927,51.58182],[6.928986,51.583791],[6.930153,51.585267],[6.932754,51.586393],[6.934216,51.586696],[6.935593,51.587456],[6.937893,51.58798],[6.937898,51.588474],[6.938683,51.58861],[6.93965,51.588312],[6.943552,51.587978],[6.946417,51.588672],[6.947878,51.589701],[6.949111,51.590016],[6.949307,51.590478],[6.950187,51.591176],[6.950418,51.5917],[6.952197,51.5925],[6.95365,51.593603],[6.954035,51.594134],[6.954527,51.594319],[6.954729,51.595701],[6.956957,51.596166],[6.958166,51.596676],[6.95898,51.597773],[6.961238,51.59937],[6.963,51.599286],[6.963405,51.599453],[6.96593,51.598943],[6.967285,51.599305],[6.97001,51.599011],[6.969441,51.600236],[6.969528,51.60132],[6.970314,51.601764],[6.975505,51.603014],[6.978168,51.60457],[6.979825,51.606174],[6.979884,51.606416],[6.980402,51.606626],[6.980189,51.607061],[6.980353,51.607375],[6.980156,51.610348],[6.97975,51.611276],[6.980186,51.612856],[6.980524,51.61343],[6.981818,51.61383],[6.981483,51.61412],[6.981425,51.614583],[6.979906,51.614826],[6.980148,51.616601],[6.979854,51.617377],[6.980517,51.618265],[6.980519,51.618542],[6.979895,51.619674],[6.979281,51.62027],[6.979166,51.621289],[6.979709,51.621217],[6.981808,51.623054],[6.983554,51.623481],[6.985354,51.623502],[6.986516,51.623269],[6.986758,51.623305],[6.986772,51.623565],[6.98733,51.623594],[6.987532,51.622126],[6.993919,51.621852],[6.99409,51.622045],[6.994778,51.621718],[6.9951,51.6212],[6.997156,51.62066],[6.997839,51.619891],[6.997154,51.618448],[6.995954,51.618376],[6.996026,51.617508],[6.996469,51.616749],[6.995799,51.616595],[6.996016,51.615708],[6.995979,51.614926],[6.995467,51.614134],[6.9956,51.614111],[6.995212,51.61332],[6.995613,51.612076],[6.994021,51.611288],[6.994373,51.60975],[6.993752,51.609027],[6.99479,51.60867],[6.995205,51.608708],[6.995647,51.607794],[6.996391,51.607102],[6.995994,51.60578],[6.996697,51.604401],[6.997605,51.603208],[6.997418,51.602061],[6.99675,51.602018],[6.996087,51.600191],[6.993964,51.599578],[6.993228,51.599888],[6.993122,51.599651],[6.993603,51.595185],[6.994015,51.593759],[6.998081,51.592927],[7.006055,51.589869],[7.00785,51.589413],[7.007806,51.589243],[7.008673,51.589354],[7.010477,51.588806],[7.010912,51.588611],[7.011143,51.58792],[7.013289,51.586956],[7.014133,51.58577],[7.014686,51.583999],[7.012743,51.583739],[7.012905,51.58334],[7.013323,51.58306],[7.014244,51.583062],[7.016137,51.583386],[7.017004,51.580534],[7.013256,51.58055],[7.01336,51.579527],[7.018045,51.578477],[7.018315,51.578335],[7.018447,51.57797],[7.017703,51.577873],[7.015163,51.576357],[7.015482,51.574479],[7.011818,51.573812],[7.013192,51.572358],[7.014055,51.571864],[7.014301,51.571404],[7.014232,51.570921],[7.014909,51.569655],[7.015799,51.569482],[7.014966,51.569112],[7.014015,51.568258],[7.015952,51.566906],[7.017044,51.565889],[7.01312,51.564522],[7.014569,51.562925],[7.015322,51.563262],[7.016347,51.561646],[7.017356,51.561414],[7.019802,51.561655],[7.019659,51.560322],[7.019945,51.560294],[7.0196,51.555491],[7.020126,51.555389],[7.020027,51.554368],[7.019622,51.554349],[7.020006,51.552436],[7.021317,51.552603],[7.021691,51.551604],[7.024035,51.551707],[7.024023,51.551324],[7.026805,51.551291],[7.028339,51.550853],[7.029494,51.550126],[7.030557,51.549144],[7.032127,51.546637],[7.03199,51.546607],[7.032065,51.546415],[7.031496,51.546231],[7.031642,51.545962],[7.031006,51.545755],[7.030889,51.5459],[7.028203,51.54501],[7.027369,51.544901],[7.025552,51.54409],[7.025714,51.54394],[7.02488,51.543892],[7.024822,51.543543],[7.022266,51.543539],[7.022336,51.542749],[7.021658,51.542727],[7.021631,51.542552],[7.02013,51.542548],[7.018449,51.542089],[7.018723,51.541482],[7.01763,51.541538],[7.017063,51.540319],[7.012701,51.539459],[7.013828,51.537364],[7.012048,51.535212],[7.011761,51.535346],[7.010551,51.534666],[7.009696,51.534724],[7.009567,51.532656],[7.00792,51.532702],[7.006891,51.532977],[7.006813,51.533447],[7.005385,51.533526],[7.00496,51.533838],[7.004981,51.534068],[7.004636,51.534155],[7.003709,51.533862],[7.002143,51.534202],[7.001944,51.533999],[7.000946,51.533888],[7.000349,51.534016],[6.998836,51.533687],[6.998289,51.534143],[6.998277,51.534547],[6.998568,51.534969],[6.998267,51.535284],[6.998429,51.535785],[6.997683,51.537206],[6.997058,51.538966],[6.996128,51.539594]]]},"properties":{"name":"Gladbeck","basis":"Auf der offiziellen Revierübersicht benannte oder innerhalb des kartierten Megaplexumrisses liegende Kommune; heutige Gemeindegrenze als geografische Liniengrundlage","boundary_role":"lore-municipality","source":"Code for Germany / Click That Hood","source_url":"https://github.com/codeforgermany/click_that_hood","boundary_review_status":"contextual","boundary_review_label":"Offizielle RRP-Karte abgeglichen; heutige Gemeindegeometrie nur als Liniengrundlage","entity_id":272,"description_preview":"Gladbeck ist auf der offiziellen Revierübersicht als Stadt oder Kommune innerhalb des Rhein-Ruhr-Megaplexes verzeichnet.","description_full":"Gladbeck ist auf der offiziellen Revierübersicht als Stadt oder Kommune innerhalb des Rhein-Ruhr-Megaplexes verzeichnet. Die Flächendarstellung folgt dem mit der offiziellen Shadowrun-Karte abgeglichenen Kommunenbestand. Die heutige Gemeindegeometrie dient ausschließlich als geografische Liniengrundlage; eine darüber hinausgehende eigene Stadtbeschreibung ist im zugeordneten Datenmaterial nicht eindeutig belegt.","editions":["SR6","SR1","SR2","SR3","SR4","SR5"],"sources":[{"bookId":"rrp-map-sr6","title":"Revierbericht 2082 – Karte","edition":"SR6","citation":"Revierübersicht: Stadt/Kommune Gladbeck","purpose":"description"},{"bookId":"dids-sr1","title":"Deutschland in den Schatten","edition":"SR1","citation":"RRP-Kapitel: Gladbeck","purpose":"description"},{"bookId":"dids-sr2","title":"Deutschland in den Schatten","edition":"SR2","citation":"RRP-Kapitel: Gladbeck","purpose":"description"},{"bookId":"dids2-sr3","title":"Deutschland in den Schatten II","edition":"SR3","citation":"RRP-Kapitel: Gladbeck","purpose":"description"},{"bookId":"rrmp-sr4","title":"Rhein-Ruhr-Megaplex","edition":"SR4","citation":"RRP-Kapitel: Gladbeck","purpose":"description"},{"bookId":"datapuls-adl-sr5","title":"Datapuls: ADL","edition":"SR5","citation":"RRP-Kapitel: Gladbeck","purpose":"description"},{"bookId":"archive-sr5-datapuls-komplett","title":"Datapuls - Komplett","edition":"SR5","citation":"RRP-Kontextverweis: Gladbeck","purpose":"description"},{"bookId":"archive-sr5-datapuls-adl-allianz-deutscher-l-nder","title":"Datapuls ADL (Allianz deutscher Länder)","edition":"SR5","citation":"RRP-Kontextverweis: Gladbeck","purpose":"description"},{"bookId":"archive-sr5-datapuls-adl","title":"Datapuls ADL","edition":"SR5","citation":"RRP-Kontextverweis: Gladbeck","purpose":"description"},{"bookId":"revierbericht-sr6","title":"Revierbericht 2082","edition":"SR6","citation":"RRP-Kontextverweis: Gladbeck","purpose":"description"}]}},{"type":"Feature","geometry":{"type":"Polygon","coordinates":[[[6.550003,51.099862],[6.550457,51.102433],[6.558193,51.103976],[6.560198,51.104531],[6.558082,51.105968],[6.563668,51.107868],[6.56508,51.109387],[6.565789,51.111195],[6.566399,51.112156],[6.5665,51.113359],[6.568152,51.11299],[6.570841,51.113478],[6.572455,51.114641],[6.574028,51.114598],[6.575471,51.116159],[6.57818,51.119656],[6.576399,51.121089],[6.576907,51.121366],[6.575369,51.123888],[6.576662,51.124476],[6.580081,51.131256],[6.576647,51.134739],[6.575983,51.137787],[6.576569,51.139175],[6.581699,51.141556],[6.585721,51.140863],[6.593949,51.140208],[6.594183,51.142085],[6.594014,51.144025],[6.586008,51.145614],[6.583909,51.145838],[6.584352,51.147786],[6.586025,51.151289],[6.586057,51.152132],[6.59431,51.151869],[6.596419,51.149735],[6.60294,51.144665],[6.605457,51.143131],[6.608169,51.141956],[6.610135,51.144022],[6.610546,51.14828],[6.614473,51.14824],[6.61474,51.150944],[6.613679,51.151063],[6.623341,51.150945],[6.62685,51.153709],[6.638139,51.147792],[6.634607,51.145588],[6.640537,51.14169],[6.645378,51.139849],[6.64851,51.138392],[6.649031,51.138049],[6.649382,51.137235],[6.653843,51.135098],[6.655076,51.136269],[6.656385,51.136833],[6.657769,51.138018],[6.657753,51.138522],[6.657533,51.138838],[6.655863,51.139155],[6.655511,51.139412],[6.6555,51.140257],[6.655915,51.140876],[6.657512,51.141629],[6.658964,51.141633],[6.659737,51.14213],[6.660269,51.142792],[6.66043,51.143603],[6.661408,51.144153],[6.661714,51.145127],[6.66241,51.145759],[6.662921,51.144361],[6.66246,51.143797],[6.663318,51.143343],[6.664386,51.140127],[6.664685,51.139981],[6.664515,51.139801],[6.664567,51.139376],[6.666076,51.135469],[6.666425,51.135388],[6.667796,51.131387],[6.671013,51.130975],[6.672109,51.131493],[6.673393,51.132879],[6.674689,51.132411],[6.674918,51.132551],[6.676732,51.131643],[6.67755,51.132667],[6.680618,51.134417],[6.68271,51.133273],[6.68553,51.135543],[6.695664,51.132484],[6.709589,51.132473],[6.711552,51.127581],[6.711594,51.126716],[6.71112,51.125281],[6.711243,51.124463],[6.711906,51.123211],[6.714089,51.12092],[6.714911,51.118915],[6.714916,51.118474],[6.712209,51.118205],[6.71043,51.117219],[6.710865,51.116807],[6.708087,51.115361],[6.704853,51.112728],[6.700653,51.114758],[6.697743,51.110054],[6.696161,51.101742],[6.692348,51.100994],[6.68825,51.105478],[6.689608,51.10662],[6.69005,51.107245],[6.686688,51.108371],[6.685629,51.109524],[6.686433,51.110618],[6.683977,51.111379],[6.683414,51.110776],[6.682834,51.111245],[6.680985,51.108328],[6.680257,51.108973],[6.678247,51.107692],[6.678065,51.107756],[6.675936,51.105198],[6.674248,51.106752],[6.667338,51.10086],[6.666248,51.101104],[6.664182,51.100949],[6.664001,51.100755],[6.662007,51.100952],[6.658312,51.102042],[6.656736,51.10423],[6.655538,51.103866],[6.656242,51.102164],[6.654574,51.101773],[6.654911,51.100722],[6.652577,51.097251],[6.651358,51.097246],[6.651428,51.096103],[6.651032,51.095739],[6.651276,51.094954],[6.648323,51.093758],[6.648439,51.093679],[6.646882,51.091997],[6.650248,51.091047],[6.652675,51.09008],[6.649799,51.086419],[6.646865,51.083693],[6.651781,51.0813],[6.65883,51.076992],[6.644293,51.065852],[6.645861,51.065082],[6.645722,51.064853],[6.640192,51.061813],[6.645533,51.057931],[6.644666,51.057234],[6.639212,51.054447],[6.636693,51.056134],[6.635447,51.054401],[6.638184,51.053694],[6.633767,51.050244],[6.631423,51.048804],[6.628413,51.04608],[6.628042,51.04535],[6.628103,51.044606],[6.62791,51.043917],[6.625887,51.038231],[6.628231,51.037702],[6.630602,51.038467],[6.636469,51.038939],[6.636985,51.033034],[6.638318,51.032812],[6.637039,51.029155],[6.637283,51.026762],[6.633784,51.024764],[6.621906,51.024765],[6.616739,51.023798],[6.613091,51.022272],[6.613008,51.022787],[6.611082,51.022506],[6.609655,51.022085],[6.60998,51.021809],[6.608011,51.021329],[6.596846,51.022796],[6.59442,51.022843],[6.591831,51.022582],[6.589625,51.02211],[6.587437,51.021352],[6.585137,51.020159],[6.584547,51.01974],[6.584628,51.019572],[6.584335,51.019307],[6.58368,51.01902],[6.583339,51.018525],[6.582839,51.018409],[6.581509,51.018369],[6.582137,51.021694],[6.581889,51.023111],[6.58116,51.024307],[6.580102,51.023993],[6.577325,51.02384],[6.575504,51.02308],[6.573716,51.022765],[6.573747,51.022306],[6.571448,51.021804],[6.565607,51.021887],[6.564082,51.022966],[6.564971,51.025301],[6.565268,51.030941],[6.563544,51.03178],[6.562244,51.030737],[6.560645,51.03148],[6.560293,51.031195],[6.558791,51.031648],[6.556335,51.03203],[6.556717,51.033321],[6.552433,51.034648],[6.550651,51.034545],[6.550234,51.035128],[6.551153,51.036251],[6.551387,51.036827],[6.550896,51.037308],[6.552319,51.037913],[6.553697,51.038183],[6.552913,51.038557],[6.553396,51.039294],[6.552916,51.039694],[6.553365,51.041623],[6.552417,51.042286],[6.552043,51.042963],[6.553755,51.044108],[6.551631,51.045421],[6.552671,51.046232],[6.551836,51.046843],[6.552429,51.047247],[6.550948,51.048062],[6.553337,51.048917],[6.554782,51.049892],[6.557902,51.051302],[6.556261,51.051974],[6.555846,51.051868],[6.554613,51.052842],[6.554936,51.053073],[6.55501,51.053409],[6.553891,51.055645],[6.553507,51.05577],[6.550187,51.055041],[6.541382,51.052185],[6.537656,51.052122],[6.534731,51.059351],[6.525889,51.058312],[6.52642,51.063403],[6.527994,51.067418],[6.530998,51.069735],[6.534642,51.071055],[6.535032,51.072501],[6.534737,51.073865],[6.535189,51.076082],[6.534596,51.077023],[6.534702,51.077482],[6.53456,51.077967],[6.533244,51.07915],[6.531773,51.079575],[6.531124,51.079526],[6.527367,51.080662],[6.526109,51.080711],[6.526106,51.081808],[6.523144,51.08242],[6.523082,51.082726],[6.520817,51.084872],[6.519204,51.085968],[6.524211,51.087376],[6.52653,51.089166],[6.532401,51.08981],[6.536445,51.091835],[6.541018,51.094824],[6.542029,51.096151],[6.543089,51.098458],[6.545887,51.098399],[6.54812,51.098834],[6.547919,51.099543],[6.550003,51.099862]]]},"properties":{"name":"Grevenbroich","basis":"Auf der offiziellen Revierübersicht benannte oder innerhalb des kartierten Megaplexumrisses liegende Kommune; heutige Gemeindegrenze als geografische Liniengrundlage","boundary_role":"lore-municipality","source":"Code for Germany / Click That Hood","source_url":"https://github.com/codeforgermany/click_that_hood","boundary_review_status":"contextual","boundary_review_label":"Offizielle RRP-Karte abgeglichen; heutige Gemeindegeometrie nur als Liniengrundlage","entity_id":273,"description_preview":"Grevenbroich ist auf der offiziellen Revierübersicht als Stadt oder Kommune innerhalb des Rhein-Ruhr-Megaplexes verzeichnet.","description_full":"Grevenbroich ist auf der offiziellen Revierübersicht als Stadt oder Kommune innerhalb des Rhein-Ruhr-Megaplexes verzeichnet. Die Flächendarstellung folgt dem mit der offiziellen Shadowrun-Karte abgeglichenen Kommunenbestand. Die heutige Gemeindegeometrie dient ausschließlich als geografische Liniengrundlage; eine darüber hinausgehende eigene Stadtbeschreibung ist im zugeordneten Datenmaterial nicht eindeutig belegt.","editions":["SR6"],"sources":[{"bookId":"rrp-map-sr6","title":"Revierbericht 2082 – Karte","edition":"SR6","citation":"Revierübersicht: Stadt/Kommune Grevenbroich","purpose":"description"}]}},{"type":"Feature","geometry":{"type":"Polygon","coordinates":[[[7.416339,51.401555],[7.420157,51.400462],[7.424529,51.397404],[7.426647,51.396517],[7.429017,51.395838],[7.428739,51.395543],[7.429655,51.395201],[7.430511,51.394525],[7.430374,51.393579],[7.431627,51.392736],[7.433239,51.392039],[7.434966,51.391857],[7.435251,51.393024],[7.436164,51.393902],[7.438872,51.393421],[7.440715,51.393955],[7.445152,51.3966],[7.450666,51.399172],[7.45039,51.399755],[7.450352,51.40074],[7.45048,51.404193],[7.450833,51.406351],[7.452166,51.408992],[7.454078,51.410906],[7.455184,51.411421],[7.45492,51.411765],[7.457922,51.414026],[7.459535,51.41507],[7.462566,51.416475],[7.463765,51.416776],[7.475904,51.417709],[7.481828,51.417617],[7.486368,51.417926],[7.491623,51.41625],[7.491784,51.416468],[7.493022,51.415732],[7.49633,51.417054],[7.496764,51.417011],[7.497131,51.417328],[7.499727,51.418127],[7.503164,51.418573],[7.506391,51.418552],[7.510819,51.417849],[7.508312,51.415974],[7.508081,51.416039],[7.506927,51.415276],[7.50676,51.41485],[7.505777,51.414237],[7.507639,51.414074],[7.510866,51.413328],[7.514682,51.412799],[7.515678,51.412217],[7.516366,51.411261],[7.516907,51.411006],[7.516957,51.410656],[7.51814,51.409674],[7.52066,51.408875],[7.520883,51.408472],[7.522349,51.408049],[7.523533,51.408154],[7.524056,51.407615],[7.529636,51.406684],[7.530012,51.407407],[7.53301,51.406468],[7.533843,51.406406],[7.534107,51.405597],[7.534454,51.405393],[7.535555,51.405372],[7.535542,51.405121],[7.535276,51.405076],[7.534776,51.404445],[7.534689,51.403724],[7.533461,51.403068],[7.53324,51.402691],[7.532703,51.402372],[7.532361,51.401452],[7.531623,51.400553],[7.531233,51.399539],[7.53121,51.398645],[7.531574,51.397773],[7.531914,51.397916],[7.532055,51.396715],[7.531621,51.396655],[7.531156,51.395658],[7.532472,51.395618],[7.533786,51.395276],[7.54108,51.395903],[7.546545,51.397463],[7.549904,51.3989],[7.551721,51.399222],[7.552952,51.399121],[7.556907,51.398257],[7.558779,51.398175],[7.562268,51.398376],[7.567015,51.398169],[7.569154,51.397497],[7.571289,51.39643],[7.571427,51.39555],[7.575109,51.396511],[7.576303,51.396571],[7.576024,51.395318],[7.575354,51.395004],[7.575394,51.394425],[7.576473,51.394961],[7.578924,51.39438],[7.579629,51.394111],[7.579312,51.393517],[7.580336,51.393262],[7.580636,51.392416],[7.582364,51.392011],[7.584064,51.391073],[7.584215,51.390928],[7.584048,51.390826],[7.584128,51.390667],[7.584509,51.390812],[7.586559,51.390328],[7.586912,51.390065],[7.586801,51.389412],[7.587351,51.389106],[7.587519,51.388738],[7.587328,51.388592],[7.587618,51.388496],[7.587376,51.388347],[7.587552,51.38824],[7.587402,51.387958],[7.587671,51.387357],[7.587331,51.387261],[7.587649,51.387086],[7.587804,51.386465],[7.588438,51.386182],[7.588577,51.385928],[7.590089,51.385779],[7.590359,51.384961],[7.590576,51.384846],[7.59023,51.384564],[7.590442,51.384409],[7.590169,51.384101],[7.589168,51.383331],[7.586736,51.379832],[7.584204,51.377583],[7.584771,51.377036],[7.58601,51.373191],[7.585829,51.371231],[7.586152,51.368602],[7.58602,51.368575],[7.587051,51.364511],[7.587503,51.364488],[7.58763,51.363713],[7.58711,51.36365],[7.587116,51.363249],[7.587912,51.363368],[7.588001,51.363222],[7.587561,51.363155],[7.588417,51.360676],[7.589246,51.360205],[7.589683,51.358751],[7.590717,51.357438],[7.592022,51.354014],[7.592724,51.353691],[7.593016,51.352942],[7.593688,51.352165],[7.592528,51.351694],[7.592636,51.35128],[7.593233,51.350949],[7.593842,51.350952],[7.594452,51.350664],[7.595274,51.350732],[7.59645,51.349104],[7.597192,51.347611],[7.598912,51.34655],[7.596699,51.344639],[7.595398,51.344166],[7.59327,51.343741],[7.593562,51.342261],[7.593404,51.341899],[7.593661,51.341512],[7.593276,51.339262],[7.589186,51.338909],[7.588981,51.337921],[7.587845,51.336917],[7.583506,51.336126],[7.582594,51.335004],[7.58214,51.333867],[7.583275,51.332936],[7.578822,51.331543],[7.576755,51.330214],[7.576615,51.328289],[7.579639,51.324946],[7.577877,51.322672],[7.58098,51.321789],[7.580368,51.320525],[7.581399,51.320515],[7.582109,51.319843],[7.582825,51.319646],[7.584321,51.319557],[7.58362,51.318273],[7.583204,51.318322],[7.583562,51.317787],[7.582241,51.317546],[7.580546,51.317574],[7.580613,51.316942],[7.578496,51.316388],[7.579107,51.315175],[7.579353,51.312695],[7.579716,51.31237],[7.579727,51.311209],[7.58031,51.310695],[7.580342,51.310043],[7.580651,51.309479],[7.58187,51.308113],[7.584084,51.307701],[7.58519,51.30711],[7.585395,51.306758],[7.585353,51.306288],[7.585665,51.306159],[7.584627,51.306071],[7.584451,51.305857],[7.584929,51.305802],[7.584724,51.305532],[7.583961,51.30514],[7.583496,51.304401],[7.582807,51.304211],[7.58252,51.303639],[7.582449,51.30273],[7.582857,51.302237],[7.582912,51.301667],[7.583275,51.301393],[7.583253,51.300383],[7.582871,51.29968],[7.583274,51.298907],[7.582847,51.298396],[7.582208,51.296939],[7.582563,51.296295],[7.582572,51.295903],[7.582421,51.295757],[7.58039,51.296208],[7.580001,51.295807],[7.580345,51.295299],[7.580358,51.294835],[7.578808,51.293876],[7.576251,51.292815],[7.574797,51.292779],[7.572058,51.292271],[7.572311,51.291814],[7.57353,51.291495],[7.573515,51.291354],[7.572918,51.291277],[7.572307,51.290285],[7.570101,51.290964],[7.568985,51.290345],[7.568755,51.290026],[7.569056,51.28959],[7.56795,51.288851],[7.568435,51.286959],[7.56691,51.285418],[7.566964,51.285172],[7.566503,51.284148],[7.565905,51.283309],[7.566092,51.281649],[7.565721,51.281165],[7.56554,51.280403],[7.565047,51.279984],[7.560755,51.279502],[7.560685,51.278976],[7.558795,51.279142],[7.558811,51.278598],[7.557218,51.277941],[7.556381,51.277306],[7.554961,51.277014],[7.553607,51.276212],[7.5528,51.276644],[7.550897,51.276223],[7.550321,51.275808],[7.550223,51.275584],[7.550407,51.275212],[7.549253,51.27412],[7.549784,51.273573],[7.548551,51.272842],[7.549136,51.272698],[7.54892,51.271719],[7.548365,51.270821],[7.548814,51.270538],[7.549057,51.270113],[7.549059,51.269087],[7.548814,51.269278],[7.54621,51.268917],[7.545336,51.269192],[7.543516,51.268752],[7.542947,51.268419],[7.541949,51.269451],[7.541935,51.270064],[7.539929,51.269121],[7.539507,51.26913],[7.539586,51.268866],[7.53729,51.268287],[7.536719,51.268828],[7.53656,51.269398],[7.536228,51.269577],[7.536411,51.269624],[7.535972,51.270314],[7.535133,51.270089],[7.534751,51.270613],[7.534127,51.270142],[7.533068,51.270507],[7.530793,51.269405],[7.530345,51.269918],[7.529888,51.270123],[7.528129,51.269151],[7.528247,51.26868],[7.528109,51.268329],[7.52847,51.267884],[7.527998,51.267065],[7.527534,51.266784],[7.525245,51.266837],[7.524687,51.266136],[7.524981,51.266127],[7.523459,51.265467],[7.521581,51.26569],[7.521311,51.265401],[7.520206,51.26536],[7.520341,51.265037],[7.51943,51.264901],[7.518975,51.265221],[7.518756,51.265654],[7.51895,51.266937],[7.520265,51.26866],[7.520914,51.270034],[7.517889,51.270567],[7.517497,51.271679],[7.517634,51.272173],[7.517472,51.272525],[7.517651,51.273027],[7.518295,51.27337],[7.518526,51.274161],[7.51771,51.274937],[7.517328,51.275076],[7.518052,51.275567],[7.516366,51.276431],[7.517008,51.276899],[7.516322,51.277188],[7.514947,51.275937],[7.51461,51.275551],[7.514942,51.275479],[7.514476,51.274026],[7.513804,51.274033],[7.513922,51.274417],[7.51264,51.27446],[7.512066,51.275337],[7.511505,51.274859],[7.511504,51.2745],[7.510884,51.274328],[7.5104,51.272936],[7.509045,51.272326],[7.508727,51.272],[7.505506,51.272846],[7.505306,51.272639],[7.50513,51.273074],[7.505239,51.273455],[7.502492,51.273555],[7.502476,51.273691],[7.500439,51.273603],[7.500209,51.273188],[7.499247,51.273268],[7.49904,51.27311],[7.496851,51.273883],[7.496718,51.273767],[7.496106,51.273931],[7.495142,51.274397],[7.493822,51.274351],[7.49349,51.274663],[7.493321,51.274578],[7.490945,51.275304],[7.491107,51.275448],[7.489792,51.275782],[7.490009,51.276233],[7.489599,51.276496],[7.489609,51.276829],[7.489081,51.277133],[7.489059,51.277556],[7.488643,51.277816],[7.487379,51.278095],[7.486049,51.277822],[7.484351,51.27874],[7.48338,51.279505],[7.481813,51.279676],[7.481466,51.280296],[7.481594,51.280611],[7.481415,51.28202],[7.480437,51.282969],[7.481241,51.28415],[7.481138,51.28458],[7.481379,51.285026],[7.481352,51.285284],[7.479378,51.286535],[7.479801,51.286773],[7.480756,51.286331],[7.481048,51.286496],[7.480314,51.287826],[7.480221,51.288538],[7.48197,51.288401],[7.482156,51.289569],[7.482971,51.289549],[7.485177,51.29081],[7.484648,51.292075],[7.483725,51.292836],[7.48595,51.294245],[7.486465,51.294394],[7.486042,51.29501],[7.488733,51.29581],[7.488929,51.295157],[7.489907,51.293706],[7.490769,51.29321],[7.495476,51.293105],[7.49645,51.293749],[7.494965,51.295018],[7.495797,51.294832],[7.496702,51.295012],[7.495836,51.295701],[7.496403,51.296534],[7.496988,51.297046],[7.49915,51.296683],[7.498852,51.296357],[7.499072,51.295584],[7.499597,51.295558],[7.499412,51.296116],[7.499615,51.296987],[7.500943,51.298808],[7.501001,51.299814],[7.501487,51.299991],[7.501734,51.300425],[7.503357,51.300995],[7.504013,51.30172],[7.505322,51.302528],[7.506221,51.304748],[7.507144,51.305696],[7.508079,51.305557],[7.508087,51.306426],[7.507248,51.306553],[7.506197,51.307813],[7.505475,51.308854],[7.505461,51.309688],[7.504936,51.310268],[7.503463,51.310935],[7.503052,51.31166],[7.503723,51.314089],[7.503979,51.315878],[7.500314,51.316012],[7.497306,51.316936],[7.496553,51.316918],[7.495745,51.316578],[7.495852,51.316254],[7.494858,51.315878],[7.494324,51.317005],[7.490982,51.315063],[7.489028,51.313319],[7.484695,51.313998],[7.484664,51.314668],[7.485238,51.315085],[7.48534,51.315924],[7.481954,51.316359],[7.482674,51.316613],[7.480812,51.317111],[7.480415,51.316755],[7.478625,51.317624],[7.478509,51.317181],[7.470865,51.317683],[7.470569,51.317353],[7.469409,51.317212],[7.46954,51.317343],[7.469189,51.31766],[7.468062,51.316904],[7.467231,51.317044],[7.466811,51.316675],[7.467193,51.317357],[7.466923,51.317909],[7.466351,51.318214],[7.464241,51.318195],[7.463852,51.318388],[7.464668,51.318362],[7.463746,51.31881],[7.463002,51.318817],[7.462314,51.318672],[7.462091,51.318427],[7.460438,51.315477],[7.460261,51.315538],[7.460025,51.315026],[7.460306,51.315021],[7.460488,51.314244],[7.46093,51.313967],[7.460174,51.313534],[7.460431,51.313439],[7.460051,51.313096],[7.460236,51.313039],[7.45917,51.313167],[7.458905,51.312873],[7.459153,51.312259],[7.458689,51.312829],[7.45915,51.313408],[7.457862,51.314382],[7.457322,51.315222],[7.455383,51.316199],[7.454166,51.316564],[7.453464,51.317206],[7.453108,51.317],[7.453192,51.316887],[7.452175,51.316545],[7.451787,51.316929],[7.449865,51.316001],[7.44938,51.315641],[7.449145,51.31515],[7.448589,51.315062],[7.44748,51.315359],[7.445109,51.315434],[7.443603,51.315856],[7.442487,51.315584],[7.440364,51.31545],[7.440216,51.315031],[7.439979,51.315048],[7.4404,51.315944],[7.440128,51.316194],[7.439728,51.316152],[7.439405,51.315676],[7.439373,51.31518],[7.439143,51.315192],[7.439068,51.314628],[7.439393,51.31233],[7.439635,51.31204],[7.440329,51.311798],[7.439236,51.312155],[7.438716,51.31284],[7.438311,51.312775],[7.436552,51.313297],[7.435815,51.312014],[7.434878,51.311018],[7.433614,51.310062],[7.433637,51.309313],[7.434394,51.308477],[7.43406,51.30702],[7.435324,51.306082],[7.434067,51.305912],[7.43381,51.305089],[7.432852,51.304282],[7.431152,51.303365],[7.43143,51.30315],[7.429689,51.302604],[7.429836,51.302449],[7.428533,51.30176],[7.427952,51.301077],[7.427412,51.299438],[7.429037,51.297775],[7.432493,51.29732],[7.434239,51.298754],[7.437854,51.299713],[7.43852,51.297901],[7.435841,51.297223],[7.433498,51.294852],[7.43697,51.29307],[7.435652,51.292389],[7.435478,51.291801],[7.436568,51.291262],[7.436513,51.290937],[7.435116,51.29156],[7.4344,51.290769],[7.432378,51.289938],[7.432141,51.291148],[7.429595,51.291493],[7.430625,51.291901],[7.430056,51.292453],[7.428461,51.293396],[7.429269,51.293974],[7.429417,51.294489],[7.426396,51.295136],[7.425677,51.2949],[7.422091,51.295618],[7.421805,51.295189],[7.42106,51.294841],[7.418521,51.294368],[7.416526,51.295001],[7.416484,51.295567],[7.415495,51.29533],[7.415079,51.294351],[7.414387,51.293971],[7.413962,51.294446],[7.412581,51.29532],[7.412115,51.296097],[7.411903,51.295981],[7.411156,51.296586],[7.410734,51.296672],[7.409057,51.296383],[7.408287,51.296499],[7.408473,51.296883],[7.407689,51.297781],[7.405634,51.298293],[7.404657,51.297873],[7.404606,51.297647],[7.403335,51.300289],[7.400806,51.299507],[7.400628,51.299643],[7.40114,51.299847],[7.40108,51.299984],[7.400507,51.299744],[7.40045,51.299997],[7.401148,51.30063],[7.399966,51.30173],[7.400127,51.301817],[7.400857,51.301669],[7.403063,51.301924],[7.404975,51.301697],[7.405775,51.301349],[7.406004,51.300829],[7.409461,51.301821],[7.406259,51.303839],[7.407831,51.30543],[7.405664,51.308428],[7.414102,51.310729],[7.418637,51.310915],[7.417405,51.311774],[7.41669,51.312021],[7.415949,51.313144],[7.415055,51.313889],[7.416153,51.315381],[7.418883,51.315367],[7.418802,51.316774],[7.422939,51.318963],[7.424097,51.319835],[7.423637,51.321339],[7.421688,51.322168],[7.421105,51.322616],[7.420849,51.323022],[7.420713,51.324165],[7.420994,51.324733],[7.421191,51.324398],[7.421634,51.324638],[7.422586,51.326847],[7.423855,51.327983],[7.423271,51.3284],[7.42313,51.329014],[7.422494,51.329691],[7.421986,51.329615],[7.421526,51.330504],[7.418965,51.3296],[7.418351,51.328973],[7.418899,51.328747],[7.418188,51.328408],[7.417827,51.328703],[7.416981,51.328251],[7.41279,51.328725],[7.412289,51.327624],[7.41128,51.327627],[7.411083,51.326721],[7.410343,51.326791],[7.410076,51.327417],[7.410134,51.32985],[7.411178,51.329977],[7.411422,51.33055],[7.405453,51.331162],[7.405408,51.33092],[7.4029,51.331237],[7.400726,51.33097],[7.398107,51.332282],[7.393563,51.325658],[7.393266,51.326319],[7.394354,51.327634],[7.394894,51.329044],[7.394745,51.32953],[7.395242,51.329941],[7.395518,51.330511],[7.394964,51.331041],[7.394815,51.331883],[7.394981,51.332154],[7.394697,51.33241],[7.394754,51.332757],[7.394452,51.333503],[7.393939,51.333866],[7.393242,51.335373],[7.392479,51.335881],[7.391923,51.337121],[7.390892,51.337815],[7.390842,51.338008],[7.391655,51.338274],[7.391414,51.339231],[7.39179,51.339898],[7.391451,51.340363],[7.390108,51.340187],[7.388669,51.339438],[7.387953,51.338678],[7.385155,51.337795],[7.386646,51.337539],[7.384353,51.337406],[7.382997,51.337554],[7.382738,51.337723],[7.382881,51.338106],[7.381985,51.338552],[7.381996,51.338838],[7.380747,51.34048],[7.38059,51.340276],[7.379589,51.340572],[7.378568,51.341121],[7.378713,51.341292],[7.378434,51.341515],[7.37696,51.34187],[7.375912,51.342785],[7.376412,51.343172],[7.376315,51.343767],[7.376524,51.344274],[7.377143,51.344779],[7.377099,51.345513],[7.377349,51.346114],[7.377212,51.346316],[7.377428,51.346784],[7.3779,51.347118],[7.377955,51.347491],[7.377212,51.348415],[7.379907,51.351175],[7.380434,51.351311],[7.380642,51.351007],[7.381096,51.351116],[7.380939,51.351441],[7.384505,51.352398],[7.387888,51.351903],[7.389797,51.352243],[7.390301,51.352611],[7.393098,51.353642],[7.394514,51.353224],[7.39432,51.354536],[7.392902,51.354161],[7.391587,51.355447],[7.390687,51.355169],[7.390373,51.355551],[7.390081,51.355506],[7.389853,51.356156],[7.387847,51.357676],[7.387817,51.357952],[7.389564,51.359231],[7.395976,51.360463],[7.393022,51.363472],[7.392537,51.36326],[7.392009,51.363654],[7.392005,51.36416],[7.391308,51.364941],[7.39073,51.364978],[7.390263,51.365442],[7.390991,51.365593],[7.390377,51.366215],[7.391509,51.366626],[7.391304,51.366813],[7.393473,51.368946],[7.392773,51.369744],[7.395002,51.370559],[7.39572,51.371782],[7.394943,51.372017],[7.395366,51.372563],[7.397827,51.373942],[7.396813,51.374427],[7.396924,51.374569],[7.399144,51.374006],[7.401269,51.374418],[7.402334,51.37518],[7.404054,51.377191],[7.406436,51.379278],[7.407171,51.379516],[7.406119,51.380437],[7.40506,51.380507],[7.407563,51.38199],[7.40707,51.382275],[7.406703,51.383281],[7.407028,51.383573],[7.403895,51.383428],[7.40394,51.388565],[7.403249,51.391046],[7.402244,51.392826],[7.402531,51.394343],[7.404093,51.39612],[7.413823,51.401184],[7.414701,51.401479],[7.416339,51.401555]]]},"properties":{"name":"Hagen","basis":"Auf der offiziellen Revierübersicht benannte oder innerhalb des kartierten Megaplexumrisses liegende Kommune; heutige Gemeindegrenze als geografische Liniengrundlage","boundary_role":"lore-municipality","source":"Code for Germany / Click That Hood","source_url":"https://github.com/codeforgermany/click_that_hood","entity_id":252,"description_preview":"Hagen bildet das Tor zum verwilderten Sauerland. Fernuniversität, Burgen, ländliche Rückzugsräume, Schmuggel und erwachte Wildnis liegen eng beieinander.","description_full":"Hagen bildet das Tor zum verwilderten Sauerland. Fernuniversität, Burgen, ländliche Rückzugsräume, Schmuggel und erwachte Wildnis liegen eng beieinander. Die Zusammenfassung folgt dem Bezirkskapitel der angegebenen Edition; heutige Grenzen dienen nur der geografischen Einordnung.","editions":["SR6","SR1","SR2","SR3","SR4","SR5"],"boundary_review_status":"contextual","boundary_review_label":"Offizielle RRP-Karte abgeglichen; heutige Gemeindegeometrie nur als Liniengrundlage","sources":[{"bookId":"revierbericht-sr6","title":"Revierbericht 2082","edition":"SR6","citation":"S. 61–64","purpose":"description"},{"bookId":"dids-sr1","title":"Deutschland in den Schatten","edition":"SR1","citation":"RRP-Kapitel: Hagen","purpose":"description"},{"bookId":"dids-sr2","title":"Deutschland in den Schatten","edition":"SR2","citation":"RRP-Kapitel: Hagen","purpose":"description"},{"bookId":"dids2-sr3","title":"Deutschland in den Schatten II","edition":"SR3","citation":"RRP-Kapitel: Hagen","purpose":"description"},{"bookId":"rrmp-sr4","title":"Rhein-Ruhr-Megaplex","edition":"SR4","citation":"RRP-Kapitel: Hagen","purpose":"description"},{"bookId":"datapuls-adl-sr5","title":"Datapuls: ADL","edition":"SR5","citation":"RRP-Kapitel: Hagen","purpose":"description"}]}},{"type":"Feature","geometry":{"type":"Polygon","coordinates":[[[7.216142,51.815296],[7.217488,51.814954],[7.217958,51.814126],[7.218782,51.813597],[7.219678,51.813422],[7.221031,51.812819],[7.220389,51.812204],[7.225408,51.811087],[7.227285,51.809765],[7.232176,51.809031],[7.234116,51.80809],[7.236182,51.807484],[7.234687,51.805628],[7.240628,51.804933],[7.241408,51.804687],[7.244105,51.805161],[7.246946,51.804731],[7.249404,51.803675],[7.253387,51.801133],[7.254513,51.799607],[7.255114,51.799141],[7.257979,51.79879],[7.259798,51.800291],[7.261463,51.798954],[7.26167,51.798689],[7.261842,51.796214],[7.261042,51.794524],[7.2622,51.794429],[7.262381,51.793073],[7.265048,51.79318],[7.264092,51.792458],[7.262932,51.788524],[7.263889,51.786724],[7.263447,51.786301],[7.26298,51.785286],[7.263141,51.784178],[7.262451,51.782788],[7.263891,51.781728],[7.264793,51.782651],[7.266649,51.780984],[7.267472,51.781115],[7.267747,51.78052],[7.269038,51.780709],[7.269485,51.780947],[7.270083,51.780816],[7.270318,51.780429],[7.271275,51.780399],[7.271752,51.780109],[7.271706,51.779076],[7.271618,51.778783],[7.270646,51.77903],[7.270339,51.778848],[7.270919,51.778133],[7.267639,51.777534],[7.267804,51.777232],[7.266876,51.776927],[7.266107,51.776439],[7.266036,51.776192],[7.265313,51.776028],[7.263898,51.774607],[7.260742,51.773849],[7.259098,51.7732],[7.260318,51.771279],[7.261917,51.7694],[7.264614,51.76645],[7.267603,51.763614],[7.268043,51.762186],[7.268974,51.761619],[7.275039,51.759798],[7.278701,51.751835],[7.280224,51.749164],[7.288273,51.74852],[7.292604,51.748723],[7.310248,51.746325],[7.310226,51.745271],[7.311984,51.745386],[7.313452,51.744664],[7.313661,51.744357],[7.313672,51.743743],[7.31347,51.742709],[7.314721,51.741974],[7.314578,51.740961],[7.315153,51.741028],[7.315299,51.74016],[7.314449,51.739861],[7.31289,51.739813],[7.311066,51.740623],[7.310569,51.74026],[7.312149,51.738679],[7.312568,51.737577],[7.313016,51.7374],[7.313741,51.737478],[7.31453,51.738571],[7.316217,51.738228],[7.318117,51.737569],[7.321091,51.736981],[7.321294,51.736],[7.32082,51.735215],[7.319506,51.733742],[7.315554,51.728167],[7.312795,51.724711],[7.309317,51.721122],[7.305689,51.717816],[7.303433,51.716878],[7.303427,51.716681],[7.30194,51.71641],[7.301667,51.715645],[7.302231,51.715404],[7.30202,51.714818],[7.301253,51.713949],[7.301219,51.71363],[7.299843,51.71302],[7.29928,51.713077],[7.298226,51.714402],[7.297709,51.715634],[7.297294,51.716138],[7.295113,51.717217],[7.293884,51.718578],[7.293149,51.719092],[7.290295,51.719281],[7.287021,51.720589],[7.284797,51.720635],[7.285495,51.719434],[7.285555,51.718854],[7.284852,51.71796],[7.283124,51.714541],[7.283451,51.714562],[7.281966,51.711977],[7.282113,51.71192],[7.281916,51.711544],[7.282095,51.711455],[7.263605,51.703483],[7.257366,51.699545],[7.250336,51.706724],[7.246874,51.705189],[7.246335,51.702695],[7.244194,51.70263],[7.241204,51.702907],[7.237325,51.703421],[7.235334,51.703897],[7.232198,51.702993],[7.229148,51.702893],[7.227942,51.697201],[7.21216,51.696926],[7.208858,51.698522],[7.199177,51.698232],[7.199795,51.701184],[7.1906,51.699053],[7.189347,51.700762],[7.189479,51.699812],[7.189242,51.698252],[7.189251,51.696689],[7.181546,51.698175],[7.181606,51.698311],[7.167598,51.700807],[7.164528,51.697857],[7.162467,51.700262],[7.157028,51.703192],[7.154557,51.70478],[7.155662,51.708303],[7.157017,51.710754],[7.156951,51.711252],[7.157347,51.71193],[7.157133,51.712158],[7.157459,51.713047],[7.159261,51.715965],[7.159377,51.716567],[7.155803,51.715547],[7.154566,51.716536],[7.154422,51.716909],[7.153965,51.717089],[7.152085,51.716888],[7.149941,51.717383],[7.14656,51.720033],[7.14508,51.720354],[7.14327,51.720073],[7.142435,51.719604],[7.142069,51.718795],[7.142041,51.716259],[7.141518,51.715692],[7.140763,51.715367],[7.135834,51.715157],[7.135099,51.718188],[7.135287,51.719635],[7.130646,51.71847],[7.123898,51.716142],[7.123245,51.716097],[7.118804,51.714616],[7.119752,51.710168],[7.116832,51.708593],[7.11438,51.705427],[7.113012,51.704652],[7.111247,51.704177],[7.105524,51.703917],[7.104452,51.70326],[7.104058,51.70188],[7.103253,51.701373],[7.099787,51.701155],[7.096832,51.700314],[7.090567,51.698958],[7.090594,51.700863],[7.092367,51.706332],[7.09214,51.706703],[7.090047,51.706102],[7.090085,51.705949],[7.086089,51.705005],[7.083523,51.704077],[7.051912,51.695492],[7.049628,51.69637],[7.048171,51.69796],[7.048353,51.698394],[7.047507,51.698752],[7.047486,51.699116],[7.047288,51.69907],[7.047286,51.699764],[7.054401,51.701125],[7.053357,51.703147],[7.058014,51.703836],[7.060832,51.704792],[7.06085,51.706473],[7.060604,51.707624],[7.059479,51.708287],[7.059893,51.709295],[7.066887,51.708114],[7.069033,51.709325],[7.068993,51.709762],[7.070786,51.709449],[7.078113,51.713489],[7.078563,51.71445],[7.077569,51.714977],[7.075098,51.715057],[7.075341,51.716153],[7.075236,51.718342],[7.074734,51.7203],[7.074054,51.720253],[7.074202,51.720879],[7.075547,51.72085],[7.075462,51.720496],[7.077826,51.720706],[7.078812,51.724763],[7.080216,51.724832],[7.076441,51.727299],[7.075401,51.728525],[7.075317,51.728897],[7.074699,51.728483],[7.073087,51.729108],[7.074939,51.731385],[7.076501,51.731215],[7.080286,51.731271],[7.085973,51.731881],[7.087531,51.731832],[7.086476,51.733718],[7.085497,51.734762],[7.084041,51.735696],[7.08023,51.737398],[7.079988,51.740124],[7.079575,51.741412],[7.0802,51.743509],[7.080239,51.746042],[7.080103,51.746282],[7.080289,51.746451],[7.080096,51.746489],[7.080075,51.748555],[7.08032,51.749667],[7.080994,51.75097],[7.081101,51.752196],[7.081058,51.753227],[7.080802,51.753512],[7.080782,51.755281],[7.081773,51.756958],[7.083289,51.7578],[7.084221,51.758593],[7.084439,51.759614],[7.085716,51.76085],[7.085777,51.761597],[7.086487,51.762572],[7.086509,51.762877],[7.087558,51.76454],[7.088124,51.765038],[7.087699,51.765551],[7.087806,51.765728],[7.087205,51.766132],[7.086192,51.767302],[7.085883,51.768349],[7.084544,51.770519],[7.084538,51.771471],[7.079953,51.773083],[7.077692,51.774274],[7.076241,51.775422],[7.075639,51.776271],[7.075354,51.777447],[7.076709,51.780255],[7.093189,51.782813],[7.114264,51.788123],[7.116641,51.790439],[7.133593,51.803726],[7.133547,51.803938],[7.16078,51.815528],[7.163466,51.816215],[7.164732,51.816769],[7.163079,51.817901],[7.16859,51.820317],[7.169385,51.82037],[7.172776,51.819867],[7.173836,51.82137],[7.176778,51.820871],[7.178386,51.821031],[7.183784,51.820538],[7.186153,51.821204],[7.187938,51.820989],[7.188939,51.819897],[7.192644,51.82201],[7.192873,51.821953],[7.191433,51.821257],[7.194155,51.819893],[7.19908,51.819459],[7.202868,51.818241],[7.204058,51.817959],[7.204257,51.818142],[7.206684,51.817726],[7.208812,51.817041],[7.208805,51.817192],[7.213742,51.816965],[7.21382,51.816718],[7.213613,51.816505],[7.214112,51.816141],[7.216142,51.815296]]]},"properties":{"name":"Haltern am See","basis":"Auf der offiziellen Revierübersicht benannte oder innerhalb des kartierten Megaplexumrisses liegende Kommune; heutige Gemeindegrenze als geografische Liniengrundlage","boundary_role":"lore-municipality","source":"Code for Germany / Click That Hood","source_url":"https://github.com/codeforgermany/click_that_hood","boundary_review_status":"contextual","boundary_review_label":"Offizielle RRP-Karte abgeglichen; heutige Gemeindegeometrie nur als Liniengrundlage","entity_id":274,"description_preview":"Haltern am See ist auf der offiziellen Revierübersicht als Stadt oder Kommune innerhalb des Rhein-Ruhr-Megaplexes verzeichnet.","description_full":"Haltern am See ist auf der offiziellen Revierübersicht als Stadt oder Kommune innerhalb des Rhein-Ruhr-Megaplexes verzeichnet. Die Flächendarstellung folgt dem mit der offiziellen Shadowrun-Karte abgeglichenen Kommunenbestand. Die heutige Gemeindegeometrie dient ausschließlich als geografische Liniengrundlage; eine darüber hinausgehende eigene Stadtbeschreibung ist im zugeordneten Datenmaterial nicht eindeutig belegt.","editions":["SR6","SR4"],"sources":[{"bookId":"rrp-map-sr6","title":"Revierbericht 2082 – Karte","edition":"SR6","citation":"Revierübersicht: Stadt/Kommune Haltern am See","purpose":"description"},{"bookId":"rrmp-sr4","title":"Rhein-Ruhr-Megaplex","edition":"SR4","citation":"RRP-Kapitel: Haltern am See","purpose":"description"},{"bookId":"revierbericht-sr6","title":"Revierbericht 2082","edition":"SR6","citation":"RRP-Kontextverweis: Haltern am See","purpose":"description"}]}},{"type":"Feature","geometry":{"type":"Polygon","coordinates":[[[7.929125,51.703422],[7.930945,51.703332],[7.932112,51.704204],[7.933261,51.704607],[7.933613,51.704462],[7.934014,51.703227],[7.934555,51.702901],[7.938029,51.703806],[7.938874,51.703808],[7.939411,51.703501],[7.939415,51.703021],[7.937592,51.702391],[7.936775,51.70188],[7.936909,51.70152],[7.93761,51.701],[7.93924,51.70076],[7.941237,51.701171],[7.941871,51.701027],[7.943064,51.700169],[7.945329,51.700373],[7.945899,51.699993],[7.946452,51.699084],[7.947178,51.698443],[7.950252,51.697512],[7.951139,51.697449],[7.952165,51.696412],[7.954354,51.696799],[7.955741,51.696504],[7.958554,51.695391],[7.961791,51.693386],[7.964507,51.693178],[7.965746,51.69198],[7.966134,51.691813],[7.969139,51.692361],[7.970875,51.692219],[7.97161,51.691285],[7.973389,51.691478],[7.973585,51.691251],[7.973566,51.690534],[7.973869,51.690189],[7.97604,51.689893],[7.976642,51.689645],[7.976578,51.689349],[7.975635,51.689251],[7.975375,51.688945],[7.977905,51.688081],[7.977544,51.68703],[7.977689,51.686735],[7.978204,51.686591],[7.979582,51.68696],[7.980047,51.68687],[7.980098,51.684771],[7.980307,51.684504],[7.982803,51.684525],[7.986972,51.683261],[7.987578,51.682591],[7.987769,51.68204],[7.986799,51.680595],[7.988109,51.679853],[7.987839,51.678916],[7.988096,51.678538],[7.9885,51.678525],[7.989477,51.679288],[7.99013,51.679144],[7.99067,51.678706],[7.99192,51.678229],[7.992523,51.677567],[7.994105,51.677302],[7.99481,51.67697],[7.996746,51.675474],[7.997326,51.674461],[7.995948,51.672517],[7.995404,51.67242],[7.994172,51.672605],[7.992914,51.672383],[7.991807,51.672643],[7.98659,51.673067],[7.98626,51.673011],[7.984891,51.671333],[7.967435,51.675766],[7.967441,51.675549],[7.964033,51.674994],[7.964007,51.675778],[7.963644,51.67582],[7.958458,51.673909],[7.956986,51.674095],[7.956915,51.67355],[7.95508,51.673366],[7.955548,51.672575],[7.953318,51.672654],[7.955584,51.668902],[7.952312,51.667157],[7.951338,51.66687],[7.952892,51.66669],[7.952669,51.666367],[7.952929,51.663844],[7.954106,51.660916],[7.953602,51.660211],[7.95292,51.655948],[7.952486,51.655078],[7.950609,51.655319],[7.94969,51.653381],[7.948702,51.65349],[7.947973,51.651904],[7.947394,51.651743],[7.946789,51.65062],[7.947076,51.650247],[7.946004,51.646821],[7.949452,51.64622],[7.948738,51.644607],[7.949972,51.64446],[7.949601,51.643392],[7.949769,51.643324],[7.948674,51.641984],[7.949181,51.641988],[7.948147,51.641167],[7.946696,51.641157],[7.946257,51.64028],[7.945058,51.640026],[7.944388,51.63815],[7.943244,51.637965],[7.940784,51.638172],[7.939919,51.638632],[7.939537,51.639607],[7.938506,51.640024],[7.936692,51.639899],[7.936558,51.639371],[7.936019,51.639632],[7.935824,51.639542],[7.935986,51.639353],[7.93585,51.639202],[7.935163,51.639364],[7.935463,51.639018],[7.935362,51.63873],[7.934591,51.638988],[7.934204,51.638856],[7.934417,51.638496],[7.93428,51.638269],[7.93492,51.637985],[7.934826,51.637436],[7.935156,51.637275],[7.935274,51.636865],[7.935692,51.636661],[7.935345,51.63653],[7.935602,51.636347],[7.935399,51.635978],[7.935519,51.6357],[7.934827,51.635146],[7.935179,51.634494],[7.934592,51.634222],[7.93525,51.633958],[7.935117,51.633271],[7.934317,51.633456],[7.933185,51.633092],[7.93335,51.632683],[7.932861,51.632457],[7.932327,51.631799],[7.932131,51.630259],[7.931891,51.629892],[7.930909,51.629583],[7.929577,51.628647],[7.927053,51.627825],[7.926916,51.627481],[7.927096,51.626948],[7.925891,51.62644],[7.925234,51.626602],[7.92479,51.626324],[7.924339,51.625758],[7.924011,51.623813],[7.923102,51.622894],[7.922229,51.622229],[7.919654,51.621153],[7.919034,51.620057],[7.918597,51.619918],[7.918406,51.619645],[7.917922,51.619648],[7.917606,51.619286],[7.9178,51.61899],[7.918249,51.618964],[7.91836,51.618758],[7.91632,51.617774],[7.915927,51.617203],[7.91525,51.616691],[7.913446,51.615926],[7.913875,51.615348],[7.913566,51.614132],[7.911227,51.613749],[7.912275,51.609176],[7.912004,51.609144],[7.913205,51.607292],[7.914232,51.605259],[7.914873,51.604607],[7.915994,51.602002],[7.915483,51.602002],[7.915284,51.601257],[7.915454,51.601224],[7.914624,51.599176],[7.914459,51.59766],[7.913491,51.597543],[7.914121,51.595738],[7.911705,51.595372],[7.909469,51.595491],[7.909963,51.594046],[7.909114,51.593904],[7.907989,51.594135],[7.906162,51.595565],[7.905148,51.595832],[7.901316,51.59566],[7.899089,51.595286],[7.891722,51.594988],[7.89054,51.594797],[7.887189,51.593607],[7.886304,51.595105],[7.873685,51.593347],[7.873619,51.593837],[7.873912,51.594651],[7.870647,51.594381],[7.87046,51.594895],[7.857725,51.592107],[7.857701,51.591574],[7.85854,51.588881],[7.853061,51.587574],[7.852627,51.58784],[7.850586,51.587257],[7.85114,51.586903],[7.848989,51.58588],[7.839275,51.582327],[7.835602,51.581688],[7.835667,51.58001],[7.827182,51.578655],[7.824459,51.577898],[7.824239,51.577899],[7.824401,51.578253],[7.823924,51.579697],[7.824031,51.580193],[7.824838,51.580611],[7.822334,51.582439],[7.822736,51.584794],[7.822106,51.584662],[7.821764,51.58628],[7.819103,51.586067],[7.818318,51.589862],[7.814378,51.590461],[7.814028,51.591368],[7.814481,51.591487],[7.814431,51.592109],[7.815604,51.592405],[7.814869,51.594277],[7.815066,51.59429],[7.814957,51.594977],[7.815489,51.594949],[7.815885,51.595976],[7.814072,51.596156],[7.813483,51.596949],[7.813285,51.59733],[7.813592,51.598079],[7.81332,51.600109],[7.812382,51.601534],[7.811079,51.602866],[7.812797,51.603481],[7.814696,51.603237],[7.814691,51.604038],[7.813464,51.605647],[7.812623,51.606356],[7.816549,51.606129],[7.816789,51.608034],[7.815672,51.610664],[7.812365,51.614985],[7.813504,51.615264],[7.811871,51.61782],[7.810654,51.622012],[7.786779,51.617862],[7.786087,51.61875],[7.783755,51.620976],[7.782883,51.620514],[7.780886,51.621934],[7.780207,51.621735],[7.780473,51.621118],[7.778078,51.620686],[7.778176,51.62036],[7.774568,51.619898],[7.774151,51.620285],[7.769241,51.619764],[7.769039,51.61976],[7.768958,51.620243],[7.766893,51.620085],[7.764875,51.621968],[7.764782,51.62166],[7.759537,51.620532],[7.759185,51.621611],[7.75943,51.624181],[7.754118,51.624298],[7.752833,51.624731],[7.752293,51.624148],[7.747342,51.623969],[7.747198,51.624406],[7.746249,51.624688],[7.746008,51.625039],[7.743191,51.624934],[7.743393,51.625363],[7.739381,51.625401],[7.739198,51.625798],[7.737922,51.625426],[7.737566,51.624848],[7.736884,51.624593],[7.734692,51.624436],[7.734192,51.624219],[7.733746,51.624924],[7.732888,51.624626],[7.730359,51.624297],[7.730098,51.625267],[7.729604,51.626042],[7.729454,51.625982],[7.728368,51.626919],[7.728197,51.626644],[7.725848,51.625399],[7.727344,51.623817],[7.726801,51.623095],[7.725493,51.622617],[7.725603,51.62205],[7.724744,51.622045],[7.724233,51.624347],[7.722999,51.624066],[7.722949,51.623107],[7.721996,51.622714],[7.72171,51.622246],[7.721889,51.620869],[7.721769,51.618423],[7.72085,51.617912],[7.719296,51.616587],[7.719294,51.615683],[7.719036,51.614804],[7.719336,51.614692],[7.715553,51.612923],[7.714888,51.613615],[7.71437,51.61334],[7.71323,51.613568],[7.711757,51.613216],[7.706988,51.611537],[7.70589,51.612758],[7.704584,51.61272],[7.702949,51.612351],[7.70119,51.612423],[7.699936,51.612069],[7.6975,51.614533],[7.693306,51.614986],[7.689556,51.612842],[7.689937,51.614558],[7.689506,51.618061],[7.689176,51.61863],[7.688585,51.618729],[7.688219,51.620576],[7.688892,51.620578],[7.686925,51.626295],[7.685568,51.632155],[7.685377,51.634673],[7.685343,51.640761],[7.684667,51.645732],[7.683693,51.650411],[7.683262,51.650817],[7.68283,51.65065],[7.682145,51.652637],[7.681539,51.652423],[7.681428,51.652553],[7.681435,51.653832],[7.681004,51.654923],[7.680319,51.654385],[7.679402,51.655752],[7.67841,51.656113],[7.678803,51.656415],[7.678822,51.656996],[7.678477,51.657274],[7.677524,51.657353],[7.677383,51.658044],[7.676946,51.65871],[7.676272,51.659063],[7.675058,51.658837],[7.674759,51.659264],[7.675201,51.660267],[7.676017,51.661067],[7.675639,51.662342],[7.675886,51.662545],[7.676783,51.66218],[7.677174,51.661488],[7.677289,51.660375],[7.677584,51.659914],[7.678219,51.6598],[7.679292,51.66004],[7.679838,51.660496],[7.679201,51.662144],[7.679477,51.662818],[7.680255,51.663266],[7.681911,51.663702],[7.68696,51.664309],[7.687476,51.664106],[7.687978,51.663613],[7.688149,51.663131],[7.688136,51.661936],[7.688818,51.661654],[7.689988,51.661696],[7.692357,51.662996],[7.6925,51.66341],[7.692366,51.664923],[7.692887,51.665688],[7.693345,51.66582],[7.694424,51.665587],[7.695341,51.664939],[7.696041,51.663976],[7.69718,51.664186],[7.698277,51.665776],[7.697729,51.66678],[7.697763,51.667689],[7.698201,51.668264],[7.699241,51.669067],[7.70033,51.669051],[7.70061,51.668766],[7.700613,51.668013],[7.701274,51.667898],[7.702808,51.668846],[7.704494,51.669053],[7.706145,51.669768],[7.706939,51.670721],[7.707489,51.671014],[7.70959,51.671017],[7.711304,51.671252],[7.712196,51.670733],[7.71374,51.668424],[7.716582,51.668481],[7.716967,51.668652],[7.716625,51.669127],[7.714449,51.669652],[7.713967,51.670322],[7.715858,51.671155],[7.716466,51.671067],[7.717725,51.670407],[7.719513,51.670798],[7.721048,51.670788],[7.721203,51.670875],[7.720867,51.67222],[7.721133,51.67257],[7.721964,51.672793],[7.724211,51.672847],[7.725877,51.67336],[7.72696,51.673423],[7.727121,51.673762],[7.727895,51.674233],[7.728128,51.674641],[7.727405,51.675079],[7.728238,51.675163],[7.728683,51.675627],[7.726368,51.678146],[7.727004,51.678351],[7.726955,51.67869],[7.72547,51.679317],[7.724282,51.679138],[7.723492,51.679699],[7.722783,51.680537],[7.720419,51.681086],[7.719465,51.681542],[7.719188,51.682741],[7.717765,51.682848],[7.716657,51.683288],[7.716647,51.683695],[7.71715,51.684565],[7.716216,51.684828],[7.715771,51.684539],[7.714911,51.684744],[7.715104,51.686409],[7.714883,51.687046],[7.715085,51.687476],[7.713968,51.688165],[7.71481,51.688241],[7.714447,51.690061],[7.710746,51.689448],[7.710674,51.68819],[7.707851,51.68787],[7.706598,51.689817],[7.705863,51.690074],[7.704267,51.691268],[7.703001,51.692858],[7.702149,51.693253],[7.701411,51.694431],[7.701334,51.695742],[7.702053,51.69654],[7.702941,51.69693],[7.705433,51.698772],[7.706148,51.698987],[7.704651,51.698842],[7.70341,51.701514],[7.701536,51.701688],[7.701613,51.701942],[7.700791,51.703761],[7.70037,51.705747],[7.699628,51.705659],[7.699074,51.707302],[7.70213,51.70935],[7.701928,51.709762],[7.704209,51.710516],[7.705246,51.71132],[7.702781,51.712437],[7.701754,51.712338],[7.70136,51.713301],[7.701999,51.713322],[7.703412,51.714052],[7.704305,51.71314],[7.708133,51.714552],[7.707486,51.715478],[7.710074,51.716263],[7.713697,51.716913],[7.715378,51.717546],[7.715003,51.718415],[7.715301,51.718497],[7.714752,51.719833],[7.717969,51.718716],[7.718381,51.718376],[7.719099,51.718552],[7.717853,51.722195],[7.719161,51.722513],[7.722359,51.722645],[7.720313,51.724062],[7.724256,51.724789],[7.723598,51.727933],[7.724303,51.727966],[7.725851,51.728507],[7.726157,51.728704],[7.726057,51.729275],[7.729289,51.730062],[7.730782,51.730119],[7.732642,51.730469],[7.735252,51.73026],[7.737194,51.730685],[7.737213,51.737931],[7.739897,51.737884],[7.751837,51.739266],[7.752497,51.737188],[7.754011,51.734493],[7.754372,51.734541],[7.755129,51.733422],[7.755729,51.733123],[7.757039,51.7333],[7.75713,51.73306],[7.757867,51.733211],[7.759733,51.72974],[7.764486,51.730366],[7.765234,51.728991],[7.765873,51.726983],[7.766394,51.726729],[7.768526,51.727099],[7.769194,51.725573],[7.76948,51.723793],[7.771894,51.724333],[7.771922,51.72552],[7.77258,51.725701],[7.772245,51.726595],[7.772362,51.726692],[7.7756,51.727122],[7.779982,51.727027],[7.781123,51.727413],[7.78133,51.728412],[7.786062,51.730571],[7.787077,51.728004],[7.791256,51.728804],[7.790856,51.731534],[7.795907,51.730634],[7.796628,51.732178],[7.804209,51.731739],[7.803625,51.732834],[7.80266,51.732875],[7.801838,51.734451],[7.803816,51.734773],[7.804074,51.734424],[7.808423,51.735697],[7.807937,51.736835],[7.808766,51.737177],[7.811229,51.737541],[7.813028,51.737559],[7.813035,51.737838],[7.812679,51.738106],[7.813182,51.739789],[7.820344,51.739067],[7.820859,51.739894],[7.823471,51.742567],[7.823475,51.743804],[7.824553,51.744036],[7.825416,51.744474],[7.826186,51.744598],[7.828935,51.744352],[7.831353,51.744589],[7.833187,51.742463],[7.833546,51.741383],[7.833094,51.737918],[7.832577,51.735719],[7.832601,51.734575],[7.833823,51.734038],[7.834876,51.732849],[7.834543,51.732632],[7.835727,51.731386],[7.835222,51.731111],[7.835674,51.730876],[7.835213,51.730488],[7.844115,51.727772],[7.847591,51.7274],[7.849589,51.727313],[7.84978,51.727441],[7.852104,51.727034],[7.852315,51.727175],[7.858714,51.726651],[7.858307,51.72566],[7.858988,51.725053],[7.859156,51.724498],[7.862882,51.724906],[7.863765,51.725158],[7.872356,51.730441],[7.876143,51.728106],[7.878167,51.726266],[7.878383,51.725793],[7.878272,51.725605],[7.879886,51.722536],[7.88006,51.72083],[7.882606,51.721052],[7.883236,51.719586],[7.885143,51.719487],[7.885284,51.718346],[7.887139,51.718696],[7.887421,51.717773],[7.888223,51.718051],[7.889338,51.713829],[7.888469,51.713624],[7.88866,51.713261],[7.88849,51.710746],[7.888944,51.710655],[7.888992,51.709262],[7.888829,51.708925],[7.888531,51.704888],[7.889134,51.704892],[7.889951,51.70438],[7.889866,51.70347],[7.889238,51.703325],[7.889677,51.702579],[7.890784,51.703053],[7.891725,51.704301],[7.893924,51.70459],[7.895968,51.705344],[7.896371,51.705237],[7.896964,51.704536],[7.897499,51.704402],[7.902943,51.705101],[7.90321,51.704918],[7.904105,51.703256],[7.904579,51.702927],[7.905073,51.70289],[7.905694,51.703212],[7.906091,51.703924],[7.906413,51.704044],[7.906562,51.704592],[7.913071,51.704447],[7.912767,51.705548],[7.9133,51.706295],[7.915065,51.70607],[7.916167,51.706195],[7.917244,51.705619],[7.920712,51.706288],[7.922139,51.706193],[7.922826,51.705973],[7.922694,51.70468],[7.923329,51.704695],[7.925015,51.704275],[7.925704,51.704399],[7.926908,51.705279],[7.927374,51.705371],[7.927806,51.704994],[7.928037,51.703926],[7.929125,51.703422]]]},"properties":{"name":"Hamm","basis":"Auf der offiziellen Revierübersicht benannte oder innerhalb des kartierten Megaplexumrisses liegende Kommune; heutige Gemeindegrenze als geografische Liniengrundlage","boundary_role":"lore-municipality","source":"Code for Germany / Click That Hood","source_url":"https://github.com/codeforgermany/click_that_hood","boundary_review_status":"contextual","boundary_review_label":"Offizielle RRP-Karte abgeglichen; heutige Gemeindegeometrie nur als Liniengrundlage","entity_id":275,"description_preview":"Hamm ist auf der offiziellen Revierübersicht als Stadt oder Kommune innerhalb des Rhein-Ruhr-Megaplexes verzeichnet.","description_full":"Hamm ist auf der offiziellen Revierübersicht als Stadt oder Kommune innerhalb des Rhein-Ruhr-Megaplexes verzeichnet. Die Flächendarstellung folgt dem mit der offiziellen Shadowrun-Karte abgeglichenen Kommunenbestand. Die heutige Gemeindegeometrie dient ausschließlich als geografische Liniengrundlage; eine darüber hinausgehende eigene Stadtbeschreibung ist im zugeordneten Datenmaterial nicht eindeutig belegt.","editions":["SR6","SR1","SR2","SR3","SR4","SR5"],"sources":[{"bookId":"rrp-map-sr6","title":"Revierbericht 2082 – Karte","edition":"SR6","citation":"Revierübersicht: Stadt/Kommune Hamm","purpose":"description"},{"bookId":"dids-sr1","title":"Deutschland in den Schatten","edition":"SR1","citation":"RRP-Kapitel: Hamm","purpose":"description"},{"bookId":"dids-sr2","title":"Deutschland in den Schatten","edition":"SR2","citation":"RRP-Kapitel: Hamm","purpose":"description"},{"bookId":"dids2-sr3","title":"Deutschland in den Schatten II","edition":"SR3","citation":"RRP-Kapitel: Hamm","purpose":"description"},{"bookId":"rrmp-sr4","title":"Rhein-Ruhr-Megaplex","edition":"SR4","citation":"RRP-Kapitel: Hamm","purpose":"description"},{"bookId":"datapuls-adl-sr5","title":"Datapuls: ADL","edition":"SR5","citation":"RRP-Kapitel: Hamm","purpose":"description"}]}},{"type":"Feature","geometry":{"type":"Polygon","coordinates":[[[6.64091,51.699255],[6.633902,51.694636],[6.63011,51.694617],[6.628,51.694001],[6.6267,51.693495],[6.626286,51.693154],[6.625637,51.694037],[6.624004,51.695569],[6.620474,51.694657],[6.620493,51.695001],[6.621029,51.695586],[6.621246,51.696667],[6.619665,51.696331],[6.618868,51.697605],[6.615524,51.696966],[6.61514,51.69809],[6.614469,51.697689],[6.613112,51.697278],[6.612347,51.697515],[6.611691,51.699829],[6.608484,51.699291],[6.605838,51.699691],[6.603593,51.699447],[6.604996,51.696299],[6.600662,51.695995],[6.600239,51.69651],[6.60011,51.697681],[6.597983,51.697295],[6.597519,51.698168],[6.597211,51.698079],[6.597429,51.697641],[6.596978,51.69754],[6.596747,51.697937],[6.594291,51.69732],[6.595075,51.696031],[6.593585,51.695969],[6.593681,51.695283],[6.592215,51.696432],[6.589947,51.695761],[6.588087,51.695497],[6.586986,51.695587],[6.586271,51.69724],[6.584712,51.697277],[6.58284,51.697593],[6.581259,51.697441],[6.580007,51.698168],[6.577376,51.697018],[6.56318,51.703031],[6.56362,51.703575],[6.551346,51.709847],[6.551466,51.710587],[6.547609,51.70864],[6.546293,51.710061],[6.545213,51.710345],[6.543252,51.711369],[6.540425,51.712383],[6.539696,51.713178],[6.5394,51.715008],[6.539142,51.715413],[6.538486,51.715743],[6.536717,51.715923],[6.533968,51.716697],[6.533447,51.717238],[6.532888,51.718457],[6.532169,51.719232],[6.531978,51.719697],[6.532001,51.720431],[6.531692,51.721179],[6.530738,51.721801],[6.529637,51.721364],[6.528571,51.723608],[6.511854,51.720372],[6.510983,51.721001],[6.50945,51.721632],[6.506337,51.722082],[6.502777,51.722891],[6.501803,51.722809],[6.500603,51.722313],[6.498025,51.72221],[6.495489,51.721805],[6.489112,51.720474],[6.488887,51.721015],[6.489076,51.72109],[6.489159,51.721814],[6.488671,51.722023],[6.488444,51.723462],[6.487416,51.725354],[6.485588,51.729728],[6.487333,51.729918],[6.48733,51.730337],[6.485545,51.731334],[6.486218,51.731516],[6.485507,51.732778],[6.485276,51.732772],[6.484553,51.733616],[6.485189,51.734102],[6.484853,51.736112],[6.487482,51.736971],[6.487898,51.737854],[6.48889,51.73883],[6.489497,51.740195],[6.489562,51.741817],[6.489014,51.742042],[6.489034,51.745063],[6.486709,51.74953],[6.484589,51.75172],[6.482087,51.753666],[6.484657,51.754645],[6.485422,51.753727],[6.486666,51.75422],[6.486085,51.754497],[6.486798,51.754869],[6.487449,51.754401],[6.489096,51.755184],[6.489566,51.754928],[6.491422,51.755911],[6.491354,51.756068],[6.492497,51.757151],[6.495524,51.756942],[6.497863,51.757138],[6.500083,51.756871],[6.500921,51.758566],[6.50183,51.758247],[6.502365,51.759148],[6.505698,51.758219],[6.509421,51.75861],[6.509384,51.759162],[6.509658,51.759053],[6.509571,51.759698],[6.51087,51.759656],[6.510871,51.760398],[6.512631,51.760649],[6.512495,51.761058],[6.514799,51.761345],[6.51741,51.761408],[6.517257,51.761122],[6.519527,51.760493],[6.521016,51.762274],[6.522837,51.761507],[6.523922,51.762578],[6.524309,51.762428],[6.52578,51.763647],[6.528156,51.762567],[6.528731,51.763131],[6.529354,51.762322],[6.533068,51.763554],[6.534125,51.764437],[6.531574,51.765768],[6.528881,51.767971],[6.528351,51.768986],[6.525586,51.772133],[6.523702,51.775445],[6.519553,51.777223],[6.5136,51.778533],[6.512732,51.779178],[6.512537,51.779904],[6.511001,51.780416],[6.509066,51.781395],[6.506437,51.783511],[6.50593,51.784265],[6.504929,51.784852],[6.504134,51.786126],[6.501777,51.79115],[6.497835,51.796929],[6.496951,51.800254],[6.492865,51.802354],[6.491399,51.80439],[6.489867,51.808935],[6.489793,51.809681],[6.489162,51.810586],[6.491161,51.810473],[6.494561,51.810645],[6.510352,51.812502],[6.512558,51.813184],[6.514338,51.813972],[6.516346,51.815232],[6.517809,51.816567],[6.519772,51.815535],[6.522135,51.813719],[6.522167,51.811609],[6.522994,51.810637],[6.52411,51.810226],[6.526579,51.810034],[6.527505,51.809759],[6.529976,51.807933],[6.532617,51.806414],[6.534214,51.805122],[6.538816,51.802569],[6.540462,51.801892],[6.54084,51.801386],[6.543081,51.800915],[6.543439,51.800434],[6.544536,51.800026],[6.547103,51.799491],[6.549455,51.79829],[6.550542,51.798469],[6.551876,51.798246],[6.552594,51.797728],[6.554085,51.795712],[6.554872,51.795418],[6.557691,51.79525],[6.558465,51.794746],[6.559468,51.793445],[6.560739,51.793167],[6.561679,51.792662],[6.561965,51.792314],[6.5648,51.793285],[6.568665,51.789906],[6.572403,51.792407],[6.570621,51.795007],[6.576862,51.795929],[6.577197,51.795224],[6.578029,51.794975],[6.578831,51.795092],[6.579942,51.795623],[6.581505,51.795655],[6.583331,51.793681],[6.583729,51.793443],[6.584419,51.793667],[6.584747,51.794054],[6.585232,51.794183],[6.585409,51.79454],[6.586681,51.795221],[6.585953,51.795905],[6.587652,51.796645],[6.587118,51.797139],[6.588082,51.799695],[6.590051,51.799147],[6.591701,51.802094],[6.592772,51.802245],[6.593723,51.801636],[6.595899,51.800833],[6.601654,51.79974],[6.608901,51.799996],[6.609203,51.794286],[6.611044,51.794726],[6.611336,51.79426],[6.614736,51.795482],[6.614996,51.795087],[6.617153,51.795695],[6.61749,51.795226],[6.621329,51.796519],[6.622416,51.797226],[6.622113,51.79737],[6.630562,51.798825],[6.632051,51.799276],[6.634097,51.799005],[6.634407,51.799184],[6.635492,51.798726],[6.638958,51.798149],[6.652119,51.792298],[6.652121,51.791766],[6.652476,51.791324],[6.653664,51.791232],[6.657834,51.78937],[6.659573,51.787793],[6.660593,51.787022],[6.660735,51.787083],[6.661224,51.786358],[6.665168,51.783379],[6.668259,51.777171],[6.677405,51.778071],[6.679841,51.777888],[6.696091,51.777608],[6.697724,51.777342],[6.69832,51.778153],[6.700098,51.779201],[6.706223,51.780745],[6.708472,51.780963],[6.713287,51.779844],[6.713139,51.780488],[6.713822,51.78051],[6.714135,51.778484],[6.712618,51.775914],[6.711275,51.775499],[6.707213,51.77483],[6.707631,51.774529],[6.708589,51.77323],[6.708374,51.772219],[6.707513,51.772059],[6.707471,51.771893],[6.708212,51.771911],[6.708462,51.771644],[6.721598,51.769012],[6.721911,51.768726],[6.721914,51.768482],[6.740519,51.769631],[6.741577,51.770068],[6.746457,51.770212],[6.748302,51.771332],[6.748705,51.771804],[6.749076,51.772923],[6.748918,51.773536],[6.74846,51.774133],[6.748766,51.77459],[6.751106,51.775266],[6.755649,51.775875],[6.757403,51.776388],[6.757992,51.77639],[6.758704,51.77611],[6.760646,51.774215],[6.763015,51.773297],[6.764666,51.770677],[6.769207,51.766011],[6.768832,51.764684],[6.769457,51.762435],[6.769196,51.760096],[6.769281,51.758986],[6.770521,51.755834],[6.771687,51.754238],[6.772076,51.752764],[6.771606,51.750274],[6.77266,51.747709],[6.772476,51.746149],[6.772607,51.74528],[6.772031,51.743916],[6.772086,51.743597],[6.772782,51.74273],[6.772764,51.74224],[6.7724,51.741688],[6.768428,51.740219],[6.767585,51.739536],[6.765778,51.739591],[6.765453,51.739364],[6.764674,51.737544],[6.761747,51.736228],[6.750622,51.733465],[6.749761,51.733099],[6.749075,51.733143],[6.744708,51.732468],[6.743101,51.731215],[6.741131,51.731062],[6.738579,51.730167],[6.737291,51.72927],[6.736242,51.72887],[6.734299,51.728469],[6.733101,51.728757],[6.729938,51.727816],[6.728457,51.727015],[6.72013,51.724192],[6.704319,51.717311],[6.699337,51.713037],[6.700028,51.712639],[6.69775,51.71166],[6.696624,51.710308],[6.695293,51.708009],[6.695452,51.707704],[6.695064,51.707333],[6.695266,51.706938],[6.694546,51.706511],[6.694275,51.705739],[6.696396,51.705752],[6.696075,51.705363],[6.690919,51.702203],[6.684952,51.701358],[6.683382,51.700608],[6.681539,51.698326],[6.679962,51.69474],[6.6776,51.691547],[6.676421,51.690701],[6.673636,51.692749],[6.669078,51.696567],[6.666524,51.698312],[6.662388,51.700338],[6.659247,51.701397],[6.657431,51.701429],[6.654037,51.700627],[6.645887,51.699135],[6.64091,51.699255]]]},"properties":{"name":"Hamminkeln","basis":"Auf der offiziellen Revierübersicht benannte oder innerhalb des kartierten Megaplexumrisses liegende Kommune; heutige Gemeindegrenze als geografische Liniengrundlage","boundary_role":"lore-municipality","source":"Code for Germany / Click That Hood","source_url":"https://github.com/codeforgermany/click_that_hood","boundary_review_status":"contextual","boundary_review_label":"Offizielle RRP-Karte abgeglichen; heutige Gemeindegeometrie nur als Liniengrundlage","entity_id":276,"description_preview":"Hamminkeln ist auf der offiziellen Revierübersicht als Stadt oder Kommune innerhalb des Rhein-Ruhr-Megaplexes verzeichnet.","description_full":"Hamminkeln ist auf der offiziellen Revierübersicht als Stadt oder Kommune innerhalb des Rhein-Ruhr-Megaplexes verzeichnet. Die Flächendarstellung folgt dem mit der offiziellen Shadowrun-Karte abgeglichenen Kommunenbestand. Die heutige Gemeindegeometrie dient ausschließlich als geografische Liniengrundlage; eine darüber hinausgehende eigene Stadtbeschreibung ist im zugeordneten Datenmaterial nicht eindeutig belegt.","editions":["SR6"],"sources":[{"bookId":"rrp-map-sr6","title":"Revierbericht 2082 – Karte","edition":"SR6","citation":"Revierübersicht: Stadt/Kommune Hamminkeln","purpose":"description"}]}},{"type":"Feature","geometry":{"type":"Polygon","coordinates":[[[7.16417,51.327457],[7.161376,51.328281],[7.160721,51.328303],[7.160424,51.328616],[7.15908,51.328635],[7.158245,51.329032],[7.158222,51.329316],[7.156783,51.330182],[7.15666,51.330949],[7.155949,51.331438],[7.155812,51.332068],[7.154536,51.332336],[7.154709,51.332622],[7.154381,51.332836],[7.154548,51.333538],[7.154069,51.334821],[7.153227,51.334693],[7.152933,51.335073],[7.152421,51.335126],[7.151156,51.334492],[7.150149,51.334252],[7.150022,51.333901],[7.149122,51.333798],[7.148723,51.334054],[7.148331,51.333968],[7.147775,51.335333],[7.148246,51.336374],[7.149209,51.337003],[7.149553,51.33744],[7.14771,51.338638],[7.146403,51.338265],[7.145429,51.339514],[7.146193,51.341241],[7.145459,51.342057],[7.149127,51.343287],[7.149049,51.343809],[7.150166,51.344213],[7.148795,51.34507],[7.14915,51.346259],[7.149544,51.346856],[7.150196,51.346803],[7.151658,51.348981],[7.153213,51.349317],[7.152762,51.350264],[7.151304,51.349956],[7.150954,51.349493],[7.149633,51.34995],[7.148535,51.351036],[7.147302,51.351415],[7.148073,51.352404],[7.147414,51.352589],[7.148319,51.352972],[7.148752,51.353763],[7.150663,51.355274],[7.152132,51.355829],[7.15308,51.356895],[7.155255,51.358157],[7.155957,51.359105],[7.157122,51.359939],[7.157261,51.360472],[7.157558,51.36063],[7.156958,51.360993],[7.157835,51.361891],[7.157981,51.362376],[7.157749,51.362902],[7.158094,51.364135],[7.159574,51.365115],[7.158092,51.366336],[7.156408,51.368506],[7.155594,51.369979],[7.154393,51.370592],[7.153466,51.371837],[7.153047,51.371932],[7.151779,51.371672],[7.151857,51.372182],[7.152987,51.373396],[7.153132,51.374556],[7.14891,51.374951],[7.148426,51.375696],[7.150097,51.376201],[7.149672,51.377001],[7.148371,51.376902],[7.14678,51.37701],[7.146042,51.377247],[7.145491,51.375976],[7.145015,51.376148],[7.14451,51.375799],[7.143778,51.374867],[7.142866,51.3747],[7.143205,51.375681],[7.142497,51.375915],[7.141651,51.375333],[7.140675,51.375934],[7.140293,51.375645],[7.139893,51.374577],[7.139607,51.374632],[7.13934,51.376402],[7.138603,51.375973],[7.137812,51.377799],[7.138711,51.378769],[7.137717,51.379114],[7.137835,51.379298],[7.137468,51.379423],[7.13706,51.378857],[7.13659,51.379082],[7.135579,51.378434],[7.135089,51.378417],[7.135016,51.37805],[7.133753,51.377505],[7.131992,51.378585],[7.130235,51.380208],[7.130001,51.38056],[7.130457,51.38076],[7.130072,51.381529],[7.127138,51.380322],[7.125991,51.380638],[7.125424,51.379779],[7.125621,51.379687],[7.125611,51.37943],[7.124791,51.378963],[7.125008,51.378747],[7.124189,51.378426],[7.123765,51.378919],[7.123326,51.379042],[7.122875,51.378458],[7.122053,51.378833],[7.122597,51.379366],[7.122502,51.379758],[7.122305,51.38007],[7.121231,51.380774],[7.120247,51.380879],[7.119349,51.380589],[7.118514,51.38076],[7.118186,51.380478],[7.117454,51.380641],[7.117357,51.381122],[7.117852,51.382115],[7.117315,51.382589],[7.11724,51.383236],[7.116513,51.384153],[7.116103,51.384097],[7.116364,51.384419],[7.11631,51.385266],[7.116771,51.385793],[7.118756,51.386559],[7.11951,51.387346],[7.11833,51.388673],[7.11736,51.388331],[7.118187,51.389021],[7.117515,51.390041],[7.118582,51.392133],[7.118669,51.392764],[7.118476,51.393892],[7.117464,51.395076],[7.116454,51.395496],[7.115934,51.395944],[7.1148,51.39782],[7.11323,51.399068],[7.112791,51.400023],[7.11232,51.400358],[7.112277,51.401924],[7.112619,51.402458],[7.112325,51.402838],[7.112356,51.403163],[7.112763,51.403622],[7.112539,51.404157],[7.111693,51.404527],[7.111703,51.405521],[7.111161,51.405701],[7.11088,51.405603],[7.110987,51.40576],[7.108321,51.406651],[7.110517,51.407542],[7.112565,51.40772],[7.112375,51.408241],[7.114706,51.408641],[7.115776,51.408646],[7.116816,51.40774],[7.120803,51.408853],[7.121689,51.408498],[7.121837,51.408835],[7.122381,51.409227],[7.121775,51.409647],[7.121929,51.409781],[7.121818,51.409884],[7.122865,51.409938],[7.123903,51.410538],[7.124306,51.41028],[7.124796,51.41061],[7.12468,51.410762],[7.125766,51.411488],[7.126012,51.411345],[7.126742,51.411919],[7.126906,51.411788],[7.126532,51.411474],[7.126914,51.411139],[7.126754,51.410935],[7.127343,51.410513],[7.127514,51.410794],[7.127009,51.411329],[7.127129,51.411444],[7.12924,51.412675],[7.129938,51.412635],[7.129197,51.413821],[7.12888,51.413912],[7.132068,51.41526],[7.131949,51.415508],[7.132662,51.415882],[7.132839,51.416312],[7.134268,51.417476],[7.134322,51.417816],[7.13478,51.418172],[7.134717,51.418308],[7.135267,51.418523],[7.134846,51.418864],[7.135664,51.419324],[7.135826,51.419598],[7.135654,51.419808],[7.136858,51.420424],[7.136227,51.422037],[7.137656,51.422255],[7.137377,51.42256],[7.13704,51.423587],[7.1365,51.42376],[7.136143,51.424509],[7.137553,51.425283],[7.142194,51.42349],[7.143764,51.42315],[7.14633,51.421896],[7.148889,51.419181],[7.149152,51.418358],[7.150023,51.418531],[7.150653,51.417022],[7.151507,51.416681],[7.153814,51.414651],[7.154338,51.414567],[7.154888,51.413747],[7.156032,51.414161],[7.156745,51.414164],[7.159679,51.414882],[7.159737,51.414649],[7.160771,51.415019],[7.160642,51.415162],[7.162013,51.415487],[7.161877,51.415737],[7.165651,51.416837],[7.167166,51.414366],[7.166453,51.414109],[7.166848,51.413502],[7.16952,51.414318],[7.170192,51.414174],[7.171638,51.414799],[7.173639,51.415021],[7.175662,51.41621],[7.175857,51.416081],[7.177268,51.416962],[7.176956,51.417182],[7.177282,51.417348],[7.176449,51.417939],[7.17891,51.419222],[7.178908,51.419372],[7.181845,51.419802],[7.183184,51.41981],[7.183618,51.419516],[7.184773,51.419382],[7.18478,51.419154],[7.185149,51.419144],[7.185489,51.418497],[7.187613,51.418715],[7.191526,51.417886],[7.193403,51.417939],[7.199165,51.418838],[7.203589,51.418442],[7.2082,51.417348],[7.212623,51.415338],[7.218226,51.413378],[7.221051,51.411996],[7.22552,51.41173],[7.228716,51.410453],[7.230412,51.410703],[7.233346,51.411637],[7.236537,51.412043],[7.240056,51.411976],[7.244788,51.411245],[7.247024,51.411218],[7.250529,51.411975],[7.252724,51.413573],[7.253813,51.413119],[7.255061,51.411703],[7.254692,51.411469],[7.255662,51.409925],[7.255794,51.409783],[7.256625,51.409776],[7.250238,51.406213],[7.251684,51.405165],[7.25157,51.40473],[7.251783,51.404112],[7.251488,51.403791],[7.252039,51.402274],[7.251083,51.402092],[7.250078,51.401239],[7.249394,51.401061],[7.247906,51.401259],[7.246766,51.401044],[7.247307,51.398695],[7.246678,51.398596],[7.246728,51.398119],[7.247342,51.398124],[7.247388,51.396695],[7.247175,51.39531],[7.246075,51.394891],[7.246377,51.39461],[7.248101,51.394758],[7.249587,51.393629],[7.248938,51.393447],[7.249074,51.392447],[7.248555,51.391681],[7.249396,51.389678],[7.252477,51.39061],[7.252965,51.389937],[7.253897,51.390233],[7.254258,51.390043],[7.254669,51.389325],[7.252742,51.388619],[7.254331,51.385565],[7.254574,51.38517],[7.256504,51.385699],[7.257161,51.385102],[7.255955,51.383361],[7.255285,51.38293],[7.255189,51.382026],[7.250417,51.37928],[7.246492,51.377699],[7.246354,51.377344],[7.24521,51.377031],[7.244999,51.376152],[7.244111,51.375836],[7.243568,51.375384],[7.242476,51.375182],[7.240863,51.375701],[7.238536,51.37596],[7.238077,51.375813],[7.23722,51.376354],[7.231226,51.374298],[7.230982,51.37458],[7.230227,51.374326],[7.230503,51.373986],[7.225208,51.372163],[7.224698,51.372634],[7.223775,51.372338],[7.224275,51.371913],[7.218792,51.369888],[7.2201,51.368917],[7.220859,51.367883],[7.221848,51.36753],[7.223575,51.367517],[7.225192,51.364701],[7.226202,51.364189],[7.227793,51.363923],[7.227843,51.36353],[7.228257,51.363326],[7.22825,51.362926],[7.229573,51.362549],[7.229553,51.362299],[7.229914,51.361915],[7.230317,51.361888],[7.230564,51.361536],[7.231764,51.361057],[7.232222,51.360118],[7.23223,51.359566],[7.230859,51.358529],[7.230576,51.357682],[7.231178,51.357575],[7.231998,51.356622],[7.231663,51.356018],[7.230843,51.355386],[7.231146,51.354762],[7.231826,51.354463],[7.233044,51.353445],[7.232613,51.352781],[7.232363,51.351573],[7.232619,51.350671],[7.233324,51.350137],[7.233054,51.349619],[7.232327,51.349167],[7.232074,51.348733],[7.232431,51.34786],[7.232251,51.346912],[7.231338,51.346424],[7.230998,51.346495],[7.229604,51.345656],[7.229621,51.344797],[7.230637,51.343773],[7.229763,51.343322],[7.229383,51.342738],[7.229431,51.342536],[7.229087,51.342234],[7.228084,51.341655],[7.227548,51.341623],[7.227326,51.341347],[7.227075,51.341428],[7.226898,51.340892],[7.227155,51.340013],[7.222345,51.339088],[7.220437,51.339977],[7.219237,51.339893],[7.217016,51.339206],[7.21734,51.338141],[7.217404,51.336982],[7.217004,51.336429],[7.215642,51.335678],[7.212617,51.334831],[7.211527,51.333952],[7.21042,51.333654],[7.20901,51.332153],[7.206757,51.331089],[7.206623,51.330687],[7.206135,51.330258],[7.205852,51.328205],[7.20524,51.327576],[7.204526,51.327507],[7.203736,51.326738],[7.204207,51.326508],[7.204581,51.325599],[7.205175,51.325542],[7.206104,51.324864],[7.206349,51.323713],[7.20697,51.323195],[7.206708,51.322882],[7.205928,51.322916],[7.205006,51.322473],[7.204996,51.322114],[7.204592,51.321595],[7.205356,51.320965],[7.204868,51.320367],[7.200905,51.31868],[7.197355,51.317748],[7.196721,51.317684],[7.196606,51.318079],[7.195807,51.317857],[7.195274,51.317472],[7.195812,51.317158],[7.194751,51.316664],[7.194454,51.316746],[7.191165,51.316066],[7.190542,51.316112],[7.184256,51.314326],[7.181952,51.313221],[7.180282,51.312019],[7.180274,51.311625],[7.17891,51.310663],[7.178588,51.310715],[7.177913,51.31023],[7.177298,51.310086],[7.175776,51.309913],[7.175027,51.309955],[7.174716,51.310213],[7.172935,51.310103],[7.172892,51.310335],[7.172393,51.310666],[7.171723,51.310499],[7.171451,51.310607],[7.171374,51.310859],[7.170649,51.310992],[7.170285,51.312443],[7.167765,51.312634],[7.166782,51.313034],[7.166973,51.313302],[7.166619,51.313666],[7.166892,51.3138],[7.166789,51.314103],[7.167232,51.314514],[7.167116,51.314774],[7.167775,51.315149],[7.167481,51.315217],[7.1676,51.315362],[7.169004,51.316008],[7.169783,51.317352],[7.168835,51.317827],[7.168227,51.318723],[7.166902,51.319367],[7.165762,51.320442],[7.165953,51.320532],[7.165747,51.321087],[7.166003,51.321576],[7.165889,51.322114],[7.166034,51.322223],[7.165582,51.322537],[7.166153,51.323063],[7.166734,51.323201],[7.166271,51.323753],[7.166142,51.324225],[7.166739,51.324507],[7.166674,51.324711],[7.166872,51.324885],[7.166533,51.325553],[7.165334,51.326591],[7.164819,51.326708],[7.16417,51.327457]]]},"properties":{"name":"Hattingen","basis":"Auf der offiziellen Revierübersicht benannte oder innerhalb des kartierten Megaplexumrisses liegende Kommune; heutige Gemeindegrenze als geografische Liniengrundlage","boundary_role":"lore-municipality","source":"Code for Germany / Click That Hood","source_url":"https://github.com/codeforgermany/click_that_hood","boundary_review_status":"contextual","boundary_review_label":"Offizielle RRP-Karte abgeglichen; heutige Gemeindegeometrie nur als Liniengrundlage","entity_id":277,"description_preview":"Hattingen ist auf der offiziellen Revierübersicht als Stadt oder Kommune innerhalb des Rhein-Ruhr-Megaplexes verzeichnet.","description_full":"Hattingen ist auf der offiziellen Revierübersicht als Stadt oder Kommune innerhalb des Rhein-Ruhr-Megaplexes verzeichnet. Die Flächendarstellung folgt dem mit der offiziellen Shadowrun-Karte abgeglichenen Kommunenbestand. Die heutige Gemeindegeometrie dient ausschließlich als geografische Liniengrundlage; eine darüber hinausgehende eigene Stadtbeschreibung ist im zugeordneten Datenmaterial nicht eindeutig belegt.","editions":["SR6","SR4","SR5"],"sources":[{"bookId":"rrp-map-sr6","title":"Revierbericht 2082 – Karte","edition":"SR6","citation":"Revierübersicht: Stadt/Kommune Hattingen","purpose":"description"},{"bookId":"rrmp-sr4","title":"Rhein-Ruhr-Megaplex","edition":"SR4","citation":"RRP-Kapitel: Hattingen","purpose":"description"},{"bookId":"datapuls-adl-sr5","title":"Datapuls: ADL","edition":"SR5","citation":"RRP-Kapitel: Hattingen","purpose":"description"},{"bookId":"archive-sr5-datapuls-komplett","title":"Datapuls - Komplett","edition":"SR5","citation":"RRP-Kontextverweis: Hattingen","purpose":"description"},{"bookId":"archive-sr5-datapuls-adl-allianz-deutscher-l-nder","title":"Datapuls ADL (Allianz deutscher Länder)","edition":"SR5","citation":"RRP-Kontextverweis: Hattingen","purpose":"description"},{"bookId":"archive-sr5-datapuls-adl","title":"Datapuls ADL","edition":"SR5","citation":"RRP-Kontextverweis: Hattingen","purpose":"description"},{"bookId":"revierbericht-sr6","title":"Revierbericht 2082","edition":"SR6","citation":"RRP-Kontextverweis: Hattingen","purpose":"description"}]}},{"type":"Feature","geometry":{"type":"Polygon","coordinates":[[[7.153825,51.550992],[7.159995,51.550885],[7.160381,51.550136],[7.162688,51.550041],[7.163187,51.550426],[7.163605,51.550235],[7.164112,51.550906],[7.16579,51.551019],[7.166202,51.550802],[7.166343,51.550965],[7.166254,51.551267],[7.166496,51.551407],[7.166873,51.551122],[7.168007,51.551568],[7.168113,51.55171],[7.16787,51.552279],[7.168485,51.552255],[7.169339,51.551842],[7.169682,51.551514],[7.169467,51.55122],[7.169744,51.551105],[7.17055,51.551321],[7.17175,51.551167],[7.172765,51.551687],[7.173654,51.551207],[7.173909,51.551453],[7.174216,51.551454],[7.175259,51.55118],[7.175886,51.551409],[7.177273,51.552537],[7.177933,51.55269],[7.178636,51.552332],[7.179882,51.552448],[7.179709,51.552667],[7.19693,51.556901],[7.205785,51.56011],[7.206318,51.560232],[7.207181,51.559378],[7.207921,51.559265],[7.208458,51.559451],[7.208575,51.559273],[7.209257,51.559481],[7.209472,51.559238],[7.212737,51.560218],[7.215842,51.560784],[7.215277,51.561922],[7.221451,51.563114],[7.225981,51.564559],[7.22986,51.566623],[7.234018,51.570011],[7.235932,51.571217],[7.23843,51.57225],[7.242664,51.57334],[7.243176,51.572832],[7.243037,51.572736],[7.243261,51.572108],[7.242484,51.571747],[7.243122,51.571454],[7.242799,51.570983],[7.243131,51.570838],[7.243093,51.569878],[7.244982,51.570485],[7.245366,51.569596],[7.247174,51.569248],[7.2477,51.56964],[7.248218,51.566147],[7.249694,51.565901],[7.249509,51.565548],[7.24965,51.564775],[7.253927,51.565049],[7.254184,51.564798],[7.264178,51.568578],[7.266059,51.566703],[7.264908,51.566147],[7.264998,51.565757],[7.264546,51.565411],[7.264898,51.563905],[7.264336,51.563208],[7.263396,51.56275],[7.262744,51.560202],[7.263635,51.560352],[7.265017,51.561274],[7.266389,51.559916],[7.26922,51.559969],[7.269284,51.55964],[7.271404,51.559525],[7.271898,51.559989],[7.272486,51.559397],[7.271787,51.55817],[7.271209,51.557769],[7.272921,51.556754],[7.273718,51.556572],[7.273802,51.555549],[7.282494,51.556008],[7.283252,51.552958],[7.284702,51.553253],[7.284895,51.551811],[7.285852,51.549507],[7.285384,51.547501],[7.285442,51.545865],[7.286184,51.545506],[7.288523,51.54588],[7.288333,51.545476],[7.290729,51.54592],[7.290746,51.545785],[7.290356,51.545687],[7.290962,51.54413],[7.292266,51.544478],[7.29251,51.543858],[7.292859,51.543763],[7.292778,51.543415],[7.292063,51.543101],[7.292228,51.542523],[7.292977,51.542255],[7.294426,51.542621],[7.295575,51.541875],[7.296401,51.541707],[7.296454,51.541239],[7.29622,51.540713],[7.296444,51.540631],[7.29598,51.540517],[7.296133,51.540173],[7.295924,51.539983],[7.296501,51.538476],[7.295527,51.537032],[7.295416,51.535071],[7.294354,51.534379],[7.293528,51.534412],[7.293062,51.53407],[7.293999,51.533234],[7.294182,51.532244],[7.294791,51.531364],[7.291283,51.529869],[7.290809,51.529826],[7.290833,51.529553],[7.290576,51.529535],[7.290683,51.528736],[7.290335,51.528711],[7.290393,51.528397],[7.289064,51.527643],[7.288633,51.527626],[7.288485,51.526523],[7.285491,51.526476],[7.285243,51.526168],[7.285168,51.524957],[7.282816,51.524529],[7.28111,51.52482],[7.28055,51.524838],[7.28053,51.524687],[7.278484,51.524851],[7.274267,51.524117],[7.271204,51.524937],[7.26894,51.525113],[7.26824,51.52547],[7.266944,51.525669],[7.264758,51.525674],[7.264204,51.525907],[7.26265,51.525915],[7.260619,51.526258],[7.260454,51.526022],[7.257347,51.526915],[7.257604,51.527187],[7.256588,51.527406],[7.256327,51.527147],[7.256274,51.526724],[7.255784,51.526348],[7.25561,51.525828],[7.254742,51.525337],[7.255266,51.525221],[7.254979,51.524797],[7.254826,51.523899],[7.255114,51.523166],[7.254787,51.522604],[7.254955,51.521977],[7.25479,51.521439],[7.255337,51.521378],[7.255436,51.520005],[7.254016,51.519842],[7.252312,51.519993],[7.252158,51.52106],[7.252676,51.521894],[7.251776,51.52276],[7.25053,51.523126],[7.24979,51.524228],[7.248238,51.52353],[7.248602,51.52284],[7.248273,51.522005],[7.247859,51.521575],[7.243086,51.521035],[7.240904,51.521224],[7.23797,51.520437],[7.238091,51.520053],[7.238641,51.520095],[7.239207,51.519645],[7.238733,51.519371],[7.238379,51.518619],[7.237779,51.518575],[7.237863,51.518143],[7.237214,51.518036],[7.237288,51.518308],[7.237047,51.518661],[7.235838,51.519273],[7.234024,51.519608],[7.233062,51.51865],[7.232755,51.518021],[7.231547,51.51801],[7.230358,51.517703],[7.229767,51.518395],[7.228824,51.517729],[7.227652,51.51728],[7.226699,51.518813],[7.225408,51.518627],[7.224985,51.519155],[7.224711,51.519067],[7.224361,51.519409],[7.221769,51.518676],[7.221825,51.519519],[7.220158,51.519242],[7.218886,51.52086],[7.21433,51.519439],[7.207024,51.518249],[7.205821,51.517875],[7.205552,51.518167],[7.206155,51.521731],[7.203915,51.521364],[7.203539,51.521848],[7.202347,51.521842],[7.19901,51.520718],[7.199152,51.520417],[7.197293,51.519939],[7.197642,51.518831],[7.19802,51.518769],[7.197212,51.518401],[7.197299,51.518162],[7.190873,51.517073],[7.190576,51.514472],[7.190414,51.514446],[7.190391,51.514121],[7.19058,51.514091],[7.189996,51.511708],[7.189862,51.509472],[7.187572,51.508739],[7.186493,51.508624],[7.186418,51.508988],[7.185463,51.508936],[7.185807,51.507378],[7.182109,51.507272],[7.171581,51.504563],[7.169385,51.504307],[7.167663,51.504525],[7.166355,51.504992],[7.160774,51.508755],[7.160446,51.50629],[7.158753,51.50715],[7.15583,51.506511],[7.156094,51.506224],[7.153608,51.506005],[7.153296,51.504927],[7.152576,51.50434],[7.152638,51.50382],[7.15234,51.503102],[7.151615,51.503461],[7.150223,51.505273],[7.149897,51.505197],[7.149785,51.505372],[7.145195,51.50476],[7.144865,51.505467],[7.143323,51.504935],[7.14184,51.505967],[7.141014,51.505507],[7.140467,51.505901],[7.139527,51.505507],[7.138283,51.507705],[7.137423,51.508677],[7.143224,51.512663],[7.143039,51.512875],[7.144121,51.51346],[7.138294,51.516804],[7.138199,51.517095],[7.13867,51.518595],[7.13878,51.520982],[7.138469,51.522438],[7.137814,51.523579],[7.137682,51.524179],[7.131526,51.533683],[7.128526,51.537537],[7.129061,51.537733],[7.126898,51.540447],[7.129969,51.540929],[7.129231,51.542488],[7.128243,51.542761],[7.127459,51.543821],[7.124768,51.546617],[7.123609,51.546862],[7.124451,51.547872],[7.124902,51.550067],[7.124232,51.551988],[7.124948,51.551898],[7.125495,51.552156],[7.126528,51.55181],[7.126852,51.552008],[7.127719,51.552073],[7.129212,51.551719],[7.129444,51.551755],[7.129417,51.552338],[7.130563,51.552138],[7.13118,51.552467],[7.132083,51.55218],[7.133306,51.552581],[7.133724,51.552915],[7.134263,51.552531],[7.135667,51.552838],[7.13674,51.552472],[7.137179,51.552833],[7.139506,51.55226],[7.139632,51.552022],[7.141683,51.552142],[7.14287,51.55189],[7.143298,51.552057],[7.143076,51.552261],[7.143634,51.552436],[7.151223,51.550994],[7.152253,51.551282],[7.153825,51.550992]]]},"properties":{"name":"Herne","basis":"Auf der offiziellen Revierübersicht benannte oder innerhalb des kartierten Megaplexumrisses liegende Kommune; heutige Gemeindegrenze als geografische Liniengrundlage","boundary_role":"lore-municipality","source":"Code for Germany / Click That Hood","source_url":"https://github.com/codeforgermany/click_that_hood","boundary_review_status":"contextual","boundary_review_label":"Offizielle RRP-Karte abgeglichen; heutige Gemeindegeometrie nur als Liniengrundlage","entity_id":278,"description_preview":"Herne ist auf der offiziellen Revierübersicht als Stadt oder Kommune innerhalb des Rhein-Ruhr-Megaplexes verzeichnet.","description_full":"Herne ist auf der offiziellen Revierübersicht als Stadt oder Kommune innerhalb des Rhein-Ruhr-Megaplexes verzeichnet. Die Flächendarstellung folgt dem mit der offiziellen Shadowrun-Karte abgeglichenen Kommunenbestand. Die heutige Gemeindegeometrie dient ausschließlich als geografische Liniengrundlage; eine darüber hinausgehende eigene Stadtbeschreibung ist im zugeordneten Datenmaterial nicht eindeutig belegt.","editions":["SR6","SR1","SR2","SR4","SR5"],"sources":[{"bookId":"rrp-map-sr6","title":"Revierbericht 2082 – Karte","edition":"SR6","citation":"Revierübersicht: Stadt/Kommune Herne","purpose":"description"},{"bookId":"dids-sr1","title":"Deutschland in den Schatten","edition":"SR1","citation":"RRP-Kapitel: Herne","purpose":"description"},{"bookId":"dids-sr2","title":"Deutschland in den Schatten","edition":"SR2","citation":"RRP-Kapitel: Herne","purpose":"description"},{"bookId":"rrmp-sr4","title":"Rhein-Ruhr-Megaplex","edition":"SR4","citation":"RRP-Kapitel: Herne","purpose":"description"},{"bookId":"datapuls-adl-sr5","title":"Datapuls: ADL","edition":"SR5","citation":"RRP-Kapitel: Herne","purpose":"description"}]}},{"type":"Feature","geometry":{"type":"Polygon","coordinates":[[[7.153825,51.550992],[7.152253,51.551282],[7.151223,51.550994],[7.144581,51.552345],[7.143362,51.556171],[7.14272,51.557433],[7.141562,51.558919],[7.14066,51.561206],[7.139204,51.563633],[7.13901,51.56513],[7.138391,51.567332],[7.136757,51.570347],[7.137389,51.572045],[7.136127,51.574113],[7.135282,51.573941],[7.134279,51.57423],[7.131663,51.574509],[7.130321,51.575183],[7.129951,51.575773],[7.12939,51.576147],[7.128379,51.576152],[7.128069,51.576681],[7.12685,51.577075],[7.126905,51.5774],[7.127557,51.577848],[7.126455,51.578081],[7.124932,51.57805],[7.124932,51.578224],[7.128221,51.578281],[7.126853,51.57985],[7.125929,51.581846],[7.12472,51.583528],[7.122247,51.585589],[7.12178,51.585827],[7.120059,51.586118],[7.119811,51.586319],[7.119664,51.586006],[7.118869,51.585582],[7.118561,51.585666],[7.118306,51.586325],[7.117027,51.586206],[7.116945,51.587378],[7.116023,51.58755],[7.115684,51.588528],[7.113955,51.588609],[7.111351,51.590914],[7.105295,51.594073],[7.104853,51.594266],[7.103525,51.594162],[7.103372,51.593248],[7.099232,51.592704],[7.098937,51.59302],[7.097428,51.5928],[7.097273,51.593566],[7.091075,51.592799],[7.089973,51.590755],[7.075818,51.588037],[7.074962,51.589993],[7.074601,51.590037],[7.074732,51.591562],[7.074607,51.591513],[7.074369,51.592809],[7.074568,51.594861],[7.074661,51.595532],[7.075908,51.595728],[7.07548,51.597323],[7.07572,51.597827],[7.076013,51.600586],[7.077574,51.605408],[7.075046,51.606496],[7.074371,51.605892],[7.073426,51.609292],[7.071928,51.61034],[7.071465,51.611286],[7.069258,51.613049],[7.069281,51.613257],[7.067972,51.614119],[7.067541,51.614721],[7.06767,51.614737],[7.066775,51.615056],[7.06663,51.615459],[7.066989,51.615769],[7.066765,51.615828],[7.067273,51.618947],[7.068194,51.620902],[7.069904,51.623681],[7.074317,51.622154],[7.077036,51.622619],[7.07856,51.623075],[7.085109,51.625402],[7.08575,51.624478],[7.085672,51.62398],[7.085819,51.62399],[7.088131,51.624713],[7.087896,51.625018],[7.092971,51.626434],[7.095953,51.626953],[7.097152,51.625414],[7.099974,51.626681],[7.105235,51.628522],[7.107181,51.624808],[7.109643,51.625258],[7.110999,51.626077],[7.112293,51.626514],[7.116228,51.62715],[7.116457,51.626058],[7.11678,51.625678],[7.120569,51.625801],[7.121906,51.626575],[7.122142,51.627685],[7.121477,51.628103],[7.121675,51.628605],[7.123634,51.627446],[7.124098,51.627715],[7.123167,51.62854],[7.124066,51.628776],[7.124349,51.628558],[7.124807,51.628545],[7.125182,51.629018],[7.125227,51.629601],[7.12647,51.629519],[7.128546,51.629846],[7.131676,51.631303],[7.133641,51.632358],[7.134022,51.633013],[7.134049,51.633462],[7.134753,51.63415],[7.139516,51.633323],[7.142893,51.632409],[7.149596,51.629149],[7.154025,51.627263],[7.154285,51.627306],[7.154592,51.626775],[7.155727,51.6262],[7.15755,51.626611],[7.158144,51.622286],[7.159554,51.620597],[7.163254,51.614576],[7.16355,51.613506],[7.163387,51.613483],[7.163354,51.613079],[7.1637,51.613072],[7.163599,51.61183],[7.159444,51.611936],[7.159407,51.610835],[7.160626,51.610019],[7.161149,51.609047],[7.161205,51.608649],[7.160668,51.606262],[7.161849,51.604633],[7.162533,51.604186],[7.163585,51.603923],[7.163685,51.603684],[7.163351,51.603578],[7.164533,51.602254],[7.164954,51.60138],[7.167051,51.60174],[7.168733,51.599356],[7.172263,51.597737],[7.170122,51.596775],[7.16884,51.595844],[7.168234,51.595046],[7.167723,51.591999],[7.167178,51.586627],[7.166044,51.583971],[7.166914,51.58388],[7.16793,51.584048],[7.168393,51.581175],[7.168164,51.580917],[7.168129,51.580475],[7.168546,51.580208],[7.16947,51.577059],[7.171408,51.572593],[7.175397,51.559244],[7.177607,51.55471],[7.179882,51.552448],[7.178636,51.552332],[7.177933,51.55269],[7.177273,51.552537],[7.175886,51.551409],[7.175259,51.55118],[7.174216,51.551454],[7.173909,51.551453],[7.173654,51.551207],[7.172765,51.551687],[7.17175,51.551167],[7.17055,51.551321],[7.169806,51.551097],[7.169467,51.55122],[7.169682,51.551514],[7.169339,51.551842],[7.168485,51.552255],[7.167835,51.552276],[7.168113,51.55171],[7.168007,51.551568],[7.166873,51.551122],[7.166496,51.551407],[7.166254,51.551267],[7.166343,51.550965],[7.166202,51.550802],[7.16579,51.551019],[7.164112,51.550906],[7.163605,51.550235],[7.163187,51.550426],[7.162688,51.550041],[7.160381,51.550136],[7.159995,51.550885],[7.153825,51.550992]]]},"properties":{"name":"Herten","basis":"Auf der offiziellen Revierübersicht benannte oder innerhalb des kartierten Megaplexumrisses liegende Kommune; heutige Gemeindegrenze als geografische Liniengrundlage","boundary_role":"lore-municipality","source":"Code for Germany / Click That Hood","source_url":"https://github.com/codeforgermany/click_that_hood","boundary_review_status":"contextual","boundary_review_label":"Offizielle RRP-Karte abgeglichen; heutige Gemeindegeometrie nur als Liniengrundlage","entity_id":279,"description_preview":"Herten ist auf der offiziellen Revierübersicht als Stadt oder Kommune innerhalb des Rhein-Ruhr-Megaplexes verzeichnet.","description_full":"Herten ist auf der offiziellen Revierübersicht als Stadt oder Kommune innerhalb des Rhein-Ruhr-Megaplexes verzeichnet. Die Flächendarstellung folgt dem mit der offiziellen Shadowrun-Karte abgeglichenen Kommunenbestand. Die heutige Gemeindegeometrie dient ausschließlich als geografische Liniengrundlage; eine darüber hinausgehende eigene Stadtbeschreibung ist im zugeordneten Datenmaterial nicht eindeutig belegt.","editions":["SR6","SR1","SR2","SR3","SR4","SR5"],"sources":[{"bookId":"rrp-map-sr6","title":"Revierbericht 2082 – Karte","edition":"SR6","citation":"Revierübersicht: Stadt/Kommune Herten","purpose":"description"},{"bookId":"dids-sr1","title":"Deutschland in den Schatten","edition":"SR1","citation":"RRP-Kapitel: Herten","purpose":"description"},{"bookId":"dids-sr2","title":"Deutschland in den Schatten","edition":"SR2","citation":"RRP-Kapitel: Herten","purpose":"description"},{"bookId":"dids2-sr3","title":"Deutschland in den Schatten II","edition":"SR3","citation":"RRP-Kapitel: Herten","purpose":"description"},{"bookId":"rrmp-sr4","title":"Rhein-Ruhr-Megaplex","edition":"SR4","citation":"RRP-Kapitel: Herten","purpose":"description"},{"bookId":"datapuls-adl-sr5","title":"Datapuls: ADL","edition":"SR5","citation":"RRP-Kapitel: Herten","purpose":"description"},{"bookId":"archive-sr2-chrom-dioxin","title":"Chrom & Dioxin","edition":"SR2","citation":"RRP-Kontextverweis: Herten","purpose":"description"},{"bookId":"archive-sr2-schlagschatten","title":"Schlagschatten","edition":"SR2","citation":"RRP-Kontextverweis: Herten","purpose":"description"},{"bookId":"archive-sr2-walzer-punks-schwarzes-ice","title":"Walzer, Punks & Schwarzes Ice","edition":"SR2","citation":"RRP-Kontextverweis: Herten","purpose":"description"},{"bookId":"archive-sr3-brennpunkt-adl","title":"Brennpunkt ADL","edition":"SR3","citation":"RRP-Kontextverweis: Herten","purpose":"description"},{"bookId":"archive-sr3-europa-in-den-schatten","title":"Europa in den Schatten","edition":"SR3","citation":"RRP-Kontextverweis: Herten","purpose":"description"},{"bookId":"archive-sr3-joe-2060-inoffiziell","title":"Joe 2060 (inoffiziell)","edition":"SR3","citation":"RRP-Kontextverweis: Herten","purpose":"description"},{"bookId":"archive-sr3-schockwellen","title":"Schockwellen","edition":"SR3","citation":"RRP-Kontextverweis: Herten","purpose":"description"},{"bookId":"archive-sr4-almanach-der-sechsten-welt","title":"Almanach der Sechsten Welt","edition":"SR4","citation":"RRP-Kontextverweis: Herten","purpose":"description"},{"bookId":"archive-sr4-berlin","title":"Berlin","edition":"SR4","citation":"RRP-Kontextverweis: Herten","purpose":"description"},{"bookId":"archive-sr4-blut-spiele","title":"Blut & Spiele","edition":"SR4","citation":"RRP-Kontextverweis: Herten","purpose":"description"},{"bookId":"archive-sr4-drachenbrut","title":"Drachenbrut","edition":"SR4","citation":"RRP-Kontextverweis: Herten","purpose":"description"},{"bookId":"archive-sr4-emergenz-digitales-erwachen","title":"Emergenz - Digitales Erwachen","edition":"SR4","citation":"RRP-Kontextverweis: Herten","purpose":"description"},{"bookId":"archive-sr4-konzernenklaven","title":"Konzernenklaven","edition":"SR4","citation":"RRP-Kontextverweis: Herten","purpose":"description"},{"bookId":"archive-sr4-machtspiele-handbuch-f-r-spione","title":"Machtspiele - Handbuch für Spione","edition":"SR4","citation":"RRP-Kontextverweis: Herten","purpose":"description"},{"bookId":"archive-sr4-reisef-hrer-in-die-deutschen-schatten","title":"Reiseführer in die deutschen Schatten","edition":"SR4","citation":"RRP-Kontextverweis: Herten","purpose":"description"},{"bookId":"archive-sr4-strassenlegenden","title":"Strassenlegenden","edition":"SR4","citation":"RRP-Kontextverweis: Herten","purpose":"description"},{"bookId":"archive-sr4-systemausfall","title":"Systemausfall","edition":"SR4","citation":"RRP-Kontextverweis: Herten","purpose":"description"},{"bookId":"archive-sr4-unterwelten","title":"Unterwelten","edition":"SR4","citation":"RRP-Kontextverweis: Herten","purpose":"description"},{"bookId":"archive-sr4-verschw-rungstheorien","title":"Verschwörungstheorien","edition":"SR4","citation":"RRP-Kontextverweis: Herten","purpose":"description"},{"bookId":"archive-sr4-shadowrun-4d-geisterkartelle","title":"Shadowrun 4D Geisterkartelle","edition":"SR4","citation":"RRP-Kontextverweis: Herten","purpose":"description"},{"bookId":"archive-sr4-shadowrun-4d-konzerndossier","title":"Shadowrun 4D Konzerndossier","edition":"SR4","citation":"RRP-Kontextverweis: Herten","purpose":"description"},{"bookId":"archive-sr5-anarchy","title":"Anarchy","edition":"SR5","citation":"RRP-Kontextverweis: Herten","purpose":"description"},{"bookId":"archive-sr5-auf-dunklen-pfaden","title":"Auf dunklen Pfaden","edition":"SR5","citation":"RRP-Kontextverweis: Herten","purpose":"description"},{"bookId":"archive-sr5-blutige-gesch-fte","title":"Blutige Geschäfte","edition":"SR5","citation":"RRP-Kontextverweis: Herten","purpose":"description"},{"bookId":"archive-sr5-datenpfade","title":"Datenpfade","edition":"SR5","citation":"RRP-Kontextverweis: Herten","purpose":"description"},{"bookId":"archive-sr5-gestohlene-seelen","title":"Gestohlene Seelen","edition":"SR5","citation":"RRP-Kontextverweis: Herten","purpose":"description"},{"bookId":"archive-sr5-grundregelwerk-auflage-2","title":"Grundregelwerk (Auflage 2)","edition":"SR5","citation":"RRP-Kontextverweis: Herten","purpose":"description"},{"bookId":"archive-sr5-grundregelwerk-auflage-4","title":"Grundregelwerk (Auflage 4)","edition":"SR5","citation":"RRP-Kontextverweis: Herten","purpose":"description"},{"bookId":"archive-sr5-grundregelwerk-auflage-6","title":"Grundregelwerk (Auflage 6)","edition":"SR5","citation":"RRP-Kontextverweis: Herten","purpose":"description"},{"bookId":"archive-sr5-im-bann-der-karten","title":"Im Bann der Karten","edition":"SR5","citation":"RRP-Kontextverweis: Herten","purpose":"description"},{"bookId":"archive-sr5-im-herz-der-dunkelheit","title":"Im Herz der Dunkelheit","edition":"SR5","citation":"RRP-Kontextverweis: Herten","purpose":"description"},{"bookId":"archive-sr5-lifestyle-2080","title":"Lifestyle 2080","edition":"SR5","citation":"RRP-Kontextverweis: Herten","purpose":"description"},{"bookId":"archive-sr5-megakons-2078","title":"Megakons 2078","edition":"SR5","citation":"RRP-Kontextverweis: Herten","purpose":"description"},{"bookId":"archive-sr5-neo-anarchistische-enzyklop-die","title":"Neo-Anarchistische Enzyklopädie","edition":"SR5","citation":"RRP-Kontextverweis: Herten","purpose":"description"},{"bookId":"archive-sr5-schattenhelden","title":"Schattenhelden","edition":"SR5","citation":"RRP-Kontextverweis: Herten","purpose":"description"},{"bookId":"archive-sr5-state-of-the-art-adl","title":"State of the Art ADL","edition":"SR5","citation":"RRP-Kontextverweis: Herten","purpose":"description"},{"bookId":"archive-sr5-datapuls-komplett","title":"Datapuls - Komplett","edition":"SR5","citation":"RRP-Kontextverweis: Herten","purpose":"description"},{"bookId":"archive-sr5-datapuls-adl-allianz-deutscher-l-nder","title":"Datapuls ADL (Allianz deutscher Länder)","edition":"SR5","citation":"RRP-Kontextverweis: Herten","purpose":"description"},{"bookId":"archive-sr5-datapuls-adl","title":"Datapuls ADL","edition":"SR5","citation":"RRP-Kontextverweis: Herten","purpose":"description"},{"bookId":"archive-sr5-datapuls-hamburg","title":"Datapuls Hamburg","edition":"SR5","citation":"RRP-Kontextverweis: Herten","purpose":"description"},{"bookId":"archive-sr5-novapuls-76-12-25-024-extrapuls","title":"Novapuls 76-12-25 - 024 Extrapuls","edition":"SR5","citation":"RRP-Kontextverweis: Herten","purpose":"description"},{"bookId":"archive-sr5-novapuls-78-12-18-048-extrapuls","title":"Novapuls 78-12-18 - 048 Extrapuls","edition":"SR5","citation":"RRP-Kontextverweis: Herten","purpose":"description"},{"bookId":"archive-sr5-hamburgpaket-hamburg","title":"Hamburgpaket - Hamburg","edition":"SR5","citation":"RRP-Kontextverweis: Herten","purpose":"description"},{"bookId":"archive-sr6-budenzauber-oef","title":"Budenzauber [OEF]","edition":"SR6","citation":"RRP-Kontextverweis: Herten","purpose":"description"},{"bookId":"archive-sr6-domino-effekt-download","title":"Domino-Effekt-Download","edition":"SR6","citation":"RRP-Kontextverweis: Herten","purpose":"description"},{"bookId":"archive-sr6-vendetta-oef","title":"Vendetta [OEF]","edition":"SR6","citation":"RRP-Kontextverweis: Herten","purpose":"description"},{"bookId":"archive-sr6-datapuls-10-konzerne","title":"Datapuls - 10 Konzerne","edition":"SR6","citation":"RRP-Kontextverweis: Herten","purpose":"description"},{"bookId":"archive-sr6-datapuls-fbv-v2","title":"Datapuls - FBV [v2]","edition":"SR6","citation":"RRP-Kontextverweis: Herten","purpose":"description"},{"bookId":"archive-sr6-datapuls-kunstraub","title":"Datapuls - Kunstraub","edition":"SR6","citation":"RRP-Kontextverweis: Herten","purpose":"description"},{"bookId":"archive-sr6-datapuls-magische-orte","title":"Datapuls - Magische Orte","edition":"SR6","citation":"RRP-Kontextverweis: Herten","purpose":"description"},{"bookId":"archive-sr6-datapuls-sota-2081","title":"Datapuls - SOTA 2081","edition":"SR6","citation":"RRP-Kontextverweis: Herten","purpose":"description"},{"bookId":"archive-sr6-datapuls-sota-2082","title":"Datapuls - SOTA 2082","edition":"SR6","citation":"RRP-Kontextverweis: Herten","purpose":"description"},{"bookId":"archive-sr6-f-rchte-das-dunkel","title":"Fürchte das Dunkel","edition":"SR6","citation":"RRP-Kontextverweis: Herten","purpose":"description"},{"bookId":"archive-sr6-hinter-dem-vorhang","title":"Hinter dem Vorhang","edition":"SR6","citation":"RRP-Kontextverweis: Herten","purpose":"description"},{"bookId":"archive-sr6-konzerngewalten","title":"Konzerngewalten","edition":"SR6","citation":"RRP-Kontextverweis: Herten","purpose":"description"},{"bookId":"archive-sr6-neo-anarchistische-enzyklopdie","title":"Neo Anarchistische Enzyklopdie","edition":"SR6","citation":"RRP-Kontextverweis: Herten","purpose":"description"},{"bookId":"archive-sr6-neo-asphalt-dschungel","title":"Neo Asphalt Dschungel","edition":"SR6","citation":"RRP-Kontextverweis: Herten","purpose":"description"},{"bookId":"archive-sr6-phantome","title":"Phantome","edition":"SR6","citation":"RRP-Kontextverweis: Herten","purpose":"description"},{"bookId":"revierbericht-sr6","title":"Revierbericht 2082","edition":"SR6","citation":"RRP-Kontextverweis: Herten","purpose":"description"},{"bookId":"archive-sr6-schlagschatten","title":"Schlagschatten","edition":"SR6","citation":"RRP-Kontextverweis: Herten","purpose":"description"},{"bookId":"archive-sr6-t-dliche-ernte","title":"Tödliche Ernte","edition":"SR6","citation":"RRP-Kontextverweis: Herten","purpose":"description"},{"bookId":"archive-sr6-weise-worte","title":"Weise Worte","edition":"SR6","citation":"RRP-Kontextverweis: Herten","purpose":"description"},{"bookId":"archive-sr6-geschmeidige-gesch-fte","title":"Geschmeidige Geschäfte","edition":"SR6","citation":"RRP-Kontextverweis: Herten","purpose":"description"},{"bookId":"archive-sr6-grundregelwerk-2024","title":"Grundregelwerk 2024","edition":"SR6","citation":"RRP-Kontextverweis: Herten","purpose":"description"}]}},{"type":"Feature","geometry":{"type":"Polygon","coordinates":[[[6.898253,51.158751],[6.898242,51.163921],[6.896908,51.164549],[6.89847,51.167021],[6.900198,51.167147],[6.898808,51.172478],[6.895831,51.173344],[6.89538,51.17367],[6.899248,51.174409],[6.900662,51.174853],[6.904172,51.176685],[6.904652,51.176432],[6.905778,51.176698],[6.904852,51.177225],[6.914563,51.178741],[6.914229,51.181069],[6.912575,51.180872],[6.910811,51.183775],[6.910276,51.18719],[6.910413,51.187307],[6.910272,51.18742],[6.913051,51.188207],[6.914174,51.188252],[6.914626,51.187302],[6.916504,51.187388],[6.920529,51.18896],[6.920335,51.189233],[6.91561,51.192106],[6.91724,51.192194],[6.917143,51.192432],[6.917636,51.192523],[6.921312,51.192657],[6.921264,51.192818],[6.931356,51.193502],[6.93479,51.194207],[6.935885,51.194793],[6.936527,51.195401],[6.936281,51.195485],[6.93672,51.195838],[6.936825,51.197676],[6.937162,51.197924],[6.938257,51.197817],[6.939056,51.197021],[6.939849,51.196549],[6.941219,51.195994],[6.94249,51.195751],[6.943728,51.195862],[6.944067,51.197611],[6.947423,51.196613],[6.952238,51.197342],[6.959373,51.19797],[6.959864,51.197551],[6.962749,51.197669],[6.963427,51.197313],[6.963302,51.197013],[6.966999,51.196395],[6.967988,51.196561],[6.969713,51.19628],[6.970225,51.195854],[6.971027,51.195912],[6.970222,51.194961],[6.968891,51.194242],[6.967425,51.194355],[6.967344,51.19288],[6.966321,51.191646],[6.966629,51.191324],[6.972102,51.191932],[6.975402,51.191958],[6.976779,51.191256],[6.977894,51.190983],[6.981532,51.179061],[6.981951,51.178737],[6.981608,51.178125],[6.98249,51.177598],[6.981687,51.176897],[6.981879,51.176829],[6.981534,51.175679],[6.982019,51.175744],[6.981091,51.174657],[6.981698,51.174567],[6.981514,51.173433],[6.981087,51.173272],[6.981131,51.17233],[6.983455,51.172186],[6.98528,51.172401],[6.985177,51.172124],[6.98575,51.172149],[6.986194,51.171939],[6.986106,51.171544],[6.986351,51.171043],[6.984718,51.167335],[6.983954,51.167367],[6.982382,51.16572],[6.965146,51.166695],[6.960712,51.164389],[6.95939,51.163926],[6.960541,51.161937],[6.9608,51.161087],[6.959747,51.16034],[6.958795,51.157024],[6.955488,51.157426],[6.951699,51.148921],[6.951092,51.146951],[6.947507,51.146601],[6.947421,51.145936],[6.941105,51.146135],[6.939654,51.145531],[6.938184,51.144481],[6.938067,51.144325],[6.938211,51.144139],[6.937844,51.144003],[6.936095,51.143651],[6.935063,51.143831],[6.934781,51.144198],[6.929721,51.14297],[6.931351,51.140501],[6.923265,51.140505],[6.923424,51.142261],[6.921077,51.14249],[6.919869,51.1411],[6.917726,51.140924],[6.9173,51.141682],[6.915449,51.142581],[6.913948,51.144727],[6.911477,51.146621],[6.910097,51.146049],[6.908827,51.146182],[6.9076,51.147433],[6.907609,51.14766],[6.906659,51.148034],[6.90651,51.148925],[6.905854,51.150442],[6.902626,51.151348],[6.90014,51.151608],[6.89889,51.152082],[6.895316,51.154163],[6.894086,51.155028],[6.893389,51.156105],[6.892798,51.15663],[6.891357,51.157377],[6.891259,51.158676],[6.890732,51.158933],[6.891345,51.159421],[6.892092,51.159258],[6.893466,51.159355],[6.89399,51.158926],[6.8965,51.158244],[6.89805,51.158453],[6.898253,51.158751]]]},"properties":{"name":"Hilden","basis":"Auf der offiziellen Revierübersicht benannte oder innerhalb des kartierten Megaplexumrisses liegende Kommune; heutige Gemeindegrenze als geografische Liniengrundlage","boundary_role":"lore-municipality","source":"Code for Germany / Click That Hood","source_url":"https://github.com/codeforgermany/click_that_hood","boundary_review_status":"contextual","boundary_review_label":"Offizielle RRP-Karte abgeglichen; heutige Gemeindegeometrie nur als Liniengrundlage","entity_id":280,"description_preview":"Hilden ist auf der offiziellen Revierübersicht als Stadt oder Kommune innerhalb des Rhein-Ruhr-Megaplexes verzeichnet.","description_full":"Hilden ist auf der offiziellen Revierübersicht als Stadt oder Kommune innerhalb des Rhein-Ruhr-Megaplexes verzeichnet. Die Flächendarstellung folgt dem mit der offiziellen Shadowrun-Karte abgeglichenen Kommunenbestand. Die heutige Gemeindegeometrie dient ausschließlich als geografische Liniengrundlage; eine darüber hinausgehende eigene Stadtbeschreibung ist im zugeordneten Datenmaterial nicht eindeutig belegt.","editions":["SR6","SR3","SR5","SR4"],"sources":[{"bookId":"rrp-map-sr6","title":"Revierbericht 2082 – Karte","edition":"SR6","citation":"Revierübersicht: Stadt/Kommune Hilden","purpose":"description"},{"bookId":"dids2-sr3","title":"Deutschland in den Schatten II","edition":"SR3","citation":"RRP-Kapitel: Hilden","purpose":"description"},{"bookId":"datapuls-adl-sr5","title":"Datapuls: ADL","edition":"SR5","citation":"RRP-Kapitel: Hilden","purpose":"description"},{"bookId":"archive-sr3-schockwellen","title":"Schockwellen","edition":"SR3","citation":"RRP-Kontextverweis: Hilden","purpose":"description"},{"bookId":"archive-sr4-systemausfall","title":"Systemausfall","edition":"SR4","citation":"RRP-Kontextverweis: Hilden","purpose":"description"},{"bookId":"archive-sr5-gestohlene-seelen","title":"Gestohlene Seelen","edition":"SR5","citation":"RRP-Kontextverweis: Hilden","purpose":"description"},{"bookId":"archive-sr5-lifestyle-2080","title":"Lifestyle 2080","edition":"SR5","citation":"RRP-Kontextverweis: Hilden","purpose":"description"},{"bookId":"archive-sr5-megakons-2078","title":"Megakons 2078","edition":"SR5","citation":"RRP-Kontextverweis: Hilden","purpose":"description"},{"bookId":"archive-sr5-datapuls-komplett","title":"Datapuls - Komplett","edition":"SR5","citation":"RRP-Kontextverweis: Hilden","purpose":"description"},{"bookId":"archive-sr5-datapuls-adl-allianz-deutscher-l-nder","title":"Datapuls ADL (Allianz deutscher Länder)","edition":"SR5","citation":"RRP-Kontextverweis: Hilden","purpose":"description"},{"bookId":"archive-sr5-datapuls-adl","title":"Datapuls ADL","edition":"SR5","citation":"RRP-Kontextverweis: Hilden","purpose":"description"},{"bookId":"archive-sr6-t-dliche-ernte","title":"Tödliche Ernte","edition":"SR6","citation":"RRP-Kontextverweis: Hilden","purpose":"description"}]}},{"type":"Feature","geometry":{"type":"Polygon","coordinates":[[[7.596309,51.495935],[7.598169,51.496877],[7.597311,51.500609],[7.596997,51.505639],[7.596473,51.507605],[7.597954,51.507982],[7.606346,51.51133],[7.6189,51.517136],[7.633319,51.519205],[7.63794,51.520346],[7.639764,51.521172],[7.641375,51.520072],[7.64249,51.520323],[7.642573,51.520082],[7.643523,51.519624],[7.643619,51.518098],[7.64248,51.5155],[7.641482,51.514234],[7.641264,51.513487],[7.641428,51.513339],[7.640843,51.512958],[7.640714,51.512214],[7.640778,51.511762],[7.641021,51.511707],[7.641317,51.511196],[7.640985,51.511125],[7.641079,51.510886],[7.641867,51.509619],[7.642973,51.508598],[7.644229,51.508027],[7.647463,51.508261],[7.651133,51.508173],[7.651559,51.507745],[7.650454,51.506122],[7.649299,51.504839],[7.652615,51.503779],[7.651991,51.502764],[7.654233,51.502042],[7.653702,51.50024],[7.654292,51.499716],[7.654785,51.500379],[7.656945,51.498173],[7.657543,51.498409],[7.659062,51.496165],[7.660525,51.494893],[7.659882,51.494445],[7.663418,51.491558],[7.668455,51.492862],[7.6699,51.490654],[7.667654,51.490063],[7.667073,51.490846],[7.664462,51.49007],[7.665043,51.48931],[7.664693,51.489209],[7.665199,51.488658],[7.661967,51.48721],[7.662139,51.486697],[7.663059,51.48581],[7.658536,51.483901],[7.658845,51.483442],[7.659259,51.481756],[7.658535,51.480255],[7.65874,51.478826],[7.658553,51.478545],[7.658791,51.478262],[7.658509,51.478155],[7.659192,51.47725],[7.659852,51.476777],[7.659878,51.476338],[7.661808,51.474284],[7.662275,51.474407],[7.662803,51.47379],[7.661881,51.473445],[7.662066,51.473241],[7.661555,51.473049],[7.662201,51.472409],[7.658412,51.471161],[7.656874,51.470902],[7.655717,51.470489],[7.65985,51.468743],[7.663624,51.469369],[7.667363,51.469325],[7.671189,51.470103],[7.672945,51.467465],[7.664477,51.466122],[7.659118,51.466268],[7.655769,51.465728],[7.654044,51.464844],[7.653119,51.46384],[7.653027,51.462863],[7.653621,51.460861],[7.646391,51.460672],[7.640413,51.460295],[7.638061,51.459253],[7.637071,51.453715],[7.636016,51.452962],[7.63464,51.45237],[7.630041,51.451441],[7.629789,51.452],[7.629115,51.455651],[7.634139,51.457457],[7.634385,51.458024],[7.634555,51.459717],[7.634206,51.46052],[7.634355,51.460773],[7.633665,51.461715],[7.633729,51.461877],[7.632472,51.463026],[7.63231,51.463467],[7.630929,51.4638],[7.630597,51.464162],[7.629953,51.464094],[7.629293,51.464579],[7.628573,51.464758],[7.626569,51.464477],[7.625796,51.46492],[7.624625,51.465232],[7.623899,51.464913],[7.623603,51.464985],[7.621636,51.465858],[7.622007,51.46643],[7.620133,51.46682],[7.619214,51.466463],[7.617262,51.467116],[7.616913,51.467451],[7.616775,51.468015],[7.615184,51.468159],[7.614143,51.468459],[7.61278,51.46927],[7.611004,51.469744],[7.609972,51.469739],[7.609687,51.470107],[7.608787,51.469847],[7.60604,51.470166],[7.605221,51.47073],[7.605043,51.47195],[7.606841,51.473156],[7.606872,51.473942],[7.606417,51.474141],[7.604304,51.476169],[7.606079,51.477818],[7.6097,51.47988],[7.609489,51.480284],[7.608345,51.479696],[7.602887,51.488872],[7.602161,51.490668],[7.601122,51.490355],[7.600786,51.491015],[7.600099,51.491176],[7.598771,51.495075],[7.597595,51.496014],[7.596309,51.495935]]]},"properties":{"name":"Holzwickede","basis":"Auf der offiziellen Revierübersicht benannte oder innerhalb des kartierten Megaplexumrisses liegende Kommune; heutige Gemeindegrenze als geografische Liniengrundlage","boundary_role":"lore-municipality","source":"Code for Germany / Click That Hood","source_url":"https://github.com/codeforgermany/click_that_hood","boundary_review_status":"contextual","boundary_review_label":"Offizielle RRP-Karte abgeglichen; heutige Gemeindegeometrie nur als Liniengrundlage","entity_id":281,"description_preview":"Holzwickede ist auf der offiziellen Revierübersicht als Stadt oder Kommune innerhalb des Rhein-Ruhr-Megaplexes verzeichnet.","description_full":"Holzwickede ist auf der offiziellen Revierübersicht als Stadt oder Kommune innerhalb des Rhein-Ruhr-Megaplexes verzeichnet. Die Flächendarstellung folgt dem mit der offiziellen Shadowrun-Karte abgeglichenen Kommunenbestand. Die heutige Gemeindegeometrie dient ausschließlich als geografische Liniengrundlage; eine darüber hinausgehende eigene Stadtbeschreibung ist im zugeordneten Datenmaterial nicht eindeutig belegt.","editions":["SR6","SR1","SR2"],"sources":[{"bookId":"rrp-map-sr6","title":"Revierbericht 2082 – Karte","edition":"SR6","citation":"Revierübersicht: Stadt/Kommune Holzwickede","purpose":"description"},{"bookId":"dids-sr1","title":"Deutschland in den Schatten","edition":"SR1","citation":"RRP-Kapitel: Holzwickede","purpose":"description"},{"bookId":"dids-sr2","title":"Deutschland in den Schatten","edition":"SR2","citation":"RRP-Kapitel: Holzwickede","purpose":"description"}]}},{"type":"Feature","geometry":{"type":"Polygon","coordinates":[[[6.68138,51.698048],[6.682952,51.700222],[6.684134,51.70107],[6.68521,51.701409],[6.69073,51.702133],[6.696075,51.705363],[6.696396,51.705752],[6.694275,51.705739],[6.694546,51.706511],[6.695266,51.706938],[6.695064,51.707333],[6.695452,51.707704],[6.695293,51.708009],[6.695815,51.709135],[6.697557,51.711501],[6.700028,51.712639],[6.699337,51.713037],[6.699729,51.713388],[6.700475,51.713143],[6.700897,51.714153],[6.701545,51.713977],[6.70192,51.714145],[6.702452,51.713965],[6.70343,51.714064],[6.702143,51.711358],[6.70415,51.710948],[6.704664,51.711531],[6.705565,51.711278],[6.706048,51.71168],[6.706942,51.711308],[6.709302,51.712285],[6.710764,51.710911],[6.709972,51.710582],[6.712376,51.710326],[6.712787,51.710104],[6.712714,51.7093],[6.714228,51.709272],[6.71384,51.708683],[6.716379,51.707971],[6.71865,51.699799],[6.731057,51.700578],[6.762601,51.701461],[6.762195,51.697274],[6.762254,51.692528],[6.763591,51.687581],[6.763829,51.687497],[6.770141,51.675289],[6.773318,51.671938],[6.775976,51.665002],[6.77673,51.663696],[6.778475,51.662115],[6.778087,51.661286],[6.777563,51.660962],[6.777156,51.661003],[6.77734,51.659643],[6.778083,51.659456],[6.778644,51.659866],[6.780086,51.660031],[6.78445,51.659284],[6.78569,51.659325],[6.786853,51.659659],[6.787879,51.660211],[6.788714,51.66096],[6.79187,51.665119],[6.79317,51.665994],[6.794314,51.666359],[6.800533,51.666431],[6.805348,51.667243],[6.808793,51.666955],[6.811705,51.667031],[6.812909,51.667289],[6.815101,51.668236],[6.816705,51.668492],[6.821522,51.668195],[6.822724,51.668279],[6.824208,51.668864],[6.825133,51.670883],[6.825849,51.671745],[6.826851,51.672352],[6.827853,51.67262],[6.829252,51.672548],[6.833895,51.671138],[6.836121,51.670992],[6.848475,51.673059],[6.848601,51.672761],[6.848155,51.672251],[6.847856,51.672246],[6.848451,51.67079],[6.84812,51.67031],[6.848503,51.670109],[6.84819,51.669775],[6.849457,51.669557],[6.851876,51.668625],[6.85441,51.668054],[6.854443,51.667413],[6.852641,51.666452],[6.852077,51.665416],[6.850736,51.664734],[6.848986,51.662995],[6.843063,51.658756],[6.842848,51.65343],[6.843406,51.651003],[6.843376,51.648476],[6.843737,51.648432],[6.843891,51.648317],[6.843761,51.648121],[6.844092,51.648192],[6.844102,51.648024],[6.844627,51.647765],[6.845223,51.647766],[6.844493,51.647222],[6.844895,51.647005],[6.845082,51.647272],[6.845698,51.646875],[6.845601,51.646608],[6.846083,51.646479],[6.845601,51.645815],[6.846858,51.644139],[6.855371,51.641955],[6.858315,51.641339],[6.862732,51.640772],[6.866882,51.639694],[6.868627,51.637889],[6.86916,51.637567],[6.869446,51.637038],[6.869922,51.637041],[6.870268,51.63532],[6.869507,51.634772],[6.869645,51.63464],[6.86955,51.63442],[6.869256,51.634198],[6.869196,51.633853],[6.869442,51.633671],[6.869163,51.63347],[6.869504,51.63332],[6.868609,51.632574],[6.868259,51.632733],[6.868151,51.632483],[6.867881,51.63247],[6.868256,51.632121],[6.867778,51.631813],[6.867709,51.631662],[6.86794,51.631592],[6.867361,51.630498],[6.866292,51.629897],[6.86641,51.629482],[6.866239,51.628996],[6.866651,51.628592],[6.866778,51.627791],[6.868167,51.626299],[6.867956,51.626066],[6.868305,51.6257],[6.868044,51.62536],[6.868225,51.625066],[6.868726,51.624794],[6.868785,51.624459],[6.869536,51.623984],[6.870463,51.623],[6.871522,51.622382],[6.869296,51.619912],[6.863562,51.61555],[6.863015,51.615517],[6.863869,51.613755],[6.856024,51.612358],[6.856903,51.610505],[6.852749,51.610248],[6.853446,51.60829],[6.851037,51.608342],[6.850884,51.608158],[6.837017,51.60731],[6.828067,51.604573],[6.825703,51.604103],[6.817749,51.603983],[6.801225,51.601069],[6.793348,51.599178],[6.777479,51.592267],[6.774706,51.592193],[6.772832,51.591527],[6.772064,51.590991],[6.770584,51.590759],[6.769664,51.590156],[6.767783,51.589949],[6.766082,51.589196],[6.762387,51.587966],[6.757752,51.587976],[6.753852,51.586926],[6.745197,51.585192],[6.730762,51.585489],[6.721735,51.588281],[6.722019,51.588466],[6.718485,51.594293],[6.717208,51.596269],[6.715003,51.598848],[6.713604,51.601251],[6.712784,51.607465],[6.708582,51.611085],[6.709928,51.61132],[6.709443,51.612509],[6.709558,51.612554],[6.709098,51.613006],[6.705669,51.614117],[6.703803,51.615343],[6.704013,51.615655],[6.703539,51.61589],[6.703698,51.615953],[6.703379,51.616276],[6.702554,51.616613],[6.70225,51.616311],[6.701497,51.617224],[6.702284,51.617752],[6.698191,51.620481],[6.697216,51.620091],[6.68817,51.620502],[6.687524,51.621535],[6.687313,51.622727],[6.687456,51.629415],[6.685363,51.63467],[6.683564,51.636234],[6.683161,51.63597],[6.682806,51.636462],[6.683858,51.636879],[6.682627,51.638312],[6.681785,51.640209],[6.684052,51.640291],[6.684257,51.640929],[6.684626,51.641273],[6.684191,51.641999],[6.68445,51.642417],[6.684132,51.642704],[6.683921,51.643871],[6.684101,51.644313],[6.686039,51.643904],[6.688113,51.64311],[6.689575,51.643058],[6.691028,51.643694],[6.693823,51.646214],[6.694995,51.646786],[6.695794,51.646919],[6.69698,51.646504],[6.69806,51.644417],[6.699097,51.643527],[6.700637,51.643195],[6.703193,51.643506],[6.70405,51.643931],[6.704551,51.644432],[6.704977,51.646397],[6.705539,51.647126],[6.706794,51.647798],[6.708564,51.647893],[6.708854,51.649092],[6.708081,51.649632],[6.70776,51.650382],[6.708224,51.651792],[6.709207,51.652364],[6.713736,51.653743],[6.713251,51.654421],[6.712798,51.654373],[6.71206,51.655646],[6.713271,51.655681],[6.713502,51.656189],[6.713299,51.657678],[6.711301,51.660642],[6.710945,51.661743],[6.710951,51.663123],[6.710449,51.664334],[6.710533,51.665821],[6.71041,51.666448],[6.710212,51.666555],[6.709823,51.668721],[6.709858,51.669477],[6.708601,51.671592],[6.708577,51.672206],[6.708039,51.672075],[6.707701,51.672222],[6.708421,51.673096],[6.707281,51.673524],[6.708506,51.674532],[6.707628,51.674868],[6.707766,51.675478],[6.707583,51.675649],[6.707971,51.676133],[6.700812,51.677981],[6.692397,51.679833],[6.689805,51.680838],[6.689748,51.681792],[6.682937,51.682153],[6.681188,51.682542],[6.680685,51.683463],[6.669209,51.684711],[6.674391,51.688337],[6.676292,51.690587],[6.6776,51.691547],[6.680265,51.695229],[6.68138,51.698048]]]},"properties":{"name":"Hünxe","basis":"Auf der offiziellen Revierübersicht benannte oder innerhalb des kartierten Megaplexumrisses liegende Kommune; heutige Gemeindegrenze als geografische Liniengrundlage","boundary_role":"lore-municipality","source":"Code for Germany / Click That Hood","source_url":"https://github.com/codeforgermany/click_that_hood","boundary_review_status":"contextual","boundary_review_label":"Offizielle RRP-Karte abgeglichen; heutige Gemeindegeometrie nur als Liniengrundlage","entity_id":282,"description_preview":"Hünxe ist auf der offiziellen Revierübersicht als Stadt oder Kommune innerhalb des Rhein-Ruhr-Megaplexes verzeichnet.","description_full":"Hünxe ist auf der offiziellen Revierübersicht als Stadt oder Kommune innerhalb des Rhein-Ruhr-Megaplexes verzeichnet. Die Flächendarstellung folgt dem mit der offiziellen Shadowrun-Karte abgeglichenen Kommunenbestand. Die heutige Gemeindegeometrie dient ausschließlich als geografische Liniengrundlage; eine darüber hinausgehende eigene Stadtbeschreibung ist im zugeordneten Datenmaterial nicht eindeutig belegt.","editions":["SR6","SR4"],"sources":[{"bookId":"rrp-map-sr6","title":"Revierbericht 2082 – Karte","edition":"SR6","citation":"Revierübersicht: Stadt/Kommune Hünxe","purpose":"description"},{"bookId":"rrmp-sr4","title":"Rhein-Ruhr-Megaplex","edition":"SR4","citation":"RRP-Kapitel: Hünxe","purpose":"description"}]}},{"type":"Feature","geometry":{"type":"Polygon","coordinates":[[[6.842202,50.836873],[6.837854,50.83799],[6.831929,50.840885],[6.829322,50.841676],[6.827544,50.843334],[6.825386,50.847294],[6.821083,50.851227],[6.820789,50.851443],[6.816802,50.852355],[6.816917,50.853415],[6.817191,50.853996],[6.818385,50.854935],[6.81192,50.859063],[6.808901,50.85746],[6.807898,50.856555],[6.805942,50.855478],[6.805741,50.855315],[6.805807,50.855147],[6.804531,50.855015],[6.804538,50.855666],[6.803942,50.856455],[6.803111,50.856942],[6.802994,50.857249],[6.803065,50.8579],[6.803924,50.857874],[6.804062,50.858551],[6.805139,50.859533],[6.805154,50.862336],[6.804619,50.865251],[6.800677,50.864491],[6.792376,50.8633],[6.791768,50.865418],[6.779876,50.865531],[6.781794,50.871979],[6.783545,50.875581],[6.778614,50.878408],[6.780548,50.879381],[6.788608,50.882168],[6.789438,50.882668],[6.790359,50.883712],[6.791366,50.883275],[6.79447,50.884362],[6.820322,50.891706],[6.821355,50.892291],[6.822465,50.891633],[6.823881,50.892599],[6.830146,50.895788],[6.840926,50.900113],[6.842315,50.900866],[6.843806,50.901972],[6.845904,50.904211],[6.850112,50.905691],[6.851231,50.903621],[6.855139,50.90607],[6.860479,50.903852],[6.863476,50.904824],[6.86721,50.905565],[6.870466,50.906719],[6.873961,50.908242],[6.877097,50.910477],[6.879976,50.911589],[6.903593,50.900944],[6.905368,50.899955],[6.909418,50.898306],[6.907965,50.896906],[6.909074,50.897083],[6.910978,50.896133],[6.913274,50.896231],[6.919981,50.893251],[6.919708,50.892582],[6.9144,50.885305],[6.912853,50.882685],[6.913738,50.882318],[6.914056,50.881949],[6.913486,50.880091],[6.914057,50.8772],[6.914234,50.877129],[6.914018,50.877018],[6.914089,50.876898],[6.919549,50.871075],[6.919311,50.870932],[6.921587,50.868532],[6.92309,50.865441],[6.92177,50.864943],[6.920145,50.86343],[6.917594,50.860813],[6.916433,50.858678],[6.917143,50.856062],[6.918913,50.856263],[6.919743,50.854248],[6.919944,50.854279],[6.920388,50.853022],[6.920617,50.852928],[6.918542,50.850071],[6.918256,50.850131],[6.918045,50.849881],[6.917474,50.851428],[6.915703,50.851288],[6.915869,50.850807],[6.909794,50.849712],[6.906419,50.849188],[6.902624,50.848999],[6.902793,50.848042],[6.896625,50.848069],[6.896339,50.848702],[6.895052,50.848654],[6.894989,50.849408],[6.89453,50.84959],[6.893722,50.850427],[6.893382,50.85046],[6.893158,50.850816],[6.890187,50.850055],[6.888344,50.849041],[6.881176,50.846859],[6.879402,50.844596],[6.875014,50.84362],[6.871886,50.844757],[6.867569,50.845746],[6.866815,50.844685],[6.864556,50.844254],[6.863167,50.844268],[6.861169,50.843485],[6.859497,50.843317],[6.857967,50.842851],[6.857056,50.842857],[6.855347,50.842024],[6.853242,50.84193],[6.850073,50.843544],[6.842202,50.836873]]]},"properties":{"name":"Hürth","basis":"Auf der offiziellen Revierübersicht benannte oder innerhalb des kartierten Megaplexumrisses liegende Kommune; heutige Gemeindegrenze als geografische Liniengrundlage","boundary_role":"lore-municipality","source":"Code for Germany / Click That Hood","source_url":"https://github.com/codeforgermany/click_that_hood","boundary_review_status":"contextual","boundary_review_label":"Offizielle RRP-Karte abgeglichen; heutige Gemeindegeometrie nur als Liniengrundlage","entity_id":283,"description_preview":"Hürth ist auf der offiziellen Revierübersicht als Stadt oder Kommune innerhalb des Rhein-Ruhr-Megaplexes verzeichnet.","description_full":"Hürth ist auf der offiziellen Revierübersicht als Stadt oder Kommune innerhalb des Rhein-Ruhr-Megaplexes verzeichnet. Die Flächendarstellung folgt dem mit der offiziellen Shadowrun-Karte abgeglichenen Kommunenbestand. Die heutige Gemeindegeometrie dient ausschließlich als geografische Liniengrundlage; eine darüber hinausgehende eigene Stadtbeschreibung ist im zugeordneten Datenmaterial nicht eindeutig belegt.","editions":["SR6"],"sources":[{"bookId":"rrp-map-sr6","title":"Revierbericht 2082 – Karte","edition":"SR6","citation":"Revierübersicht: Stadt/Kommune Hürth","purpose":"description"}]}},{"type":"Feature","geometry":{"type":"Polygon","coordinates":[[[7.65151,51.335518],[7.650311,51.335846],[7.649684,51.336451],[7.649741,51.336861],[7.647246,51.338235],[7.647199,51.339932],[7.646784,51.340627],[7.645502,51.340791],[7.645246,51.34133],[7.645437,51.341663],[7.642859,51.341196],[7.64159,51.340474],[7.640466,51.341404],[7.641002,51.341789],[7.64072,51.342835],[7.641278,51.343801],[7.640764,51.344356],[7.64081,51.344594],[7.641636,51.345348],[7.641121,51.346339],[7.641447,51.347265],[7.641986,51.347947],[7.643074,51.348352],[7.642722,51.348954],[7.642814,51.34978],[7.64304,51.350374],[7.643805,51.350976],[7.641751,51.351491],[7.641821,51.351702],[7.64123,51.351841],[7.637685,51.347745],[7.635953,51.343332],[7.634992,51.342444],[7.634455,51.341622],[7.634213,51.340649],[7.634254,51.339696],[7.629993,51.339561],[7.629296,51.339279],[7.62999,51.337099],[7.629929,51.335909],[7.627624,51.336023],[7.625605,51.335738],[7.622542,51.334521],[7.620937,51.334478],[7.619226,51.333798],[7.616923,51.333291],[7.616193,51.333299],[7.616027,51.33305],[7.615503,51.33314],[7.61512,51.333483],[7.612345,51.334834],[7.611855,51.335491],[7.608537,51.336499],[7.60584,51.336346],[7.605092,51.336503],[7.602595,51.336039],[7.599647,51.337416],[7.59813,51.337523],[7.596663,51.337352],[7.594796,51.337612],[7.593004,51.33814],[7.593218,51.338311],[7.593149,51.338726],[7.59344,51.339632],[7.593469,51.341023],[7.593661,51.341512],[7.593404,51.341899],[7.593562,51.342261],[7.59327,51.343741],[7.595398,51.344166],[7.596699,51.344639],[7.598912,51.34655],[7.597192,51.347611],[7.59645,51.349104],[7.595274,51.350732],[7.594452,51.350664],[7.593842,51.350952],[7.593233,51.350949],[7.592636,51.35128],[7.592528,51.351694],[7.593688,51.352165],[7.593016,51.352942],[7.592724,51.353691],[7.592022,51.354014],[7.590717,51.357438],[7.589683,51.358751],[7.589246,51.360205],[7.588417,51.360676],[7.587561,51.363155],[7.588001,51.363222],[7.587912,51.363368],[7.587116,51.363249],[7.58711,51.36365],[7.58763,51.363713],[7.587503,51.364488],[7.587051,51.364511],[7.58602,51.368575],[7.586152,51.368602],[7.585829,51.371231],[7.58601,51.373191],[7.584771,51.377036],[7.584204,51.377583],[7.586736,51.379832],[7.589168,51.383331],[7.590169,51.384101],[7.590442,51.384409],[7.59023,51.384564],[7.590576,51.384846],[7.590359,51.384961],[7.590089,51.385779],[7.588577,51.385928],[7.588438,51.386182],[7.587804,51.386465],[7.587649,51.387086],[7.587331,51.387261],[7.587671,51.387357],[7.587402,51.387958],[7.587552,51.38824],[7.587376,51.388347],[7.587618,51.388496],[7.587328,51.388592],[7.587519,51.388738],[7.587351,51.389106],[7.586801,51.389412],[7.586912,51.390065],[7.593413,51.392409],[7.594293,51.392881],[7.597148,51.395927],[7.599628,51.394991],[7.601495,51.394723],[7.602661,51.394813],[7.608208,51.393685],[7.607243,51.393245],[7.607253,51.393015],[7.606745,51.39284],[7.606741,51.392661],[7.606098,51.392233],[7.605841,51.391696],[7.605545,51.391662],[7.605536,51.391285],[7.605347,51.391193],[7.605572,51.390598],[7.60529,51.390373],[7.605806,51.390147],[7.605867,51.389888],[7.606887,51.389835],[7.609923,51.388714],[7.612477,51.385264],[7.613521,51.385875],[7.614017,51.38688],[7.614106,51.38799],[7.615079,51.388407],[7.615557,51.389],[7.616338,51.389492],[7.616374,51.39021],[7.61757,51.390974],[7.617611,51.391218],[7.618252,51.391325],[7.61847,51.391553],[7.61951,51.391561],[7.620411,51.392007],[7.621024,51.392607],[7.621559,51.392584],[7.620855,51.393968],[7.620371,51.394193],[7.620766,51.394384],[7.620538,51.394675],[7.620656,51.395355],[7.621771,51.395709],[7.624167,51.398085],[7.624111,51.398442],[7.626094,51.399939],[7.626311,51.400357],[7.627744,51.40132],[7.62742,51.401523],[7.627952,51.401859],[7.628292,51.402587],[7.628829,51.402992],[7.62924,51.402997],[7.629653,51.403447],[7.630344,51.403656],[7.630967,51.4044],[7.63139,51.404548],[7.632061,51.405542],[7.631722,51.405943],[7.631701,51.406352],[7.632372,51.407174],[7.632171,51.407487],[7.631202,51.408021],[7.629058,51.408443],[7.628722,51.408989],[7.62769,51.409418],[7.62753,51.409807],[7.627249,51.409912],[7.62702,51.411335],[7.624937,51.412056],[7.622456,51.413665],[7.621105,51.416076],[7.620531,51.416362],[7.621206,51.416725],[7.620724,51.417355],[7.619032,51.418289],[7.617955,51.418553],[7.616955,51.418328],[7.616846,51.418707],[7.616085,51.418867],[7.616355,51.419267],[7.615828,51.419747],[7.616544,51.4196],[7.617933,51.420497],[7.618731,51.420365],[7.621707,51.42089],[7.625039,51.421658],[7.627443,51.422581],[7.630255,51.423277],[7.629327,51.425173],[7.628327,51.426125],[7.628538,51.426208],[7.627091,51.427717],[7.626557,51.427537],[7.62595,51.427932],[7.626288,51.428083],[7.625701,51.429152],[7.625877,51.429262],[7.625762,51.429569],[7.624896,51.431146],[7.627643,51.431491],[7.627956,51.432103],[7.626297,51.432897],[7.626026,51.433569],[7.625493,51.433925],[7.624177,51.433492],[7.622673,51.435259],[7.621972,51.436803],[7.622274,51.437568],[7.624399,51.438374],[7.624248,51.43883],[7.623937,51.439085],[7.624643,51.439254],[7.624794,51.440315],[7.623751,51.441918],[7.621616,51.441177],[7.620046,51.440918],[7.618974,51.442415],[7.618483,51.443717],[7.615586,51.443993],[7.614268,51.446081],[7.612918,51.446814],[7.614989,51.447667],[7.618284,51.449839],[7.620645,51.450771],[7.622989,51.451023],[7.627262,51.450853],[7.633441,51.452049],[7.635451,51.45268],[7.637071,51.453715],[7.638061,51.459253],[7.640413,51.460295],[7.646391,51.460672],[7.653621,51.460861],[7.653027,51.462863],[7.653119,51.46384],[7.654044,51.464844],[7.655769,51.465728],[7.659118,51.466268],[7.664477,51.466122],[7.672945,51.467465],[7.680932,51.469107],[7.687161,51.471331],[7.69578,51.473658],[7.697993,51.470468],[7.697821,51.468806],[7.697722,51.468563],[7.696192,51.468154],[7.693918,51.468067],[7.69393,51.466567],[7.695648,51.466304],[7.697846,51.464694],[7.698061,51.464225],[7.699141,51.463853],[7.699562,51.463116],[7.699036,51.462896],[7.699167,51.461141],[7.700086,51.460766],[7.700335,51.4598],[7.699953,51.459741],[7.699624,51.459247],[7.700253,51.457667],[7.700092,51.456298],[7.700405,51.455271],[7.700136,51.454926],[7.697208,51.453992],[7.696619,51.453361],[7.696312,51.45271],[7.694307,51.451761],[7.695829,51.450636],[7.694731,51.450501],[7.695397,51.449734],[7.693004,51.449325],[7.692371,51.448555],[7.691583,51.448389],[7.691726,51.447279],[7.692746,51.446904],[7.692719,51.446613],[7.694042,51.446631],[7.694119,51.446339],[7.694697,51.446081],[7.695251,51.446501],[7.695841,51.446387],[7.698095,51.445514],[7.698224,51.445286],[7.697993,51.444745],[7.69683,51.444311],[7.696594,51.443214],[7.69722,51.442804],[7.698368,51.443065],[7.702284,51.442042],[7.703002,51.441623],[7.704491,51.441481],[7.704261,51.441032],[7.703564,51.441169],[7.703935,51.440638],[7.70456,51.440674],[7.70427,51.440541],[7.704575,51.44031],[7.706429,51.440443],[7.707521,51.440291],[7.707732,51.440431],[7.707963,51.440212],[7.70877,51.440416],[7.709118,51.440801],[7.710526,51.440443],[7.710938,51.440851],[7.711507,51.440768],[7.711683,51.441067],[7.712331,51.441432],[7.712951,51.441251],[7.713287,51.441331],[7.713339,51.44152],[7.714126,51.441404],[7.71434,51.441658],[7.715079,51.441329],[7.715674,51.441688],[7.716311,51.441521],[7.716304,51.441208],[7.716674,51.441213],[7.716573,51.44077],[7.717021,51.440631],[7.717751,51.440967],[7.718093,51.440829],[7.717723,51.440564],[7.717514,51.44],[7.717982,51.439893],[7.718187,51.439487],[7.718669,51.439603],[7.718764,51.43931],[7.718922,51.439479],[7.719673,51.439558],[7.720096,51.439435],[7.720473,51.439751],[7.721447,51.439936],[7.723358,51.439655],[7.725817,51.439989],[7.726262,51.439844],[7.726242,51.439587],[7.725335,51.43944],[7.727228,51.435182],[7.727081,51.434315],[7.727512,51.432972],[7.726745,51.432821],[7.72737,51.43094],[7.727034,51.430861],[7.727035,51.430715],[7.728059,51.42792],[7.728795,51.428239],[7.729336,51.427551],[7.728976,51.427411],[7.730003,51.425916],[7.732442,51.426917],[7.733348,51.425214],[7.732761,51.425012],[7.733598,51.423408],[7.732016,51.422368],[7.730478,51.421845],[7.730405,51.421211],[7.7297,51.419687],[7.73041,51.419144],[7.731202,51.41931],[7.732482,51.41884],[7.732677,51.418227],[7.733194,51.417751],[7.733027,51.416898],[7.734649,51.415217],[7.736141,51.414482],[7.736284,51.413905],[7.734853,51.412234],[7.736975,51.411561],[7.735406,51.4109],[7.733026,51.409024],[7.732165,51.407359],[7.731138,51.406608],[7.72731,51.405488],[7.72646,51.405414],[7.72431,51.404291],[7.724382,51.404104],[7.726002,51.403344],[7.727564,51.403028],[7.72767,51.401381],[7.727899,51.401156],[7.726437,51.400644],[7.724599,51.400349],[7.724188,51.400046],[7.723864,51.399711],[7.723888,51.399047],[7.723261,51.398432],[7.723292,51.397723],[7.72442,51.397731],[7.724457,51.397229],[7.72313,51.396593],[7.722398,51.396667],[7.724957,51.393788],[7.726994,51.394147],[7.727638,51.392687],[7.734735,51.392858],[7.734494,51.392295],[7.734989,51.392508],[7.735965,51.39253],[7.737297,51.392309],[7.738362,51.39275],[7.739997,51.392969],[7.740857,51.392685],[7.742326,51.392537],[7.742568,51.391421],[7.744563,51.390033],[7.745005,51.389367],[7.742098,51.388503],[7.742547,51.38816],[7.743123,51.388042],[7.743462,51.387575],[7.739609,51.386528],[7.739729,51.38487],[7.738707,51.384908],[7.738503,51.38385],[7.737929,51.383001],[7.73794,51.381283],[7.737794,51.381275],[7.738043,51.380628],[7.737895,51.380074],[7.738638,51.38008],[7.739639,51.379745],[7.739769,51.377827],[7.739424,51.377796],[7.739855,51.376368],[7.740204,51.375506],[7.740511,51.375548],[7.740734,51.375018],[7.741524,51.375076],[7.742553,51.373324],[7.741416,51.372761],[7.74238,51.371278],[7.741541,51.370703],[7.739999,51.370288],[7.739827,51.370394],[7.738585,51.369845],[7.736514,51.369398],[7.736818,51.368476],[7.735868,51.368111],[7.735907,51.368644],[7.733847,51.368621],[7.734284,51.368169],[7.729577,51.368737],[7.729585,51.368871],[7.726165,51.369134],[7.727269,51.365937],[7.726632,51.364416],[7.726746,51.36292],[7.728443,51.362634],[7.72946,51.360555],[7.728159,51.35932],[7.727342,51.35737],[7.729746,51.355467],[7.728953,51.355331],[7.72844,51.355025],[7.728284,51.354025],[7.727974,51.353712],[7.728303,51.353008],[7.7282,51.352131],[7.726758,51.351232],[7.726402,51.350653],[7.725657,51.350333],[7.725347,51.349763],[7.724691,51.349158],[7.724247,51.348288],[7.724022,51.347285],[7.72421,51.345271],[7.724035,51.343122],[7.724483,51.340718],[7.724019,51.340054],[7.723889,51.339057],[7.723577,51.338369],[7.72183,51.336267],[7.721635,51.332125],[7.721302,51.331516],[7.720307,51.331068],[7.720187,51.330844],[7.721985,51.32889],[7.720994,51.327777],[7.722128,51.32751],[7.721535,51.326058],[7.722031,51.325466],[7.721916,51.324425],[7.720714,51.322925],[7.720471,51.321821],[7.720423,51.320192],[7.720836,51.317212],[7.718523,51.315343],[7.717578,51.315169],[7.716757,51.314706],[7.716511,51.31432],[7.716541,51.313846],[7.715064,51.313365],[7.713237,51.312085],[7.710873,51.311469],[7.710975,51.311338],[7.709018,51.30992],[7.709383,51.309496],[7.709555,51.308922],[7.708877,51.308915],[7.706975,51.309688],[7.706641,51.309739],[7.706613,51.309534],[7.70547,51.310093],[7.704963,51.308691],[7.704405,51.308638],[7.70485,51.307869],[7.704923,51.306026],[7.701502,51.307389],[7.700513,51.308487],[7.700279,51.307846],[7.699377,51.306556],[7.700517,51.305321],[7.700814,51.304701],[7.700798,51.304204],[7.700282,51.303296],[7.69493,51.304159],[7.694854,51.304474],[7.695186,51.304543],[7.69389,51.30671],[7.692782,51.306238],[7.692276,51.305119],[7.691411,51.30415],[7.690446,51.30425],[7.686214,51.303503],[7.68516,51.302899],[7.684718,51.302433],[7.684927,51.30223],[7.684386,51.302279],[7.684139,51.301714],[7.683204,51.302598],[7.682939,51.303283],[7.681951,51.303891],[7.681201,51.304251],[7.67975,51.304337],[7.679904,51.304924],[7.687392,51.304827],[7.687198,51.305461],[7.688106,51.305842],[7.688902,51.305766],[7.689354,51.305956],[7.689395,51.306264],[7.686887,51.30609],[7.686018,51.306664],[7.685398,51.307378],[7.685759,51.307927],[7.687116,51.309002],[7.686996,51.309726],[7.6864,51.310324],[7.685226,51.310376],[7.684751,51.3113],[7.684828,51.311558],[7.6846,51.3115],[7.684458,51.311781],[7.684417,51.312479],[7.684873,51.313551],[7.686889,51.313792],[7.685722,51.314],[7.682917,51.313793],[7.683514,51.313964],[7.68401,51.315023],[7.684636,51.315537],[7.681113,51.31551],[7.677423,51.315056],[7.673674,51.316565],[7.67362,51.316302],[7.67138,51.316359],[7.667163,51.315977],[7.666269,51.31616],[7.665606,51.315801],[7.665136,51.315899],[7.664552,51.31668],[7.664428,51.317074],[7.664643,51.317532],[7.662447,51.318163],[7.661424,51.317912],[7.660605,51.317383],[7.659852,51.316416],[7.658499,51.316686],[7.656178,51.316701],[7.656358,51.31891],[7.656645,51.319267],[7.658185,51.320163],[7.658393,51.320462],[7.658363,51.320814],[7.66098,51.321392],[7.658133,51.324172],[7.6566,51.323718],[7.656084,51.324479],[7.660158,51.326419],[7.661239,51.32645],[7.662329,51.327137],[7.66103,51.327468],[7.660957,51.32863],[7.65999,51.329187],[7.657608,51.329976],[7.657333,51.330337],[7.658083,51.330905],[7.658257,51.330687],[7.659471,51.330642],[7.661136,51.330226],[7.661522,51.330366],[7.664639,51.33005],[7.667275,51.331277],[7.666118,51.331864],[7.66517,51.331671],[7.661494,51.33182],[7.659807,51.331701],[7.658913,51.332],[7.657112,51.332004],[7.654426,51.332746],[7.654028,51.33333],[7.653189,51.333988],[7.652448,51.334422],[7.651293,51.334758],[7.65151,51.335518]]]},"properties":{"name":"Iserlohn","basis":"Auf der offiziellen Revierübersicht benannte oder innerhalb des kartierten Megaplexumrisses liegende Kommune; heutige Gemeindegrenze als geografische Liniengrundlage","boundary_role":"lore-municipality","source":"Code for Germany / Click That Hood","source_url":"https://github.com/codeforgermany/click_that_hood","boundary_review_status":"contextual","boundary_review_label":"Offizielle RRP-Karte abgeglichen; heutige Gemeindegeometrie nur als Liniengrundlage","entity_id":284,"description_preview":"Iserlohn ist auf der offiziellen Revierübersicht als Stadt oder Kommune innerhalb des Rhein-Ruhr-Megaplexes verzeichnet.","description_full":"Iserlohn ist auf der offiziellen Revierübersicht als Stadt oder Kommune innerhalb des Rhein-Ruhr-Megaplexes verzeichnet. Die Flächendarstellung folgt dem mit der offiziellen Shadowrun-Karte abgeglichenen Kommunenbestand. Die heutige Gemeindegeometrie dient ausschließlich als geografische Liniengrundlage; eine darüber hinausgehende eigene Stadtbeschreibung ist im zugeordneten Datenmaterial nicht eindeutig belegt.","editions":["SR6"],"sources":[{"bookId":"rrp-map-sr6","title":"Revierbericht 2082 – Karte","edition":"SR6","citation":"Revierübersicht: Stadt/Kommune Iserlohn","purpose":"description"}]}},{"type":"Feature","geometry":{"type":"Polygon","coordinates":[[[7.668525,51.60445],[7.673023,51.605032],[7.673754,51.605308],[7.674101,51.605661],[7.674615,51.605008],[7.680845,51.608104],[7.682022,51.607833],[7.686366,51.607764],[7.687091,51.606762],[7.687725,51.607005],[7.689156,51.607091],[7.690072,51.610359],[7.690558,51.613447],[7.693306,51.614986],[7.6975,51.614533],[7.699936,51.612069],[7.70119,51.612423],[7.702949,51.612351],[7.704584,51.61272],[7.70589,51.612758],[7.706988,51.611537],[7.71216,51.613334],[7.713489,51.613576],[7.71437,51.61334],[7.714888,51.613615],[7.715553,51.612923],[7.714893,51.611017],[7.714371,51.61043],[7.714354,51.608955],[7.714042,51.607367],[7.714091,51.607004],[7.714424,51.606735],[7.714316,51.605038],[7.71658,51.602688],[7.712003,51.601713],[7.712176,51.601323],[7.713975,51.600888],[7.714289,51.600398],[7.714961,51.60018],[7.713498,51.599295],[7.711996,51.599064],[7.713226,51.598484],[7.71538,51.596739],[7.717559,51.596327],[7.717974,51.595385],[7.717948,51.594633],[7.718411,51.593519],[7.719345,51.592989],[7.719563,51.592589],[7.718567,51.592202],[7.718276,51.591223],[7.71566,51.591361],[7.715554,51.589997],[7.718581,51.589656],[7.718472,51.588857],[7.719688,51.588817],[7.720085,51.589142],[7.721997,51.58845],[7.722713,51.588844],[7.723767,51.588499],[7.724397,51.588843],[7.725213,51.588871],[7.725528,51.588142],[7.726125,51.588318],[7.727351,51.588221],[7.729415,51.586865],[7.73166,51.586238],[7.733074,51.586262],[7.733723,51.585342],[7.73441,51.585091],[7.736013,51.58543],[7.736292,51.586172],[7.736968,51.586431],[7.738134,51.585436],[7.738433,51.585521],[7.73899,51.586338],[7.739521,51.586304],[7.74032,51.585847],[7.740613,51.586362],[7.741403,51.58642],[7.742252,51.586757],[7.743376,51.585587],[7.743768,51.585493],[7.744021,51.585615],[7.744237,51.586076],[7.744532,51.586178],[7.744898,51.586248],[7.745152,51.585984],[7.745884,51.585883],[7.749009,51.586493],[7.748846,51.586994],[7.749197,51.587143],[7.750127,51.587055],[7.749482,51.58613],[7.750057,51.584329],[7.749834,51.582915],[7.75045,51.58268],[7.749565,51.581695],[7.748201,51.580863],[7.746764,51.578048],[7.745334,51.57713],[7.74512,51.576215],[7.745114,51.573241],[7.745373,51.572246],[7.746898,51.569878],[7.739538,51.565653],[7.739672,51.565551],[7.739102,51.565103],[7.734482,51.564179],[7.732884,51.564076],[7.730824,51.564494],[7.730305,51.56487],[7.729396,51.565063],[7.728284,51.565275],[7.727648,51.565134],[7.724377,51.56689],[7.723402,51.567595],[7.723206,51.568328],[7.721772,51.568475],[7.716794,51.569858],[7.716318,51.569315],[7.712071,51.57125],[7.71029,51.570349],[7.706059,51.569581],[7.698401,51.56935],[7.69318,51.567273],[7.690412,51.567049],[7.688366,51.567587],[7.684938,51.567624],[7.684689,51.568531],[7.684722,51.569426],[7.683824,51.569335],[7.679982,51.568533],[7.676899,51.566856],[7.676721,51.56744],[7.67571,51.567276],[7.675833,51.567121],[7.67521,51.566983],[7.675504,51.566132],[7.673034,51.565589],[7.671802,51.568958],[7.668465,51.568323],[7.668018,51.569227],[7.666939,51.568979],[7.665816,51.57089],[7.664462,51.570927],[7.661143,51.570523],[7.656358,51.569134],[7.654826,51.569416],[7.65461,51.568929],[7.651741,51.569175],[7.651553,51.568071],[7.649392,51.567985],[7.645795,51.568757],[7.645409,51.568587],[7.645159,51.567524],[7.644915,51.567283],[7.642402,51.566876],[7.641468,51.566055],[7.640536,51.566395],[7.639509,51.565941],[7.639715,51.565873],[7.638402,51.564817],[7.638585,51.564677],[7.637223,51.562862],[7.635997,51.562672],[7.637489,51.561246],[7.635616,51.560612],[7.635771,51.560122],[7.633592,51.559636],[7.637037,51.556444],[7.635649,51.556562],[7.632137,51.554925],[7.632945,51.551147],[7.63137,51.551064],[7.632214,51.550813],[7.633546,51.551046],[7.632565,51.549626],[7.629373,51.550453],[7.626962,51.551667],[7.626208,51.552232],[7.620046,51.550205],[7.614673,51.549553],[7.614085,51.549691],[7.612839,51.549575],[7.611863,51.549381],[7.612144,51.549066],[7.610883,51.549194],[7.608034,51.548488],[7.606521,51.550127],[7.60807,51.550798],[7.606771,51.551595],[7.606534,51.551921],[7.605674,51.55132],[7.602904,51.554682],[7.604281,51.554921],[7.60694,51.554993],[7.606471,51.55676],[7.604422,51.556819],[7.604422,51.557289],[7.603717,51.557331],[7.603543,51.557712],[7.603936,51.558562],[7.603682,51.559125],[7.604149,51.559544],[7.60413,51.560783],[7.603828,51.561276],[7.604063,51.56131],[7.604046,51.56235],[7.605839,51.564425],[7.605728,51.564777],[7.606623,51.565942],[7.606264,51.568534],[7.603098,51.568334],[7.600581,51.567679],[7.601092,51.5659],[7.600979,51.565257],[7.599734,51.564975],[7.597632,51.564863],[7.596733,51.565058],[7.595259,51.565023],[7.594115,51.564781],[7.593018,51.565208],[7.592172,51.565162],[7.590642,51.565951],[7.59208,51.566276],[7.592456,51.56658],[7.592833,51.56736],[7.592968,51.568252],[7.593416,51.568282],[7.593773,51.568601],[7.590532,51.569898],[7.590712,51.572195],[7.592091,51.572845],[7.59308,51.573589],[7.595751,51.573772],[7.59619,51.573944],[7.59727,51.576118],[7.597112,51.576406],[7.596334,51.576396],[7.596275,51.577783],[7.595909,51.577762],[7.594272,51.578537],[7.592772,51.579631],[7.590965,51.581774],[7.590304,51.583183],[7.590671,51.589133],[7.591115,51.591083],[7.592477,51.594573],[7.598835,51.592791],[7.600289,51.592551],[7.608533,51.59256],[7.611514,51.59226],[7.616668,51.591034],[7.624415,51.588543],[7.629263,51.587608],[7.629956,51.588965],[7.630801,51.588944],[7.631162,51.590293],[7.633241,51.592187],[7.633942,51.593201],[7.634092,51.593966],[7.634241,51.593953],[7.632562,51.597263],[7.634026,51.597371],[7.637978,51.599793],[7.643489,51.60169],[7.644505,51.601626],[7.644781,51.602022],[7.647341,51.601667],[7.648221,51.601377],[7.650617,51.602423],[7.655649,51.603224],[7.660692,51.603644],[7.660448,51.604288],[7.66119,51.604467],[7.661103,51.605039],[7.664398,51.606314],[7.665515,51.605765],[7.666416,51.604951],[7.667291,51.603769],[7.668525,51.60445]]]},"properties":{"name":"Kamen","basis":"Auf der offiziellen Revierübersicht benannte oder innerhalb des kartierten Megaplexumrisses liegende Kommune; heutige Gemeindegrenze als geografische Liniengrundlage","boundary_role":"lore-municipality","source":"Code for Germany / Click That Hood","source_url":"https://github.com/codeforgermany/click_that_hood","boundary_review_status":"contextual","boundary_review_label":"Offizielle RRP-Karte abgeglichen; heutige Gemeindegeometrie nur als Liniengrundlage","entity_id":285,"description_preview":"Kamen ist auf der offiziellen Revierübersicht als Stadt oder Kommune innerhalb des Rhein-Ruhr-Megaplexes verzeichnet.","description_full":"Kamen ist auf der offiziellen Revierübersicht als Stadt oder Kommune innerhalb des Rhein-Ruhr-Megaplexes verzeichnet. Die Flächendarstellung folgt dem mit der offiziellen Shadowrun-Karte abgeglichenen Kommunenbestand. Die heutige Gemeindegeometrie dient ausschließlich als geografische Liniengrundlage; eine darüber hinausgehende eigene Stadtbeschreibung ist im zugeordneten Datenmaterial nicht eindeutig belegt.","editions":["SR6","SR1","SR2","SR3","SR4","SR5"],"sources":[{"bookId":"rrp-map-sr6","title":"Revierbericht 2082 – Karte","edition":"SR6","citation":"Revierübersicht: Stadt/Kommune Kamen","purpose":"description"},{"bookId":"dids-sr1","title":"Deutschland in den Schatten","edition":"SR1","citation":"RRP-Kapitel: Kamen","purpose":"description"},{"bookId":"dids-sr2","title":"Deutschland in den Schatten","edition":"SR2","citation":"RRP-Kapitel: Kamen","purpose":"description"},{"bookId":"dids2-sr3","title":"Deutschland in den Schatten II","edition":"SR3","citation":"RRP-Kapitel: Kamen","purpose":"description"},{"bookId":"rrmp-sr4","title":"Rhein-Ruhr-Megaplex","edition":"SR4","citation":"RRP-Kapitel: Kamen","purpose":"description"},{"bookId":"datapuls-adl-sr5","title":"Datapuls: ADL","edition":"SR5","citation":"RRP-Kapitel: Kamen","purpose":"description"}]}},{"type":"Feature","geometry":{"type":"Polygon","coordinates":[[[6.46407,51.503359],[6.46302,51.505331],[6.462583,51.505731],[6.459986,51.50676],[6.455508,51.507632],[6.454559,51.508637],[6.454308,51.509425],[6.454343,51.51113],[6.455538,51.513038],[6.455688,51.515453],[6.452257,51.518239],[6.448905,51.519496],[6.448669,51.519727],[6.448905,51.520044],[6.451384,51.521072],[6.452866,51.52249],[6.453325,51.523051],[6.453303,51.524261],[6.452661,51.525608],[6.449912,51.526902],[6.449747,51.527389],[6.448915,51.527893],[6.448529,51.528526],[6.44839,51.52934],[6.455131,51.529555],[6.457888,51.527789],[6.457783,51.52732],[6.461151,51.527078],[6.462412,51.524311],[6.463969,51.524638],[6.464868,51.524552],[6.469069,51.522209],[6.469485,51.521905],[6.469426,51.521428],[6.472664,51.521547],[6.47301,51.521291],[6.474671,51.520972],[6.477076,51.519727],[6.477873,51.519958],[6.478795,51.520885],[6.480422,51.521783],[6.479104,51.522497],[6.474397,51.527158],[6.477471,51.527513],[6.478114,51.527827],[6.478818,51.529356],[6.478116,51.529804],[6.478516,51.530403],[6.479337,51.530266],[6.479705,51.531347],[6.48067,51.531648],[6.481229,51.532524],[6.481856,51.532992],[6.48699,51.538458],[6.462771,51.551973],[6.489699,51.564474],[6.496188,51.567392],[6.497831,51.567951],[6.503298,51.563414],[6.505845,51.563038],[6.50967,51.564023],[6.511736,51.565201],[6.513229,51.564925],[6.514824,51.564883],[6.517373,51.56263],[6.519583,51.560193],[6.519845,51.560129],[6.51961,51.558151],[6.519651,51.556722],[6.52088,51.554852],[6.521656,51.554978],[6.523906,51.555953],[6.526579,51.556462],[6.53173,51.555329],[6.533153,51.554846],[6.533528,51.554964],[6.533479,51.555629],[6.539975,51.555173],[6.543734,51.555997],[6.546016,51.554522],[6.546748,51.554314],[6.54724,51.553206],[6.546581,51.552242],[6.545839,51.549701],[6.544907,51.54956],[6.542476,51.548716],[6.542983,51.54697],[6.542918,51.546551],[6.543419,51.545434],[6.540677,51.544473],[6.541895,51.542735],[6.540821,51.542522],[6.53821,51.541434],[6.538272,51.541188],[6.538709,51.541208],[6.538871,51.540532],[6.538531,51.539189],[6.538832,51.537862],[6.539466,51.536537],[6.540406,51.535454],[6.540519,51.534965],[6.545505,51.531226],[6.547974,51.529951],[6.549056,51.529601],[6.549479,51.528529],[6.55844,51.530154],[6.558515,51.530475],[6.55969,51.530698],[6.561742,51.530801],[6.562963,51.531612],[6.564109,51.531788],[6.567776,51.533582],[6.572237,51.534366],[6.576224,51.535688],[6.579505,51.536352],[6.579674,51.536259],[6.579343,51.535992],[6.579671,51.535843],[6.577821,51.533947],[6.578403,51.534247],[6.579238,51.534034],[6.580187,51.533327],[6.580345,51.532836],[6.580927,51.532272],[6.581941,51.53196],[6.58228,51.53133],[6.583179,51.5312],[6.585739,51.531375],[6.585378,51.530174],[6.585716,51.529354],[6.586762,51.52947],[6.58791,51.528025],[6.58665,51.527872],[6.586974,51.526989],[6.587868,51.525574],[6.589059,51.525637],[6.589042,51.524564],[6.587754,51.524239],[6.58986,51.522176],[6.589133,51.521959],[6.590316,51.52057],[6.586652,51.519221],[6.586059,51.517556],[6.585401,51.514103],[6.586029,51.512299],[6.584831,51.511591],[6.585315,51.51108],[6.583238,51.509549],[6.58515,51.507938],[6.585823,51.507047],[6.586174,51.506109],[6.585379,51.505495],[6.586466,51.504186],[6.58258,51.5034],[6.583472,51.501517],[6.583753,51.500601],[6.583616,51.50047],[6.583102,51.500725],[6.582117,51.500805],[6.581093,51.499811],[6.580141,51.499822],[6.579491,51.499431],[6.578254,51.499873],[6.577294,51.49957],[6.576728,51.499039],[6.576818,51.498507],[6.576222,51.498417],[6.575131,51.497556],[6.575674,51.497049],[6.575625,51.496733],[6.57537,51.496625],[6.575049,51.495124],[6.574741,51.494694],[6.574975,51.494709],[6.574895,51.49448],[6.572579,51.494708],[6.572548,51.491212],[6.573558,51.491182],[6.573049,51.490631],[6.572496,51.49055],[6.571495,51.488994],[6.571473,51.487169],[6.571656,51.486427],[6.573976,51.484719],[6.577435,51.484542],[6.577375,51.484356],[6.577656,51.483944],[6.579808,51.481524],[6.580445,51.481593],[6.580693,51.480834],[6.581867,51.480447],[6.581906,51.480298],[6.581228,51.479979],[6.580213,51.480086],[6.579006,51.479934],[6.577145,51.480037],[6.576688,51.480146],[6.576536,51.480415],[6.575488,51.480512],[6.571218,51.479871],[6.569184,51.478924],[6.567812,51.47747],[6.565645,51.473902],[6.562528,51.473332],[6.553127,51.472209],[6.552912,51.47205],[6.552092,51.472428],[6.550836,51.47245],[6.54908,51.473398],[6.547829,51.474936],[6.545541,51.475969],[6.543993,51.477289],[6.544114,51.477437],[6.543758,51.477683],[6.542793,51.477588],[6.542041,51.477772],[6.540924,51.478146],[6.53993,51.478764],[6.537987,51.479192],[6.537058,51.479195],[6.536522,51.479681],[6.534309,51.479651],[6.533945,51.478787],[6.532689,51.478501],[6.531035,51.478839],[6.530477,51.478452],[6.530388,51.477717],[6.528962,51.477625],[6.529383,51.476789],[6.528832,51.476184],[6.52852,51.476099],[6.525574,51.477047],[6.524476,51.476834],[6.523425,51.476914],[6.523512,51.47712],[6.523072,51.477345],[6.522565,51.477215],[6.521486,51.477427],[6.520769,51.477327],[6.519877,51.477681],[6.518067,51.477978],[6.51429,51.480278],[6.513061,51.481331],[6.511376,51.4811],[6.510498,51.480613],[6.509368,51.480615],[6.508114,51.479997],[6.506953,51.480143],[6.503985,51.479511],[6.50263,51.478933],[6.502494,51.478547],[6.501675,51.478513],[6.501063,51.478237],[6.500475,51.47785],[6.500511,51.477461],[6.500169,51.477127],[6.499117,51.476511],[6.491675,51.477562],[6.491425,51.47728],[6.488397,51.478809],[6.486819,51.480183],[6.486505,51.480796],[6.48616,51.480904],[6.485531,51.480764],[6.484688,51.47944],[6.483507,51.47889],[6.482319,51.479154],[6.481214,51.479648],[6.481425,51.480092],[6.478788,51.481337],[6.476925,51.483056],[6.476752,51.482962],[6.476053,51.483616],[6.476515,51.48384],[6.475198,51.485639],[6.473504,51.490731],[6.473687,51.490858],[6.47405,51.492824],[6.473796,51.492816],[6.473664,51.494649],[6.473421,51.495252],[6.46954,51.496814],[6.467692,51.498235],[6.464608,51.501811],[6.46407,51.503359]]]},"properties":{"name":"Kamp-Lintfort","basis":"Auf der offiziellen Revierübersicht benannte oder innerhalb des kartierten Megaplexumrisses liegende Kommune; heutige Gemeindegrenze als geografische Liniengrundlage","boundary_role":"lore-municipality","source":"Code for Germany / Click That Hood","source_url":"https://github.com/codeforgermany/click_that_hood","boundary_review_status":"contextual","boundary_review_label":"Offizielle RRP-Karte abgeglichen; heutige Gemeindegeometrie nur als Liniengrundlage","entity_id":286,"description_preview":"Kamp-Lintfort ist auf der offiziellen Revierübersicht als Stadt oder Kommune innerhalb des Rhein-Ruhr-Megaplexes verzeichnet.","description_full":"Kamp-Lintfort ist auf der offiziellen Revierübersicht als Stadt oder Kommune innerhalb des Rhein-Ruhr-Megaplexes verzeichnet. Die Flächendarstellung folgt dem mit der offiziellen Shadowrun-Karte abgeglichenen Kommunenbestand. Die heutige Gemeindegeometrie dient ausschließlich als geografische Liniengrundlage; eine darüber hinausgehende eigene Stadtbeschreibung ist im zugeordneten Datenmaterial nicht eindeutig belegt.","editions":["SR6"],"sources":[{"bookId":"rrp-map-sr6","title":"Revierbericht 2082 – Karte","edition":"SR6","citation":"Revierübersicht: Stadt/Kommune Kamp-Lintfort","purpose":"description"}]}},{"type":"Feature","geometry":{"type":"Polygon","coordinates":[[[6.485,51.173388],[6.480295,51.176177],[6.482804,51.179004],[6.482535,51.179103],[6.485636,51.182631],[6.491651,51.190219],[6.492497,51.191783],[6.493081,51.193919],[6.493279,51.197047],[6.492662,51.200087],[6.4915,51.202564],[6.488488,51.207648],[6.487826,51.209866],[6.48787,51.211221],[6.490742,51.227972],[6.491092,51.227958],[6.492665,51.226921],[6.493259,51.227683],[6.493437,51.227626],[6.493829,51.227961],[6.494699,51.227791],[6.497985,51.227951],[6.499972,51.227452],[6.503031,51.227056],[6.507433,51.226925],[6.508454,51.225257],[6.508322,51.223088],[6.508964,51.2223],[6.509159,51.220901],[6.510736,51.21965],[6.513555,51.220877],[6.515623,51.221047],[6.517595,51.221477],[6.522139,51.225761],[6.52993,51.222579],[6.533627,51.226126],[6.532695,51.226442],[6.53466,51.228371],[6.533106,51.228569],[6.535903,51.231239],[6.555183,51.228968],[6.561508,51.228693],[6.55982,51.219595],[6.559312,51.21908],[6.562096,51.219744],[6.562822,51.21681],[6.569325,51.217923],[6.569607,51.211453],[6.570344,51.209861],[6.569934,51.209864],[6.570538,51.208862],[6.569683,51.208719],[6.570327,51.207563],[6.5694,51.207471],[6.570341,51.205823],[6.569032,51.205682],[6.573347,51.203099],[6.571872,51.202056],[6.572427,51.200328],[6.577081,51.200474],[6.5773,51.200237],[6.577372,51.199456],[6.578924,51.196484],[6.586597,51.196703],[6.587558,51.193798],[6.582749,51.192721],[6.582881,51.192509],[6.578399,51.191324],[6.579504,51.189478],[6.579791,51.189549],[6.582618,51.186829],[6.585875,51.18918],[6.586533,51.18822],[6.590518,51.184699],[6.591833,51.183896],[6.595429,51.18248],[6.597227,51.181367],[6.597014,51.181197],[6.600637,51.178554],[6.619707,51.181449],[6.621428,51.180411],[6.626522,51.169218],[6.623888,51.168934],[6.625613,51.168654],[6.624582,51.168584],[6.626777,51.168247],[6.626701,51.164914],[6.622605,51.16494],[6.622479,51.159828],[6.615045,51.159891],[6.614832,51.151034],[6.613679,51.151063],[6.61474,51.150944],[6.614473,51.14824],[6.610546,51.14828],[6.610135,51.144022],[6.608169,51.141956],[6.605457,51.143131],[6.60294,51.144665],[6.596851,51.149378],[6.594118,51.151938],[6.579301,51.152238],[6.575939,51.151884],[6.573325,51.15132],[6.572322,51.154971],[6.569937,51.158565],[6.553157,51.146341],[6.554752,51.145643],[6.55193,51.143063],[6.548557,51.141039],[6.543822,51.139752],[6.540919,51.141704],[6.532556,51.145981],[6.53402,51.146013],[6.536511,51.146502],[6.529886,51.149931],[6.531334,51.151087],[6.528719,51.152446],[6.532732,51.153639],[6.528269,51.160639],[6.525853,51.159868],[6.524571,51.161411],[6.524271,51.161318],[6.522083,51.16427],[6.523983,51.164109],[6.5241,51.164986],[6.527379,51.165325],[6.527129,51.166283],[6.528345,51.166771],[6.527949,51.167743],[6.527154,51.16875],[6.526927,51.170092],[6.525908,51.171587],[6.524125,51.173276],[6.523371,51.173493],[6.522036,51.178469],[6.516067,51.182398],[6.515947,51.183674],[6.515667,51.183214],[6.514928,51.183081],[6.51503,51.182894],[6.514868,51.182636],[6.513725,51.182335],[6.513627,51.181983],[6.513411,51.181984],[6.513389,51.181742],[6.513141,51.181619],[6.51311,51.181431],[6.51334,51.181287],[6.512979,51.181065],[6.512998,51.180744],[6.512118,51.180743],[6.51187,51.180544],[6.51165,51.180716],[6.511396,51.180527],[6.511576,51.180222],[6.511223,51.179824],[6.510668,51.179686],[6.511066,51.179236],[6.510038,51.178984],[6.509951,51.178821],[6.509152,51.178954],[6.509017,51.178705],[6.508468,51.178478],[6.508583,51.178145],[6.509067,51.178185],[6.508665,51.177961],[6.508816,51.177718],[6.508489,51.177598],[6.508504,51.177337],[6.507954,51.177477],[6.507766,51.177706],[6.507526,51.177486],[6.507009,51.177429],[6.506054,51.176466],[6.505511,51.176638],[6.503231,51.175727],[6.497635,51.174834],[6.49424,51.173223],[6.492879,51.172019],[6.490759,51.170755],[6.489775,51.170571],[6.489426,51.17161],[6.489168,51.171636],[6.48667,51.173598],[6.485542,51.17363],[6.485,51.173388]]]},"properties":{"name":"Korschenbroich","basis":"Auf der offiziellen Revierübersicht benannte oder innerhalb des kartierten Megaplexumrisses liegende Kommune; heutige Gemeindegrenze als geografische Liniengrundlage","boundary_role":"lore-municipality","source":"Code for Germany / Click That Hood","source_url":"https://github.com/codeforgermany/click_that_hood","boundary_review_status":"contextual","boundary_review_label":"Offizielle RRP-Karte abgeglichen; heutige Gemeindegeometrie nur als Liniengrundlage","entity_id":287,"description_preview":"Korschenbroich ist auf der offiziellen Revierübersicht als Stadt oder Kommune innerhalb des Rhein-Ruhr-Megaplexes verzeichnet.","description_full":"Korschenbroich ist auf der offiziellen Revierübersicht als Stadt oder Kommune innerhalb des Rhein-Ruhr-Megaplexes verzeichnet. Die Flächendarstellung folgt dem mit der offiziellen Shadowrun-Karte abgeglichenen Kommunenbestand. Die heutige Gemeindegeometrie dient ausschließlich als geografische Liniengrundlage; eine darüber hinausgehende eigene Stadtbeschreibung ist im zugeordneten Datenmaterial nicht eindeutig belegt.","editions":["SR6"],"sources":[{"bookId":"rrp-map-sr6","title":"Revierbericht 2082 – Karte","edition":"SR6","citation":"Revierübersicht: Stadt/Kommune Korschenbroich","purpose":"description"}]}},{"type":"Feature","geometry":{"type":"Polygon","coordinates":[[[6.668399,51.37403],[6.669169,51.37404],[6.67546,51.376175],[6.679886,51.376971],[6.678958,51.376597],[6.678478,51.376103],[6.677594,51.374452],[6.676743,51.37339],[6.676505,51.372547],[6.674052,51.371891],[6.675119,51.369911],[6.668679,51.368228],[6.662776,51.36614],[6.659139,51.364413],[6.656329,51.362201],[6.65535,51.360892],[6.654628,51.359483],[6.654254,51.358124],[6.654181,51.356879],[6.654384,51.355495],[6.654822,51.354294],[6.655524,51.353078],[6.656516,51.351874],[6.659332,51.349609],[6.662348,51.348297],[6.665878,51.347069],[6.694884,51.340253],[6.700319,51.338714],[6.706194,51.336729],[6.700819,51.3298],[6.700439,51.328806],[6.699824,51.328836],[6.698667,51.32729],[6.698866,51.327048],[6.697268,51.326365],[6.697737,51.325956],[6.696828,51.325686],[6.694504,51.324187],[6.694707,51.323938],[6.688537,51.321939],[6.688718,51.321661],[6.685593,51.321047],[6.685195,51.321429],[6.684177,51.320895],[6.683951,51.321093],[6.680578,51.321065],[6.679577,51.32077],[6.678836,51.321166],[6.678458,51.320903],[6.675446,51.321119],[6.675806,51.320505],[6.674262,51.319931],[6.659671,51.311833],[6.656808,51.310729],[6.653922,51.31001],[6.652327,51.309193],[6.650824,51.308762],[6.649621,51.3087],[6.649533,51.308454],[6.646885,51.30857],[6.640953,51.308363],[6.638946,51.30861],[6.635612,51.309571],[6.635559,51.309742],[6.635288,51.309707],[6.635059,51.30897],[6.633152,51.308807],[6.632997,51.309649],[6.632254,51.309752],[6.632179,51.310035],[6.630822,51.309967],[6.630836,51.309673],[6.627849,51.309678],[6.627348,51.309308],[6.627055,51.308791],[6.625818,51.308979],[6.625465,51.308469],[6.625012,51.308411],[6.621568,51.308843],[6.620709,51.297641],[6.620835,51.296961],[6.62065,51.292666],[6.620523,51.292645],[6.620263,51.289286],[6.620099,51.288804],[6.619879,51.288683],[6.619889,51.289114],[6.602047,51.286419],[6.595613,51.285942],[6.589596,51.285755],[6.585935,51.285826],[6.585121,51.286111],[6.585017,51.286554],[6.579983,51.286857],[6.579649,51.28687],[6.579753,51.286084],[6.579558,51.286029],[6.5584,51.287396],[6.556021,51.288384],[6.55494,51.288344],[6.554848,51.287679],[6.533667,51.288901],[6.529082,51.288807],[6.525371,51.288408],[6.525596,51.289036],[6.517993,51.28827],[6.516118,51.286698],[6.515882,51.286788],[6.516943,51.287666],[6.514291,51.291377],[6.500308,51.289916],[6.50133,51.291118],[6.499792,51.294235],[6.493067,51.299537],[6.49212,51.300932],[6.489772,51.300887],[6.488997,51.302395],[6.488808,51.303137],[6.491138,51.303312],[6.502057,51.305288],[6.504335,51.306352],[6.504261,51.306595],[6.505718,51.306955],[6.512091,51.31042],[6.514518,51.315966],[6.514464,51.321316],[6.513688,51.321809],[6.512848,51.323252],[6.512857,51.324284],[6.514268,51.328354],[6.515701,51.328636],[6.514181,51.33315],[6.514631,51.33453],[6.5121,51.337337],[6.509814,51.3392],[6.486456,51.346499],[6.487048,51.347051],[6.487097,51.348451],[6.488381,51.348751],[6.489314,51.350451],[6.486028,51.351088],[6.485426,51.352317],[6.487335,51.352632],[6.486865,51.353694],[6.489951,51.354228],[6.489228,51.355274],[6.488694,51.356642],[6.487131,51.358568],[6.486982,51.360126],[6.487346,51.361767],[6.492101,51.362305],[6.488273,51.366249],[6.484938,51.372194],[6.486129,51.381343],[6.486719,51.383388],[6.480324,51.384014],[6.481795,51.386085],[6.477922,51.386505],[6.478719,51.389651],[6.479249,51.3908],[6.479113,51.392119],[6.482577,51.391835],[6.481297,51.397899],[6.488988,51.398274],[6.489434,51.399213],[6.489465,51.399933],[6.490173,51.400897],[6.491229,51.401367],[6.491855,51.401967],[6.498052,51.400193],[6.511727,51.398077],[6.516082,51.398501],[6.523628,51.398313],[6.52552,51.39863],[6.528339,51.399963],[6.528374,51.40036],[6.527501,51.402096],[6.529373,51.401873],[6.530777,51.402041],[6.535541,51.405512],[6.538595,51.404011],[6.53662,51.402895],[6.541071,51.400457],[6.5463,51.400589],[6.543929,51.397728],[6.548386,51.393013],[6.553922,51.395049],[6.558092,51.390699],[6.558034,51.389829],[6.560154,51.389756],[6.562142,51.389173],[6.562815,51.389617],[6.564145,51.389533],[6.567602,51.390766],[6.571468,51.391523],[6.5694,51.392451],[6.57373,51.393342],[6.574518,51.392906],[6.574386,51.393359],[6.580848,51.394171],[6.58289,51.392164],[6.591674,51.392807],[6.592012,51.392853],[6.591898,51.393138],[6.592253,51.393385],[6.593182,51.393533],[6.59366,51.39309],[6.597527,51.393903],[6.59966,51.393757],[6.601179,51.393937],[6.601127,51.394145],[6.604451,51.394315],[6.60421,51.396883],[6.607976,51.397044],[6.615671,51.396592],[6.616039,51.395832],[6.616264,51.395831],[6.616714,51.394793],[6.62007,51.39551],[6.635603,51.393548],[6.636737,51.387186],[6.637142,51.385845],[6.639612,51.386108],[6.641408,51.386521],[6.641574,51.386291],[6.644459,51.386805],[6.646195,51.384432],[6.646091,51.383238],[6.647016,51.382618],[6.647939,51.3823],[6.648633,51.382424],[6.651182,51.383493],[6.651178,51.383286],[6.653245,51.382903],[6.653447,51.383748],[6.656778,51.383583],[6.657854,51.385335],[6.660274,51.387314],[6.660446,51.387884],[6.665896,51.387351],[6.669059,51.386712],[6.669694,51.387154],[6.669187,51.38744],[6.672718,51.389397],[6.67404,51.388562],[6.673682,51.388339],[6.673973,51.388167],[6.673446,51.387802],[6.673403,51.387496],[6.67488,51.386624],[6.674615,51.386436],[6.675235,51.386075],[6.674079,51.386193],[6.673222,51.386769],[6.67085,51.37915],[6.67098,51.37903],[6.669221,51.377184],[6.669112,51.375934],[6.668134,51.374338],[6.668399,51.37403]]]},"properties":{"name":"Krefeld","basis":"Auf der offiziellen Revierübersicht benannte oder innerhalb des kartierten Megaplexumrisses liegende Kommune; heutige Gemeindegrenze als geografische Liniengrundlage","boundary_role":"lore-municipality","source":"Code for Germany / Click That Hood","source_url":"https://github.com/codeforgermany/click_that_hood","boundary_review_status":"contextual","boundary_review_label":"Offizielle RRP-Karte abgeglichen; heutige Gemeindegeometrie nur als Liniengrundlage","entity_id":288,"description_preview":"Krefeld ist auf der offiziellen Revierübersicht als Stadt oder Kommune innerhalb des Rhein-Ruhr-Megaplexes verzeichnet.","description_full":"Krefeld ist auf der offiziellen Revierübersicht als Stadt oder Kommune innerhalb des Rhein-Ruhr-Megaplexes verzeichnet. Die Flächendarstellung folgt dem mit der offiziellen Shadowrun-Karte abgeglichenen Kommunenbestand. Die heutige Gemeindegeometrie dient ausschließlich als geografische Liniengrundlage; eine darüber hinausgehende eigene Stadtbeschreibung ist im zugeordneten Datenmaterial nicht eindeutig belegt.","editions":["SR6","SR1","SR2","SR3","SR4"],"sources":[{"bookId":"rrp-map-sr6","title":"Revierbericht 2082 – Karte","edition":"SR6","citation":"Revierübersicht: Stadt/Kommune Krefeld","purpose":"description"},{"bookId":"dids-sr1","title":"Deutschland in den Schatten","edition":"SR1","citation":"RRP-Kapitel: Krefeld","purpose":"description"},{"bookId":"dids-sr2","title":"Deutschland in den Schatten","edition":"SR2","citation":"RRP-Kapitel: Krefeld","purpose":"description"},{"bookId":"dids2-sr3","title":"Deutschland in den Schatten II","edition":"SR3","citation":"RRP-Kapitel: Krefeld","purpose":"description"},{"bookId":"rrmp-sr4","title":"Rhein-Ruhr-Megaplex","edition":"SR4","citation":"RRP-Kapitel: Krefeld","purpose":"description"},{"bookId":"archive-sr6-budenzauber-oef","title":"Budenzauber [OEF]","edition":"SR6","citation":"RRP-Kontextverweis: Krefeld","purpose":"description"},{"bookId":"revierbericht-sr6","title":"Revierbericht 2082","edition":"SR6","citation":"RRP-Kontextverweis: Krefeld","purpose":"description"}]}},{"type":"Feature","geometry":{"type":"Polygon","coordinates":[[[6.897022,51.065102],[6.957903,51.035424],[6.962553,51.032931],[6.966327,51.030428],[6.97076,51.026577],[6.972129,51.024973],[6.97318,51.023194],[6.973884,51.020694],[6.973817,51.01843],[6.973028,51.016034],[6.971812,51.014111],[6.975553,51.01303],[6.975517,51.011134],[6.977833,51.01135],[6.979322,51.011757],[6.979486,51.0115],[6.981783,51.012344],[6.981991,51.012013],[6.98287,51.012138],[6.985138,51.011782],[6.985053,51.011481],[6.986447,51.012181],[6.988162,51.01241],[6.990161,51.011987],[6.992816,51.012193],[6.994651,51.011857],[6.996343,51.011797],[6.995699,51.01399],[6.99703,51.014126],[6.996805,51.014427],[6.996577,51.015931],[6.995472,51.016054],[6.995304,51.016199],[6.995372,51.016427],[7.002929,51.01902],[7.002701,51.019469],[7.004684,51.019797],[7.007132,51.02064],[7.008526,51.020639],[7.009306,51.022644],[7.013828,51.022344],[7.013474,51.021963],[7.013074,51.021946],[7.013081,51.02177],[7.011746,51.021894],[7.011963,51.020449],[7.012722,51.019858],[7.013745,51.019781],[7.01422,51.019561],[7.014468,51.019032],[7.015159,51.018361],[7.015564,51.01746],[7.019733,51.017833],[7.021675,51.016109],[7.024557,51.017224],[7.02546,51.017769],[7.036491,51.018302],[7.038673,51.019785],[7.041403,51.021143],[7.042851,51.019869],[7.043058,51.019298],[7.050903,51.019146],[7.055122,51.018682],[7.057707,51.018982],[7.058645,51.017732],[7.061046,51.018856],[7.062772,51.019076],[7.067382,51.018715],[7.068329,51.018371],[7.068001,51.018084],[7.068861,51.017095],[7.065407,51.014917],[7.061773,51.013347],[7.071201,51.005184],[7.076021,51.001995],[7.075492,51.001047],[7.072367,50.999429],[7.068328,50.995754],[7.066584,50.993562],[7.067577,50.993579],[7.069109,50.99151],[7.069743,50.991632],[7.070007,50.991319],[7.069693,50.99046],[7.06904,50.989492],[7.075162,50.989208],[7.078971,50.988739],[7.081388,50.988654],[7.084152,50.987773],[7.088024,50.98796],[7.087935,50.985667],[7.089561,50.98643],[7.091458,50.986275],[7.092308,50.985875],[7.093878,50.985851],[7.094296,50.98552],[7.096253,50.98553],[7.096339,50.984979],[7.09685,50.984928],[7.096966,50.984297],[7.096073,50.983663],[7.095785,50.982768],[7.09377,50.982444],[7.095915,50.982071],[7.096618,50.981363],[7.099509,50.981592],[7.100051,50.980982],[7.098775,50.979906],[7.09757,50.979418],[7.096709,50.978827],[7.096025,50.977311],[7.09583,50.976192],[7.096362,50.975867],[7.096284,50.975408],[7.09642,50.975301],[7.096065,50.975013],[7.096151,50.974826],[7.096408,50.974741],[7.097033,50.975032],[7.099153,50.972627],[7.099701,50.972944],[7.100655,50.971321],[7.100967,50.970056],[7.101147,50.967966],[7.097644,50.963835],[7.096616,50.963936],[7.09486,50.963327],[7.092058,50.961652],[7.092289,50.961349],[7.091436,50.960982],[7.091888,50.960499],[7.08957,50.959721],[7.087303,50.959312],[7.087622,50.958743],[7.086608,50.958401],[7.08597,50.957931],[7.086591,50.957322],[7.08756,50.957478],[7.088855,50.956661],[7.092593,50.955145],[7.094212,50.954683],[7.095956,50.954579],[7.095346,50.953322],[7.098909,50.952153],[7.099201,50.951394],[7.099205,50.951207],[7.09794,50.951025],[7.096018,50.951828],[7.096611,50.950673],[7.097887,50.949098],[7.100721,50.94863],[7.109761,50.943663],[7.111164,50.943351],[7.111113,50.943118],[7.110833,50.943006],[7.111124,50.94267],[7.113358,50.94351],[7.114821,50.940793],[7.117362,50.941752],[7.11677,50.944003],[7.116746,50.944524],[7.11704,50.944438],[7.117112,50.944685],[7.118777,50.944283],[7.122269,50.944786],[7.122444,50.944679],[7.122629,50.944869],[7.123729,50.94457],[7.123711,50.944346],[7.12416,50.944187],[7.124478,50.944343],[7.124495,50.944094],[7.12562,50.944195],[7.125726,50.944057],[7.125925,50.944288],[7.126089,50.944085],[7.128538,50.944146],[7.128684,50.944071],[7.128607,50.943887],[7.12895,50.94395],[7.129465,50.943693],[7.129653,50.943863],[7.129965,50.943751],[7.130359,50.944144],[7.130478,50.944048],[7.130332,50.94383],[7.130954,50.94407],[7.131491,50.943926],[7.131316,50.943655],[7.13179,50.943611],[7.132123,50.943917],[7.133376,50.944235],[7.133385,50.944403],[7.134153,50.944283],[7.134503,50.944974],[7.134827,50.944791],[7.135078,50.944985],[7.135123,50.944782],[7.135361,50.944843],[7.135391,50.94507],[7.136291,50.94518],[7.136416,50.944981],[7.13665,50.945289],[7.137548,50.94537],[7.137935,50.945587],[7.137961,50.945747],[7.13776,50.945764],[7.137976,50.945953],[7.139254,50.945649],[7.139496,50.94576],[7.139348,50.946025],[7.139594,50.946367],[7.140273,50.946362],[7.140656,50.94674],[7.14159,50.946872],[7.141605,50.946552],[7.142725,50.946415],[7.143155,50.946027],[7.143368,50.946195],[7.144421,50.946205],[7.144665,50.946509],[7.144521,50.945686],[7.145397,50.944843],[7.145097,50.944417],[7.144261,50.941689],[7.143621,50.940525],[7.141961,50.938464],[7.141131,50.936551],[7.14097,50.935297],[7.139742,50.933534],[7.139741,50.932379],[7.136658,50.927835],[7.139964,50.922814],[7.139345,50.92077],[7.13966,50.919867],[7.138161,50.918449],[7.138299,50.917174],[7.138163,50.916333],[7.1388,50.91422],[7.137482,50.909545],[7.136502,50.907815],[7.136626,50.905871],[7.134954,50.90612],[7.133602,50.903434],[7.137102,50.902483],[7.138473,50.900656],[7.139742,50.896909],[7.139415,50.893462],[7.140898,50.889418],[7.140836,50.887559],[7.139102,50.885325],[7.138581,50.884157],[7.137358,50.883011],[7.137452,50.881335],[7.142605,50.877995],[7.148122,50.875995],[7.152134,50.873686],[7.153456,50.873496],[7.15735,50.87416],[7.158779,50.873866],[7.159656,50.873346],[7.161834,50.870553],[7.162043,50.869948],[7.161807,50.869302],[7.159889,50.867476],[7.159571,50.866915],[7.144141,50.860459],[7.13787,50.858108],[7.113483,50.845638],[7.112786,50.84291],[7.111357,50.842116],[7.110099,50.841632],[7.10546,50.840853],[7.101285,50.839086],[7.101113,50.838831],[7.097984,50.837684],[7.095156,50.835],[7.086329,50.831733],[7.079236,50.830745],[7.068173,50.830869],[7.06254,50.830434],[7.062163,50.840196],[7.061383,50.844082],[7.059924,50.845599],[7.058555,50.847535],[7.057973,50.849246],[7.05481,50.849145],[7.054703,50.849484],[7.051221,50.849353],[7.051122,50.850102],[7.043866,50.849141],[7.037444,50.848822],[7.034364,50.849049],[7.034129,50.847775],[7.034424,50.846525],[7.027293,50.846938],[7.027142,50.843768],[7.023369,50.839255],[7.017092,50.83965],[7.015551,50.837758],[7.013576,50.837914],[7.011756,50.839987],[7.008394,50.838039],[7.005873,50.837009],[7.005971,50.837389],[7.004452,50.837524],[7.004191,50.836821],[7.001135,50.837077],[6.998906,50.837647],[6.998308,50.836336],[6.9937,50.837947],[6.992643,50.837123],[6.987149,50.839167],[6.986744,50.840172],[6.986366,50.840312],[6.986671,50.840572],[6.985041,50.841478],[6.986219,50.84249],[6.983971,50.843953],[6.981992,50.842461],[6.980516,50.840859],[6.977861,50.841569],[6.976628,50.841183],[6.973658,50.844102],[6.97182,50.843121],[6.970728,50.842308],[6.968786,50.840669],[6.967818,50.839259],[6.967327,50.838878],[6.95466,50.834767],[6.953325,50.8366],[6.949986,50.839765],[6.944901,50.845424],[6.938166,50.844333],[6.938532,50.843472],[6.939527,50.842222],[6.941492,50.840281],[6.940375,50.83995],[6.940914,50.839109],[6.939689,50.838724],[6.939908,50.838367],[6.937984,50.838361],[6.932227,50.837472],[6.93044,50.837457],[6.930888,50.837771],[6.929768,50.841278],[6.927904,50.841114],[6.92851,50.843928],[6.924921,50.843643],[6.923408,50.84911],[6.919897,50.849101],[6.920096,50.850416],[6.918542,50.850071],[6.920617,50.852928],[6.920388,50.853022],[6.919944,50.854279],[6.919743,50.854248],[6.918913,50.856263],[6.917143,50.856062],[6.916433,50.858678],[6.917594,50.860813],[6.920145,50.86343],[6.92177,50.864943],[6.92309,50.865441],[6.921587,50.868532],[6.919311,50.870932],[6.919549,50.871075],[6.914089,50.876898],[6.914018,50.877018],[6.914234,50.877129],[6.914057,50.8772],[6.913486,50.880091],[6.914056,50.881949],[6.913738,50.882318],[6.912853,50.882685],[6.9144,50.885305],[6.919708,50.892582],[6.919981,50.893251],[6.913274,50.896231],[6.910978,50.896133],[6.909074,50.897083],[6.907965,50.896906],[6.909418,50.898306],[6.905368,50.899955],[6.903593,50.900944],[6.879976,50.911589],[6.877097,50.910477],[6.873961,50.908242],[6.870466,50.906719],[6.86721,50.905565],[6.863476,50.904824],[6.860479,50.903852],[6.84772,50.909148],[6.847717,50.909318],[6.846978,50.909621],[6.846723,50.911273],[6.84562,50.913324],[6.844521,50.914846],[6.84484,50.914915],[6.844335,50.915151],[6.842999,50.916918],[6.842611,50.917112],[6.843124,50.917366],[6.842971,50.91763],[6.841088,50.917232],[6.841457,50.917421],[6.841001,50.918612],[6.842117,50.919782],[6.842318,50.921399],[6.843016,50.923904],[6.84264,50.925242],[6.842235,50.925812],[6.841619,50.926244],[6.840611,50.92668],[6.83781,50.927349],[6.833049,50.928152],[6.826992,50.928904],[6.820905,50.929374],[6.821112,50.930069],[6.821936,50.930584],[6.820726,50.932882],[6.817695,50.932908],[6.817815,50.938704],[6.814165,50.938875],[6.805127,50.93868],[6.805174,50.939643],[6.814531,50.940597],[6.814429,50.941041],[6.812563,50.942304],[6.8114,50.945326],[6.808393,50.948712],[6.81167,50.948239],[6.816423,50.951982],[6.815476,50.952316],[6.82069,50.955491],[6.824692,50.957075],[6.818819,50.964482],[6.8186,50.964873],[6.818711,50.965242],[6.823843,50.967638],[6.830687,50.971988],[6.827871,50.974772],[6.836918,50.980199],[6.83945,50.982471],[6.838482,50.982976],[6.843319,50.987088],[6.844623,50.988798],[6.841756,50.989771],[6.839489,50.99094],[6.839535,50.991715],[6.839238,50.993485],[6.837434,50.995723],[6.835321,50.99975],[6.842065,51.004374],[6.84487,51.004024],[6.837299,51.011165],[6.83979,51.011894],[6.841678,51.012028],[6.841239,51.012262],[6.835601,51.017629],[6.833934,51.017858],[6.841569,51.024694],[6.835603,51.027159],[6.839929,51.028857],[6.829923,51.033403],[6.827817,51.033674],[6.824194,51.037366],[6.822608,51.036436],[6.82052,51.038573],[6.820354,51.038366],[6.820061,51.038466],[6.8192,51.037776],[6.816439,51.03628],[6.813962,51.035345],[6.812967,51.036648],[6.812705,51.036727],[6.808339,51.03524],[6.806153,51.038833],[6.805393,51.039511],[6.80279,51.038677],[6.798184,51.036728],[6.797773,51.037317],[6.796132,51.038811],[6.795845,51.039509],[6.795004,51.040651],[6.794898,51.041212],[6.79397,51.041838],[6.793716,51.042328],[6.792744,51.043056],[6.791204,51.044742],[6.790249,51.046519],[6.789484,51.048583],[6.78834,51.049821],[6.787221,51.050483],[6.785208,51.052118],[6.781384,51.054163],[6.779155,51.05571],[6.777598,51.056472],[6.777243,51.056166],[6.776551,51.056479],[6.775406,51.05737],[6.773868,51.059193],[6.772933,51.059976],[6.77256,51.061616],[6.773854,51.064115],[6.786831,51.06877],[6.791267,51.067413],[6.791415,51.066465],[6.792101,51.065384],[6.791911,51.064851],[6.79208,51.064493],[6.792792,51.063986],[6.795345,51.063093],[6.797288,51.061287],[6.798971,51.060048],[6.798508,51.059926],[6.798766,51.059533],[6.799707,51.059785],[6.800848,51.059526],[6.801008,51.057553],[6.800852,51.056119],[6.801406,51.054889],[6.802468,51.053382],[6.803474,51.050637],[6.804924,51.048628],[6.805709,51.047959],[6.806297,51.046967],[6.808082,51.046304],[6.811485,51.046255],[6.813224,51.045871],[6.813774,51.045913],[6.813568,51.047857],[6.812999,51.048655],[6.813113,51.049136],[6.813873,51.050673],[6.814856,51.051902],[6.816273,51.051815],[6.816709,51.05363],[6.8165,51.053845],[6.8178,51.053876],[6.824957,51.055979],[6.832507,51.059097],[6.833704,51.059776],[6.831397,51.065921],[6.830139,51.066976],[6.82931,51.068099],[6.82614,51.073103],[6.824551,51.074433],[6.825846,51.07515],[6.837878,51.077727],[6.836605,51.080081],[6.84419,51.081716],[6.843041,51.083766],[6.848547,51.084961],[6.848735,51.084213],[6.850587,51.084521],[6.853223,51.084131],[6.852994,51.082981],[6.853122,51.081431],[6.8536,51.079644],[6.854207,51.078334],[6.856558,51.075876],[6.85836,51.074695],[6.859966,51.073906],[6.862476,51.07301],[6.864706,51.0725],[6.876931,51.070719],[6.882387,51.069708],[6.890621,51.06756],[6.897022,51.065102]]]},"properties":{"name":"Köln","basis":"Auf der offiziellen Revierübersicht benannte oder innerhalb des kartierten Megaplexumrisses liegende Kommune; heutige Gemeindegrenze als geografische Liniengrundlage","boundary_role":"lore-municipality","source":"Code for Germany / Click That Hood","source_url":"https://github.com/codeforgermany/click_that_hood","entity_id":241,"description_preview":"Köln wird von Medien, Kirche, Ford, Knight Errant und einem dichten kriminellen Klüngel geprägt. Der Schwarze Souk in Ehrenfeld ist ein eigener Macht- und Schattenraum.","description_full":"Köln wird von Medien, Kirche, Ford, Knight Errant und einem dichten kriminellen Klüngel geprägt. Der Schwarze Souk in Ehrenfeld ist ein eigener Macht- und Schattenraum. Die Zusammenfassung folgt dem Bezirkskapitel der angegebenen Edition; heutige Grenzen dienen nur der geografischen Einordnung.","editions":["SR6","SR1","SR2","SR3","SR4","SR5"],"boundary_review_status":"contextual","boundary_review_label":"Offizielle RRP-Karte abgeglichen; heutige Gemeindegeometrie nur als Liniengrundlage","sources":[{"bookId":"revierbericht-sr6","title":"Revierbericht 2082","edition":"SR6","citation":"S. 26–30","purpose":"description"},{"bookId":"dids-sr1","title":"Deutschland in den Schatten","edition":"SR1","citation":"RRP-Kapitel: Köln","purpose":"description"},{"bookId":"dids-sr2","title":"Deutschland in den Schatten","edition":"SR2","citation":"RRP-Kapitel: Köln","purpose":"description"},{"bookId":"dids2-sr3","title":"Deutschland in den Schatten II","edition":"SR3","citation":"RRP-Kapitel: Köln","purpose":"description"},{"bookId":"rrmp-sr4","title":"Rhein-Ruhr-Megaplex","edition":"SR4","citation":"RRP-Kapitel: Köln","purpose":"description"},{"bookId":"datapuls-adl-sr5","title":"Datapuls: ADL","edition":"SR5","citation":"RRP-Kapitel: Köln","purpose":"description"}]}},{"type":"Feature","geometry":{"type":"Polygon","coordinates":[[[6.908336,51.108758],[6.905702,51.109332],[6.90546,51.11051],[6.903965,51.111585],[6.905847,51.112588],[6.905282,51.115272],[6.90776,51.114855],[6.908308,51.115854],[6.911683,51.11658],[6.91203,51.116811],[6.912168,51.117866],[6.913108,51.118575],[6.912202,51.123871],[6.911729,51.127922],[6.912823,51.128383],[6.913139,51.128065],[6.916362,51.129469],[6.91704,51.128926],[6.918938,51.129755],[6.918341,51.130357],[6.918105,51.133662],[6.919248,51.1341],[6.918656,51.134576],[6.921244,51.135383],[6.922344,51.135509],[6.922207,51.136099],[6.925153,51.136528],[6.924745,51.137323],[6.925069,51.137388],[6.924602,51.138392],[6.923263,51.140166],[6.923265,51.140505],[6.931351,51.140501],[6.929721,51.14297],[6.934781,51.144198],[6.935063,51.143831],[6.936095,51.143651],[6.937844,51.144003],[6.938211,51.144139],[6.938067,51.144325],[6.938184,51.144481],[6.939654,51.145531],[6.941105,51.146135],[6.947421,51.145936],[6.947507,51.146601],[6.952326,51.147086],[6.95489,51.146991],[6.957735,51.14611],[6.961375,51.146494],[6.962895,51.144158],[6.963279,51.14406],[6.967229,51.147978],[6.968279,51.148096],[6.971026,51.149389],[6.971224,51.14883],[6.972791,51.148822],[6.974148,51.147695],[6.974646,51.148147],[6.975758,51.148171],[6.977418,51.146583],[6.978182,51.146839],[6.980609,51.145436],[6.980987,51.14471],[6.982018,51.145016],[6.983235,51.145111],[6.986095,51.146324],[6.987105,51.14546],[6.9881,51.145099],[6.991309,51.145317],[6.994436,51.144647],[6.996328,51.140346],[6.998329,51.133724],[6.997945,51.132289],[6.995613,51.13031],[6.994043,51.127508],[6.993415,51.125809],[6.994861,51.124861],[6.996194,51.124899],[6.996317,51.123084],[6.996528,51.123092],[6.997412,51.120912],[6.998677,51.119194],[6.997963,51.118045],[7.000986,51.115242],[6.997434,51.114032],[6.995336,51.113007],[6.995458,51.111902],[6.994996,51.111885],[6.99409,51.110748],[6.995433,51.110348],[6.99535,51.109376],[6.994469,51.109504],[6.993785,51.109347],[6.994016,51.108934],[6.99303,51.108729],[6.989836,51.109381],[6.988133,51.107255],[6.988837,51.088883],[6.98824,51.073946],[6.983393,51.071469],[6.976537,51.068594],[6.974484,51.067365],[6.973428,51.068662],[6.974325,51.069075],[6.971868,51.068056],[6.969217,51.070597],[6.964791,51.068742],[6.962658,51.070853],[6.96011,51.070183],[6.959229,51.072538],[6.958551,51.071987],[6.956682,51.072358],[6.957648,51.070777],[6.951647,51.072077],[6.95123,51.069973],[6.950954,51.069947],[6.948228,51.070528],[6.948535,51.072419],[6.945378,51.071003],[6.943568,51.072049],[6.9424,51.071544],[6.941074,51.073214],[6.937163,51.076849],[6.935712,51.078083],[6.935399,51.077862],[6.934194,51.078992],[6.933439,51.078431],[6.930147,51.080583],[6.928999,51.079247],[6.928558,51.079539],[6.928504,51.0798],[6.928595,51.0813],[6.928866,51.081891],[6.930563,51.083235],[6.930524,51.083774],[6.928597,51.088324],[6.927565,51.09163],[6.926734,51.09575],[6.926717,51.097062],[6.92581,51.096585],[6.925468,51.096827],[6.925759,51.097161],[6.925104,51.097781],[6.925156,51.098196],[6.925891,51.098907],[6.925972,51.099885],[6.925062,51.102901],[6.9234,51.105873],[6.92083,51.105582],[6.921216,51.104178],[6.918681,51.103915],[6.914289,51.105143],[6.912074,51.106083],[6.910321,51.106536],[6.909162,51.106216],[6.908044,51.108403],[6.908398,51.10843],[6.908336,51.108758]]]},"properties":{"name":"Langenfeld (Rhld.)","basis":"Auf der offiziellen Revierübersicht benannte oder innerhalb des kartierten Megaplexumrisses liegende Kommune; heutige Gemeindegrenze als geografische Liniengrundlage","boundary_role":"lore-municipality","source":"Code for Germany / Click That Hood","source_url":"https://github.com/codeforgermany/click_that_hood","boundary_review_status":"contextual","boundary_review_label":"Offizielle RRP-Karte abgeglichen; heutige Gemeindegeometrie nur als Liniengrundlage","entity_id":289,"description_preview":"Langenfeld (Rhld.) ist auf der offiziellen Revierübersicht als Stadt oder Kommune innerhalb des Rhein-Ruhr-Megaplexes verzeichnet.","description_full":"Langenfeld (Rhld.) ist auf der offiziellen Revierübersicht als Stadt oder Kommune innerhalb des Rhein-Ruhr-Megaplexes verzeichnet. Die Flächendarstellung folgt dem mit der offiziellen Shadowrun-Karte abgeglichenen Kommunenbestand. Die heutige Gemeindegeometrie dient ausschließlich als geografische Liniengrundlage; eine darüber hinausgehende eigene Stadtbeschreibung ist im zugeordneten Datenmaterial nicht eindeutig belegt.","editions":["SR6"],"sources":[{"bookId":"rrp-map-sr6","title":"Revierbericht 2082 – Karte","edition":"SR6","citation":"Revierübersicht: Stadt/Kommune Langenfeld (Rhld.)","purpose":"description"}]}},{"type":"Feature","geometry":{"type":"Polygon","coordinates":[[[6.957903,51.035424],[6.897832,51.064725],[6.902041,51.068436],[6.901884,51.068638],[6.902154,51.068769],[6.9039,51.06791],[6.913888,51.075979],[6.917807,51.080209],[6.919327,51.081517],[6.920906,51.080957],[6.921837,51.08202],[6.923491,51.08064],[6.925485,51.081723],[6.928999,51.079247],[6.930147,51.080583],[6.933439,51.078431],[6.934194,51.078992],[6.935399,51.077862],[6.935712,51.078083],[6.937163,51.076849],[6.941074,51.073214],[6.9424,51.071544],[6.943568,51.072049],[6.945378,51.071003],[6.948535,51.072419],[6.948228,51.070528],[6.950954,51.069947],[6.95123,51.069973],[6.951647,51.072077],[6.957648,51.070777],[6.956682,51.072358],[6.958551,51.071987],[6.959229,51.072538],[6.96011,51.070183],[6.962658,51.070853],[6.964791,51.068742],[6.969217,51.070597],[6.971868,51.068056],[6.974325,51.069075],[6.973428,51.068662],[6.974484,51.067365],[6.976537,51.068594],[6.983393,51.071469],[6.98824,51.073946],[6.988821,51.087447],[6.988752,51.091395],[6.998645,51.086333],[7.002536,51.083987],[7.003318,51.084707],[7.004054,51.084948],[7.007006,51.084575],[7.007789,51.083898],[7.008794,51.082327],[7.009677,51.081908],[7.009653,51.081733],[7.009434,51.081718],[7.009347,51.081228],[7.009548,51.080999],[7.009955,51.080948],[7.010162,51.081183],[7.012997,51.08184],[7.016262,51.082989],[7.019158,51.084208],[7.020854,51.085151],[7.022718,51.085719],[7.023108,51.08611],[7.02304,51.086628],[7.024339,51.086811],[7.025831,51.087696],[7.027065,51.088033],[7.026822,51.088227],[7.027282,51.088893],[7.027431,51.089475],[7.028685,51.089259],[7.030786,51.089335],[7.031376,51.090237],[7.0308,51.090662],[7.031219,51.091408],[7.030298,51.091621],[7.03061,51.092241],[7.030477,51.092303],[7.030999,51.092951],[7.031159,51.092886],[7.031173,51.093447],[7.032525,51.093256],[7.033368,51.093374],[7.034051,51.093608],[7.034983,51.094408],[7.036196,51.09455],[7.036575,51.094773],[7.037619,51.094525],[7.037929,51.094763],[7.038955,51.0948],[7.038931,51.095551],[7.038546,51.096186],[7.038755,51.09655],[7.039183,51.096488],[7.039499,51.096192],[7.040262,51.096214],[7.040872,51.095868],[7.041009,51.095514],[7.042353,51.095746],[7.043162,51.096309],[7.043661,51.097085],[7.044096,51.09721],[7.045068,51.096762],[7.045781,51.096032],[7.048873,51.095461],[7.05006,51.095876],[7.051379,51.095698],[7.052336,51.095821],[7.052918,51.095573],[7.053677,51.095621],[7.054541,51.095968],[7.055087,51.095742],[7.056245,51.095686],[7.058759,51.096369],[7.060564,51.096414],[7.061492,51.096777],[7.063374,51.096291],[7.065487,51.096558],[7.065952,51.09609],[7.066554,51.095958],[7.068725,51.096179],[7.069309,51.096056],[7.069448,51.096211],[7.072171,51.096299],[7.073305,51.096726],[7.073253,51.09686],[7.074464,51.09697],[7.074615,51.096702],[7.07389,51.096597],[7.073192,51.09549],[7.072702,51.095078],[7.073005,51.091166],[7.072688,51.091124],[7.072871,51.089785],[7.072244,51.089783],[7.072399,51.08932],[7.071347,51.089198],[7.071331,51.088311],[7.070129,51.0882],[7.070352,51.087828],[7.070793,51.087895],[7.070939,51.087468],[7.069996,51.087363],[7.070101,51.087156],[7.069142,51.086916],[7.069345,51.086632],[7.067947,51.086329],[7.068178,51.085606],[7.067529,51.085506],[7.067672,51.085206],[7.06713,51.0851],[7.067257,51.08469],[7.06629,51.084796],[7.065928,51.084121],[7.065093,51.084243],[7.064707,51.08381],[7.064275,51.083816],[7.063989,51.083521],[7.06464,51.083564],[7.064709,51.083192],[7.064553,51.083126],[7.064649,51.082811],[7.064342,51.082618],[7.06446,51.082052],[7.062966,51.081618],[7.063512,51.080975],[7.060792,51.078992],[7.059671,51.0787],[7.057599,51.077524],[7.059399,51.076053],[7.059304,51.075455],[7.059811,51.074576],[7.060181,51.074589],[7.061006,51.074175],[7.062351,51.073297],[7.062802,51.07336],[7.063185,51.072805],[7.064206,51.07328],[7.06473,51.072999],[7.066516,51.071038],[7.067648,51.070159],[7.068405,51.068676],[7.069071,51.06894],[7.069364,51.068584],[7.07062,51.068842],[7.072332,51.069836],[7.073966,51.068929],[7.073978,51.068437],[7.074472,51.068054],[7.074528,51.067623],[7.074892,51.067459],[7.074647,51.067189],[7.07494,51.06687],[7.077115,51.06672],[7.077594,51.06616],[7.07842,51.066561],[7.079062,51.066448],[7.08014,51.066851],[7.079842,51.067112],[7.080829,51.067464],[7.08377,51.067139],[7.086842,51.066491],[7.087445,51.066937],[7.089024,51.066001],[7.090429,51.066724],[7.091005,51.067257],[7.093643,51.066018],[7.094881,51.064799],[7.096169,51.065449],[7.100956,51.065565],[7.101015,51.066867],[7.099951,51.067582],[7.099862,51.068104],[7.102052,51.067829],[7.103664,51.06717],[7.105638,51.066723],[7.10627,51.066183],[7.107442,51.065603],[7.108609,51.064574],[7.110812,51.064011],[7.114754,51.063544],[7.113615,51.063023],[7.111829,51.061318],[7.111932,51.060908],[7.112837,51.060939],[7.112985,51.060689],[7.113307,51.060796],[7.11427,51.059653],[7.114378,51.059045],[7.114792,51.058532],[7.11611,51.058133],[7.113389,51.057253],[7.112893,51.057167],[7.112881,51.057322],[7.112122,51.057003],[7.112243,51.056818],[7.111216,51.056268],[7.109371,51.05642],[7.108646,51.056223],[7.108883,51.055892],[7.107874,51.055637],[7.108266,51.055007],[7.107274,51.054848],[7.106159,51.054037],[7.10423,51.053471],[7.102105,51.052222],[7.101278,51.052148],[7.10019,51.051695],[7.098425,51.050513],[7.097264,51.05026],[7.099549,51.049309],[7.101927,51.049208],[7.101921,51.048147],[7.101692,51.047678],[7.10139,51.047691],[7.10128,51.046698],[7.100447,51.04673],[7.10034,51.046354],[7.099682,51.046395],[7.098586,51.04597],[7.098314,51.044853],[7.098421,51.043768],[7.098855,51.043239],[7.098541,51.043178],[7.098622,51.042994],[7.097819,51.04294],[7.097369,51.042506],[7.097346,51.042348],[7.097686,51.042412],[7.097834,51.042003],[7.098641,51.041859],[7.099506,51.041177],[7.100766,51.040605],[7.098446,51.038125],[7.097656,51.037714],[7.095328,51.035898],[7.092395,51.034561],[7.092707,51.034124],[7.09319,51.034292],[7.09401,51.032922],[7.097021,51.032008],[7.097698,51.031471],[7.098168,51.030751],[7.095672,51.029348],[7.096055,51.029079],[7.094738,51.027999],[7.094534,51.027769],[7.094641,51.027576],[7.091102,51.025872],[7.088096,51.025522],[7.086204,51.026546],[7.085165,51.026828],[7.083263,51.026222],[7.08121,51.02607],[7.080416,51.026269],[7.079265,51.026931],[7.078699,51.026943],[7.078838,51.026645],[7.077185,51.025072],[7.076582,51.02309],[7.076357,51.023088],[7.07597,51.022038],[7.073972,51.021974],[7.073377,51.021312],[7.071691,51.020957],[7.068329,51.018371],[7.067382,51.018715],[7.062772,51.019076],[7.061046,51.018856],[7.058645,51.017732],[7.057707,51.018982],[7.055122,51.018682],[7.050903,51.019146],[7.043058,51.019298],[7.042851,51.019869],[7.041403,51.021143],[7.038673,51.019785],[7.036491,51.018302],[7.02546,51.017769],[7.024557,51.017224],[7.021675,51.016109],[7.019733,51.017833],[7.015564,51.01746],[7.015159,51.018361],[7.014468,51.019032],[7.01422,51.019561],[7.013745,51.019781],[7.012722,51.019858],[7.011963,51.020449],[7.011746,51.021894],[7.013081,51.02177],[7.013074,51.021946],[7.013474,51.021963],[7.013828,51.022344],[7.009306,51.022644],[7.008526,51.020639],[7.007132,51.02064],[7.004684,51.019797],[7.002701,51.019469],[7.002929,51.01902],[6.995372,51.016427],[6.995304,51.016199],[6.995472,51.016054],[6.996577,51.015931],[6.996805,51.014427],[6.99703,51.014126],[6.995699,51.01399],[6.996343,51.011797],[6.994651,51.011857],[6.992816,51.012193],[6.990161,51.011987],[6.988162,51.01241],[6.986447,51.012181],[6.985053,51.011481],[6.985138,51.011782],[6.98287,51.012138],[6.981991,51.012013],[6.981783,51.012344],[6.979486,51.0115],[6.979322,51.011757],[6.977833,51.01135],[6.975517,51.011134],[6.975553,51.01303],[6.971812,51.014111],[6.973028,51.016034],[6.973817,51.01843],[6.973884,51.020694],[6.97318,51.023194],[6.972129,51.024973],[6.97076,51.026577],[6.966327,51.030428],[6.962553,51.032931],[6.957903,51.035424]]]},"properties":{"name":"Leverkusen","basis":"Auf der offiziellen Revierübersicht benannte oder innerhalb des kartierten Megaplexumrisses liegende Kommune; heutige Gemeindegrenze als geografische Liniengrundlage","boundary_role":"lore-municipality","source":"Code for Germany / Click That Hood","source_url":"https://github.com/codeforgermany/click_that_hood","entity_id":242,"description_preview":"Leverkusen und das Bergische Land stehen wirtschaftlich stark unter dem Einfluss der AG Chemie. Chemiepark, Entsorgung, Tourismus und Schattenlabore bestimmen das Gebiet.","description_full":"Leverkusen und das Bergische Land stehen wirtschaftlich stark unter dem Einfluss der AG Chemie. Chemiepark, Entsorgung, Tourismus und Schattenlabore bestimmen das Gebiet. Die Zusammenfassung folgt dem Bezirkskapitel der angegebenen Edition; heutige Grenzen dienen nur der geografischen Einordnung.","editions":["SR6","SR1","SR2","SR3","SR4","SR5"],"boundary_review_status":"contextual","boundary_review_label":"Offizielle RRP-Karte abgeglichen; heutige Gemeindegeometrie nur als Liniengrundlage","sources":[{"bookId":"revierbericht-sr6","title":"Revierbericht 2082","edition":"SR6","citation":"S. 30–34","purpose":"description"},{"bookId":"dids-sr1","title":"Deutschland in den Schatten","edition":"SR1","citation":"RRP-Kapitel: Leverkusen","purpose":"description"},{"bookId":"dids-sr2","title":"Deutschland in den Schatten","edition":"SR2","citation":"RRP-Kapitel: Leverkusen","purpose":"description"},{"bookId":"dids2-sr3","title":"Deutschland in den Schatten II","edition":"SR3","citation":"RRP-Kapitel: Leverkusen","purpose":"description"},{"bookId":"rrmp-sr4","title":"Rhein-Ruhr-Megaplex","edition":"SR4","citation":"RRP-Kapitel: Leverkusen","purpose":"description"},{"bookId":"datapuls-adl-sr5","title":"Datapuls: ADL","edition":"SR5","citation":"RRP-Kapitel: Leverkusen","purpose":"description"}]}},{"type":"Feature","geometry":{"type":"Polygon","coordinates":[[[7.583307,51.595606],[7.592418,51.594434],[7.591115,51.591083],[7.590671,51.589133],[7.590304,51.583183],[7.582178,51.581157],[7.581581,51.583655],[7.577337,51.583113],[7.5774,51.583449],[7.575527,51.583702],[7.569889,51.584094],[7.570444,51.585799],[7.563775,51.584889],[7.563086,51.586662],[7.556675,51.585913],[7.551264,51.584814],[7.536497,51.580238],[7.532554,51.57921],[7.52655,51.578101],[7.521894,51.577829],[7.515752,51.578072],[7.516007,51.578612],[7.502821,51.579122],[7.502654,51.579874],[7.502361,51.579946],[7.502202,51.580872],[7.502683,51.581495],[7.504086,51.585468],[7.503941,51.586062],[7.502081,51.586396],[7.501637,51.586317],[7.499664,51.589832],[7.499219,51.589708],[7.497969,51.592254],[7.490497,51.592488],[7.488563,51.592131],[7.485165,51.590923],[7.478007,51.589339],[7.477543,51.589995],[7.475951,51.590792],[7.474881,51.589815],[7.471028,51.587135],[7.470565,51.587466],[7.469571,51.587171],[7.467981,51.588871],[7.467223,51.586885],[7.466953,51.586865],[7.465544,51.585873],[7.465405,51.586119],[7.464903,51.586134],[7.463746,51.585773],[7.462269,51.584846],[7.462225,51.584497],[7.461898,51.584652],[7.461311,51.58436],[7.460101,51.58319],[7.458935,51.583548],[7.458984,51.583862],[7.456361,51.583767],[7.456143,51.584214],[7.454411,51.583169],[7.454985,51.583067],[7.452498,51.581869],[7.449653,51.582949],[7.447467,51.581561],[7.446638,51.58178],[7.446096,51.579585],[7.446216,51.579472],[7.423732,51.584582],[7.418083,51.585056],[7.421177,51.587433],[7.422354,51.58913],[7.423323,51.59017],[7.422618,51.590462],[7.425385,51.591873],[7.42518,51.592284],[7.42372,51.593722],[7.426147,51.594616],[7.424963,51.596184],[7.422661,51.597567],[7.423412,51.597981],[7.421268,51.599491],[7.420155,51.599617],[7.418953,51.600037],[7.426337,51.603125],[7.43246,51.604225],[7.434936,51.606522],[7.435085,51.606243],[7.435728,51.606885],[7.436139,51.606751],[7.43669,51.607305],[7.437664,51.606928],[7.437566,51.607166],[7.437832,51.607089],[7.438206,51.606201],[7.439221,51.605819],[7.440711,51.605635],[7.441261,51.605762],[7.442888,51.607197],[7.443475,51.608547],[7.446247,51.608322],[7.448267,51.608452],[7.448551,51.60755],[7.449662,51.608464],[7.450221,51.609266],[7.451187,51.609453],[7.45158,51.609895],[7.451566,51.610519],[7.452773,51.61077],[7.453622,51.611353],[7.456304,51.612039],[7.455967,51.612696],[7.4584,51.613605],[7.460859,51.617753],[7.459945,51.619674],[7.45923,51.62038],[7.458856,51.621678],[7.458899,51.62351],[7.458641,51.624115],[7.458173,51.624294],[7.459387,51.625008],[7.461494,51.625397],[7.46343,51.626285],[7.463253,51.626618],[7.463354,51.627296],[7.464839,51.628651],[7.465162,51.629334],[7.465193,51.630068],[7.464696,51.630559],[7.46296,51.631259],[7.462423,51.632163],[7.460663,51.633746],[7.46001,51.634833],[7.460024,51.63549],[7.460384,51.636086],[7.462366,51.637113],[7.462373,51.638006],[7.462148,51.638686],[7.461522,51.638771],[7.460239,51.637972],[7.459106,51.63696],[7.458245,51.636843],[7.454196,51.638041],[7.453527,51.638595],[7.453486,51.639276],[7.454033,51.639915],[7.456636,51.640446],[7.456932,51.64068],[7.457039,51.641195],[7.458752,51.640459],[7.463892,51.641217],[7.469178,51.644866],[7.472172,51.647322],[7.473886,51.647962],[7.476596,51.647809],[7.476285,51.651333],[7.476395,51.65227],[7.4762,51.652705],[7.478936,51.651738],[7.48096,51.651809],[7.483423,51.650104],[7.486253,51.648582],[7.487952,51.648581],[7.489589,51.648883],[7.491232,51.648933],[7.492687,51.648152],[7.493723,51.647264],[7.49596,51.646988],[7.496821,51.646656],[7.496663,51.646527],[7.496964,51.646425],[7.497115,51.645953],[7.497467,51.646063],[7.497591,51.64574],[7.497283,51.645654],[7.497507,51.645324],[7.498084,51.645185],[7.498377,51.645782],[7.501011,51.647203],[7.502556,51.647224],[7.504059,51.647846],[7.505797,51.648235],[7.506452,51.648622],[7.506436,51.648308],[7.506653,51.648354],[7.507264,51.648931],[7.508531,51.647027],[7.511689,51.645554],[7.513883,51.646182],[7.514801,51.646208],[7.515483,51.645698],[7.518429,51.6448],[7.521737,51.644463],[7.523864,51.644507],[7.526015,51.64353],[7.527876,51.643519],[7.52873,51.644392],[7.530185,51.64499],[7.531319,51.644539],[7.533196,51.644495],[7.536411,51.645905],[7.537481,51.646014],[7.538345,51.64588],[7.539387,51.645213],[7.540897,51.645964],[7.543127,51.644537],[7.543744,51.643903],[7.544034,51.643996],[7.544357,51.643725],[7.546409,51.644564],[7.548182,51.643734],[7.549598,51.642965],[7.550097,51.64126],[7.551771,51.639424],[7.553787,51.637627],[7.553799,51.636464],[7.555082,51.634547],[7.555901,51.633555],[7.557598,51.63238],[7.558354,51.631404],[7.560636,51.630729],[7.562271,51.630516],[7.56265,51.629969],[7.563388,51.6295],[7.564777,51.629679],[7.566243,51.628049],[7.567259,51.627304],[7.567596,51.627725],[7.567665,51.62888],[7.568196,51.629636],[7.569437,51.629411],[7.570633,51.628861],[7.572733,51.6269],[7.572219,51.626664],[7.573975,51.625656],[7.574444,51.625816],[7.575426,51.625717],[7.576066,51.624928],[7.576658,51.624902],[7.578562,51.625206],[7.578739,51.625018],[7.580844,51.625472],[7.58154,51.624633],[7.581935,51.624003],[7.577962,51.622901],[7.570853,51.620327],[7.566647,51.619385],[7.566783,51.619156],[7.566589,51.619126],[7.567036,51.618523],[7.568882,51.616435],[7.56892,51.615955],[7.567891,51.615324],[7.566806,51.615083],[7.566966,51.614807],[7.566806,51.613767],[7.566219,51.613106],[7.565655,51.613125],[7.565565,51.612871],[7.565666,51.612638],[7.566103,51.612548],[7.565966,51.612354],[7.565394,51.61177],[7.564608,51.61181],[7.564044,51.610404],[7.562884,51.610534],[7.561396,51.608857],[7.561014,51.608848],[7.5606,51.607896],[7.561255,51.60343],[7.567999,51.602313],[7.579171,51.602788],[7.580972,51.602426],[7.581703,51.601878],[7.581951,51.601333],[7.581513,51.597611],[7.58178,51.596717],[7.582354,51.596117],[7.583307,51.595606]]]},"properties":{"name":"Lünen","basis":"Auf der offiziellen Revierübersicht benannte oder innerhalb des kartierten Megaplexumrisses liegende Kommune; heutige Gemeindegrenze als geografische Liniengrundlage","boundary_role":"lore-municipality","source":"Code for Germany / Click That Hood","source_url":"https://github.com/codeforgermany/click_that_hood","boundary_review_status":"contextual","boundary_review_label":"Offizielle RRP-Karte abgeglichen; heutige Gemeindegeometrie nur als Liniengrundlage","entity_id":290,"description_preview":"Lünen ist auf der offiziellen Revierübersicht als Stadt oder Kommune innerhalb des Rhein-Ruhr-Megaplexes verzeichnet.","description_full":"Lünen ist auf der offiziellen Revierübersicht als Stadt oder Kommune innerhalb des Rhein-Ruhr-Megaplexes verzeichnet. Die Flächendarstellung folgt dem mit der offiziellen Shadowrun-Karte abgeglichenen Kommunenbestand. Die heutige Gemeindegeometrie dient ausschließlich als geografische Liniengrundlage; eine darüber hinausgehende eigene Stadtbeschreibung ist im zugeordneten Datenmaterial nicht eindeutig belegt.","editions":["SR6","SR4","SR5"],"sources":[{"bookId":"rrp-map-sr6","title":"Revierbericht 2082 – Karte","edition":"SR6","citation":"Revierübersicht: Stadt/Kommune Lünen","purpose":"description"},{"bookId":"rrmp-sr4","title":"Rhein-Ruhr-Megaplex","edition":"SR4","citation":"RRP-Kapitel: Lünen","purpose":"description"},{"bookId":"datapuls-adl-sr5","title":"Datapuls: ADL","edition":"SR5","citation":"RRP-Kapitel: Lünen","purpose":"description"}]}},{"type":"Feature","geometry":{"type":"Polygon","coordinates":[[[7.146301,51.720164],[7.149941,51.717383],[7.152085,51.716888],[7.153965,51.717089],[7.154422,51.716909],[7.154566,51.716536],[7.155803,51.715547],[7.159377,51.716567],[7.159261,51.715965],[7.157459,51.713047],[7.157133,51.712158],[7.157347,51.71193],[7.156951,51.711252],[7.157017,51.710754],[7.155662,51.708303],[7.154557,51.70478],[7.157028,51.703192],[7.162467,51.700262],[7.164528,51.697857],[7.167598,51.700807],[7.181606,51.698311],[7.181546,51.698175],[7.189251,51.696689],[7.189242,51.698252],[7.189479,51.699812],[7.189347,51.700762],[7.1906,51.699053],[7.199795,51.701184],[7.199177,51.698232],[7.190312,51.693233],[7.193618,51.677615],[7.192748,51.676039],[7.193164,51.674834],[7.197914,51.675298],[7.205441,51.673248],[7.201586,51.671127],[7.2014,51.67164],[7.200477,51.672746],[7.197261,51.671698],[7.195458,51.673229],[7.193944,51.672761],[7.194546,51.671573],[7.195226,51.671549],[7.19565,51.670756],[7.198851,51.669667],[7.197719,51.668247],[7.199706,51.667437],[7.200331,51.665946],[7.198783,51.666323],[7.19841,51.666113],[7.19739,51.664858],[7.197917,51.664681],[7.197244,51.664307],[7.19788,51.662074],[7.19743,51.662046],[7.197745,51.661572],[7.197819,51.660152],[7.196859,51.659425],[7.194158,51.658409],[7.195931,51.657498],[7.19366,51.655529],[7.193326,51.655528],[7.193163,51.655203],[7.193433,51.65514],[7.193805,51.655414],[7.192724,51.654292],[7.19273,51.654026],[7.191466,51.65406],[7.195784,51.650715],[7.19479,51.65006],[7.191051,51.650882],[7.189345,51.651463],[7.189451,51.65107],[7.189211,51.650599],[7.188059,51.650918],[7.187504,51.650689],[7.186467,51.650767],[7.186324,51.650378],[7.185316,51.649795],[7.184467,51.648708],[7.184263,51.648145],[7.18393,51.648124],[7.183628,51.648592],[7.182615,51.64838],[7.181707,51.647599],[7.181134,51.647384],[7.17974,51.648613],[7.179482,51.648506],[7.179085,51.647594],[7.177709,51.647166],[7.176326,51.647838],[7.17541,51.648665],[7.175167,51.649108],[7.175272,51.649714],[7.174889,51.650213],[7.174058,51.650598],[7.171392,51.649745],[7.171544,51.649323],[7.168092,51.64819],[7.167964,51.648414],[7.163134,51.647259],[7.16294,51.647386],[7.156692,51.646318],[7.155903,51.643276],[7.150927,51.643192],[7.150709,51.643736],[7.146311,51.643244],[7.145298,51.642004],[7.145656,51.641474],[7.146334,51.639494],[7.146293,51.639182],[7.141109,51.638145],[7.14069,51.638598],[7.139841,51.63736],[7.137838,51.636171],[7.137369,51.636113],[7.137365,51.635918],[7.136648,51.635551],[7.136594,51.635283],[7.13594,51.635319],[7.134049,51.633462],[7.134022,51.633013],[7.133641,51.632358],[7.132147,51.631543],[7.128546,51.629846],[7.12647,51.629519],[7.125227,51.629601],[7.125182,51.629018],[7.124807,51.628545],[7.124349,51.628558],[7.124066,51.628776],[7.123167,51.62854],[7.124098,51.627715],[7.123634,51.627446],[7.121675,51.628605],[7.121477,51.628103],[7.122142,51.627685],[7.121906,51.626575],[7.120658,51.625819],[7.11678,51.625678],[7.116457,51.626058],[7.116228,51.62715],[7.112293,51.626514],[7.110999,51.626077],[7.109643,51.625258],[7.107181,51.624808],[7.105235,51.628522],[7.099974,51.626681],[7.097152,51.625414],[7.095953,51.626953],[7.092971,51.626434],[7.087896,51.625018],[7.088131,51.624713],[7.085819,51.62399],[7.085672,51.62398],[7.08575,51.624478],[7.085109,51.625402],[7.07856,51.623075],[7.077036,51.622619],[7.074317,51.622154],[7.069904,51.623681],[7.068194,51.620902],[7.067222,51.618809],[7.066765,51.615828],[7.066989,51.615769],[7.06663,51.615459],[7.066775,51.615056],[7.065281,51.615263],[7.064249,51.615032],[7.061355,51.615078],[7.060192,51.615706],[7.058123,51.615996],[7.057906,51.616263],[7.058211,51.616511],[7.058166,51.61682],[7.056596,51.617926],[7.054762,51.61857],[7.054099,51.618714],[7.053532,51.618297],[7.051717,51.618259],[7.047204,51.619564],[7.046539,51.619411],[7.04579,51.620221],[7.046009,51.620577],[7.045829,51.620599],[7.045796,51.621361],[7.046138,51.622415],[7.045707,51.623284],[7.045591,51.624266],[7.045193,51.624736],[7.040108,51.623825],[7.036939,51.623728],[7.032898,51.623957],[7.033037,51.62572],[7.032603,51.627828],[7.033151,51.62944],[7.0331,51.631116],[7.032835,51.632163],[7.035655,51.631003],[7.036407,51.631078],[7.035894,51.63223],[7.034668,51.633794],[7.036703,51.634476],[7.036637,51.634656],[7.037602,51.635353],[7.036761,51.635843],[7.037446,51.636073],[7.036707,51.636714],[7.036465,51.637194],[7.037673,51.637347],[7.037462,51.637658],[7.03664,51.637597],[7.036517,51.638253],[7.036034,51.638983],[7.035586,51.638902],[7.034752,51.640931],[7.035061,51.641623],[7.034744,51.64262],[7.03578,51.642738],[7.038312,51.642415],[7.041341,51.643221],[7.044731,51.643696],[7.043782,51.647029],[7.04148,51.649673],[7.038322,51.650189],[7.036014,51.64961],[7.023624,51.668187],[7.02396,51.668283],[7.023541,51.668938],[7.022644,51.669766],[7.02535,51.671244],[7.029331,51.671691],[7.030404,51.672042],[7.031519,51.672757],[7.033674,51.674936],[7.036935,51.676315],[7.038254,51.67792],[7.040632,51.679452],[7.040562,51.681376],[7.04254,51.682915],[7.043027,51.684099],[7.043454,51.684566],[7.048643,51.687279],[7.05052,51.687616],[7.052526,51.687293],[7.052986,51.687794],[7.055013,51.688325],[7.056656,51.689138],[7.056871,51.689374],[7.056762,51.689491],[7.055257,51.689761],[7.054582,51.690079],[7.054489,51.690932],[7.052751,51.69109],[7.052259,51.692353],[7.053208,51.693316],[7.053304,51.693906],[7.054478,51.694173],[7.053671,51.695277],[7.052601,51.694987],[7.051912,51.695492],[7.083523,51.704077],[7.086089,51.705005],[7.090085,51.705949],[7.090047,51.706102],[7.09214,51.706703],[7.092367,51.706332],[7.090594,51.700863],[7.090567,51.698958],[7.096832,51.700314],[7.099787,51.701155],[7.103253,51.701373],[7.104058,51.70188],[7.104452,51.70326],[7.105524,51.703917],[7.111247,51.704177],[7.113012,51.704652],[7.11438,51.705427],[7.116832,51.708593],[7.119752,51.710168],[7.118804,51.714616],[7.123245,51.716097],[7.123898,51.716142],[7.130646,51.71847],[7.135287,51.719635],[7.135099,51.718188],[7.135834,51.715157],[7.140666,51.715347],[7.141518,51.715692],[7.142041,51.716259],[7.142092,51.718935],[7.142656,51.719801],[7.143611,51.72016],[7.145383,51.720358],[7.146301,51.720164]]]},"properties":{"name":"Marl","basis":"Auf der offiziellen Revierübersicht benannte oder innerhalb des kartierten Megaplexumrisses liegende Kommune; heutige Gemeindegrenze als geografische Liniengrundlage","boundary_role":"lore-municipality","source":"Code for Germany / Click That Hood","source_url":"https://github.com/codeforgermany/click_that_hood","entity_id":291,"description_preview":"Marl ist auf der offiziellen Revierübersicht als Stadt oder Kommune innerhalb des Rhein-Ruhr-Megaplexes verzeichnet.","description_full":"Marl ist auf der offiziellen Revierübersicht als Stadt oder Kommune innerhalb des Rhein-Ruhr-Megaplexes verzeichnet. Die Flächendarstellung folgt dem mit der offiziellen Shadowrun-Karte abgeglichenen Kommunenbestand. Die heutige Gemeindegeometrie dient ausschließlich als geografische Liniengrundlage; eine darüber hinausgehende eigene Stadtbeschreibung ist im zugeordneten Datenmaterial nicht eindeutig belegt.","editions":["SR6","SR1","SR2","SR3","SR4","SR5"],"boundary_review_status":"contextual","boundary_review_label":"Offizielle RRP-Karte abgeglichen; heutige Gemeindegeometrie nur als Liniengrundlage","sources":[{"bookId":"rrp-map-sr6","title":"Revierbericht 2082 – Karte","edition":"SR6","citation":"Revierübersicht: Stadt/Kommune Marl","purpose":"description"},{"bookId":"revierbericht-sr6","title":"Revierbericht 2082","edition":"SR6","citation":"Rundgang durch den Plex / Für die Spielleitung: Marl","purpose":"description"},{"bookId":"dids-sr1","title":"Deutschland in den Schatten","edition":"SR1","citation":"RRP-Kapitel: Marl","purpose":"description"},{"bookId":"dids-sr2","title":"Deutschland in den Schatten","edition":"SR2","citation":"RRP-Kapitel: Marl","purpose":"description"},{"bookId":"dids2-sr3","title":"Deutschland in den Schatten II","edition":"SR3","citation":"RRP-Kapitel: Marl","purpose":"description"},{"bookId":"rrmp-sr4","title":"Rhein-Ruhr-Megaplex","edition":"SR4","citation":"RRP-Kapitel: Marl","purpose":"description"},{"bookId":"datapuls-adl-sr5","title":"Datapuls: ADL","edition":"SR5","citation":"RRP-Kapitel: Marl","purpose":"description"}]}},{"type":"Feature","geometry":{"type":"Polygon","coordinates":[[[6.659649,51.311822],[6.675806,51.320505],[6.675446,51.321119],[6.678458,51.320903],[6.678836,51.321166],[6.679577,51.32077],[6.680578,51.321065],[6.683951,51.321093],[6.684177,51.320895],[6.685195,51.321429],[6.685593,51.321047],[6.688718,51.321661],[6.688537,51.321939],[6.694707,51.323938],[6.694504,51.324187],[6.696828,51.325686],[6.697737,51.325956],[6.697268,51.326365],[6.698866,51.327048],[6.698667,51.32729],[6.699824,51.328836],[6.700439,51.328806],[6.700819,51.3298],[6.706194,51.336729],[6.710933,51.334888],[6.716793,51.332285],[6.72243,51.329385],[6.726875,51.32676],[6.729444,51.324855],[6.731247,51.323093],[6.732506,51.321476],[6.733893,51.31892],[6.734456,51.317151],[6.734725,51.315372],[6.734379,51.311219],[6.733131,51.30675],[6.730665,51.302162],[6.729129,51.300279],[6.726609,51.297729],[6.706742,51.280481],[6.704963,51.278428],[6.703959,51.27695],[6.702738,51.274235],[6.702597,51.271391],[6.703257,51.269231],[6.703871,51.26815],[6.705095,51.266643],[6.707968,51.264154],[6.710962,51.262333],[6.715671,51.260209],[6.720965,51.258177],[6.726971,51.256488],[6.722808,51.252631],[6.720566,51.250892],[6.720255,51.250483],[6.721327,51.250039],[6.71845,51.247045],[6.716338,51.245498],[6.716118,51.245185],[6.716737,51.244772],[6.713417,51.242718],[6.711103,51.240975],[6.710989,51.240407],[6.710257,51.239697],[6.708432,51.23853],[6.706191,51.237582],[6.705861,51.237844],[6.704115,51.237233],[6.704364,51.236918],[6.702679,51.236318],[6.702725,51.236203],[6.698972,51.235013],[6.697302,51.235325],[6.694066,51.235522],[6.688062,51.235467],[6.682276,51.234897],[6.675833,51.233596],[6.67551,51.234086],[6.673206,51.234949],[6.667609,51.235954],[6.662968,51.238312],[6.662309,51.238922],[6.660719,51.241429],[6.660664,51.242218],[6.659622,51.243774],[6.658761,51.244546],[6.656462,51.245777],[6.6552,51.246791],[6.65494,51.247517],[6.655807,51.248484],[6.654426,51.249858],[6.650276,51.253056],[6.649804,51.254744],[6.649897,51.256543],[6.650851,51.258663],[6.651729,51.259628],[6.652955,51.260563],[6.650952,51.260839],[6.647258,51.260912],[6.645499,51.26],[6.641148,51.258233],[6.636846,51.254921],[6.62596,51.250348],[6.623778,51.253123],[6.620132,51.253135],[6.620103,51.252961],[6.616096,51.252888],[6.613379,51.255986],[6.610537,51.263377],[6.604643,51.261903],[6.599241,51.262041],[6.5963,51.261601],[6.595234,51.264833],[6.593552,51.264603],[6.592828,51.268575],[6.589231,51.275355],[6.587088,51.276388],[6.588346,51.278133],[6.588668,51.279172],[6.586872,51.279134],[6.58682,51.279808],[6.586062,51.279798],[6.585789,51.283242],[6.585279,51.284741],[6.585121,51.286111],[6.585935,51.285826],[6.586746,51.285789],[6.595613,51.285942],[6.604093,51.286656],[6.619889,51.289114],[6.619879,51.288683],[6.620099,51.288804],[6.620523,51.292645],[6.62065,51.292666],[6.620835,51.296961],[6.620709,51.297641],[6.621568,51.308843],[6.625012,51.308411],[6.625465,51.308469],[6.625818,51.308979],[6.627055,51.308791],[6.627348,51.309308],[6.627849,51.309678],[6.630836,51.309673],[6.630822,51.309967],[6.632179,51.310035],[6.632254,51.309752],[6.632997,51.309649],[6.633152,51.308807],[6.635059,51.30897],[6.635288,51.309707],[6.635559,51.309742],[6.635612,51.309571],[6.637632,51.308956],[6.640202,51.308403],[6.646885,51.30857],[6.649533,51.308454],[6.649621,51.3087],[6.650824,51.308762],[6.652327,51.309193],[6.653922,51.31001],[6.656808,51.310729],[6.659649,51.311822]]]},"properties":{"name":"Meerbusch","basis":"Auf der offiziellen Revierübersicht benannte oder innerhalb des kartierten Megaplexumrisses liegende Kommune; heutige Gemeindegrenze als geografische Liniengrundlage","boundary_role":"lore-municipality","source":"Code for Germany / Click That Hood","source_url":"https://github.com/codeforgermany/click_that_hood","boundary_review_status":"contextual","boundary_review_label":"Offizielle RRP-Karte abgeglichen; heutige Gemeindegeometrie nur als Liniengrundlage","entity_id":292,"description_preview":"Meerbusch ist auf der offiziellen Revierübersicht als Stadt oder Kommune innerhalb des Rhein-Ruhr-Megaplexes verzeichnet.","description_full":"Meerbusch ist auf der offiziellen Revierübersicht als Stadt oder Kommune innerhalb des Rhein-Ruhr-Megaplexes verzeichnet. Die Flächendarstellung folgt dem mit der offiziellen Shadowrun-Karte abgeglichenen Kommunenbestand. Die heutige Gemeindegeometrie dient ausschließlich als geografische Liniengrundlage; eine darüber hinausgehende eigene Stadtbeschreibung ist im zugeordneten Datenmaterial nicht eindeutig belegt.","editions":["SR6"],"sources":[{"bookId":"rrp-map-sr6","title":"Revierbericht 2082 – Karte","edition":"SR6","citation":"Revierübersicht: Stadt/Kommune Meerbusch","purpose":"description"}]}},{"type":"Feature","geometry":{"type":"Polygon","coordinates":[[[7.84268,51.391517],[7.842445,51.392426],[7.841785,51.392343],[7.840619,51.394366],[7.838535,51.396543],[7.836451,51.395994],[7.83521,51.395916],[7.835065,51.396315],[7.834729,51.396424],[7.833507,51.39644],[7.831086,51.397013],[7.826399,51.397575],[7.823918,51.397637],[7.820216,51.398173],[7.818906,51.398577],[7.816686,51.39854],[7.816335,51.398892],[7.813835,51.399145],[7.812243,51.399801],[7.811985,51.400117],[7.811647,51.399996],[7.810889,51.401101],[7.809893,51.401414],[7.809433,51.402811],[7.80963,51.403372],[7.809139,51.404241],[7.80942,51.404972],[7.803392,51.405833],[7.803426,51.407425],[7.80324,51.40766],[7.801084,51.407649],[7.799049,51.408874],[7.795511,51.408971],[7.794526,51.409342],[7.793901,51.410253],[7.794389,51.411176],[7.793534,51.41336],[7.792309,51.413674],[7.791815,51.414338],[7.789736,51.414039],[7.790033,51.416468],[7.789472,51.416467],[7.78943,51.416921],[7.788356,51.416674],[7.787531,51.416743],[7.785163,51.416432],[7.783474,51.415287],[7.779828,51.414025],[7.772904,51.414919],[7.766022,51.416502],[7.762434,51.416358],[7.762388,51.41619],[7.761552,51.416168],[7.760763,51.416344],[7.759723,51.416149],[7.75905,51.416394],[7.758736,51.416115],[7.75762,51.416705],[7.756728,51.416595],[7.756667,51.416842],[7.755729,51.41689],[7.755581,51.417298],[7.755212,51.417237],[7.755097,51.417499],[7.755094,51.417227],[7.754593,51.417103],[7.75163,51.413704],[7.74611,51.410959],[7.743084,51.41057],[7.741589,51.41066],[7.738391,51.411475],[7.736975,51.411561],[7.734853,51.412234],[7.736284,51.413905],[7.736141,51.414482],[7.734649,51.415217],[7.733027,51.416898],[7.733194,51.417751],[7.732677,51.418227],[7.732482,51.41884],[7.731202,51.41931],[7.73041,51.419144],[7.7297,51.419687],[7.730405,51.421211],[7.730478,51.421845],[7.732016,51.422368],[7.733598,51.423408],[7.732761,51.425012],[7.733348,51.425214],[7.732442,51.426917],[7.730003,51.425916],[7.728976,51.427411],[7.729336,51.427551],[7.728795,51.428239],[7.728059,51.42792],[7.727035,51.430715],[7.727034,51.430861],[7.72737,51.43094],[7.726745,51.432821],[7.727512,51.432972],[7.727081,51.434315],[7.727228,51.435182],[7.725335,51.43944],[7.726242,51.439587],[7.726262,51.439844],[7.725817,51.439989],[7.723358,51.439655],[7.721447,51.439936],[7.720473,51.439751],[7.720096,51.439435],[7.719673,51.439558],[7.718922,51.439479],[7.718764,51.43931],[7.718669,51.439603],[7.718187,51.439487],[7.717982,51.439893],[7.717514,51.44],[7.717723,51.440564],[7.718093,51.440829],[7.717751,51.440967],[7.717021,51.440631],[7.716573,51.44077],[7.716674,51.441213],[7.716304,51.441208],[7.716311,51.441521],[7.715674,51.441688],[7.715079,51.441329],[7.71434,51.441658],[7.714126,51.441404],[7.713339,51.44152],[7.713287,51.441331],[7.712951,51.441251],[7.712331,51.441432],[7.711683,51.441067],[7.711507,51.440768],[7.710938,51.440851],[7.710526,51.440443],[7.709118,51.440801],[7.70877,51.440416],[7.707963,51.440212],[7.707732,51.440431],[7.707521,51.440291],[7.706429,51.440443],[7.704575,51.44031],[7.70427,51.440541],[7.70456,51.440674],[7.703935,51.440638],[7.703564,51.441169],[7.704261,51.441032],[7.704491,51.441481],[7.703002,51.441623],[7.702284,51.442042],[7.698368,51.443065],[7.69722,51.442804],[7.696594,51.443214],[7.69683,51.444311],[7.697993,51.444745],[7.698224,51.445286],[7.698095,51.445514],[7.695841,51.446387],[7.695251,51.446501],[7.694697,51.446081],[7.694119,51.446339],[7.694042,51.446631],[7.692719,51.446613],[7.692746,51.446904],[7.691726,51.447279],[7.691583,51.448389],[7.692371,51.448555],[7.693004,51.449325],[7.695397,51.449734],[7.694731,51.450501],[7.695829,51.450636],[7.694307,51.451761],[7.696312,51.45271],[7.696619,51.453361],[7.697208,51.453992],[7.700136,51.454926],[7.700405,51.455271],[7.700092,51.456298],[7.700253,51.457667],[7.699624,51.459247],[7.699953,51.459741],[7.700335,51.4598],[7.700086,51.460766],[7.699167,51.461141],[7.699036,51.462896],[7.699562,51.463116],[7.699141,51.463853],[7.698061,51.464225],[7.697846,51.464694],[7.695648,51.466304],[7.69393,51.466567],[7.693918,51.468067],[7.696192,51.468154],[7.697722,51.468563],[7.697821,51.468806],[7.697993,51.470468],[7.69578,51.473658],[7.698226,51.474081],[7.701276,51.474163],[7.707917,51.473169],[7.710525,51.473231],[7.717509,51.472084],[7.72344,51.472338],[7.727834,51.472286],[7.729468,51.4717],[7.730383,51.471079],[7.731319,51.469967],[7.731912,51.468732],[7.733212,51.467666],[7.734604,51.466923],[7.736104,51.466659],[7.73857,51.466778],[7.740718,51.467408],[7.74379,51.469366],[7.746325,51.471667],[7.74746,51.472217],[7.748745,51.472509],[7.751583,51.472501],[7.754482,51.471934],[7.757144,51.470903],[7.761286,51.468766],[7.763563,51.468267],[7.76561,51.468326],[7.77376,51.470328],[7.776018,51.470439],[7.78211,51.470234],[7.787758,51.471277],[7.7899,51.470698],[7.791954,51.469074],[7.792811,51.468672],[7.794558,51.468143],[7.797445,51.468037],[7.79924,51.46847],[7.8022,51.469714],[7.802834,51.470348],[7.803346,51.472063],[7.803708,51.472583],[7.805389,51.473755],[7.807351,51.47443],[7.809568,51.474504],[7.814987,51.472615],[7.819802,51.472204],[7.821547,51.472607],[7.82308,51.474255],[7.823775,51.474711],[7.824754,51.47496],[7.826989,51.475039],[7.828379,51.475359],[7.829532,51.475875],[7.831915,51.477399],[7.834063,51.478088],[7.837565,51.4784],[7.838861,51.476341],[7.842191,51.477602],[7.84648,51.47277],[7.84776,51.472631],[7.847971,51.472398],[7.848909,51.472587],[7.849008,51.472187],[7.846642,51.471402],[7.84726,51.470527],[7.848166,51.46859],[7.849645,51.468938],[7.851534,51.46531],[7.849637,51.465043],[7.850142,51.464054],[7.851184,51.46384],[7.852861,51.462362],[7.854545,51.463049],[7.85648,51.460927],[7.856282,51.460803],[7.857165,51.459708],[7.857336,51.459085],[7.860625,51.459811],[7.860876,51.458049],[7.863282,51.458388],[7.863627,51.457278],[7.865267,51.457592],[7.865098,51.456793],[7.865546,51.456493],[7.865305,51.456456],[7.865384,51.456129],[7.865131,51.455987],[7.865079,51.455697],[7.866423,51.455397],[7.866413,51.455],[7.867468,51.454835],[7.867815,51.454449],[7.868248,51.454446],[7.868196,51.454165],[7.869489,51.454258],[7.871085,51.453056],[7.871342,51.452547],[7.872006,51.452356],[7.87197,51.452108],[7.872748,51.452051],[7.872915,51.451426],[7.873807,51.45135],[7.87381,51.45102],[7.874064,51.450895],[7.875964,51.450501],[7.876169,51.449787],[7.876544,51.449614],[7.876323,51.448918],[7.87652,51.448799],[7.87649,51.448367],[7.876796,51.448266],[7.877124,51.447736],[7.877721,51.447604],[7.87824,51.446953],[7.880234,51.446213],[7.879454,51.445241],[7.879527,51.44476],[7.879028,51.444001],[7.879713,51.443978],[7.879791,51.442564],[7.880462,51.442774],[7.880937,51.441999],[7.881651,51.440093],[7.882924,51.438721],[7.881893,51.43811],[7.880561,51.437788],[7.881236,51.436693],[7.881423,51.436018],[7.885327,51.437518],[7.886054,51.436353],[7.884073,51.434703],[7.882976,51.431435],[7.882971,51.42912],[7.884561,51.428713],[7.885401,51.427651],[7.887682,51.428046],[7.88836,51.427065],[7.88905,51.426781],[7.889526,51.426806],[7.889652,51.426505],[7.890426,51.426592],[7.89024,51.426397],[7.890523,51.426281],[7.89041,51.426077],[7.890634,51.425695],[7.890396,51.425455],[7.890684,51.424876],[7.890504,51.424794],[7.89147,51.424116],[7.891543,51.423635],[7.892205,51.423051],[7.891952,51.422921],[7.892252,51.422296],[7.891729,51.422179],[7.891883,51.42192],[7.891701,51.421511],[7.892027,51.421024],[7.891859,51.420945],[7.892234,51.420757],[7.892214,51.420382],[7.892715,51.420105],[7.892311,51.419631],[7.891806,51.419399],[7.891978,51.418642],[7.892419,51.418265],[7.891983,51.417441],[7.894335,51.41657],[7.894807,51.41661],[7.8949,51.416229],[7.895267,51.415916],[7.895902,51.414265],[7.892108,51.411433],[7.891317,51.409984],[7.890853,51.408112],[7.891617,51.407142],[7.891437,51.406681],[7.890314,51.406139],[7.892354,51.404872],[7.892065,51.404244],[7.88994,51.402361],[7.891982,51.40099],[7.891473,51.4007],[7.892173,51.400528],[7.891861,51.399826],[7.892777,51.398897],[7.893242,51.398758],[7.892555,51.397152],[7.893766,51.396844],[7.896529,51.395457],[7.893943,51.393652],[7.892502,51.393218],[7.892546,51.393073],[7.891964,51.392535],[7.890992,51.392739],[7.890822,51.392231],[7.890282,51.391811],[7.88918,51.391757],[7.888744,51.391538],[7.888183,51.392302],[7.887771,51.392536],[7.88749,51.391571],[7.887089,51.391413],[7.886327,51.390408],[7.883578,51.39079],[7.881378,51.391939],[7.877036,51.391176],[7.875622,51.391732],[7.873727,51.394505],[7.873626,51.394853],[7.873778,51.395292],[7.872927,51.395614],[7.871458,51.396993],[7.870772,51.397951],[7.869798,51.397397],[7.869707,51.397038],[7.870967,51.395224],[7.869585,51.395014],[7.868585,51.395857],[7.867278,51.396387],[7.866009,51.396394],[7.864282,51.396008],[7.863848,51.396106],[7.863978,51.396742],[7.863104,51.396588],[7.861811,51.395982],[7.860329,51.394696],[7.858241,51.394172],[7.856694,51.393402],[7.856135,51.393352],[7.854213,51.392573],[7.853313,51.391962],[7.852663,51.39113],[7.852165,51.390891],[7.849808,51.389946],[7.847085,51.38928],[7.843631,51.390355],[7.843189,51.390676],[7.84268,51.391517]]]},"properties":{"name":"Menden (Sauerland)","basis":"Auf der offiziellen Revierübersicht benannte oder innerhalb des kartierten Megaplexumrisses liegende Kommune; heutige Gemeindegrenze als geografische Liniengrundlage","boundary_role":"lore-municipality","source":"Code for Germany / Click That Hood","source_url":"https://github.com/codeforgermany/click_that_hood","boundary_review_status":"contextual","boundary_review_label":"Offizielle RRP-Karte abgeglichen; heutige Gemeindegeometrie nur als Liniengrundlage","entity_id":293,"description_preview":"Menden (Sauerland) ist auf der offiziellen Revierübersicht als Stadt oder Kommune innerhalb des Rhein-Ruhr-Megaplexes verzeichnet.","description_full":"Menden (Sauerland) ist auf der offiziellen Revierübersicht als Stadt oder Kommune innerhalb des Rhein-Ruhr-Megaplexes verzeichnet. Die Flächendarstellung folgt dem mit der offiziellen Shadowrun-Karte abgeglichenen Kommunenbestand. Die heutige Gemeindegeometrie dient ausschließlich als geografische Liniengrundlage; eine darüber hinausgehende eigene Stadtbeschreibung ist im zugeordneten Datenmaterial nicht eindeutig belegt.","editions":["SR6"],"sources":[{"bookId":"rrp-map-sr6","title":"Revierbericht 2082 – Karte","edition":"SR6","citation":"Revierübersicht: Stadt/Kommune Menden (Sauerland)","purpose":"description"}]}},{"type":"Feature","geometry":{"type":"Polygon","coordinates":[[[6.591065,51.426427],[6.592425,51.427401],[6.592789,51.427982],[6.593615,51.428262],[6.593575,51.428629],[6.593212,51.429054],[6.589745,51.428409],[6.586596,51.428718],[6.589299,51.431065],[6.590944,51.43354],[6.590875,51.434536],[6.590199,51.43442],[6.590275,51.433379],[6.588957,51.433384],[6.588498,51.434551],[6.585207,51.434076],[6.581795,51.434753],[6.581601,51.435644],[6.581326,51.435827],[6.581028,51.436503],[6.581017,51.437386],[6.580671,51.438769],[6.582624,51.43979],[6.580323,51.440925],[6.579342,51.441757],[6.583567,51.442712],[6.583402,51.443386],[6.585508,51.443649],[6.58536,51.444061],[6.584677,51.444768],[6.58516,51.445129],[6.585037,51.4458],[6.584465,51.445713],[6.584559,51.446948],[6.591253,51.446974],[6.593557,51.447839],[6.594182,51.449157],[6.594166,51.449888],[6.594897,51.450791],[6.595171,51.451745],[6.595243,51.453021],[6.596237,51.453074],[6.597114,51.454848],[6.59668,51.454914],[6.597195,51.45626],[6.597294,51.457089],[6.596474,51.458889],[6.596767,51.459555],[6.597987,51.461066],[6.598004,51.462845],[6.599181,51.465135],[6.59895,51.466782],[6.597403,51.469689],[6.596699,51.470048],[6.595905,51.469971],[6.596515,51.470632],[6.588345,51.472207],[6.588136,51.472076],[6.587369,51.473659],[6.587432,51.47406],[6.585961,51.474395],[6.584972,51.473768],[6.582799,51.475496],[6.58019,51.477649],[6.57923,51.478952],[6.58107,51.479999],[6.581789,51.480204],[6.581867,51.480447],[6.580693,51.480834],[6.580445,51.481593],[6.579808,51.481524],[6.577656,51.483944],[6.577375,51.484356],[6.577435,51.484542],[6.573976,51.484719],[6.571776,51.486298],[6.571514,51.486746],[6.571495,51.488994],[6.572496,51.49055],[6.573049,51.490631],[6.573558,51.491182],[6.572548,51.491212],[6.572579,51.494708],[6.574895,51.49448],[6.574975,51.494709],[6.574741,51.494694],[6.575049,51.495124],[6.57537,51.496625],[6.575625,51.496733],[6.575674,51.497049],[6.575131,51.497556],[6.576222,51.498417],[6.576818,51.498507],[6.576728,51.499039],[6.576973,51.499367],[6.577891,51.499829],[6.578254,51.499873],[6.579491,51.499431],[6.580141,51.499822],[6.581362,51.499912],[6.581345,51.500118],[6.582048,51.500581],[6.582117,51.500805],[6.583102,51.500725],[6.583616,51.50047],[6.583753,51.500601],[6.583472,51.501517],[6.58258,51.5034],[6.586466,51.504186],[6.585379,51.505495],[6.586174,51.506109],[6.585823,51.507047],[6.58515,51.507938],[6.583238,51.509549],[6.585315,51.51108],[6.584831,51.511591],[6.586029,51.512299],[6.585401,51.514103],[6.586059,51.517556],[6.586652,51.519221],[6.590316,51.52057],[6.589133,51.521959],[6.589805,51.522236],[6.595092,51.522977],[6.597144,51.522858],[6.598811,51.522525],[6.600494,51.523781],[6.601054,51.523552],[6.601414,51.522441],[6.604241,51.522596],[6.605958,51.522895],[6.607934,51.520297],[6.614429,51.51373],[6.61574,51.512507],[6.617632,51.512835],[6.625376,51.504738],[6.625122,51.504675],[6.626271,51.504026],[6.628469,51.503514],[6.630652,51.503275],[6.631984,51.502878],[6.633298,51.502107],[6.634508,51.500602],[6.6357,51.499649],[6.63684,51.499142],[6.639835,51.498277],[6.641666,51.497165],[6.642267,51.496349],[6.642184,51.4952],[6.63965,51.494253],[6.638634,51.493672],[6.639252,51.491529],[6.637295,51.491171],[6.636202,51.490773],[6.639762,51.487545],[6.641124,51.485194],[6.642784,51.481514],[6.646417,51.48428],[6.65003,51.488447],[6.650799,51.488855],[6.652729,51.489306],[6.653656,51.48926],[6.655074,51.488875],[6.666182,51.483654],[6.654967,51.473964],[6.661019,51.473158],[6.663281,51.473378],[6.666206,51.474451],[6.667377,51.474222],[6.666943,51.473175],[6.666974,51.472235],[6.670182,51.459753],[6.67045,51.459794],[6.670725,51.459146],[6.675266,51.459704],[6.675087,51.458806],[6.674457,51.458234],[6.674469,51.457934],[6.676508,51.457964],[6.676851,51.456974],[6.677041,51.456984],[6.677711,51.454812],[6.677774,51.453476],[6.678699,51.451623],[6.677849,51.451595],[6.678323,51.449028],[6.675296,51.447226],[6.674118,51.443789],[6.673783,51.443813],[6.673013,51.441932],[6.673111,51.44164],[6.673417,51.441531],[6.677158,51.441251],[6.677631,51.440677],[6.675963,51.439976],[6.672122,51.439318],[6.6716,51.438958],[6.671032,51.439154],[6.669068,51.43913],[6.668677,51.438352],[6.668359,51.436928],[6.669623,51.43676],[6.671984,51.435735],[6.671448,51.434557],[6.673484,51.434332],[6.67321,51.433246],[6.672544,51.43198],[6.67291,51.430912],[6.672539,51.430519],[6.671248,51.43043],[6.671185,51.4307],[6.667232,51.430186],[6.667504,51.429422],[6.66753,51.428543],[6.661919,51.4101],[6.664635,51.411039],[6.668028,51.411511],[6.668812,51.411487],[6.669053,51.41002],[6.666542,51.409563],[6.665229,51.40897],[6.661707,51.408152],[6.656844,51.408371],[6.651709,51.41052],[6.646503,51.41429],[6.645525,51.415185],[6.643244,51.416603],[6.63635,51.418423],[6.630342,51.419261],[6.629395,51.419737],[6.629104,51.419094],[6.628481,51.41839],[6.628413,51.417521],[6.62729,51.414868],[6.626796,51.412105],[6.625798,51.411914],[6.625744,51.410818],[6.628232,51.40635],[6.628515,51.405496],[6.629484,51.404339],[6.637009,51.401112],[6.638277,51.399984],[6.639264,51.399553],[6.640453,51.398161],[6.639864,51.39799],[6.640179,51.394624],[6.635555,51.394332],[6.636141,51.390836],[6.635603,51.393548],[6.62007,51.39551],[6.616714,51.394793],[6.616264,51.395831],[6.616039,51.395832],[6.615671,51.396592],[6.609636,51.397024],[6.60421,51.396883],[6.604451,51.394315],[6.601127,51.394145],[6.601179,51.393937],[6.59966,51.393757],[6.597527,51.393903],[6.59366,51.39309],[6.593182,51.393533],[6.592253,51.393385],[6.591898,51.393138],[6.592012,51.392853],[6.591674,51.392807],[6.58289,51.392164],[6.578029,51.396656],[6.57576,51.399986],[6.575872,51.402814],[6.575455,51.404739],[6.57515,51.408146],[6.574135,51.411981],[6.570154,51.412058],[6.570279,51.412356],[6.570006,51.41242],[6.569674,51.411898],[6.569641,51.41045],[6.569296,51.409703],[6.568697,51.409217],[6.567321,51.409003],[6.566695,51.408635],[6.561306,51.408772],[6.559924,51.408503],[6.559604,51.408302],[6.55962,51.407864],[6.559109,51.40798],[6.558913,51.408503],[6.558271,51.408458],[6.558743,51.408998],[6.561818,51.410781],[6.563768,51.412381],[6.567313,51.414704],[6.572137,51.416944],[6.572289,51.416809],[6.575342,51.418173],[6.575418,51.418569],[6.576181,51.419573],[6.575941,51.421554],[6.576827,51.42373],[6.579038,51.423697],[6.57905,51.424367],[6.580597,51.424474],[6.581819,51.425109],[6.582192,51.425044],[6.582238,51.425366],[6.581894,51.425476],[6.582972,51.426212],[6.584678,51.426126],[6.584292,51.425342],[6.584347,51.424778],[6.583491,51.424848],[6.583443,51.423365],[6.585799,51.423695],[6.58928,51.42474],[6.591065,51.426427]]]},"properties":{"name":"Moers","basis":"Auf der offiziellen Revierübersicht benannte oder innerhalb des kartierten Megaplexumrisses liegende Kommune; heutige Gemeindegrenze als geografische Liniengrundlage","boundary_role":"lore-municipality","source":"Code for Germany / Click That Hood","source_url":"https://github.com/codeforgermany/click_that_hood","boundary_review_status":"contextual","boundary_review_label":"Offizielle RRP-Karte abgeglichen; heutige Gemeindegeometrie nur als Liniengrundlage","entity_id":294,"description_preview":"Moers ist auf der offiziellen Revierübersicht als Stadt oder Kommune innerhalb des Rhein-Ruhr-Megaplexes verzeichnet.","description_full":"Moers ist auf der offiziellen Revierübersicht als Stadt oder Kommune innerhalb des Rhein-Ruhr-Megaplexes verzeichnet. Die Flächendarstellung folgt dem mit der offiziellen Shadowrun-Karte abgeglichenen Kommunenbestand. Die heutige Gemeindegeometrie dient ausschließlich als geografische Liniengrundlage; eine darüber hinausgehende eigene Stadtbeschreibung ist im zugeordneten Datenmaterial nicht eindeutig belegt.","editions":["SR6","SR4"],"sources":[{"bookId":"rrp-map-sr6","title":"Revierbericht 2082 – Karte","edition":"SR6","citation":"Revierübersicht: Stadt/Kommune Moers","purpose":"description"},{"bookId":"rrmp-sr4","title":"Rhein-Ruhr-Megaplex","edition":"SR4","citation":"RRP-Kapitel: Moers","purpose":"description"}]}},{"type":"Feature","geometry":{"type":"Polygon","coordinates":[[[6.882767,51.108298],[6.881706,51.110292],[6.88011,51.112345],[6.878884,51.113551],[6.87659,51.115344],[6.871191,51.118546],[6.860562,51.123672],[6.856134,51.126243],[6.859652,51.128155],[6.858329,51.129676],[6.85688,51.130363],[6.857096,51.130439],[6.857152,51.131177],[6.862178,51.129697],[6.861896,51.129222],[6.86473,51.129158],[6.864778,51.129021],[6.867705,51.129318],[6.869002,51.129185],[6.872902,51.131427],[6.875053,51.130027],[6.87441,51.128523],[6.879923,51.128125],[6.882413,51.127731],[6.882897,51.127403],[6.884056,51.127118],[6.884329,51.128104],[6.885048,51.128076],[6.88987,51.129127],[6.8918,51.129898],[6.892634,51.130764],[6.893271,51.129519],[6.89436,51.129076],[6.894388,51.129275],[6.894739,51.129399],[6.895537,51.129425],[6.896561,51.128973],[6.896617,51.128793],[6.897567,51.129141],[6.899034,51.124373],[6.906988,51.127354],[6.908542,51.126503],[6.911729,51.127922],[6.912202,51.123871],[6.913108,51.118575],[6.912168,51.117866],[6.91203,51.116811],[6.911683,51.11658],[6.908308,51.115854],[6.90776,51.114855],[6.905282,51.115272],[6.905847,51.112588],[6.903965,51.111585],[6.90546,51.11051],[6.905702,51.109332],[6.908356,51.108874],[6.908398,51.10843],[6.908044,51.108403],[6.909162,51.106216],[6.910321,51.106536],[6.912074,51.106083],[6.914289,51.105143],[6.918681,51.103915],[6.921216,51.104178],[6.92083,51.105582],[6.9234,51.105873],[6.925062,51.102901],[6.925972,51.099885],[6.925891,51.098907],[6.925156,51.098196],[6.925104,51.097781],[6.925759,51.097161],[6.925468,51.096827],[6.92581,51.096585],[6.926717,51.097062],[6.926734,51.09575],[6.927565,51.09163],[6.928597,51.088324],[6.930524,51.083774],[6.930563,51.083235],[6.928866,51.081891],[6.928595,51.0813],[6.928558,51.079539],[6.925485,51.081723],[6.923491,51.08064],[6.921837,51.08202],[6.920906,51.080957],[6.919327,51.081517],[6.917807,51.080209],[6.913888,51.075979],[6.9039,51.06791],[6.902154,51.068769],[6.901884,51.068638],[6.902041,51.068436],[6.897832,51.064725],[6.891369,51.067315],[6.883927,51.06936],[6.876931,51.070719],[6.866206,51.072251],[6.86286,51.072904],[6.859015,51.074333],[6.856333,51.076059],[6.85411,51.078495],[6.853478,51.079997],[6.853068,51.081757],[6.852994,51.082981],[6.853223,51.084131],[6.854845,51.086785],[6.8571,51.088771],[6.860178,51.090542],[6.87538,51.096083],[6.877528,51.097116],[6.879364,51.098321],[6.880756,51.099508],[6.882024,51.10107],[6.882992,51.10295],[6.883331,51.104213],[6.883375,51.105672],[6.883209,51.107031],[6.882767,51.108298]]]},"properties":{"name":"Monheim am Rhein","basis":"Auf der offiziellen Revierübersicht benannte oder innerhalb des kartierten Megaplexumrisses liegende Kommune; heutige Gemeindegrenze als geografische Liniengrundlage","boundary_role":"lore-municipality","source":"Code for Germany / Click That Hood","source_url":"https://github.com/codeforgermany/click_that_hood","boundary_review_status":"contextual","boundary_review_label":"Offizielle RRP-Karte abgeglichen; heutige Gemeindegeometrie nur als Liniengrundlage","entity_id":295,"description_preview":"Monheim am Rhein ist auf der offiziellen Revierübersicht als Stadt oder Kommune innerhalb des Rhein-Ruhr-Megaplexes verzeichnet.","description_full":"Monheim am Rhein ist auf der offiziellen Revierübersicht als Stadt oder Kommune innerhalb des Rhein-Ruhr-Megaplexes verzeichnet. Die Flächendarstellung folgt dem mit der offiziellen Shadowrun-Karte abgeglichenen Kommunenbestand. Die heutige Gemeindegeometrie dient ausschließlich als geografische Liniengrundlage; eine darüber hinausgehende eigene Stadtbeschreibung ist im zugeordneten Datenmaterial nicht eindeutig belegt.","editions":["SR6"],"sources":[{"bookId":"rrp-map-sr6","title":"Revierbericht 2082 – Karte","edition":"SR6","citation":"Revierübersicht: Stadt/Kommune Monheim am Rhein","purpose":"description"}]}},{"type":"Feature","geometry":{"type":"Polygon","coordinates":[[[6.403004,51.088319],[6.397728,51.089244],[6.397722,51.091736],[6.385492,51.090368],[6.386602,51.092803],[6.390806,51.093421],[6.391932,51.095989],[6.392424,51.099029],[6.386704,51.09765],[6.379916,51.09811],[6.374778,51.09782],[6.372678,51.09878],[6.368989,51.095723],[6.366747,51.098068],[6.365547,51.097945],[6.360379,51.095587],[6.358255,51.097486],[6.358942,51.097853],[6.358271,51.098809],[6.358061,51.098943],[6.357287,51.098529],[6.354535,51.100634],[6.353772,51.100234],[6.352249,51.101303],[6.354675,51.102578],[6.350793,51.104913],[6.353431,51.106594],[6.351575,51.107534],[6.35559,51.11017],[6.351665,51.111145],[6.349476,51.112441],[6.349248,51.114353],[6.351686,51.116492],[6.350666,51.119911],[6.35043,51.12017],[6.352435,51.122611],[6.356012,51.126403],[6.350845,51.127029],[6.344018,51.127472],[6.346563,51.130179],[6.347147,51.131106],[6.343016,51.131895],[6.335199,51.133854],[6.333568,51.134449],[6.332081,51.136059],[6.332725,51.139036],[6.332423,51.13953],[6.331952,51.142407],[6.329898,51.14351],[6.328505,51.143811],[6.32843,51.144078],[6.325215,51.143932],[6.324569,51.144131],[6.324253,51.144445],[6.323124,51.144584],[6.32297,51.145467],[6.322376,51.146185],[6.321149,51.146239],[6.320207,51.147138],[6.319879,51.147227],[6.319597,51.147791],[6.319382,51.147804],[6.319963,51.148061],[6.31977,51.148338],[6.320026,51.148387],[6.319976,51.148628],[6.320242,51.148776],[6.319671,51.149165],[6.320067,51.14934],[6.318054,51.150767],[6.317252,51.151046],[6.316462,51.150975],[6.316246,51.151145],[6.315933,51.150896],[6.315646,51.151085],[6.315545,51.150924],[6.313862,51.15127],[6.313739,51.151111],[6.312802,51.151535],[6.312697,51.151835],[6.312331,51.151683],[6.312193,51.151827],[6.312295,51.151995],[6.311058,51.151973],[6.310764,51.151627],[6.310152,51.151767],[6.309934,51.151628],[6.30963,51.151741],[6.309618,51.152092],[6.308809,51.152469],[6.308721,51.152711],[6.308302,51.152544],[6.307922,51.152807],[6.307702,51.152766],[6.307615,51.152317],[6.307234,51.152297],[6.30734,51.15249],[6.307118,51.152692],[6.306645,51.152462],[6.306722,51.152251],[6.306473,51.152199],[6.306048,51.152559],[6.305203,51.151973],[6.302767,51.151788],[6.30208,51.15196],[6.301794,51.155301],[6.304705,51.16041],[6.305868,51.161586],[6.305727,51.162511],[6.30584,51.165525],[6.304347,51.16525],[6.304053,51.166078],[6.303461,51.166224],[6.300021,51.166218],[6.29722,51.166758],[6.295829,51.167473],[6.294726,51.167384],[6.294142,51.167563],[6.293934,51.167778],[6.293982,51.169324],[6.293192,51.171428],[6.293063,51.173265],[6.293252,51.174195],[6.292976,51.174615],[6.291165,51.175442],[6.291067,51.175699],[6.294191,51.176555],[6.296285,51.177741],[6.297198,51.178504],[6.301497,51.180225],[6.304452,51.180565],[6.305586,51.180981],[6.306882,51.180803],[6.30885,51.179297],[6.312795,51.179386],[6.313815,51.179236],[6.314719,51.178844],[6.318414,51.181598],[6.315524,51.183211],[6.315355,51.183011],[6.314025,51.184304],[6.313738,51.184798],[6.314477,51.186574],[6.313791,51.18855],[6.31286,51.190486],[6.313072,51.190529],[6.313009,51.190796],[6.314247,51.191631],[6.315064,51.194029],[6.315109,51.19456],[6.314792,51.195051],[6.316134,51.197626],[6.318804,51.199441],[6.320014,51.200002],[6.319662,51.200437],[6.320531,51.201292],[6.323891,51.203009],[6.323406,51.203337],[6.32915,51.205836],[6.330116,51.206029],[6.329764,51.20735],[6.331051,51.207527],[6.330281,51.21121],[6.330596,51.212868],[6.330109,51.221771],[6.330467,51.224612],[6.336259,51.224701],[6.336282,51.223893],[6.338093,51.224101],[6.338097,51.22365],[6.33971,51.223641],[6.339694,51.224794],[6.346498,51.225285],[6.346429,51.22638],[6.348414,51.226988],[6.34799,51.227785],[6.349068,51.227707],[6.361302,51.229141],[6.362946,51.224931],[6.363914,51.223312],[6.365061,51.221956],[6.36667,51.221054],[6.368831,51.219385],[6.372027,51.217737],[6.377588,51.217725],[6.410868,51.21873],[6.417343,51.220028],[6.428759,51.224681],[6.430581,51.226155],[6.429632,51.226894],[6.429836,51.227756],[6.430334,51.228562],[6.433811,51.230735],[6.437927,51.232248],[6.43781,51.233153],[6.438271,51.234866],[6.440165,51.235722],[6.443405,51.234841],[6.446566,51.238266],[6.447434,51.239478],[6.448867,51.240744],[6.449649,51.242234],[6.450487,51.24321],[6.450403,51.24352],[6.450664,51.243877],[6.452237,51.244769],[6.453756,51.246079],[6.457819,51.247879],[6.472016,51.239228],[6.476751,51.237132],[6.478097,51.235962],[6.479064,51.236039],[6.482693,51.237318],[6.504448,51.234823],[6.504144,51.233378],[6.504845,51.232186],[6.519992,51.230415],[6.517182,51.227773],[6.522139,51.225761],[6.517595,51.221477],[6.515623,51.221047],[6.513555,51.220877],[6.510736,51.21965],[6.509159,51.220901],[6.508964,51.2223],[6.508322,51.223088],[6.508454,51.225257],[6.507433,51.226925],[6.503031,51.227056],[6.499972,51.227452],[6.497985,51.227951],[6.494699,51.227791],[6.493829,51.227961],[6.493437,51.227626],[6.493259,51.227683],[6.492665,51.226921],[6.491092,51.227958],[6.490742,51.227972],[6.48787,51.211221],[6.487826,51.209866],[6.488488,51.207648],[6.491682,51.202231],[6.492724,51.199894],[6.493291,51.196814],[6.493016,51.193592],[6.492427,51.191602],[6.491651,51.190219],[6.485636,51.182631],[6.482535,51.179103],[6.482804,51.179004],[6.480295,51.176177],[6.485,51.173388],[6.485542,51.17363],[6.486341,51.173645],[6.487088,51.173368],[6.489168,51.171636],[6.489426,51.17161],[6.489775,51.170571],[6.490007,51.17059],[6.490759,51.170755],[6.492879,51.172019],[6.49424,51.173223],[6.497635,51.174834],[6.503231,51.175727],[6.505511,51.176638],[6.506054,51.176466],[6.507009,51.177429],[6.507526,51.177486],[6.507766,51.177706],[6.507954,51.177477],[6.508504,51.177337],[6.508489,51.177598],[6.508816,51.177718],[6.508665,51.177961],[6.509067,51.178185],[6.508583,51.178145],[6.508468,51.178478],[6.509017,51.178705],[6.509152,51.178954],[6.509951,51.178821],[6.510038,51.178984],[6.511066,51.179236],[6.510668,51.179686],[6.511223,51.179824],[6.511576,51.180222],[6.511396,51.180527],[6.51165,51.180716],[6.51187,51.180544],[6.512118,51.180743],[6.512998,51.180744],[6.512979,51.181065],[6.51334,51.181287],[6.51311,51.181431],[6.513141,51.181619],[6.513389,51.181742],[6.513411,51.181984],[6.513627,51.181983],[6.513725,51.182335],[6.514868,51.182636],[6.51503,51.182894],[6.514928,51.183081],[6.515667,51.183214],[6.515947,51.183674],[6.516067,51.182398],[6.522036,51.178469],[6.523371,51.173493],[6.524125,51.173276],[6.525908,51.171587],[6.526927,51.170092],[6.527154,51.16875],[6.527949,51.167743],[6.528345,51.166771],[6.527129,51.166283],[6.527379,51.165325],[6.5241,51.164986],[6.523983,51.164109],[6.522083,51.16427],[6.524271,51.161318],[6.524571,51.161411],[6.525853,51.159868],[6.528269,51.160639],[6.532732,51.153639],[6.528719,51.152446],[6.531334,51.151087],[6.529886,51.149931],[6.536511,51.146502],[6.533775,51.145988],[6.530757,51.146071],[6.529332,51.144824],[6.527375,51.145895],[6.524972,51.144231],[6.527108,51.142794],[6.523231,51.141555],[6.523776,51.140942],[6.523933,51.140453],[6.519406,51.140019],[6.519319,51.140264],[6.514855,51.139576],[6.514317,51.140743],[6.51287,51.147298],[6.504882,51.146035],[6.502901,51.149178],[6.496009,51.148735],[6.493302,51.148011],[6.491155,51.14985],[6.480041,51.145534],[6.476129,51.14371],[6.475224,51.142976],[6.472173,51.14141],[6.471359,51.140646],[6.469508,51.139703],[6.472349,51.13764],[6.472408,51.132754],[6.467658,51.13256],[6.467548,51.132385],[6.469095,51.131369],[6.466537,51.130364],[6.473874,51.122794],[6.475253,51.121045],[6.477455,51.115052],[6.478404,51.113611],[6.477574,51.112469],[6.477718,51.112388],[6.475385,51.111501],[6.474837,51.112076],[6.473389,51.112544],[6.473227,51.11288],[6.473306,51.113637],[6.473031,51.113998],[6.467357,51.116327],[6.465186,51.118241],[6.458533,51.114639],[6.458264,51.114837],[6.455845,51.113111],[6.455418,51.113421],[6.453708,51.112382],[6.455046,51.111338],[6.452502,51.109791],[6.45364,51.10865],[6.448761,51.108253],[6.448395,51.109011],[6.448117,51.110533],[6.447482,51.111328],[6.44611,51.112019],[6.442738,51.109788],[6.443103,51.109631],[6.440181,51.107129],[6.439485,51.107432],[6.43785,51.105935],[6.440299,51.104947],[6.440028,51.104552],[6.436046,51.100567],[6.434873,51.100886],[6.434601,51.100599],[6.436158,51.1004],[6.437539,51.099939],[6.437344,51.098224],[6.439709,51.097163],[6.440105,51.097177],[6.440178,51.097063],[6.439424,51.09681],[6.440631,51.096347],[6.443653,51.090912],[6.444355,51.088604],[6.444186,51.088533],[6.431823,51.086554],[6.431558,51.087423],[6.426686,51.08723],[6.423546,51.085807],[6.418417,51.086063],[6.416439,51.089348],[6.407654,51.08833],[6.406708,51.086473],[6.406301,51.086558],[6.405072,51.086014],[6.405013,51.085835],[6.405041,51.086148],[6.402199,51.087355],[6.403004,51.088319]]]},"properties":{"name":"Mönchengladbach","basis":"Auf der offiziellen Revierübersicht benannte oder innerhalb des kartierten Megaplexumrisses liegende Kommune; heutige Gemeindegrenze als geografische Liniengrundlage","boundary_role":"lore-municipality","source":"Code for Germany / Click That Hood","source_url":"https://github.com/codeforgermany/click_that_hood","boundary_review_status":"contextual","boundary_review_label":"Offizielle RRP-Karte abgeglichen; heutige Gemeindegeometrie nur als Liniengrundlage","entity_id":296,"description_preview":"Mönchengladbach ist auf der offiziellen Revierübersicht als Stadt oder Kommune innerhalb des Rhein-Ruhr-Megaplexes verzeichnet.","description_full":"Mönchengladbach ist auf der offiziellen Revierübersicht als Stadt oder Kommune innerhalb des Rhein-Ruhr-Megaplexes verzeichnet. Die Flächendarstellung folgt dem mit der offiziellen Shadowrun-Karte abgeglichenen Kommunenbestand. Die heutige Gemeindegeometrie dient ausschließlich als geografische Liniengrundlage; eine darüber hinausgehende eigene Stadtbeschreibung ist im zugeordneten Datenmaterial nicht eindeutig belegt.","editions":["SR6","SR1","SR2","SR3","SR4","SR5"],"sources":[{"bookId":"rrp-map-sr6","title":"Revierbericht 2082 – Karte","edition":"SR6","citation":"Revierübersicht: Stadt/Kommune Mönchengladbach","purpose":"description"},{"bookId":"dids-sr1","title":"Deutschland in den Schatten","edition":"SR1","citation":"RRP-Kapitel: Mönchengladbach","purpose":"description"},{"bookId":"dids-sr2","title":"Deutschland in den Schatten","edition":"SR2","citation":"RRP-Kapitel: Mönchengladbach","purpose":"description"},{"bookId":"dids2-sr3","title":"Deutschland in den Schatten II","edition":"SR3","citation":"RRP-Kapitel: Mönchengladbach","purpose":"description"},{"bookId":"rrmp-sr4","title":"Rhein-Ruhr-Megaplex","edition":"SR4","citation":"RRP-Kapitel: Mönchengladbach","purpose":"description"},{"bookId":"archive-sr4-shadowrun-4d-konzerndossier","title":"Shadowrun 4D Konzerndossier","edition":"SR4","citation":"RRP-Kontextverweis: Mönchengladbach","purpose":"description"},{"bookId":"archive-sr5-megakons-2078","title":"Megakons 2078","edition":"SR5","citation":"RRP-Kontextverweis: Mönchengladbach","purpose":"description"},{"bookId":"revierbericht-sr6","title":"Revierbericht 2082","edition":"SR6","citation":"RRP-Kontextverweis: Mönchengladbach","purpose":"description"},{"bookId":"archive-sr6-grundregelwerk-2024","title":"Grundregelwerk 2024","edition":"SR6","citation":"RRP-Kontextverweis: Mönchengladbach","purpose":"description"}]}},{"type":"Feature","geometry":{"type":"Polygon","coordinates":[[[6.818644,51.427918],[6.818034,51.436049],[6.818258,51.438452],[6.815713,51.438626],[6.816235,51.439732],[6.816279,51.440619],[6.816129,51.440798],[6.815487,51.440853],[6.816324,51.442594],[6.809136,51.44558],[6.810256,51.445764],[6.806661,51.447255],[6.808352,51.447853],[6.810207,51.448807],[6.810356,51.449111],[6.810322,51.450854],[6.809955,51.455441],[6.811095,51.456112],[6.813089,51.45686],[6.815366,51.457063],[6.818113,51.45678],[6.82059,51.455871],[6.82238,51.454813],[6.823904,51.453501],[6.825371,51.45178],[6.827392,51.448695],[6.842709,51.450627],[6.846007,51.45806],[6.860605,51.457925],[6.861533,51.458547],[6.863971,51.458622],[6.865984,51.458528],[6.866065,51.457792],[6.870381,51.457763],[6.871647,51.458148],[6.886768,51.466345],[6.887714,51.466618],[6.888155,51.466915],[6.888076,51.467059],[6.894183,51.468622],[6.897117,51.469761],[6.899937,51.47138],[6.900836,51.471365],[6.901655,51.471091],[6.904515,51.4697],[6.905543,51.470189],[6.906039,51.470089],[6.906423,51.469533],[6.907711,51.469477],[6.907796,51.469034],[6.909067,51.46892],[6.909085,51.468786],[6.908801,51.468767],[6.908845,51.468608],[6.909424,51.468479],[6.909817,51.467892],[6.910825,51.467489],[6.912031,51.467288],[6.912209,51.466971],[6.913017,51.466932],[6.913959,51.46549],[6.915808,51.464402],[6.916069,51.463154],[6.91658,51.463096],[6.917151,51.462623],[6.916848,51.461937],[6.917174,51.461391],[6.916666,51.461043],[6.916962,51.460469],[6.916598,51.460168],[6.916703,51.459285],[6.916943,51.459046],[6.917116,51.458307],[6.916822,51.457114],[6.917006,51.454881],[6.916191,51.453714],[6.915184,51.450322],[6.915823,51.450122],[6.917976,51.450003],[6.922806,51.450256],[6.927686,51.451207],[6.93165,51.451261],[6.933188,51.450698],[6.934351,51.450531],[6.936748,51.450653],[6.937961,51.450383],[6.938983,51.449664],[6.940485,51.449019],[6.942385,51.447554],[6.943107,51.44736],[6.94651,51.447465],[6.949088,51.448787],[6.950105,51.44956],[6.951257,51.449355],[6.951972,51.449056],[6.953314,51.447862],[6.954152,51.446203],[6.954936,51.443952],[6.959119,51.43932],[6.959538,51.439448],[6.959494,51.438899],[6.959005,51.438358],[6.959329,51.437429],[6.956724,51.436965],[6.957399,51.435883],[6.95783,51.434564],[6.957776,51.433271],[6.955822,51.433082],[6.955658,51.432622],[6.951174,51.431835],[6.952472,51.43076],[6.954668,51.429365],[6.954401,51.42869],[6.953964,51.426041],[6.954374,51.42533],[6.954075,51.425265],[6.954349,51.423366],[6.951461,51.42218],[6.948882,51.420318],[6.947129,51.418149],[6.944298,51.415298],[6.944141,51.41503],[6.944478,51.414874],[6.943825,51.414484],[6.944499,51.41381],[6.944309,51.413527],[6.944544,51.413067],[6.944373,51.412636],[6.945067,51.41172],[6.944132,51.41059],[6.944438,51.409865],[6.944162,51.409383],[6.943588,51.409339],[6.943926,51.408609],[6.944718,51.399829],[6.944079,51.399709],[6.938877,51.397456],[6.93925,51.39672],[6.939968,51.396053],[6.942266,51.395501],[6.943625,51.394821],[6.945613,51.392718],[6.943269,51.389326],[6.940763,51.388163],[6.937587,51.387511],[6.934018,51.387266],[6.933307,51.387706],[6.930538,51.386363],[6.927514,51.385365],[6.929012,51.383372],[6.926785,51.382097],[6.926203,51.382867],[6.922166,51.381984],[6.919669,51.381818],[6.919833,51.381642],[6.919353,51.38116],[6.917836,51.380778],[6.915451,51.379379],[6.914982,51.379694],[6.913505,51.37898],[6.912415,51.379925],[6.910816,51.379109],[6.911042,51.378631],[6.909816,51.377937],[6.912588,51.376323],[6.916362,51.374675],[6.915119,51.373758],[6.91483,51.372823],[6.913648,51.371629],[6.91207,51.372537],[6.909251,51.370595],[6.908888,51.37072],[6.906269,51.368787],[6.907262,51.368251],[6.906176,51.367799],[6.905903,51.367919],[6.905052,51.367601],[6.904187,51.368152],[6.903525,51.367743],[6.90188,51.367905],[6.90043,51.36671],[6.900148,51.367018],[6.900365,51.36796],[6.899684,51.368901],[6.899309,51.368803],[6.89916,51.369108],[6.897177,51.368484],[6.89625,51.367694],[6.895515,51.368959],[6.896182,51.369131],[6.895595,51.369614],[6.895861,51.36983],[6.895342,51.370029],[6.895403,51.37089],[6.894302,51.370297],[6.893706,51.370252],[6.892118,51.371272],[6.890347,51.371787],[6.889426,51.370809],[6.888628,51.370606],[6.885133,51.367796],[6.884868,51.367349],[6.884588,51.367348],[6.881627,51.364694],[6.878668,51.363976],[6.877674,51.363393],[6.876535,51.363724],[6.875784,51.364914],[6.874315,51.364612],[6.87388,51.364962],[6.872962,51.364878],[6.871977,51.364498],[6.870604,51.363415],[6.870422,51.36344],[6.870733,51.363784],[6.870147,51.364547],[6.868533,51.364213],[6.866284,51.364731],[6.8659,51.364313],[6.86734,51.363784],[6.867022,51.363612],[6.867177,51.363041],[6.862052,51.362668],[6.860513,51.361677],[6.859222,51.362497],[6.85883,51.363032],[6.857975,51.363376],[6.855909,51.362982],[6.855327,51.362212],[6.853459,51.362267],[6.853104,51.361547],[6.851477,51.362187],[6.851529,51.362492],[6.848895,51.364395],[6.84654,51.365409],[6.845669,51.365448],[6.845161,51.365118],[6.845295,51.363815],[6.849739,51.360432],[6.845606,51.356068],[6.845033,51.355247],[6.844986,51.354753],[6.843092,51.354846],[6.842551,51.354582],[6.841397,51.354475],[6.836337,51.352593],[6.835825,51.352592],[6.832877,51.351538],[6.831335,51.35074],[6.826126,51.357917],[6.828319,51.358122],[6.824501,51.3675],[6.822792,51.367914],[6.820437,51.368118],[6.817122,51.368013],[6.815233,51.369124],[6.814415,51.373203],[6.813515,51.376427],[6.814102,51.377392],[6.816567,51.37887],[6.815845,51.380326],[6.815369,51.382195],[6.815309,51.383982],[6.816054,51.386376],[6.816244,51.388314],[6.817009,51.391599],[6.816564,51.395383],[6.814819,51.397283],[6.814034,51.398422],[6.812325,51.399755],[6.814637,51.402882],[6.81385,51.404793],[6.814047,51.405344],[6.814944,51.406202],[6.817123,51.409966],[6.816598,51.414094],[6.816532,51.419557],[6.817973,51.423275],[6.817815,51.424464],[6.818558,51.426405],[6.818644,51.427918]]]},"properties":{"name":"Mülheim an der Ruhr","basis":"Auf der offiziellen Revierübersicht benannte oder innerhalb des kartierten Megaplexumrisses liegende Kommune; heutige Gemeindegrenze als geografische Liniengrundlage","boundary_role":"lore-municipality","source":"Code for Germany / Click That Hood","source_url":"https://github.com/codeforgermany/click_that_hood","entity_id":247,"description_preview":"Mülheim verbindet ruhige Wohnlagen und Saeder-Krupp-Einfluss mit Luftschiffhafen, Broicher Schloss, Werkstätten und neuen gastronomischen Szenen.","description_full":"Mülheim verbindet ruhige Wohnlagen und Saeder-Krupp-Einfluss mit Luftschiffhafen, Broicher Schloss, Werkstätten und neuen gastronomischen Szenen. Die Zusammenfassung folgt dem Bezirkskapitel der angegebenen Edition; heutige Grenzen dienen nur der geografischen Einordnung.","editions":["SR6","SR1","SR4","SR2"],"boundary_review_status":"contextual","boundary_review_label":"Offizielle RRP-Karte abgeglichen; heutige Gemeindegeometrie nur als Liniengrundlage","sources":[{"bookId":"revierbericht-sr6","title":"Revierbericht 2082","edition":"SR6","citation":"S. 45–48","purpose":"description"},{"bookId":"dids-sr1","title":"Deutschland in den Schatten","edition":"SR1","citation":"RRP-Kapitel: Mülheim an der Ruhr","purpose":"description"},{"bookId":"rrmp-sr4","title":"Rhein-Ruhr-Megaplex","edition":"SR4","citation":"RRP-Kapitel: Mülheim an der Ruhr","purpose":"description"},{"bookId":"dids-sr2","title":"Deutschland in den Schatten","edition":"SR2","citation":"RRP-Kapitel (identischer SR1/SR2-Bestand): Mülheim an der Ruhr","purpose":"description"}]}},{"type":"Feature","geometry":{"type":"Polygon","coordinates":[[[6.558092,51.390699],[6.553922,51.395049],[6.548386,51.393013],[6.543929,51.397728],[6.5463,51.400589],[6.541071,51.400457],[6.53662,51.402895],[6.538595,51.404011],[6.537929,51.404443],[6.536194,51.405084],[6.533347,51.407019],[6.531828,51.408621],[6.53232,51.408823],[6.529023,51.412762],[6.527737,51.415843],[6.528243,51.416819],[6.52786,51.418963],[6.527653,51.41895],[6.527273,51.421891],[6.525066,51.424439],[6.518283,51.424426],[6.516458,51.424987],[6.514606,51.426928],[6.514627,51.429947],[6.51527,51.431512],[6.516105,51.432354],[6.516631,51.432591],[6.516486,51.432791],[6.519033,51.433813],[6.519798,51.434451],[6.518887,51.434504],[6.52065,51.435988],[6.520207,51.436361],[6.520844,51.43687],[6.521144,51.437436],[6.521874,51.437922],[6.521656,51.43896],[6.520667,51.440762],[6.514449,51.442377],[6.513134,51.443035],[6.511733,51.443199],[6.512253,51.444297],[6.509502,51.445666],[6.507958,51.447604],[6.504138,51.446766],[6.50319,51.447826],[6.502896,51.447816],[6.502582,51.448707],[6.502505,51.450161],[6.502754,51.452202],[6.50264,51.455813],[6.501824,51.458274],[6.501811,51.458877],[6.502993,51.460864],[6.503783,51.46173],[6.504034,51.462676],[6.505752,51.464788],[6.505527,51.466973],[6.506451,51.466698],[6.507184,51.468072],[6.503896,51.469938],[6.498734,51.471465],[6.498336,51.472649],[6.498443,51.473852],[6.497636,51.473776],[6.497693,51.474198],[6.498095,51.474937],[6.49886,51.475653],[6.498766,51.475861],[6.498949,51.475922],[6.499117,51.476511],[6.500169,51.477127],[6.500511,51.477461],[6.500475,51.47785],[6.501063,51.478237],[6.501675,51.478513],[6.502494,51.478547],[6.50263,51.478933],[6.503985,51.479511],[6.506953,51.480143],[6.508114,51.479997],[6.509368,51.480615],[6.510498,51.480613],[6.511376,51.4811],[6.513061,51.481331],[6.51429,51.480278],[6.518067,51.477978],[6.519877,51.477681],[6.520769,51.477327],[6.521486,51.477427],[6.522565,51.477215],[6.523072,51.477345],[6.523512,51.47712],[6.523425,51.476914],[6.524476,51.476834],[6.525574,51.477047],[6.52852,51.476099],[6.528832,51.476184],[6.529383,51.476789],[6.528962,51.477625],[6.530388,51.477717],[6.530477,51.478452],[6.531035,51.478839],[6.532689,51.478501],[6.533945,51.478787],[6.534309,51.479651],[6.536559,51.479677],[6.537058,51.479195],[6.537987,51.479192],[6.53993,51.478764],[6.540924,51.478146],[6.542041,51.477772],[6.542793,51.477588],[6.543758,51.477683],[6.544114,51.477437],[6.543993,51.477289],[6.545541,51.475969],[6.547925,51.474863],[6.54926,51.473271],[6.550776,51.472468],[6.552092,51.472428],[6.552912,51.47205],[6.553127,51.472209],[6.565387,51.473778],[6.565838,51.474137],[6.566063,51.474796],[6.567602,51.477234],[6.569184,51.478924],[6.571541,51.479965],[6.575014,51.480482],[6.576138,51.480466],[6.576536,51.480415],[6.576688,51.480146],[6.577576,51.479995],[6.58107,51.479999],[6.579225,51.479034],[6.580109,51.477732],[6.584972,51.473768],[6.585961,51.474395],[6.587432,51.47406],[6.587369,51.473659],[6.588136,51.472076],[6.588345,51.472207],[6.596515,51.470632],[6.595905,51.469971],[6.596699,51.470048],[6.597403,51.469689],[6.598754,51.467301],[6.599181,51.465135],[6.598004,51.462845],[6.59793,51.460911],[6.596767,51.459555],[6.596486,51.458959],[6.597294,51.457089],[6.597195,51.45626],[6.59668,51.454914],[6.597114,51.454848],[6.596237,51.453074],[6.595243,51.453021],[6.595171,51.451745],[6.594897,51.450791],[6.594166,51.449888],[6.594182,51.449157],[6.593557,51.447839],[6.591253,51.446974],[6.584559,51.446948],[6.584465,51.445713],[6.585037,51.4458],[6.58516,51.445129],[6.584677,51.444768],[6.58536,51.444061],[6.585508,51.443649],[6.583402,51.443386],[6.583567,51.442712],[6.579342,51.441757],[6.580323,51.440925],[6.582624,51.43979],[6.580671,51.438769],[6.581017,51.437386],[6.581028,51.436503],[6.581326,51.435827],[6.581601,51.435644],[6.581795,51.434753],[6.585207,51.434076],[6.588498,51.434551],[6.588957,51.433384],[6.590275,51.433379],[6.590199,51.43442],[6.590875,51.434536],[6.590944,51.43354],[6.589299,51.431065],[6.586596,51.428718],[6.589745,51.428409],[6.593212,51.429054],[6.593575,51.428629],[6.593615,51.428262],[6.592789,51.427982],[6.592425,51.427401],[6.591239,51.426602],[6.589443,51.424835],[6.5865,51.423857],[6.583443,51.423365],[6.583491,51.424848],[6.584347,51.424778],[6.584292,51.425342],[6.584678,51.426126],[6.582972,51.426212],[6.581894,51.425476],[6.582238,51.425366],[6.582192,51.425044],[6.581819,51.425109],[6.580597,51.424474],[6.57905,51.424367],[6.579038,51.423697],[6.576827,51.42373],[6.575941,51.421554],[6.576181,51.419573],[6.575418,51.418569],[6.575342,51.418173],[6.572289,51.416809],[6.572137,51.416944],[6.567313,51.414704],[6.563768,51.412381],[6.561818,51.410781],[6.558743,51.408998],[6.558271,51.408458],[6.558913,51.408503],[6.559109,51.40798],[6.55962,51.407864],[6.559604,51.408302],[6.559924,51.408503],[6.561306,51.408772],[6.566695,51.408635],[6.567321,51.409003],[6.568697,51.409217],[6.569296,51.409703],[6.569641,51.41045],[6.569674,51.411898],[6.570006,51.41242],[6.570279,51.412356],[6.570154,51.412058],[6.574135,51.411981],[6.57515,51.408146],[6.575455,51.404739],[6.575872,51.402814],[6.57576,51.399986],[6.578029,51.396656],[6.580848,51.394171],[6.574386,51.393359],[6.574518,51.392906],[6.57373,51.393342],[6.5694,51.392451],[6.571468,51.391523],[6.567602,51.390766],[6.564145,51.389533],[6.562815,51.389617],[6.562142,51.389173],[6.560154,51.389756],[6.558034,51.389829],[6.558092,51.390699]]]},"properties":{"name":"Neukirchen-Vluyn","basis":"Auf der offiziellen Revierübersicht benannte oder innerhalb des kartierten Megaplexumrisses liegende Kommune; heutige Gemeindegrenze als geografische Liniengrundlage","boundary_role":"lore-municipality","source":"Code for Germany / Click That Hood","source_url":"https://github.com/codeforgermany/click_that_hood","boundary_review_status":"contextual","boundary_review_label":"Offizielle RRP-Karte abgeglichen; heutige Gemeindegeometrie nur als Liniengrundlage","entity_id":297,"description_preview":"Neukirchen-Vluyn ist auf der offiziellen Revierübersicht als Stadt oder Kommune innerhalb des Rhein-Ruhr-Megaplexes verzeichnet.","description_full":"Neukirchen-Vluyn ist auf der offiziellen Revierübersicht als Stadt oder Kommune innerhalb des Rhein-Ruhr-Megaplexes verzeichnet. Die Flächendarstellung folgt dem mit der offiziellen Shadowrun-Karte abgeglichenen Kommunenbestand. Die heutige Gemeindegeometrie dient ausschließlich als geografische Liniengrundlage; eine darüber hinausgehende eigene Stadtbeschreibung ist im zugeordneten Datenmaterial nicht eindeutig belegt.","editions":["SR6"],"sources":[{"bookId":"rrp-map-sr6","title":"Revierbericht 2082 – Karte","edition":"SR6","citation":"Revierübersicht: Stadt/Kommune Neukirchen-Vluyn","purpose":"description"}]}},{"type":"Feature","geometry":{"type":"Polygon","coordinates":[[[6.655642,51.139274],[6.657533,51.138838],[6.657753,51.138522],[6.657744,51.137959],[6.656385,51.136833],[6.655076,51.136269],[6.653843,51.135098],[6.650456,51.136652],[6.649289,51.137308],[6.648837,51.138216],[6.645378,51.139849],[6.640537,51.14169],[6.634607,51.145588],[6.638139,51.147792],[6.62685,51.153709],[6.623341,51.150945],[6.614832,51.151034],[6.615045,51.159891],[6.622479,51.159828],[6.622605,51.16494],[6.626701,51.164914],[6.626777,51.168247],[6.624582,51.168584],[6.625613,51.168654],[6.623888,51.168934],[6.626522,51.169218],[6.621428,51.180411],[6.628643,51.181702],[6.632394,51.182713],[6.635693,51.183738],[6.639452,51.185299],[6.636442,51.185984],[6.634747,51.184504],[6.631041,51.18692],[6.629146,51.189756],[6.628854,51.190748],[6.631965,51.19181],[6.63195,51.192672],[6.634174,51.193205],[6.634432,51.193865],[6.633193,51.194962],[6.633592,51.197394],[6.632593,51.197313],[6.632579,51.197582],[6.632693,51.198057],[6.634422,51.198104],[6.634133,51.204355],[6.63453,51.204371],[6.634391,51.207292],[6.633992,51.207338],[6.640772,51.207524],[6.640626,51.209669],[6.645078,51.209799],[6.644446,51.210976],[6.644482,51.211392],[6.642609,51.211919],[6.644455,51.214397],[6.643143,51.216131],[6.645352,51.215978],[6.644826,51.216844],[6.644914,51.217536],[6.64432,51.21804],[6.64282,51.218126],[6.642392,51.218403],[6.640392,51.221974],[6.639279,51.225404],[6.638952,51.228027],[6.639185,51.230304],[6.63989,51.231145],[6.640966,51.231598],[6.642354,51.231696],[6.647768,51.231089],[6.653534,51.230732],[6.659315,51.230829],[6.666308,51.231645],[6.682276,51.234897],[6.689794,51.235562],[6.695667,51.235439],[6.698972,51.235013],[6.698463,51.234571],[6.696089,51.233826],[6.694879,51.233238],[6.695075,51.233006],[6.694836,51.232853],[6.689965,51.230363],[6.688739,51.229508],[6.691152,51.228903],[6.692553,51.226518],[6.692974,51.22667],[6.693374,51.226137],[6.693492,51.225758],[6.693319,51.22499],[6.698339,51.224964],[6.698351,51.224693],[6.707861,51.224634],[6.707876,51.225333],[6.711078,51.224973],[6.711514,51.225455],[6.712667,51.225628],[6.716227,51.225047],[6.716445,51.224893],[6.716338,51.224804],[6.717835,51.224052],[6.721204,51.226863],[6.723545,51.225958],[6.72296,51.225152],[6.722614,51.224156],[6.722585,51.222966],[6.722956,51.221468],[6.724424,51.218268],[6.729397,51.210477],[6.731152,51.206792],[6.731626,51.20445],[6.731899,51.201684],[6.731645,51.198621],[6.73033,51.193082],[6.730304,51.191031],[6.731075,51.18872],[6.732039,51.187211],[6.733214,51.185969],[6.734713,51.18478],[6.737733,51.183135],[6.741145,51.182011],[6.745949,51.181094],[6.750611,51.180858],[6.754449,51.181063],[6.758852,51.181668],[6.765887,51.183177],[6.77171,51.184689],[6.77535,51.18535],[6.779371,51.185656],[6.782746,51.185298],[6.785673,51.184662],[6.788244,51.18383],[6.790662,51.182739],[6.792744,51.181411],[6.794965,51.179369],[6.79634,51.177655],[6.797366,51.175676],[6.798031,51.173467],[6.798365,51.169812],[6.797822,51.166347],[6.796682,51.163345],[6.794591,51.159748],[6.793613,51.157604],[6.792994,51.155575],[6.792772,51.153546],[6.79302,51.151355],[6.794069,51.148732],[6.795442,51.147032],[6.797682,51.145352],[6.795987,51.144289],[6.792832,51.143082],[6.789867,51.145592],[6.78023,51.146194],[6.778956,51.147003],[6.77705,51.145686],[6.774912,51.146587],[6.769238,51.145482],[6.766653,51.144023],[6.768542,51.142979],[6.764149,51.140084],[6.761789,51.138816],[6.771772,51.131424],[6.765554,51.128472],[6.761306,51.125608],[6.759732,51.126816],[6.756932,51.125782],[6.757562,51.125261],[6.755171,51.124392],[6.754333,51.125194],[6.751801,51.124227],[6.73008,51.117291],[6.724557,51.116994],[6.724771,51.117459],[6.725182,51.117707],[6.725072,51.117851],[6.723151,51.1173],[6.720747,51.117209],[6.719594,51.116887],[6.715352,51.116758],[6.714911,51.118915],[6.714245,51.120667],[6.711906,51.123211],[6.711205,51.124562],[6.71112,51.125281],[6.711594,51.126716],[6.711552,51.127581],[6.709589,51.132473],[6.695664,51.132484],[6.68553,51.135543],[6.68271,51.133273],[6.680618,51.134417],[6.67755,51.132667],[6.676732,51.131643],[6.674918,51.132551],[6.674689,51.132411],[6.673393,51.132879],[6.672109,51.131493],[6.671013,51.130975],[6.667796,51.131387],[6.666425,51.135388],[6.666076,51.135469],[6.664567,51.139376],[6.664515,51.139801],[6.664685,51.139981],[6.664386,51.140127],[6.663318,51.143343],[6.66246,51.143797],[6.662921,51.144361],[6.66241,51.145759],[6.661714,51.145127],[6.661408,51.144153],[6.66043,51.143603],[6.660269,51.142792],[6.659737,51.14213],[6.658964,51.141633],[6.657512,51.141629],[6.655915,51.140876],[6.6555,51.140257],[6.655429,51.139683],[6.655642,51.139274]]]},"properties":{"name":"Neuss","basis":"Auf der offiziellen Revierübersicht benannte oder innerhalb des kartierten Megaplexumrisses liegende Kommune; heutige Gemeindegrenze als geografische Liniengrundlage","boundary_role":"lore-municipality","source":"Code for Germany / Click That Hood","source_url":"https://github.com/codeforgermany/click_that_hood","boundary_review_status":"contextual","boundary_review_label":"Offizielle RRP-Karte abgeglichen; heutige Gemeindegeometrie nur als Liniengrundlage","entity_id":298,"description_preview":"Neuss ist auf der offiziellen Revierübersicht als Stadt oder Kommune innerhalb des Rhein-Ruhr-Megaplexes verzeichnet.","description_full":"Neuss ist auf der offiziellen Revierübersicht als Stadt oder Kommune innerhalb des Rhein-Ruhr-Megaplexes verzeichnet. Die Flächendarstellung folgt dem mit der offiziellen Shadowrun-Karte abgeglichenen Kommunenbestand. Die heutige Gemeindegeometrie dient ausschließlich als geografische Liniengrundlage; eine darüber hinausgehende eigene Stadtbeschreibung ist im zugeordneten Datenmaterial nicht eindeutig belegt.","editions":["SR6","SR1","SR2","SR3","SR4","SR5"],"sources":[{"bookId":"rrp-map-sr6","title":"Revierbericht 2082 – Karte","edition":"SR6","citation":"Revierübersicht: Stadt/Kommune Neuss","purpose":"description"},{"bookId":"dids-sr1","title":"Deutschland in den Schatten","edition":"SR1","citation":"RRP-Kapitel: Neuss","purpose":"description"},{"bookId":"dids-sr2","title":"Deutschland in den Schatten","edition":"SR2","citation":"RRP-Kapitel: Neuss","purpose":"description"},{"bookId":"dids2-sr3","title":"Deutschland in den Schatten II","edition":"SR3","citation":"RRP-Kapitel: Neuss","purpose":"description"},{"bookId":"rrmp-sr4","title":"Rhein-Ruhr-Megaplex","edition":"SR4","citation":"RRP-Kapitel: Neuss","purpose":"description"},{"bookId":"datapuls-adl-sr5","title":"Datapuls: ADL","edition":"SR5","citation":"RRP-Kapitel: Neuss","purpose":"description"}]}},{"type":"Feature","geometry":{"type":"Polygon","coordinates":[[[7.096403,50.8271],[7.100858,50.819782],[7.09685,50.818135],[7.095919,50.819231],[7.094612,50.818757],[7.093777,50.819579],[7.092184,50.81899],[7.085034,50.817113],[7.085654,50.816219],[7.085806,50.815342],[7.086694,50.81496],[7.084911,50.814071],[7.089003,50.811043],[7.086457,50.809804],[7.094533,50.804734],[7.085112,50.798972],[7.088663,50.796524],[7.083934,50.793698],[7.088964,50.78996],[7.082207,50.787246],[7.078133,50.78535],[7.081189,50.783077],[7.082862,50.782088],[7.083835,50.781205],[7.080574,50.779771],[7.08108,50.779275],[7.083507,50.777884],[7.082412,50.777565],[7.082783,50.777352],[7.081382,50.776986],[7.081769,50.775],[7.0808,50.774884],[7.081071,50.773144],[7.082032,50.772539],[7.079829,50.771108],[7.075787,50.767275],[7.054991,50.775445],[7.048568,50.778317],[7.040953,50.782472],[7.03646,50.785469],[7.034024,50.787584],[7.0316,50.790653],[7.030472,50.792811],[7.029862,50.794742],[7.029532,50.797275],[7.029547,50.808893],[7.02923,50.8109],[7.028738,50.812544],[7.027619,50.814847],[7.026329,50.816751],[7.024165,50.818898],[7.023046,50.81972],[7.021138,50.820846],[7.017832,50.822253],[7.011832,50.823823],[7.008105,50.824361],[6.992853,50.82544],[6.989941,50.826094],[6.987622,50.826872],[6.983723,50.828921],[6.98242,50.829916],[6.981091,50.831285],[6.980033,50.832731],[6.979389,50.834096],[6.979051,50.835383],[6.979001,50.837022],[6.979604,50.839235],[6.980516,50.840859],[6.981992,50.842461],[6.983971,50.843953],[6.986219,50.84249],[6.985041,50.841478],[6.986671,50.840572],[6.986366,50.840312],[6.986744,50.840172],[6.987149,50.839167],[6.992643,50.837123],[6.9937,50.837947],[6.998308,50.836336],[6.998906,50.837647],[7.001135,50.837077],[7.004191,50.836821],[7.004452,50.837524],[7.005971,50.837389],[7.005873,50.837009],[7.008394,50.838039],[7.011756,50.839987],[7.013576,50.837914],[7.015551,50.837758],[7.017092,50.83965],[7.023369,50.839255],[7.027142,50.843768],[7.027293,50.846938],[7.034424,50.846525],[7.034129,50.847775],[7.034364,50.849049],[7.037444,50.848822],[7.043866,50.849141],[7.051122,50.850102],[7.051221,50.849353],[7.054703,50.849484],[7.05481,50.849145],[7.057973,50.849246],[7.058555,50.847535],[7.059924,50.845599],[7.061383,50.844082],[7.062163,50.840196],[7.06254,50.830434],[7.068173,50.830869],[7.079152,50.830734],[7.086329,50.831733],[7.090596,50.833294],[7.093373,50.830878],[7.093716,50.830971],[7.094732,50.829074],[7.096403,50.8271]]]},"properties":{"name":"Niederkassel","basis":"Auf der offiziellen Revierübersicht benannte oder innerhalb des kartierten Megaplexumrisses liegende Kommune; heutige Gemeindegrenze als geografische Liniengrundlage","boundary_role":"lore-municipality","source":"Code for Germany / Click That Hood","source_url":"https://github.com/codeforgermany/click_that_hood","boundary_review_status":"contextual","boundary_review_label":"Offizielle RRP-Karte abgeglichen; heutige Gemeindegeometrie nur als Liniengrundlage","entity_id":299,"description_preview":"Niederkassel ist auf der offiziellen Revierübersicht als Stadt oder Kommune innerhalb des Rhein-Ruhr-Megaplexes verzeichnet.","description_full":"Niederkassel ist auf der offiziellen Revierübersicht als Stadt oder Kommune innerhalb des Rhein-Ruhr-Megaplexes verzeichnet. Die Flächendarstellung folgt dem mit der offiziellen Shadowrun-Karte abgeglichenen Kommunenbestand. Die heutige Gemeindegeometrie dient ausschließlich als geografische Liniengrundlage; eine darüber hinausgehende eigene Stadtbeschreibung ist im zugeordneten Datenmaterial nicht eindeutig belegt.","editions":["SR6"],"sources":[{"bookId":"rrp-map-sr6","title":"Revierbericht 2082 – Karte","edition":"SR6","citation":"Revierübersicht: Stadt/Kommune Niederkassel","purpose":"description"}]}},{"type":"Feature","geometry":{"type":"Polygon","coordinates":[[[6.783959,51.538153],[6.783903,51.538437],[6.783351,51.538411],[6.783311,51.538802],[6.783753,51.539672],[6.784131,51.539688],[6.783895,51.540232],[6.784057,51.540256],[6.784071,51.541482],[6.784409,51.541643],[6.78313,51.545538],[6.782656,51.545574],[6.783052,51.546725],[6.787259,51.550544],[6.789986,51.551951],[6.794967,51.554968],[6.795547,51.554764],[6.796908,51.556074],[6.796589,51.55632],[6.797207,51.556948],[6.798059,51.556751],[6.798931,51.55683],[6.807263,51.55806],[6.806409,51.560482],[6.808202,51.560739],[6.809707,51.561309],[6.809582,51.561581],[6.821629,51.565259],[6.821294,51.565865],[6.818915,51.568395],[6.818689,51.569023],[6.817293,51.570172],[6.815879,51.572317],[6.815664,51.573045],[6.814698,51.573582],[6.814477,51.574104],[6.816514,51.574201],[6.819157,51.575503],[6.823627,51.576921],[6.827624,51.577524],[6.83257,51.579964],[6.833158,51.579909],[6.832998,51.579754],[6.833416,51.579651],[6.833754,51.578829],[6.83431,51.578455],[6.834111,51.578089],[6.83597,51.578323],[6.835917,51.577974],[6.836318,51.577922],[6.836309,51.577765],[6.83664,51.577861],[6.836765,51.577663],[6.837042,51.577825],[6.83713,51.577631],[6.836967,51.577484],[6.837425,51.577212],[6.837293,51.576997],[6.837479,51.576951],[6.837505,51.576629],[6.837893,51.576498],[6.837605,51.576373],[6.838054,51.576111],[6.838273,51.576416],[6.838301,51.576169],[6.838543,51.576275],[6.839388,51.575937],[6.839668,51.576208],[6.840024,51.576125],[6.839902,51.575882],[6.840278,51.576055],[6.840453,51.575824],[6.840866,51.576094],[6.840849,51.575948],[6.841708,51.575746],[6.841639,51.575543],[6.841973,51.575605],[6.841896,51.575859],[6.84245,51.575533],[6.842854,51.575728],[6.843147,51.575498],[6.842725,51.575444],[6.843191,51.575186],[6.84412,51.575113],[6.843731,51.575],[6.843973,51.57496],[6.844005,51.574747],[6.844409,51.574921],[6.844623,51.574711],[6.844005,51.574513],[6.844462,51.574424],[6.844237,51.574215],[6.84461,51.574229],[6.844742,51.574081],[6.844629,51.573866],[6.845674,51.573704],[6.845674,51.573544],[6.845372,51.573657],[6.84523,51.573527],[6.845714,51.573493],[6.845409,51.573318],[6.845878,51.573331],[6.845956,51.57292],[6.846416,51.573015],[6.84624,51.573144],[6.846685,51.573119],[6.846521,51.572626],[6.847062,51.572717],[6.846729,51.572495],[6.846849,51.572251],[6.847881,51.572116],[6.848011,51.571906],[6.847783,51.57159],[6.848292,51.571576],[6.847927,51.571504],[6.848173,51.570986],[6.848899,51.570809],[6.848836,51.570965],[6.849229,51.571147],[6.849105,51.571027],[6.849258,51.570889],[6.849708,51.571013],[6.84984,51.570928],[6.849685,51.570818],[6.849983,51.570708],[6.850221,51.570935],[6.850336,51.570722],[6.850595,51.570943],[6.851076,51.570764],[6.850542,51.570584],[6.851033,51.570356],[6.851473,51.570909],[6.85197,51.570751],[6.852112,51.570457],[6.851872,51.570289],[6.852551,51.570394],[6.852552,51.570224],[6.85221,51.570174],[6.852894,51.570066],[6.853018,51.569951],[6.852882,51.569777],[6.853522,51.569737],[6.853963,51.569177],[6.854694,51.569323],[6.855207,51.569156],[6.855251,51.568853],[6.855625,51.568838],[6.85577,51.568531],[6.856109,51.568651],[6.856176,51.568269],[6.856816,51.568038],[6.857804,51.568094],[6.857826,51.568349],[6.858033,51.568404],[6.858196,51.568268],[6.85804,51.568097],[6.858688,51.568006],[6.858828,51.567748],[6.860137,51.56749],[6.860718,51.568019],[6.861238,51.567983],[6.861399,51.567617],[6.861884,51.567518],[6.863185,51.567734],[6.863257,51.567433],[6.863441,51.567636],[6.863794,51.567517],[6.863848,51.567642],[6.863529,51.567707],[6.863719,51.567832],[6.86484,51.567694],[6.865132,51.567939],[6.866084,51.567433],[6.866261,51.567495],[6.866135,51.567798],[6.866747,51.567548],[6.867465,51.567742],[6.867604,51.56764],[6.867449,51.567533],[6.867681,51.567387],[6.868471,51.567278],[6.867698,51.566734],[6.867918,51.566211],[6.867383,51.563924],[6.85964,51.557441],[6.869221,51.552145],[6.877798,51.543763],[6.879599,51.537809],[6.881768,51.538405],[6.885174,51.53656],[6.885317,51.527391],[6.890436,51.525205],[6.891279,51.524432],[6.89185,51.524409],[6.894041,51.523459],[6.89385,51.522921],[6.894071,51.515711],[6.901332,51.512494],[6.90074,51.512121],[6.901016,51.511886],[6.900045,51.511267],[6.901093,51.510433],[6.903536,51.509659],[6.907266,51.506448],[6.908234,51.505941],[6.908282,51.503407],[6.908191,51.50302],[6.907714,51.502517],[6.91129,51.501856],[6.913448,51.501827],[6.923383,51.503499],[6.926484,51.503855],[6.926488,51.503605],[6.927954,51.502998],[6.928511,51.502273],[6.928009,51.502132],[6.928243,51.501696],[6.927871,51.500394],[6.927513,51.49987],[6.928921,51.499544],[6.92945,51.499849],[6.929387,51.500133],[6.929907,51.500228],[6.930143,51.500059],[6.930542,51.499113],[6.929557,51.498317],[6.928383,51.497742],[6.919254,51.496506],[6.920012,51.4943],[6.921656,51.491411],[6.918662,51.490475],[6.913944,51.489469],[6.911602,51.48939],[6.902039,51.488368],[6.902679,51.485937],[6.89998,51.485726],[6.899211,51.483883],[6.898392,51.481028],[6.896791,51.481304],[6.894779,51.478242],[6.89459,51.476398],[6.894338,51.476249],[6.895306,51.474215],[6.896466,51.473712],[6.897546,51.472449],[6.89812,51.472363],[6.898138,51.472651],[6.898771,51.472681],[6.899937,51.47138],[6.897117,51.469761],[6.894183,51.468622],[6.888076,51.467059],[6.888155,51.466915],[6.887714,51.466618],[6.886768,51.466345],[6.871647,51.458148],[6.870381,51.457763],[6.866065,51.457792],[6.865984,51.458528],[6.863971,51.458622],[6.861533,51.458547],[6.860605,51.457925],[6.846007,51.45806],[6.842709,51.450627],[6.827392,51.448695],[6.825371,51.45178],[6.823662,51.45375],[6.822158,51.454967],[6.820248,51.456017],[6.817957,51.456815],[6.815067,51.457069],[6.812784,51.456782],[6.810118,51.45555],[6.809321,51.456042],[6.813268,51.45907],[6.813986,51.459393],[6.813147,51.45971],[6.813036,51.460593],[6.814311,51.462001],[6.814218,51.462811],[6.814845,51.463454],[6.81476,51.463702],[6.815673,51.464155],[6.818798,51.467081],[6.822164,51.468885],[6.808608,51.47463],[6.813225,51.477719],[6.812714,51.477996],[6.812742,51.478155],[6.813469,51.478707],[6.813776,51.479592],[6.813754,51.480229],[6.811764,51.481947],[6.810324,51.484183],[6.816388,51.485718],[6.816789,51.487437],[6.821725,51.487331],[6.823379,51.487618],[6.822618,51.488466],[6.822381,51.490588],[6.823006,51.491595],[6.82313,51.491915],[6.822975,51.492375],[6.823516,51.493283],[6.822935,51.493446],[6.82304,51.493646],[6.822818,51.49371],[6.822863,51.494928],[6.823457,51.494922],[6.822888,51.49649],[6.824374,51.496966],[6.824133,51.497674],[6.823242,51.49797],[6.822375,51.500605],[6.822892,51.500715],[6.820882,51.504349],[6.82161,51.504552],[6.820091,51.50695],[6.813961,51.50695],[6.814233,51.50793],[6.813107,51.508039],[6.811893,51.508491],[6.811258,51.508467],[6.810339,51.509367],[6.81003,51.509202],[6.808978,51.50975],[6.809357,51.510607],[6.795194,51.51617],[6.788797,51.516545],[6.788787,51.517501],[6.788002,51.518517],[6.78704,51.519277],[6.786206,51.519253],[6.783844,51.520389],[6.784208,51.520962],[6.784272,51.521942],[6.781307,51.523174],[6.781205,51.523426],[6.780201,51.524136],[6.7798,51.524078],[6.777503,51.522842],[6.777331,51.523439],[6.777503,51.524354],[6.77846,51.525032],[6.781141,51.525631],[6.781162,51.526242],[6.782062,51.52645],[6.781831,51.526897],[6.782396,51.527568],[6.782321,51.528289],[6.781685,51.529266],[6.78191,51.52949],[6.782044,51.530215],[6.782453,51.530374],[6.783665,51.530306],[6.783629,51.530834],[6.784639,51.531486],[6.78355,51.532197],[6.784747,51.532806],[6.783955,51.533379],[6.783724,51.534249],[6.784022,51.534441],[6.783677,51.535546],[6.78313,51.535957],[6.785411,51.537249],[6.784559,51.538104],[6.783959,51.538153]]]},"properties":{"name":"Oberhausen","basis":"Auf der offiziellen Revierübersicht benannte oder innerhalb des kartierten Megaplexumrisses liegende Kommune; heutige Gemeindegrenze als geografische Liniengrundlage","boundary_role":"lore-municipality","source":"Code for Germany / Click That Hood","source_url":"https://github.com/codeforgermany/click_that_hood","entity_id":246,"description_preview":"Oberhausen vereint Ruhrmetall, Industrie- und Klinikstandorte mit der Neuen Mitte, Freizeitwirtschaft und großen verwilderten Brachen.","description_full":"Oberhausen vereint Ruhrmetall, Industrie- und Klinikstandorte mit der Neuen Mitte, Freizeitwirtschaft und großen verwilderten Brachen. Die Zusammenfassung folgt dem Bezirkskapitel der angegebenen Edition; heutige Grenzen dienen nur der geografischen Einordnung.","editions":["SR6","SR1","SR2","SR3","SR4","SR5"],"boundary_review_status":"contextual","boundary_review_label":"Offizielle RRP-Karte abgeglichen; heutige Gemeindegeometrie nur als Liniengrundlage","sources":[{"bookId":"revierbericht-sr6","title":"Revierbericht 2082","edition":"SR6","citation":"S. 43–45","purpose":"description"},{"bookId":"dids-sr1","title":"Deutschland in den Schatten","edition":"SR1","citation":"RRP-Kapitel: Oberhausen","purpose":"description"},{"bookId":"dids-sr2","title":"Deutschland in den Schatten","edition":"SR2","citation":"RRP-Kapitel: Oberhausen","purpose":"description"},{"bookId":"dids2-sr3","title":"Deutschland in den Schatten II","edition":"SR3","citation":"RRP-Kapitel: Oberhausen","purpose":"description"},{"bookId":"rrmp-sr4","title":"Rhein-Ruhr-Megaplex","edition":"SR4","citation":"RRP-Kapitel: Oberhausen","purpose":"description"},{"bookId":"datapuls-adl-sr5","title":"Datapuls: ADL","edition":"SR5","citation":"RRP-Kapitel: Oberhausen","purpose":"description"}]}},{"type":"Feature","geometry":{"type":"Polygon","coordinates":[[[7.238167,51.62642],[7.236612,51.626953],[7.23198,51.626698],[7.229458,51.626836],[7.229319,51.629665],[7.228716,51.631778],[7.228922,51.63362],[7.227068,51.632848],[7.226975,51.634435],[7.227419,51.636208],[7.226134,51.636177],[7.225197,51.636398],[7.218907,51.635101],[7.218112,51.6363],[7.218043,51.63848],[7.217272,51.639348],[7.217095,51.640228],[7.216828,51.642195],[7.217926,51.642302],[7.217828,51.64257],[7.210154,51.648445],[7.209309,51.648867],[7.20879,51.649521],[7.2078,51.649521],[7.207079,51.649816],[7.201391,51.649727],[7.198858,51.651102],[7.197542,51.650473],[7.195865,51.650877],[7.195784,51.650715],[7.191466,51.65406],[7.19273,51.654026],[7.192724,51.654292],[7.193805,51.655414],[7.193433,51.65514],[7.193163,51.655203],[7.193326,51.655528],[7.19366,51.655529],[7.195931,51.657498],[7.194158,51.658409],[7.196859,51.659425],[7.197819,51.660152],[7.197745,51.661572],[7.19743,51.662046],[7.19788,51.662074],[7.197244,51.664307],[7.197917,51.664681],[7.19739,51.664858],[7.19841,51.666113],[7.198783,51.666323],[7.200331,51.665946],[7.199706,51.667437],[7.197719,51.668247],[7.198851,51.669667],[7.19565,51.670756],[7.195226,51.671549],[7.194546,51.671573],[7.193944,51.672761],[7.195458,51.673229],[7.197261,51.671698],[7.200477,51.672746],[7.2014,51.67164],[7.201586,51.671127],[7.205441,51.673248],[7.197914,51.675298],[7.193164,51.674834],[7.192748,51.676039],[7.193618,51.677615],[7.190304,51.692877],[7.190351,51.693311],[7.199084,51.698229],[7.208858,51.698522],[7.21216,51.696926],[7.227942,51.697201],[7.229148,51.702893],[7.232198,51.702993],[7.235334,51.703897],[7.237325,51.703421],[7.241204,51.702907],[7.244194,51.70263],[7.246335,51.702695],[7.24532,51.701242],[7.243569,51.696733],[7.242076,51.694538],[7.239946,51.690245],[7.245898,51.6917],[7.248344,51.687825],[7.253496,51.685208],[7.256349,51.684148],[7.256505,51.680168],[7.26394,51.669738],[7.267168,51.667694],[7.267856,51.66638],[7.267526,51.664515],[7.268084,51.662955],[7.269636,51.661356],[7.271522,51.659891],[7.275331,51.660342],[7.276892,51.65973],[7.279522,51.659963],[7.280188,51.659204],[7.28057,51.658419],[7.28231,51.658883],[7.282753,51.658626],[7.282875,51.658178],[7.284995,51.65717],[7.28586,51.655961],[7.285857,51.655504],[7.286513,51.654673],[7.286518,51.654082],[7.287591,51.65289],[7.294297,51.653241],[7.294416,51.653021],[7.294032,51.651942],[7.295542,51.652118],[7.295557,51.651422],[7.295996,51.6513],[7.294015,51.649006],[7.297353,51.648725],[7.297099,51.646728],[7.297208,51.645072],[7.296489,51.644338],[7.295613,51.642832],[7.295304,51.641787],[7.295415,51.641355],[7.291864,51.639528],[7.292147,51.639178],[7.292818,51.637236],[7.293727,51.635928],[7.293604,51.63547],[7.293275,51.635409],[7.293272,51.635011],[7.290938,51.634439],[7.290749,51.632332],[7.289763,51.63183],[7.290453,51.631348],[7.286536,51.629222],[7.286525,51.628661],[7.279274,51.627818],[7.274184,51.627999],[7.274292,51.626798],[7.27398,51.625836],[7.274196,51.624929],[7.272358,51.624058],[7.268758,51.624494],[7.267205,51.625174],[7.264494,51.624938],[7.264305,51.625483],[7.263365,51.625364],[7.26297,51.626224],[7.261115,51.626704],[7.258053,51.625195],[7.257307,51.6245],[7.256949,51.624694],[7.255919,51.624553],[7.255198,51.625476],[7.253882,51.625102],[7.254089,51.6255],[7.25402,51.625784],[7.252113,51.626934],[7.250535,51.626081],[7.249733,51.626749],[7.248651,51.628094],[7.248489,51.628045],[7.245816,51.631238],[7.243713,51.629238],[7.241703,51.627937],[7.24008,51.627313],[7.239214,51.626552],[7.238167,51.62642]]]},"properties":{"name":"Oer-Erkenschwick","basis":"Auf der offiziellen Revierübersicht benannte oder innerhalb des kartierten Megaplexumrisses liegende Kommune; heutige Gemeindegrenze als geografische Liniengrundlage","boundary_role":"lore-municipality","source":"Code for Germany / Click That Hood","source_url":"https://github.com/codeforgermany/click_that_hood","boundary_review_status":"contextual","boundary_review_label":"Offizielle RRP-Karte abgeglichen; heutige Gemeindegeometrie nur als Liniengrundlage","entity_id":300,"description_preview":"Oer-Erkenschwick ist auf der offiziellen Revierübersicht als Stadt oder Kommune innerhalb des Rhein-Ruhr-Megaplexes verzeichnet.","description_full":"Oer-Erkenschwick ist auf der offiziellen Revierübersicht als Stadt oder Kommune innerhalb des Rhein-Ruhr-Megaplexes verzeichnet. Die Flächendarstellung folgt dem mit der offiziellen Shadowrun-Karte abgeglichenen Kommunenbestand. Die heutige Gemeindegeometrie dient ausschließlich als geografische Liniengrundlage; eine darüber hinausgehende eigene Stadtbeschreibung ist im zugeordneten Datenmaterial nicht eindeutig belegt.","editions":["SR6"],"sources":[{"bookId":"rrp-map-sr6","title":"Revierbericht 2082 – Karte","edition":"SR6","citation":"Revierübersicht: Stadt/Kommune Oer-Erkenschwick","purpose":"description"}]}},{"type":"Feature","geometry":{"type":"Polygon","coordinates":[[[6.790369,50.944921],[6.7848,50.944309],[6.784429,50.945071],[6.778752,50.944],[6.777444,50.946079],[6.774983,50.945476],[6.772337,50.949551],[6.769138,50.949262],[6.765127,50.949404],[6.761718,50.948794],[6.760969,50.948528],[6.76159,50.946813],[6.758779,50.946053],[6.756463,50.945769],[6.756754,50.944994],[6.755768,50.944755],[6.755969,50.944103],[6.75477,50.94402],[6.754392,50.944241],[6.751121,50.944825],[6.750665,50.942869],[6.749538,50.943056],[6.749631,50.943663],[6.748498,50.943346],[6.747376,50.943639],[6.743356,50.943763],[6.742202,50.94431],[6.740907,50.945424],[6.740271,50.945615],[6.73934,50.946593],[6.739546,50.94694],[6.738932,50.947894],[6.738634,50.949379],[6.738423,50.949366],[6.738367,50.949661],[6.738143,50.952433],[6.738736,50.952653],[6.739008,50.954158],[6.739429,50.954741],[6.741809,50.955785],[6.74526,50.956331],[6.747284,50.957066],[6.748331,50.95763],[6.748654,50.958275],[6.753585,50.960328],[6.756554,50.962209],[6.767384,50.966666],[6.763605,50.967713],[6.764779,50.968055],[6.761727,50.972225],[6.763794,50.972488],[6.76353,50.973168],[6.762077,50.974151],[6.760481,50.974568],[6.758498,50.978777],[6.754922,50.979488],[6.752543,50.98451],[6.75069,50.984131],[6.749771,50.985611],[6.748899,50.985412],[6.747938,50.986937],[6.753627,50.988296],[6.752741,50.988469],[6.754469,50.991387],[6.751845,50.992],[6.754026,50.995619],[6.755345,50.995693],[6.755442,50.997121],[6.756644,50.997341],[6.756582,50.997711],[6.756845,50.998224],[6.757686,50.998138],[6.758651,50.998302],[6.759933,50.998893],[6.759361,50.999119],[6.759991,50.999755],[6.760157,51.000402],[6.758214,51.000327],[6.757623,51.001208],[6.758435,51.001538],[6.757389,51.003201],[6.751518,51.002427],[6.747503,51.00584],[6.745026,51.001909],[6.741485,51.00512],[6.741648,51.005215],[6.737523,51.003998],[6.734733,51.002917],[6.727052,50.999193],[6.725162,50.998488],[6.711394,51.006767],[6.712933,51.007567],[6.715078,51.007901],[6.712764,51.012501],[6.714222,51.012742],[6.715635,51.015006],[6.716493,51.016002],[6.718083,51.016076],[6.72275,51.023129],[6.72359,51.023229],[6.725612,51.025519],[6.728303,51.029707],[6.728529,51.030563],[6.729322,51.031401],[6.730556,51.032185],[6.730923,51.032035],[6.732764,51.033447],[6.734435,51.032983],[6.743399,51.037067],[6.739148,51.038172],[6.741372,51.040058],[6.74009,51.040323],[6.743841,51.043463],[6.743178,51.044275],[6.741639,51.044591],[6.743753,51.04638],[6.747678,51.043391],[6.751113,51.039947],[6.762007,51.042625],[6.760411,51.049988],[6.758209,51.056663],[6.756792,51.057954],[6.753388,51.059327],[6.75249,51.06042],[6.752298,51.061141],[6.753331,51.06592],[6.757165,51.064916],[6.759383,51.064967],[6.762605,51.065466],[6.764255,51.064558],[6.765452,51.064456],[6.773469,51.065466],[6.773941,51.064356],[6.77256,51.061616],[6.772982,51.059917],[6.773868,51.059193],[6.775406,51.05737],[6.776622,51.05643],[6.777243,51.056166],[6.777598,51.056472],[6.779155,51.05571],[6.781384,51.054163],[6.785208,51.052118],[6.787221,51.050483],[6.788283,51.049874],[6.789484,51.048583],[6.790249,51.046519],[6.791204,51.044742],[6.792744,51.043056],[6.793716,51.042328],[6.79397,51.041838],[6.794898,51.041212],[6.795004,51.040651],[6.795845,51.039509],[6.796132,51.038811],[6.797773,51.037317],[6.798184,51.036728],[6.80279,51.038677],[6.805393,51.039511],[6.806153,51.038833],[6.808339,51.03524],[6.812705,51.036727],[6.812967,51.036648],[6.813962,51.035345],[6.816439,51.03628],[6.8192,51.037776],[6.820061,51.038466],[6.820354,51.038366],[6.82052,51.038573],[6.822608,51.036436],[6.824194,51.037366],[6.827817,51.033674],[6.829923,51.033403],[6.839929,51.028857],[6.835603,51.027159],[6.841569,51.024694],[6.833934,51.017858],[6.835601,51.017629],[6.841239,51.012262],[6.841678,51.012028],[6.83979,51.011894],[6.837299,51.011165],[6.84487,51.004024],[6.842065,51.004374],[6.835321,50.99975],[6.837434,50.995723],[6.839238,50.993485],[6.839535,50.991715],[6.839489,50.99094],[6.841756,50.989771],[6.844623,50.988798],[6.843319,50.987088],[6.838482,50.982976],[6.83945,50.982471],[6.836918,50.980199],[6.827871,50.974772],[6.830687,50.971988],[6.823843,50.967638],[6.818711,50.965242],[6.8186,50.964873],[6.818819,50.964482],[6.824692,50.957075],[6.82069,50.955491],[6.815476,50.952316],[6.816423,50.951982],[6.81167,50.948239],[6.808393,50.948712],[6.8114,50.945326],[6.812563,50.942304],[6.814429,50.941041],[6.814531,50.940597],[6.805174,50.939643],[6.805211,50.94009],[6.793471,50.938827],[6.793264,50.938874],[6.791137,50.942832],[6.790369,50.944921]]]},"properties":{"name":"Pulheim","basis":"Auf der offiziellen Revierübersicht benannte oder innerhalb des kartierten Megaplexumrisses liegende Kommune; heutige Gemeindegrenze als geografische Liniengrundlage","boundary_role":"lore-municipality","source":"Code for Germany / Click That Hood","source_url":"https://github.com/codeforgermany/click_that_hood","boundary_review_status":"contextual","boundary_review_label":"Offizielle RRP-Karte abgeglichen; heutige Gemeindegeometrie nur als Liniengrundlage","entity_id":301,"description_preview":"Pulheim ist auf der offiziellen Revierübersicht als Stadt oder Kommune innerhalb des Rhein-Ruhr-Megaplexes verzeichnet.","description_full":"Pulheim ist auf der offiziellen Revierübersicht als Stadt oder Kommune innerhalb des Rhein-Ruhr-Megaplexes verzeichnet. Die Flächendarstellung folgt dem mit der offiziellen Shadowrun-Karte abgeglichenen Kommunenbestand. Die heutige Gemeindegeometrie dient ausschließlich als geografische Liniengrundlage; eine darüber hinausgehende eigene Stadtbeschreibung ist im zugeordneten Datenmaterial nicht eindeutig belegt.","editions":["SR6"],"sources":[{"bookId":"rrp-map-sr6","title":"Revierbericht 2082 – Karte","edition":"SR6","citation":"Revierübersicht: Stadt/Kommune Pulheim","purpose":"description"}]}},{"type":"Feature","geometry":{"type":"Polygon","coordinates":[[[6.931965,51.326144],[6.932918,51.324342],[6.93472,51.323045],[6.936818,51.324218],[6.937948,51.325126],[6.940118,51.324582],[6.939873,51.323927],[6.940162,51.323885],[6.94039,51.322606],[6.939693,51.322691],[6.939481,51.320255],[6.942202,51.319414],[6.942455,51.31895],[6.940665,51.318702],[6.937981,51.316923],[6.936537,51.31639],[6.936095,51.315948],[6.93642,51.315232],[6.936932,51.315319],[6.938078,51.314953],[6.938648,51.3145],[6.93805,51.313937],[6.93835,51.31353],[6.938331,51.313033],[6.937751,51.31291],[6.937329,51.312282],[6.936298,51.311888],[6.933554,51.312585],[6.931338,51.312034],[6.931863,51.309143],[6.93059,51.308852],[6.931598,51.307779],[6.932814,51.307126],[6.931845,51.306398],[6.934698,51.304812],[6.933608,51.304425],[6.933243,51.303984],[6.935711,51.304046],[6.938319,51.304673],[6.940632,51.304088],[6.939823,51.30248],[6.94019,51.302342],[6.939533,51.30215],[6.940271,51.300546],[6.941724,51.301233],[6.943526,51.300297],[6.943222,51.299965],[6.948086,51.300913],[6.948955,51.300294],[6.950393,51.299649],[6.948872,51.297831],[6.948076,51.296259],[6.95106,51.29543],[6.952301,51.297755],[6.955323,51.297451],[6.956925,51.297081],[6.959625,51.298506],[6.962272,51.297429],[6.963083,51.29955],[6.965175,51.300132],[6.96618,51.299678],[6.967189,51.298806],[6.972589,51.2992],[6.972997,51.300326],[6.971743,51.300258],[6.971333,51.30135],[6.973179,51.301945],[6.973598,51.300685],[6.973408,51.300344],[6.978387,51.30163],[6.978381,51.301095],[6.980587,51.301091],[6.980611,51.300704],[6.981837,51.300128],[6.982273,51.299549],[6.982584,51.297861],[6.982367,51.296913],[6.981675,51.295844],[6.980504,51.29491],[6.975704,51.293906],[6.969036,51.292892],[6.968482,51.293099],[6.966791,51.292279],[6.964828,51.292029],[6.964304,51.29148],[6.964418,51.291408],[6.96244,51.290485],[6.962332,51.290178],[6.961308,51.289385],[6.961233,51.289256],[6.962499,51.287859],[6.96192,51.287233],[6.960142,51.287286],[6.960478,51.286814],[6.958143,51.285757],[6.957914,51.285878],[6.957543,51.285286],[6.957968,51.28531],[6.958117,51.285041],[6.957478,51.284408],[6.955696,51.284363],[6.95452,51.284643],[6.954394,51.284933],[6.952733,51.285033],[6.952869,51.284623],[6.95166,51.284382],[6.951098,51.284066],[6.949805,51.283117],[6.94942,51.28231],[6.946098,51.281688],[6.943185,51.282461],[6.941666,51.283446],[6.940299,51.283304],[6.940561,51.282346],[6.941446,51.281651],[6.941201,51.281462],[6.94095,51.281285],[6.939874,51.28187],[6.937711,51.280061],[6.936137,51.280439],[6.935771,51.279865],[6.935577,51.279331],[6.935856,51.276098],[6.934851,51.275693],[6.934459,51.276087],[6.930566,51.275368],[6.931131,51.274594],[6.930846,51.274539],[6.930118,51.273238],[6.928399,51.272939],[6.922518,51.273648],[6.917692,51.272728],[6.916688,51.272974],[6.917334,51.273385],[6.917336,51.274237],[6.91551,51.274874],[6.914535,51.275947],[6.912779,51.276144],[6.912389,51.275718],[6.912095,51.274233],[6.911284,51.273186],[6.912734,51.272535],[6.911417,51.271115],[6.911087,51.271667],[6.908951,51.271345],[6.908378,51.271043],[6.908664,51.270699],[6.908033,51.269978],[6.908037,51.268643],[6.907805,51.267545],[6.90756,51.267342],[6.906442,51.267533],[6.903653,51.264959],[6.899542,51.264938],[6.897525,51.264711],[6.896884,51.26477],[6.896981,51.26506],[6.896461,51.265136],[6.895982,51.264579],[6.893843,51.265016],[6.894347,51.265731],[6.892001,51.266702],[6.891685,51.266184],[6.890791,51.266736],[6.889599,51.267859],[6.889702,51.26893],[6.889108,51.269358],[6.882338,51.268319],[6.881862,51.269131],[6.876125,51.268008],[6.875273,51.269352],[6.874684,51.269771],[6.875219,51.269932],[6.874597,51.269818],[6.874522,51.270032],[6.874629,51.270895],[6.875771,51.271241],[6.87595,51.273633],[6.8758,51.274725],[6.875024,51.274308],[6.874858,51.273758],[6.872373,51.272831],[6.872533,51.27218],[6.871613,51.271604],[6.870659,51.271733],[6.870109,51.273127],[6.869282,51.273902],[6.86689,51.272234],[6.866591,51.272218],[6.863024,51.273486],[6.861308,51.273711],[6.859895,51.274343],[6.858322,51.274281],[6.856243,51.275223],[6.853221,51.275628],[6.851443,51.276089],[6.851438,51.276592],[6.850666,51.27673],[6.851207,51.278143],[6.850897,51.278531],[6.841951,51.276173],[6.840243,51.276699],[6.839115,51.27627],[6.83593,51.276373],[6.836006,51.277224],[6.835308,51.277232],[6.83435,51.276901],[6.831652,51.278411],[6.831099,51.278357],[6.832317,51.280363],[6.830949,51.280672],[6.82907,51.279948],[6.82839,51.279304],[6.825027,51.273741],[6.819922,51.274444],[6.816582,51.275362],[6.813726,51.276735],[6.812025,51.277822],[6.809702,51.279676],[6.807553,51.279151],[6.803513,51.278989],[6.803749,51.279305],[6.802971,51.27973],[6.803744,51.28131],[6.804015,51.283225],[6.803528,51.290098],[6.803129,51.290172],[6.803138,51.290942],[6.80353,51.290968],[6.804102,51.293113],[6.806258,51.297405],[6.806993,51.299557],[6.805281,51.29978],[6.80127,51.300994],[6.803351,51.304864],[6.803525,51.306843],[6.805121,51.307452],[6.808783,51.307382],[6.8095,51.307518],[6.811484,51.311177],[6.809714,51.31398],[6.814135,51.315102],[6.817576,51.320953],[6.815225,51.320993],[6.810372,51.321923],[6.80747,51.323278],[6.806786,51.32614],[6.802614,51.328428],[6.80276,51.329642],[6.802591,51.330674],[6.804289,51.331539],[6.803801,51.332321],[6.803654,51.333479],[6.803326,51.333958],[6.803619,51.335046],[6.803198,51.335205],[6.803045,51.335496],[6.804301,51.336299],[6.804439,51.3369],[6.805397,51.337143],[6.807936,51.33714],[6.809162,51.337513],[6.808711,51.338481],[6.808789,51.339503],[6.808523,51.340473],[6.80944,51.342725],[6.809316,51.3432],[6.804546,51.342999],[6.804502,51.346114],[6.805882,51.350429],[6.806255,51.350395],[6.807355,51.347629],[6.808998,51.34776],[6.81019,51.347273],[6.810953,51.347307],[6.811384,51.347787],[6.812277,51.348068],[6.813013,51.348712],[6.81377,51.348724],[6.815212,51.349198],[6.815376,51.349778],[6.815155,51.350362],[6.815123,51.351682],[6.816132,51.351987],[6.816489,51.352454],[6.817938,51.353306],[6.818875,51.352957],[6.819848,51.353091],[6.820784,51.352919],[6.821216,51.351841],[6.822764,51.35008],[6.830215,51.352293],[6.831335,51.35074],[6.832877,51.351538],[6.835825,51.352592],[6.836337,51.352593],[6.841397,51.354475],[6.842551,51.354582],[6.843092,51.354846],[6.844886,51.354715],[6.845033,51.355247],[6.845606,51.356068],[6.849739,51.360432],[6.845295,51.363815],[6.845161,51.365118],[6.845669,51.365448],[6.84654,51.365409],[6.848895,51.364395],[6.851529,51.362492],[6.851477,51.362187],[6.853104,51.361547],[6.853459,51.362267],[6.855327,51.362212],[6.855909,51.362982],[6.857975,51.363376],[6.85883,51.363032],[6.859222,51.362497],[6.860513,51.361677],[6.862052,51.362668],[6.867177,51.363041],[6.867022,51.363612],[6.86734,51.363784],[6.8659,51.364313],[6.866284,51.364731],[6.868533,51.364213],[6.870147,51.364547],[6.870733,51.363784],[6.870422,51.36344],[6.870604,51.363415],[6.871977,51.364498],[6.872962,51.364878],[6.87388,51.364962],[6.874315,51.364612],[6.875784,51.364914],[6.876535,51.363724],[6.877674,51.363393],[6.878668,51.363976],[6.881627,51.364694],[6.884588,51.367348],[6.884868,51.367349],[6.885133,51.367796],[6.888628,51.370606],[6.889426,51.370809],[6.890347,51.371787],[6.892118,51.371272],[6.893706,51.370252],[6.894302,51.370297],[6.895403,51.37089],[6.895342,51.370029],[6.895861,51.36983],[6.895595,51.369614],[6.896182,51.369131],[6.895515,51.368959],[6.89625,51.367694],[6.897177,51.368484],[6.89916,51.369108],[6.899309,51.368803],[6.899684,51.368901],[6.900365,51.36796],[6.900148,51.367018],[6.90043,51.36671],[6.901686,51.367837],[6.903525,51.367743],[6.904187,51.368152],[6.907707,51.365419],[6.913246,51.362068],[6.912998,51.36177],[6.913262,51.361636],[6.913919,51.361677],[6.914992,51.361417],[6.918234,51.360292],[6.922519,51.358365],[6.924923,51.357707],[6.924143,51.356666],[6.922737,51.355526],[6.92241,51.355828],[6.922048,51.3556],[6.921684,51.355765],[6.921079,51.35537],[6.922232,51.354948],[6.921514,51.354084],[6.921907,51.353848],[6.922481,51.353871],[6.922811,51.354179],[6.925951,51.353437],[6.926752,51.35364],[6.927055,51.352957],[6.928546,51.352981],[6.928669,51.352656],[6.929017,51.352449],[6.928637,51.352092],[6.927073,51.351597],[6.926457,51.351137],[6.924187,51.350369],[6.925994,51.348462],[6.928811,51.349631],[6.92923,51.34811],[6.928312,51.347299],[6.924974,51.346175],[6.92451,51.345971],[6.924184,51.345502],[6.922534,51.345219],[6.921979,51.344865],[6.919961,51.344322],[6.921694,51.343547],[6.918019,51.341397],[6.919614,51.340432],[6.918232,51.339479],[6.922436,51.337172],[6.921067,51.336584],[6.922005,51.335996],[6.92117,51.335009],[6.921956,51.334548],[6.922492,51.3337],[6.923984,51.333306],[6.922603,51.33207],[6.92643,51.332343],[6.926353,51.331515],[6.926571,51.331183],[6.928524,51.331042],[6.928675,51.33128],[6.92998,51.33106],[6.930854,51.33081],[6.93183,51.330189],[6.931965,51.326144]]]},"properties":{"name":"Ratingen","basis":"Auf der offiziellen Revierübersicht benannte oder innerhalb des kartierten Megaplexumrisses liegende Kommune; heutige Gemeindegrenze als geografische Liniengrundlage","boundary_role":"lore-municipality","source":"Code for Germany / Click That Hood","source_url":"https://github.com/codeforgermany/click_that_hood","boundary_review_status":"contextual","boundary_review_label":"Offizielle RRP-Karte abgeglichen; heutige Gemeindegeometrie nur als Liniengrundlage","entity_id":302,"description_preview":"Ratingen ist auf der offiziellen Revierübersicht als Stadt oder Kommune innerhalb des Rhein-Ruhr-Megaplexes verzeichnet.","description_full":"Ratingen ist auf der offiziellen Revierübersicht als Stadt oder Kommune innerhalb des Rhein-Ruhr-Megaplexes verzeichnet. Die Flächendarstellung folgt dem mit der offiziellen Shadowrun-Karte abgeglichenen Kommunenbestand. Die heutige Gemeindegeometrie dient ausschließlich als geografische Liniengrundlage; eine darüber hinausgehende eigene Stadtbeschreibung ist im zugeordneten Datenmaterial nicht eindeutig belegt.","editions":["SR6","SR1","SR2","SR3","SR4"],"sources":[{"bookId":"rrp-map-sr6","title":"Revierbericht 2082 – Karte","edition":"SR6","citation":"Revierübersicht: Stadt/Kommune Ratingen","purpose":"description"},{"bookId":"dids-sr1","title":"Deutschland in den Schatten","edition":"SR1","citation":"RRP-Kapitel: Ratingen","purpose":"description"},{"bookId":"dids-sr2","title":"Deutschland in den Schatten","edition":"SR2","citation":"RRP-Kapitel: Ratingen","purpose":"description"},{"bookId":"dids2-sr3","title":"Deutschland in den Schatten II","edition":"SR3","citation":"RRP-Kapitel: Ratingen","purpose":"description"},{"bookId":"rrmp-sr4","title":"Rhein-Ruhr-Megaplex","edition":"SR4","citation":"RRP-Kapitel: Ratingen","purpose":"description"}]}},{"type":"Feature","geometry":{"type":"Polygon","coordinates":[[[7.154025,51.627263],[7.146344,51.630613],[7.142893,51.632409],[7.139516,51.633323],[7.134753,51.63415],[7.13594,51.635319],[7.136594,51.635283],[7.136648,51.635551],[7.137365,51.635918],[7.137369,51.636113],[7.137838,51.636171],[7.139841,51.63736],[7.14069,51.638598],[7.141109,51.638145],[7.146293,51.639182],[7.146334,51.639494],[7.145656,51.641474],[7.145298,51.642004],[7.146311,51.643244],[7.150709,51.643736],[7.150927,51.643192],[7.155903,51.643276],[7.156692,51.646318],[7.16294,51.647386],[7.163134,51.647259],[7.167964,51.648414],[7.168092,51.64819],[7.171544,51.649323],[7.171392,51.649745],[7.174007,51.650589],[7.174654,51.65038],[7.175272,51.649714],[7.175167,51.649108],[7.17541,51.648665],[7.176326,51.647838],[7.177709,51.647166],[7.179085,51.647594],[7.179482,51.648506],[7.17974,51.648613],[7.181134,51.647384],[7.181707,51.647599],[7.182615,51.64838],[7.183628,51.648592],[7.18393,51.648124],[7.184263,51.648145],[7.184467,51.648708],[7.185316,51.649795],[7.186324,51.650378],[7.186467,51.650767],[7.187504,51.650689],[7.188059,51.650918],[7.189211,51.650599],[7.189451,51.65107],[7.189345,51.651463],[7.191051,51.650882],[7.19479,51.65006],[7.195865,51.650877],[7.197542,51.650473],[7.198858,51.651102],[7.201391,51.649727],[7.207079,51.649816],[7.2078,51.649521],[7.208743,51.649537],[7.209309,51.648867],[7.210154,51.648445],[7.217828,51.64257],[7.217926,51.642302],[7.216828,51.642195],[7.217095,51.640228],[7.217272,51.639348],[7.218043,51.63848],[7.218112,51.6363],[7.218907,51.635101],[7.225197,51.636398],[7.226134,51.636177],[7.227419,51.636208],[7.226975,51.634435],[7.227068,51.632848],[7.228922,51.63362],[7.228716,51.631778],[7.229319,51.629665],[7.229458,51.626836],[7.23198,51.626698],[7.236612,51.626953],[7.238062,51.626432],[7.239214,51.626552],[7.24008,51.627313],[7.241703,51.627937],[7.243713,51.629238],[7.245816,51.631238],[7.248489,51.628045],[7.248651,51.628094],[7.249733,51.626749],[7.250535,51.626081],[7.252113,51.626934],[7.25402,51.625784],[7.254089,51.6255],[7.253882,51.625102],[7.255198,51.625476],[7.255919,51.624553],[7.256949,51.624694],[7.257307,51.6245],[7.258053,51.625195],[7.261115,51.626704],[7.26297,51.626224],[7.263365,51.625364],[7.264305,51.625483],[7.264494,51.624938],[7.267205,51.625174],[7.268758,51.624494],[7.272318,51.624138],[7.271911,51.623796],[7.271989,51.623444],[7.271436,51.622092],[7.271809,51.621801],[7.273955,51.621446],[7.273823,51.620249],[7.276092,51.620102],[7.277601,51.620318],[7.277839,51.61985],[7.278329,51.619553],[7.282358,51.620668],[7.290796,51.620672],[7.291433,51.616661],[7.292366,51.614378],[7.292128,51.613314],[7.293085,51.613498],[7.293341,51.613176],[7.284844,51.6104],[7.280886,51.608776],[7.280106,51.606765],[7.27994,51.605627],[7.284044,51.605224],[7.284933,51.604976],[7.28547,51.604154],[7.284783,51.603088],[7.285095,51.603129],[7.285137,51.602329],[7.288048,51.602674],[7.290008,51.601895],[7.289354,51.601039],[7.291082,51.600965],[7.291712,51.598831],[7.291983,51.598753],[7.292963,51.599374],[7.293406,51.597377],[7.294452,51.597663],[7.295066,51.596621],[7.294526,51.596365],[7.294871,51.595072],[7.29381,51.594486],[7.291445,51.592211],[7.288468,51.590742],[7.284835,51.587425],[7.28305,51.586588],[7.266297,51.581593],[7.26439,51.581651],[7.26162,51.582622],[7.260045,51.582895],[7.258543,51.582841],[7.25678,51.58237],[7.255287,51.581334],[7.252718,51.577361],[7.251469,51.576306],[7.242664,51.57334],[7.237005,51.571735],[7.23475,51.570534],[7.230742,51.567263],[7.227954,51.565496],[7.22569,51.564438],[7.22304,51.563537],[7.215277,51.561922],[7.215842,51.560784],[7.212737,51.560218],[7.209472,51.559238],[7.209257,51.559481],[7.208575,51.559273],[7.208458,51.559451],[7.207921,51.559265],[7.207181,51.559378],[7.206318,51.560232],[7.203823,51.559508],[7.19693,51.556901],[7.179709,51.552667],[7.177607,51.55471],[7.175397,51.559244],[7.171408,51.572593],[7.16947,51.577059],[7.168546,51.580208],[7.168129,51.580475],[7.168164,51.580917],[7.168393,51.581175],[7.16793,51.584048],[7.166914,51.58388],[7.166044,51.583971],[7.167178,51.586627],[7.167723,51.591999],[7.168234,51.595046],[7.16884,51.595844],[7.170122,51.596775],[7.172263,51.597737],[7.168733,51.599356],[7.167051,51.60174],[7.164954,51.60138],[7.164533,51.602254],[7.163351,51.603578],[7.163685,51.603684],[7.163585,51.603923],[7.162117,51.604434],[7.160921,51.605775],[7.160645,51.60667],[7.161205,51.608649],[7.161149,51.609047],[7.160626,51.610019],[7.159407,51.610835],[7.159444,51.611936],[7.163599,51.61183],[7.1637,51.613072],[7.163354,51.613079],[7.163387,51.613483],[7.16355,51.613506],[7.163254,51.614576],[7.159554,51.620597],[7.158144,51.622286],[7.15755,51.626611],[7.155727,51.6262],[7.154592,51.626775],[7.154285,51.627306],[7.154025,51.627263]]]},"properties":{"name":"Recklinghausen","basis":"Auf der offiziellen Revierübersicht benannte oder innerhalb des kartierten Megaplexumrisses liegende Kommune; heutige Gemeindegrenze als geografische Liniengrundlage","boundary_role":"lore-municipality","source":"Code for Germany / Click That Hood","source_url":"https://github.com/codeforgermany/click_that_hood","entity_id":255,"description_preview":"Die Sonderverwaltungszone Recklinghausen ist ein zersplitterter Raum aus Restverwaltung, Warlords, Zechenbetreibern, Gangs und der Hauerbrache.","description_full":"Die Sonderverwaltungszone Recklinghausen ist ein zersplitterter Raum aus Restverwaltung, Warlords, Zechenbetreibern, Gangs und der Hauerbrache. Die Zusammenfassung folgt dem Bezirkskapitel der angegebenen Edition; heutige Grenzen dienen nur der geografischen Einordnung.","editions":["SR6","SR1","SR2","SR3","SR4","SR5"],"boundary_review_status":"contextual","boundary_review_label":"Offizielle RRP-Karte abgeglichen; heutige Gemeindegeometrie nur als Liniengrundlage","sources":[{"bookId":"revierbericht-sr6","title":"Revierbericht 2082","edition":"SR6","citation":"S. 82–86","purpose":"description"},{"bookId":"dids-sr1","title":"Deutschland in den Schatten","edition":"SR1","citation":"RRP-Kapitel: Recklinghausen","purpose":"description"},{"bookId":"dids-sr2","title":"Deutschland in den Schatten","edition":"SR2","citation":"RRP-Kapitel: Recklinghausen","purpose":"description"},{"bookId":"dids2-sr3","title":"Deutschland in den Schatten II","edition":"SR3","citation":"RRP-Kapitel: Recklinghausen","purpose":"description"},{"bookId":"rrmp-sr4","title":"Rhein-Ruhr-Megaplex","edition":"SR4","citation":"RRP-Kapitel: Recklinghausen","purpose":"description"},{"bookId":"datapuls-adl-sr5","title":"Datapuls: ADL","edition":"SR5","citation":"RRP-Kapitel: Recklinghausen","purpose":"description"}]}},{"type":"Feature","geometry":{"type":"Polygon","coordinates":[[[7.17045,51.152245],[7.168687,51.152863],[7.168395,51.153247],[7.167692,51.153598],[7.165202,51.153722],[7.164041,51.155148],[7.163251,51.155517],[7.16235,51.155549],[7.161806,51.155101],[7.161195,51.154927],[7.160233,51.155178],[7.160682,51.155493],[7.160122,51.155452],[7.159522,51.155707],[7.159147,51.154016],[7.159572,51.153886],[7.158719,51.153248],[7.1571,51.152576],[7.155452,51.151175],[7.154694,51.151107],[7.154613,51.149039],[7.154324,51.14787],[7.152483,51.147601],[7.152124,51.147257],[7.152267,51.146986],[7.150484,51.145768],[7.149782,51.145865],[7.149635,51.145532],[7.148615,51.145156],[7.148308,51.145212],[7.147799,51.144912],[7.147279,51.144236],[7.14752,51.142458],[7.146634,51.142502],[7.146641,51.142874],[7.145796,51.142912],[7.145985,51.142298],[7.144767,51.142986],[7.144666,51.143609],[7.144147,51.142861],[7.143513,51.143084],[7.143483,51.142927],[7.143158,51.143275],[7.142679,51.143188],[7.142203,51.143527],[7.142756,51.144154],[7.141909,51.144667],[7.140842,51.144545],[7.138942,51.14497],[7.138771,51.145512],[7.139007,51.14613],[7.139038,51.147073],[7.139512,51.147283],[7.139359,51.14753],[7.13826,51.147471],[7.138028,51.147854],[7.137317,51.148241],[7.134552,51.14923],[7.134498,51.149475],[7.135575,51.15067],[7.135303,51.15208],[7.135474,51.153474],[7.135278,51.153603],[7.135246,51.154147],[7.135931,51.155853],[7.135946,51.156625],[7.135359,51.156963],[7.131722,51.157562],[7.131216,51.15781],[7.131083,51.158118],[7.131641,51.158915],[7.132862,51.159888],[7.137268,51.161982],[7.138323,51.162885],[7.138689,51.163823],[7.138472,51.164416],[7.135934,51.165687],[7.136331,51.167553],[7.137743,51.169067],[7.139969,51.169996],[7.142141,51.171236],[7.144243,51.173081],[7.145103,51.172827],[7.146077,51.171841],[7.147251,51.171315],[7.147745,51.171277],[7.14811,51.171668],[7.148263,51.172236],[7.148,51.172578],[7.148262,51.17289],[7.150127,51.173574],[7.150813,51.173613],[7.152029,51.174842],[7.15151,51.175551],[7.150428,51.176178],[7.150332,51.176423],[7.14984,51.179139],[7.150005,51.179743],[7.150452,51.179978],[7.149882,51.181048],[7.14999,51.181407],[7.149676,51.181768],[7.149508,51.182681],[7.147942,51.183588],[7.148008,51.18429],[7.147255,51.185064],[7.146393,51.18525],[7.145504,51.18507],[7.145259,51.18566],[7.145937,51.18632],[7.145969,51.186733],[7.144539,51.187784],[7.143843,51.187956],[7.14205,51.188947],[7.14133,51.189672],[7.141432,51.190135],[7.142108,51.19055],[7.142752,51.190501],[7.143485,51.190729],[7.144957,51.190412],[7.14525,51.190909],[7.146551,51.190947],[7.147139,51.191413],[7.148143,51.19171],[7.148487,51.192405],[7.148147,51.192988],[7.148139,51.193526],[7.148522,51.193678],[7.149211,51.19367],[7.152619,51.192307],[7.153562,51.192423],[7.153745,51.192837],[7.153085,51.19363],[7.153209,51.194406],[7.154842,51.195687],[7.154693,51.195852],[7.156163,51.197137],[7.156986,51.19844],[7.156418,51.198852],[7.157221,51.199744],[7.157167,51.199972],[7.156826,51.200529],[7.156207,51.200661],[7.156441,51.200909],[7.155582,51.201018],[7.155737,51.201472],[7.155499,51.201459],[7.155767,51.201979],[7.158193,51.202028],[7.159579,51.20267],[7.159979,51.202312],[7.16099,51.202765],[7.161428,51.202538],[7.162099,51.203191],[7.161697,51.203484],[7.162947,51.204432],[7.16406,51.204666],[7.163849,51.204802],[7.164056,51.204995],[7.163837,51.205278],[7.163784,51.206377],[7.163528,51.206866],[7.162767,51.207531],[7.162931,51.207919],[7.162705,51.208534],[7.165189,51.210377],[7.165542,51.2112],[7.169569,51.21221],[7.171286,51.213393],[7.174864,51.213683],[7.176038,51.214262],[7.176596,51.214032],[7.176724,51.214278],[7.178419,51.213651],[7.182322,51.212869],[7.184893,51.21351],[7.185981,51.214035],[7.188509,51.214002],[7.190525,51.214648],[7.191487,51.214169],[7.194701,51.21572],[7.19615,51.215863],[7.1966,51.214218],[7.196613,51.213005],[7.202861,51.211405],[7.20302,51.212282],[7.20499,51.213368],[7.207511,51.214251],[7.207375,51.215309],[7.208074,51.215316],[7.208198,51.216068],[7.208759,51.216009],[7.211985,51.217027],[7.212734,51.217422],[7.215094,51.219042],[7.217155,51.2209],[7.21728,51.221275],[7.218706,51.221513],[7.22235,51.221441],[7.223233,51.22209],[7.224704,51.222778],[7.224467,51.222805],[7.226799,51.223888],[7.227133,51.223828],[7.229672,51.224615],[7.233436,51.224762],[7.233492,51.226128],[7.234762,51.226362],[7.234584,51.226766],[7.234737,51.226808],[7.235991,51.225839],[7.236288,51.226208],[7.236723,51.225971],[7.241428,51.223234],[7.241952,51.222763],[7.242126,51.222706],[7.243305,51.223483],[7.244046,51.222537],[7.244896,51.222844],[7.246305,51.221667],[7.247335,51.222694],[7.251733,51.222482],[7.251712,51.222179],[7.253038,51.222119],[7.252853,51.221916],[7.252877,51.221509],[7.253328,51.221677],[7.253402,51.221286],[7.255839,51.219523],[7.25569,51.219457],[7.257759,51.219254],[7.257812,51.218097],[7.260658,51.218254],[7.260899,51.217591],[7.260672,51.217439],[7.260563,51.215528],[7.26025,51.215002],[7.260485,51.214144],[7.2569,51.213124],[7.259927,51.211281],[7.26119,51.211716],[7.262466,51.211719],[7.263106,51.211902],[7.266632,51.21113],[7.266298,51.210707],[7.265848,51.210684],[7.264681,51.210064],[7.265684,51.209004],[7.271844,51.209876],[7.271553,51.209372],[7.271791,51.208518],[7.272674,51.208396],[7.272494,51.208601],[7.276593,51.208734],[7.277561,51.210854],[7.278225,51.210702],[7.279667,51.209887],[7.28101,51.208694],[7.284731,51.209863],[7.286496,51.209024],[7.287608,51.209218],[7.288475,51.209881],[7.289635,51.209971],[7.290091,51.209575],[7.29034,51.208867],[7.290749,51.208709],[7.290527,51.208243],[7.291173,51.207646],[7.291169,51.207358],[7.291731,51.207253],[7.292549,51.206773],[7.292877,51.206852],[7.29386,51.206046],[7.294354,51.20597],[7.295014,51.205532],[7.296006,51.205483],[7.295973,51.20394],[7.296255,51.203904],[7.295353,51.203425],[7.295685,51.203149],[7.296583,51.203481],[7.297202,51.204025],[7.298912,51.204383],[7.298167,51.203897],[7.298854,51.203288],[7.297786,51.202452],[7.296684,51.201892],[7.297079,51.20119],[7.296293,51.200613],[7.296758,51.200509],[7.296041,51.200159],[7.296046,51.199982],[7.296658,51.199685],[7.297687,51.199995],[7.298127,51.199178],[7.298513,51.199016],[7.298541,51.198619],[7.298949,51.198404],[7.298939,51.197729],[7.298207,51.196727],[7.29752,51.196624],[7.298625,51.19587],[7.300164,51.196061],[7.300332,51.195818],[7.300809,51.195759],[7.300823,51.195426],[7.301664,51.195474],[7.301677,51.196049],[7.302381,51.196058],[7.302393,51.196211],[7.304108,51.196055],[7.305106,51.195683],[7.30577,51.194942],[7.305792,51.194471],[7.305335,51.193799],[7.303379,51.192979],[7.304083,51.192396],[7.301604,51.190484],[7.300271,51.189071],[7.298971,51.186914],[7.29912,51.186885],[7.298954,51.186588],[7.299232,51.186148],[7.300366,51.185699],[7.303159,51.185521],[7.304965,51.187937],[7.305889,51.188872],[7.3069,51.189561],[7.308287,51.189472],[7.308887,51.189],[7.309008,51.188506],[7.307337,51.187676],[7.307168,51.187345],[7.307997,51.185391],[7.309264,51.183767],[7.309,51.18238],[7.308068,51.181424],[7.305346,51.180712],[7.305214,51.180501],[7.305487,51.179577],[7.305213,51.179479],[7.305361,51.179329],[7.305018,51.179256],[7.304946,51.179023],[7.305574,51.178589],[7.305655,51.178144],[7.304129,51.177365],[7.304293,51.177079],[7.303683,51.175347],[7.303192,51.175113],[7.302496,51.174145],[7.302599,51.173562],[7.302245,51.172678],[7.302804,51.171209],[7.300547,51.170386],[7.299964,51.169902],[7.299963,51.168379],[7.299396,51.167896],[7.29813,51.167441],[7.298396,51.166908],[7.299512,51.166586],[7.301051,51.165753],[7.301108,51.164811],[7.299428,51.163892],[7.297811,51.164101],[7.296776,51.163925],[7.295578,51.163333],[7.294104,51.162188],[7.294306,51.162104],[7.293088,51.160837],[7.293195,51.160358],[7.293855,51.160281],[7.294919,51.158898],[7.294931,51.15874],[7.293953,51.158051],[7.293809,51.157578],[7.29447,51.15681],[7.295247,51.156689],[7.295961,51.155541],[7.295875,51.155178],[7.295319,51.154938],[7.295297,51.154017],[7.295061,51.15357],[7.295125,51.153006],[7.296997,51.151191],[7.295914,51.149727],[7.295351,51.14807],[7.294579,51.14779],[7.294226,51.147242],[7.292626,51.145912],[7.291935,51.145494],[7.289406,51.144942],[7.28924,51.144483],[7.287621,51.144214],[7.287277,51.143823],[7.285753,51.144615],[7.28573,51.144274],[7.284099,51.144076],[7.280434,51.144195],[7.278611,51.144479],[7.278549,51.144159],[7.275326,51.145229],[7.274917,51.145168],[7.273584,51.145769],[7.269829,51.146963],[7.269531,51.146682],[7.269728,51.146162],[7.268367,51.145295],[7.267878,51.14596],[7.264486,51.146595],[7.262484,51.146646],[7.260454,51.147088],[7.260852,51.149521],[7.259419,51.149201],[7.25754,51.151073],[7.257944,51.151237],[7.257788,51.151427],[7.257033,51.151458],[7.256784,51.151912],[7.257666,51.15204],[7.25788,51.152693],[7.257479,51.153215],[7.257639,51.153314],[7.257166,51.153684],[7.254971,51.154958],[7.255775,51.155921],[7.25537,51.156299],[7.255492,51.156771],[7.254575,51.157266],[7.254182,51.157159],[7.252592,51.157984],[7.250821,51.158395],[7.250637,51.158647],[7.249789,51.15865],[7.247953,51.158086],[7.246999,51.158623],[7.245543,51.159013],[7.245558,51.158872],[7.244887,51.158858],[7.244823,51.158677],[7.241958,51.158456],[7.240492,51.15855],[7.239006,51.158062],[7.239191,51.157046],[7.238857,51.156922],[7.238168,51.157594],[7.237381,51.157903],[7.234955,51.15767],[7.233945,51.157334],[7.232359,51.157752],[7.231227,51.158411],[7.230824,51.158012],[7.228854,51.158759],[7.228574,51.159023],[7.227614,51.158957],[7.227625,51.159361],[7.227338,51.159546],[7.226642,51.159176],[7.225226,51.15898],[7.225013,51.158558],[7.224465,51.158131],[7.223357,51.15864],[7.223354,51.158874],[7.22308,51.158895],[7.222689,51.159567],[7.222432,51.159571],[7.222297,51.159937],[7.221746,51.160034],[7.221311,51.160633],[7.219649,51.161073],[7.21828,51.160444],[7.217234,51.160362],[7.217088,51.15987],[7.217281,51.159812],[7.216726,51.159184],[7.216035,51.158876],[7.214949,51.158843],[7.214168,51.15804],[7.212924,51.157625],[7.212536,51.157264],[7.212175,51.155934],[7.211432,51.155168],[7.210148,51.154962],[7.20901,51.15548],[7.206869,51.15602],[7.205902,51.156247],[7.205167,51.156195],[7.202664,51.154728],[7.202316,51.154353],[7.202478,51.153875],[7.201503,51.1526],[7.200231,51.151868],[7.199817,51.151895],[7.199739,51.151482],[7.199189,51.151504],[7.198424,51.151135],[7.196857,51.151058],[7.196377,51.151561],[7.193424,51.153304],[7.191938,51.154462],[7.190881,51.154621],[7.190282,51.154497],[7.190171,51.154069],[7.190471,51.153897],[7.190515,51.153456],[7.189907,51.153401],[7.188472,51.153793],[7.187759,51.154414],[7.185906,51.155193],[7.185541,51.15565],[7.185158,51.155781],[7.184128,51.155301],[7.182438,51.153334],[7.180983,51.153282],[7.179197,51.152871],[7.177276,51.154111],[7.17608,51.153624],[7.173831,51.15307],[7.172411,51.152351],[7.17045,51.152245]]]},"properties":{"name":"Remscheid","basis":"Auf der offiziellen Revierübersicht benannte oder innerhalb des kartierten Megaplexumrisses liegende Kommune; heutige Gemeindegrenze als geografische Liniengrundlage","boundary_role":"lore-municipality","source":"Code for Germany / Click That Hood","source_url":"https://github.com/codeforgermany/click_that_hood","boundary_review_status":"contextual","boundary_review_label":"Offizielle RRP-Karte abgeglichen; heutige Gemeindegeometrie nur als Liniengrundlage","entity_id":303,"description_preview":"Remscheid ist auf der offiziellen Revierübersicht als Stadt oder Kommune innerhalb des Rhein-Ruhr-Megaplexes verzeichnet.","description_full":"Remscheid ist auf der offiziellen Revierübersicht als Stadt oder Kommune innerhalb des Rhein-Ruhr-Megaplexes verzeichnet. Die Flächendarstellung folgt dem mit der offiziellen Shadowrun-Karte abgeglichenen Kommunenbestand. Die heutige Gemeindegeometrie dient ausschließlich als geografische Liniengrundlage; eine darüber hinausgehende eigene Stadtbeschreibung ist im zugeordneten Datenmaterial nicht eindeutig belegt.","editions":["SR6","SR4","SR5"],"sources":[{"bookId":"rrp-map-sr6","title":"Revierbericht 2082 – Karte","edition":"SR6","citation":"Revierübersicht: Stadt/Kommune Remscheid","purpose":"description"},{"bookId":"rrmp-sr4","title":"Rhein-Ruhr-Megaplex","edition":"SR4","citation":"RRP-Kapitel: Remscheid","purpose":"description"},{"bookId":"datapuls-adl-sr5","title":"Datapuls: ADL","edition":"SR5","citation":"RRP-Kapitel: Remscheid","purpose":"description"},{"bookId":"archive-sr5-lifestyle-2080","title":"Lifestyle 2080","edition":"SR5","citation":"RRP-Kontextverweis: Remscheid","purpose":"description"},{"bookId":"archive-sr5-datapuls-komplett","title":"Datapuls - Komplett","edition":"SR5","citation":"RRP-Kontextverweis: Remscheid","purpose":"description"},{"bookId":"archive-sr5-datapuls-adl-allianz-deutscher-l-nder","title":"Datapuls ADL (Allianz deutscher Länder)","edition":"SR5","citation":"RRP-Kontextverweis: Remscheid","purpose":"description"},{"bookId":"archive-sr5-datapuls-adl","title":"Datapuls ADL","edition":"SR5","citation":"RRP-Kontextverweis: Remscheid","purpose":"description"},{"bookId":"archive-sr6-hinter-dem-vorhang","title":"Hinter dem Vorhang","edition":"SR6","citation":"RRP-Kontextverweis: Remscheid","purpose":"description"},{"bookId":"revierbericht-sr6","title":"Revierbericht 2082","edition":"SR6","citation":"RRP-Kontextverweis: Remscheid","purpose":"description"}]}},{"type":"Feature","geometry":{"type":"Polygon","coordinates":[[[6.579104,51.534103],[6.578351,51.534243],[6.577821,51.533947],[6.579671,51.535843],[6.579343,51.535992],[6.579674,51.536259],[6.579505,51.536352],[6.576224,51.535688],[6.572237,51.534366],[6.567776,51.533582],[6.564109,51.531788],[6.562963,51.531612],[6.561742,51.530801],[6.55969,51.530698],[6.558515,51.530475],[6.55844,51.530154],[6.549479,51.528529],[6.549056,51.529601],[6.547974,51.529951],[6.545505,51.531226],[6.540519,51.534965],[6.540406,51.535454],[6.539466,51.536537],[6.538832,51.537862],[6.538531,51.539189],[6.538871,51.540532],[6.538709,51.541208],[6.538272,51.541188],[6.53821,51.541434],[6.540821,51.542522],[6.541895,51.542735],[6.540677,51.544473],[6.543419,51.545434],[6.542918,51.546551],[6.542983,51.54697],[6.542476,51.548716],[6.544907,51.54956],[6.545839,51.549701],[6.546581,51.552242],[6.54724,51.553206],[6.546855,51.554159],[6.545147,51.555017],[6.543734,51.555997],[6.539975,51.555173],[6.533479,51.555629],[6.533631,51.556503],[6.533953,51.557045],[6.536724,51.560276],[6.537047,51.561868],[6.536768,51.563198],[6.538689,51.563384],[6.538947,51.564007],[6.539118,51.563955],[6.54189,51.565787],[6.541059,51.56638],[6.545254,51.569022],[6.545646,51.569],[6.546775,51.569845],[6.547741,51.570134],[6.549539,51.571377],[6.549362,51.571567],[6.550282,51.571919],[6.550538,51.571619],[6.558853,51.575497],[6.560748,51.57469],[6.563078,51.576384],[6.561247,51.577431],[6.561773,51.57786],[6.559255,51.578691],[6.559437,51.579444],[6.556961,51.580009],[6.555007,51.581325],[6.553213,51.582832],[6.552077,51.583979],[6.550775,51.585915],[6.549369,51.587446],[6.548735,51.588551],[6.547996,51.591099],[6.548155,51.592906],[6.548933,51.594118],[6.5494,51.595491],[6.550369,51.596536],[6.550795,51.596714],[6.548855,51.599713],[6.54814,51.600206],[6.547831,51.601621],[6.547169,51.602702],[6.546961,51.603828],[6.546563,51.60473],[6.545157,51.605614],[6.544229,51.607087],[6.543985,51.608167],[6.543947,51.609835],[6.544183,51.611375],[6.544798,51.613131],[6.545809,51.614194],[6.549576,51.616305],[6.550653,51.616637],[6.551863,51.617375],[6.553958,51.617994],[6.555172,51.619051],[6.554846,51.61968],[6.55675,51.618934],[6.560931,51.616257],[6.564982,51.619136],[6.566305,51.61846],[6.567634,51.618433],[6.575736,51.624648],[6.577364,51.623138],[6.57807,51.622091],[6.578387,51.619379],[6.578992,51.617638],[6.579789,51.617754],[6.580918,51.618422],[6.586921,51.619866],[6.587281,51.617707],[6.588123,51.615298],[6.58917,51.613259],[6.592265,51.608393],[6.594325,51.604485],[6.596038,51.600375],[6.597369,51.59598],[6.598103,51.592228],[6.598533,51.587829],[6.598496,51.583579],[6.597922,51.577787],[6.598321,51.575687],[6.599251,51.573786],[6.600583,51.572186],[6.602429,51.570641],[6.6045,51.569415],[6.607842,51.568021],[6.612474,51.567037],[6.616922,51.566833],[6.620918,51.567227],[6.625338,51.568125],[6.629748,51.569383],[6.633261,51.570702],[6.640607,51.574],[6.645541,51.57575],[6.652545,51.577219],[6.658479,51.577771],[6.66295,51.577784],[6.666707,51.577554],[6.670006,51.577151],[6.673723,51.576415],[6.677113,51.575476],[6.679271,51.574613],[6.681179,51.573614],[6.68339,51.572053],[6.685146,51.570261],[6.686562,51.567969],[6.687213,51.5656],[6.687143,51.562474],[6.686536,51.560087],[6.685945,51.558752],[6.68454,51.556526],[6.680237,51.551093],[6.678489,51.548164],[6.6776,51.54613],[6.676827,51.543767],[6.676384,51.541624],[6.676347,51.539952],[6.676918,51.537605],[6.677961,51.535718],[6.67906,51.534396],[6.681286,51.532541],[6.684012,51.530781],[6.686041,51.529628],[6.689849,51.527851],[6.699626,51.524384],[6.695589,51.520457],[6.696494,51.519114],[6.69443,51.518404],[6.693454,51.518937],[6.692851,51.518485],[6.690273,51.519995],[6.689854,51.519786],[6.686068,51.519135],[6.681384,51.517346],[6.67642,51.514754],[6.673483,51.513576],[6.670935,51.511568],[6.669783,51.511491],[6.666774,51.511802],[6.665897,51.510738],[6.665352,51.510972],[6.664128,51.51078],[6.664044,51.510958],[6.660654,51.51023],[6.660313,51.511138],[6.656907,51.509982],[6.656511,51.510503],[6.654917,51.510154],[6.654631,51.510663],[6.653497,51.510343],[6.653139,51.510837],[6.648653,51.50966],[6.648572,51.509815],[6.64476,51.509065],[6.644426,51.509631],[6.64109,51.509104],[6.640685,51.510125],[6.637531,51.509321],[6.638357,51.507919],[6.639473,51.507889],[6.639794,51.507357],[6.634219,51.505994],[6.631516,51.504818],[6.627992,51.503607],[6.626271,51.504026],[6.625122,51.504675],[6.625376,51.504738],[6.617632,51.512835],[6.61574,51.512507],[6.608156,51.520059],[6.605958,51.522895],[6.604241,51.522596],[6.601414,51.522441],[6.601054,51.523552],[6.600494,51.523781],[6.598811,51.522525],[6.597144,51.522858],[6.595092,51.522977],[6.589805,51.522236],[6.587754,51.524239],[6.589042,51.524564],[6.589059,51.525637],[6.587868,51.525574],[6.586974,51.526989],[6.58665,51.527872],[6.58791,51.528025],[6.586762,51.52947],[6.585716,51.529354],[6.585378,51.530174],[6.585739,51.531375],[6.583179,51.5312],[6.58228,51.53133],[6.581941,51.53196],[6.580927,51.532272],[6.580345,51.532836],[6.580187,51.533327],[6.579104,51.534103]]]},"properties":{"name":"Rheinberg","basis":"Auf der offiziellen Revierübersicht benannte oder innerhalb des kartierten Megaplexumrisses liegende Kommune; heutige Gemeindegrenze als geografische Liniengrundlage","boundary_role":"lore-municipality","source":"Code for Germany / Click That Hood","source_url":"https://github.com/codeforgermany/click_that_hood","boundary_review_status":"contextual","boundary_review_label":"Offizielle RRP-Karte abgeglichen; heutige Gemeindegeometrie nur als Liniengrundlage","entity_id":304,"description_preview":"Rheinberg ist auf der offiziellen Revierübersicht als Stadt oder Kommune innerhalb des Rhein-Ruhr-Megaplexes verzeichnet.","description_full":"Rheinberg ist auf der offiziellen Revierübersicht als Stadt oder Kommune innerhalb des Rhein-Ruhr-Megaplexes verzeichnet. Die Flächendarstellung folgt dem mit der offiziellen Shadowrun-Karte abgeglichenen Kommunenbestand. Die heutige Gemeindegeometrie dient ausschließlich als geografische Liniengrundlage; eine darüber hinausgehende eigene Stadtbeschreibung ist im zugeordneten Datenmaterial nicht eindeutig belegt.","editions":["SR6","SR4"],"sources":[{"bookId":"rrp-map-sr6","title":"Revierbericht 2082 – Karte","edition":"SR6","citation":"Revierübersicht: Stadt/Kommune Rheinberg","purpose":"description"},{"bookId":"archive-sr4-machtspiele-handbuch-f-r-spione","title":"Machtspiele - Handbuch für Spione","edition":"SR4","citation":"RRP-Kontextverweis: Rheinberg","purpose":"description"}]}},{"type":"Feature","geometry":{"type":"Polygon","coordinates":[[[7.188418,50.748366],[7.183948,50.748523],[7.182696,50.751762],[7.179821,50.751539],[7.178208,50.750803],[7.176228,50.752254],[7.176171,50.752519],[7.173449,50.752259],[7.170107,50.752366],[7.169416,50.753144],[7.166326,50.754405],[7.164414,50.755635],[7.161258,50.75409],[7.158318,50.753072],[7.156817,50.754111],[7.154725,50.756206],[7.153982,50.757943],[7.153817,50.758905],[7.153032,50.759291],[7.15277,50.759726],[7.148051,50.761485],[7.144818,50.762386],[7.145547,50.762816],[7.144744,50.763452],[7.145251,50.76376],[7.144438,50.764467],[7.145287,50.764963],[7.142284,50.767187],[7.142548,50.767335],[7.139963,50.769069],[7.135391,50.77106],[7.134803,50.770767],[7.132027,50.772227],[7.127797,50.773155],[7.127811,50.773357],[7.127083,50.773417],[7.125368,50.774422],[7.126126,50.775215],[7.126889,50.776419],[7.128364,50.780284],[7.129275,50.781484],[7.130926,50.783119],[7.132144,50.783923],[7.134372,50.78486],[7.142601,50.786732],[7.144251,50.787448],[7.145217,50.788302],[7.145529,50.789172],[7.145422,50.7899],[7.144131,50.792529],[7.144208,50.793222],[7.144619,50.793866],[7.146313,50.795186],[7.148222,50.796215],[7.151284,50.797275],[7.153816,50.797851],[7.155509,50.797938],[7.160137,50.797702],[7.162482,50.797854],[7.166424,50.798392],[7.16895,50.799329],[7.171426,50.799711],[7.17421,50.800513],[7.176589,50.800497],[7.177689,50.800309],[7.178425,50.799987],[7.178968,50.799456],[7.179509,50.79711],[7.180435,50.796061],[7.184577,50.794396],[7.189667,50.791167],[7.191272,50.790577],[7.1928,50.79027],[7.194996,50.790085],[7.198355,50.790138],[7.200096,50.789835],[7.201555,50.788977],[7.203286,50.786889],[7.204851,50.785906],[7.210598,50.784259],[7.212619,50.783174],[7.214415,50.781568],[7.215365,50.780959],[7.218592,50.779885],[7.219392,50.779814],[7.220542,50.779973],[7.22143,50.78046],[7.221973,50.781034],[7.222432,50.783545],[7.223773,50.786462],[7.224268,50.787049],[7.225955,50.788259],[7.228452,50.789464],[7.232388,50.791834],[7.23468,50.792626],[7.23594,50.792671],[7.24061,50.790951],[7.242815,50.790435],[7.242739,50.789433],[7.24213,50.788941],[7.243564,50.787554],[7.245675,50.782617],[7.244682,50.782663],[7.244841,50.780792],[7.244542,50.779181],[7.243692,50.777284],[7.242115,50.769269],[7.24224,50.769256],[7.241546,50.761819],[7.24185,50.760745],[7.231002,50.757515],[7.232484,50.756119],[7.230118,50.754997],[7.230705,50.753738],[7.228368,50.752695],[7.228048,50.752359],[7.228644,50.752245],[7.228107,50.752015],[7.228579,50.751708],[7.229108,50.751737],[7.229005,50.75132],[7.230463,50.750206],[7.231035,50.750053],[7.232388,50.75021],[7.233021,50.749763],[7.233896,50.74844],[7.235416,50.74868],[7.236613,50.74774],[7.237443,50.747677],[7.237092,50.747015],[7.237841,50.74558],[7.236411,50.745242],[7.236069,50.744943],[7.23399,50.745519],[7.232449,50.744733],[7.230579,50.744644],[7.23025,50.743546],[7.225614,50.744327],[7.225589,50.744183],[7.223753,50.744239],[7.223387,50.743997],[7.22148,50.744204],[7.22121,50.743757],[7.220275,50.744239],[7.220054,50.743986],[7.220233,50.743773],[7.219436,50.743234],[7.21937,50.742779],[7.216607,50.742707],[7.213177,50.74293],[7.212837,50.742776],[7.212106,50.741886],[7.211229,50.741502],[7.210522,50.740579],[7.209298,50.740441],[7.207,50.739386],[7.206488,50.739572],[7.205634,50.740907],[7.204602,50.741338],[7.205004,50.74175],[7.203949,50.742255],[7.205008,50.742569],[7.204348,50.743698],[7.203979,50.743863],[7.20388,50.744501],[7.201721,50.744983],[7.201367,50.745618],[7.200084,50.746194],[7.199529,50.747868],[7.197371,50.746492],[7.1971,50.746747],[7.196162,50.746139],[7.19496,50.744399],[7.194977,50.743847],[7.194854,50.743847],[7.192574,50.744286],[7.192293,50.744956],[7.192475,50.745467],[7.191601,50.74659],[7.193011,50.746876],[7.188418,50.748366]]]},"properties":{"name":"Sankt Augustin","basis":"Auf der offiziellen Revierübersicht benannte oder innerhalb des kartierten Megaplexumrisses liegende Kommune; heutige Gemeindegrenze als geografische Liniengrundlage","boundary_role":"lore-municipality","source":"Code for Germany / Click That Hood","source_url":"https://github.com/codeforgermany/click_that_hood","boundary_review_status":"contextual","boundary_review_label":"Offizielle RRP-Karte abgeglichen; heutige Gemeindegeometrie nur als Liniengrundlage","entity_id":305,"description_preview":"Sankt Augustin ist auf der offiziellen Revierübersicht als Stadt oder Kommune innerhalb des Rhein-Ruhr-Megaplexes verzeichnet.","description_full":"Sankt Augustin ist auf der offiziellen Revierübersicht als Stadt oder Kommune innerhalb des Rhein-Ruhr-Megaplexes verzeichnet. Die Flächendarstellung folgt dem mit der offiziellen Shadowrun-Karte abgeglichenen Kommunenbestand. Die heutige Gemeindegeometrie dient ausschließlich als geografische Liniengrundlage; eine darüber hinausgehende eigene Stadtbeschreibung ist im zugeordneten Datenmaterial nicht eindeutig belegt.","editions":["SR6"],"sources":[{"bookId":"rrp-map-sr6","title":"Revierbericht 2082 – Karte","edition":"SR6","citation":"Revierübersicht: Stadt/Kommune Sankt Augustin","purpose":"description"},{"bookId":"revierbericht-sr6","title":"Revierbericht 2082","edition":"SR6","citation":"RRP-Kontextverweis: Sankt Augustin","purpose":"description"}]}},{"type":"Feature","geometry":{"type":"Polygon","coordinates":[[[6.845712,51.646856],[6.845012,51.647261],[6.844873,51.647004],[6.844493,51.647222],[6.845223,51.647766],[6.844627,51.647765],[6.844102,51.648024],[6.844092,51.648192],[6.843781,51.648109],[6.843883,51.648329],[6.843376,51.648476],[6.843479,51.648581],[6.843277,51.648739],[6.843406,51.651003],[6.842848,51.65343],[6.843063,51.658756],[6.848986,51.662995],[6.850736,51.664734],[6.852077,51.665416],[6.852641,51.666452],[6.854443,51.667413],[6.85441,51.668054],[6.851876,51.668625],[6.849457,51.669557],[6.84819,51.669775],[6.848503,51.670109],[6.84812,51.67031],[6.848451,51.67079],[6.847856,51.672246],[6.848155,51.672251],[6.848601,51.672761],[6.848475,51.673059],[6.836121,51.670992],[6.833895,51.671138],[6.829252,51.672548],[6.827853,51.67262],[6.826851,51.672352],[6.825849,51.671745],[6.825133,51.670883],[6.824208,51.668864],[6.822724,51.668279],[6.821522,51.668195],[6.816705,51.668492],[6.815101,51.668236],[6.812909,51.667289],[6.811705,51.667031],[6.808793,51.666955],[6.805348,51.667243],[6.800533,51.666431],[6.794314,51.666359],[6.79317,51.665994],[6.792046,51.665277],[6.788714,51.66096],[6.78774,51.660118],[6.786627,51.659569],[6.78569,51.659325],[6.78445,51.659284],[6.780214,51.660031],[6.778751,51.659895],[6.778083,51.659456],[6.77734,51.659643],[6.777156,51.661003],[6.777563,51.660962],[6.778087,51.661286],[6.778475,51.662115],[6.77673,51.663696],[6.775976,51.665002],[6.773318,51.671938],[6.770141,51.675289],[6.763829,51.687497],[6.763591,51.687581],[6.762254,51.692528],[6.762195,51.697274],[6.762601,51.701461],[6.731057,51.700578],[6.71865,51.699799],[6.716379,51.707971],[6.71384,51.708683],[6.714228,51.709272],[6.712714,51.7093],[6.712787,51.710104],[6.712376,51.710326],[6.709972,51.710582],[6.710764,51.710911],[6.709302,51.712285],[6.706942,51.711308],[6.706048,51.71168],[6.705565,51.711278],[6.704664,51.711531],[6.70415,51.710948],[6.702143,51.711358],[6.70343,51.714064],[6.702452,51.713965],[6.70192,51.714145],[6.701545,51.713977],[6.700897,51.714153],[6.700475,51.713143],[6.699729,51.713388],[6.704319,51.717311],[6.72013,51.724192],[6.728457,51.727015],[6.729501,51.727664],[6.733101,51.728757],[6.733433,51.728782],[6.733949,51.72848],[6.735425,51.728629],[6.737157,51.7292],[6.738579,51.730167],[6.741131,51.731062],[6.743101,51.731215],[6.744708,51.732468],[6.749075,51.733143],[6.749761,51.733099],[6.750622,51.733465],[6.761747,51.736228],[6.764264,51.737298],[6.764871,51.737736],[6.765453,51.739364],[6.765707,51.739553],[6.766326,51.739688],[6.767585,51.739536],[6.768428,51.740219],[6.772457,51.741736],[6.772781,51.742289],[6.772782,51.74273],[6.772086,51.743597],[6.772031,51.743916],[6.772607,51.74528],[6.772484,51.745847],[6.775252,51.746448],[6.776421,51.746359],[6.777463,51.74684],[6.778964,51.746925],[6.779465,51.747232],[6.779843,51.747244],[6.780345,51.746957],[6.782069,51.747126],[6.782235,51.747284],[6.782808,51.74722],[6.783175,51.747405],[6.783663,51.747233],[6.78451,51.747482],[6.784601,51.747751],[6.785142,51.747699],[6.785216,51.748377],[6.785669,51.748406],[6.786056,51.748724],[6.787788,51.748785],[6.788058,51.748554],[6.788406,51.748645],[6.78873,51.748282],[6.789061,51.748333],[6.78922,51.748095],[6.789431,51.748191],[6.790629,51.747831],[6.790584,51.747642],[6.791053,51.747673],[6.791433,51.747413],[6.79129,51.747108],[6.791498,51.747146],[6.791594,51.74696],[6.791309,51.74679],[6.791292,51.746573],[6.791749,51.746505],[6.792372,51.745973],[6.792327,51.745752],[6.792779,51.74574],[6.793332,51.745047],[6.793934,51.745137],[6.794292,51.744998],[6.796192,51.74355],[6.796082,51.743373],[6.796862,51.742757],[6.797271,51.742652],[6.797658,51.742874],[6.799348,51.742139],[6.801033,51.742215],[6.801285,51.742147],[6.801372,51.741827],[6.801931,51.741833],[6.801944,51.741974],[6.802254,51.741944],[6.803024,51.742369],[6.803404,51.742252],[6.804291,51.742487],[6.804756,51.742422],[6.805061,51.742787],[6.805839,51.742831],[6.806092,51.743036],[6.806776,51.743112],[6.806931,51.742879],[6.80776,51.743393],[6.807962,51.74307],[6.808334,51.742993],[6.808535,51.743249],[6.808824,51.742947],[6.808848,51.743329],[6.810327,51.743179],[6.811185,51.74371],[6.811397,51.743508],[6.812142,51.743595],[6.812416,51.743329],[6.812903,51.743588],[6.81307,51.743534],[6.812966,51.743369],[6.813314,51.743364],[6.813681,51.743668],[6.814054,51.743552],[6.81416,51.743136],[6.814434,51.74304],[6.815151,51.743089],[6.815678,51.743346],[6.815824,51.743155],[6.816414,51.74304],[6.816822,51.743184],[6.817003,51.742972],[6.81706,51.743147],[6.817458,51.743204],[6.8173,51.742898],[6.817738,51.742998],[6.817698,51.742741],[6.818115,51.742937],[6.818398,51.742624],[6.818463,51.742854],[6.818692,51.742905],[6.818885,51.742349],[6.818628,51.742049],[6.818605,51.741657],[6.819033,51.739858],[6.819173,51.739878],[6.819818,51.737717],[6.827156,51.73003],[6.827549,51.729821],[6.832613,51.731452],[6.83427,51.733209],[6.840004,51.735646],[6.841192,51.736432],[6.841272,51.735367],[6.848723,51.736731],[6.849774,51.735493],[6.853669,51.736159],[6.855421,51.73552],[6.855695,51.734209],[6.856328,51.733611],[6.856399,51.733323],[6.85832,51.731673],[6.858409,51.731222],[6.858017,51.729731],[6.858003,51.728892],[6.86635,51.731343],[6.870581,51.732995],[6.87583,51.735472],[6.89074,51.738903],[6.901669,51.742487],[6.904761,51.743684],[6.904537,51.743756],[6.904777,51.743898],[6.90929,51.745397],[6.909669,51.745824],[6.91052,51.746044],[6.91252,51.745036],[6.912311,51.744869],[6.916512,51.742108],[6.916324,51.741895],[6.917375,51.741136],[6.925591,51.73255],[6.925112,51.731229],[6.923072,51.730137],[6.920966,51.7286],[6.921796,51.728321],[6.922989,51.726698],[6.927531,51.722401],[6.930282,51.721467],[6.928391,51.720579],[6.937523,51.718858],[6.93794,51.718594],[6.940605,51.71538],[6.936943,51.714336],[6.937079,51.702767],[6.926286,51.70143],[6.92631,51.70118],[6.915425,51.699806],[6.914857,51.694252],[6.914449,51.692597],[6.915774,51.688013],[6.915326,51.68757],[6.914898,51.687536],[6.914156,51.686308],[6.914403,51.683437],[6.913765,51.681707],[6.914137,51.681656],[6.912428,51.678054],[6.913259,51.677913],[6.912056,51.676799],[6.90538,51.677836],[6.904116,51.676279],[6.904278,51.67622],[6.902107,51.675889],[6.900926,51.675066],[6.90118,51.674794],[6.900861,51.674176],[6.90098,51.673933],[6.901643,51.673903],[6.903724,51.673261],[6.90446,51.67251],[6.906267,51.672291],[6.906675,51.672049],[6.906366,51.67163],[6.905002,51.671844],[6.903438,51.671614],[6.901976,51.6706],[6.901533,51.669276],[6.902266,51.667314],[6.901832,51.666792],[6.902013,51.666673],[6.901524,51.665522],[6.900476,51.665667],[6.900569,51.663657],[6.898622,51.664011],[6.897961,51.66289],[6.898727,51.662545],[6.898852,51.660526],[6.897163,51.660558],[6.897042,51.659613],[6.896397,51.658816],[6.896702,51.658712],[6.894176,51.65574],[6.893822,51.653407],[6.899764,51.653379],[6.899134,51.649313],[6.901159,51.647502],[6.899231,51.646151],[6.901271,51.645253],[6.900766,51.644851],[6.901005,51.644487],[6.901686,51.644266],[6.902027,51.643625],[6.901477,51.640015],[6.901906,51.639153],[6.900396,51.637694],[6.902192,51.635813],[6.899569,51.634925],[6.893475,51.634223],[6.891034,51.633632],[6.890922,51.633882],[6.883361,51.632964],[6.882967,51.63271],[6.882281,51.632838],[6.867557,51.631046],[6.86794,51.631592],[6.867709,51.631662],[6.867778,51.631813],[6.868256,51.632121],[6.867881,51.63247],[6.868151,51.632483],[6.868259,51.632733],[6.868609,51.632574],[6.86948,51.633272],[6.869163,51.63347],[6.869442,51.633671],[6.869196,51.633853],[6.869256,51.634198],[6.86955,51.63442],[6.869645,51.63464],[6.869507,51.634772],[6.870276,51.635414],[6.869922,51.637041],[6.869446,51.637038],[6.86916,51.637567],[6.868627,51.637889],[6.866882,51.639694],[6.862732,51.640772],[6.858315,51.641339],[6.855371,51.641955],[6.847164,51.644009],[6.846858,51.644139],[6.845608,51.645795],[6.846083,51.646479],[6.845601,51.646608],[6.845712,51.646856]]]},"properties":{"name":"Schermbeck","basis":"Auf der offiziellen Revierübersicht benannte oder innerhalb des kartierten Megaplexumrisses liegende Kommune; heutige Gemeindegrenze als geografische Liniengrundlage","boundary_role":"lore-municipality","source":"Code for Germany / Click That Hood","source_url":"https://github.com/codeforgermany/click_that_hood","boundary_review_status":"contextual","boundary_review_label":"Offizielle RRP-Karte abgeglichen; heutige Gemeindegeometrie nur als Liniengrundlage","entity_id":306,"description_preview":"Schermbeck ist auf der offiziellen Revierübersicht als Stadt oder Kommune innerhalb des Rhein-Ruhr-Megaplexes verzeichnet.","description_full":"Schermbeck ist auf der offiziellen Revierübersicht als Stadt oder Kommune innerhalb des Rhein-Ruhr-Megaplexes verzeichnet. Die Flächendarstellung folgt dem mit der offiziellen Shadowrun-Karte abgeglichenen Kommunenbestand. Die heutige Gemeindegeometrie dient ausschließlich als geografische Liniengrundlage; eine darüber hinausgehende eigene Stadtbeschreibung ist im zugeordneten Datenmaterial nicht eindeutig belegt.","editions":["SR6"],"sources":[{"bookId":"rrp-map-sr6","title":"Revierbericht 2082 – Karte","edition":"SR6","citation":"Revierübersicht: Stadt/Kommune Schermbeck","purpose":"description"}]}},{"type":"Feature","geometry":{"type":"Polygon","coordinates":[[[7.275534,51.275146],[7.274722,51.277877],[7.273397,51.278101],[7.266597,51.284618],[7.265127,51.284201],[7.264763,51.285188],[7.263712,51.285935],[7.261572,51.285002],[7.26104,51.284954],[7.260736,51.284497],[7.259527,51.283609],[7.257344,51.283209],[7.256436,51.283632],[7.25649,51.284677],[7.255711,51.286605],[7.25582,51.287175],[7.256068,51.287446],[7.255901,51.287619],[7.256231,51.2882],[7.25638,51.289086],[7.25603,51.290055],[7.256054,51.290592],[7.25678,51.291884],[7.259479,51.294031],[7.260196,51.294905],[7.259986,51.295106],[7.26029,51.29508],[7.260674,51.295385],[7.261136,51.29624],[7.261763,51.298369],[7.262729,51.30399],[7.263476,51.303873],[7.263664,51.304305],[7.263805,51.303803],[7.263641,51.303548],[7.263993,51.30374],[7.264415,51.303699],[7.264791,51.303967],[7.264828,51.305261],[7.266819,51.305239],[7.267016,51.304807],[7.272641,51.306997],[7.275663,51.309241],[7.280338,51.309612],[7.279225,51.314098],[7.281858,51.314657],[7.282409,51.313564],[7.28745,51.313344],[7.287993,51.313576],[7.288103,51.314458],[7.288753,51.31461],[7.28971,51.314806],[7.290008,51.31421],[7.290791,51.314044],[7.292043,51.315264],[7.294797,51.316787],[7.297563,51.313804],[7.299817,51.313146],[7.298748,51.31173],[7.300053,51.311569],[7.299911,51.31069],[7.300035,51.310167],[7.300642,51.31042],[7.300784,51.309988],[7.302147,51.308479],[7.305181,51.308803],[7.305367,51.308953],[7.306148,51.307592],[7.308854,51.307727],[7.308871,51.30647],[7.308569,51.305548],[7.308556,51.304785],[7.310149,51.304913],[7.310902,51.304676],[7.30956,51.303983],[7.308961,51.301726],[7.306984,51.300436],[7.307562,51.29998],[7.308805,51.299583],[7.309152,51.299568],[7.309981,51.300603],[7.312733,51.299656],[7.312921,51.298839],[7.312513,51.297676],[7.310568,51.29687],[7.314113,51.29496],[7.315724,51.292882],[7.316033,51.292061],[7.315689,51.291069],[7.315758,51.290423],[7.316432,51.289661],[7.317614,51.288797],[7.317826,51.287496],[7.317713,51.287155],[7.316175,51.286826],[7.317633,51.2842],[7.318117,51.282472],[7.31969,51.281084],[7.320175,51.278844],[7.318687,51.276989],[7.31736,51.274902],[7.317644,51.274402],[7.318597,51.274176],[7.318507,51.273739],[7.319092,51.272629],[7.318908,51.272161],[7.317493,51.271343],[7.315602,51.269458],[7.314285,51.268914],[7.314354,51.26873],[7.313048,51.268017],[7.312457,51.26787],[7.312225,51.268218],[7.311714,51.268202],[7.309722,51.267527],[7.308205,51.266462],[7.308122,51.266228],[7.306593,51.265854],[7.304253,51.264917],[7.303555,51.264949],[7.302742,51.26415],[7.30293,51.263431],[7.303316,51.26297],[7.30378,51.262774],[7.303989,51.262385],[7.304006,51.261806],[7.303626,51.261237],[7.303958,51.261113],[7.303726,51.260073],[7.302969,51.259373],[7.301444,51.258772],[7.300432,51.257596],[7.29849,51.256859],[7.298624,51.256441],[7.300764,51.255275],[7.301467,51.254577],[7.299673,51.253955],[7.299319,51.252949],[7.299864,51.251472],[7.300881,51.251803],[7.300038,51.250749],[7.299348,51.25019],[7.29852,51.250024],[7.292276,51.250407],[7.291156,51.250273],[7.289789,51.249588],[7.288704,51.249722],[7.285011,51.249586],[7.283317,51.249784],[7.280229,51.252741],[7.277841,51.255467],[7.275387,51.25938],[7.274632,51.25964],[7.273216,51.259719],[7.272297,51.259429],[7.272026,51.25583],[7.271632,51.255067],[7.271328,51.255075],[7.271115,51.254735],[7.270954,51.254747],[7.270863,51.255079],[7.269935,51.254643],[7.269931,51.255537],[7.26778,51.255757],[7.266784,51.260637],[7.268043,51.262166],[7.269886,51.265048],[7.270221,51.26655],[7.272082,51.268664],[7.272877,51.27011],[7.272895,51.270567],[7.277667,51.272367],[7.275534,51.275146]]]},"properties":{"name":"Schwelm","basis":"Auf der offiziellen Revierübersicht benannte oder innerhalb des kartierten Megaplexumrisses liegende Kommune; heutige Gemeindegrenze als geografische Liniengrundlage","boundary_role":"lore-municipality","source":"Code for Germany / Click That Hood","source_url":"https://github.com/codeforgermany/click_that_hood","boundary_review_status":"contextual","boundary_review_label":"Offizielle RRP-Karte abgeglichen; heutige Gemeindegeometrie nur als Liniengrundlage","entity_id":307,"description_preview":"Schwelm ist auf der offiziellen Revierübersicht als Stadt oder Kommune innerhalb des Rhein-Ruhr-Megaplexes verzeichnet.","description_full":"Schwelm ist auf der offiziellen Revierübersicht als Stadt oder Kommune innerhalb des Rhein-Ruhr-Megaplexes verzeichnet. Die Flächendarstellung folgt dem mit der offiziellen Shadowrun-Karte abgeglichenen Kommunenbestand. Die heutige Gemeindegeometrie dient ausschließlich als geografische Liniengrundlage; eine darüber hinausgehende eigene Stadtbeschreibung ist im zugeordneten Datenmaterial nicht eindeutig belegt.","editions":["SR6","SR1","SR2","SR3"],"sources":[{"bookId":"rrp-map-sr6","title":"Revierbericht 2082 – Karte","edition":"SR6","citation":"Revierübersicht: Stadt/Kommune Schwelm","purpose":"description"},{"bookId":"dids-sr1","title":"Deutschland in den Schatten","edition":"SR1","citation":"RRP-Kapitel: Schwelm","purpose":"description"},{"bookId":"dids-sr2","title":"Deutschland in den Schatten","edition":"SR2","citation":"RRP-Kapitel: Schwelm","purpose":"description"},{"bookId":"dids2-sr3","title":"Deutschland in den Schatten II","edition":"SR3","citation":"RRP-Kapitel: Schwelm","purpose":"description"},{"bookId":"revierbericht-sr6","title":"Revierbericht 2082","edition":"SR6","citation":"RRP-Kontextverweis: Schwelm","purpose":"description"}]}},{"type":"Feature","geometry":{"type":"Polygon","coordinates":[[[7.609923,51.388714],[7.606887,51.389835],[7.605867,51.389888],[7.605806,51.390147],[7.60529,51.390373],[7.605572,51.390598],[7.605347,51.391193],[7.605536,51.391285],[7.605545,51.391662],[7.605841,51.391696],[7.606098,51.392233],[7.606741,51.392661],[7.606745,51.39284],[7.607253,51.393015],[7.607243,51.393245],[7.608208,51.393685],[7.602661,51.394813],[7.601495,51.394723],[7.599628,51.394991],[7.597148,51.395927],[7.594293,51.392881],[7.593413,51.392409],[7.586912,51.390065],[7.586042,51.39053],[7.584509,51.390812],[7.584128,51.390667],[7.584048,51.390826],[7.584215,51.390928],[7.584064,51.391073],[7.582364,51.392011],[7.580636,51.392416],[7.580336,51.393262],[7.579312,51.393517],[7.579635,51.394024],[7.579529,51.394155],[7.576473,51.394961],[7.575394,51.394425],[7.575354,51.395004],[7.576024,51.395318],[7.576303,51.396571],[7.575109,51.396511],[7.571427,51.39555],[7.571289,51.39643],[7.569154,51.397497],[7.567015,51.398169],[7.562268,51.398376],[7.558779,51.398175],[7.556907,51.398257],[7.552952,51.399121],[7.551721,51.399222],[7.549904,51.3989],[7.546545,51.397463],[7.54108,51.395903],[7.533786,51.395276],[7.532472,51.395618],[7.531156,51.395658],[7.531621,51.396655],[7.532055,51.396715],[7.531914,51.397916],[7.531574,51.397773],[7.53121,51.398645],[7.531233,51.399539],[7.531623,51.400553],[7.532361,51.401452],[7.532703,51.402372],[7.53324,51.402691],[7.533461,51.403068],[7.534689,51.403724],[7.534776,51.404445],[7.535276,51.405076],[7.535542,51.405121],[7.535555,51.405372],[7.534454,51.405393],[7.534107,51.405597],[7.533843,51.406406],[7.53301,51.406468],[7.530012,51.407407],[7.529636,51.406684],[7.524056,51.407615],[7.523533,51.408154],[7.522349,51.408049],[7.520883,51.408472],[7.52066,51.408875],[7.51814,51.409674],[7.516957,51.410656],[7.516907,51.411006],[7.516366,51.411261],[7.515678,51.412217],[7.514682,51.412799],[7.510866,51.413328],[7.507639,51.414074],[7.505777,51.414237],[7.50676,51.41485],[7.506927,51.415276],[7.508081,51.416039],[7.508312,51.415974],[7.511557,51.418441],[7.508824,51.419412],[7.508273,51.42106],[7.50804,51.421252],[7.50717,51.421294],[7.507204,51.422421],[7.507421,51.42299],[7.50501,51.424781],[7.505819,51.424941],[7.505867,51.426079],[7.504674,51.42686],[7.508487,51.427786],[7.508395,51.428102],[7.50877,51.428456],[7.510509,51.429546],[7.510499,51.430044],[7.5113,51.431054],[7.511693,51.433357],[7.516185,51.434562],[7.519959,51.435259],[7.52102,51.435617],[7.523132,51.436762],[7.52506,51.435711],[7.528649,51.434228],[7.529059,51.434371],[7.530459,51.43429],[7.531427,51.434577],[7.53228,51.435116],[7.533825,51.438165],[7.534356,51.440068],[7.53513,51.441344],[7.536463,51.445353],[7.53737,51.446949],[7.538783,51.448865],[7.541904,51.451372],[7.544767,51.452991],[7.552729,51.455107],[7.550706,51.456011],[7.549391,51.457694],[7.546595,51.458804],[7.546104,51.459601],[7.544971,51.459976],[7.544848,51.460823],[7.54372,51.460597],[7.542485,51.460967],[7.542945,51.462518],[7.543605,51.463467],[7.546013,51.464632],[7.546113,51.464817],[7.545866,51.465294],[7.545978,51.466305],[7.546173,51.466527],[7.54899,51.467395],[7.551437,51.468641],[7.552002,51.468624],[7.553824,51.469486],[7.561674,51.470532],[7.564522,51.471507],[7.566017,51.472601],[7.566332,51.472201],[7.56674,51.47217],[7.567211,51.472816],[7.568643,51.473466],[7.570142,51.474498],[7.571773,51.47494],[7.573915,51.474488],[7.577462,51.470743],[7.579428,51.471519],[7.581619,51.469194],[7.582172,51.468983],[7.582974,51.468977],[7.583234,51.467563],[7.583101,51.465658],[7.583833,51.464478],[7.584415,51.464731],[7.584413,51.464366],[7.584741,51.46441],[7.586667,51.464912],[7.586798,51.465149],[7.590259,51.466327],[7.590362,51.466107],[7.590776,51.466268],[7.597166,51.469357],[7.601852,51.473181],[7.603004,51.474632],[7.602992,51.474913],[7.604304,51.476169],[7.606417,51.474141],[7.606872,51.473942],[7.606841,51.473156],[7.605043,51.47195],[7.605221,51.47073],[7.605675,51.47029],[7.608787,51.469847],[7.609687,51.470107],[7.609972,51.469739],[7.611004,51.469744],[7.61278,51.46927],[7.614143,51.468459],[7.615184,51.468159],[7.616775,51.468015],[7.616913,51.467451],[7.617212,51.467148],[7.618976,51.466532],[7.619214,51.466463],[7.620133,51.46682],[7.622067,51.466409],[7.621636,51.465858],[7.623603,51.464985],[7.623899,51.464913],[7.624625,51.465232],[7.625796,51.46492],[7.626569,51.464477],[7.628573,51.464758],[7.629293,51.464579],[7.629953,51.464094],[7.630597,51.464162],[7.630929,51.4638],[7.63231,51.463467],[7.632472,51.463026],[7.633729,51.461877],[7.633665,51.461715],[7.634355,51.460773],[7.634206,51.46052],[7.634549,51.46],[7.634385,51.458024],[7.634139,51.457457],[7.629115,51.455651],[7.629789,51.452],[7.630041,51.451441],[7.62702,51.45083],[7.622989,51.451023],[7.620645,51.450771],[7.618284,51.449839],[7.614989,51.447667],[7.612918,51.446814],[7.614268,51.446081],[7.615586,51.443993],[7.618483,51.443717],[7.618974,51.442415],[7.620046,51.440918],[7.621616,51.441177],[7.623751,51.441918],[7.624794,51.440315],[7.624643,51.439254],[7.623937,51.439085],[7.624248,51.43883],[7.624399,51.438374],[7.622274,51.437568],[7.621972,51.436803],[7.622673,51.435259],[7.624177,51.433492],[7.625493,51.433925],[7.626026,51.433569],[7.626297,51.432897],[7.627956,51.432103],[7.627643,51.431491],[7.624896,51.431146],[7.625762,51.429569],[7.625877,51.429262],[7.625701,51.429152],[7.626288,51.428083],[7.62595,51.427932],[7.626557,51.427537],[7.627091,51.427717],[7.628538,51.426208],[7.628327,51.426125],[7.629327,51.425173],[7.630255,51.423277],[7.627443,51.422581],[7.625039,51.421658],[7.621707,51.42089],[7.618731,51.420365],[7.617933,51.420497],[7.616544,51.4196],[7.615828,51.419747],[7.616355,51.419267],[7.616085,51.418867],[7.616846,51.418707],[7.616955,51.418328],[7.617955,51.418553],[7.619032,51.418289],[7.620724,51.417355],[7.621206,51.416725],[7.620531,51.416362],[7.621105,51.416076],[7.622456,51.413665],[7.624937,51.412056],[7.62702,51.411335],[7.627249,51.409912],[7.62753,51.409807],[7.62769,51.409418],[7.628722,51.408989],[7.629058,51.408443],[7.629904,51.408377],[7.630279,51.408129],[7.631665,51.407857],[7.632372,51.407174],[7.631701,51.406352],[7.631722,51.405943],[7.632067,51.40556],[7.63139,51.404548],[7.630967,51.4044],[7.630196,51.403559],[7.629653,51.403447],[7.62924,51.402997],[7.628829,51.402992],[7.628292,51.402587],[7.627952,51.401859],[7.62742,51.401523],[7.627744,51.40132],[7.626311,51.400357],[7.626094,51.399939],[7.624111,51.398442],[7.624167,51.398085],[7.621771,51.395709],[7.620656,51.395355],[7.620538,51.394675],[7.620766,51.394384],[7.620371,51.394193],[7.620855,51.393968],[7.621559,51.392584],[7.621024,51.392607],[7.620411,51.392007],[7.61951,51.391561],[7.61847,51.391553],[7.618252,51.391325],[7.617627,51.391228],[7.61757,51.390974],[7.616374,51.39021],[7.616338,51.389492],[7.615557,51.389],[7.615079,51.388407],[7.614095,51.387975],[7.614017,51.38688],[7.613368,51.385687],[7.612477,51.385264],[7.609923,51.388714]]]},"properties":{"name":"Schwerte","basis":"Auf der offiziellen Revierübersicht benannte oder innerhalb des kartierten Megaplexumrisses liegende Kommune; heutige Gemeindegrenze als geografische Liniengrundlage","boundary_role":"lore-municipality","source":"Code for Germany / Click That Hood","source_url":"https://github.com/codeforgermany/click_that_hood","boundary_review_status":"contextual","boundary_review_label":"Offizielle RRP-Karte abgeglichen; heutige Gemeindegeometrie nur als Liniengrundlage","entity_id":308,"description_preview":"Schwerte ist auf der offiziellen Revierübersicht als Stadt oder Kommune innerhalb des Rhein-Ruhr-Megaplexes verzeichnet.","description_full":"Schwerte ist auf der offiziellen Revierübersicht als Stadt oder Kommune innerhalb des Rhein-Ruhr-Megaplexes verzeichnet. Die Flächendarstellung folgt dem mit der offiziellen Shadowrun-Karte abgeglichenen Kommunenbestand. Die heutige Gemeindegeometrie dient ausschließlich als geografische Liniengrundlage; eine darüber hinausgehende eigene Stadtbeschreibung ist im zugeordneten Datenmaterial nicht eindeutig belegt.","editions":["SR6","SR3","SR4","SR2","SR5"],"sources":[{"bookId":"rrp-map-sr6","title":"Revierbericht 2082 – Karte","edition":"SR6","citation":"Revierübersicht: Stadt/Kommune Schwerte","purpose":"description"},{"bookId":"dids2-sr3","title":"Deutschland in den Schatten II","edition":"SR3","citation":"RRP-Kapitel: Schwerte","purpose":"description"},{"bookId":"rrmp-sr4","title":"Rhein-Ruhr-Megaplex","edition":"SR4","citation":"RRP-Kapitel: Schwerte","purpose":"description"},{"bookId":"archive-sr2-chrom-dioxin","title":"Chrom & Dioxin","edition":"SR2","citation":"RRP-Kontextverweis: Schwerte","purpose":"description"},{"bookId":"archive-sr2-schlagschatten","title":"Schlagschatten","edition":"SR2","citation":"RRP-Kontextverweis: Schwerte","purpose":"description"},{"bookId":"archive-sr2-walzer-punks-schwarzes-ice","title":"Walzer, Punks & Schwarzes Ice","edition":"SR2","citation":"RRP-Kontextverweis: Schwerte","purpose":"description"},{"bookId":"archive-sr3-brennpunkt-adl","title":"Brennpunkt ADL","edition":"SR3","citation":"RRP-Kontextverweis: Schwerte","purpose":"description"},{"bookId":"archive-sr3-europa-in-den-schatten","title":"Europa in den Schatten","edition":"SR3","citation":"RRP-Kontextverweis: Schwerte","purpose":"description"},{"bookId":"archive-sr3-joe-2060-inoffiziell","title":"Joe 2060 (inoffiziell)","edition":"SR3","citation":"RRP-Kontextverweis: Schwerte","purpose":"description"},{"bookId":"archive-sr3-schockwellen","title":"Schockwellen","edition":"SR3","citation":"RRP-Kontextverweis: Schwerte","purpose":"description"},{"bookId":"archive-sr4-almanach-der-sechsten-welt","title":"Almanach der Sechsten Welt","edition":"SR4","citation":"RRP-Kontextverweis: Schwerte","purpose":"description"},{"bookId":"archive-sr4-berlin","title":"Berlin","edition":"SR4","citation":"RRP-Kontextverweis: Schwerte","purpose":"description"},{"bookId":"archive-sr4-blut-spiele","title":"Blut & Spiele","edition":"SR4","citation":"RRP-Kontextverweis: Schwerte","purpose":"description"},{"bookId":"archive-sr4-drachenbrut","title":"Drachenbrut","edition":"SR4","citation":"RRP-Kontextverweis: Schwerte","purpose":"description"},{"bookId":"archive-sr4-konzernenklaven","title":"Konzernenklaven","edition":"SR4","citation":"RRP-Kontextverweis: Schwerte","purpose":"description"},{"bookId":"archive-sr4-machtspiele-handbuch-f-r-spione","title":"Machtspiele - Handbuch für Spione","edition":"SR4","citation":"RRP-Kontextverweis: Schwerte","purpose":"description"},{"bookId":"archive-sr4-m-nchen-noir","title":"München Noir","edition":"SR4","citation":"RRP-Kontextverweis: Schwerte","purpose":"description"},{"bookId":"archive-sr4-reisef-hrer-in-die-deutschen-schatten","title":"Reiseführer in die deutschen Schatten","edition":"SR4","citation":"RRP-Kontextverweis: Schwerte","purpose":"description"},{"bookId":"archive-sr4-strassenlegenden","title":"Strassenlegenden","edition":"SR4","citation":"RRP-Kontextverweis: Schwerte","purpose":"description"},{"bookId":"archive-sr4-systemausfall","title":"Systemausfall","edition":"SR4","citation":"RRP-Kontextverweis: Schwerte","purpose":"description"},{"bookId":"archive-sr4-unterwelten","title":"Unterwelten","edition":"SR4","citation":"RRP-Kontextverweis: Schwerte","purpose":"description"},{"bookId":"archive-sr4-verschw-rungstheorien","title":"Verschwörungstheorien","edition":"SR4","citation":"RRP-Kontextverweis: Schwerte","purpose":"description"},{"bookId":"archive-sr4-shadowrun-4d-geisterkartelle","title":"Shadowrun 4D Geisterkartelle","edition":"SR4","citation":"RRP-Kontextverweis: Schwerte","purpose":"description"},{"bookId":"archive-sr5-anarchy","title":"Anarchy","edition":"SR5","citation":"RRP-Kontextverweis: Schwerte","purpose":"description"},{"bookId":"archive-sr5-auf-dunklen-pfaden","title":"Auf dunklen Pfaden","edition":"SR5","citation":"RRP-Kontextverweis: Schwerte","purpose":"description"},{"bookId":"archive-sr5-blutige-gesch-fte","title":"Blutige Geschäfte","edition":"SR5","citation":"RRP-Kontextverweis: Schwerte","purpose":"description"},{"bookId":"archive-sr5-datenpfade","title":"Datenpfade","edition":"SR5","citation":"RRP-Kontextverweis: Schwerte","purpose":"description"},{"bookId":"archive-sr5-gestohlene-seelen","title":"Gestohlene Seelen","edition":"SR5","citation":"RRP-Kontextverweis: Schwerte","purpose":"description"},{"bookId":"archive-sr5-grundregelwerk-auflage-2","title":"Grundregelwerk (Auflage 2)","edition":"SR5","citation":"RRP-Kontextverweis: Schwerte","purpose":"description"},{"bookId":"archive-sr5-grundregelwerk-auflage-4","title":"Grundregelwerk (Auflage 4)","edition":"SR5","citation":"RRP-Kontextverweis: Schwerte","purpose":"description"},{"bookId":"archive-sr5-grundregelwerk-auflage-6","title":"Grundregelwerk (Auflage 6)","edition":"SR5","citation":"RRP-Kontextverweis: Schwerte","purpose":"description"},{"bookId":"archive-sr5-im-bann-der-karten","title":"Im Bann der Karten","edition":"SR5","citation":"RRP-Kontextverweis: Schwerte","purpose":"description"},{"bookId":"archive-sr5-im-herz-der-dunkelheit","title":"Im Herz der Dunkelheit","edition":"SR5","citation":"RRP-Kontextverweis: Schwerte","purpose":"description"},{"bookId":"archive-sr5-lifestyle-2080","title":"Lifestyle 2080","edition":"SR5","citation":"RRP-Kontextverweis: Schwerte","purpose":"description"},{"bookId":"archive-sr5-megakons-2078","title":"Megakons 2078","edition":"SR5","citation":"RRP-Kontextverweis: Schwerte","purpose":"description"},{"bookId":"archive-sr5-neo-anarchistische-enzyklop-die","title":"Neo-Anarchistische Enzyklopädie","edition":"SR5","citation":"RRP-Kontextverweis: Schwerte","purpose":"description"},{"bookId":"archive-sr5-schattenhelden","title":"Schattenhelden","edition":"SR5","citation":"RRP-Kontextverweis: Schwerte","purpose":"description"},{"bookId":"archive-sr5-state-of-the-art-adl","title":"State of the Art ADL","edition":"SR5","citation":"RRP-Kontextverweis: Schwerte","purpose":"description"},{"bookId":"archive-sr5-datapuls-komplett","title":"Datapuls - Komplett","edition":"SR5","citation":"RRP-Kontextverweis: Schwerte","purpose":"description"},{"bookId":"archive-sr6-vendetta-oef","title":"Vendetta [OEF]","edition":"SR6","citation":"RRP-Kontextverweis: Schwerte","purpose":"description"},{"bookId":"archive-sr6-datapuls-fbv-v2","title":"Datapuls - FBV [v2]","edition":"SR6","citation":"RRP-Kontextverweis: Schwerte","purpose":"description"},{"bookId":"archive-sr6-datapuls-westphalen","title":"Datapuls - Westphalen","edition":"SR6","citation":"RRP-Kontextverweis: Schwerte","purpose":"description"},{"bookId":"archive-sr6-hinter-dem-vorhang","title":"Hinter dem Vorhang","edition":"SR6","citation":"RRP-Kontextverweis: Schwerte","purpose":"description"},{"bookId":"archive-sr6-neo-anarchistische-enzyklopdie","title":"Neo Anarchistische Enzyklopdie","edition":"SR6","citation":"RRP-Kontextverweis: Schwerte","purpose":"description"},{"bookId":"archive-sr6-neo-asphalt-dschungel","title":"Neo Asphalt Dschungel","edition":"SR6","citation":"RRP-Kontextverweis: Schwerte","purpose":"description"},{"bookId":"archive-sr6-phantome","title":"Phantome","edition":"SR6","citation":"RRP-Kontextverweis: Schwerte","purpose":"description"},{"bookId":"revierbericht-sr6","title":"Revierbericht 2082","edition":"SR6","citation":"RRP-Kontextverweis: Schwerte","purpose":"description"},{"bookId":"archive-sr6-schlagschatten","title":"Schlagschatten","edition":"SR6","citation":"RRP-Kontextverweis: Schwerte","purpose":"description"},{"bookId":"archive-sr6-t-dliche-ernte","title":"Tödliche Ernte","edition":"SR6","citation":"RRP-Kontextverweis: Schwerte","purpose":"description"},{"bookId":"archive-sr6-geschmeidige-gesch-fte","title":"Geschmeidige Geschäfte","edition":"SR6","citation":"RRP-Kontextverweis: Schwerte","purpose":"description"},{"bookId":"archive-sr6-grundregelwerk-2024","title":"Grundregelwerk 2024","edition":"SR6","citation":"RRP-Kontextverweis: Schwerte","purpose":"description"}]}},{"type":"Feature","geometry":{"type":"Polygon","coordinates":[[[7.412921,51.662604],[7.408983,51.664763],[7.410248,51.665797],[7.409677,51.667766],[7.408888,51.668608],[7.409415,51.67012],[7.409117,51.670374],[7.4102,51.670943],[7.410796,51.67112],[7.411601,51.670906],[7.413825,51.670893],[7.415818,51.670414],[7.417721,51.670555],[7.418509,51.670271],[7.419929,51.670644],[7.42127,51.670393],[7.421475,51.670511],[7.422156,51.670273],[7.424885,51.670376],[7.426974,51.669309],[7.426968,51.668604],[7.429751,51.667793],[7.430264,51.667997],[7.431124,51.668936],[7.431345,51.668608],[7.432841,51.668575],[7.433131,51.669608],[7.435358,51.669118],[7.435469,51.669849],[7.436186,51.669921],[7.436238,51.671678],[7.436014,51.671708],[7.438532,51.673366],[7.439793,51.674775],[7.444503,51.674531],[7.444917,51.67632],[7.446066,51.676451],[7.448494,51.67632],[7.450799,51.681336],[7.451073,51.682824],[7.448761,51.683392],[7.448679,51.684306],[7.449784,51.684341],[7.447662,51.68575],[7.448603,51.68641],[7.448492,51.686995],[7.449203,51.688155],[7.450585,51.688958],[7.451771,51.68896],[7.451698,51.689795],[7.450151,51.690482],[7.449424,51.691183],[7.449649,51.692663],[7.449125,51.69345],[7.44742,51.693967],[7.445774,51.695049],[7.443749,51.695493],[7.441834,51.696839],[7.441339,51.697817],[7.442531,51.699176],[7.441666,51.700189],[7.439369,51.701051],[7.438286,51.702326],[7.437925,51.703966],[7.43555,51.704466],[7.432866,51.704706],[7.431488,51.704426],[7.428223,51.704597],[7.427211,51.704848],[7.425924,51.705785],[7.424633,51.706234],[7.423963,51.707713],[7.422942,51.708657],[7.424707,51.709133],[7.42581,51.709972],[7.422861,51.711796],[7.425197,51.71312],[7.423759,51.713723],[7.423905,51.713981],[7.424226,51.714059],[7.423783,51.714441],[7.423723,51.714962],[7.424569,51.714957],[7.424653,51.715274],[7.424365,51.715901],[7.427239,51.717166],[7.429206,51.718659],[7.432914,51.720636],[7.434859,51.722178],[7.436676,51.723118],[7.438084,51.723483],[7.44136,51.723593],[7.448794,51.724958],[7.455545,51.731029],[7.457059,51.731551],[7.459918,51.731691],[7.461878,51.732177],[7.463243,51.733012],[7.463825,51.733756],[7.463969,51.734285],[7.464649,51.734384],[7.464843,51.734933],[7.465216,51.734924],[7.465949,51.73435],[7.466683,51.734924],[7.46699,51.734927],[7.466791,51.735904],[7.467736,51.736244],[7.469569,51.735451],[7.470703,51.735423],[7.47293,51.734983],[7.4726,51.734522],[7.473031,51.733959],[7.473603,51.733689],[7.473454,51.731747],[7.474907,51.731587],[7.475576,51.729961],[7.476053,51.730077],[7.477193,51.728615],[7.481364,51.7295],[7.483109,51.729116],[7.481618,51.726389],[7.481138,51.724298],[7.480202,51.723978],[7.47928,51.723371],[7.477199,51.723048],[7.47814,51.721888],[7.479286,51.719663],[7.480745,51.719781],[7.482401,51.719421],[7.483215,51.718386],[7.483876,51.718334],[7.484204,51.716557],[7.484321,51.714311],[7.485623,51.714731],[7.486518,51.716052],[7.487839,51.717037],[7.488343,51.717984],[7.490048,51.718957],[7.491325,51.719948],[7.493349,51.720709],[7.495096,51.720812],[7.495127,51.720305],[7.500305,51.721006],[7.50047,51.722145],[7.503311,51.722498],[7.505006,51.72225],[7.50604,51.722483],[7.509874,51.722325],[7.513543,51.721856],[7.514736,51.722019],[7.515369,51.721416],[7.51738,51.721362],[7.516781,51.719557],[7.51648,51.717578],[7.517261,51.71748],[7.517081,51.716263],[7.517435,51.71619],[7.517865,51.712512],[7.518115,51.712516],[7.518151,51.711458],[7.517807,51.707997],[7.517356,51.707645],[7.517346,51.70737],[7.516826,51.707372],[7.517039,51.70703],[7.517639,51.706804],[7.51765,51.706567],[7.51835,51.706007],[7.519515,51.706608],[7.520378,51.706566],[7.52034,51.705888],[7.52064,51.705683],[7.521212,51.70584],[7.52275,51.705706],[7.523489,51.705452],[7.523931,51.705607],[7.525431,51.705116],[7.5265,51.705228],[7.526587,51.705032],[7.527343,51.705016],[7.527071,51.704819],[7.527266,51.704654],[7.529878,51.704002],[7.529652,51.703759],[7.530243,51.703418],[7.530237,51.703235],[7.529377,51.702245],[7.529019,51.701341],[7.528281,51.700877],[7.528578,51.700113],[7.529473,51.698797],[7.529615,51.69718],[7.529801,51.69719],[7.530244,51.696288],[7.531606,51.696295],[7.531726,51.695988],[7.532294,51.695838],[7.532388,51.695032],[7.533105,51.695449],[7.533321,51.692691],[7.536623,51.69247],[7.53672,51.69227],[7.539513,51.692687],[7.540698,51.691985],[7.542555,51.691357],[7.543984,51.690502],[7.542884,51.689854],[7.542518,51.689999],[7.541463,51.689603],[7.538565,51.688117],[7.538418,51.687214],[7.538828,51.686713],[7.539928,51.686291],[7.542094,51.684741],[7.543728,51.685079],[7.545788,51.685817],[7.546042,51.686067],[7.546783,51.685505],[7.546105,51.682566],[7.545447,51.682427],[7.546081,51.681326],[7.545624,51.680835],[7.544284,51.680498],[7.544434,51.679851],[7.543928,51.679348],[7.543995,51.679102],[7.546611,51.678321],[7.546298,51.677453],[7.54651,51.677387],[7.547049,51.677846],[7.549043,51.677155],[7.547464,51.675009],[7.548195,51.674768],[7.548376,51.674372],[7.548226,51.673561],[7.548355,51.673007],[7.548206,51.672719],[7.547016,51.671863],[7.547317,51.671314],[7.547146,51.670504],[7.547295,51.670014],[7.54686,51.669549],[7.546896,51.669148],[7.54385,51.668113],[7.542591,51.665758],[7.540863,51.664436],[7.540494,51.663638],[7.542583,51.663324],[7.542476,51.663051],[7.54217,51.662981],[7.542489,51.661141],[7.54763,51.660345],[7.547702,51.659293],[7.548647,51.658489],[7.548897,51.657413],[7.547909,51.657393],[7.54772,51.656582],[7.545734,51.655916],[7.546135,51.654994],[7.544981,51.654932],[7.544563,51.653768],[7.544956,51.653749],[7.544508,51.652955],[7.544551,51.651602],[7.548226,51.64576],[7.546409,51.644564],[7.544357,51.643725],[7.544034,51.643996],[7.543744,51.643903],[7.543127,51.644537],[7.540897,51.645964],[7.539387,51.645213],[7.538345,51.64588],[7.537481,51.646014],[7.536411,51.645905],[7.533196,51.644495],[7.531319,51.644539],[7.530185,51.64499],[7.52873,51.644392],[7.527876,51.643519],[7.526015,51.64353],[7.523864,51.644507],[7.521737,51.644463],[7.518429,51.6448],[7.515483,51.645698],[7.514801,51.646208],[7.513883,51.646182],[7.511689,51.645554],[7.508531,51.647027],[7.507264,51.648931],[7.506653,51.648354],[7.506436,51.648308],[7.506452,51.648622],[7.505797,51.648235],[7.504059,51.647846],[7.502556,51.647224],[7.501011,51.647203],[7.498377,51.645782],[7.498084,51.645185],[7.497507,51.645324],[7.497283,51.645654],[7.497591,51.64574],[7.497467,51.646063],[7.497115,51.645953],[7.496964,51.646425],[7.496663,51.646527],[7.496821,51.646656],[7.49596,51.646988],[7.493723,51.647264],[7.492687,51.648152],[7.491232,51.648933],[7.489589,51.648883],[7.487952,51.648581],[7.486253,51.648582],[7.483423,51.650104],[7.48096,51.651809],[7.478936,51.651738],[7.4762,51.652705],[7.476395,51.65227],[7.476285,51.651333],[7.476596,51.647809],[7.473886,51.647962],[7.472663,51.647553],[7.469178,51.644866],[7.463892,51.641217],[7.458752,51.640459],[7.457039,51.641195],[7.45659,51.641762],[7.455145,51.642459],[7.451687,51.642459],[7.451283,51.643097],[7.451415,51.644378],[7.451249,51.644946],[7.449155,51.646657],[7.447569,51.646975],[7.444736,51.64664],[7.443832,51.647103],[7.443606,51.647841],[7.444168,51.64895],[7.444162,51.649404],[7.442269,51.650895],[7.441869,51.651819],[7.442177,51.652169],[7.442625,51.652306],[7.445568,51.652661],[7.445896,51.653098],[7.44587,51.653281],[7.444852,51.653893],[7.443532,51.654315],[7.443347,51.654528],[7.443401,51.654817],[7.444047,51.6551],[7.445224,51.654947],[7.446088,51.654499],[7.446751,51.653811],[7.447552,51.653481],[7.448493,51.653836],[7.448716,51.65426],[7.445862,51.657215],[7.444002,51.65944],[7.443371,51.659876],[7.439376,51.661294],[7.436151,51.661587],[7.431676,51.662518],[7.429626,51.662502],[7.427742,51.661835],[7.426569,51.661684],[7.425242,51.661892],[7.423745,51.662637],[7.423068,51.66273],[7.420619,51.662755],[7.419072,51.662085],[7.417838,51.661817],[7.415372,51.661975],[7.412921,51.662604]]]},"properties":{"name":"Selm","basis":"Auf der offiziellen Revierübersicht benannte oder innerhalb des kartierten Megaplexumrisses liegende Kommune; heutige Gemeindegrenze als geografische Liniengrundlage","boundary_role":"lore-municipality","source":"Code for Germany / Click That Hood","source_url":"https://github.com/codeforgermany/click_that_hood","boundary_review_status":"contextual","boundary_review_label":"Offizielle RRP-Karte abgeglichen; heutige Gemeindegeometrie nur als Liniengrundlage","entity_id":309,"description_preview":"Selm ist auf der offiziellen Revierübersicht als Stadt oder Kommune innerhalb des Rhein-Ruhr-Megaplexes verzeichnet.","description_full":"Selm ist auf der offiziellen Revierübersicht als Stadt oder Kommune innerhalb des Rhein-Ruhr-Megaplexes verzeichnet. Die Flächendarstellung folgt dem mit der offiziellen Shadowrun-Karte abgeglichenen Kommunenbestand. Die heutige Gemeindegeometrie dient ausschließlich als geografische Liniengrundlage; eine darüber hinausgehende eigene Stadtbeschreibung ist im zugeordneten Datenmaterial nicht eindeutig belegt.","editions":["SR6","SR1","SR2","SR3"],"sources":[{"bookId":"rrp-map-sr6","title":"Revierbericht 2082 – Karte","edition":"SR6","citation":"Revierübersicht: Stadt/Kommune Selm","purpose":"description"},{"bookId":"dids-sr1","title":"Deutschland in den Schatten","edition":"SR1","citation":"RRP-Kapitel: Selm","purpose":"description"},{"bookId":"dids-sr2","title":"Deutschland in den Schatten","edition":"SR2","citation":"RRP-Kapitel: Selm","purpose":"description"},{"bookId":"dids2-sr3","title":"Deutschland in den Schatten II","edition":"SR3","citation":"RRP-Kapitel: Selm","purpose":"description"}]}},{"type":"Feature","geometry":{"type":"Polygon","coordinates":[[[7.990498,51.553642],[7.993724,51.554982],[7.992753,51.557311],[7.995574,51.557752],[7.995309,51.558709],[7.995191,51.558673],[7.99539,51.559726],[7.996706,51.562798],[7.998375,51.562815],[7.998437,51.563228],[8.001471,51.563086],[8.006353,51.563418],[8.006387,51.564955],[8.00927,51.565168],[8.009584,51.563974],[8.014636,51.564927],[8.014745,51.565139],[8.016651,51.564644],[8.017025,51.564704],[8.019014,51.565397],[8.01968,51.565748],[8.019928,51.566235],[8.02096,51.566572],[8.022192,51.567296],[8.023808,51.5675],[8.024143,51.567725],[8.024671,51.567515],[8.025458,51.567958],[8.02549,51.56826],[8.026572,51.568536],[8.02699,51.569088],[8.027432,51.569331],[8.027795,51.568539],[8.031392,51.568227],[8.033763,51.567688],[8.033984,51.567447],[8.03719,51.568296],[8.036835,51.569035],[8.036937,51.569853],[8.040421,51.570119],[8.040777,51.571014],[8.043055,51.571734],[8.043014,51.572794],[8.04367,51.57272],[8.044637,51.573919],[8.047496,51.574515],[8.047374,51.574913],[8.047042,51.575107],[8.047148,51.575381],[8.046305,51.57576],[8.046371,51.576092],[8.046828,51.576352],[8.046411,51.57667],[8.046413,51.576906],[8.045948,51.576881],[8.04573,51.57729],[8.045113,51.577401],[8.046005,51.578965],[8.045172,51.579216],[8.045825,51.580333],[8.047506,51.579999],[8.047933,51.582204],[8.04871,51.582134],[8.049081,51.583958],[8.046884,51.584464],[8.047334,51.586752],[8.047958,51.586576],[8.048377,51.587902],[8.047971,51.588418],[8.046523,51.588483],[8.045944,51.589333],[8.045531,51.589485],[8.042514,51.588436],[8.041001,51.588622],[8.040719,51.588743],[8.040834,51.589086],[8.041147,51.589225],[8.040756,51.590204],[8.040436,51.590292],[8.044432,51.592357],[8.044865,51.592012],[8.046531,51.592871],[8.047369,51.593362],[8.046987,51.593564],[8.04724,51.593748],[8.046791,51.593914],[8.047308,51.594209],[8.04868,51.593755],[8.052334,51.598805],[8.055032,51.601359],[8.056214,51.60089],[8.059153,51.603047],[8.060469,51.602426],[8.065601,51.601865],[8.065758,51.602549],[8.068066,51.602265],[8.068209,51.602468],[8.069925,51.60205],[8.075389,51.609251],[8.076448,51.608986],[8.079069,51.611919],[8.076756,51.612762],[8.077587,51.61358],[8.074316,51.614735],[8.07402,51.614443],[8.072046,51.615193],[8.073467,51.616804],[8.074389,51.616475],[8.075487,51.61754],[8.075232,51.619402],[8.078559,51.619484],[8.07812,51.62012],[8.081947,51.621368],[8.079802,51.623319],[8.081582,51.624133],[8.083039,51.623991],[8.084316,51.624427],[8.086431,51.62388],[8.087851,51.623917],[8.088878,51.624358],[8.100344,51.626965],[8.100925,51.624953],[8.102798,51.625151],[8.102756,51.625637],[8.108733,51.625807],[8.109235,51.627572],[8.114317,51.62749],[8.114624,51.625186],[8.118667,51.625178],[8.119001,51.622679],[8.121622,51.622835],[8.121556,51.621733],[8.121015,51.620414],[8.121049,51.618994],[8.1265,51.6192],[8.126764,51.619161],[8.126841,51.618212],[8.133196,51.618504],[8.133152,51.61644],[8.13402,51.616793],[8.133897,51.614395],[8.137583,51.614733],[8.139163,51.612252],[8.143838,51.612728],[8.145768,51.613184],[8.146461,51.610862],[8.149248,51.611163],[8.144544,51.607022],[8.143172,51.606029],[8.142101,51.604734],[8.139153,51.607123],[8.133961,51.604696],[8.135141,51.603963],[8.129248,51.602537],[8.129645,51.601997],[8.130489,51.601411],[8.128791,51.600989],[8.126612,51.60275],[8.123478,51.601579],[8.125899,51.600077],[8.123559,51.598202],[8.128636,51.597621],[8.130238,51.596865],[8.12938,51.595844],[8.134176,51.594531],[8.135846,51.596646],[8.138043,51.595169],[8.139614,51.593578],[8.139043,51.591703],[8.14198,51.590923],[8.138764,51.588093],[8.137841,51.586324],[8.137738,51.585657],[8.137112,51.585769],[8.137076,51.585628],[8.137617,51.583652],[8.139848,51.581571],[8.139747,51.579324],[8.148455,51.580039],[8.151124,51.580746],[8.150971,51.580006],[8.15073,51.579736],[8.148581,51.579076],[8.151295,51.577344],[8.151719,51.576724],[8.152249,51.576851],[8.153344,51.574153],[8.153607,51.574271],[8.154646,51.572896],[8.154614,51.57061],[8.154801,51.569455],[8.155749,51.569446],[8.152723,51.565225],[8.151031,51.56161],[8.150505,51.561052],[8.14939,51.561155],[8.147753,51.558708],[8.1545,51.556418],[8.157816,51.555057],[8.160636,51.553252],[8.160988,51.55291],[8.160688,51.552866],[8.16154,51.552176],[8.160056,51.551692],[8.157671,51.552082],[8.147609,51.550879],[8.145886,51.549852],[8.147572,51.549341],[8.147554,51.54782],[8.145064,51.547513],[8.145571,51.546219],[8.146399,51.544959],[8.146739,51.545208],[8.149337,51.543578],[8.14885,51.543343],[8.153369,51.540825],[8.158724,51.537079],[8.161191,51.538262],[8.164684,51.538324],[8.164863,51.537999],[8.164874,51.536927],[8.167415,51.537137],[8.167691,51.535125],[8.172515,51.535403],[8.172782,51.534279],[8.1726,51.534091],[8.172648,51.532316],[8.172474,51.531439],[8.175717,51.530516],[8.176278,51.530179],[8.174794,51.529575],[8.16883,51.529225],[8.167816,51.528488],[8.168007,51.527893],[8.167481,51.527208],[8.165873,51.527219],[8.163337,51.526777],[8.159098,51.52646],[8.153951,51.525743],[8.151218,51.525638],[8.148426,51.524627],[8.147283,51.524397],[8.146276,51.524763],[8.142262,51.524738],[8.142148,51.525144],[8.141147,51.525158],[8.140787,51.526277],[8.1397,51.526203],[8.139524,51.526637],[8.138408,51.526487],[8.137926,51.527639],[8.13682,51.528084],[8.133449,51.527817],[8.128565,51.528299],[8.125929,51.528093],[8.123348,51.528201],[8.120135,51.527036],[8.115145,51.526413],[8.1153,51.52579],[8.112346,51.525296],[8.112424,51.524675],[8.108835,51.524206],[8.108361,51.524494],[8.108261,51.525059],[8.108042,51.525221],[8.098323,51.524629],[8.097459,51.524867],[8.097419,51.524699],[8.096544,51.525118],[8.095226,51.526247],[8.093605,51.52682],[8.093075,51.527295],[8.092002,51.527633],[8.087833,51.529833],[8.084288,51.530689],[8.083741,51.530677],[8.084016,51.528817],[8.081671,51.528736],[8.082448,51.527138],[8.080519,51.526986],[8.080038,51.529322],[8.078317,51.529053],[8.077533,51.528486],[8.07113,51.527088],[8.067659,51.525616],[8.067087,51.52498],[8.060764,51.524153],[8.06085,51.523607],[8.05359,51.521445],[8.052533,51.523291],[8.048609,51.525389],[8.047249,51.52631],[8.046381,51.527888],[8.044806,51.526848],[8.04374,51.52742],[8.042672,51.52636],[8.041473,51.526273],[8.041524,51.528191],[8.040685,51.528668],[8.036617,51.527388],[8.028071,51.526167],[8.027675,51.526808],[8.027517,51.526653],[8.023697,51.530872],[8.022913,51.532294],[8.022637,51.53228],[8.021763,51.534988],[8.021374,51.535525],[8.022568,51.5359],[8.017743,51.538235],[8.017559,51.537923],[8.016508,51.537348],[8.014488,51.537368],[8.00851,51.536334],[8.002684,51.536292],[8.001078,51.536057],[7.998698,51.535286],[7.996567,51.535219],[7.996773,51.533965],[7.991676,51.533558],[7.990501,51.533291],[7.987451,51.531646],[7.986118,51.531293],[7.985784,51.53221],[7.985461,51.532467],[7.986356,51.533612],[7.985929,51.533765],[7.984889,51.532646],[7.983166,51.533082],[7.983853,51.535153],[7.984696,51.535103],[7.985855,51.54789],[7.98664,51.547861],[7.986699,51.549093],[7.988649,51.549029],[7.988741,51.550992],[7.990645,51.551825],[7.991047,51.553126],[7.990498,51.553642]]]},"properties":{"name":"Soest","basis":"Auf der offiziellen Revierübersicht benannte oder innerhalb des kartierten Megaplexumrisses liegende Kommune; heutige Gemeindegrenze als geografische Liniengrundlage","boundary_role":"lore-municipality","source":"Code for Germany / Click That Hood","source_url":"https://github.com/codeforgermany/click_that_hood","boundary_review_status":"contextual","boundary_review_label":"Offizielle RRP-Karte abgeglichen; heutige Gemeindegeometrie nur als Liniengrundlage","entity_id":310,"description_preview":"Soest ist auf der offiziellen Revierübersicht als Stadt oder Kommune innerhalb des Rhein-Ruhr-Megaplexes verzeichnet.","description_full":"Soest ist auf der offiziellen Revierübersicht als Stadt oder Kommune innerhalb des Rhein-Ruhr-Megaplexes verzeichnet. Die Flächendarstellung folgt dem mit der offiziellen Shadowrun-Karte abgeglichenen Kommunenbestand. Die heutige Gemeindegeometrie dient ausschließlich als geografische Liniengrundlage; eine darüber hinausgehende eigene Stadtbeschreibung ist im zugeordneten Datenmaterial nicht eindeutig belegt.","editions":["SR6","SR4"],"sources":[{"bookId":"rrp-map-sr6","title":"Revierbericht 2082 – Karte","edition":"SR6","citation":"Revierübersicht: Stadt/Kommune Soest","purpose":"description"},{"bookId":"rrmp-sr4","title":"Rhein-Ruhr-Megaplex","edition":"SR4","citation":"RRP-Kapitel: Soest","purpose":"description"}]}},{"type":"Feature","geometry":{"type":"Polygon","coordinates":[[[7.08611,51.136073],[7.083464,51.138047],[7.082455,51.138176],[7.079194,51.13671],[7.076086,51.136157],[7.075189,51.135445],[7.074595,51.134131],[7.074651,51.133269],[7.076633,51.130468],[7.077346,51.127908],[7.077021,51.127319],[7.076426,51.126856],[7.075595,51.126421],[7.074328,51.126085],[7.071812,51.126097],[7.064093,51.12734],[7.062491,51.127423],[7.061852,51.12725],[7.060339,51.126224],[7.059307,51.124946],[7.057735,51.124808],[7.055427,51.125323],[7.052738,51.126521],[7.044322,51.132069],[7.043372,51.132224],[7.040787,51.131885],[7.035169,51.131874],[7.032825,51.130949],[7.030443,51.130326],[7.027948,51.130136],[7.025605,51.130208],[7.021488,51.128995],[7.019892,51.128286],[7.015388,51.12544],[7.012289,51.123869],[7.011608,51.123711],[7.009957,51.123771],[7.008799,51.12338],[7.00855,51.123543],[7.008361,51.123354],[7.007198,51.123213],[7.00342,51.122971],[7.003355,51.122217],[7.002055,51.122385],[7.000441,51.121473],[6.999882,51.120467],[6.999665,51.120377],[6.999757,51.120217],[6.998302,51.119655],[6.997081,51.121504],[6.996528,51.123092],[6.996317,51.123084],[6.996194,51.124899],[6.994861,51.124861],[6.993415,51.125809],[6.994043,51.127508],[6.995613,51.13031],[6.997945,51.132289],[6.998329,51.133724],[6.996328,51.140346],[6.994436,51.144647],[6.991309,51.145317],[6.9881,51.145099],[6.987105,51.14546],[6.986095,51.146324],[6.983235,51.145111],[6.982018,51.145016],[6.980987,51.14471],[6.980609,51.145436],[6.978182,51.146839],[6.977418,51.146583],[6.975758,51.148171],[6.974646,51.148147],[6.974148,51.147695],[6.972791,51.148822],[6.971224,51.14883],[6.971026,51.149389],[6.968279,51.148096],[6.967229,51.147978],[6.963279,51.14406],[6.962895,51.144158],[6.961375,51.146494],[6.957735,51.14611],[6.95489,51.146991],[6.952326,51.147086],[6.951092,51.146951],[6.951699,51.148921],[6.955488,51.157426],[6.958795,51.157024],[6.959747,51.16034],[6.9608,51.161087],[6.960541,51.161937],[6.95939,51.163926],[6.960712,51.164389],[6.965146,51.166695],[6.982382,51.16572],[6.983954,51.167367],[6.984718,51.167335],[6.986273,51.170633],[6.986351,51.171043],[6.986108,51.171713],[6.986326,51.172402],[6.986465,51.172388],[6.986081,51.173576],[6.98688,51.173328],[6.989753,51.174611],[6.990619,51.174125],[6.991812,51.174573],[6.992312,51.174555],[6.992573,51.175245],[6.992428,51.175459],[6.993861,51.176017],[6.995717,51.176204],[6.997444,51.176855],[7.000126,51.177542],[7.001681,51.178992],[7.003045,51.179175],[7.004128,51.179647],[7.006211,51.179328],[7.007931,51.180859],[7.00949,51.181191],[7.010259,51.181907],[7.011723,51.182125],[7.013284,51.182022],[7.013472,51.182158],[7.013349,51.182364],[7.013716,51.182484],[7.013908,51.183007],[7.014764,51.183798],[7.01583,51.183876],[7.016282,51.18432],[7.017207,51.184508],[7.018734,51.186281],[7.021816,51.186683],[7.022331,51.186961],[7.023858,51.187168],[7.024254,51.187588],[7.025776,51.188192],[7.026827,51.188209],[7.027233,51.187895],[7.029456,51.18859],[7.029601,51.188692],[7.029314,51.188658],[7.029795,51.189772],[7.028746,51.189237],[7.028337,51.189245],[7.027989,51.190507],[7.028307,51.191396],[7.029662,51.19245],[7.029901,51.192987],[7.031591,51.193821],[7.032145,51.194346],[7.032671,51.193894],[7.033226,51.194051],[7.033917,51.194592],[7.035745,51.19509],[7.03649,51.195951],[7.037313,51.196546],[7.03744,51.196479],[7.037613,51.196912],[7.03792,51.197004],[7.037674,51.197218],[7.038192,51.198096],[7.038975,51.199215],[7.039715,51.199767],[7.039397,51.199842],[7.039885,51.201312],[7.041646,51.201921],[7.04128,51.202384],[7.043762,51.203345],[7.042523,51.20438],[7.042861,51.204401],[7.042114,51.205361],[7.042537,51.205627],[7.042655,51.205367],[7.04302,51.205432],[7.043878,51.206083],[7.04403,51.205742],[7.044621,51.20592],[7.044447,51.206146],[7.044514,51.206888],[7.045234,51.207347],[7.047999,51.208899],[7.051671,51.210289],[7.052561,51.210505],[7.056151,51.210566],[7.057783,51.21017],[7.058242,51.210837],[7.058617,51.211951],[7.05971,51.213123],[7.060162,51.214104],[7.064096,51.216326],[7.064274,51.21661],[7.065764,51.217282],[7.076415,51.21836],[7.076836,51.218116],[7.0775,51.21853],[7.080712,51.219238],[7.082438,51.220191],[7.084723,51.219719],[7.085546,51.219956],[7.086417,51.219781],[7.091856,51.22037],[7.092572,51.220148],[7.092954,51.219214],[7.093829,51.218764],[7.094304,51.218048],[7.095156,51.217581],[7.096093,51.217261],[7.097563,51.217336],[7.100386,51.216277],[7.101195,51.216458],[7.102279,51.216222],[7.102808,51.215738],[7.102869,51.215243],[7.103513,51.214781],[7.105394,51.214462],[7.10545,51.213541],[7.10759,51.212077],[7.108241,51.211379],[7.108317,51.210917],[7.107973,51.210252],[7.105529,51.207869],[7.103713,51.206454],[7.103688,51.206134],[7.104083,51.205647],[7.107153,51.203922],[7.107727,51.203799],[7.108339,51.203217],[7.108061,51.200905],[7.107518,51.19899],[7.107225,51.198549],[7.107444,51.197747],[7.107361,51.196668],[7.106673,51.195538],[7.10729,51.194587],[7.109887,51.191746],[7.111073,51.190022],[7.113991,51.187497],[7.113263,51.186063],[7.113664,51.184069],[7.11414,51.183813],[7.115601,51.18383],[7.123703,51.182994],[7.125642,51.182619],[7.12581,51.181355],[7.125479,51.180521],[7.124251,51.17932],[7.122471,51.178116],[7.121673,51.177352],[7.121944,51.176575],[7.123144,51.175466],[7.125917,51.175136],[7.127999,51.174535],[7.128684,51.174126],[7.131378,51.170587],[7.132217,51.169752],[7.132565,51.169112],[7.132604,51.168438],[7.133347,51.166292],[7.135934,51.165687],[7.138022,51.164747],[7.138582,51.164273],[7.138689,51.163823],[7.138539,51.163297],[7.137814,51.16235],[7.132862,51.159888],[7.131641,51.158915],[7.131107,51.158209],[7.131177,51.157847],[7.131722,51.157562],[7.135359,51.156963],[7.135946,51.156625],[7.135931,51.155853],[7.135246,51.154147],[7.135278,51.153603],[7.135474,51.153474],[7.135303,51.15208],[7.135575,51.15067],[7.134498,51.149475],[7.134552,51.14923],[7.137317,51.148241],[7.138028,51.147854],[7.13826,51.147471],[7.139359,51.14753],[7.139512,51.147283],[7.139038,51.147073],[7.139007,51.14613],[7.138771,51.145512],[7.138942,51.14497],[7.140842,51.144545],[7.141909,51.144667],[7.142756,51.144154],[7.142203,51.143527],[7.142679,51.143188],[7.143158,51.143275],[7.143483,51.142927],[7.143513,51.143084],[7.144173,51.142874],[7.144666,51.143609],[7.144767,51.142986],[7.145355,51.142546],[7.145985,51.142298],[7.145796,51.142912],[7.146641,51.142874],[7.146634,51.142502],[7.14752,51.142458],[7.147279,51.144236],[7.147581,51.144713],[7.148308,51.145212],[7.148615,51.145156],[7.149635,51.145532],[7.149782,51.145865],[7.150484,51.145768],[7.152267,51.146986],[7.152124,51.147257],[7.152483,51.147601],[7.154324,51.14787],[7.154613,51.149039],[7.154694,51.151107],[7.155452,51.151175],[7.1571,51.152576],[7.158719,51.153248],[7.159572,51.153886],[7.159147,51.154016],[7.159522,51.155707],[7.160122,51.155452],[7.160682,51.155493],[7.160233,51.155178],[7.161195,51.154927],[7.161806,51.155101],[7.16235,51.155549],[7.163251,51.155517],[7.164041,51.155148],[7.165033,51.153871],[7.165618,51.153589],[7.163955,51.152237],[7.164593,51.151605],[7.163829,51.150602],[7.164378,51.150093],[7.16338,51.149828],[7.16375,51.1496],[7.1636,51.149232],[7.163245,51.148791],[7.162405,51.148527],[7.163194,51.146663],[7.16268,51.146735],[7.16065,51.146307],[7.15996,51.144922],[7.16016,51.14473],[7.162654,51.144955],[7.164178,51.145606],[7.165287,51.14569],[7.167428,51.144774],[7.167106,51.142018],[7.167279,51.141395],[7.167677,51.140425],[7.168851,51.140175],[7.169649,51.139705],[7.169785,51.138971],[7.168982,51.139118],[7.168936,51.138546],[7.166742,51.137797],[7.163861,51.136238],[7.163524,51.136314],[7.163219,51.135823],[7.161179,51.134879],[7.160013,51.133799],[7.159746,51.133284],[7.164606,51.131009],[7.165793,51.131892],[7.16595,51.131784],[7.165332,51.131405],[7.165163,51.131094],[7.165249,51.130643],[7.165014,51.130056],[7.162696,51.129341],[7.165935,51.128264],[7.166834,51.128382],[7.168319,51.129062],[7.168251,51.128481],[7.169729,51.126445],[7.170328,51.126732],[7.170736,51.12727],[7.172039,51.128165],[7.173913,51.128191],[7.174095,51.12771],[7.172151,51.126755],[7.171861,51.12622],[7.172326,51.125632],[7.171712,51.125194],[7.172025,51.125337],[7.173219,51.124221],[7.168582,51.12296],[7.164295,51.122069],[7.163887,51.12177],[7.160346,51.120931],[7.158636,51.120294],[7.156989,51.119995],[7.156172,51.120044],[7.155536,51.119102],[7.154418,51.119052],[7.15422,51.118847],[7.154251,51.118495],[7.151404,51.116933],[7.148221,51.114196],[7.147257,51.114341],[7.148168,51.115151],[7.145798,51.11563],[7.14484,51.114833],[7.144174,51.115313],[7.144744,51.115645],[7.144571,51.116372],[7.145996,51.116856],[7.146167,51.117808],[7.145089,51.118499],[7.144776,51.119093],[7.140748,51.118238],[7.140384,51.118741],[7.140317,51.119327],[7.13684,51.118418],[7.135905,51.116854],[7.135201,51.117063],[7.13364,51.117096],[7.133558,51.118404],[7.133006,51.118034],[7.132546,51.118139],[7.130387,51.117926],[7.129673,51.11931],[7.12941,51.119273],[7.129961,51.119755],[7.128594,51.120791],[7.129221,51.121064],[7.128436,51.12176],[7.127727,51.121661],[7.126607,51.122029],[7.126158,51.121702],[7.122159,51.121606],[7.121314,51.122021],[7.119712,51.122412],[7.119347,51.122849],[7.119621,51.123124],[7.11957,51.12388],[7.116321,51.124788],[7.116499,51.125351],[7.117202,51.126341],[7.117991,51.12691],[7.118111,51.127825],[7.117932,51.128257],[7.118548,51.129916],[7.11865,51.131073],[7.117888,51.131161],[7.118222,51.132355],[7.116919,51.132327],[7.116746,51.133397],[7.113572,51.133421],[7.111439,51.133821],[7.111019,51.134821],[7.110804,51.136871],[7.11043,51.137266],[7.109489,51.137717],[7.108259,51.137844],[7.104522,51.136626],[7.103225,51.136552],[7.102393,51.136829],[7.10009,51.138164],[7.096822,51.138394],[7.096359,51.137999],[7.096156,51.137121],[7.096721,51.134222],[7.096153,51.133569],[7.095531,51.133469],[7.094332,51.133604],[7.091445,51.134554],[7.087897,51.135093],[7.08611,51.136073]]]},"properties":{"name":"Solingen","basis":"Auf der offiziellen Revierübersicht benannte oder innerhalb des kartierten Megaplexumrisses liegende Kommune; heutige Gemeindegrenze als geografische Liniengrundlage","boundary_role":"lore-municipality","source":"Code for Germany / Click That Hood","source_url":"https://github.com/codeforgermany/click_that_hood","boundary_review_status":"contextual","boundary_review_label":"Offizielle RRP-Karte abgeglichen; heutige Gemeindegeometrie nur als Liniengrundlage","entity_id":311,"description_preview":"Solingen ist auf der offiziellen Revierübersicht als Stadt oder Kommune innerhalb des Rhein-Ruhr-Megaplexes verzeichnet.","description_full":"Solingen ist auf der offiziellen Revierübersicht als Stadt oder Kommune innerhalb des Rhein-Ruhr-Megaplexes verzeichnet. Die Flächendarstellung folgt dem mit der offiziellen Shadowrun-Karte abgeglichenen Kommunenbestand. Die heutige Gemeindegeometrie dient ausschließlich als geografische Liniengrundlage; eine darüber hinausgehende eigene Stadtbeschreibung ist im zugeordneten Datenmaterial nicht eindeutig belegt.","editions":["SR6","SR4","SR5"],"sources":[{"bookId":"rrp-map-sr6","title":"Revierbericht 2082 – Karte","edition":"SR6","citation":"Revierübersicht: Stadt/Kommune Solingen","purpose":"description"},{"bookId":"rrmp-sr4","title":"Rhein-Ruhr-Megaplex","edition":"SR4","citation":"RRP-Kapitel: Solingen","purpose":"description"},{"bookId":"archive-sr5-datapuls-komplett","title":"Datapuls - Komplett","edition":"SR5","citation":"RRP-Kontextverweis: Solingen","purpose":"description"},{"bookId":"revierbericht-sr6","title":"Revierbericht 2082","edition":"SR6","citation":"RRP-Kontextverweis: Solingen","purpose":"description"}]}},{"type":"Feature","geometry":{"type":"Polygon","coordinates":[[[7.259251,51.384301],[7.260228,51.384977],[7.262335,51.384934],[7.262163,51.384637],[7.262905,51.384382],[7.26273,51.384043],[7.263193,51.383393],[7.264157,51.383126],[7.265004,51.382082],[7.265484,51.38203],[7.265807,51.381685],[7.265982,51.380687],[7.265543,51.380458],[7.265313,51.379855],[7.265912,51.379501],[7.265775,51.37929],[7.265965,51.378392],[7.266311,51.378327],[7.266627,51.377992],[7.266557,51.377291],[7.266274,51.376857],[7.266915,51.376482],[7.266942,51.375861],[7.267398,51.375611],[7.267524,51.375409],[7.267362,51.375211],[7.267879,51.374747],[7.267932,51.374351],[7.269758,51.3728],[7.270513,51.372891],[7.271463,51.372568],[7.271879,51.372006],[7.272449,51.371653],[7.273133,51.371496],[7.274326,51.370756],[7.275907,51.370148],[7.277901,51.370059],[7.280536,51.370758],[7.285081,51.371276],[7.288265,51.372405],[7.288459,51.373169],[7.289834,51.373915],[7.291518,51.376334],[7.292345,51.37806],[7.293015,51.378852],[7.293257,51.379075],[7.29493,51.378809],[7.294784,51.378561],[7.294917,51.377899],[7.2956,51.377463],[7.297796,51.376626],[7.297209,51.3759],[7.297077,51.374779],[7.2972,51.374461],[7.296288,51.37339],[7.301135,51.374004],[7.302093,51.373074],[7.298034,51.37122],[7.300118,51.370145],[7.297729,51.369059],[7.300001,51.366375],[7.298273,51.365443],[7.298469,51.365218],[7.298253,51.36518],[7.298719,51.364904],[7.297581,51.363952],[7.298235,51.363616],[7.297254,51.363411],[7.296928,51.363057],[7.29636,51.363137],[7.295466,51.362138],[7.295848,51.362025],[7.29604,51.361683],[7.29584,51.361554],[7.295696,51.360249],[7.29601,51.360089],[7.295949,51.359955],[7.301674,51.360907],[7.301977,51.360287],[7.303832,51.360157],[7.308429,51.360844],[7.30853,51.360559],[7.308764,51.360591],[7.30976,51.361021],[7.310772,51.361165],[7.310881,51.360969],[7.310735,51.360683],[7.311252,51.360927],[7.311401,51.360626],[7.311233,51.360472],[7.31159,51.360125],[7.31157,51.357711],[7.30976,51.357472],[7.310145,51.35652],[7.309911,51.355163],[7.312967,51.353894],[7.313356,51.353583],[7.313109,51.352984],[7.312667,51.352869],[7.313758,51.351177],[7.313937,51.351275],[7.314223,51.351071],[7.313614,51.35046],[7.314159,51.350248],[7.31472,51.349447],[7.314398,51.349315],[7.314679,51.348919],[7.308147,51.347118],[7.306055,51.346287],[7.302763,51.345782],[7.3028,51.345187],[7.302591,51.345145],[7.303643,51.34452],[7.304266,51.343777],[7.302306,51.343152],[7.302435,51.342342],[7.302874,51.341262],[7.303572,51.33826],[7.304544,51.338345],[7.304587,51.337964],[7.304959,51.337822],[7.306615,51.337747],[7.311474,51.336155],[7.313697,51.336012],[7.313747,51.335808],[7.313234,51.334872],[7.314738,51.333886],[7.314902,51.333659],[7.314795,51.332962],[7.316387,51.33192],[7.316969,51.33071],[7.313782,51.328426],[7.312087,51.327673],[7.311841,51.328884],[7.309379,51.328253],[7.309653,51.32724],[7.308388,51.326861],[7.307505,51.326279],[7.305594,51.325626],[7.3004,51.324856],[7.300759,51.323906],[7.300834,51.319607],[7.297972,51.318949],[7.297741,51.318519],[7.298094,51.318414],[7.30179,51.314522],[7.300491,51.31381],[7.299817,51.313146],[7.299239,51.313203],[7.297563,51.313804],[7.294797,51.316787],[7.292043,51.315264],[7.290791,51.314044],[7.290008,51.31421],[7.28971,51.314806],[7.288753,51.31461],[7.288103,51.314458],[7.287993,51.313576],[7.28745,51.313344],[7.282409,51.313564],[7.281858,51.314657],[7.279225,51.314098],[7.280338,51.309612],[7.275663,51.309241],[7.272641,51.306997],[7.267016,51.304807],[7.266819,51.305239],[7.264828,51.305261],[7.264791,51.303967],[7.264415,51.303699],[7.263993,51.30374],[7.263641,51.303548],[7.263805,51.303803],[7.263664,51.304305],[7.263476,51.303873],[7.262644,51.304072],[7.26293,51.305089],[7.262852,51.305771],[7.263492,51.306808],[7.263531,51.307276],[7.264566,51.308101],[7.265851,51.309981],[7.266094,51.311318],[7.265849,51.311741],[7.26478,51.31263],[7.262402,51.313187],[7.260591,51.312867],[7.260129,51.313352],[7.2631,51.314235],[7.264666,51.31504],[7.26463,51.316015],[7.263921,51.318093],[7.261731,51.317191],[7.260831,51.317094],[7.260405,51.316709],[7.259445,51.316333],[7.256969,51.316083],[7.256378,51.316785],[7.25351,51.315661],[7.253865,51.315285],[7.251194,51.31423],[7.250509,51.314783],[7.250229,51.314536],[7.248575,51.314903],[7.246181,51.313279],[7.2457,51.31358],[7.243826,51.313307],[7.244087,51.313065],[7.244137,51.312674],[7.240939,51.311887],[7.241217,51.311661],[7.236885,51.309944],[7.233756,51.308107],[7.228988,51.31058],[7.228313,51.309308],[7.227206,51.308623],[7.226021,51.308171],[7.225747,51.307866],[7.224668,51.308851],[7.220869,51.307687],[7.223249,51.306042],[7.223311,51.305283],[7.220389,51.304932],[7.219212,51.304175],[7.215151,51.303163],[7.213676,51.302569],[7.211912,51.302287],[7.210973,51.302424],[7.208237,51.301551],[7.207836,51.301949],[7.206426,51.301275],[7.206258,51.300829],[7.20498,51.300343],[7.203064,51.298837],[7.20116,51.297791],[7.201396,51.297318],[7.201358,51.296432],[7.200352,51.295677],[7.199438,51.29553],[7.199828,51.295088],[7.199144,51.294806],[7.198967,51.294907],[7.19784,51.294573],[7.197091,51.294902],[7.195397,51.294733],[7.194983,51.294964],[7.194507,51.294849],[7.194406,51.295105],[7.193427,51.294972],[7.193035,51.295376],[7.191652,51.295077],[7.191536,51.295639],[7.189675,51.295028],[7.188212,51.296394],[7.185806,51.295917],[7.185278,51.297544],[7.185504,51.297749],[7.184471,51.297612],[7.183829,51.2986],[7.182771,51.298243],[7.182248,51.299139],[7.181397,51.298759],[7.17934,51.298474],[7.1765,51.298243],[7.172416,51.298283],[7.171369,51.297939],[7.168652,51.297592],[7.169004,51.298296],[7.171191,51.298795],[7.173019,51.299576],[7.174656,51.300875],[7.176379,51.301636],[7.178024,51.302933],[7.178809,51.303198],[7.178844,51.303418],[7.179577,51.303839],[7.180709,51.30539],[7.180729,51.305695],[7.180214,51.305655],[7.180194,51.306136],[7.178716,51.306116],[7.178117,51.306617],[7.177428,51.306884],[7.177698,51.307957],[7.177374,51.308586],[7.177014,51.308801],[7.176692,51.309336],[7.17605,51.309565],[7.175776,51.309913],[7.177817,51.310196],[7.178588,51.310715],[7.17891,51.310663],[7.180274,51.311625],[7.180282,51.312019],[7.181952,51.313221],[7.184256,51.314326],[7.190542,51.316112],[7.191165,51.316066],[7.194454,51.316746],[7.194751,51.316664],[7.195812,51.317158],[7.195274,51.317472],[7.195807,51.317857],[7.196606,51.318079],[7.196721,51.317684],[7.197355,51.317748],[7.200905,51.31868],[7.204868,51.320367],[7.205356,51.320965],[7.204592,51.321595],[7.204996,51.322114],[7.205006,51.322473],[7.205928,51.322916],[7.206708,51.322882],[7.20697,51.323195],[7.206349,51.323713],[7.206104,51.324864],[7.205175,51.325542],[7.204581,51.325599],[7.204207,51.326508],[7.203736,51.326738],[7.204526,51.327507],[7.20524,51.327576],[7.205852,51.328205],[7.206135,51.330258],[7.206623,51.330687],[7.206757,51.331089],[7.20901,51.332153],[7.21042,51.333654],[7.211527,51.333952],[7.212617,51.334831],[7.215642,51.335678],[7.217004,51.336429],[7.217404,51.336982],[7.21734,51.338141],[7.217016,51.339206],[7.219237,51.339893],[7.220437,51.339977],[7.222345,51.339088],[7.227155,51.340013],[7.226898,51.340892],[7.227075,51.341428],[7.227326,51.341347],[7.227548,51.341623],[7.228084,51.341655],[7.229087,51.342234],[7.229431,51.342536],[7.229383,51.342738],[7.229763,51.343322],[7.230637,51.343773],[7.229621,51.344797],[7.229604,51.345656],[7.230998,51.346495],[7.231338,51.346424],[7.232251,51.346912],[7.232431,51.34786],[7.232074,51.348733],[7.232327,51.349167],[7.233054,51.349619],[7.233324,51.350137],[7.232619,51.350671],[7.232363,51.351573],[7.232613,51.352781],[7.233044,51.353445],[7.231826,51.354463],[7.231146,51.354762],[7.230843,51.355386],[7.231663,51.356018],[7.232002,51.356586],[7.231178,51.357575],[7.230576,51.357682],[7.230859,51.358529],[7.232242,51.359586],[7.232089,51.360555],[7.231718,51.361087],[7.229751,51.362033],[7.229573,51.362549],[7.22827,51.362909],[7.228257,51.363326],[7.227843,51.36353],[7.227793,51.363923],[7.226202,51.364189],[7.22526,51.364645],[7.223575,51.367517],[7.221848,51.36753],[7.220859,51.367883],[7.2201,51.368917],[7.218792,51.369888],[7.224275,51.371913],[7.223775,51.372338],[7.224698,51.372634],[7.225208,51.372163],[7.230503,51.373986],[7.230227,51.374326],[7.230982,51.37458],[7.231226,51.374298],[7.23722,51.376354],[7.238077,51.375813],[7.238536,51.37596],[7.240863,51.375701],[7.242476,51.375182],[7.243568,51.375384],[7.244111,51.375836],[7.244999,51.376152],[7.24521,51.377031],[7.246354,51.377344],[7.246492,51.377699],[7.250417,51.37928],[7.255104,51.381961],[7.255307,51.382286],[7.255198,51.382726],[7.255438,51.383124],[7.257611,51.383657],[7.259251,51.384301]]]},"properties":{"name":"Sprockhövel","basis":"Auf der offiziellen Revierübersicht benannte oder innerhalb des kartierten Megaplexumrisses liegende Kommune; heutige Gemeindegrenze als geografische Liniengrundlage","boundary_role":"lore-municipality","source":"Code for Germany / Click That Hood","source_url":"https://github.com/codeforgermany/click_that_hood","boundary_review_status":"contextual","boundary_review_label":"Offizielle RRP-Karte abgeglichen; heutige Gemeindegeometrie nur als Liniengrundlage","entity_id":312,"description_preview":"Sprockhövel ist auf der offiziellen Revierübersicht als Stadt oder Kommune innerhalb des Rhein-Ruhr-Megaplexes verzeichnet.","description_full":"Sprockhövel ist auf der offiziellen Revierübersicht als Stadt oder Kommune innerhalb des Rhein-Ruhr-Megaplexes verzeichnet. Die Flächendarstellung folgt dem mit der offiziellen Shadowrun-Karte abgeglichenen Kommunenbestand. Die heutige Gemeindegeometrie dient ausschließlich als geografische Liniengrundlage; eine darüber hinausgehende eigene Stadtbeschreibung ist im zugeordneten Datenmaterial nicht eindeutig belegt.","editions":["SR6","SR4"],"sources":[{"bookId":"rrp-map-sr6","title":"Revierbericht 2082 – Karte","edition":"SR6","citation":"Revierübersicht: Stadt/Kommune Sprockhövel","purpose":"description"},{"bookId":"rrmp-sr4","title":"Rhein-Ruhr-Megaplex","edition":"SR4","citation":"RRP-Kapitel: Sprockhövel","purpose":"description"}]}},{"type":"Feature","geometry":{"type":"Polygon","coordinates":[[[7.101692,50.761673],[7.096994,50.761663],[7.094984,50.762097],[7.090473,50.763744],[7.083354,50.767334],[7.08084,50.768069],[7.077202,50.768713],[7.079829,50.771108],[7.082032,50.772539],[7.081071,50.773144],[7.0808,50.774884],[7.081769,50.775],[7.081382,50.776986],[7.082783,50.777352],[7.082412,50.777565],[7.083507,50.777884],[7.08108,50.779275],[7.080574,50.779771],[7.083835,50.781205],[7.082862,50.782088],[7.081189,50.783077],[7.078133,50.78535],[7.082207,50.787246],[7.088964,50.78996],[7.083934,50.793698],[7.088663,50.796524],[7.085112,50.798972],[7.094533,50.804734],[7.086457,50.809804],[7.089003,50.811043],[7.084911,50.814071],[7.086694,50.81496],[7.085806,50.815342],[7.085654,50.816219],[7.085034,50.817113],[7.092184,50.81899],[7.093777,50.819579],[7.094612,50.818757],[7.095919,50.819231],[7.09685,50.818135],[7.100858,50.819782],[7.096403,50.8271],[7.094913,50.828811],[7.093716,50.830971],[7.093373,50.830878],[7.090596,50.833294],[7.095156,50.835],[7.097984,50.837684],[7.101113,50.838831],[7.101285,50.839086],[7.10546,50.840853],[7.110099,50.841632],[7.112554,50.842732],[7.112919,50.843186],[7.113483,50.845638],[7.13787,50.858108],[7.144141,50.860459],[7.163145,50.868424],[7.171106,50.869273],[7.174176,50.871505],[7.185984,50.874543],[7.187082,50.873514],[7.190022,50.874018],[7.191168,50.873944],[7.193356,50.874196],[7.194044,50.872735],[7.19502,50.871713],[7.196689,50.870413],[7.208776,50.862265],[7.208406,50.861027],[7.208551,50.860867],[7.210109,50.860498],[7.211442,50.859416],[7.213297,50.857512],[7.213248,50.857041],[7.213937,50.856605],[7.214079,50.856005],[7.214485,50.855419],[7.214728,50.854365],[7.214635,50.853],[7.214874,50.852875],[7.214748,50.852358],[7.214003,50.851805],[7.213589,50.850651],[7.20957,50.848335],[7.204258,50.846341],[7.203293,50.845813],[7.202393,50.844676],[7.202183,50.842627],[7.201188,50.841076],[7.200134,50.840006],[7.197328,50.838011],[7.196671,50.836542],[7.19633,50.836578],[7.195528,50.834874],[7.195462,50.834241],[7.194774,50.833033],[7.193085,50.831675],[7.191468,50.829593],[7.190746,50.827373],[7.194647,50.823716],[7.193391,50.822859],[7.192893,50.822153],[7.192885,50.821184],[7.193353,50.818212],[7.193276,50.816935],[7.192735,50.81556],[7.19187,50.814659],[7.190645,50.813688],[7.189126,50.812862],[7.187396,50.812479],[7.18409,50.812133],[7.182694,50.811377],[7.178922,50.807597],[7.176647,50.805814],[7.175765,50.804333],[7.175635,50.802203],[7.175132,50.801435],[7.174175,50.800677],[7.174329,50.800532],[7.171426,50.799711],[7.16895,50.799329],[7.166564,50.798425],[7.164569,50.798111],[7.160432,50.797705],[7.155231,50.797942],[7.153237,50.797757],[7.14988,50.796828],[7.147035,50.795625],[7.14488,50.794124],[7.144159,50.793074],[7.144212,50.792248],[7.145338,50.790092],[7.145528,50.789363],[7.145306,50.788437],[7.144465,50.787593],[7.142601,50.786732],[7.134528,50.784909],[7.131836,50.783753],[7.130455,50.782712],[7.128725,50.780814],[7.128221,50.780019],[7.126623,50.775917],[7.125959,50.775008],[7.124721,50.773884],[7.121542,50.772232],[7.119389,50.771804],[7.114451,50.771431],[7.113113,50.771178],[7.11128,50.770526],[7.109528,50.769351],[7.108348,50.76806],[7.107797,50.766898],[7.107144,50.764202],[7.106453,50.763177],[7.105355,50.762524],[7.101692,50.761673]]]},"properties":{"name":"Troisdorf","basis":"Auf der offiziellen Revierübersicht benannte oder innerhalb des kartierten Megaplexumrisses liegende Kommune; heutige Gemeindegrenze als geografische Liniengrundlage","boundary_role":"lore-municipality","source":"Code for Germany / Click That Hood","source_url":"https://github.com/codeforgermany/click_that_hood","boundary_review_status":"contextual","boundary_review_label":"Offizielle RRP-Karte abgeglichen; heutige Gemeindegeometrie nur als Liniengrundlage","entity_id":313,"description_preview":"Troisdorf ist auf der offiziellen Revierübersicht als Stadt oder Kommune innerhalb des Rhein-Ruhr-Megaplexes verzeichnet.","description_full":"Troisdorf ist auf der offiziellen Revierübersicht als Stadt oder Kommune innerhalb des Rhein-Ruhr-Megaplexes verzeichnet. Die Flächendarstellung folgt dem mit der offiziellen Shadowrun-Karte abgeglichenen Kommunenbestand. Die heutige Gemeindegeometrie dient ausschließlich als geografische Liniengrundlage; eine darüber hinausgehende eigene Stadtbeschreibung ist im zugeordneten Datenmaterial nicht eindeutig belegt.","editions":["SR6"],"sources":[{"bookId":"rrp-map-sr6","title":"Revierbericht 2082 – Karte","edition":"SR6","citation":"Revierübersicht: Stadt/Kommune Troisdorf","purpose":"description"}]}},{"type":"Feature","geometry":{"type":"Polygon","coordinates":[[[7.63137,51.551064],[7.632945,51.551147],[7.632137,51.554925],[7.635649,51.556562],[7.637037,51.556444],[7.633592,51.559636],[7.635771,51.560122],[7.635616,51.560612],[7.637489,51.561246],[7.635997,51.562672],[7.637223,51.562862],[7.638585,51.564677],[7.638402,51.564817],[7.639715,51.565873],[7.639509,51.565941],[7.640536,51.566395],[7.641468,51.566055],[7.642402,51.566876],[7.644915,51.567283],[7.645159,51.567524],[7.645409,51.568587],[7.645795,51.568757],[7.649392,51.567985],[7.651553,51.568071],[7.651741,51.569175],[7.65461,51.568929],[7.654826,51.569416],[7.656358,51.569134],[7.661143,51.570523],[7.664462,51.570927],[7.665816,51.57089],[7.666939,51.568979],[7.668018,51.569227],[7.668465,51.568323],[7.671802,51.568958],[7.673034,51.565589],[7.675504,51.566132],[7.67521,51.566983],[7.675833,51.567121],[7.67571,51.567276],[7.676721,51.56744],[7.676899,51.566856],[7.679982,51.568533],[7.683824,51.569335],[7.684722,51.569426],[7.684689,51.568531],[7.684938,51.567624],[7.688366,51.567587],[7.690412,51.567049],[7.69318,51.567273],[7.698401,51.56935],[7.706059,51.569581],[7.71029,51.570349],[7.712071,51.57125],[7.716318,51.569315],[7.716794,51.569858],[7.721772,51.568475],[7.723206,51.568328],[7.723402,51.567595],[7.724377,51.56689],[7.727648,51.565134],[7.728284,51.565275],[7.729396,51.565063],[7.730305,51.56487],[7.730824,51.564494],[7.732884,51.564076],[7.734482,51.564179],[7.739069,51.56509],[7.740287,51.565873],[7.740834,51.565607],[7.742347,51.565757],[7.744554,51.565099],[7.746488,51.566339],[7.747649,51.566662],[7.748724,51.566647],[7.751872,51.566321],[7.752442,51.565622],[7.753546,51.565092],[7.75426,51.564974],[7.757223,51.564893],[7.759418,51.565215],[7.760167,51.56559],[7.760434,51.565227],[7.764936,51.565626],[7.773459,51.564639],[7.777126,51.564429],[7.780795,51.564778],[7.780702,51.5638],[7.78112,51.562963],[7.782314,51.562095],[7.783133,51.561779],[7.785643,51.561592],[7.787306,51.561203],[7.789419,51.562209],[7.793063,51.561309],[7.79306,51.562447],[7.796236,51.565943],[7.796772,51.565625],[7.798932,51.567598],[7.800902,51.568709],[7.802341,51.569079],[7.803847,51.569953],[7.805409,51.57104],[7.805715,51.571792],[7.806813,51.572514],[7.810469,51.574202],[7.810559,51.573892],[7.810111,51.573358],[7.810665,51.572865],[7.811076,51.571706],[7.815199,51.571785],[7.814461,51.573273],[7.815717,51.573449],[7.815538,51.574061],[7.816907,51.57426],[7.81628,51.575674],[7.821543,51.577204],[7.821745,51.57799],[7.824459,51.577898],[7.827182,51.578655],[7.827797,51.577976],[7.828218,51.576016],[7.829813,51.574479],[7.830366,51.573146],[7.830483,51.572075],[7.830757,51.571412],[7.831859,51.569786],[7.832102,51.567954],[7.832826,51.568108],[7.833051,51.567734],[7.834578,51.564649],[7.834362,51.564465],[7.83592,51.561822],[7.835613,51.561585],[7.836016,51.560581],[7.837565,51.5605],[7.838577,51.560767],[7.838861,51.560338],[7.839398,51.559024],[7.838339,51.558772],[7.838541,51.557971],[7.838994,51.557701],[7.83999,51.556174],[7.839568,51.552959],[7.842926,51.552671],[7.842973,51.55139],[7.841338,51.550067],[7.840377,51.54899],[7.839745,51.547657],[7.839204,51.547612],[7.834892,51.542571],[7.834545,51.541355],[7.833155,51.539069],[7.832467,51.534749],[7.832673,51.534191],[7.833657,51.533258],[7.837113,51.531423],[7.838948,51.530215],[7.840532,51.528559],[7.839098,51.526301],[7.837461,51.524675],[7.836475,51.523004],[7.836518,51.522544],[7.836302,51.522488],[7.836376,51.521324],[7.836605,51.521046],[7.836678,51.520297],[7.835183,51.519238],[7.834481,51.519076],[7.835494,51.518277],[7.833978,51.516772],[7.833791,51.516992],[7.830564,51.514882],[7.828107,51.514992],[7.828015,51.515318],[7.825989,51.514766],[7.825801,51.515253],[7.820594,51.513813],[7.806947,51.513236],[7.797999,51.512378],[7.797463,51.514145],[7.797429,51.514943],[7.797711,51.515864],[7.79748,51.516489],[7.797093,51.520199],[7.796359,51.521373],[7.795952,51.522983],[7.796164,51.522993],[7.795203,51.524784],[7.79471,51.526373],[7.791317,51.525729],[7.788511,51.524584],[7.786004,51.523207],[7.784026,51.523634],[7.784726,51.524713],[7.783639,51.524629],[7.781776,51.525319],[7.782304,51.525846],[7.778911,51.527114],[7.779361,51.52748],[7.77833,51.527983],[7.777267,51.527957],[7.777292,51.529075],[7.766678,51.529528],[7.766666,51.529165],[7.762916,51.529385],[7.762838,51.528887],[7.759556,51.528733],[7.758967,51.524741],[7.75882,51.524737],[7.758766,51.520357],[7.757032,51.520345],[7.757058,51.518661],[7.755043,51.51864],[7.755061,51.5175],[7.754365,51.5175],[7.753259,51.518008],[7.751342,51.518464],[7.749932,51.519614],[7.74782,51.520544],[7.743123,51.517459],[7.742059,51.516992],[7.740172,51.515112],[7.737292,51.513876],[7.732699,51.512472],[7.732065,51.512077],[7.733127,51.511314],[7.732356,51.510855],[7.733049,51.50987],[7.730617,51.510019],[7.730442,51.508993],[7.726506,51.509315],[7.722377,51.509361],[7.722589,51.510816],[7.720541,51.510649],[7.714896,51.511263],[7.708349,51.511268],[7.706055,51.511515],[7.705364,51.511302],[7.70087,51.511246],[7.700625,51.511044],[7.702924,51.502065],[7.702679,51.502038],[7.702979,51.500483],[7.703909,51.499038],[7.704236,51.498104],[7.700149,51.497656],[7.7012,51.495851],[7.700125,51.494686],[7.699617,51.493786],[7.698313,51.494418],[7.696538,51.494605],[7.695975,51.496217],[7.691368,51.494212],[7.684513,51.492227],[7.683957,51.491149],[7.683138,51.491079],[7.681897,51.491773],[7.679826,51.490388],[7.678859,51.490907],[7.679036,51.491174],[7.678688,51.492543],[7.676291,51.491887],[7.676268,51.49202],[7.674514,51.491979],[7.673464,51.490891],[7.672375,51.492672],[7.670919,51.49251],[7.670556,51.492954],[7.667682,51.49272],[7.663418,51.491558],[7.659882,51.494445],[7.660525,51.494893],[7.659062,51.496165],[7.657543,51.498409],[7.656945,51.498173],[7.654785,51.500379],[7.654292,51.499716],[7.653702,51.50024],[7.654233,51.502042],[7.651991,51.502764],[7.652615,51.503779],[7.649299,51.504839],[7.650454,51.506122],[7.651559,51.507745],[7.651133,51.508173],[7.647463,51.508261],[7.644229,51.508027],[7.642973,51.508598],[7.641867,51.509619],[7.641079,51.510886],[7.640985,51.511125],[7.641317,51.511196],[7.641021,51.511707],[7.640778,51.511762],[7.640714,51.512214],[7.640843,51.512958],[7.641428,51.513339],[7.641264,51.513487],[7.641482,51.514234],[7.642339,51.515254],[7.642976,51.51692],[7.64345,51.517624],[7.643622,51.518131],[7.643523,51.519624],[7.642573,51.520082],[7.64249,51.520323],[7.641375,51.520072],[7.639764,51.521172],[7.63794,51.520346],[7.632844,51.519134],[7.630557,51.52185],[7.636229,51.523377],[7.634722,51.526502],[7.638108,51.52766],[7.636708,51.530171],[7.636373,51.530129],[7.635952,51.531978],[7.634843,51.531891],[7.634209,51.53334],[7.633498,51.534318],[7.632596,51.536731],[7.630904,51.540368],[7.632638,51.541007],[7.632598,51.541903],[7.631051,51.541623],[7.6287,51.541604],[7.62887,51.542088],[7.629171,51.542148],[7.629452,51.543126],[7.633474,51.545619],[7.633063,51.546775],[7.63237,51.547563],[7.632222,51.548002],[7.632565,51.549626],[7.633546,51.551046],[7.632214,51.550813],[7.63137,51.551064]]]},"properties":{"name":"Unna","basis":"Auf der offiziellen Revierübersicht benannte oder innerhalb des kartierten Megaplexumrisses liegende Kommune; heutige Gemeindegrenze als geografische Liniengrundlage","boundary_role":"lore-municipality","source":"Code for Germany / Click That Hood","source_url":"https://github.com/codeforgermany/click_that_hood","boundary_review_status":"contextual","boundary_review_label":"Offizielle RRP-Karte abgeglichen; heutige Gemeindegeometrie nur als Liniengrundlage","entity_id":314,"description_preview":"Unna ist auf der offiziellen Revierübersicht als Stadt oder Kommune innerhalb des Rhein-Ruhr-Megaplexes verzeichnet.","description_full":"Unna ist auf der offiziellen Revierübersicht als Stadt oder Kommune innerhalb des Rhein-Ruhr-Megaplexes verzeichnet. Die Flächendarstellung folgt dem mit der offiziellen Shadowrun-Karte abgeglichenen Kommunenbestand. Die heutige Gemeindegeometrie dient ausschließlich als geografische Liniengrundlage; eine darüber hinausgehende eigene Stadtbeschreibung ist im zugeordneten Datenmaterial nicht eindeutig belegt.","editions":["SR6","SR1","SR2","SR3","SR4","SR5"],"sources":[{"bookId":"rrp-map-sr6","title":"Revierbericht 2082 – Karte","edition":"SR6","citation":"Revierübersicht: Stadt/Kommune Unna","purpose":"description"},{"bookId":"dids-sr1","title":"Deutschland in den Schatten","edition":"SR1","citation":"RRP-Kapitel: Unna","purpose":"description"},{"bookId":"dids-sr2","title":"Deutschland in den Schatten","edition":"SR2","citation":"RRP-Kapitel: Unna","purpose":"description"},{"bookId":"dids2-sr3","title":"Deutschland in den Schatten II","edition":"SR3","citation":"RRP-Kapitel: Unna","purpose":"description"},{"bookId":"rrmp-sr4","title":"Rhein-Ruhr-Megaplex","edition":"SR4","citation":"RRP-Kapitel: Unna","purpose":"description"},{"bookId":"datapuls-adl-sr5","title":"Datapuls: ADL","edition":"SR5","citation":"RRP-Kapitel: Unna","purpose":"description"}]}},{"type":"Feature","geometry":{"type":"Polygon","coordinates":[[[7.077951,51.297369],[7.07524,51.296285],[7.073281,51.294651],[7.073009,51.294031],[7.072561,51.293746],[7.072662,51.293466],[7.071824,51.293242],[7.071403,51.293399],[7.071338,51.293678],[7.069719,51.29477],[7.066672,51.296099],[7.066089,51.297011],[7.064993,51.297985],[7.064297,51.298902],[7.063816,51.300505],[7.06349,51.300696],[7.062561,51.300854],[7.062061,51.300594],[7.057214,51.301494],[7.053832,51.30259],[7.053105,51.303188],[7.052537,51.303358],[7.050202,51.303651],[7.047577,51.30441],[7.046237,51.304317],[7.044841,51.304775],[7.043232,51.306434],[7.042193,51.308411],[7.043217,51.310268],[7.042866,51.310563],[7.043607,51.311347],[7.043308,51.312077],[7.043801,51.312373],[7.044087,51.313713],[7.044248,51.313686],[7.044949,51.314456],[7.045799,51.314805],[7.04562,51.315104],[7.046532,51.315135],[7.047501,51.315796],[7.048349,51.316118],[7.049546,51.317035],[7.051944,51.318104],[7.052419,51.31854],[7.053048,51.318692],[7.053536,51.319336],[7.052906,51.319308],[7.053378,51.32013],[7.053612,51.320106],[7.053456,51.320908],[7.05322,51.321064],[7.053628,51.321365],[7.053158,51.321316],[7.053196,51.322033],[7.052927,51.323119],[7.051798,51.323907],[7.051448,51.324819],[7.050781,51.324817],[7.05067,51.325051],[7.050304,51.325054],[7.049962,51.324525],[7.050321,51.32442],[7.050051,51.323598],[7.050963,51.323251],[7.051713,51.32231],[7.051688,51.322127],[7.051284,51.322164],[7.05006,51.319781],[7.048397,51.318732],[7.048247,51.319126],[7.049043,51.320343],[7.048076,51.320724],[7.047367,51.320092],[7.046831,51.320319],[7.046572,51.319477],[7.045348,51.318184],[7.044489,51.317638],[7.042893,51.317083],[7.042548,51.317244],[7.043682,51.320651],[7.042394,51.320818],[7.043182,51.322046],[7.0423,51.322374],[7.042745,51.322701],[7.042581,51.32281],[7.041185,51.322483],[7.041003,51.322758],[7.039779,51.323266],[7.039517,51.323582],[7.036386,51.322097],[7.036098,51.321769],[7.034333,51.322034],[7.022315,51.320318],[7.022043,51.321007],[7.019899,51.320634],[7.019681,51.320967],[7.01904,51.320526],[7.01839,51.319685],[7.017735,51.319806],[7.018051,51.317563],[7.016768,51.317058],[7.016564,51.316752],[7.015738,51.316566],[7.014089,51.315625],[7.013804,51.31529],[7.013256,51.31563],[7.013106,51.315474],[7.01026,51.315388],[7.007942,51.315175],[7.008008,51.315001],[7.006129,51.314942],[7.005735,51.315348],[7.005518,51.315972],[7.005621,51.316272],[7.003884,51.317697],[7.002374,51.318438],[7.001122,51.318229],[7.000491,51.31686],[7.000166,51.317073],[6.999316,51.317883],[7.000384,51.319899],[7.002331,51.321059],[7.003853,51.324668],[7.005124,51.324448],[7.005537,51.325457],[7.006531,51.325375],[7.006806,51.326572],[7.007818,51.327028],[7.007453,51.325009],[7.009284,51.325033],[7.010364,51.325326],[7.010768,51.325021],[7.0116,51.325524],[7.011532,51.327714],[7.012468,51.327841],[7.012561,51.327996],[7.012344,51.329783],[7.010408,51.329594],[7.00859,51.329922],[7.008702,51.331007],[7.008203,51.331164],[7.010691,51.330993],[7.011383,51.330782],[7.012173,51.331642],[7.010911,51.332003],[7.011235,51.332491],[7.009827,51.332942],[7.008531,51.332315],[7.005767,51.334103],[7.003795,51.335136],[7.00418,51.336004],[7.005471,51.33596],[7.005618,51.336154],[7.006979,51.336475],[7.00819,51.336319],[7.009929,51.336667],[7.010398,51.336488],[7.010666,51.337691],[7.009136,51.337694],[7.007477,51.340327],[7.006582,51.341122],[7.006868,51.342267],[7.005648,51.342782],[7.006028,51.343057],[7.005277,51.343671],[7.006594,51.344824],[7.006956,51.345583],[7.008634,51.345327],[7.009561,51.346008],[7.007395,51.346706],[7.00736,51.347091],[7.008056,51.348492],[7.006861,51.348599],[7.006906,51.348112],[7.005242,51.347513],[7.00439,51.348448],[7.004442,51.348673],[7.001895,51.34797],[7.001274,51.348575],[7.002176,51.34888],[7.001925,51.349983],[7.00234,51.350245],[7.00215,51.350508],[7.002459,51.35065],[7.002612,51.351161],[7.003212,51.351503],[7.002253,51.353012],[7.003577,51.35301],[7.004779,51.352705],[7.005515,51.353464],[7.004179,51.354102],[7.003883,51.354601],[7.006183,51.355134],[7.008105,51.35412],[7.009142,51.354277],[7.008701,51.355056],[7.008067,51.355293],[7.006374,51.356488],[7.005272,51.356194],[7.004374,51.356434],[7.003899,51.356366],[7.003479,51.357665],[7.004584,51.357554],[7.004942,51.357262],[7.007689,51.357536],[7.007882,51.357711],[7.007078,51.35934],[7.010728,51.360553],[7.009514,51.361148],[7.011245,51.362388],[7.014594,51.363561],[7.016985,51.364825],[7.017964,51.364993],[7.018115,51.364751],[7.02107,51.365495],[7.021479,51.364677],[7.023342,51.365257],[7.024208,51.364446],[7.023981,51.364296],[7.024407,51.364079],[7.026684,51.363491],[7.029229,51.362313],[7.030283,51.362513],[7.03265,51.363582],[7.033266,51.363334],[7.034062,51.362507],[7.035516,51.361957],[7.035892,51.361601],[7.03633,51.362295],[7.037678,51.362608],[7.039194,51.364359],[7.042409,51.367036],[7.043357,51.36699],[7.043278,51.367512],[7.043613,51.368103],[7.044092,51.368111],[7.044364,51.368356],[7.044673,51.366246],[7.04502,51.365694],[7.045885,51.365087],[7.047608,51.364549],[7.048338,51.363863],[7.048197,51.36325],[7.04885,51.362481],[7.050439,51.362077],[7.05179,51.362375],[7.054439,51.362291],[7.055533,51.362438],[7.056017,51.362578],[7.055812,51.362938],[7.055945,51.363129],[7.058234,51.363667],[7.062565,51.366881],[7.065695,51.36808],[7.066541,51.367867],[7.069839,51.370516],[7.074454,51.372303],[7.074563,51.372632],[7.076773,51.373198],[7.079582,51.374514],[7.081492,51.372803],[7.080946,51.371994],[7.080734,51.370739],[7.081658,51.370051],[7.084178,51.371273],[7.086035,51.370946],[7.086454,51.371013],[7.087009,51.371526],[7.088158,51.37182],[7.088225,51.370995],[7.088636,51.370364],[7.088679,51.369672],[7.090204,51.368589],[7.091529,51.368936],[7.092525,51.369769],[7.092704,51.369453],[7.094655,51.370036],[7.095742,51.369893],[7.096786,51.370627],[7.097357,51.370655],[7.098043,51.370135],[7.099565,51.37061],[7.099381,51.37081],[7.09961,51.370893],[7.099457,51.371071],[7.098921,51.371315],[7.099407,51.371641],[7.100082,51.371588],[7.099872,51.371662],[7.099724,51.372142],[7.100139,51.372334],[7.098593,51.372658],[7.098989,51.373197],[7.099341,51.373495],[7.09992,51.37332],[7.100785,51.372669],[7.101292,51.372818],[7.101227,51.374201],[7.101827,51.374934],[7.10287,51.375064],[7.102942,51.375957],[7.104117,51.375841],[7.104775,51.376581],[7.105759,51.376932],[7.107252,51.377102],[7.108557,51.376892],[7.111832,51.377974],[7.112204,51.377428],[7.112109,51.375869],[7.112443,51.376033],[7.11318,51.375877],[7.113998,51.376654],[7.114661,51.376405],[7.114878,51.376645],[7.115411,51.376519],[7.115846,51.376128],[7.115943,51.375657],[7.116501,51.375776],[7.11774,51.377404],[7.119494,51.377991],[7.119,51.378485],[7.117548,51.378352],[7.115778,51.377744],[7.115481,51.378155],[7.116203,51.378689],[7.117031,51.378885],[7.117054,51.379661],[7.118694,51.379803],[7.118242,51.380193],[7.117044,51.38053],[7.116986,51.381044],[7.117357,51.381122],[7.117454,51.380641],[7.118186,51.380478],[7.118514,51.38076],[7.119349,51.380589],[7.120247,51.380879],[7.121231,51.380774],[7.122305,51.38007],[7.122502,51.379758],[7.122597,51.379366],[7.122053,51.378833],[7.122875,51.378458],[7.123326,51.379042],[7.123765,51.378919],[7.124189,51.378426],[7.125008,51.378747],[7.124791,51.378963],[7.125611,51.37943],[7.125621,51.379687],[7.125424,51.379779],[7.125991,51.380638],[7.127138,51.380322],[7.130072,51.381529],[7.130457,51.38076],[7.130001,51.38056],[7.130235,51.380208],[7.131992,51.378585],[7.133753,51.377505],[7.135016,51.37805],[7.135089,51.378417],[7.135579,51.378434],[7.13659,51.379082],[7.13706,51.378857],[7.137468,51.379423],[7.137835,51.379298],[7.137717,51.379114],[7.138711,51.378769],[7.137812,51.377799],[7.138603,51.375973],[7.13934,51.376402],[7.139607,51.374632],[7.139893,51.374577],[7.140293,51.375645],[7.140675,51.375934],[7.141651,51.375333],[7.142497,51.375915],[7.143205,51.375681],[7.142866,51.3747],[7.143778,51.374867],[7.14451,51.375799],[7.145015,51.376148],[7.145491,51.375976],[7.146042,51.377247],[7.14678,51.37701],[7.148371,51.376902],[7.149672,51.377001],[7.150097,51.376201],[7.148426,51.375696],[7.14891,51.374951],[7.153132,51.374556],[7.152987,51.373396],[7.151857,51.372182],[7.151779,51.371672],[7.153047,51.371932],[7.153466,51.371837],[7.154393,51.370592],[7.155594,51.369979],[7.156408,51.368506],[7.158092,51.366336],[7.159574,51.365115],[7.158094,51.364135],[7.157749,51.362902],[7.157981,51.362376],[7.157835,51.361891],[7.156958,51.360993],[7.157558,51.36063],[7.157261,51.360472],[7.157122,51.359939],[7.155957,51.359105],[7.155255,51.358157],[7.15308,51.356895],[7.152132,51.355829],[7.150663,51.355274],[7.148752,51.353763],[7.148319,51.352972],[7.147414,51.352589],[7.148073,51.352404],[7.147302,51.351415],[7.148535,51.351036],[7.149633,51.34995],[7.150954,51.349493],[7.151304,51.349956],[7.152762,51.350264],[7.153213,51.349317],[7.151658,51.348981],[7.150196,51.346803],[7.149544,51.346856],[7.14915,51.346259],[7.148795,51.34507],[7.150166,51.344213],[7.149049,51.343809],[7.149127,51.343287],[7.145459,51.342057],[7.146193,51.341241],[7.145429,51.339514],[7.146403,51.338265],[7.14771,51.338638],[7.149553,51.33744],[7.149209,51.337003],[7.148246,51.336374],[7.147775,51.335333],[7.148331,51.333968],[7.148723,51.334054],[7.149122,51.333798],[7.150022,51.333901],[7.150149,51.334252],[7.151156,51.334492],[7.152421,51.335126],[7.152933,51.335073],[7.153227,51.334693],[7.154069,51.334821],[7.154548,51.333538],[7.154381,51.332836],[7.154709,51.332622],[7.154536,51.332336],[7.155812,51.332068],[7.155949,51.331438],[7.15666,51.330949],[7.156783,51.330182],[7.158222,51.329316],[7.158245,51.329032],[7.1591,51.328629],[7.160424,51.328616],[7.160721,51.328303],[7.163274,51.327814],[7.163418,51.327581],[7.163806,51.327632],[7.164529,51.327149],[7.164819,51.326708],[7.165334,51.326591],[7.166505,51.325591],[7.166879,51.324909],[7.166674,51.324711],[7.166739,51.324507],[7.166142,51.324225],[7.166271,51.323753],[7.166734,51.323201],[7.166153,51.323063],[7.165582,51.322537],[7.166034,51.322223],[7.165889,51.322114],[7.166003,51.321576],[7.165747,51.321087],[7.165953,51.320532],[7.165762,51.320442],[7.166902,51.319367],[7.168227,51.318723],[7.168835,51.317827],[7.16979,51.317325],[7.168977,51.315982],[7.1676,51.315362],[7.167481,51.315217],[7.167775,51.315149],[7.167116,51.314774],[7.167232,51.314514],[7.166789,51.314103],[7.166892,51.3138],[7.166619,51.313666],[7.166973,51.313302],[7.166782,51.313034],[7.167147,51.312765],[7.166369,51.312289],[7.164945,51.311887],[7.161138,51.310245],[7.158242,51.309766],[7.155888,51.309848],[7.154443,51.309589],[7.149035,51.308062],[7.146255,51.307597],[7.144774,51.306801],[7.144893,51.306641],[7.14475,51.306565],[7.144541,51.306834],[7.143411,51.306255],[7.142123,51.306576],[7.142086,51.306392],[7.139934,51.306396],[7.13612,51.305856],[7.13438,51.306246],[7.134051,51.306758],[7.13377,51.306789],[7.131898,51.306066],[7.12917,51.304407],[7.12863,51.304426],[7.128945,51.304232],[7.125382,51.302162],[7.124142,51.301649],[7.122511,51.30194],[7.120969,51.301253],[7.120111,51.301646],[7.120373,51.302312],[7.120059,51.302573],[7.120033,51.303136],[7.118286,51.304387],[7.118411,51.305071],[7.117021,51.306007],[7.115815,51.304876],[7.114587,51.30422],[7.113163,51.303801],[7.108175,51.303031],[7.108296,51.3029],[7.105333,51.302192],[7.103466,51.30134],[7.098529,51.29727],[7.095937,51.294349],[7.094345,51.294171],[7.093709,51.294698],[7.093523,51.295187],[7.091794,51.294664],[7.092475,51.294059],[7.092432,51.293304],[7.088795,51.292952],[7.089222,51.293909],[7.088906,51.293978],[7.086716,51.293738],[7.085833,51.29312],[7.084164,51.293983],[7.080615,51.296648],[7.079505,51.297094],[7.077951,51.297369]]]},"properties":{"name":"Velbert","basis":"Auf der offiziellen Revierübersicht benannte oder innerhalb des kartierten Megaplexumrisses liegende Kommune; heutige Gemeindegrenze als geografische Liniengrundlage","boundary_role":"lore-municipality","source":"Code for Germany / Click That Hood","source_url":"https://github.com/codeforgermany/click_that_hood","boundary_review_status":"contextual","boundary_review_label":"Offizielle RRP-Karte abgeglichen; heutige Gemeindegeometrie nur als Liniengrundlage","entity_id":315,"description_preview":"Velbert ist auf der offiziellen Revierübersicht als Stadt oder Kommune innerhalb des Rhein-Ruhr-Megaplexes verzeichnet.","description_full":"Velbert ist auf der offiziellen Revierübersicht als Stadt oder Kommune innerhalb des Rhein-Ruhr-Megaplexes verzeichnet. Die Flächendarstellung folgt dem mit der offiziellen Shadowrun-Karte abgeglichenen Kommunenbestand. Die heutige Gemeindegeometrie dient ausschließlich als geografische Liniengrundlage; eine darüber hinausgehende eigene Stadtbeschreibung ist im zugeordneten Datenmaterial nicht eindeutig belegt.","editions":["SR6","SR4","SR5"],"sources":[{"bookId":"rrp-map-sr6","title":"Revierbericht 2082 – Karte","edition":"SR6","citation":"Revierübersicht: Stadt/Kommune Velbert","purpose":"description"},{"bookId":"rrmp-sr4","title":"Rhein-Ruhr-Megaplex","edition":"SR4","citation":"RRP-Kapitel: Velbert","purpose":"description"},{"bookId":"datapuls-adl-sr5","title":"Datapuls: ADL","edition":"SR5","citation":"RRP-Kapitel: Velbert","purpose":"description"},{"bookId":"archive-sr5-datapuls-komplett","title":"Datapuls - Komplett","edition":"SR5","citation":"RRP-Kontextverweis: Velbert","purpose":"description"},{"bookId":"archive-sr5-datapuls-adl-allianz-deutscher-l-nder","title":"Datapuls ADL (Allianz deutscher Länder)","edition":"SR5","citation":"RRP-Kontextverweis: Velbert","purpose":"description"},{"bookId":"archive-sr5-datapuls-adl","title":"Datapuls ADL","edition":"SR5","citation":"RRP-Kontextverweis: Velbert","purpose":"description"}]}},{"type":"Feature","geometry":{"type":"Polygon","coordinates":[[[6.388783,51.305625],[6.390995,51.303779],[6.394839,51.30212],[6.395908,51.301475],[6.395511,51.301083],[6.396817,51.300714],[6.398237,51.300003],[6.400928,51.299783],[6.402465,51.298944],[6.403832,51.297748],[6.404759,51.297306],[6.405955,51.29615],[6.40718,51.293856],[6.407964,51.292827],[6.409808,51.291824],[6.411526,51.291384],[6.415451,51.289476],[6.41596,51.288612],[6.417369,51.287212],[6.417964,51.285798],[6.419015,51.285067],[6.420385,51.282664],[6.422241,51.281163],[6.423007,51.280823],[6.423325,51.279992],[6.425904,51.277565],[6.415941,51.274196],[6.415635,51.274259],[6.412975,51.273178],[6.433981,51.261979],[6.457819,51.247879],[6.453756,51.246079],[6.452237,51.244769],[6.450664,51.243877],[6.450403,51.24352],[6.450487,51.24321],[6.449649,51.242234],[6.448867,51.240744],[6.447434,51.239478],[6.446566,51.238266],[6.443405,51.234841],[6.440165,51.235722],[6.438271,51.234866],[6.43781,51.233153],[6.437927,51.232248],[6.433811,51.230735],[6.430334,51.228562],[6.429836,51.227756],[6.429632,51.226894],[6.430581,51.226155],[6.428759,51.224681],[6.417343,51.220028],[6.410641,51.218694],[6.377588,51.217725],[6.372027,51.217737],[6.368831,51.219385],[6.36667,51.221054],[6.365061,51.221956],[6.363914,51.223312],[6.362946,51.224931],[6.361302,51.229141],[6.349068,51.227707],[6.34799,51.227785],[6.348414,51.226988],[6.346429,51.22638],[6.346498,51.225285],[6.339694,51.224794],[6.33971,51.223641],[6.338097,51.22365],[6.338093,51.224101],[6.336282,51.223893],[6.336259,51.224701],[6.330467,51.224612],[6.330109,51.221771],[6.330382,51.216555],[6.327548,51.216597],[6.323015,51.21767],[6.320437,51.217709],[6.317641,51.221731],[6.315455,51.224405],[6.312797,51.224048],[6.305846,51.228026],[6.304568,51.229213],[6.302056,51.228149],[6.300567,51.229557],[6.301022,51.229976],[6.302188,51.23044],[6.300979,51.23146],[6.302499,51.232709],[6.301363,51.233237],[6.299593,51.232515],[6.296943,51.234885],[6.293021,51.240323],[6.291195,51.247811],[6.291003,51.249591],[6.288338,51.249055],[6.288106,51.251317],[6.284497,51.250612],[6.283374,51.252978],[6.283688,51.253039],[6.282584,51.255432],[6.284374,51.255644],[6.285563,51.255562],[6.285864,51.255855],[6.286536,51.256604],[6.284022,51.257253],[6.285199,51.258245],[6.278252,51.259905],[6.277677,51.261731],[6.276884,51.262217],[6.275976,51.263464],[6.270295,51.267423],[6.269953,51.26717],[6.268503,51.26721],[6.265649,51.268708],[6.264221,51.268412],[6.26429,51.269483],[6.266183,51.27149],[6.26513,51.273649],[6.265556,51.275716],[6.266889,51.278129],[6.26846,51.279707],[6.27308,51.278882],[6.273287,51.279699],[6.27383,51.28062],[6.274148,51.282094],[6.276194,51.284368],[6.283709,51.282862],[6.296924,51.279073],[6.304208,51.277574],[6.310149,51.277006],[6.314657,51.27693],[6.326532,51.27781],[6.324977,51.280328],[6.323848,51.283086],[6.322565,51.28441],[6.321403,51.286362],[6.319556,51.286251],[6.31675,51.286597],[6.31427,51.286306],[6.313688,51.28795],[6.313762,51.293348],[6.318728,51.293091],[6.318811,51.293917],[6.321372,51.297671],[6.319553,51.298167],[6.322031,51.301775],[6.321616,51.301882],[6.320626,51.302826],[6.321639,51.303925],[6.318252,51.304741],[6.32026,51.306383],[6.321699,51.308292],[6.321299,51.308628],[6.320505,51.310014],[6.319496,51.310555],[6.324306,51.313396],[6.326166,51.313773],[6.327983,51.314601],[6.32982,51.314273],[6.332608,51.315024],[6.333697,51.315528],[6.334467,51.316292],[6.335434,51.316899],[6.349031,51.319766],[6.3502,51.31929],[6.352294,51.319773],[6.352959,51.318452],[6.36095,51.320702],[6.361708,51.320636],[6.362715,51.320984],[6.367483,51.321524],[6.372013,51.322363],[6.374535,51.313061],[6.377724,51.304576],[6.38789,51.305318],[6.388783,51.305625]]]},"properties":{"name":"Viersen","basis":"Auf der offiziellen Revierübersicht benannte oder innerhalb des kartierten Megaplexumrisses liegende Kommune; heutige Gemeindegrenze als geografische Liniengrundlage","boundary_role":"lore-municipality","source":"Code for Germany / Click That Hood","source_url":"https://github.com/codeforgermany/click_that_hood","boundary_review_status":"contextual","boundary_review_label":"Offizielle RRP-Karte abgeglichen; heutige Gemeindegeometrie nur als Liniengrundlage","entity_id":316,"description_preview":"Viersen ist auf der offiziellen Revierübersicht als Stadt oder Kommune innerhalb des Rhein-Ruhr-Megaplexes verzeichnet.","description_full":"Viersen ist auf der offiziellen Revierübersicht als Stadt oder Kommune innerhalb des Rhein-Ruhr-Megaplexes verzeichnet. Die Flächendarstellung folgt dem mit der offiziellen Shadowrun-Karte abgeglichenen Kommunenbestand. Die heutige Gemeindegeometrie dient ausschließlich als geografische Liniengrundlage; eine darüber hinausgehende eigene Stadtbeschreibung ist im zugeordneten Datenmaterial nicht eindeutig belegt.","editions":["SR6","SR4"],"sources":[{"bookId":"rrp-map-sr6","title":"Revierbericht 2082 – Karte","edition":"SR6","citation":"Revierübersicht: Stadt/Kommune Viersen","purpose":"description"},{"bookId":"rrmp-sr4","title":"Rhein-Ruhr-Megaplex","edition":"SR4","citation":"RRP-Kapitel: Viersen","purpose":"description"},{"bookId":"revierbericht-sr6","title":"Revierbericht 2082","edition":"SR6","citation":"RRP-Kontextverweis: Viersen","purpose":"description"}]}},{"type":"Feature","geometry":{"type":"Polygon","coordinates":[[[6.719174,51.589108],[6.716649,51.589045],[6.719889,51.585513],[6.712264,51.582469],[6.713251,51.581846],[6.711889,51.581366],[6.716336,51.576433],[6.714592,51.575812],[6.71644,51.573756],[6.718158,51.574379],[6.719127,51.573183],[6.715073,51.571709],[6.713762,51.572848],[6.712336,51.572411],[6.712371,51.570787],[6.71095,51.570046],[6.707925,51.570118],[6.706454,51.570494],[6.70572,51.570878],[6.704392,51.570171],[6.704203,51.57026],[6.701803,51.569603],[6.700439,51.570068],[6.698542,51.568461],[6.696944,51.567531],[6.696057,51.566743],[6.696503,51.566142],[6.69228,51.563039],[6.691584,51.56351],[6.687247,51.563623],[6.687051,51.566414],[6.686456,51.568221],[6.685761,51.569415],[6.68463,51.570865],[6.68339,51.572053],[6.679818,51.574352],[6.677113,51.575476],[6.673283,51.576511],[6.669243,51.577259],[6.664032,51.577749],[6.659765,51.577808],[6.655125,51.577531],[6.651112,51.576983],[6.64705,51.576155],[6.642389,51.574714],[6.633261,51.570702],[6.629748,51.569383],[6.625338,51.568125],[6.622018,51.567422],[6.618748,51.566952],[6.616147,51.566818],[6.612474,51.567037],[6.609349,51.567605],[6.605623,51.568879],[6.602429,51.570641],[6.601155,51.571627],[6.599773,51.573083],[6.598868,51.574389],[6.598462,51.575325],[6.598075,51.576495],[6.597922,51.577787],[6.598496,51.583579],[6.598533,51.587829],[6.598342,51.590514],[6.597518,51.595363],[6.596252,51.599768],[6.594325,51.604485],[6.592265,51.608393],[6.588954,51.61363],[6.58784,51.61599],[6.587202,51.618039],[6.586921,51.619866],[6.587182,51.622505],[6.587831,51.624336],[6.589075,51.626383],[6.590654,51.628111],[6.592799,51.629828],[6.600765,51.634998],[6.603791,51.635455],[6.608263,51.636775],[6.608257,51.636088],[6.607981,51.635979],[6.608664,51.63331],[6.609204,51.632655],[6.610443,51.631871],[6.611839,51.631287],[6.615083,51.630353],[6.618153,51.629722],[6.618181,51.629568],[6.627092,51.627719],[6.635941,51.628724],[6.637015,51.628759],[6.637098,51.628611],[6.641831,51.629592],[6.647352,51.631131],[6.649026,51.631777],[6.64891,51.631953],[6.650493,51.632451],[6.654172,51.63431],[6.657773,51.635184],[6.659058,51.635353],[6.672108,51.634975],[6.678306,51.635086],[6.680775,51.635382],[6.682679,51.636061],[6.683161,51.63597],[6.683564,51.636234],[6.685359,51.634674],[6.685697,51.63411],[6.686357,51.63192],[6.687456,51.629415],[6.687316,51.622459],[6.687589,51.621382],[6.68817,51.620502],[6.697216,51.620091],[6.698191,51.620481],[6.702284,51.617752],[6.701497,51.617224],[6.70225,51.616311],[6.702554,51.616613],[6.703379,51.616276],[6.703698,51.615953],[6.703539,51.61589],[6.704013,51.615655],[6.703803,51.615343],[6.705669,51.614117],[6.709098,51.613006],[6.709558,51.612554],[6.709443,51.612509],[6.709928,51.61132],[6.708582,51.611085],[6.712784,51.607465],[6.713604,51.601251],[6.715003,51.598848],[6.717208,51.596269],[6.722019,51.588466],[6.719174,51.589108]]]},"properties":{"name":"Voerde (Niederrhein)","basis":"Auf der offiziellen Revierübersicht benannte oder innerhalb des kartierten Megaplexumrisses liegende Kommune; heutige Gemeindegrenze als geografische Liniengrundlage","boundary_role":"lore-municipality","source":"Code for Germany / Click That Hood","source_url":"https://github.com/codeforgermany/click_that_hood","boundary_review_status":"contextual","boundary_review_label":"Offizielle RRP-Karte abgeglichen; heutige Gemeindegeometrie nur als Liniengrundlage","entity_id":317,"description_preview":"Voerde (Niederrhein) ist auf der offiziellen Revierübersicht als Stadt oder Kommune innerhalb des Rhein-Ruhr-Megaplexes verzeichnet.","description_full":"Voerde (Niederrhein) ist auf der offiziellen Revierübersicht als Stadt oder Kommune innerhalb des Rhein-Ruhr-Megaplexes verzeichnet. Die Flächendarstellung folgt dem mit der offiziellen Shadowrun-Karte abgeglichenen Kommunenbestand. Die heutige Gemeindegeometrie dient ausschließlich als geografische Liniengrundlage; eine darüber hinausgehende eigene Stadtbeschreibung ist im zugeordneten Datenmaterial nicht eindeutig belegt.","editions":["SR6"],"sources":[{"bookId":"rrp-map-sr6","title":"Revierbericht 2082 – Karte","edition":"SR6","citation":"Revierübersicht: Stadt/Kommune Voerde (Niederrhein)","purpose":"description"}]}},{"type":"Feature","geometry":{"type":"Polygon","coordinates":[[[7.329354,51.610162],[7.322318,51.608444],[7.319101,51.613177],[7.320744,51.613742],[7.32093,51.615958],[7.320282,51.616026],[7.323024,51.618705],[7.324279,51.618371],[7.328513,51.617982],[7.328523,51.618143],[7.329465,51.617932],[7.329961,51.618061],[7.330628,51.618602],[7.329705,51.618806],[7.328668,51.620394],[7.328801,51.620565],[7.328985,51.62039],[7.329383,51.620882],[7.328187,51.622489],[7.328817,51.622498],[7.32987,51.623129],[7.330033,51.623789],[7.330691,51.624186],[7.331033,51.624768],[7.331675,51.62503],[7.331689,51.625643],[7.33202,51.625926],[7.332039,51.626481],[7.332332,51.627065],[7.333209,51.62701],[7.333573,51.627286],[7.335559,51.627773],[7.338321,51.627573],[7.337823,51.626864],[7.337428,51.626894],[7.337276,51.626663],[7.33784,51.626785],[7.339368,51.62659],[7.339278,51.625849],[7.339501,51.625594],[7.339929,51.625605],[7.339698,51.623657],[7.340596,51.623669],[7.340503,51.622896],[7.342112,51.622353],[7.342302,51.621744],[7.343566,51.62184],[7.345751,51.622352],[7.346264,51.624059],[7.348258,51.623855],[7.348339,51.623686],[7.351231,51.623567],[7.35364,51.623223],[7.354831,51.623764],[7.355546,51.623792],[7.355583,51.624979],[7.354742,51.626045],[7.356084,51.628619],[7.356421,51.630898],[7.357739,51.630961],[7.358994,51.631322],[7.36092,51.631405],[7.363884,51.630829],[7.363867,51.631315],[7.364284,51.63265],[7.364181,51.633027],[7.362667,51.633086],[7.362713,51.641459],[7.361903,51.641566],[7.361223,51.643728],[7.361841,51.645307],[7.36153,51.64558],[7.361785,51.645973],[7.360315,51.647234],[7.360292,51.647474],[7.360948,51.648613],[7.367308,51.648125],[7.369057,51.648725],[7.374445,51.649458],[7.379245,51.649384],[7.379638,51.649111],[7.380637,51.649589],[7.380405,51.650805],[7.380853,51.651686],[7.382213,51.651288],[7.383256,51.650258],[7.383971,51.649854],[7.387057,51.651408],[7.388129,51.651245],[7.393356,51.649598],[7.393312,51.651031],[7.391235,51.652992],[7.392646,51.653943],[7.39379,51.652612],[7.394881,51.65299],[7.39681,51.649845],[7.397742,51.649073],[7.399909,51.648318],[7.40631,51.646983],[7.40813,51.646218],[7.409347,51.645386],[7.421302,51.655345],[7.415462,51.656663],[7.416693,51.657695],[7.417629,51.658827],[7.415467,51.659306],[7.416014,51.659781],[7.416678,51.661065],[7.416953,51.661141],[7.417378,51.661791],[7.418959,51.662047],[7.420619,51.662755],[7.423507,51.662698],[7.425242,51.661892],[7.426419,51.661682],[7.427742,51.661835],[7.429747,51.662519],[7.432472,51.662435],[7.436151,51.661587],[7.439376,51.661294],[7.443691,51.659692],[7.448716,51.65426],[7.448493,51.653836],[7.447552,51.653481],[7.446751,51.653811],[7.446088,51.654499],[7.445224,51.654947],[7.444047,51.6551],[7.443401,51.654817],[7.443347,51.654528],[7.443532,51.654315],[7.444852,51.653893],[7.44587,51.653281],[7.445896,51.653098],[7.445568,51.652661],[7.442625,51.652306],[7.442177,51.652169],[7.441869,51.651819],[7.442269,51.650895],[7.444162,51.649404],[7.444168,51.64895],[7.443606,51.647841],[7.443795,51.647153],[7.444736,51.64664],[7.447569,51.646975],[7.449155,51.646657],[7.451249,51.644946],[7.451415,51.644378],[7.451283,51.643097],[7.451687,51.642459],[7.452237,51.642345],[7.454991,51.6425],[7.456867,51.641548],[7.457034,51.641026],[7.456746,51.640508],[7.45565,51.640128],[7.454033,51.639915],[7.453578,51.639434],[7.453423,51.639061],[7.453527,51.638595],[7.454377,51.637956],[7.457643,51.636951],[7.458557,51.63684],[7.459186,51.637008],[7.461311,51.638671],[7.461717,51.638803],[7.462148,51.638686],[7.462373,51.638006],[7.462366,51.637113],[7.460384,51.636086],[7.460024,51.63549],[7.46001,51.634833],[7.460663,51.633746],[7.462423,51.632163],[7.46296,51.631259],[7.464696,51.630559],[7.465209,51.629983],[7.465162,51.629334],[7.464839,51.628651],[7.463354,51.627296],[7.463253,51.626618],[7.46343,51.626285],[7.461494,51.625397],[7.459387,51.625008],[7.458173,51.624294],[7.458641,51.624115],[7.458899,51.62351],[7.458856,51.621678],[7.45923,51.62038],[7.459945,51.619674],[7.460859,51.617753],[7.4584,51.613605],[7.455967,51.612696],[7.456304,51.612039],[7.453622,51.611353],[7.452212,51.610592],[7.451762,51.610636],[7.451492,51.610408],[7.45158,51.609895],[7.451187,51.609453],[7.450221,51.609266],[7.449662,51.608464],[7.448551,51.60755],[7.448267,51.608452],[7.446247,51.608322],[7.443475,51.608547],[7.442888,51.607197],[7.441261,51.605762],[7.440711,51.605635],[7.439221,51.605819],[7.438206,51.606201],[7.437832,51.607089],[7.437566,51.607166],[7.437664,51.606928],[7.43669,51.607305],[7.436139,51.606751],[7.435728,51.606885],[7.435085,51.606243],[7.434936,51.606522],[7.43246,51.604225],[7.426337,51.603125],[7.419022,51.600071],[7.414809,51.59801],[7.414921,51.597928],[7.414659,51.597482],[7.413305,51.59627],[7.406214,51.594202],[7.403815,51.593828],[7.402565,51.593844],[7.400264,51.593305],[7.399503,51.592151],[7.399674,51.59116],[7.398436,51.588893],[7.397101,51.5878],[7.395711,51.587173],[7.394382,51.587441],[7.391966,51.587578],[7.391133,51.587331],[7.390987,51.587026],[7.390504,51.586983],[7.388929,51.587099],[7.383847,51.588095],[7.38188,51.588304],[7.379963,51.588156],[7.378548,51.588842],[7.376736,51.589184],[7.369255,51.591692],[7.364216,51.594019],[7.361839,51.594579],[7.361043,51.595206],[7.36085,51.595634],[7.358573,51.597124],[7.357289,51.598337],[7.356801,51.598527],[7.356132,51.599473],[7.355223,51.599825],[7.35499,51.599668],[7.35521,51.5994],[7.355173,51.599097],[7.35452,51.598466],[7.353293,51.598553],[7.353242,51.598753],[7.353503,51.599047],[7.352023,51.599535],[7.351728,51.600157],[7.349342,51.599903],[7.348885,51.600329],[7.347686,51.600588],[7.347179,51.60032],[7.346562,51.600358],[7.345387,51.599793],[7.344456,51.600204],[7.341855,51.5995],[7.341756,51.600171],[7.340295,51.600848],[7.337087,51.601875],[7.336931,51.602685],[7.338762,51.602238],[7.340262,51.602512],[7.340913,51.603194],[7.339532,51.60364],[7.339357,51.604068],[7.338765,51.604576],[7.338878,51.604723],[7.343645,51.605084],[7.343542,51.605429],[7.34394,51.606039],[7.344026,51.606697],[7.344866,51.608257],[7.342385,51.60827],[7.342284,51.609592],[7.340779,51.609875],[7.340476,51.609086],[7.3379,51.608656],[7.33542,51.608886],[7.336818,51.610767],[7.336207,51.610949],[7.335962,51.611539],[7.33453,51.611098],[7.333952,51.60907],[7.332709,51.609035],[7.332203,51.609541],[7.33269,51.610204],[7.332211,51.61042],[7.332302,51.610715],[7.331084,51.611116],[7.329354,51.610162]]]},"properties":{"name":"Waltrop","basis":"Auf der offiziellen Revierübersicht benannte oder innerhalb des kartierten Megaplexumrisses liegende Kommune; heutige Gemeindegrenze als geografische Liniengrundlage","boundary_role":"lore-municipality","source":"Code for Germany / Click That Hood","source_url":"https://github.com/codeforgermany/click_that_hood","boundary_review_status":"contextual","boundary_review_label":"Offizielle RRP-Karte abgeglichen; heutige Gemeindegeometrie nur als Liniengrundlage","entity_id":318,"description_preview":"Waltrop ist auf der offiziellen Revierübersicht als Stadt oder Kommune innerhalb des Rhein-Ruhr-Megaplexes verzeichnet.","description_full":"Waltrop ist auf der offiziellen Revierübersicht als Stadt oder Kommune innerhalb des Rhein-Ruhr-Megaplexes verzeichnet. Die Flächendarstellung folgt dem mit der offiziellen Shadowrun-Karte abgeglichenen Kommunenbestand. Die heutige Gemeindegeometrie dient ausschließlich als geografische Liniengrundlage; eine darüber hinausgehende eigene Stadtbeschreibung ist im zugeordneten Datenmaterial nicht eindeutig belegt.","editions":["SR6"],"sources":[{"bookId":"rrp-map-sr6","title":"Revierbericht 2082 – Karte","edition":"SR6","citation":"Revierübersicht: Stadt/Kommune Waltrop","purpose":"description"}]}},{"type":"Feature","geometry":{"type":"Polygon","coordinates":[[[7.933766,51.592687],[7.930433,51.590451],[7.928906,51.589771],[7.928447,51.588982],[7.927321,51.588763],[7.925746,51.587879],[7.92536,51.587243],[7.925364,51.586462],[7.925146,51.58588],[7.92352,51.585324],[7.922523,51.584281],[7.921013,51.583564],[7.920474,51.582442],[7.918861,51.581528],[7.917371,51.582707],[7.916611,51.58236],[7.914146,51.584465],[7.913416,51.586508],[7.913145,51.588059],[7.912094,51.590146],[7.910795,51.59217],[7.909469,51.595491],[7.911705,51.595372],[7.914135,51.595748],[7.913491,51.597543],[7.914459,51.59766],[7.914624,51.599176],[7.915454,51.601224],[7.915284,51.601257],[7.915483,51.602002],[7.915994,51.602002],[7.914873,51.604607],[7.914232,51.605259],[7.913205,51.607292],[7.912004,51.609144],[7.912275,51.609176],[7.911227,51.613749],[7.913566,51.614132],[7.913875,51.615348],[7.913446,51.615926],[7.91525,51.616691],[7.915927,51.617203],[7.91632,51.617774],[7.91836,51.618758],[7.918249,51.618964],[7.9178,51.61899],[7.917606,51.619286],[7.917922,51.619648],[7.918406,51.619645],[7.918597,51.619918],[7.919034,51.620057],[7.919654,51.621153],[7.922229,51.622229],[7.923102,51.622894],[7.924011,51.623813],[7.924339,51.625758],[7.92479,51.626324],[7.925234,51.626602],[7.925891,51.62644],[7.927096,51.626948],[7.926916,51.627481],[7.927053,51.627825],[7.929577,51.628647],[7.930909,51.629583],[7.931891,51.629892],[7.932131,51.630259],[7.932327,51.631799],[7.932861,51.632457],[7.93335,51.632683],[7.933185,51.633092],[7.934317,51.633456],[7.935117,51.633271],[7.93525,51.633958],[7.934592,51.634222],[7.935179,51.634494],[7.934827,51.635146],[7.935519,51.6357],[7.935399,51.635978],[7.935602,51.636347],[7.935345,51.63653],[7.935692,51.636661],[7.935274,51.636865],[7.935156,51.637275],[7.934826,51.637436],[7.93492,51.637985],[7.93428,51.638269],[7.934417,51.638496],[7.934204,51.638856],[7.934591,51.638988],[7.935362,51.63873],[7.935463,51.639018],[7.935163,51.639364],[7.93585,51.639202],[7.935986,51.639353],[7.935824,51.639542],[7.936019,51.639632],[7.936558,51.639371],[7.936692,51.639899],[7.938506,51.640024],[7.939537,51.639607],[7.939919,51.638632],[7.940784,51.638172],[7.943244,51.637965],[7.944388,51.63815],[7.945058,51.640026],[7.946257,51.64028],[7.946696,51.641157],[7.948147,51.641167],[7.949181,51.641988],[7.948674,51.641984],[7.949769,51.643324],[7.949601,51.643392],[7.949972,51.64446],[7.948738,51.644607],[7.949452,51.64622],[7.946004,51.646821],[7.947076,51.650247],[7.946789,51.65062],[7.947394,51.651743],[7.947973,51.651904],[7.948702,51.65349],[7.94969,51.653381],[7.950609,51.655319],[7.952486,51.655078],[7.95292,51.655948],[7.953602,51.660211],[7.954106,51.660916],[7.952929,51.663844],[7.952669,51.666367],[7.952892,51.66669],[7.951338,51.66687],[7.952312,51.667157],[7.955584,51.668902],[7.953318,51.672654],[7.955548,51.672575],[7.95508,51.673366],[7.956915,51.67355],[7.956986,51.674095],[7.958458,51.673909],[7.963644,51.67582],[7.964007,51.675778],[7.964033,51.674994],[7.967441,51.675549],[7.967435,51.675766],[7.984891,51.671333],[7.98626,51.673011],[7.98659,51.673067],[7.991807,51.672643],[7.992914,51.672383],[7.994172,51.672605],[7.995404,51.67242],[7.995948,51.672517],[7.997326,51.674461],[7.998016,51.673786],[7.998731,51.673446],[8.000382,51.673105],[8.00251,51.672353],[8.002935,51.671974],[8.003449,51.670692],[8.004093,51.670205],[8.004969,51.669996],[8.007706,51.669926],[8.004986,51.66802],[8.004442,51.668326],[8.003943,51.667975],[8.00408,51.666205],[8.003984,51.665723],[8.003702,51.665529],[8.006599,51.664861],[8.008441,51.664054],[8.007248,51.662906],[8.006181,51.661484],[8.003232,51.6619],[8.003165,51.660299],[8.004255,51.660668],[8.006073,51.658103],[8.006713,51.656436],[8.008238,51.65564],[8.009961,51.655201],[8.011959,51.654197],[8.011379,51.653859],[8.011362,51.65319],[8.012711,51.652436],[8.012921,51.652516],[8.014041,51.651463],[8.015316,51.650976],[8.016439,51.649892],[8.017171,51.648953],[8.017952,51.646933],[8.018258,51.644352],[8.018869,51.642756],[8.02052,51.642026],[8.021464,51.640906],[8.02216,51.639428],[8.022582,51.639092],[8.023356,51.638972],[8.025488,51.637938],[8.026955,51.638844],[8.027805,51.639107],[8.0285,51.638849],[8.029293,51.638364],[8.029238,51.638237],[8.031474,51.637967],[8.033303,51.639452],[8.032995,51.640059],[8.035403,51.640201],[8.036428,51.639875],[8.038154,51.638802],[8.041233,51.634748],[8.043727,51.635086],[8.044846,51.634846],[8.047168,51.634865],[8.051876,51.635687],[8.053593,51.634626],[8.055822,51.634641],[8.060231,51.635313],[8.064356,51.636798],[8.065647,51.636542],[8.066706,51.637317],[8.06733,51.637359],[8.071609,51.636015],[8.073183,51.634998],[8.075303,51.634198],[8.076429,51.633315],[8.077439,51.63158],[8.078474,51.631043],[8.079842,51.631169],[8.080743,51.63104],[8.08206,51.631583],[8.082523,51.631354],[8.082758,51.630552],[8.084165,51.630977],[8.084433,51.630788],[8.085794,51.63087],[8.086369,51.630685],[8.086408,51.63112],[8.086079,51.631605],[8.08737,51.631868],[8.088042,51.631735],[8.088442,51.63142],[8.088737,51.63145],[8.088898,51.629996],[8.089456,51.630031],[8.09044,51.628346],[8.086786,51.628008],[8.086655,51.627498],[8.086811,51.626661],[8.087278,51.625765],[8.086658,51.625708],[8.087108,51.623865],[8.086087,51.62394],[8.084316,51.624427],[8.083039,51.623991],[8.081582,51.624133],[8.079802,51.623319],[8.081947,51.621368],[8.07812,51.62012],[8.078559,51.619484],[8.075232,51.619402],[8.075487,51.61754],[8.074389,51.616475],[8.073467,51.616804],[8.072046,51.615193],[8.07402,51.614443],[8.074316,51.614735],[8.077587,51.61358],[8.076756,51.612762],[8.079069,51.611919],[8.076448,51.608986],[8.075389,51.609251],[8.069925,51.60205],[8.068209,51.602468],[8.068066,51.602265],[8.065758,51.602549],[8.065601,51.601865],[8.060469,51.602426],[8.059153,51.603047],[8.056214,51.60089],[8.055032,51.601359],[8.052334,51.598805],[8.04868,51.593755],[8.047308,51.594209],[8.046791,51.593914],[8.04724,51.593748],[8.046987,51.593564],[8.047369,51.593362],[8.046531,51.592871],[8.044865,51.592012],[8.044432,51.592357],[8.040436,51.590292],[8.040756,51.590204],[8.041147,51.589225],[8.040834,51.589086],[8.040719,51.588743],[8.041001,51.588622],[8.042514,51.588436],[8.045531,51.589485],[8.045944,51.589333],[8.046523,51.588483],[8.047971,51.588418],[8.048377,51.587902],[8.047958,51.586576],[8.047334,51.586752],[8.046884,51.584464],[8.049081,51.583958],[8.04871,51.582134],[8.047933,51.582204],[8.047506,51.579999],[8.045825,51.580333],[8.045172,51.579216],[8.046005,51.578965],[8.045113,51.577401],[8.04573,51.57729],[8.045948,51.576881],[8.046413,51.576906],[8.046411,51.57667],[8.046828,51.576352],[8.046371,51.576092],[8.046305,51.57576],[8.047148,51.575381],[8.047042,51.575107],[8.047374,51.574913],[8.047496,51.574515],[8.044637,51.573919],[8.04367,51.57272],[8.043014,51.572794],[8.043055,51.571734],[8.040777,51.571014],[8.040421,51.570119],[8.036937,51.569853],[8.036835,51.569035],[8.03719,51.568296],[8.033984,51.567447],[8.033763,51.567688],[8.031392,51.568227],[8.027795,51.568539],[8.027432,51.569331],[8.02699,51.569088],[8.026572,51.568536],[8.02549,51.56826],[8.025458,51.567958],[8.024671,51.567515],[8.024143,51.567725],[8.023808,51.5675],[8.022244,51.567315],[8.02096,51.566572],[8.019928,51.566235],[8.01968,51.565748],[8.019014,51.565397],[8.016862,51.564674],[8.014745,51.565139],[8.014636,51.564927],[8.009584,51.563974],[8.00927,51.565168],[8.006387,51.564955],[8.006353,51.563418],[8.001471,51.563086],[7.998437,51.563228],[7.998582,51.56384],[7.99517,51.56489],[7.993335,51.564273],[7.991709,51.564082],[7.992417,51.565849],[7.990409,51.566141],[7.991035,51.567676],[7.991846,51.567635],[7.991126,51.569931],[7.988133,51.569242],[7.985943,51.572097],[7.9842,51.571525],[7.982496,51.573362],[7.982125,51.573159],[7.979576,51.574294],[7.979323,51.574577],[7.982417,51.575923],[7.979243,51.578854],[7.977601,51.581299],[7.978477,51.581598],[7.977503,51.583298],[7.978391,51.583449],[7.976431,51.587961],[7.973731,51.587879],[7.967832,51.587214],[7.96753,51.587777],[7.965557,51.587295],[7.965101,51.588131],[7.961966,51.586808],[7.959232,51.5865],[7.956688,51.585438],[7.957959,51.583438],[7.956644,51.582939],[7.95662,51.581373],[7.955622,51.581799],[7.953148,51.581809],[7.952271,51.582182],[7.951439,51.582869],[7.949353,51.583038],[7.945858,51.584209],[7.940778,51.588325],[7.938684,51.589174],[7.938431,51.590401],[7.938586,51.592701],[7.937549,51.592271],[7.933766,51.592687]]]},"properties":{"name":"Welver","basis":"Auf der offiziellen Revierübersicht benannte oder innerhalb des kartierten Megaplexumrisses liegende Kommune; heutige Gemeindegrenze als geografische Liniengrundlage","boundary_role":"lore-municipality","source":"Code for Germany / Click That Hood","source_url":"https://github.com/codeforgermany/click_that_hood","boundary_review_status":"contextual","boundary_review_label":"Offizielle RRP-Karte abgeglichen; heutige Gemeindegeometrie nur als Liniengrundlage","entity_id":319,"description_preview":"Welver ist auf der offiziellen Revierübersicht als Stadt oder Kommune innerhalb des Rhein-Ruhr-Megaplexes verzeichnet.","description_full":"Welver ist auf der offiziellen Revierübersicht als Stadt oder Kommune innerhalb des Rhein-Ruhr-Megaplexes verzeichnet. Die Flächendarstellung folgt dem mit der offiziellen Shadowrun-Karte abgeglichenen Kommunenbestand. Die heutige Gemeindegeometrie dient ausschließlich als geografische Liniengrundlage; eine darüber hinausgehende eigene Stadtbeschreibung ist im zugeordneten Datenmaterial nicht eindeutig belegt.","editions":["SR6"],"sources":[{"bookId":"rrp-map-sr6","title":"Revierbericht 2082 – Karte","edition":"SR6","citation":"Revierübersicht: Stadt/Kommune Welver","purpose":"description"}]}},{"type":"Feature","geometry":{"type":"Polygon","coordinates":[[[7.839568,51.552959],[7.83999,51.556174],[7.838994,51.557701],[7.838541,51.557971],[7.838339,51.558772],[7.839398,51.559024],[7.838861,51.560338],[7.838577,51.560767],[7.837565,51.5605],[7.836016,51.560581],[7.835613,51.561585],[7.83592,51.561822],[7.834362,51.564465],[7.834578,51.564649],[7.833051,51.567734],[7.832826,51.568108],[7.832102,51.567954],[7.831859,51.569786],[7.830757,51.571412],[7.830483,51.572075],[7.830366,51.573146],[7.829813,51.574479],[7.828218,51.576016],[7.827797,51.577976],[7.827182,51.578655],[7.835667,51.58001],[7.835602,51.581688],[7.839275,51.582327],[7.848989,51.58588],[7.85114,51.586903],[7.850586,51.587257],[7.852627,51.58784],[7.853061,51.587574],[7.85854,51.588881],[7.857701,51.591574],[7.857725,51.592107],[7.87046,51.594895],[7.870647,51.594381],[7.873912,51.594651],[7.873619,51.593837],[7.873685,51.593347],[7.886304,51.595105],[7.887189,51.593607],[7.89054,51.594797],[7.891722,51.594988],[7.899089,51.595286],[7.901553,51.595674],[7.9057,51.595758],[7.906872,51.595123],[7.907989,51.594135],[7.909114,51.593904],[7.909963,51.594046],[7.910795,51.59217],[7.912094,51.590146],[7.913145,51.588059],[7.913416,51.586508],[7.914146,51.584465],[7.916611,51.58236],[7.917371,51.582707],[7.918861,51.581528],[7.920474,51.582442],[7.921013,51.583564],[7.922523,51.584281],[7.92352,51.585324],[7.925146,51.58588],[7.925364,51.586462],[7.92536,51.587243],[7.925746,51.587879],[7.927321,51.588763],[7.928447,51.588982],[7.928906,51.589771],[7.93114,51.590849],[7.933875,51.592706],[7.937549,51.592271],[7.938586,51.592701],[7.938431,51.590401],[7.938684,51.589174],[7.940778,51.588325],[7.945858,51.584209],[7.949353,51.583038],[7.951439,51.582869],[7.952271,51.582182],[7.953148,51.581809],[7.955622,51.581799],[7.95662,51.581373],[7.956644,51.582939],[7.957959,51.583438],[7.956688,51.585438],[7.959232,51.5865],[7.961966,51.586808],[7.965101,51.588131],[7.965557,51.587295],[7.96753,51.587777],[7.967832,51.587214],[7.973731,51.587879],[7.976431,51.587961],[7.978391,51.583449],[7.977503,51.583298],[7.978477,51.581598],[7.977601,51.581299],[7.979243,51.578854],[7.982417,51.575923],[7.979323,51.574577],[7.979489,51.574358],[7.982125,51.573159],[7.982496,51.573362],[7.9842,51.571525],[7.985943,51.572097],[7.988133,51.569242],[7.991126,51.569931],[7.991846,51.567635],[7.991035,51.567676],[7.990409,51.566141],[7.992417,51.565849],[7.991709,51.564082],[7.993335,51.564273],[7.99517,51.56489],[7.998582,51.56384],[7.998375,51.562815],[7.996706,51.562798],[7.99539,51.559726],[7.995191,51.558673],[7.995309,51.558709],[7.995574,51.557752],[7.992753,51.557311],[7.993724,51.554982],[7.990498,51.553642],[7.991047,51.553126],[7.990645,51.551825],[7.988741,51.550992],[7.988649,51.549029],[7.986699,51.549093],[7.98664,51.547861],[7.985855,51.54789],[7.984696,51.535103],[7.983853,51.535153],[7.982799,51.532157],[7.976428,51.532373],[7.976619,51.533243],[7.964018,51.533531],[7.96334,51.530374],[7.961358,51.530426],[7.961933,51.525999],[7.946879,51.526724],[7.94424,51.526651],[7.942196,51.526106],[7.941747,51.52676],[7.939378,51.525269],[7.937258,51.524417],[7.936745,51.521198],[7.937807,51.519983],[7.935355,51.519052],[7.935195,51.519234],[7.929239,51.518129],[7.928266,51.519487],[7.928195,51.521766],[7.925884,51.521705],[7.925959,51.520678],[7.923341,51.520357],[7.923323,51.52086],[7.920691,51.520911],[7.920743,51.520434],[7.917524,51.520478],[7.917529,51.521284],[7.91464,51.520796],[7.910946,51.519737],[7.911089,51.520692],[7.908141,51.520451],[7.907948,51.516187],[7.894221,51.517505],[7.89347,51.515665],[7.892473,51.511814],[7.888547,51.510713],[7.886077,51.509578],[7.882932,51.509313],[7.879838,51.510243],[7.879109,51.512173],[7.877565,51.512457],[7.87412,51.512019],[7.871062,51.510686],[7.867996,51.509905],[7.865345,51.508762],[7.864674,51.51395],[7.874992,51.515951],[7.877293,51.518435],[7.878153,51.518797],[7.879426,51.518372],[7.880407,51.519467],[7.880606,51.521161],[7.873681,51.521547],[7.873775,51.522625],[7.870858,51.522783],[7.870646,51.524602],[7.871484,51.526263],[7.873096,51.528031],[7.873015,51.528271],[7.869618,51.527872],[7.865913,51.527768],[7.865817,51.528667],[7.863613,51.528488],[7.862818,51.527807],[7.860999,51.527847],[7.855183,51.526332],[7.855516,51.526803],[7.854383,51.528324],[7.85292,51.529689],[7.851119,51.530536],[7.849884,51.532318],[7.848223,51.533783],[7.847703,51.533413],[7.847883,51.533325],[7.84667,51.532541],[7.845522,51.530822],[7.843038,51.528814],[7.842656,51.52905],[7.841201,51.528161],[7.840532,51.528559],[7.838948,51.530215],[7.837113,51.531423],[7.833657,51.533258],[7.832918,51.533891],[7.832467,51.534749],[7.833155,51.539069],[7.834545,51.541355],[7.834892,51.542571],[7.839204,51.547612],[7.839745,51.547657],[7.840377,51.54899],[7.841338,51.550067],[7.842973,51.55139],[7.842926,51.552671],[7.839568,51.552959]]]},"properties":{"name":"Werl","basis":"Auf der offiziellen Revierübersicht benannte oder innerhalb des kartierten Megaplexumrisses liegende Kommune; heutige Gemeindegrenze als geografische Liniengrundlage","boundary_role":"lore-municipality","source":"Code for Germany / Click That Hood","source_url":"https://github.com/codeforgermany/click_that_hood","boundary_review_status":"contextual","boundary_review_label":"Offizielle RRP-Karte abgeglichen; heutige Gemeindegeometrie nur als Liniengrundlage","entity_id":320,"description_preview":"Werl ist auf der offiziellen Revierübersicht als Stadt oder Kommune innerhalb des Rhein-Ruhr-Megaplexes verzeichnet.","description_full":"Werl ist auf der offiziellen Revierübersicht als Stadt oder Kommune innerhalb des Rhein-Ruhr-Megaplexes verzeichnet. Die Flächendarstellung folgt dem mit der offiziellen Shadowrun-Karte abgeglichenen Kommunenbestand. Die heutige Gemeindegeometrie dient ausschließlich als geografische Liniengrundlage; eine darüber hinausgehende eigene Stadtbeschreibung ist im zugeordneten Datenmaterial nicht eindeutig belegt.","editions":["SR6","SR3","SR4"],"sources":[{"bookId":"rrp-map-sr6","title":"Revierbericht 2082 – Karte","edition":"SR6","citation":"Revierübersicht: Stadt/Kommune Werl","purpose":"description"},{"bookId":"dids2-sr3","title":"Deutschland in den Schatten II","edition":"SR3","citation":"RRP-Kapitel: Werl","purpose":"description"},{"bookId":"rrmp-sr4","title":"Rhein-Ruhr-Megaplex","edition":"SR4","citation":"RRP-Kapitel: Werl","purpose":"description"}]}},{"type":"Feature","geometry":{"type":"Polygon","coordinates":[[[7.548897,51.657413],[7.548647,51.658489],[7.547702,51.659293],[7.54763,51.660345],[7.542489,51.661141],[7.54217,51.662981],[7.542476,51.663051],[7.542583,51.663324],[7.540494,51.663638],[7.540863,51.664436],[7.542591,51.665758],[7.54385,51.668113],[7.546896,51.669148],[7.54686,51.669549],[7.547295,51.670014],[7.547146,51.670504],[7.547317,51.671314],[7.547016,51.671863],[7.548206,51.672719],[7.548355,51.673007],[7.548226,51.673561],[7.548376,51.674372],[7.548195,51.674768],[7.547464,51.675009],[7.549043,51.677155],[7.547049,51.677846],[7.54651,51.677387],[7.546298,51.677453],[7.546611,51.678321],[7.543995,51.679102],[7.543918,51.679482],[7.544434,51.679851],[7.544284,51.680498],[7.545624,51.680835],[7.546115,51.681432],[7.545447,51.682427],[7.546105,51.682566],[7.546783,51.685505],[7.545902,51.686019],[7.548717,51.68776],[7.550938,51.688412],[7.551611,51.688979],[7.552149,51.689627],[7.552358,51.69073],[7.552207,51.691048],[7.552565,51.692215],[7.566107,51.695621],[7.567298,51.698222],[7.571556,51.698826],[7.573655,51.699324],[7.588197,51.700219],[7.587418,51.701442],[7.593058,51.703562],[7.594713,51.70487],[7.601083,51.706586],[7.601444,51.706035],[7.605481,51.706482],[7.606045,51.708573],[7.606199,51.709924],[7.610009,51.710622],[7.612315,51.711568],[7.61462,51.711557],[7.613852,51.715682],[7.614454,51.715618],[7.615053,51.715093],[7.617629,51.714624],[7.620236,51.714919],[7.620992,51.713705],[7.623296,51.714417],[7.623801,51.713598],[7.626473,51.713724],[7.627755,51.709544],[7.628174,51.709393],[7.629137,51.709909],[7.629679,51.709846],[7.630078,51.710398],[7.630993,51.710564],[7.631813,51.710954],[7.63253,51.711326],[7.632784,51.71166],[7.634318,51.712374],[7.63466,51.712365],[7.635036,51.712766],[7.638048,51.713249],[7.642592,51.71334],[7.64405,51.712668],[7.645198,51.711817],[7.647497,51.708605],[7.649884,51.707717],[7.651432,51.706602],[7.651556,51.706274],[7.651203,51.705509],[7.652342,51.70561],[7.652322,51.705954],[7.653665,51.706689],[7.655412,51.706778],[7.6571,51.707544],[7.656954,51.708054],[7.656148,51.708612],[7.654951,51.71229],[7.654519,51.713108],[7.65794,51.713423],[7.657825,51.713784],[7.65914,51.713928],[7.661492,51.712897],[7.669026,51.717077],[7.666582,51.719359],[7.66775,51.719387],[7.668258,51.720127],[7.67208,51.720784],[7.669483,51.723266],[7.67245,51.723814],[7.677523,51.726136],[7.677813,51.72575],[7.678221,51.725815],[7.680839,51.726935],[7.687392,51.72879],[7.690086,51.725159],[7.689752,51.725172],[7.691444,51.721187],[7.690851,51.72062],[7.694132,51.718758],[7.692196,51.717454],[7.694153,51.715656],[7.696546,51.712966],[7.69759,51.713483],[7.700295,51.712785],[7.700735,51.712247],[7.702781,51.712437],[7.705246,51.71132],[7.704209,51.710516],[7.701928,51.709762],[7.70213,51.70935],[7.699074,51.707302],[7.699628,51.705659],[7.70037,51.705747],[7.700791,51.703761],[7.701613,51.701942],[7.701536,51.701688],[7.70341,51.701514],[7.704651,51.698842],[7.706148,51.698987],[7.705433,51.698772],[7.702941,51.69693],[7.702053,51.69654],[7.701334,51.695742],[7.701411,51.694431],[7.702149,51.693253],[7.703001,51.692858],[7.704267,51.691268],[7.705863,51.690074],[7.706598,51.689817],[7.707851,51.68787],[7.710674,51.68819],[7.710746,51.689448],[7.714447,51.690061],[7.71481,51.688241],[7.713968,51.688165],[7.715085,51.687476],[7.714883,51.687046],[7.715104,51.686409],[7.714911,51.684744],[7.715771,51.684539],[7.716216,51.684828],[7.71715,51.684565],[7.716647,51.683695],[7.716657,51.683288],[7.717765,51.682848],[7.719188,51.682741],[7.719465,51.681542],[7.720419,51.681086],[7.722783,51.680537],[7.723492,51.679699],[7.724282,51.679138],[7.72547,51.679317],[7.726955,51.67869],[7.727004,51.678351],[7.726368,51.678146],[7.728683,51.675627],[7.728238,51.675163],[7.727405,51.675079],[7.728128,51.674641],[7.727565,51.673911],[7.727075,51.673718],[7.72696,51.673423],[7.725877,51.67336],[7.724211,51.672847],[7.721964,51.672793],[7.721082,51.67254],[7.720864,51.672143],[7.72118,51.671047],[7.721048,51.670788],[7.719513,51.670798],[7.717725,51.670407],[7.716466,51.671067],[7.715858,51.671155],[7.713967,51.670322],[7.714449,51.669652],[7.716625,51.669127],[7.716968,51.668698],[7.71672,51.668507],[7.714259,51.668318],[7.71374,51.668424],[7.712196,51.670733],[7.711304,51.671252],[7.70959,51.671017],[7.707489,51.671014],[7.706939,51.670721],[7.706145,51.669768],[7.704494,51.669053],[7.702808,51.668846],[7.701274,51.667898],[7.700613,51.668013],[7.70061,51.668766],[7.70033,51.669051],[7.699241,51.669067],[7.698201,51.668264],[7.697763,51.667689],[7.697729,51.66678],[7.698277,51.665776],[7.69718,51.664186],[7.696041,51.663976],[7.695341,51.664939],[7.694424,51.665587],[7.693345,51.66582],[7.692887,51.665688],[7.692366,51.664923],[7.6925,51.66341],[7.692357,51.662996],[7.689988,51.661696],[7.689003,51.661631],[7.688179,51.661901],[7.688033,51.662332],[7.688149,51.663131],[7.687944,51.663671],[7.687363,51.664169],[7.68664,51.664335],[7.681615,51.66365],[7.679803,51.663067],[7.679368,51.662686],[7.679193,51.662238],[7.679838,51.660496],[7.67945,51.660111],[7.678515,51.659814],[7.677584,51.659914],[7.677238,51.660485],[7.677174,51.661488],[7.676851,51.662093],[7.676397,51.66246],[7.675766,51.662511],[7.675639,51.662342],[7.676014,51.661439],[7.675978,51.660967],[7.675201,51.660267],[7.674759,51.659264],[7.67404,51.6589],[7.673035,51.658906],[7.672333,51.659202],[7.672288,51.65959],[7.673056,51.660415],[7.673016,51.660911],[7.672636,51.661135],[7.671938,51.66118],[7.669341,51.660906],[7.666524,51.660156],[7.66282,51.660069],[7.662028,51.659678],[7.661373,51.658424],[7.660597,51.657988],[7.658586,51.658944],[7.657745,51.658851],[7.656788,51.658182],[7.655809,51.657965],[7.654335,51.658111],[7.652592,51.658796],[7.651152,51.658724],[7.649611,51.657709],[7.649538,51.65714],[7.648355,51.655461],[7.647451,51.65375],[7.646642,51.653601],[7.645548,51.654284],[7.644826,51.654003],[7.644782,51.653273],[7.645834,51.651912],[7.645709,51.651242],[7.643885,51.649259],[7.641374,51.648134],[7.634397,51.647511],[7.63182,51.646581],[7.627666,51.645906],[7.626211,51.645424],[7.624663,51.646186],[7.620309,51.646011],[7.618476,51.646842],[7.616175,51.64705],[7.613985,51.648576],[7.612392,51.648612],[7.612074,51.648374],[7.611296,51.646692],[7.609307,51.645403],[7.609092,51.644012],[7.608768,51.643538],[7.6081,51.643238],[7.605835,51.643101],[7.603489,51.641692],[7.603459,51.641427],[7.603793,51.64111],[7.605366,51.640562],[7.605844,51.640222],[7.60612,51.639449],[7.605662,51.638815],[7.602107,51.637985],[7.601105,51.637934],[7.599382,51.638474],[7.597712,51.638685],[7.597451,51.63889],[7.597281,51.639648],[7.597004,51.639932],[7.594971,51.640248],[7.594422,51.641037],[7.593947,51.641348],[7.591993,51.641673],[7.590996,51.641569],[7.590573,51.641214],[7.591617,51.638829],[7.591458,51.638361],[7.590944,51.638018],[7.589731,51.638095],[7.587487,51.639092],[7.586995,51.638933],[7.586471,51.638082],[7.585842,51.637953],[7.583792,51.639583],[7.58273,51.639713],[7.582163,51.639185],[7.582518,51.638204],[7.581962,51.637416],[7.581088,51.637228],[7.579311,51.637527],[7.578634,51.637423],[7.578322,51.636974],[7.578617,51.635615],[7.578202,51.635114],[7.576008,51.633988],[7.571718,51.633026],[7.570015,51.631814],[7.56782,51.629197],[7.567561,51.628537],[7.567596,51.627725],[7.567259,51.627304],[7.566243,51.628049],[7.564777,51.629679],[7.563388,51.6295],[7.56265,51.629969],[7.562271,51.630516],[7.560636,51.630729],[7.558308,51.631438],[7.557598,51.63238],[7.555901,51.633555],[7.555082,51.634547],[7.553799,51.636464],[7.553787,51.637627],[7.551771,51.639424],[7.550097,51.64126],[7.549598,51.642965],[7.546409,51.644564],[7.548226,51.64576],[7.544551,51.651602],[7.54452,51.653023],[7.544956,51.653749],[7.544563,51.653768],[7.544981,51.654932],[7.546135,51.654994],[7.545734,51.655916],[7.54772,51.656582],[7.547909,51.657393],[7.548897,51.657413]]]},"properties":{"name":"Werne","basis":"Auf der offiziellen Revierübersicht benannte oder innerhalb des kartierten Megaplexumrisses liegende Kommune; heutige Gemeindegrenze als geografische Liniengrundlage","boundary_role":"lore-municipality","source":"Code for Germany / Click That Hood","source_url":"https://github.com/codeforgermany/click_that_hood","boundary_review_status":"contextual","boundary_review_label":"Offizielle RRP-Karte abgeglichen; heutige Gemeindegeometrie nur als Liniengrundlage","entity_id":321,"description_preview":"Werne ist auf der offiziellen Revierübersicht als Stadt oder Kommune innerhalb des Rhein-Ruhr-Megaplexes verzeichnet.","description_full":"Werne ist auf der offiziellen Revierübersicht als Stadt oder Kommune innerhalb des Rhein-Ruhr-Megaplexes verzeichnet. Die Flächendarstellung folgt dem mit der offiziellen Shadowrun-Karte abgeglichenen Kommunenbestand. Die heutige Gemeindegeometrie dient ausschließlich als geografische Liniengrundlage; eine darüber hinausgehende eigene Stadtbeschreibung ist im zugeordneten Datenmaterial nicht eindeutig belegt.","editions":["SR6","SR1","SR3","SR2"],"sources":[{"bookId":"rrp-map-sr6","title":"Revierbericht 2082 – Karte","edition":"SR6","citation":"Revierübersicht: Stadt/Kommune Werne","purpose":"description"},{"bookId":"dids-sr1","title":"Deutschland in den Schatten","edition":"SR1","citation":"RRP-Kapitel: Werne","purpose":"description"},{"bookId":"dids2-sr3","title":"Deutschland in den Schatten II","edition":"SR3","citation":"RRP-Kapitel: Werne","purpose":"description"},{"bookId":"dids-sr2","title":"Deutschland in den Schatten","edition":"SR2","citation":"RRP-Kapitel (identischer SR1/SR2-Bestand): Werne","purpose":"description"}]}},{"type":"Feature","geometry":{"type":"Polygon","coordinates":[[[6.543655,51.631119],[6.538329,51.631169],[6.535636,51.631337],[6.534072,51.631812],[6.533122,51.631713],[6.532172,51.63151],[6.530895,51.630901],[6.53033,51.630921],[6.526729,51.63],[6.519118,51.62767],[6.516784,51.627272],[6.516371,51.627752],[6.515326,51.628071],[6.514659,51.627084],[6.512506,51.627368],[6.511799,51.627291],[6.511447,51.627406],[6.514383,51.629752],[6.516138,51.630495],[6.515891,51.630723],[6.516992,51.631284],[6.517476,51.632085],[6.515063,51.634665],[6.513893,51.63557],[6.512865,51.637016],[6.511406,51.6382],[6.510576,51.63859],[6.509948,51.639628],[6.508855,51.640145],[6.508148,51.640191],[6.507717,51.640507],[6.505168,51.639331],[6.505151,51.639545],[6.504756,51.639846],[6.499494,51.636752],[6.500652,51.638856],[6.5011,51.640492],[6.501602,51.645688],[6.50241,51.647844],[6.505548,51.652994],[6.502744,51.653704],[6.503461,51.654402],[6.504172,51.654045],[6.504833,51.654442],[6.509447,51.657833],[6.508592,51.658269],[6.509737,51.659287],[6.509355,51.661326],[6.504763,51.661293],[6.500353,51.661536],[6.495437,51.66213],[6.490762,51.663024],[6.48745,51.663884],[6.484798,51.664869],[6.482327,51.666112],[6.480006,51.667753],[6.478391,51.669347],[6.476725,51.671627],[6.474436,51.67568],[6.473405,51.678075],[6.469775,51.689227],[6.467621,51.693801],[6.464233,51.698651],[6.462239,51.700578],[6.460364,51.702026],[6.463111,51.703677],[6.463048,51.703797],[6.463708,51.70361],[6.464338,51.70442],[6.464324,51.704942],[6.465245,51.705898],[6.465989,51.70637],[6.476427,51.717709],[6.478517,51.718563],[6.481217,51.719103],[6.483509,51.719857],[6.485783,51.720097],[6.486943,51.719948],[6.495489,51.721805],[6.498025,51.72221],[6.500704,51.722329],[6.502109,51.722863],[6.503817,51.722767],[6.506337,51.722082],[6.507781,51.721947],[6.509151,51.72156],[6.509267,51.72168],[6.510983,51.721001],[6.511854,51.720372],[6.528571,51.723608],[6.529637,51.721364],[6.530738,51.721801],[6.531692,51.721179],[6.532001,51.720431],[6.531978,51.719697],[6.532169,51.719232],[6.532888,51.718457],[6.533447,51.717238],[6.533968,51.716697],[6.535774,51.716137],[6.538954,51.715559],[6.5394,51.715008],[6.539696,51.713178],[6.540255,51.712501],[6.543252,51.711369],[6.545213,51.710345],[6.546293,51.710061],[6.547609,51.70864],[6.551466,51.710587],[6.551346,51.709847],[6.56362,51.703575],[6.56318,51.703031],[6.577376,51.697018],[6.580007,51.698168],[6.581259,51.697441],[6.58284,51.697593],[6.584712,51.697277],[6.586271,51.69724],[6.586986,51.695587],[6.587864,51.695499],[6.589947,51.695761],[6.592215,51.696432],[6.593681,51.695283],[6.593585,51.695969],[6.595075,51.696031],[6.594291,51.69732],[6.596747,51.697937],[6.596978,51.69754],[6.597429,51.697641],[6.597211,51.698079],[6.597519,51.698168],[6.597983,51.697295],[6.60011,51.697681],[6.600239,51.69651],[6.600662,51.695995],[6.604996,51.696299],[6.603593,51.699447],[6.605838,51.699691],[6.608484,51.699291],[6.611691,51.699829],[6.612347,51.697515],[6.613112,51.697278],[6.614469,51.697689],[6.61514,51.69809],[6.615524,51.696966],[6.618868,51.697605],[6.619665,51.696331],[6.621246,51.696667],[6.621029,51.695586],[6.620493,51.695001],[6.620474,51.694657],[6.624004,51.695569],[6.625637,51.694037],[6.626286,51.693154],[6.6267,51.693495],[6.628,51.694001],[6.63011,51.694617],[6.633902,51.694636],[6.64091,51.699255],[6.645887,51.699135],[6.654037,51.700627],[6.657431,51.701429],[6.659247,51.701397],[6.662388,51.700338],[6.666524,51.698312],[6.669078,51.696567],[6.673636,51.692749],[6.676421,51.690701],[6.674391,51.688337],[6.669209,51.684711],[6.680685,51.683463],[6.681188,51.682542],[6.682937,51.682153],[6.689748,51.681792],[6.689805,51.680838],[6.692397,51.679833],[6.700812,51.677981],[6.707971,51.676133],[6.707583,51.675649],[6.707766,51.675478],[6.707628,51.674868],[6.708506,51.674532],[6.707281,51.673524],[6.708421,51.673096],[6.707701,51.672222],[6.708039,51.672075],[6.708577,51.672206],[6.708601,51.671592],[6.709858,51.669477],[6.709823,51.668721],[6.710212,51.666555],[6.71041,51.666448],[6.710533,51.665821],[6.710449,51.664334],[6.710951,51.663123],[6.710945,51.661743],[6.711301,51.660642],[6.713299,51.657678],[6.713502,51.656189],[6.713271,51.655681],[6.71206,51.655646],[6.712798,51.654373],[6.713251,51.654421],[6.713736,51.653743],[6.709207,51.652364],[6.708224,51.651792],[6.70776,51.650382],[6.708081,51.649632],[6.708854,51.649092],[6.708564,51.647893],[6.706794,51.647798],[6.705539,51.647126],[6.704977,51.646397],[6.704619,51.644546],[6.703507,51.643625],[6.701023,51.643198],[6.699097,51.643527],[6.69806,51.644417],[6.69698,51.646504],[6.695794,51.646919],[6.694995,51.646786],[6.693823,51.646214],[6.691028,51.643694],[6.689575,51.643058],[6.688113,51.64311],[6.686039,51.643904],[6.684101,51.644313],[6.683921,51.643871],[6.684132,51.642704],[6.68445,51.642417],[6.684191,51.641999],[6.684626,51.641273],[6.684257,51.640929],[6.684052,51.640291],[6.681785,51.640209],[6.682627,51.638312],[6.683858,51.636879],[6.682806,51.636462],[6.683161,51.63597],[6.682679,51.636061],[6.680315,51.635296],[6.678036,51.635076],[6.672108,51.634975],[6.659058,51.635353],[6.657955,51.635211],[6.654172,51.63431],[6.647593,51.631217],[6.641831,51.629592],[6.637098,51.628611],[6.637015,51.628759],[6.635941,51.628724],[6.627092,51.627719],[6.618181,51.629568],[6.618153,51.629722],[6.615083,51.630353],[6.611839,51.631287],[6.610443,51.631871],[6.609204,51.632655],[6.608664,51.63331],[6.607981,51.635979],[6.608257,51.636088],[6.608263,51.636775],[6.603791,51.635455],[6.600765,51.634998],[6.592799,51.629828],[6.590366,51.627834],[6.588425,51.625423],[6.587263,51.622816],[6.586979,51.621449],[6.586921,51.619866],[6.580918,51.618422],[6.579789,51.617754],[6.578992,51.617638],[6.578387,51.619379],[6.57807,51.622091],[6.577364,51.623138],[6.575736,51.624648],[6.567634,51.618433],[6.566305,51.61846],[6.564982,51.619136],[6.560931,51.616257],[6.55675,51.618934],[6.554807,51.61974],[6.554727,51.620725],[6.555461,51.62316],[6.555681,51.624594],[6.556085,51.624942],[6.555711,51.625373],[6.556095,51.626437],[6.555497,51.62844],[6.554687,51.629489],[6.554561,51.629406],[6.553032,51.630334],[6.55165,51.630261],[6.548421,51.630744],[6.544496,51.630821],[6.543655,51.631119]]]},"properties":{"name":"Wesel","basis":"Auf der offiziellen Revierübersicht benannte oder innerhalb des kartierten Megaplexumrisses liegende Kommune; heutige Gemeindegrenze als geografische Liniengrundlage","boundary_role":"lore-municipality","source":"Code for Germany / Click That Hood","source_url":"https://github.com/codeforgermany/click_that_hood","boundary_review_status":"contextual","boundary_review_label":"Offizielle RRP-Karte abgeglichen; heutige Gemeindegeometrie nur als Liniengrundlage","entity_id":322,"description_preview":"Wesel ist auf der offiziellen Revierübersicht als Stadt oder Kommune innerhalb des Rhein-Ruhr-Megaplexes verzeichnet.","description_full":"Wesel ist auf der offiziellen Revierübersicht als Stadt oder Kommune innerhalb des Rhein-Ruhr-Megaplexes verzeichnet. Die Flächendarstellung folgt dem mit der offiziellen Shadowrun-Karte abgeglichenen Kommunenbestand. Die heutige Gemeindegeometrie dient ausschließlich als geografische Liniengrundlage; eine darüber hinausgehende eigene Stadtbeschreibung ist im zugeordneten Datenmaterial nicht eindeutig belegt.","editions":["SR6","SR4"],"sources":[{"bookId":"rrp-map-sr6","title":"Revierbericht 2082 – Karte","edition":"SR6","citation":"Revierübersicht: Stadt/Kommune Wesel","purpose":"description"},{"bookId":"rrmp-sr4","title":"Rhein-Ruhr-Megaplex","edition":"SR4","citation":"RRP-Kapitel: Wesel","purpose":"description"}]}},{"type":"Feature","geometry":{"type":"Polygon","coordinates":[[[6.950069,50.839686],[6.953325,50.8366],[6.95466,50.834767],[6.967327,50.838878],[6.967818,50.839259],[6.968786,50.840669],[6.970728,50.842308],[6.97182,50.843121],[6.973658,50.844102],[6.976628,50.841183],[6.977861,50.841569],[6.980516,50.840859],[6.979604,50.839235],[6.979031,50.837265],[6.979051,50.835383],[6.979561,50.833648],[6.98047,50.832074],[6.982118,50.830194],[6.983723,50.828921],[6.986065,50.827565],[6.989259,50.826293],[6.992853,50.82544],[7.008105,50.824361],[7.013246,50.823534],[7.017121,50.822494],[7.01903,50.821793],[7.022052,50.820346],[7.024165,50.818898],[7.025589,50.817587],[7.026932,50.815983],[7.028343,50.813476],[7.029162,50.811151],[7.029554,50.808745],[7.029547,50.800677],[7.027066,50.800682],[7.024563,50.80044],[7.022631,50.800544],[7.023328,50.801909],[7.021256,50.801893],[7.019253,50.802478],[7.017509,50.801264],[7.014107,50.800567],[7.016338,50.798461],[7.016079,50.798356],[7.010269,50.796485],[7.009471,50.797297],[7.005334,50.796004],[7.004577,50.796943],[7.000962,50.795774],[6.996563,50.793473],[6.991334,50.792695],[6.990506,50.795574],[6.990625,50.798984],[6.986849,50.797587],[6.984919,50.799368],[6.985253,50.799512],[6.984136,50.800361],[6.982127,50.798303],[6.980747,50.797678],[6.977774,50.799504],[6.975504,50.798404],[6.973281,50.799943],[6.972634,50.799541],[6.96943,50.801551],[6.966266,50.799489],[6.961797,50.803136],[6.960089,50.803445],[6.960145,50.803673],[6.958195,50.804285],[6.956625,50.80347],[6.954778,50.80286],[6.95073,50.802662],[6.947571,50.803194],[6.946435,50.802912],[6.941722,50.803975],[6.943689,50.804503],[6.943323,50.805402],[6.942538,50.805945],[6.94269,50.806043],[6.935983,50.81073],[6.936722,50.811078],[6.93943,50.811678],[6.936341,50.817337],[6.934364,50.823117],[6.934108,50.823136],[6.93406,50.823996],[6.932871,50.828428],[6.928867,50.837495],[6.931256,50.837364],[6.937399,50.8383],[6.939908,50.838367],[6.939689,50.838724],[6.940914,50.839109],[6.940375,50.83995],[6.941492,50.840281],[6.939527,50.842222],[6.938532,50.843472],[6.938166,50.844333],[6.944901,50.845424],[6.950069,50.839686]]]},"properties":{"name":"Wesseling","basis":"Auf der offiziellen Revierübersicht benannte oder innerhalb des kartierten Megaplexumrisses liegende Kommune; heutige Gemeindegrenze als geografische Liniengrundlage","boundary_role":"lore-municipality","source":"Code for Germany / Click That Hood","source_url":"https://github.com/codeforgermany/click_that_hood","boundary_review_status":"contextual","boundary_review_label":"Offizielle RRP-Karte abgeglichen; heutige Gemeindegeometrie nur als Liniengrundlage","entity_id":323,"description_preview":"Wesseling ist auf der offiziellen Revierübersicht als Stadt oder Kommune innerhalb des Rhein-Ruhr-Megaplexes verzeichnet.","description_full":"Wesseling ist auf der offiziellen Revierübersicht als Stadt oder Kommune innerhalb des Rhein-Ruhr-Megaplexes verzeichnet. Die Flächendarstellung folgt dem mit der offiziellen Shadowrun-Karte abgeglichenen Kommunenbestand. Die heutige Gemeindegeometrie dient ausschließlich als geografische Liniengrundlage; eine darüber hinausgehende eigene Stadtbeschreibung ist im zugeordneten Datenmaterial nicht eindeutig belegt.","editions":["SR6","SR3"],"sources":[{"bookId":"rrp-map-sr6","title":"Revierbericht 2082 – Karte","edition":"SR6","citation":"Revierübersicht: Stadt/Kommune Wesseling","purpose":"description"},{"bookId":"archive-sr3-schockwellen","title":"Schockwellen","edition":"SR3","citation":"RRP-Kontextverweis: Wesseling","purpose":"description"}]}},{"type":"Feature","geometry":{"type":"Polygon","coordinates":[[[6.5584,51.287396],[6.579558,51.286029],[6.579753,51.286084],[6.579649,51.28687],[6.585017,51.286554],[6.585279,51.284741],[6.585789,51.283242],[6.586062,51.279798],[6.58682,51.279808],[6.586872,51.279134],[6.588668,51.279172],[6.588346,51.278133],[6.587088,51.276388],[6.589231,51.275355],[6.592828,51.268575],[6.593552,51.264603],[6.595234,51.264833],[6.5963,51.261601],[6.599241,51.262041],[6.604643,51.261903],[6.610537,51.263377],[6.613379,51.255986],[6.616096,51.252888],[6.620103,51.252961],[6.620132,51.253135],[6.623778,51.253123],[6.62596,51.250348],[6.622788,51.249708],[6.618846,51.249297],[6.619449,51.247502],[6.605261,51.247665],[6.60519,51.245011],[6.601286,51.245048],[6.601202,51.242497],[6.596924,51.242536],[6.596905,51.241869],[6.58243,51.241729],[6.582622,51.240913],[6.578593,51.240659],[6.575255,51.240651],[6.567776,51.241063],[6.567198,51.239266],[6.566522,51.238172],[6.572052,51.237934],[6.572047,51.237266],[6.571801,51.237222],[6.571735,51.236659],[6.571059,51.236175],[6.567434,51.23436],[6.566501,51.234484],[6.565731,51.234154],[6.565851,51.233734],[6.562317,51.22868],[6.555183,51.228968],[6.535903,51.231239],[6.533106,51.228569],[6.53466,51.228371],[6.532695,51.226442],[6.533627,51.226126],[6.52993,51.222579],[6.517182,51.227773],[6.519992,51.230415],[6.504845,51.232186],[6.504144,51.233378],[6.504448,51.234823],[6.482693,51.237318],[6.479064,51.236039],[6.478097,51.235962],[6.476751,51.237132],[6.472016,51.239228],[6.461273,51.245846],[6.433981,51.261979],[6.412975,51.273178],[6.415635,51.274259],[6.415941,51.274196],[6.437984,51.281587],[6.437574,51.281987],[6.437516,51.282381],[6.438857,51.282004],[6.439183,51.282301],[6.439107,51.282528],[6.439926,51.282249],[6.445196,51.284075],[6.445881,51.284827],[6.448313,51.286289],[6.448449,51.286189],[6.450708,51.287107],[6.450359,51.287499],[6.452295,51.287997],[6.452632,51.287191],[6.455907,51.288385],[6.456444,51.287743],[6.492797,51.299934],[6.493067,51.299537],[6.499792,51.294235],[6.50133,51.291118],[6.500308,51.289916],[6.514291,51.291377],[6.516943,51.287666],[6.515882,51.286788],[6.516118,51.286698],[6.517993,51.28827],[6.525596,51.289036],[6.525371,51.288408],[6.529082,51.288807],[6.533667,51.288901],[6.554848,51.287679],[6.55494,51.288344],[6.556021,51.288384],[6.5584,51.287396]]]},"properties":{"name":"Willich","basis":"Auf der offiziellen Revierübersicht benannte oder innerhalb des kartierten Megaplexumrisses liegende Kommune; heutige Gemeindegrenze als geografische Liniengrundlage","boundary_role":"lore-municipality","source":"Code for Germany / Click That Hood","source_url":"https://github.com/codeforgermany/click_that_hood","boundary_review_status":"contextual","boundary_review_label":"Offizielle RRP-Karte abgeglichen; heutige Gemeindegeometrie nur als Liniengrundlage","entity_id":324,"description_preview":"Willich ist auf der offiziellen Revierübersicht als Stadt oder Kommune innerhalb des Rhein-Ruhr-Megaplexes verzeichnet.","description_full":"Willich ist auf der offiziellen Revierübersicht als Stadt oder Kommune innerhalb des Rhein-Ruhr-Megaplexes verzeichnet. Die Flächendarstellung folgt dem mit der offiziellen Shadowrun-Karte abgeglichenen Kommunenbestand. Die heutige Gemeindegeometrie dient ausschließlich als geografische Liniengrundlage; eine darüber hinausgehende eigene Stadtbeschreibung ist im zugeordneten Datenmaterial nicht eindeutig belegt.","editions":["SR6"],"sources":[{"bookId":"rrp-map-sr6","title":"Revierbericht 2082 – Karte","edition":"SR6","citation":"Revierübersicht: Stadt/Kommune Willich","purpose":"description"}]}},{"type":"Feature","geometry":{"type":"Polygon","coordinates":[[[7.285376,51.438643],[7.286099,51.4392],[7.289847,51.440839],[7.293228,51.444266],[7.293294,51.445471],[7.292995,51.446879],[7.290994,51.449127],[7.291805,51.449364],[7.292012,51.449619],[7.291923,51.449788],[7.290382,51.45169],[7.289912,51.45163],[7.289525,51.451938],[7.288869,51.451673],[7.287548,51.453489],[7.289757,51.454445],[7.292292,51.454836],[7.292538,51.455222],[7.293643,51.455932],[7.293708,51.456204],[7.296725,51.456745],[7.29673,51.456564],[7.297608,51.456379],[7.298394,51.456398],[7.299431,51.455631],[7.299893,51.455594],[7.299844,51.455449],[7.302194,51.455948],[7.303047,51.455263],[7.304961,51.454336],[7.306697,51.454089],[7.309372,51.454263],[7.309412,51.454494],[7.314507,51.455887],[7.316422,51.456943],[7.319491,51.456579],[7.323028,51.456653],[7.324343,51.456697],[7.324356,51.457085],[7.324936,51.457141],[7.325024,51.456814],[7.325595,51.456399],[7.326041,51.456408],[7.326224,51.455906],[7.327993,51.456821],[7.328895,51.456237],[7.329585,51.456847],[7.330229,51.456425],[7.331319,51.456974],[7.331762,51.456502],[7.336571,51.457659],[7.33862,51.457805],[7.338663,51.457598],[7.340403,51.457722],[7.342026,51.456947],[7.34214,51.457344],[7.345264,51.460682],[7.345297,51.461023],[7.345405,51.460918],[7.34564,51.46112],[7.347382,51.463147],[7.347275,51.463852],[7.347981,51.464106],[7.348225,51.464534],[7.348827,51.464867],[7.349193,51.465865],[7.349081,51.467224],[7.349339,51.468674],[7.348729,51.469807],[7.348791,51.4701],[7.348234,51.471955],[7.348384,51.472614],[7.348674,51.472908],[7.348585,51.473402],[7.348033,51.474496],[7.348143,51.474587],[7.347867,51.474942],[7.347166,51.475033],[7.346897,51.475635],[7.349132,51.476158],[7.346454,51.480516],[7.34721,51.480765],[7.346544,51.481418],[7.348157,51.482668],[7.348796,51.482031],[7.351352,51.482253],[7.35131,51.483608],[7.352927,51.483753],[7.353037,51.48434],[7.353662,51.48432],[7.353978,51.482696],[7.354634,51.481936],[7.356184,51.482261],[7.356541,51.481761],[7.357881,51.480699],[7.359172,51.480933],[7.359844,51.480526],[7.361238,51.48054],[7.361263,51.480023],[7.362564,51.480351],[7.362762,51.480136],[7.364258,51.48092],[7.364704,51.48084],[7.367593,51.481526],[7.367352,51.481964],[7.371308,51.482677],[7.372629,51.480171],[7.371556,51.480371],[7.371354,51.479057],[7.370953,51.478318],[7.370924,51.477837],[7.371575,51.47645],[7.374033,51.476955],[7.374006,51.477314],[7.377654,51.478031],[7.379775,51.477853],[7.380536,51.478185],[7.38079,51.478784],[7.387105,51.474417],[7.389369,51.474111],[7.389047,51.472961],[7.389779,51.472825],[7.388994,51.471633],[7.388177,51.467235],[7.388607,51.466901],[7.388459,51.466364],[7.391031,51.46595],[7.391178,51.46532],[7.391169,51.464928],[7.39075,51.464295],[7.389281,51.462934],[7.389918,51.463026],[7.389173,51.462555],[7.391857,51.460953],[7.392193,51.461179],[7.392768,51.460933],[7.392627,51.459201],[7.39376,51.459157],[7.393801,51.457692],[7.398276,51.457597],[7.400389,51.458123],[7.404976,51.454858],[7.408342,51.454812],[7.408817,51.454019],[7.408749,51.45363],[7.411432,51.452797],[7.411141,51.45235],[7.411427,51.45231],[7.41131,51.452008],[7.412361,51.4517],[7.412024,51.451224],[7.41319,51.450884],[7.414171,51.45008],[7.414127,51.448284],[7.415069,51.44675],[7.416371,51.445622],[7.416778,51.445009],[7.418519,51.444686],[7.418643,51.443047],[7.418368,51.442122],[7.418743,51.440332],[7.420854,51.438057],[7.422104,51.437083],[7.421987,51.436707],[7.422552,51.435218],[7.422524,51.43413],[7.423448,51.43157],[7.413841,51.42842],[7.408363,51.426871],[7.404332,51.426824],[7.387847,51.421857],[7.388175,51.419802],[7.387141,51.418386],[7.386543,51.417176],[7.385516,51.415938],[7.382795,51.413854],[7.378198,51.411944],[7.370801,51.410064],[7.369246,51.410222],[7.368162,51.410642],[7.360882,51.407943],[7.360836,51.4077],[7.361185,51.407237],[7.359171,51.406911],[7.358553,51.406516],[7.356945,51.406197],[7.355915,51.406186],[7.355469,51.406573],[7.354918,51.406615],[7.355202,51.407501],[7.354697,51.407482],[7.354775,51.407801],[7.354344,51.408885],[7.354696,51.40892],[7.354644,51.409043],[7.353375,51.408951],[7.354346,51.404756],[7.361685,51.39843],[7.360232,51.397725],[7.356347,51.39982],[7.351342,51.401369],[7.349634,51.402144],[7.349155,51.402511],[7.349107,51.402967],[7.347689,51.402748],[7.345978,51.404785],[7.34462,51.406972],[7.344334,51.407876],[7.344094,51.409716],[7.344202,51.410083],[7.343677,51.409577],[7.343741,51.408389],[7.34335,51.408293],[7.339685,51.408739],[7.337377,51.408236],[7.335861,51.408966],[7.335044,51.409134],[7.333883,51.40908],[7.333051,51.409629],[7.331243,51.409529],[7.330837,51.408971],[7.330607,51.409079],[7.329581,51.408224],[7.327844,51.407215],[7.328941,51.406235],[7.327981,51.405144],[7.324441,51.403511],[7.323595,51.403884],[7.322364,51.403194],[7.321777,51.403622],[7.321167,51.403359],[7.322172,51.402707],[7.31858,51.401108],[7.31758,51.39956],[7.315494,51.397538],[7.315235,51.394047],[7.317793,51.393714],[7.318769,51.393128],[7.319497,51.391934],[7.318609,51.391255],[7.317595,51.391391],[7.31658,51.390746],[7.316581,51.3898],[7.315928,51.389048],[7.314239,51.387917],[7.311421,51.386501],[7.310616,51.384195],[7.310131,51.383696],[7.309107,51.383193],[7.309079,51.382363],[7.309532,51.380722],[7.308678,51.379741],[7.308856,51.379393],[7.306374,51.378723],[7.304375,51.378999],[7.303184,51.378613],[7.301648,51.378444],[7.299825,51.377329],[7.297902,51.376621],[7.2956,51.377463],[7.294917,51.377899],[7.294784,51.378561],[7.29493,51.378809],[7.293257,51.379075],[7.292345,51.37806],[7.291518,51.376334],[7.289834,51.373915],[7.288459,51.373169],[7.288265,51.372405],[7.285081,51.371276],[7.280536,51.370758],[7.277901,51.370059],[7.275907,51.370148],[7.274326,51.370756],[7.273133,51.371496],[7.272449,51.371653],[7.271879,51.372006],[7.271463,51.372568],[7.270513,51.372891],[7.269758,51.3728],[7.267932,51.374351],[7.267879,51.374747],[7.267362,51.375211],[7.267524,51.375409],[7.267398,51.375611],[7.266942,51.375861],[7.266915,51.376482],[7.266274,51.376857],[7.266557,51.377291],[7.266627,51.377992],[7.266311,51.378327],[7.265965,51.378392],[7.265775,51.37929],[7.265912,51.379501],[7.265313,51.379855],[7.265543,51.380458],[7.265982,51.380687],[7.265807,51.381685],[7.265484,51.38203],[7.265004,51.382082],[7.264157,51.383126],[7.263193,51.383393],[7.26273,51.384043],[7.262905,51.384382],[7.262163,51.384637],[7.262335,51.384934],[7.260228,51.384977],[7.259711,51.384484],[7.258029,51.383815],[7.255909,51.383295],[7.25712,51.384857],[7.257136,51.385168],[7.256504,51.385699],[7.254574,51.38517],[7.252742,51.388619],[7.254669,51.389325],[7.254258,51.390043],[7.253897,51.390233],[7.252965,51.389937],[7.252477,51.39061],[7.249396,51.389678],[7.248555,51.391681],[7.249074,51.392447],[7.248938,51.393447],[7.249587,51.393629],[7.248101,51.394758],[7.246377,51.39461],[7.246075,51.394891],[7.247175,51.39531],[7.247388,51.396695],[7.247342,51.398124],[7.246728,51.398119],[7.246678,51.398596],[7.247307,51.398695],[7.246766,51.401044],[7.247906,51.401259],[7.249394,51.401061],[7.250078,51.401239],[7.251083,51.402092],[7.252039,51.402274],[7.251488,51.403791],[7.251783,51.404112],[7.25157,51.40473],[7.251684,51.405165],[7.250238,51.406213],[7.256625,51.409776],[7.255794,51.409783],[7.254692,51.411469],[7.255061,51.411703],[7.253813,51.413119],[7.252724,51.413573],[7.253867,51.415025],[7.256658,51.417911],[7.258104,51.420846],[7.258634,51.421565],[7.259582,51.422234],[7.261031,51.42288],[7.26364,51.423629],[7.267493,51.424127],[7.269451,51.424786],[7.271271,51.425684],[7.274417,51.429641],[7.27556,51.43067],[7.274924,51.430695],[7.275734,51.433684],[7.276553,51.434756],[7.280893,51.437106],[7.28501,51.437985],[7.285376,51.438643]]]},"properties":{"name":"Witten","basis":"Auf der offiziellen Revierübersicht benannte oder innerhalb des kartierten Megaplexumrisses liegende Kommune; heutige Gemeindegrenze als geografische Liniengrundlage","boundary_role":"lore-municipality","source":"Code for Germany / Click That Hood","source_url":"https://github.com/codeforgermany/click_that_hood","boundary_review_status":"contextual","boundary_review_label":"Offizielle RRP-Karte abgeglichen; heutige Gemeindegeometrie nur als Liniengrundlage","entity_id":325,"description_preview":"Witten ist auf der offiziellen Revierübersicht als Stadt oder Kommune innerhalb des Rhein-Ruhr-Megaplexes verzeichnet.","description_full":"Witten ist auf der offiziellen Revierübersicht als Stadt oder Kommune innerhalb des Rhein-Ruhr-Megaplexes verzeichnet. Die Flächendarstellung folgt dem mit der offiziellen Shadowrun-Karte abgeglichenen Kommunenbestand. Die heutige Gemeindegeometrie dient ausschließlich als geografische Liniengrundlage; eine darüber hinausgehende eigene Stadtbeschreibung ist im zugeordneten Datenmaterial nicht eindeutig belegt.","editions":["SR6","SR1","SR3","SR4","SR5","SR2"],"sources":[{"bookId":"rrp-map-sr6","title":"Revierbericht 2082 – Karte","edition":"SR6","citation":"Revierübersicht: Stadt/Kommune Witten","purpose":"description"},{"bookId":"dids-sr1","title":"Deutschland in den Schatten","edition":"SR1","citation":"RRP-Kapitel: Witten","purpose":"description"},{"bookId":"dids2-sr3","title":"Deutschland in den Schatten II","edition":"SR3","citation":"RRP-Kapitel: Witten","purpose":"description"},{"bookId":"rrmp-sr4","title":"Rhein-Ruhr-Megaplex","edition":"SR4","citation":"RRP-Kapitel: Witten","purpose":"description"},{"bookId":"datapuls-adl-sr5","title":"Datapuls: ADL","edition":"SR5","citation":"RRP-Kapitel: Witten","purpose":"description"},{"bookId":"dids-sr2","title":"Deutschland in den Schatten","edition":"SR2","citation":"RRP-Kapitel (identischer SR1/SR2-Bestand): Witten","purpose":"description"},{"bookId":"archive-sr4-berlin","title":"Berlin","edition":"SR4","citation":"RRP-Kontextverweis: Witten","purpose":"description"},{"bookId":"archive-sr4-reisef-hrer-in-die-deutschen-schatten","title":"Reiseführer in die deutschen Schatten","edition":"SR4","citation":"RRP-Kontextverweis: Witten","purpose":"description"},{"bookId":"archive-sr4-shadowrun-4d-konzerndossier","title":"Shadowrun 4D Konzerndossier","edition":"SR4","citation":"RRP-Kontextverweis: Witten","purpose":"description"},{"bookId":"archive-sr5-megakons-2078","title":"Megakons 2078","edition":"SR5","citation":"RRP-Kontextverweis: Witten","purpose":"description"},{"bookId":"archive-sr5-neo-anarchistische-enzyklop-die","title":"Neo-Anarchistische Enzyklopädie","edition":"SR5","citation":"RRP-Kontextverweis: Witten","purpose":"description"},{"bookId":"archive-sr5-datapuls-komplett","title":"Datapuls - Komplett","edition":"SR5","citation":"RRP-Kontextverweis: Witten","purpose":"description"},{"bookId":"archive-sr5-datapuls-adl-allianz-deutscher-l-nder","title":"Datapuls ADL (Allianz deutscher Länder)","edition":"SR5","citation":"RRP-Kontextverweis: Witten","purpose":"description"},{"bookId":"archive-sr5-datapuls-adl","title":"Datapuls ADL","edition":"SR5","citation":"RRP-Kontextverweis: Witten","purpose":"description"},{"bookId":"archive-sr5-market-panic","title":"Market Panic","edition":"SR5","citation":"RRP-Kontextverweis: Witten","purpose":"description"},{"bookId":"archive-sr6-neo-anarchistische-enzyklopdie","title":"Neo Anarchistische Enzyklopdie","edition":"SR6","citation":"RRP-Kontextverweis: Witten","purpose":"description"},{"bookId":"revierbericht-sr6","title":"Revierbericht 2082","edition":"SR6","citation":"RRP-Kontextverweis: Witten","purpose":"description"}]}},{"type":"Feature","geometry":{"type":"Polygon","coordinates":[[[7.252965,51.221545],[7.252853,51.221916],[7.253038,51.222119],[7.251712,51.222179],[7.251733,51.222482],[7.249302,51.222703],[7.247335,51.222694],[7.246305,51.221667],[7.244896,51.222844],[7.244046,51.222537],[7.243305,51.223483],[7.242126,51.222706],[7.236288,51.226208],[7.235991,51.225839],[7.234737,51.226808],[7.234584,51.226766],[7.234762,51.226362],[7.233492,51.226128],[7.233436,51.224762],[7.229672,51.224615],[7.227133,51.223828],[7.226799,51.223888],[7.224467,51.222805],[7.224704,51.222778],[7.223233,51.22209],[7.22235,51.221441],[7.218706,51.221513],[7.21728,51.221275],[7.217155,51.2209],[7.215094,51.219042],[7.212734,51.217422],[7.211985,51.217027],[7.208759,51.216009],[7.208198,51.216068],[7.208074,51.215316],[7.207375,51.215309],[7.207511,51.214251],[7.20499,51.213368],[7.20302,51.212282],[7.202861,51.211405],[7.196613,51.213005],[7.1966,51.214218],[7.19615,51.215863],[7.194701,51.21572],[7.191487,51.214169],[7.190525,51.214648],[7.188509,51.214002],[7.185981,51.214035],[7.184893,51.21351],[7.182322,51.212869],[7.178419,51.213651],[7.176724,51.214278],[7.176596,51.214032],[7.176038,51.214262],[7.174947,51.213697],[7.171286,51.213393],[7.169569,51.21221],[7.165542,51.2112],[7.165189,51.210377],[7.162699,51.208526],[7.162931,51.207919],[7.162767,51.207531],[7.163528,51.206866],[7.163784,51.206377],[7.163837,51.205278],[7.164056,51.204995],[7.163849,51.204802],[7.16406,51.204666],[7.162947,51.204432],[7.161697,51.203484],[7.162099,51.203191],[7.161428,51.202538],[7.16099,51.202765],[7.159979,51.202312],[7.159579,51.20267],[7.158193,51.202028],[7.155767,51.201979],[7.155499,51.201459],[7.155737,51.201472],[7.155582,51.201018],[7.156441,51.200909],[7.156207,51.200661],[7.156826,51.200529],[7.157167,51.199972],[7.157221,51.199744],[7.156418,51.198852],[7.156986,51.19844],[7.156163,51.197137],[7.154693,51.195852],[7.154842,51.195687],[7.153209,51.194406],[7.153085,51.19363],[7.153745,51.192837],[7.153562,51.192423],[7.152619,51.192307],[7.149211,51.19367],[7.148522,51.193678],[7.148139,51.193526],[7.148147,51.192988],[7.148487,51.192405],[7.148143,51.19171],[7.147139,51.191413],[7.146551,51.190947],[7.14525,51.190909],[7.144957,51.190412],[7.143485,51.190729],[7.142752,51.190501],[7.142108,51.19055],[7.141395,51.190081],[7.141372,51.189599],[7.142129,51.188888],[7.143843,51.187956],[7.144539,51.187784],[7.145948,51.186759],[7.145998,51.186419],[7.145245,51.185609],[7.145504,51.18507],[7.146393,51.18525],[7.147255,51.185064],[7.148008,51.18429],[7.147942,51.183588],[7.149508,51.182681],[7.149676,51.181768],[7.14999,51.181407],[7.149882,51.181048],[7.150452,51.179978],[7.150005,51.179743],[7.14984,51.179139],[7.150332,51.176423],[7.150428,51.176178],[7.15151,51.175551],[7.152029,51.174842],[7.150813,51.173613],[7.150127,51.173574],[7.148262,51.17289],[7.148,51.172578],[7.148263,51.172236],[7.14811,51.171668],[7.147745,51.171277],[7.147251,51.171315],[7.146031,51.171865],[7.144794,51.173006],[7.144046,51.173012],[7.142191,51.171268],[7.139969,51.169996],[7.137798,51.169105],[7.137091,51.168515],[7.136295,51.167478],[7.135934,51.165687],[7.133347,51.166292],[7.132604,51.168438],[7.132565,51.169112],[7.132217,51.169752],[7.131378,51.170587],[7.128684,51.174126],[7.127999,51.174535],[7.125917,51.175136],[7.123144,51.175466],[7.121944,51.176575],[7.121673,51.177352],[7.122471,51.178116],[7.124251,51.17932],[7.125479,51.180521],[7.12581,51.181355],[7.125642,51.182619],[7.123703,51.182994],[7.115601,51.18383],[7.11414,51.183813],[7.113664,51.184069],[7.113263,51.186063],[7.113991,51.187497],[7.111073,51.190022],[7.109887,51.191746],[7.10729,51.194587],[7.106673,51.195538],[7.107361,51.196668],[7.107444,51.197747],[7.107225,51.198549],[7.107518,51.19899],[7.108061,51.200905],[7.108339,51.203217],[7.107727,51.203799],[7.107153,51.203922],[7.104083,51.205647],[7.103688,51.206134],[7.103713,51.206454],[7.105529,51.207869],[7.107973,51.210252],[7.108317,51.210917],[7.108241,51.211379],[7.10759,51.212077],[7.10545,51.213541],[7.105394,51.214462],[7.103513,51.214781],[7.102895,51.215213],[7.102808,51.215738],[7.102231,51.216241],[7.101195,51.216458],[7.100386,51.216277],[7.097563,51.217336],[7.096093,51.217261],[7.095096,51.217606],[7.094304,51.218048],[7.093829,51.218764],[7.092954,51.219214],[7.092704,51.219998],[7.092232,51.220296],[7.090951,51.220326],[7.086417,51.219781],[7.085546,51.219956],[7.084723,51.219719],[7.082438,51.220191],[7.080712,51.219238],[7.0775,51.21853],[7.076836,51.218116],[7.076415,51.21836],[7.065764,51.217282],[7.064274,51.21661],[7.064096,51.216326],[7.060162,51.214104],[7.05971,51.213123],[7.058617,51.211951],[7.058184,51.210714],[7.057656,51.210128],[7.056151,51.210566],[7.052561,51.210505],[7.047999,51.208899],[7.046771,51.20931],[7.044834,51.210475],[7.044989,51.210599],[7.044669,51.210499],[7.043578,51.211378],[7.042241,51.212028],[7.04146,51.213824],[7.039183,51.214457],[7.037962,51.214569],[7.036356,51.215201],[7.034956,51.216472],[7.034639,51.217223],[7.036096,51.217356],[7.035808,51.217671],[7.037771,51.218365],[7.039032,51.218581],[7.038355,51.220232],[7.036602,51.220124],[7.035742,51.220632],[7.038557,51.221203],[7.040797,51.220916],[7.04169,51.221113],[7.042055,51.221422],[7.042013,51.221582],[7.04072,51.222632],[7.040476,51.22383],[7.041963,51.224512],[7.041465,51.225256],[7.043575,51.22548],[7.043617,51.225295],[7.045401,51.226424],[7.044678,51.226779],[7.045014,51.227063],[7.045454,51.228017],[7.044959,51.22875],[7.04726,51.229683],[7.047488,51.229536],[7.04863,51.230308],[7.050026,51.230944],[7.051145,51.231059],[7.051831,51.230914],[7.051711,51.232428],[7.051023,51.232338],[7.050509,51.232524],[7.04877,51.23202],[7.047327,51.231312],[7.047117,51.231546],[7.04402,51.229904],[7.041616,51.227899],[7.040666,51.227555],[7.037927,51.230399],[7.037749,51.231019],[7.037037,51.231999],[7.037652,51.232156],[7.037815,51.233384],[7.037406,51.233726],[7.036393,51.234101],[7.038669,51.235311],[7.036332,51.236457],[7.035952,51.237056],[7.035239,51.23766],[7.032655,51.237939],[7.032564,51.238912],[7.03291,51.239332],[7.030269,51.240961],[7.02718,51.241938],[7.024018,51.243427],[7.023451,51.244122],[7.022082,51.243726],[7.02195,51.243326],[7.021516,51.243435],[7.021878,51.242706],[7.021445,51.242619],[7.014955,51.244599],[7.014077,51.245387],[7.014791,51.245825],[7.015335,51.246992],[7.015997,51.247665],[7.021173,51.249963],[7.024142,51.24899],[7.024615,51.248635],[7.026165,51.249537],[7.027173,51.249527],[7.027189,51.248727],[7.029241,51.246951],[7.029558,51.246863],[7.032537,51.247424],[7.033928,51.247496],[7.034259,51.247237],[7.034728,51.247199],[7.033505,51.248705],[7.03344,51.249067],[7.035744,51.249334],[7.036375,51.249053],[7.038653,51.250377],[7.03895,51.251028],[7.040649,51.252921],[7.040935,51.254051],[7.040905,51.254714],[7.041415,51.254686],[7.041737,51.254947],[7.042762,51.2551],[7.04447,51.25592],[7.046001,51.256355],[7.051523,51.256007],[7.053794,51.256989],[7.054319,51.256187],[7.055315,51.256297],[7.055885,51.255608],[7.056969,51.255946],[7.057128,51.256526],[7.057804,51.256735],[7.058965,51.256388],[7.059551,51.256836],[7.059828,51.257682],[7.060077,51.257836],[7.061651,51.257596],[7.06229,51.258098],[7.062873,51.260243],[7.063249,51.260273],[7.064418,51.262211],[7.065278,51.262769],[7.065697,51.263286],[7.06836,51.264838],[7.069268,51.265701],[7.07192,51.267354],[7.072039,51.267262],[7.072913,51.267706],[7.072841,51.268353],[7.07323,51.269122],[7.074169,51.270242],[7.075264,51.272707],[7.076905,51.274996],[7.077908,51.277018],[7.078732,51.278025],[7.07889,51.278802],[7.080867,51.280574],[7.0838,51.28138],[7.084227,51.280869],[7.08471,51.281022],[7.085145,51.280717],[7.08674,51.281438],[7.0872,51.280996],[7.089213,51.281672],[7.091124,51.28096],[7.092045,51.281707],[7.094713,51.282131],[7.095571,51.282565],[7.097706,51.282602],[7.09733,51.282944],[7.095805,51.28345],[7.095424,51.28459],[7.097154,51.284502],[7.097454,51.284897],[7.098019,51.285085],[7.098116,51.285552],[7.09773,51.285833],[7.096101,51.286063],[7.095652,51.286743],[7.095256,51.288117],[7.096897,51.288783],[7.096743,51.288941],[7.097755,51.289385],[7.098988,51.289728],[7.098507,51.291305],[7.098018,51.29117],[7.096469,51.291728],[7.095668,51.292569],[7.096432,51.294168],[7.095937,51.294349],[7.098613,51.297346],[7.103466,51.30134],[7.105333,51.302192],[7.108296,51.3029],[7.108175,51.303031],[7.113163,51.303801],[7.114587,51.30422],[7.115815,51.304876],[7.117021,51.306007],[7.118411,51.305071],[7.118286,51.304387],[7.120033,51.303136],[7.120059,51.302573],[7.120373,51.302312],[7.120111,51.301646],[7.120969,51.301253],[7.122511,51.30194],[7.12381,51.301608],[7.125382,51.302162],[7.128945,51.304232],[7.12863,51.304426],[7.12917,51.304407],[7.131898,51.306066],[7.13377,51.306789],[7.134051,51.306758],[7.13438,51.306246],[7.13612,51.305856],[7.139934,51.306396],[7.142086,51.306392],[7.142123,51.306576],[7.143411,51.306255],[7.144541,51.306834],[7.14475,51.306565],[7.144893,51.306641],[7.144774,51.306801],[7.146255,51.307597],[7.149035,51.308062],[7.154443,51.309589],[7.155888,51.309848],[7.158242,51.309766],[7.161138,51.310245],[7.164945,51.311887],[7.166369,51.312289],[7.167176,51.312828],[7.168506,51.31253],[7.170066,51.312509],[7.170471,51.312157],[7.170302,51.311962],[7.170508,51.311822],[7.17068,51.310972],[7.171374,51.310859],[7.171451,51.310607],[7.171756,51.310493],[7.172393,51.310666],[7.172892,51.310335],[7.172957,51.310098],[7.17476,51.310209],[7.175027,51.309955],[7.175776,51.309913],[7.17605,51.309565],[7.176692,51.309336],[7.177698,51.307957],[7.177428,51.306884],[7.178117,51.306617],[7.178716,51.306116],[7.180194,51.306136],[7.180214,51.305655],[7.180729,51.305695],[7.180767,51.305518],[7.179577,51.303839],[7.178844,51.303418],[7.178809,51.303198],[7.178024,51.302933],[7.176379,51.301636],[7.174656,51.300875],[7.173019,51.299576],[7.171191,51.298795],[7.169004,51.298296],[7.168652,51.297592],[7.171369,51.297939],[7.172416,51.298283],[7.1765,51.298243],[7.17934,51.298474],[7.181397,51.298759],[7.182248,51.299139],[7.182771,51.298243],[7.183829,51.2986],[7.184471,51.297612],[7.185504,51.297749],[7.185278,51.297544],[7.185806,51.295917],[7.188212,51.296394],[7.189675,51.295028],[7.191536,51.295639],[7.191652,51.295077],[7.193035,51.295376],[7.193427,51.294972],[7.194406,51.295105],[7.194507,51.294849],[7.194983,51.294964],[7.195583,51.294719],[7.197091,51.294902],[7.19784,51.294573],[7.199828,51.295088],[7.199438,51.29553],[7.200352,51.295677],[7.201358,51.296432],[7.201396,51.297318],[7.20116,51.297791],[7.203064,51.298837],[7.20498,51.300343],[7.206258,51.300829],[7.206426,51.301275],[7.207836,51.301949],[7.208237,51.301551],[7.210973,51.302424],[7.211912,51.302287],[7.213676,51.302569],[7.215151,51.303163],[7.219212,51.304175],[7.220389,51.304932],[7.223311,51.305283],[7.223249,51.306042],[7.220869,51.307687],[7.224668,51.308851],[7.225747,51.307866],[7.226021,51.308171],[7.227206,51.308623],[7.228313,51.309308],[7.228988,51.31058],[7.233756,51.308107],[7.236885,51.309944],[7.241217,51.311661],[7.240939,51.311887],[7.244137,51.312674],[7.244087,51.313065],[7.243826,51.313307],[7.2457,51.31358],[7.246181,51.313279],[7.248575,51.314903],[7.250229,51.314536],[7.250509,51.314783],[7.251194,51.31423],[7.253865,51.315285],[7.25351,51.315661],[7.256378,51.316785],[7.256969,51.316083],[7.259445,51.316333],[7.260405,51.316709],[7.260831,51.317094],[7.261731,51.317191],[7.263921,51.318093],[7.26463,51.316015],[7.264666,51.31504],[7.2631,51.314235],[7.260129,51.313352],[7.260591,51.312867],[7.262402,51.313187],[7.26478,51.31263],[7.26587,51.311713],[7.266094,51.311318],[7.266077,51.310845],[7.265851,51.309981],[7.264566,51.308101],[7.263531,51.307276],[7.263492,51.306808],[7.262852,51.305771],[7.262898,51.304835],[7.262638,51.304135],[7.262017,51.299684],[7.261136,51.29624],[7.260674,51.295385],[7.26029,51.29508],[7.259986,51.295106],[7.260196,51.294905],[7.259479,51.294031],[7.25678,51.291884],[7.256054,51.290592],[7.25603,51.290055],[7.25638,51.289086],[7.256231,51.2882],[7.255901,51.287619],[7.256068,51.287446],[7.25582,51.287175],[7.255711,51.286605],[7.25649,51.284677],[7.256436,51.283632],[7.257344,51.283209],[7.259527,51.283609],[7.260736,51.284497],[7.26104,51.284954],[7.261572,51.285002],[7.263565,51.285937],[7.264763,51.285188],[7.265127,51.284201],[7.266597,51.284618],[7.273397,51.278101],[7.274722,51.277877],[7.275501,51.275206],[7.277667,51.272367],[7.272895,51.270567],[7.272877,51.27011],[7.272082,51.268664],[7.270221,51.26655],[7.269886,51.265048],[7.268043,51.262166],[7.266784,51.260637],[7.26778,51.255757],[7.269931,51.255537],[7.269935,51.254643],[7.270863,51.255079],[7.270954,51.254747],[7.271115,51.254735],[7.271328,51.255075],[7.271632,51.255067],[7.272026,51.25583],[7.272297,51.259429],[7.273313,51.259726],[7.27513,51.259518],[7.275576,51.259114],[7.277841,51.255467],[7.280229,51.252741],[7.282916,51.250024],[7.284059,51.249651],[7.285966,51.249558],[7.288704,51.249722],[7.289789,51.249588],[7.291156,51.250273],[7.292276,51.250407],[7.298867,51.250056],[7.299417,51.25023],[7.300038,51.250749],[7.301499,51.252629],[7.302261,51.253027],[7.303338,51.253174],[7.304624,51.252814],[7.306518,51.251706],[7.306557,51.251303],[7.304446,51.249863],[7.303109,51.24927],[7.302083,51.249035],[7.298947,51.249026],[7.297382,51.248639],[7.296497,51.247679],[7.296798,51.246554],[7.297834,51.245677],[7.300193,51.244428],[7.302605,51.243772],[7.303155,51.243327],[7.303782,51.24243],[7.306027,51.240867],[7.307646,51.23827],[7.307057,51.237778],[7.307762,51.236721],[7.307948,51.235058],[7.30981,51.235257],[7.309543,51.235671],[7.309775,51.235781],[7.310725,51.235176],[7.312707,51.23459],[7.313416,51.234163],[7.312018,51.233826],[7.310838,51.23118],[7.310521,51.230925],[7.308172,51.230089],[7.307528,51.229711],[7.306876,51.22874],[7.305785,51.228541],[7.304288,51.227489],[7.299897,51.22579],[7.300147,51.225226],[7.300411,51.225096],[7.299102,51.22429],[7.298785,51.224455],[7.296838,51.223925],[7.297518,51.223129],[7.297906,51.223378],[7.299072,51.223345],[7.299471,51.223171],[7.299823,51.222713],[7.299761,51.222254],[7.300113,51.22129],[7.29945,51.221123],[7.299774,51.220815],[7.298802,51.220661],[7.299057,51.220318],[7.298421,51.22025],[7.298185,51.220671],[7.296001,51.220431],[7.295327,51.220655],[7.294997,51.219807],[7.295324,51.219498],[7.297018,51.218983],[7.298222,51.217707],[7.29879,51.217393],[7.29751,51.21657],[7.298108,51.215265],[7.298011,51.21488],[7.298154,51.214681],[7.298578,51.214852],[7.29924,51.213363],[7.299755,51.213432],[7.300291,51.212886],[7.300594,51.212112],[7.300053,51.210775],[7.300201,51.210632],[7.30084,51.210906],[7.30126,51.210187],[7.300694,51.210107],[7.299924,51.209626],[7.300007,51.208874],[7.299542,51.207853],[7.298289,51.206661],[7.297361,51.206083],[7.29757,51.205672],[7.29611,51.205599],[7.295841,51.205422],[7.295014,51.205532],[7.294354,51.20597],[7.29386,51.206046],[7.292877,51.206852],[7.292549,51.206773],[7.291731,51.207253],[7.291169,51.207358],[7.291173,51.207646],[7.290527,51.208243],[7.290749,51.208709],[7.29034,51.208867],[7.290091,51.209575],[7.289635,51.209971],[7.288475,51.209881],[7.287608,51.209218],[7.286496,51.209024],[7.284731,51.209863],[7.28101,51.208694],[7.279667,51.209887],[7.278225,51.210702],[7.277561,51.210854],[7.276593,51.208734],[7.272494,51.208601],[7.272674,51.208396],[7.271791,51.208518],[7.271553,51.209372],[7.271844,51.209876],[7.265684,51.209004],[7.264681,51.210064],[7.265848,51.210684],[7.266298,51.210707],[7.266632,51.21113],[7.263106,51.211902],[7.262466,51.211719],[7.26119,51.211716],[7.259927,51.211281],[7.2569,51.213124],[7.260485,51.214144],[7.26025,51.215002],[7.260563,51.215528],[7.260672,51.217439],[7.260899,51.217591],[7.260741,51.218194],[7.257812,51.218097],[7.257759,51.219254],[7.25569,51.219457],[7.255839,51.219523],[7.253402,51.221286],[7.253328,51.221677],[7.252965,51.221545]]]},"properties":{"name":"Wuppertal","basis":"Auf der offiziellen Revierübersicht benannte oder innerhalb des kartierten Megaplexumrisses liegende Kommune; heutige Gemeindegrenze als geografische Liniengrundlage","boundary_role":"lore-municipality","source":"Code for Germany / Click That Hood","source_url":"https://github.com/codeforgermany/click_that_hood","entity_id":253,"description_preview":"Wuppertal ist vertikal in Ebenen gegliedert: Talsohle und Unterstadt sind arm und gefährlich, höhere Ebenen dienen Verkehr, Konzernen und privilegiertem Wohnen.","description_full":"Wuppertal ist vertikal in Ebenen gegliedert: Talsohle und Unterstadt sind arm und gefährlich, höhere Ebenen dienen Verkehr, Konzernen und privilegiertem Wohnen. Die Zusammenfassung folgt dem Bezirkskapitel der angegebenen Edition; heutige Grenzen dienen nur der geografischen Einordnung.","editions":["SR6","SR1","SR2","SR3","SR4","SR5"],"boundary_review_status":"contextual","boundary_review_label":"Offizielle RRP-Karte abgeglichen; heutige Gemeindegeometrie nur als Liniengrundlage","sources":[{"bookId":"revierbericht-sr6","title":"Revierbericht 2082","edition":"SR6","citation":"S. 75–78","purpose":"description"},{"bookId":"dids-sr1","title":"Deutschland in den Schatten","edition":"SR1","citation":"RRP-Kapitel: Wuppertal","purpose":"description"},{"bookId":"dids-sr2","title":"Deutschland in den Schatten","edition":"SR2","citation":"RRP-Kapitel: Wuppertal","purpose":"description"},{"bookId":"dids2-sr3","title":"Deutschland in den Schatten II","edition":"SR3","citation":"RRP-Kapitel: Wuppertal","purpose":"description"},{"bookId":"rrmp-sr4","title":"Rhein-Ruhr-Megaplex","edition":"SR4","citation":"RRP-Kapitel: Wuppertal","purpose":"description"},{"bookId":"datapuls-adl-sr5","title":"Datapuls: ADL","edition":"SR5","citation":"RRP-Kapitel: Wuppertal","purpose":"description"}]}}]}
