{"type":"FeatureCollection","name":"Rhein-Ruhr-Megaplex Gebietsstatus","topology":{"model":"exclusive-partition","priority":["corporate","normal"],"unresolved_overlap_area_degrees_squared":0,"basis":"Rhein-Ruhr-Megaplex (SR4) und geografische Verwaltungsgrundlagen"},"features":[{"type":"Feature","geometry":{"type":"Polygon","coordinates":[[[6.9120371,51.3725463],[6.9136509,51.3716174],[6.9147799,51.3727703],[6.9151328,51.373737],[6.9163369,51.3746676],[6.9124637,51.3763435],[6.9098105,51.3779288],[6.9109875,51.3785946],[6.9109271,51.3791517],[6.912404,51.3799145],[6.9135261,51.3789899],[6.9149897,51.3796951],[6.9154554,51.3793698],[6.9178314,51.3807727],[6.9193766,51.3811652],[6.9198387,51.3816503],[6.9196872,51.3818152],[6.9221545,51.3819766],[6.9261809,51.382872],[6.9267635,51.3821026],[6.9290182,51.383381],[6.9275055,51.3853668],[6.9307231,51.3864275],[6.9333039,51.3877095],[6.9340143,51.3872591],[6.9375593,51.387506],[6.9404541,51.3880705],[6.9429324,51.3892178],[6.9436553,51.3893096],[6.9432565,51.3893212],[6.9456017,51.3927211],[6.944775940206102,51.393593105852496],[6.9255,51.393],[6.9135,51.4015],[6.9135,51.4105],[6.925,51.417],[6.944153651545929,51.41511410200163],[6.9471479,51.4181538],[6.9484105,51.4198488],[6.9514633,51.4221872],[6.9543609,51.423343],[6.9554425,51.4238971],[6.9543582,51.4233544],[6.9540686,51.4252659],[6.9543789,51.4253298],[6.9539637,51.4260326],[6.9546675,51.4293634],[6.9524036,51.4308036],[6.9511874,51.4318485],[6.9556338,51.4326285],[6.9558095,51.4330804],[6.9578233,51.4332618],[6.9578681,51.4346472],[6.9574217,51.4359532],[6.9567303,51.4369788],[6.9593644,51.4374582],[6.9590291,51.4383665],[6.9595089,51.4390222],[6.9599901,51.4387052],[6.9615013,51.4383085],[6.9722653,51.4370405],[6.975595071655927,51.436209738222836],[6.9732633,51.4368331],[6.9735385,51.4373404],[6.9730758,51.4375045],[6.974073,51.4385189],[6.974443,51.4392332],[6.9738744,51.4400968],[6.974408,51.4415893],[6.975859,51.4422793],[6.9757546,51.4423531],[6.9777035,51.4435204],[6.9783909,51.4436076],[6.9779904,51.443859],[6.9814171,51.4458137],[6.981795,51.4461899],[6.9819473,51.4466891],[6.983328,51.4468],[6.9828993,51.4485658],[6.9830109,51.4507459],[6.9878241,51.4524076],[6.9885478,51.4530025],[6.9931199,51.4518709],[6.9992587,51.4508847],[6.9991553,51.4505471],[6.9979897,51.4506116],[6.9978552,51.4500617],[6.9981034,51.450002],[6.9979754,51.4495862],[6.9999667,51.4492057],[6.9999162,51.4490359],[7.0013765,51.4487198],[7.0025469,51.4475632],[7.0021351,51.4472662],[7.000835,51.4471805],[7.0008166,51.4468359],[7.0013835,51.4468746],[7.0002836,51.4451054],[7.0010817,51.4453796],[7.002004,51.4442124],[7.0012087,51.4434864],[7.0013031,51.4431375],[7.000976,51.4427947],[7.0011819,51.442378],[7.0007607,51.4416975],[7.0004627,51.4417645],[7.0043294,51.4408696],[7.004927,51.4406548],[7.0048347,51.4405132],[7.0055302,51.4404642],[7.0056594,51.4401651],[7.011292,51.4413648],[7.0129871,51.4411609],[7.0150952,51.4413553],[7.0153784,51.4411539],[7.0162101,51.4412389],[7.0179164,51.4423302],[7.0235582,51.4395193],[7.0267581,51.4386144],[7.0272498,51.4381036],[7.029139867886446,51.43752746793789],[7.030294,51.4391421],[7.0341535,51.442797],[7.0347154,51.4423495],[7.0365417,51.4434684],[7.0370412,51.4444121],[7.0385752,51.4445352],[7.0417227,51.444222],[7.0446799,51.4434571],[7.0480548,51.441904],[7.0490824,51.44167],[7.0489327,51.4414605],[7.0511078,51.4409753],[7.0525557,51.4421205],[7.052812,51.442868],[7.0538395,51.4428387],[7.0539573,51.4422514],[7.0549016,51.4423403],[7.0551138,51.4413786],[7.0567575,51.4411017],[7.0570908,51.4413357],[7.057339,51.4411493],[7.0582589,51.4414666],[7.0594324,51.4405709],[7.0593996,51.4396401],[7.0600177,51.4389521],[7.0627581,51.440293],[7.0680531,51.4396677],[7.0670799,51.4387367],[7.0623346,51.4380361],[7.0600869,51.43609],[7.0580889,51.4326646],[7.0564331,51.4271],[7.0566402,51.4260321],[7.0576236,51.4247145],[7.0683451,51.4203509],[7.0713332,51.4188709],[7.0731412,51.4165881],[7.0750292,51.4135994],[7.0770666,51.4118679],[7.0794529,51.4103126],[7.080532,51.4093159],[7.0812447,51.4073565],[7.0822591,51.4031574],[7.0819293,51.4010555],[7.0808486,51.3994293],[7.0771286,51.3957405],[7.074563,51.3923092],[7.0739823,51.3883354],[7.0726449,51.3873555],[7.0713023,51.3869834],[7.0691102,51.3868021],[7.0669733,51.3869524],[7.0670395,51.3838015],[7.0640447,51.382421],[7.0640693,51.3810096],[7.0599107,51.375467],[7.0534984,51.3726115],[7.0523924,51.3725136],[7.0519721,51.3728274],[7.0498049,51.3716751],[7.0488407,51.3718706],[7.0465636,51.3718372],[7.0450172,51.3707492],[7.0440835,51.3691909],[7.0441011,51.3683708],[7.0438431,51.3682748],[7.0432722,51.3674929],[7.0433132,51.3670349],[7.0423903,51.3670509],[7.0421314,51.3668639],[7.0396488,51.3648532],[7.0376711,51.3625984],[7.0362912,51.362205],[7.0359733,51.3619655],[7.0359053,51.3615875],[7.0356074,51.3619085],[7.0340716,51.3625034],[7.0333347,51.3632743],[7.0326338,51.3635603],[7.0305311,51.3626404],[7.0292053,51.3623734],[7.0265727,51.3635063],[7.0237923,51.3641948],[7.0242061,51.3644532],[7.0233172,51.3652461],[7.0214265,51.3647082],[7.0211205,51.3653151],[7.0185679,51.3645292],[7.0181834,51.3648111],[7.0173271,51.3646472],[7.0159933,51.3638732],[7.0151353,51.3637797],[7.011259,51.3624194],[7.0095083,51.3611375],[7.0107201,51.3605506],[7.0070866,51.3593338],[7.0079035,51.3576859],[7.0076195,51.357464],[7.004895,51.357277],[7.004366,51.3575439],[7.003527007956974,51.35751651824736],[7.003479,51.357665],[7.003171,51.357888],[7.001202,51.357698],[7.000798331566815,51.357427463836665],[6.9997117,51.357392],[6.9990418,51.357182],[6.997161253024637,51.357516939541895],[6.997091,51.357534],[6.996285,51.358144],[6.995199,51.358374],[6.99449,51.358227],[6.992838,51.359198],[6.992028,51.359387],[6.991824,51.359168],[6.991815753559046,51.35916699961208],[6.991387,51.3593411],[6.9909141,51.3591675],[6.9899036,51.3582409],[6.9879705,51.3586468],[6.986744992437367,51.35755000720062],[6.986273,51.357223],[6.986309659376026,51.357160397065556],[6.9862567,51.357113],[6.9863792473581094,51.35698052977888],[6.983494,51.354494],[6.982121,51.353505],[6.980728,51.354178],[6.980435337211461,51.35401574653692],[6.9799757,51.3541723],[6.979845247998363,51.35431600648309],[6.979796774204725,51.35441821819275],[6.979844058500957,51.354651987797986],[6.980105,51.355231],[6.979981359789178,51.35533079388167],[6.9799991,51.3554185],[6.979942477655679,51.355362176867864],[6.979488,51.355729],[6.978339380967637,51.35580715890427],[6.977837,51.3560261],[6.977790855164045,51.35584448387849],[6.977313,51.355877],[6.97739,51.355558],[6.976827,51.354814],[6.976253739637388,51.35310578324225],[6.9756963,51.3525965],[6.975299525445232,51.352443349319216],[6.972584,51.351932],[6.97256081916156,51.35191480131341],[6.9725268,51.3519096],[6.9718949,51.3514636],[6.9695562,51.3505097],[6.969450323411273,51.350392558351814],[6.968668,51.350066],[6.969779,51.349419],[6.966512926293084,51.348338773839394],[6.964440413591474,51.34768656577527],[6.964078239291604,51.34775043307116],[6.9637921,51.348038],[6.963241845416438,51.34784077613492],[6.962573,51.348736],[6.96254384816261,51.34874713931998],[6.9625433,51.3487479],[6.962537286618286,51.348749646576756],[6.962081,51.348924],[6.962053421085449,51.34889018451904],[6.9620303,51.3488969],[6.961114591304283,51.34773905217383],[6.961002,51.347601],[6.954329981458828,51.349200592490206],[6.953251374567251,51.349464761664834],[6.952214,51.349981],[6.952205168661941,51.34997480871803],[6.9521703,51.3499926],[6.951104,51.3492588],[6.9505551,51.3497018],[6.9469816,51.3514636],[6.946875040535795,51.35143513685587],[6.946869,51.351438],[6.946778495529639,51.35140934867791],[6.9458098,51.3511506],[6.9452378,51.3514716],[6.9446729,51.3510096],[6.944680467722734,51.35099028620549],[6.944625,51.350944],[6.944747459553098,51.35075384541444],[6.944453,51.3505137],[6.944025,51.3505827],[6.944102,51.3504107],[6.943173033509502,51.3498786870114],[6.942604,51.350256],[6.941552,51.349937],[6.939507,51.351002],[6.939504284695948,51.35094280637167],[6.9392087,51.3510896],[6.938851209840995,51.35082833175615],[6.938789,51.350854],[6.938432086797216,51.350532002219225],[6.937649905910976,51.35035443990444],[6.93745,51.350311],[6.937443694444107,51.350307627989146],[6.9374167,51.3503015],[6.935574141263976,51.3493619027966],[6.934348556804875,51.34974387963688],[6.9342808,51.3497668],[6.934172262819073,51.34971726283118],[6.933732996535585,51.349533527549156],[6.9323697,51.3503747],[6.9315294,51.3504181],[6.931474311167775,51.35035184202282],[6.931315,51.350349],[6.930702576580655,51.34942363987004],[6.930566656927851,51.34926016279328],[6.929270468952275,51.348132702735214],[6.9288099,51.3496567],[6.925981,51.3484867],[6.9242263,51.3503806],[6.9285898,51.3520602],[6.928618333495226,51.352084772497136],[6.928637,51.352092],[6.928620756228887,51.352086858908756],[6.9290285,51.352438],[6.9286607,51.3527099],[6.9286869,51.3530346],[6.9270248,51.3529554],[6.9267226,51.353668],[6.9258883,51.3534693],[6.9227948,51.3541935],[6.9224823,51.3538821],[6.9219108,51.3538625],[6.9215422,51.3540642],[6.9221834,51.3549252],[6.9209098,51.3552763],[6.9223861,51.3558454],[6.9227376,51.3555373],[6.9235065,51.3563355],[6.924164,51.3566786],[6.9249531,51.3577044],[6.9228091,51.358302],[6.9189879,51.3599905],[6.9150693,51.3613736],[6.9129891,51.3617192],[6.9133035,51.3620655],[6.9073821,51.3656845],[6.9050932,51.3676016],[6.9072506,51.3682524],[6.9062795,51.3687938],[6.9089093,51.3707114],[6.9092158,51.3705921],[6.9120371,51.3725463]],[[6.9873097,51.4324049],[6.9900368,51.4320228],[6.986530209767854,51.43258778446565],[6.9873097,51.4324049]],[[6.983215369202072,51.430348119957586],[6.983342565516735,51.430458518709365],[6.9832894,51.4304383],[6.983215369202072,51.430348119957586]],[[6.9862432,51.4219155],[6.985520205214871,51.422456481931995],[6.9855512,51.4224149],[6.9862432,51.4219155]],[[6.9816385,51.4170495],[6.9787959,51.4194309],[6.9795586,51.4187378],[6.9816385,51.4170495]],[[6.9828271,51.3980157],[6.9828273952946835,51.39810163075289],[6.9817454,51.397031],[6.9828271,51.3980157]],[[6.9824692,51.3898856],[6.9823229,51.3910565],[6.98240923871468,51.38977209230684],[6.9824692,51.3898856]],[[6.982098841787213,51.38918450584979],[6.982178885759343,51.38933603039733],[6.9821297,51.3892875],[6.982098841787213,51.38918450584979]],[[6.98192013731857,51.388340412028754],[6.98196924172955,51.3887519452249],[6.9818522,51.3883613],[6.98192013731857,51.388340412028754]],[[6.982007416317347,51.387191539629846],[6.9820475,51.3872991],[6.9818522,51.3883613],[6.982007416317347,51.387191539629846]],[[7.0154299,51.3886744],[7.0157628,51.3890516],[7.0140382,51.3878307],[7.0154299,51.3886744]],[[6.9736292,51.4159365],[6.9764203,51.4178245],[6.9773067,51.4184307],[6.9736292,51.4159365]],[[6.958756428426138,51.38222769257319],[6.9584295,51.3822537],[6.9578731,51.3820422],[6.958756428426138,51.38222769257319]],[[6.969893151531798,51.43369806740481],[6.9697356,51.4332793],[6.969751350141121,51.433102696068644],[6.969893151531798,51.43369806740481]],[[6.9704156,51.4348901],[6.9705291,51.4353884],[6.970288084734976,51.43474778841152],[6.9704156,51.4348901]],[[6.982936760983961,51.433832926694734],[6.9807861,51.434822],[6.979893865998124,51.43506052445913],[6.982936760983961,51.433832926694734]],[[6.9853184,51.4328721],[6.985554342517956,51.432816743024965],[6.984884962459915,51.43304696208288],[6.9853184,51.4328721]],[[6.99072722002243,51.42257263480874],[6.99298797699382,51.422809783059115],[6.9919873,51.4227573],[6.99072722002243,51.42257263480874]],[[7.034048005587822,51.40987465128668],[7.0342333,51.4097804],[7.0350771,51.409694],[7.034048005587822,51.40987465128668]],[[7.041701,51.3702841],[7.0396737,51.3707353],[7.042110439003711,51.37004393436531],[7.041701,51.3702841]],[[7.04035769041922,51.42842678663459],[7.0400867,51.4280236],[7.040740950048408,51.42852390363512],[7.04035769041922,51.42842678663459]],[[6.943318,51.389375],[6.945613,51.392718],[6.943295478089935,51.38936431641683],[6.943318,51.389375]]]},"properties":{"status":"corporate","zone_type":"orange","label":"Exterritoriales Konzerngebiet · S-K Essen","basis":"Benannte Essener Stadtteile, Teilflächen südlich der A40 und Flughafen Essen-Mülheim","topology":"disjoint","source":"Rhein-Ruhr-Megaplex, S. 10–11 und 76–84 (SR4); Revierbericht 2082, S. 67–71 (SR6)","geometry_source":"OpenStreetMap-Stadtteilgeometrien über gitter-badger/plasmap","boundary_review_status":"source-aligned","boundary_review_label":"Mit benannten Stadtteilen, den südlich der A40 liegenden Teilflächen und dem vollständig exterritorialen Flughafen Essen-Mülheim abgeglichen"}},{"type":"Feature","geometry":{"type":"MultiPolygon","coordinates":[[[[6.820789,50.851443],[6.816802,50.852355],[6.816917,50.853415],[6.817191,50.853996],[6.818385,50.854935],[6.81192,50.859063],[6.808901,50.85746],[6.807898,50.856555],[6.805942,50.855478],[6.805741,50.855315],[6.805807,50.855147],[6.804531,50.855015],[6.804538,50.855666],[6.803942,50.856455],[6.803111,50.856942],[6.802994,50.857249],[6.803065,50.8579],[6.803924,50.857874],[6.804062,50.858551],[6.805139,50.859533],[6.805154,50.862336],[6.804619,50.865251],[6.800677,50.864491],[6.792376,50.8633],[6.791768,50.865418],[6.779876,50.865531],[6.781794,50.871979],[6.783545,50.875581],[6.778614,50.878408],[6.776686,50.876713],[6.775461,50.877064],[6.774695,50.877808],[6.774014,50.877522],[6.770208,50.878658],[6.768391,50.880351],[6.766468,50.879493],[6.766076,50.878487],[6.765537,50.878295],[6.765168,50.876905],[6.765234,50.876532],[6.764283,50.876046],[6.762441,50.876583],[6.760044,50.877943],[6.760787,50.878985],[6.760534,50.879241],[6.758102,50.87857],[6.757265,50.878488],[6.756367,50.878662],[6.755961,50.878099],[6.755209,50.877756],[6.755697,50.881323],[6.755564,50.881655],[6.754448,50.881671],[6.754854,50.882468],[6.751497,50.882941],[6.751471,50.883081],[6.748327,50.884208],[6.749342,50.885261],[6.744667,50.887271],[6.744821,50.88794],[6.743341,50.888085],[6.743604,50.889501],[6.742717,50.889498],[6.742568,50.89006],[6.743523,50.890467],[6.741773,50.891377],[6.741542,50.892704],[6.740662,50.893958],[6.740356,50.894765],[6.740937,50.895341],[6.741241,50.895363],[6.741252,50.895649],[6.740696,50.896453],[6.739045,50.89788],[6.735908,50.899541],[6.736982,50.899519],[6.737793,50.900091],[6.738335,50.900176],[6.738233,50.90054],[6.738012,50.9006],[6.738006,50.900806],[6.736674,50.900547],[6.7359,50.901963],[6.734205,50.90148],[6.735121,50.902684],[6.732257,50.903534],[6.734758,50.905687],[6.735549,50.906598],[6.732208,50.906435],[6.730928,50.906712],[6.731045,50.907044],[6.734476,50.908428],[6.73935,50.91152],[6.741444,50.913479],[6.747151,50.91976],[6.749352,50.921722],[6.750452,50.922377],[6.749088,50.922964],[6.746306,50.923541],[6.744592,50.923636],[6.743303,50.923975],[6.741352,50.924053],[6.737943,50.924627],[6.730635,50.926686],[6.726156,50.927597],[6.72123,50.927943],[6.719866,50.928465],[6.721211,50.930998],[6.724993,50.930915],[6.725218,50.931494],[6.725753,50.931875],[6.727531,50.932543],[6.72748,50.933243],[6.729238,50.933561],[6.729178,50.933734],[6.730062,50.933935],[6.730724,50.935263],[6.732301,50.936776],[6.732089,50.937367],[6.733402,50.938901],[6.735142,50.940098],[6.735545,50.940127],[6.736024,50.941962],[6.739546,50.94694],[6.738932,50.947894],[6.738634,50.949379],[6.738423,50.949366],[6.738143,50.952433],[6.738736,50.952653],[6.739008,50.954158],[6.739429,50.954741],[6.741809,50.955785],[6.74526,50.956331],[6.747284,50.957066],[6.748331,50.95763],[6.748654,50.958275],[6.753585,50.960328],[6.756554,50.962209],[6.767384,50.966666],[6.763605,50.967713],[6.764779,50.968055],[6.761727,50.972225],[6.763794,50.972488],[6.76353,50.973168],[6.762077,50.974151],[6.760481,50.974568],[6.758498,50.978777],[6.754922,50.979488],[6.752543,50.98451],[6.75069,50.984131],[6.749771,50.985611],[6.748899,50.985412],[6.747938,50.986937],[6.753627,50.988296],[6.752741,50.988469],[6.754469,50.991387],[6.751845,50.992],[6.754026,50.995619],[6.755345,50.995693],[6.755442,50.997121],[6.756644,50.997341],[6.756582,50.997711],[6.756845,50.998224],[6.757686,50.998138],[6.758651,50.998302],[6.759933,50.998893],[6.759361,50.999119],[6.759991,50.999755],[6.760157,51.000402],[6.758214,51.000327],[6.757623,51.001208],[6.758435,51.001538],[6.757389,51.003201],[6.751518,51.002427],[6.747503,51.00584],[6.745026,51.001909],[6.741485,51.00512],[6.741648,51.005215],[6.737523,51.003998],[6.734733,51.002917],[6.727052,50.999193],[6.725162,50.998488],[6.711394,51.006767],[6.712933,51.007567],[6.715078,51.007901],[6.712764,51.012501],[6.714222,51.012742],[6.715635,51.015006],[6.716493,51.016002],[6.718083,51.016076],[6.72275,51.023129],[6.72359,51.023229],[6.725612,51.025519],[6.728303,51.029707],[6.728529,51.030563],[6.729322,51.031401],[6.730556,51.032185],[6.730923,51.032035],[6.732764,51.033447],[6.734435,51.032983],[6.743399,51.037067],[6.739148,51.038172],[6.741372,51.040058],[6.74009,51.040323],[6.743841,51.043463],[6.743178,51.044275],[6.741639,51.044591],[6.743753,51.04638],[6.747678,51.043391],[6.751113,51.039947],[6.762007,51.042625],[6.760411,51.049988],[6.758209,51.056663],[6.756792,51.057954],[6.753388,51.059327],[6.75249,51.06042],[6.752298,51.061141],[6.753331,51.06592],[6.754816980016903,51.06553087012598],[6.752872,51.066114],[6.749262,51.068609],[6.74672,51.070711],[6.744023,51.073672],[6.741679,51.075822],[6.741158,51.077058],[6.735513,51.07717],[6.735054,51.077483],[6.733969,51.077108],[6.726589,51.078476],[6.725357,51.078876],[6.724253,51.079623],[6.723899,51.080462],[6.722308,51.080554],[6.72139,51.082079],[6.721262,51.082705],[6.715513,51.082623],[6.715708,51.077875],[6.712642,51.077066],[6.708267,51.076548],[6.708502,51.079232],[6.7084,51.080843],[6.707842,51.08303],[6.706958,51.084639],[6.710558,51.084789],[6.711134,51.086152],[6.70918,51.094238],[6.713537,51.094735],[6.712548,51.098189],[6.708143,51.097643],[6.702867,51.096347],[6.702737,51.096369],[6.703123,51.099858],[6.696497,51.098736],[6.696161,51.101742],[6.692348,51.100994],[6.68825,51.105478],[6.689608,51.10662],[6.69005,51.107245],[6.686688,51.108371],[6.685629,51.109524],[6.686433,51.110618],[6.683977,51.111379],[6.683414,51.110776],[6.682834,51.111245],[6.680985,51.108328],[6.680257,51.108973],[6.678247,51.107692],[6.678065,51.107756],[6.675936,51.105198],[6.674248,51.106752],[6.667338,51.10086],[6.666248,51.101104],[6.664182,51.100949],[6.664001,51.100755],[6.662007,51.100952],[6.658312,51.102042],[6.656736,51.10423],[6.655538,51.103866],[6.656242,51.102164],[6.654574,51.101773],[6.654911,51.100722],[6.652577,51.097251],[6.651358,51.097246],[6.651428,51.096103],[6.651032,51.095739],[6.651276,51.094954],[6.648323,51.093758],[6.648439,51.093679],[6.646882,51.091997],[6.650248,51.091047],[6.652675,51.09008],[6.649799,51.086419],[6.646865,51.083693],[6.651781,51.0813],[6.65883,51.076992],[6.644293,51.065852],[6.645861,51.065082],[6.645722,51.064853],[6.640192,51.061813],[6.645533,51.057931],[6.644666,51.057234],[6.639212,51.054447],[6.636693,51.056134],[6.635447,51.054401],[6.638184,51.053694],[6.633767,51.050244],[6.631423,51.048804],[6.628413,51.04608],[6.628042,51.04535],[6.628103,51.044606],[6.62791,51.043917],[6.625887,51.038231],[6.628231,51.037702],[6.630602,51.038467],[6.636469,51.038939],[6.636985,51.033034],[6.638318,51.032812],[6.637039,51.029155],[6.637283,51.026762],[6.633784,51.024764],[6.621906,51.024765],[6.616739,51.023798],[6.613091,51.022272],[6.613008,51.022787],[6.611082,51.022506],[6.609655,51.022085],[6.60998,51.021809],[6.608011,51.021329],[6.596846,51.022796],[6.59442,51.022843],[6.591831,51.022582],[6.589625,51.02211],[6.587437,51.021352],[6.585137,51.020159],[6.584547,51.01974],[6.584628,51.019572],[6.584335,51.019307],[6.58368,51.01902],[6.583339,51.018525],[6.581509,51.018369],[6.582137,51.021694],[6.581889,51.023111],[6.58116,51.024307],[6.580102,51.023993],[6.577325,51.02384],[6.575504,51.02308],[6.573716,51.022765],[6.573747,51.022306],[6.571448,51.021804],[6.565607,51.021887],[6.564082,51.022966],[6.564971,51.025301],[6.565268,51.030941],[6.563544,51.03178],[6.562244,51.030737],[6.560645,51.03148],[6.560293,51.031195],[6.558791,51.031648],[6.556335,51.03203],[6.556717,51.033321],[6.552433,51.034648],[6.550651,51.034545],[6.550234,51.035128],[6.551153,51.036251],[6.551387,51.036827],[6.550896,51.037308],[6.552319,51.037913],[6.553697,51.038183],[6.552913,51.038557],[6.553396,51.039294],[6.552916,51.039694],[6.553365,51.041623],[6.552417,51.042286],[6.552043,51.042963],[6.553755,51.044108],[6.551631,51.045421],[6.552671,51.046232],[6.551836,51.046843],[6.552429,51.047247],[6.550948,51.048062],[6.553337,51.048917],[6.554782,51.049892],[6.557902,51.051302],[6.556261,51.051974],[6.555846,51.051868],[6.554613,51.052842],[6.554936,51.053073],[6.55501,51.053409],[6.553891,51.055645],[6.553507,51.05577],[6.550187,51.055041],[6.541382,51.052185],[6.537656,51.052122],[6.534731,51.059351],[6.525889,51.058312],[6.52642,51.063403],[6.527994,51.067418],[6.530998,51.069735],[6.534642,51.071055],[6.535032,51.072501],[6.534737,51.073865],[6.535189,51.076082],[6.534596,51.077023],[6.534702,51.077482],[6.53456,51.077967],[6.533244,51.07915],[6.531773,51.079575],[6.531124,51.079526],[6.527367,51.080662],[6.526109,51.080711],[6.526106,51.081808],[6.523144,51.08242],[6.523082,51.082726],[6.520817,51.084872],[6.519204,51.085968],[6.524211,51.087376],[6.52653,51.089166],[6.532401,51.08981],[6.536445,51.091835],[6.541018,51.094824],[6.542029,51.096151],[6.543089,51.098458],[6.545887,51.098399],[6.54812,51.098834],[6.547919,51.099543],[6.550003,51.099862],[6.550457,51.102433],[6.558193,51.103976],[6.560198,51.104531],[6.558082,51.105968],[6.563668,51.107868],[6.56508,51.109387],[6.565789,51.111195],[6.566399,51.112156],[6.5665,51.113359],[6.568152,51.11299],[6.570841,51.113478],[6.572455,51.114641],[6.574028,51.114598],[6.575471,51.116159],[6.57818,51.119656],[6.576399,51.121089],[6.576907,51.121366],[6.575369,51.123888],[6.576662,51.124476],[6.580081,51.131256],[6.576647,51.134739],[6.575983,51.137787],[6.576569,51.139175],[6.581699,51.141556],[6.585721,51.140863],[6.593949,51.140208],[6.594183,51.142085],[6.594014,51.144025],[6.586008,51.145614],[6.583909,51.145838],[6.584352,51.147786],[6.586025,51.151289],[6.586055832164044,51.152101234821544],[6.579301,51.152238],[6.575939,51.151884],[6.573325,51.15132],[6.572322,51.154971],[6.569937,51.158565],[6.553157,51.146341],[6.554752,51.145643],[6.55193,51.143063],[6.548557,51.141039],[6.543822,51.139752],[6.540919,51.141704],[6.532556,51.145981],[6.533377006162664,51.14599894548989],[6.530757,51.146071],[6.529332,51.144824],[6.527375,51.145895],[6.524972,51.144231],[6.527108,51.142794],[6.523231,51.141555],[6.523776,51.140942],[6.523933,51.140453],[6.519406,51.140019],[6.519319,51.140264],[6.514855,51.139576],[6.514317,51.140743],[6.51287,51.147298],[6.504882,51.146035],[6.502901,51.149178],[6.496009,51.148735],[6.493302,51.148011],[6.491155,51.14985],[6.480041,51.145534],[6.476129,51.14371],[6.475224,51.142976],[6.472173,51.14141],[6.471359,51.140646],[6.469508,51.139703],[6.472349,51.13764],[6.472408,51.132754],[6.467658,51.13256],[6.467548,51.132385],[6.469095,51.131369],[6.466537,51.130364],[6.473874,51.122794],[6.475253,51.121045],[6.477455,51.115052],[6.478404,51.113611],[6.477574,51.112469],[6.477718,51.112388],[6.475385,51.111501],[6.474837,51.112076],[6.473389,51.112544],[6.473227,51.11288],[6.473306,51.113637],[6.473031,51.113998],[6.467357,51.116327],[6.465186,51.118241],[6.458533,51.114639],[6.458264,51.114837],[6.455845,51.113111],[6.455418,51.113421],[6.453708,51.112382],[6.455046,51.111338],[6.452502,51.109791],[6.45364,51.10865],[6.448761,51.108253],[6.448395,51.109011],[6.448117,51.110533],[6.447482,51.111328],[6.44611,51.112019],[6.442738,51.109788],[6.443103,51.109631],[6.440181,51.107129],[6.439485,51.107432],[6.43785,51.105935],[6.440299,51.104947],[6.440028,51.104552],[6.436046,51.100567],[6.434873,51.100886],[6.434601,51.100599],[6.436158,51.1004],[6.437539,51.099939],[6.437344,51.098224],[6.439709,51.097163],[6.440105,51.097177],[6.440178,51.097063],[6.439424,51.09681],[6.440631,51.096347],[6.443653,51.090912],[6.444355,51.088604],[6.444186,51.088533],[6.431823,51.086554],[6.431558,51.087423],[6.426686,51.08723],[6.423546,51.085807],[6.418417,51.086063],[6.416439,51.089348],[6.407654,51.08833],[6.406708,51.086473],[6.406301,51.086558],[6.405072,51.086014],[6.405013,51.085835],[6.405041,51.086148],[6.402199,51.087355],[6.403004,51.088319],[6.397728,51.089244],[6.397722,51.091736],[6.385492,51.090368],[6.386602,51.092803],[6.390806,51.093421],[6.391932,51.095989],[6.392424,51.099029],[6.386704,51.09765],[6.379916,51.09811],[6.374778,51.09782],[6.372678,51.09878],[6.368989,51.095723],[6.366747,51.098068],[6.365547,51.097945],[6.360379,51.095587],[6.358255,51.097486],[6.358942,51.097853],[6.358271,51.098809],[6.358061,51.098943],[6.357287,51.098529],[6.354535,51.100634],[6.353772,51.100234],[6.352249,51.101303],[6.354675,51.102578],[6.350793,51.104913],[6.353431,51.106594],[6.351575,51.107534],[6.35559,51.11017],[6.351665,51.111145],[6.349476,51.112441],[6.349248,51.114353],[6.351686,51.116492],[6.350666,51.119911],[6.35043,51.12017],[6.352435,51.122611],[6.356012,51.126403],[6.350845,51.127029],[6.344018,51.127472],[6.346563,51.130179],[6.347147,51.131106],[6.343016,51.131895],[6.335199,51.133854],[6.333568,51.134449],[6.332081,51.136059],[6.332725,51.139036],[6.332423,51.13953],[6.331952,51.142407],[6.329898,51.14351],[6.328505,51.143811],[6.32843,51.144078],[6.325215,51.143932],[6.324569,51.144131],[6.324253,51.144445],[6.323124,51.144584],[6.32297,51.145467],[6.322376,51.146185],[6.321149,51.146239],[6.320207,51.147138],[6.319879,51.147227],[6.319597,51.147791],[6.319382,51.147804],[6.319963,51.148061],[6.31977,51.148338],[6.320026,51.148387],[6.319976,51.148628],[6.320242,51.148776],[6.319671,51.149165],[6.320067,51.14934],[6.318054,51.150767],[6.317252,51.151046],[6.316462,51.150975],[6.316246,51.151145],[6.315933,51.150896],[6.315646,51.151085],[6.315545,51.150924],[6.313862,51.15127],[6.313739,51.151111],[6.312802,51.151535],[6.312697,51.151835],[6.312331,51.151683],[6.312193,51.151827],[6.312295,51.151995],[6.311058,51.151973],[6.310764,51.151627],[6.310152,51.151767],[6.309934,51.151628],[6.30963,51.151741],[6.309618,51.152092],[6.308809,51.152469],[6.308721,51.152711],[6.308302,51.152544],[6.307922,51.152807],[6.307702,51.152766],[6.307615,51.152317],[6.307234,51.152297],[6.30734,51.15249],[6.307118,51.152692],[6.306645,51.152462],[6.306722,51.152251],[6.306473,51.152199],[6.306048,51.152559],[6.305203,51.151973],[6.302767,51.151788],[6.30208,51.15196],[6.301794,51.155301],[6.304705,51.16041],[6.305868,51.161586],[6.305727,51.162511],[6.30584,51.165525],[6.304347,51.16525],[6.304053,51.166078],[6.303461,51.166224],[6.300021,51.166218],[6.29722,51.166758],[6.295829,51.167473],[6.294726,51.167384],[6.294142,51.167563],[6.293934,51.167778],[6.293982,51.169324],[6.293192,51.171428],[6.293063,51.173265],[6.293252,51.174195],[6.292976,51.174615],[6.291165,51.175442],[6.291067,51.175699],[6.294191,51.176555],[6.296285,51.177741],[6.297198,51.178504],[6.301497,51.180225],[6.304452,51.180565],[6.305586,51.180981],[6.306882,51.180803],[6.30885,51.179297],[6.312795,51.179386],[6.313815,51.179236],[6.314719,51.178844],[6.318414,51.181598],[6.315524,51.183211],[6.315355,51.183011],[6.314025,51.184304],[6.313738,51.184798],[6.314477,51.186574],[6.313791,51.18855],[6.31286,51.190486],[6.313072,51.190529],[6.313009,51.190796],[6.314247,51.191631],[6.315064,51.194029],[6.315109,51.19456],[6.314792,51.195051],[6.316134,51.197626],[6.318804,51.199441],[6.320014,51.200002],[6.319662,51.200437],[6.320531,51.201292],[6.323891,51.203009],[6.323406,51.203337],[6.32915,51.205836],[6.330116,51.206029],[6.329764,51.20735],[6.331051,51.207527],[6.330281,51.21121],[6.330596,51.212868],[6.330109,51.221771],[6.330382,51.216555],[6.327548,51.216597],[6.323015,51.21767],[6.320437,51.217709],[6.317641,51.221731],[6.315455,51.224405],[6.312797,51.224048],[6.305846,51.228026],[6.304568,51.229213],[6.302056,51.228149],[6.300567,51.229557],[6.301022,51.229976],[6.302188,51.23044],[6.300979,51.23146],[6.302499,51.232709],[6.301363,51.233237],[6.299593,51.232515],[6.296943,51.234885],[6.293021,51.240323],[6.291195,51.247811],[6.291003,51.249591],[6.288338,51.249055],[6.288106,51.251317],[6.284497,51.250612],[6.283374,51.252978],[6.283688,51.253039],[6.282584,51.255432],[6.284374,51.255644],[6.285563,51.255562],[6.285864,51.255855],[6.286536,51.256604],[6.284022,51.257253],[6.285199,51.258245],[6.278252,51.259905],[6.277677,51.261731],[6.276884,51.262217],[6.275976,51.263464],[6.270295,51.267423],[6.269953,51.26717],[6.268503,51.26721],[6.265649,51.268708],[6.264221,51.268412],[6.26429,51.269483],[6.266183,51.27149],[6.26513,51.273649],[6.265556,51.275716],[6.266889,51.278129],[6.26846,51.279707],[6.27308,51.278882],[6.273287,51.279699],[6.27383,51.28062],[6.274148,51.282094],[6.276194,51.284368],[6.283709,51.282862],[6.296924,51.279073],[6.304208,51.277574],[6.310149,51.277006],[6.314657,51.27693],[6.326532,51.27781],[6.324977,51.280328],[6.323848,51.283086],[6.322565,51.28441],[6.321403,51.286362],[6.319556,51.286251],[6.31675,51.286597],[6.31427,51.286306],[6.313688,51.28795],[6.313762,51.293348],[6.318728,51.293091],[6.318811,51.293917],[6.321372,51.297671],[6.319553,51.298167],[6.322031,51.301775],[6.321616,51.301882],[6.320626,51.302826],[6.321639,51.303925],[6.318252,51.304741],[6.32026,51.306383],[6.321699,51.308292],[6.321299,51.308628],[6.320505,51.310014],[6.319496,51.310555],[6.324306,51.313396],[6.326166,51.313773],[6.327983,51.314601],[6.32982,51.314273],[6.332608,51.315024],[6.333697,51.315528],[6.334467,51.316292],[6.335434,51.316899],[6.349031,51.319766],[6.3502,51.31929],[6.352294,51.319773],[6.352959,51.318452],[6.36095,51.320702],[6.361708,51.320636],[6.362715,51.320984],[6.367483,51.321524],[6.372013,51.322363],[6.374535,51.313061],[6.377724,51.304576],[6.38789,51.305318],[6.388783,51.305625],[6.390995,51.303779],[6.394839,51.30212],[6.395908,51.301475],[6.395511,51.301083],[6.396817,51.300714],[6.398237,51.300003],[6.400928,51.299783],[6.402465,51.298944],[6.403832,51.297748],[6.404759,51.297306],[6.405955,51.29615],[6.40718,51.293856],[6.407964,51.292827],[6.409808,51.291824],[6.411526,51.291384],[6.415451,51.289476],[6.41596,51.288612],[6.417369,51.287212],[6.417964,51.285798],[6.419015,51.285067],[6.420385,51.282664],[6.422241,51.281163],[6.423007,51.280823],[6.423325,51.279992],[6.425904,51.277565],[6.415941,51.274196],[6.437984,51.281587],[6.437574,51.281987],[6.437516,51.282381],[6.438857,51.282004],[6.439183,51.282301],[6.439107,51.282528],[6.439926,51.282249],[6.445196,51.284075],[6.445881,51.284827],[6.448313,51.286289],[6.448449,51.286189],[6.450708,51.287107],[6.450359,51.287499],[6.452295,51.287997],[6.452632,51.287191],[6.455907,51.288385],[6.456444,51.287743],[6.492797,51.299934],[6.493067,51.299537],[6.49212,51.300932],[6.489772,51.300887],[6.488808,51.303137],[6.491138,51.303312],[6.502057,51.305288],[6.504335,51.306352],[6.504261,51.306595],[6.505718,51.306955],[6.512091,51.31042],[6.514518,51.315966],[6.514464,51.321316],[6.513688,51.321809],[6.512848,51.323252],[6.512857,51.324284],[6.514268,51.328354],[6.515701,51.328636],[6.514181,51.33315],[6.514631,51.33453],[6.5121,51.337337],[6.509814,51.3392],[6.486456,51.346499],[6.487048,51.347051],[6.487097,51.348451],[6.488381,51.348751],[6.489314,51.350451],[6.486028,51.351088],[6.485426,51.352317],[6.487335,51.352632],[6.486865,51.353694],[6.489951,51.354228],[6.489228,51.355274],[6.488694,51.356642],[6.487131,51.358568],[6.486982,51.360126],[6.487346,51.361767],[6.492101,51.362305],[6.488273,51.366249],[6.484938,51.372194],[6.486129,51.381343],[6.486719,51.383388],[6.480324,51.384014],[6.481795,51.386085],[6.477922,51.386505],[6.478719,51.389651],[6.479249,51.3908],[6.479113,51.392119],[6.482577,51.391835],[6.481297,51.397899],[6.488988,51.398274],[6.489434,51.399213],[6.489465,51.399933],[6.490173,51.400897],[6.491229,51.401367],[6.491855,51.401967],[6.498052,51.400193],[6.511727,51.398077],[6.516082,51.398501],[6.523628,51.398313],[6.52552,51.39863],[6.528339,51.399963],[6.528374,51.40036],[6.527501,51.402096],[6.529373,51.401873],[6.530777,51.402041],[6.535625069122319,51.40547068115501],[6.533347,51.407019],[6.531828,51.408621],[6.53232,51.408823],[6.529023,51.412762],[6.527737,51.415843],[6.528243,51.416819],[6.52786,51.418963],[6.527653,51.41895],[6.527273,51.421891],[6.525066,51.424439],[6.518283,51.424426],[6.516458,51.424987],[6.514606,51.426928],[6.514627,51.429947],[6.51527,51.431512],[6.516105,51.432354],[6.516631,51.432591],[6.516486,51.432791],[6.519033,51.433813],[6.519798,51.434451],[6.518887,51.434504],[6.52065,51.435988],[6.520207,51.436361],[6.520844,51.43687],[6.521144,51.437436],[6.521874,51.437922],[6.521656,51.43896],[6.520667,51.440762],[6.514449,51.442377],[6.513134,51.443035],[6.511733,51.443199],[6.512253,51.444297],[6.509502,51.445666],[6.507958,51.447604],[6.504138,51.446766],[6.50319,51.447826],[6.502896,51.447816],[6.502582,51.448707],[6.502505,51.450161],[6.502754,51.452202],[6.50264,51.455813],[6.501824,51.458274],[6.501811,51.458877],[6.502993,51.460864],[6.503783,51.46173],[6.504034,51.462676],[6.505752,51.464788],[6.505527,51.466973],[6.506451,51.466698],[6.507184,51.468072],[6.503896,51.469938],[6.498734,51.471465],[6.498336,51.472649],[6.498443,51.473852],[6.497636,51.473776],[6.498095,51.474937],[6.49886,51.475653],[6.498766,51.475861],[6.498949,51.475922],[6.499117,51.476511],[6.491675,51.477562],[6.491425,51.47728],[6.488397,51.478809],[6.486819,51.480183],[6.486505,51.480796],[6.48616,51.480904],[6.485531,51.480764],[6.484688,51.47944],[6.483507,51.47889],[6.482319,51.479154],[6.481214,51.479648],[6.481425,51.480092],[6.478788,51.481337],[6.476925,51.483056],[6.476752,51.482962],[6.476053,51.483616],[6.476515,51.48384],[6.475198,51.485639],[6.473504,51.490731],[6.473687,51.490858],[6.47405,51.492824],[6.473796,51.492816],[6.473664,51.494649],[6.473421,51.495252],[6.46954,51.496814],[6.467692,51.498235],[6.464608,51.501811],[6.46407,51.503359],[6.46302,51.505331],[6.462583,51.505731],[6.459986,51.50676],[6.455508,51.507632],[6.454559,51.508637],[6.454308,51.509425],[6.454343,51.51113],[6.455538,51.513038],[6.455688,51.515453],[6.452257,51.518239],[6.448905,51.519496],[6.448669,51.519727],[6.448905,51.520044],[6.451384,51.521072],[6.452866,51.52249],[6.453325,51.523051],[6.453303,51.524261],[6.452661,51.525608],[6.449912,51.526902],[6.449747,51.527389],[6.448915,51.527893],[6.448529,51.528526],[6.44839,51.52934],[6.455131,51.529555],[6.457888,51.527789],[6.457783,51.52732],[6.461151,51.527078],[6.462412,51.524311],[6.463969,51.524638],[6.464868,51.524552],[6.469069,51.522209],[6.469485,51.521905],[6.469426,51.521428],[6.472664,51.521547],[6.47301,51.521291],[6.474671,51.520972],[6.477076,51.519727],[6.477873,51.519958],[6.478795,51.520885],[6.480422,51.521783],[6.479104,51.522497],[6.474397,51.527158],[6.477471,51.527513],[6.478114,51.527827],[6.478818,51.529356],[6.478116,51.529804],[6.478516,51.530403],[6.479337,51.530266],[6.479705,51.531347],[6.48067,51.531648],[6.481229,51.532524],[6.481856,51.532992],[6.48699,51.538458],[6.462771,51.551973],[6.489699,51.564474],[6.496188,51.567392],[6.497831,51.567951],[6.503298,51.563414],[6.505845,51.563038],[6.50967,51.564023],[6.511736,51.565201],[6.513229,51.564925],[6.514824,51.564883],[6.517373,51.56263],[6.519583,51.560193],[6.519845,51.560129],[6.51961,51.558151],[6.519651,51.556722],[6.52088,51.554852],[6.521656,51.554978],[6.523906,51.555953],[6.526579,51.556462],[6.53173,51.555329],[6.533153,51.554846],[6.533528,51.554964],[6.533631,51.556503],[6.533953,51.557045],[6.536724,51.560276],[6.537047,51.561868],[6.536768,51.563198],[6.538689,51.563384],[6.538947,51.564007],[6.539118,51.563955],[6.54189,51.565787],[6.541059,51.56638],[6.545254,51.569022],[6.545646,51.569],[6.546775,51.569845],[6.547741,51.570134],[6.549539,51.571377],[6.549362,51.571567],[6.550282,51.571919],[6.550538,51.571619],[6.558853,51.575497],[6.560748,51.57469],[6.563078,51.576384],[6.561247,51.577431],[6.561773,51.57786],[6.559255,51.578691],[6.559437,51.579444],[6.556961,51.580009],[6.555007,51.581325],[6.552077,51.583979],[6.550775,51.585915],[6.549369,51.587446],[6.548735,51.588551],[6.547996,51.591099],[6.548155,51.592906],[6.548933,51.594118],[6.5494,51.595491],[6.550369,51.596536],[6.550795,51.596714],[6.548855,51.599713],[6.54814,51.600206],[6.547831,51.601621],[6.547169,51.602702],[6.546961,51.603828],[6.546563,51.60473],[6.545157,51.605614],[6.544229,51.607087],[6.543985,51.608167],[6.543947,51.609835],[6.544183,51.611375],[6.544798,51.613131],[6.545809,51.614194],[6.551863,51.617375],[6.553958,51.617994],[6.555172,51.619051],[6.554846,51.61968],[6.55675,51.618934],[6.554807,51.61974],[6.554727,51.620725],[6.555461,51.62316],[6.555681,51.624594],[6.556085,51.624942],[6.555711,51.625373],[6.556095,51.626437],[6.555497,51.62844],[6.554687,51.629489],[6.554561,51.629406],[6.553032,51.630334],[6.55165,51.630261],[6.548421,51.630744],[6.544496,51.630821],[6.543655,51.631119],[6.535636,51.631337],[6.534072,51.631812],[6.532172,51.63151],[6.530895,51.630901],[6.53033,51.630921],[6.526729,51.63],[6.519118,51.62767],[6.516784,51.627272],[6.516371,51.627752],[6.515326,51.628071],[6.514659,51.627084],[6.511447,51.627406],[6.514383,51.629752],[6.516138,51.630495],[6.515891,51.630723],[6.516992,51.631284],[6.517476,51.632085],[6.515063,51.634665],[6.513893,51.63557],[6.512865,51.637016],[6.511406,51.6382],[6.510576,51.63859],[6.509948,51.639628],[6.508855,51.640145],[6.508148,51.640191],[6.507717,51.640507],[6.505168,51.639331],[6.505151,51.639545],[6.504756,51.639846],[6.499494,51.636752],[6.500652,51.638856],[6.5011,51.640492],[6.501602,51.645688],[6.50241,51.647844],[6.505548,51.652994],[6.502744,51.653704],[6.503461,51.654402],[6.504172,51.654045],[6.504833,51.654442],[6.509447,51.657833],[6.508592,51.658269],[6.509737,51.659287],[6.509355,51.661326],[6.504763,51.661293],[6.500353,51.661536],[6.495437,51.66213],[6.490762,51.663024],[6.48745,51.663884],[6.484798,51.664869],[6.482327,51.666112],[6.480006,51.667753],[6.478391,51.669347],[6.476725,51.671627],[6.474436,51.67568],[6.473405,51.678075],[6.469775,51.689227],[6.467621,51.693801],[6.464233,51.698651],[6.462239,51.700578],[6.460364,51.702026],[6.463111,51.703677],[6.463048,51.703797],[6.463708,51.70361],[6.464338,51.70442],[6.464324,51.704942],[6.465245,51.705898],[6.465989,51.70637],[6.476427,51.717709],[6.478517,51.718563],[6.481217,51.719103],[6.483509,51.719857],[6.485783,51.720097],[6.486943,51.719948],[6.495489,51.721805],[6.489112,51.720474],[6.488887,51.721015],[6.489076,51.72109],[6.489159,51.721814],[6.488671,51.722023],[6.488444,51.723462],[6.487416,51.725354],[6.485588,51.729728],[6.487333,51.729918],[6.48733,51.730337],[6.485545,51.731334],[6.486218,51.731516],[6.485507,51.732778],[6.485276,51.732772],[6.484553,51.733616],[6.485189,51.734102],[6.484853,51.736112],[6.487482,51.736971],[6.487898,51.737854],[6.48889,51.73883],[6.489497,51.740195],[6.489562,51.741817],[6.489014,51.742042],[6.489034,51.745063],[6.486709,51.74953],[6.484589,51.75172],[6.482087,51.753666],[6.484657,51.754645],[6.485422,51.753727],[6.486666,51.75422],[6.486085,51.754497],[6.486798,51.754869],[6.487449,51.754401],[6.489096,51.755184],[6.489566,51.754928],[6.491422,51.755911],[6.491354,51.756068],[6.492497,51.757151],[6.495524,51.756942],[6.497863,51.757138],[6.500083,51.756871],[6.500921,51.758566],[6.50183,51.758247],[6.502365,51.759148],[6.505698,51.758219],[6.509421,51.75861],[6.509384,51.759162],[6.509658,51.759053],[6.509571,51.759698],[6.51087,51.759656],[6.510871,51.760398],[6.512631,51.760649],[6.512495,51.761058],[6.514799,51.761345],[6.51741,51.761408],[6.517257,51.761122],[6.519527,51.760493],[6.521016,51.762274],[6.522837,51.761507],[6.523922,51.762578],[6.524309,51.762428],[6.52578,51.763647],[6.528156,51.762567],[6.528731,51.763131],[6.529354,51.762322],[6.533068,51.763554],[6.534125,51.764437],[6.531574,51.765768],[6.528881,51.767971],[6.528351,51.768986],[6.525586,51.772133],[6.523702,51.775445],[6.519553,51.777223],[6.5136,51.778533],[6.512732,51.779178],[6.512537,51.779904],[6.511001,51.780416],[6.509066,51.781395],[6.506437,51.783511],[6.50593,51.784265],[6.504929,51.784852],[6.504134,51.786126],[6.501777,51.79115],[6.497835,51.796929],[6.496951,51.800254],[6.492865,51.802354],[6.491399,51.80439],[6.489867,51.808935],[6.489793,51.809681],[6.489162,51.810586],[6.491161,51.810473],[6.494561,51.810645],[6.510352,51.812502],[6.512558,51.813184],[6.514338,51.813972],[6.516346,51.815232],[6.517809,51.816567],[6.519772,51.815535],[6.522135,51.813719],[6.522167,51.811609],[6.522994,51.810637],[6.52411,51.810226],[6.526579,51.810034],[6.527505,51.809759],[6.529976,51.807933],[6.532617,51.806414],[6.534214,51.805122],[6.538816,51.802569],[6.540462,51.801892],[6.54084,51.801386],[6.543081,51.800915],[6.543439,51.800434],[6.544536,51.800026],[6.547103,51.799491],[6.549455,51.79829],[6.550542,51.798469],[6.551876,51.798246],[6.552594,51.797728],[6.554085,51.795712],[6.554872,51.795418],[6.557691,51.79525],[6.558465,51.794746],[6.559468,51.793445],[6.560739,51.793167],[6.561679,51.792662],[6.561965,51.792314],[6.5648,51.793285],[6.568665,51.789906],[6.572403,51.792407],[6.570621,51.795007],[6.576862,51.795929],[6.577197,51.795224],[6.578029,51.794975],[6.578831,51.795092],[6.579942,51.795623],[6.581505,51.795655],[6.583331,51.793681],[6.583729,51.793443],[6.584419,51.793667],[6.584747,51.794054],[6.585232,51.794183],[6.585409,51.79454],[6.586681,51.795221],[6.585953,51.795905],[6.587652,51.796645],[6.587118,51.797139],[6.588082,51.799695],[6.590051,51.799147],[6.591701,51.802094],[6.592772,51.802245],[6.593723,51.801636],[6.595899,51.800833],[6.601654,51.79974],[6.608901,51.799996],[6.609203,51.794286],[6.611044,51.794726],[6.611336,51.79426],[6.614736,51.795482],[6.614996,51.795087],[6.617153,51.795695],[6.61749,51.795226],[6.621329,51.796519],[6.622416,51.797226],[6.622113,51.79737],[6.630562,51.798825],[6.632051,51.799276],[6.634097,51.799005],[6.634407,51.799184],[6.635492,51.798726],[6.638958,51.798149],[6.652119,51.792298],[6.652121,51.791766],[6.652476,51.791324],[6.653664,51.791232],[6.657834,51.78937],[6.659573,51.787793],[6.660593,51.787022],[6.660735,51.787083],[6.661224,51.786358],[6.665168,51.783379],[6.668259,51.777171],[6.677405,51.778071],[6.679841,51.777888],[6.696091,51.777608],[6.697724,51.777342],[6.69832,51.778153],[6.700098,51.779201],[6.706223,51.780745],[6.708472,51.780963],[6.713287,51.779844],[6.713139,51.780488],[6.713822,51.78051],[6.714135,51.778484],[6.712618,51.775914],[6.711275,51.775499],[6.707213,51.77483],[6.707631,51.774529],[6.708589,51.77323],[6.708374,51.772219],[6.707513,51.772059],[6.707471,51.771893],[6.708212,51.771911],[6.708462,51.771644],[6.721598,51.769012],[6.721911,51.768726],[6.721914,51.768482],[6.740519,51.769631],[6.741577,51.770068],[6.746457,51.770212],[6.748302,51.771332],[6.748705,51.771804],[6.749076,51.772923],[6.748918,51.773536],[6.74846,51.774133],[6.748766,51.77459],[6.751106,51.775266],[6.755649,51.775875],[6.757403,51.776388],[6.757992,51.77639],[6.758704,51.77611],[6.760646,51.774215],[6.763015,51.773297],[6.764666,51.770677],[6.769207,51.766011],[6.768832,51.764684],[6.769457,51.762435],[6.769196,51.760096],[6.769281,51.758986],[6.770521,51.755834],[6.771687,51.754238],[6.772076,51.752764],[6.771606,51.750274],[6.77266,51.747709],[6.772520336558214,51.745854889548944],[6.775252,51.746448],[6.776421,51.746359],[6.777463,51.74684],[6.778964,51.746925],[6.779465,51.747232],[6.779843,51.747244],[6.780345,51.746957],[6.782069,51.747126],[6.782235,51.747284],[6.782808,51.74722],[6.783175,51.747405],[6.783663,51.747233],[6.78451,51.747482],[6.784601,51.747751],[6.785142,51.747699],[6.785216,51.748377],[6.785669,51.748406],[6.786056,51.748724],[6.787788,51.748785],[6.788058,51.748554],[6.788406,51.748645],[6.78873,51.748282],[6.789061,51.748333],[6.78922,51.748095],[6.789431,51.748191],[6.790629,51.747831],[6.790584,51.747642],[6.791053,51.747673],[6.791433,51.747413],[6.79129,51.747108],[6.791498,51.747146],[6.791594,51.74696],[6.791309,51.74679],[6.791292,51.746573],[6.791749,51.746505],[6.792372,51.745973],[6.792327,51.745752],[6.792779,51.74574],[6.793332,51.745047],[6.793934,51.745137],[6.794292,51.744998],[6.796192,51.74355],[6.796082,51.743373],[6.796862,51.742757],[6.797271,51.742652],[6.797658,51.742874],[6.799348,51.742139],[6.801033,51.742215],[6.801285,51.742147],[6.801372,51.741827],[6.801931,51.741833],[6.801944,51.741974],[6.802254,51.741944],[6.803024,51.742369],[6.803404,51.742252],[6.804291,51.742487],[6.804756,51.742422],[6.805061,51.742787],[6.805839,51.742831],[6.806092,51.743036],[6.806776,51.743112],[6.806931,51.742879],[6.80776,51.743393],[6.807962,51.74307],[6.808334,51.742993],[6.808535,51.743249],[6.808824,51.742947],[6.808848,51.743329],[6.810327,51.743179],[6.811185,51.74371],[6.811397,51.743508],[6.812142,51.743595],[6.812416,51.743329],[6.812903,51.743588],[6.81307,51.743534],[6.812966,51.743369],[6.813314,51.743364],[6.813681,51.743668],[6.814054,51.743552],[6.81416,51.743136],[6.814434,51.74304],[6.815151,51.743089],[6.815678,51.743346],[6.815824,51.743155],[6.816414,51.74304],[6.816822,51.743184],[6.817003,51.742972],[6.81706,51.743147],[6.817458,51.743204],[6.8173,51.742898],[6.817738,51.742998],[6.817698,51.742741],[6.818115,51.742937],[6.818398,51.742624],[6.818463,51.742854],[6.818692,51.742905],[6.818885,51.742349],[6.818628,51.742049],[6.818605,51.741657],[6.819033,51.739858],[6.819173,51.739878],[6.819818,51.737717],[6.827156,51.73003],[6.827549,51.729821],[6.832613,51.731452],[6.83427,51.733209],[6.840004,51.735646],[6.841192,51.736432],[6.841272,51.735367],[6.848723,51.736731],[6.849774,51.735493],[6.853669,51.736159],[6.855421,51.73552],[6.855695,51.734209],[6.856328,51.733611],[6.856399,51.733323],[6.85832,51.731673],[6.858409,51.731222],[6.858017,51.729731],[6.858003,51.728892],[6.86635,51.731343],[6.870581,51.732995],[6.87583,51.735472],[6.89074,51.738903],[6.901669,51.742487],[6.904761,51.743684],[6.904537,51.743756],[6.904777,51.743898],[6.90929,51.745397],[6.909669,51.745824],[6.911288,51.746259],[6.910454,51.747293],[6.909917,51.74734],[6.908627,51.748375],[6.908901,51.749184],[6.909124,51.752022],[6.909637,51.755065],[6.91247,51.760346],[6.913116,51.759955],[6.914917,51.761602],[6.915612,51.763515],[6.91534,51.763882],[6.914149,51.764303],[6.913963,51.764588],[6.914866,51.767003],[6.91475,51.768379],[6.914936,51.770927],[6.916349,51.778389],[6.916703,51.778528],[6.917341,51.777925],[6.923543,51.777743],[6.92398,51.776923],[6.924314,51.776991],[6.924986,51.77579],[6.929503,51.775723],[6.929346,51.77542],[6.936397,51.773496],[6.936642,51.773759],[6.947408,51.772729],[6.947578,51.772535],[6.949146,51.77237],[6.956054,51.771935],[6.956533,51.772958],[6.955615,51.773501],[6.955669,51.774209],[6.956111,51.77445],[6.958284,51.774829],[6.958368,51.775123],[6.958912,51.775304],[6.958856,51.775692],[6.959923,51.775758],[6.960454,51.776405],[6.961109,51.776593],[6.962818,51.78028],[6.96861,51.787134],[6.974277,51.797074],[6.976496,51.798953],[6.984039,51.800038],[6.984045,51.800201],[6.988929,51.800791],[6.992011,51.80083],[6.992068,51.801006],[6.994629,51.800913],[6.994909,51.798723],[7.007935,51.79893],[7.020219,51.800109],[7.021659,51.794572],[7.024165,51.793777],[7.024049,51.789597],[7.025829,51.789623],[7.025782,51.787901],[7.026837,51.787936],[7.026733,51.787822],[7.031098,51.786485],[7.029568,51.784543],[7.030052,51.783663],[7.032721,51.783077],[7.032651,51.782974],[7.032979,51.782852],[7.033915,51.782762],[7.034999,51.782932],[7.036928,51.783779],[7.038993,51.783064],[7.041636,51.781708],[7.043668,51.781438],[7.047707,51.780452],[7.055247,51.778292],[7.0556,51.778613],[7.05688,51.77901],[7.060469,51.778906],[7.060565,51.777447],[7.060154,51.776924],[7.075354,51.777447],[7.076709,51.780255],[7.093189,51.782813],[7.114264,51.788123],[7.116641,51.790439],[7.133593,51.803726],[7.133547,51.803938],[7.16078,51.815528],[7.163466,51.816215],[7.164732,51.816769],[7.163079,51.817901],[7.16859,51.820317],[7.169385,51.82037],[7.172776,51.819867],[7.173836,51.82137],[7.176778,51.820871],[7.178386,51.821031],[7.183784,51.820538],[7.186153,51.821204],[7.187938,51.820989],[7.188939,51.819897],[7.192644,51.82201],[7.192873,51.821953],[7.191433,51.821257],[7.194155,51.819893],[7.19908,51.819459],[7.202868,51.818241],[7.204058,51.817959],[7.204257,51.818142],[7.206684,51.817726],[7.208812,51.817041],[7.208805,51.817192],[7.213742,51.816965],[7.21382,51.816718],[7.213613,51.816505],[7.214112,51.816141],[7.216142,51.815296],[7.217488,51.814954],[7.217958,51.814126],[7.218782,51.813597],[7.219678,51.813422],[7.221031,51.812819],[7.220389,51.812204],[7.225408,51.811087],[7.227285,51.809765],[7.232176,51.809031],[7.234116,51.80809],[7.236182,51.807484],[7.234687,51.805628],[7.240628,51.804933],[7.241408,51.804687],[7.244105,51.805161],[7.246946,51.804731],[7.249404,51.803675],[7.253387,51.801133],[7.254513,51.799607],[7.255114,51.799141],[7.257979,51.79879],[7.259798,51.800291],[7.26167,51.798689],[7.261842,51.796214],[7.261042,51.794524],[7.2622,51.794429],[7.262381,51.793073],[7.265048,51.79318],[7.264092,51.792458],[7.262932,51.788524],[7.263889,51.786724],[7.263447,51.786301],[7.26298,51.785286],[7.263141,51.784178],[7.262451,51.782788],[7.263891,51.781728],[7.264793,51.782651],[7.266649,51.780984],[7.267472,51.781115],[7.267747,51.78052],[7.269038,51.780709],[7.269485,51.780947],[7.270083,51.780816],[7.270318,51.780429],[7.271275,51.780399],[7.271752,51.780109],[7.271618,51.778783],[7.270646,51.77903],[7.270339,51.778848],[7.270919,51.778133],[7.267639,51.777534],[7.267804,51.777232],[7.266876,51.776927],[7.266107,51.776439],[7.266036,51.776192],[7.265313,51.776028],[7.263898,51.774607],[7.260742,51.773849],[7.259098,51.7732],[7.260318,51.771279],[7.261917,51.7694],[7.264614,51.76645],[7.267603,51.763614],[7.268043,51.762186],[7.268974,51.761619],[7.275039,51.759798],[7.278701,51.751835],[7.280224,51.749164],[7.288273,51.74852],[7.292604,51.748723],[7.310248,51.746325],[7.310226,51.745271],[7.311984,51.745386],[7.313452,51.744664],[7.313661,51.744357],[7.313672,51.743743],[7.31347,51.742709],[7.314721,51.741974],[7.314578,51.740961],[7.315153,51.741028],[7.315299,51.74016],[7.314449,51.739861],[7.31289,51.739813],[7.311066,51.740623],[7.310569,51.74026],[7.312149,51.738679],[7.312568,51.737577],[7.313016,51.7374],[7.313741,51.737478],[7.31453,51.738571],[7.316217,51.738228],[7.318117,51.737569],[7.321091,51.736981],[7.321294,51.736],[7.32082,51.735215],[7.319506,51.733742],[7.315554,51.728167],[7.312795,51.724711],[7.309317,51.721122],[7.305689,51.717816],[7.303433,51.716878],[7.303427,51.716681],[7.30194,51.71641],[7.301667,51.715645],[7.302231,51.715404],[7.30202,51.714818],[7.301253,51.713949],[7.301219,51.71363],[7.299843,51.71302],[7.29928,51.713077],[7.298226,51.714402],[7.300406,51.711389],[7.30063,51.710836],[7.300578,51.710298],[7.299189,51.708948],[7.298815,51.708197],[7.298889,51.706483],[7.29949,51.705764],[7.300161,51.70559],[7.301084,51.705693],[7.303543,51.707148],[7.305331,51.707735],[7.306085,51.708356],[7.305992,51.709801],[7.306506,51.710498],[7.309095,51.711549],[7.310546,51.711591],[7.311609,51.711237],[7.311925,51.710869],[7.311956,51.710496],[7.31133,51.708795],[7.311119,51.707254],[7.308893,51.706005],[7.307908,51.704985],[7.307838,51.704442],[7.308013,51.704012],[7.308842,51.703384],[7.312074,51.702666],[7.315482,51.701568],[7.316855,51.701631],[7.317873,51.701957],[7.318286,51.702213],[7.318893,51.703081],[7.319504,51.703282],[7.320489,51.703101],[7.321854,51.702293],[7.322696,51.702039],[7.326609,51.701906],[7.328133,51.701027],[7.32877,51.70006],[7.329478,51.698421],[7.33075,51.696968],[7.331927,51.696412],[7.333,51.696516],[7.334223,51.696938],[7.334532,51.698431],[7.335265,51.698969],[7.335994,51.698981],[7.336681,51.698719],[7.337525,51.69697],[7.33873,51.69659],[7.339459,51.696759],[7.339733,51.697051],[7.339355,51.698996],[7.339617,51.699311],[7.34264,51.699782],[7.344388,51.699418],[7.345485,51.698801],[7.346236,51.698027],[7.34704,51.696366],[7.346938,51.695655],[7.346579,51.695204],[7.344285,51.694044],[7.342435,51.692185],[7.342777,51.691823],[7.34504,51.691032],[7.345301,51.69075],[7.345303,51.690364],[7.34412,51.689431],[7.343017,51.688917],[7.33931,51.68813],[7.338962,51.687778],[7.339244,51.68745],[7.340225,51.687172],[7.342272,51.687187],[7.343269,51.68698],[7.346943,51.684591],[7.3484,51.683966],[7.349771,51.683787],[7.353206,51.683816],[7.354299,51.683573],[7.356,51.68272],[7.358564,51.680575],[7.359667,51.680093],[7.364784,51.679918],[7.36859,51.680304],[7.371745,51.679649],[7.376713,51.679185],[7.381077,51.677499],[7.382387,51.676263],[7.388723,51.67239],[7.389527,51.671577],[7.390481,51.670039],[7.391113,51.669593],[7.393482,51.669022],[7.397471,51.668673],[7.401769,51.666453],[7.407886,51.665327],[7.412607301481284,51.662775984535784],[7.408983,51.664763],[7.410248,51.665797],[7.409677,51.667766],[7.408888,51.668608],[7.409415,51.67012],[7.409117,51.670374],[7.4102,51.670943],[7.410796,51.67112],[7.411601,51.670906],[7.413825,51.670893],[7.415818,51.670414],[7.417721,51.670555],[7.418509,51.670271],[7.419929,51.670644],[7.42127,51.670393],[7.421475,51.670511],[7.422156,51.670273],[7.424885,51.670376],[7.426974,51.669309],[7.426968,51.668604],[7.429751,51.667793],[7.430264,51.667997],[7.431124,51.668936],[7.431345,51.668608],[7.432841,51.668575],[7.433131,51.669608],[7.435358,51.669118],[7.435469,51.669849],[7.436186,51.669921],[7.436238,51.671678],[7.436014,51.671708],[7.438532,51.673366],[7.439793,51.674775],[7.444503,51.674531],[7.444917,51.67632],[7.446066,51.676451],[7.448494,51.67632],[7.450799,51.681336],[7.451073,51.682824],[7.448761,51.683392],[7.448679,51.684306],[7.449784,51.684341],[7.447662,51.68575],[7.448603,51.68641],[7.448492,51.686995],[7.449203,51.688155],[7.450585,51.688958],[7.451771,51.68896],[7.451698,51.689795],[7.450151,51.690482],[7.449424,51.691183],[7.449649,51.692663],[7.449125,51.69345],[7.44742,51.693967],[7.445774,51.695049],[7.443749,51.695493],[7.441834,51.696839],[7.441339,51.697817],[7.442531,51.699176],[7.441666,51.700189],[7.439369,51.701051],[7.438286,51.702326],[7.437925,51.703966],[7.43555,51.704466],[7.432866,51.704706],[7.431488,51.704426],[7.428223,51.704597],[7.427211,51.704848],[7.425924,51.705785],[7.424633,51.706234],[7.423963,51.707713],[7.422942,51.708657],[7.424707,51.709133],[7.42581,51.709972],[7.422861,51.711796],[7.425197,51.71312],[7.423759,51.713723],[7.423905,51.713981],[7.424226,51.714059],[7.423783,51.714441],[7.423723,51.714962],[7.424569,51.714957],[7.424653,51.715274],[7.424365,51.715901],[7.427239,51.717166],[7.429206,51.718659],[7.432914,51.720636],[7.434859,51.722178],[7.436676,51.723118],[7.438084,51.723483],[7.44136,51.723593],[7.448794,51.724958],[7.455545,51.731029],[7.457059,51.731551],[7.459918,51.731691],[7.461878,51.732177],[7.463243,51.733012],[7.463825,51.733756],[7.463969,51.734285],[7.464649,51.734384],[7.464843,51.734933],[7.465216,51.734924],[7.465949,51.73435],[7.466683,51.734924],[7.46699,51.734927],[7.466791,51.735904],[7.467736,51.736244],[7.469569,51.735451],[7.470703,51.735423],[7.47293,51.734983],[7.4726,51.734522],[7.473031,51.733959],[7.473603,51.733689],[7.473454,51.731747],[7.474907,51.731587],[7.475576,51.729961],[7.476053,51.730077],[7.477193,51.728615],[7.481364,51.7295],[7.483109,51.729116],[7.481618,51.726389],[7.481138,51.724298],[7.480202,51.723978],[7.47928,51.723371],[7.477199,51.723048],[7.47814,51.721888],[7.479286,51.719663],[7.480745,51.719781],[7.482401,51.719421],[7.483215,51.718386],[7.483876,51.718334],[7.484204,51.716557],[7.484321,51.714311],[7.485623,51.714731],[7.486518,51.716052],[7.487839,51.717037],[7.488343,51.717984],[7.490048,51.718957],[7.491325,51.719948],[7.493349,51.720709],[7.495096,51.720812],[7.495127,51.720305],[7.500305,51.721006],[7.50047,51.722145],[7.503311,51.722498],[7.505006,51.72225],[7.50604,51.722483],[7.509874,51.722325],[7.513543,51.721856],[7.514736,51.722019],[7.515369,51.721416],[7.51738,51.721362],[7.516781,51.719557],[7.51648,51.717578],[7.517261,51.71748],[7.517081,51.716263],[7.517435,51.71619],[7.517865,51.712512],[7.518115,51.712516],[7.518151,51.711458],[7.517807,51.707997],[7.517356,51.707645],[7.517346,51.70737],[7.516826,51.707372],[7.517039,51.70703],[7.517639,51.706804],[7.51765,51.706567],[7.51835,51.706007],[7.519515,51.706608],[7.520378,51.706566],[7.52034,51.705888],[7.52064,51.705683],[7.521212,51.70584],[7.52275,51.705706],[7.523489,51.705452],[7.523931,51.705607],[7.525431,51.705116],[7.5265,51.705228],[7.526587,51.705032],[7.527343,51.705016],[7.527071,51.704819],[7.527266,51.704654],[7.529878,51.704002],[7.529652,51.703759],[7.530243,51.703418],[7.530237,51.703235],[7.529377,51.702245],[7.529019,51.701341],[7.528281,51.700877],[7.528578,51.700113],[7.529473,51.698797],[7.529615,51.69718],[7.529801,51.69719],[7.530244,51.696288],[7.531606,51.696295],[7.531726,51.695988],[7.532294,51.695838],[7.532388,51.695032],[7.533105,51.695449],[7.533321,51.692691],[7.536623,51.69247],[7.53672,51.69227],[7.539513,51.692687],[7.540698,51.691985],[7.542555,51.691357],[7.543984,51.690502],[7.542884,51.689854],[7.542518,51.689999],[7.541463,51.689603],[7.538565,51.688117],[7.538418,51.687214],[7.538828,51.686713],[7.539928,51.686291],[7.542094,51.684741],[7.543728,51.685079],[7.545788,51.685817],[7.548717,51.68776],[7.550938,51.688412],[7.552149,51.689627],[7.552358,51.69073],[7.552207,51.691048],[7.552565,51.692215],[7.566107,51.695621],[7.567298,51.698222],[7.571556,51.698826],[7.573655,51.699324],[7.588197,51.700219],[7.587418,51.701442],[7.593058,51.703562],[7.594713,51.70487],[7.601083,51.706586],[7.601444,51.706035],[7.605481,51.706482],[7.606045,51.708573],[7.606199,51.709924],[7.610009,51.710622],[7.612315,51.711568],[7.61462,51.711557],[7.613852,51.715682],[7.614454,51.715618],[7.615053,51.715093],[7.617629,51.714624],[7.620236,51.714919],[7.620992,51.713705],[7.623296,51.714417],[7.623801,51.713598],[7.626473,51.713724],[7.627755,51.709544],[7.628174,51.709393],[7.629137,51.709909],[7.629679,51.709846],[7.630078,51.710398],[7.630993,51.710564],[7.631813,51.710954],[7.63253,51.711326],[7.632784,51.71166],[7.634318,51.712374],[7.63466,51.712365],[7.635036,51.712766],[7.638048,51.713249],[7.642592,51.71334],[7.64405,51.712668],[7.645198,51.711817],[7.647497,51.708605],[7.649884,51.707717],[7.651432,51.706602],[7.651556,51.706274],[7.651203,51.705509],[7.652342,51.70561],[7.652322,51.705954],[7.653665,51.706689],[7.655412,51.706778],[7.6571,51.707544],[7.656954,51.708054],[7.656148,51.708612],[7.654951,51.71229],[7.654519,51.713108],[7.65794,51.713423],[7.657825,51.713784],[7.65914,51.713928],[7.661492,51.712897],[7.669026,51.717077],[7.666582,51.719359],[7.66775,51.719387],[7.668258,51.720127],[7.67208,51.720784],[7.669483,51.723266],[7.67245,51.723814],[7.677523,51.726136],[7.677813,51.72575],[7.678221,51.725815],[7.680839,51.726935],[7.687392,51.72879],[7.690086,51.725159],[7.689752,51.725172],[7.691444,51.721187],[7.690851,51.72062],[7.694132,51.718758],[7.692196,51.717454],[7.694153,51.715656],[7.696546,51.712966],[7.69759,51.713483],[7.700295,51.712785],[7.700735,51.712247],[7.701752569765271,51.712341495726],[7.70136,51.713301],[7.701999,51.713322],[7.703412,51.714052],[7.704305,51.71314],[7.708133,51.714552],[7.707486,51.715478],[7.710074,51.716263],[7.713697,51.716913],[7.715378,51.717546],[7.715003,51.718415],[7.715301,51.718497],[7.714752,51.719833],[7.717969,51.718716],[7.718381,51.718376],[7.719099,51.718552],[7.717853,51.722195],[7.719161,51.722513],[7.722359,51.722645],[7.720313,51.724062],[7.724256,51.724789],[7.723598,51.727933],[7.724303,51.727966],[7.725851,51.728507],[7.726157,51.728704],[7.726057,51.729275],[7.729289,51.730062],[7.730782,51.730119],[7.732642,51.730469],[7.735252,51.73026],[7.737194,51.730685],[7.737213,51.737931],[7.739897,51.737884],[7.751837,51.739266],[7.752497,51.737188],[7.754011,51.734493],[7.754372,51.734541],[7.755129,51.733422],[7.755729,51.733123],[7.757039,51.7333],[7.75713,51.73306],[7.757867,51.733211],[7.759733,51.72974],[7.764486,51.730366],[7.765234,51.728991],[7.765873,51.726983],[7.766394,51.726729],[7.768526,51.727099],[7.769194,51.725573],[7.76948,51.723793],[7.771894,51.724333],[7.771922,51.72552],[7.77258,51.725701],[7.772245,51.726595],[7.772362,51.726692],[7.7756,51.727122],[7.779982,51.727027],[7.781123,51.727413],[7.78133,51.728412],[7.786062,51.730571],[7.787077,51.728004],[7.791256,51.728804],[7.790856,51.731534],[7.795907,51.730634],[7.796628,51.732178],[7.804209,51.731739],[7.803625,51.732834],[7.80266,51.732875],[7.801838,51.734451],[7.803816,51.734773],[7.804074,51.734424],[7.808423,51.735697],[7.807937,51.736835],[7.808766,51.737177],[7.811229,51.737541],[7.813028,51.737559],[7.813035,51.737838],[7.812679,51.738106],[7.813182,51.739789],[7.820344,51.739067],[7.820859,51.739894],[7.823471,51.742567],[7.823475,51.743804],[7.824553,51.744036],[7.825416,51.744474],[7.826186,51.744598],[7.828935,51.744352],[7.831353,51.744589],[7.833187,51.742463],[7.833546,51.741383],[7.833094,51.737918],[7.832577,51.735719],[7.832601,51.734575],[7.833823,51.734038],[7.834876,51.732849],[7.834543,51.732632],[7.835727,51.731386],[7.835222,51.731111],[7.835674,51.730876],[7.835213,51.730488],[7.844115,51.727772],[7.847591,51.7274],[7.849589,51.727313],[7.84978,51.727441],[7.852104,51.727034],[7.852315,51.727175],[7.858714,51.726651],[7.858307,51.72566],[7.858988,51.725053],[7.859156,51.724498],[7.862882,51.724906],[7.863765,51.725158],[7.872356,51.730441],[7.876143,51.728106],[7.878167,51.726266],[7.878383,51.725793],[7.878272,51.725605],[7.879886,51.722536],[7.88006,51.72083],[7.882606,51.721052],[7.883236,51.719586],[7.885143,51.719487],[7.885284,51.718346],[7.887139,51.718696],[7.887421,51.717773],[7.888223,51.718051],[7.889338,51.713829],[7.888469,51.713624],[7.88866,51.713261],[7.88849,51.710746],[7.888944,51.710655],[7.888992,51.709262],[7.888829,51.708925],[7.888531,51.704888],[7.889134,51.704892],[7.889951,51.70438],[7.889866,51.70347],[7.889238,51.703325],[7.889677,51.702579],[7.890784,51.703053],[7.891725,51.704301],[7.893924,51.70459],[7.895968,51.705344],[7.896371,51.705237],[7.896964,51.704536],[7.897499,51.704402],[7.902943,51.705101],[7.90321,51.704918],[7.904105,51.703256],[7.904579,51.702927],[7.905073,51.70289],[7.905694,51.703212],[7.906091,51.703924],[7.906413,51.704044],[7.906562,51.704592],[7.913071,51.704447],[7.912767,51.705548],[7.9133,51.706295],[7.915065,51.70607],[7.916167,51.706195],[7.917244,51.705619],[7.920712,51.706288],[7.922139,51.706193],[7.922826,51.705973],[7.922694,51.70468],[7.923329,51.704695],[7.925015,51.704275],[7.925704,51.704399],[7.926908,51.705279],[7.927374,51.705371],[7.927806,51.704994],[7.928037,51.703926],[7.929125,51.703422],[7.930945,51.703332],[7.932112,51.704204],[7.933261,51.704607],[7.933613,51.704462],[7.934014,51.703227],[7.934555,51.702901],[7.938029,51.703806],[7.938874,51.703808],[7.939411,51.703501],[7.939415,51.703021],[7.937592,51.702391],[7.936775,51.70188],[7.936909,51.70152],[7.93761,51.701],[7.93924,51.70076],[7.941237,51.701171],[7.941871,51.701027],[7.943064,51.700169],[7.945329,51.700373],[7.945899,51.699993],[7.946452,51.699084],[7.947178,51.698443],[7.950252,51.697512],[7.951139,51.697449],[7.952165,51.696412],[7.954354,51.696799],[7.955741,51.696504],[7.958554,51.695391],[7.961791,51.693386],[7.964507,51.693178],[7.965746,51.69198],[7.966134,51.691813],[7.969139,51.692361],[7.970875,51.692219],[7.97161,51.691285],[7.973389,51.691478],[7.973585,51.691251],[7.973566,51.690534],[7.973869,51.690189],[7.97604,51.689893],[7.976642,51.689645],[7.976578,51.689349],[7.975635,51.689251],[7.975375,51.688945],[7.977905,51.688081],[7.977544,51.68703],[7.977689,51.686735],[7.978204,51.686591],[7.979582,51.68696],[7.980047,51.68687],[7.980098,51.684771],[7.980307,51.684504],[7.982803,51.684525],[7.986972,51.683261],[7.987578,51.682591],[7.987769,51.68204],[7.986799,51.680595],[7.988109,51.679853],[7.987839,51.678916],[7.988096,51.678538],[7.9885,51.678525],[7.989477,51.679288],[7.99013,51.679144],[7.99067,51.678706],[7.99192,51.678229],[7.992523,51.677567],[7.994105,51.677302],[7.99481,51.67697],[7.996746,51.675474],[7.997326,51.674461],[7.998016,51.673786],[8.00251,51.672353],[8.002935,51.671974],[8.003449,51.670692],[8.004093,51.670205],[8.004969,51.669996],[8.007706,51.669926],[8.004986,51.66802],[8.004442,51.668326],[8.003943,51.667975],[8.00408,51.666205],[8.003984,51.665723],[8.003702,51.665529],[8.006599,51.664861],[8.008441,51.664054],[8.007248,51.662906],[8.006181,51.661484],[8.003232,51.6619],[8.003165,51.660299],[8.004255,51.660668],[8.006073,51.658103],[8.006713,51.656436],[8.008238,51.65564],[8.009961,51.655201],[8.011959,51.654197],[8.011379,51.653859],[8.011362,51.65319],[8.012711,51.652436],[8.012921,51.652516],[8.014041,51.651463],[8.015316,51.650976],[8.016439,51.649892],[8.017171,51.648953],[8.017952,51.646933],[8.018258,51.644352],[8.018869,51.642756],[8.02052,51.642026],[8.021464,51.640906],[8.02216,51.639428],[8.022582,51.639092],[8.023356,51.638972],[8.025488,51.637938],[8.026955,51.638844],[8.027805,51.639107],[8.0285,51.638849],[8.029293,51.638364],[8.029238,51.638237],[8.031474,51.637967],[8.033303,51.639452],[8.032995,51.640059],[8.035403,51.640201],[8.036428,51.639875],[8.038154,51.638802],[8.041233,51.634748],[8.043727,51.635086],[8.044846,51.634846],[8.047168,51.634865],[8.051876,51.635687],[8.053593,51.634626],[8.055822,51.634641],[8.060231,51.635313],[8.064356,51.636798],[8.065647,51.636542],[8.066706,51.637317],[8.06733,51.637359],[8.071609,51.636015],[8.073183,51.634998],[8.075303,51.634198],[8.076429,51.633315],[8.077439,51.63158],[8.078474,51.631043],[8.079842,51.631169],[8.080743,51.63104],[8.08206,51.631583],[8.082523,51.631354],[8.082758,51.630552],[8.084165,51.630977],[8.084433,51.630788],[8.085794,51.63087],[8.086369,51.630685],[8.086408,51.63112],[8.086079,51.631605],[8.08737,51.631868],[8.088737,51.63145],[8.088898,51.629996],[8.089456,51.630031],[8.09044,51.628346],[8.086786,51.628008],[8.086655,51.627498],[8.086811,51.626661],[8.087278,51.625765],[8.086658,51.625708],[8.087100080734023,51.62389743379377],[8.087851,51.623917],[8.088878,51.624358],[8.100344,51.626965],[8.100925,51.624953],[8.102798,51.625151],[8.102756,51.625637],[8.108733,51.625807],[8.109235,51.627572],[8.114317,51.62749],[8.114624,51.625186],[8.118667,51.625178],[8.119001,51.622679],[8.121622,51.622835],[8.121556,51.621733],[8.121015,51.620414],[8.121049,51.618994],[8.1265,51.6192],[8.126764,51.619161],[8.126841,51.618212],[8.133196,51.618504],[8.133152,51.61644],[8.13402,51.616793],[8.133897,51.614395],[8.137583,51.614733],[8.139163,51.612252],[8.143838,51.612728],[8.145768,51.613184],[8.146461,51.610862],[8.149248,51.611163],[8.144544,51.607022],[8.143172,51.606029],[8.142101,51.604734],[8.139153,51.607123],[8.133961,51.604696],[8.135141,51.603963],[8.129248,51.602537],[8.129645,51.601997],[8.130489,51.601411],[8.128791,51.600989],[8.126612,51.60275],[8.123478,51.601579],[8.125899,51.600077],[8.123559,51.598202],[8.128636,51.597621],[8.130238,51.596865],[8.12938,51.595844],[8.134176,51.594531],[8.135846,51.596646],[8.138043,51.595169],[8.139614,51.593578],[8.139043,51.591703],[8.14198,51.590923],[8.138764,51.588093],[8.137841,51.586324],[8.137738,51.585657],[8.137112,51.585769],[8.137076,51.585628],[8.137617,51.583652],[8.139848,51.581571],[8.139747,51.579324],[8.148455,51.580039],[8.151124,51.580746],[8.150971,51.580006],[8.15073,51.579736],[8.148581,51.579076],[8.151295,51.577344],[8.151719,51.576724],[8.152249,51.576851],[8.153344,51.574153],[8.153607,51.574271],[8.154646,51.572896],[8.154614,51.57061],[8.154801,51.569455],[8.155749,51.569446],[8.152723,51.565225],[8.151031,51.56161],[8.150505,51.561052],[8.14939,51.561155],[8.147753,51.558708],[8.1545,51.556418],[8.157816,51.555057],[8.160636,51.553252],[8.160988,51.55291],[8.160688,51.552866],[8.16154,51.552176],[8.160056,51.551692],[8.157671,51.552082],[8.147609,51.550879],[8.145886,51.549852],[8.147572,51.549341],[8.147554,51.54782],[8.145064,51.547513],[8.145571,51.546219],[8.146399,51.544959],[8.146739,51.545208],[8.149337,51.543578],[8.14885,51.543343],[8.153369,51.540825],[8.158724,51.537079],[8.161191,51.538262],[8.164684,51.538324],[8.164863,51.537999],[8.164874,51.536927],[8.167415,51.537137],[8.167691,51.535125],[8.172515,51.535403],[8.172782,51.534279],[8.1726,51.534091],[8.172648,51.532316],[8.172474,51.531439],[8.175717,51.530516],[8.176278,51.530179],[8.174794,51.529575],[8.16883,51.529225],[8.167816,51.528488],[8.168007,51.527893],[8.167481,51.527208],[8.165873,51.527219],[8.163337,51.526777],[8.159098,51.52646],[8.153951,51.525743],[8.151218,51.525638],[8.148426,51.524627],[8.147283,51.524397],[8.146276,51.524763],[8.142262,51.524738],[8.142148,51.525144],[8.141147,51.525158],[8.140787,51.526277],[8.1397,51.526203],[8.139524,51.526637],[8.138408,51.526487],[8.137926,51.527639],[8.13682,51.528084],[8.133449,51.527817],[8.128565,51.528299],[8.125929,51.528093],[8.123348,51.528201],[8.120135,51.527036],[8.115145,51.526413],[8.1153,51.52579],[8.112346,51.525296],[8.112424,51.524675],[8.108835,51.524206],[8.108361,51.524494],[8.108261,51.525059],[8.108042,51.525221],[8.098323,51.524629],[8.097459,51.524867],[8.097419,51.524699],[8.096544,51.525118],[8.095226,51.526247],[8.093605,51.52682],[8.093075,51.527295],[8.092002,51.527633],[8.087833,51.529833],[8.084288,51.530689],[8.083741,51.530677],[8.084016,51.528817],[8.081671,51.528736],[8.082448,51.527138],[8.080519,51.526986],[8.080038,51.529322],[8.078317,51.529053],[8.077533,51.528486],[8.07113,51.527088],[8.067659,51.525616],[8.067087,51.52498],[8.060764,51.524153],[8.06085,51.523607],[8.05359,51.521445],[8.052533,51.523291],[8.048609,51.525389],[8.047249,51.52631],[8.046381,51.527888],[8.044806,51.526848],[8.04374,51.52742],[8.042672,51.52636],[8.041473,51.526273],[8.041524,51.528191],[8.040685,51.528668],[8.036617,51.527388],[8.028071,51.526167],[8.027675,51.526808],[8.027517,51.526653],[8.023697,51.530872],[8.022913,51.532294],[8.022637,51.53228],[8.021763,51.534988],[8.021374,51.535525],[8.022568,51.5359],[8.017743,51.538235],[8.017559,51.537923],[8.016508,51.537348],[8.014488,51.537368],[8.00851,51.536334],[8.002684,51.536292],[8.001078,51.536057],[7.998698,51.535286],[7.996567,51.535219],[7.996773,51.533965],[7.991676,51.533558],[7.990501,51.533291],[7.987451,51.531646],[7.986118,51.531293],[7.985784,51.53221],[7.985461,51.532467],[7.986356,51.533612],[7.985929,51.533765],[7.984889,51.532646],[7.983166,51.533082],[7.983853,51.535153],[7.982799,51.532157],[7.976428,51.532373],[7.976619,51.533243],[7.964018,51.533531],[7.96334,51.530374],[7.961358,51.530426],[7.961933,51.525999],[7.946879,51.526724],[7.94424,51.526651],[7.942196,51.526106],[7.941747,51.52676],[7.939378,51.525269],[7.937258,51.524417],[7.936745,51.521198],[7.937807,51.519983],[7.935355,51.519052],[7.935195,51.519234],[7.929239,51.518129],[7.928266,51.519487],[7.928195,51.521766],[7.925884,51.521705],[7.925959,51.520678],[7.923341,51.520357],[7.923323,51.52086],[7.920691,51.520911],[7.920743,51.520434],[7.917524,51.520478],[7.917529,51.521284],[7.91464,51.520796],[7.910946,51.519737],[7.911089,51.520692],[7.908141,51.520451],[7.907948,51.516187],[7.894221,51.517505],[7.89347,51.515665],[7.892473,51.511814],[7.888547,51.510713],[7.886077,51.509578],[7.882932,51.509313],[7.879838,51.510243],[7.879109,51.512173],[7.877565,51.512457],[7.87412,51.512019],[7.871062,51.510686],[7.867996,51.509905],[7.865345,51.508762],[7.864674,51.51395],[7.874992,51.515951],[7.877293,51.518435],[7.878153,51.518797],[7.879426,51.518372],[7.880407,51.519467],[7.880606,51.521161],[7.873681,51.521547],[7.873775,51.522625],[7.870858,51.522783],[7.870646,51.524602],[7.871484,51.526263],[7.873096,51.528031],[7.873015,51.528271],[7.869618,51.527872],[7.865913,51.527768],[7.865817,51.528667],[7.863613,51.528488],[7.862818,51.527807],[7.860999,51.527847],[7.855183,51.526332],[7.855516,51.526803],[7.854383,51.528324],[7.85292,51.529689],[7.851119,51.530536],[7.849884,51.532318],[7.848223,51.533783],[7.847703,51.533413],[7.847883,51.533325],[7.84667,51.532541],[7.845522,51.530822],[7.843038,51.528814],[7.842656,51.52905],[7.841201,51.528161],[7.840532,51.528559],[7.839098,51.526301],[7.837461,51.524675],[7.836475,51.523004],[7.836518,51.522544],[7.836302,51.522488],[7.836376,51.521324],[7.836605,51.521046],[7.836678,51.520297],[7.835183,51.519238],[7.834481,51.519076],[7.835494,51.518277],[7.833978,51.516772],[7.833791,51.516992],[7.835538,51.514242],[7.835356,51.512566],[7.83549,51.511152],[7.837302,51.508093],[7.835968,51.507648],[7.831721,51.50548],[7.832032,51.504972],[7.838204,51.499094],[7.839105,51.496129],[7.842232,51.495282],[7.84459,51.49423],[7.845856,51.488121],[7.84573,51.487951],[7.848134,51.488494],[7.850348,51.485928],[7.849651,51.485174],[7.849246,51.483692],[7.84922,51.48293],[7.849614,51.481357],[7.849539,51.480665],[7.849074,51.480288],[7.846512,51.479403],[7.842876,51.478612],[7.836159,51.478359],[7.834980273591175,51.47816972169059],[7.837565,51.4784],[7.838861,51.476341],[7.842191,51.477602],[7.84648,51.47277],[7.84776,51.472631],[7.847971,51.472398],[7.848909,51.472587],[7.849008,51.472187],[7.846642,51.471402],[7.84726,51.470527],[7.848166,51.46859],[7.849645,51.468938],[7.851534,51.46531],[7.849637,51.465043],[7.850142,51.464054],[7.851184,51.46384],[7.852861,51.462362],[7.854545,51.463049],[7.85648,51.460927],[7.856282,51.460803],[7.857165,51.459708],[7.857336,51.459085],[7.860625,51.459811],[7.860876,51.458049],[7.863282,51.458388],[7.863627,51.457278],[7.865267,51.457592],[7.865098,51.456793],[7.865546,51.456493],[7.865305,51.456456],[7.865384,51.456129],[7.865131,51.455987],[7.865079,51.455697],[7.866423,51.455397],[7.866413,51.455],[7.867468,51.454835],[7.867815,51.454449],[7.868248,51.454446],[7.868196,51.454165],[7.869489,51.454258],[7.871085,51.453056],[7.871342,51.452547],[7.872006,51.452356],[7.87197,51.452108],[7.872748,51.452051],[7.872915,51.451426],[7.873807,51.45135],[7.87381,51.45102],[7.874064,51.450895],[7.875964,51.450501],[7.876169,51.449787],[7.876544,51.449614],[7.876323,51.448918],[7.87652,51.448799],[7.87649,51.448367],[7.876796,51.448266],[7.877124,51.447736],[7.877721,51.447604],[7.87824,51.446953],[7.880234,51.446213],[7.879454,51.445241],[7.879527,51.44476],[7.879028,51.444001],[7.879713,51.443978],[7.879791,51.442564],[7.880462,51.442774],[7.880937,51.441999],[7.881651,51.440093],[7.882924,51.438721],[7.881893,51.43811],[7.880561,51.437788],[7.881236,51.436693],[7.881423,51.436018],[7.885327,51.437518],[7.886054,51.436353],[7.884073,51.434703],[7.882976,51.431435],[7.882971,51.42912],[7.884561,51.428713],[7.885401,51.427651],[7.887682,51.428046],[7.88836,51.427065],[7.88905,51.426781],[7.889526,51.426806],[7.889652,51.426505],[7.890426,51.426592],[7.89024,51.426397],[7.890523,51.426281],[7.89041,51.426077],[7.890634,51.425695],[7.890396,51.425455],[7.890684,51.424876],[7.890504,51.424794],[7.89147,51.424116],[7.891543,51.423635],[7.892205,51.423051],[7.891952,51.422921],[7.892252,51.422296],[7.891729,51.422179],[7.891883,51.42192],[7.891701,51.421511],[7.892027,51.421024],[7.891859,51.420945],[7.892234,51.420757],[7.892214,51.420382],[7.892715,51.420105],[7.892311,51.419631],[7.891806,51.419399],[7.891978,51.418642],[7.892419,51.418265],[7.891983,51.417441],[7.894335,51.41657],[7.894807,51.41661],[7.8949,51.416229],[7.895267,51.415916],[7.895902,51.414265],[7.892108,51.411433],[7.891317,51.409984],[7.890853,51.408112],[7.891617,51.407142],[7.891437,51.406681],[7.890314,51.406139],[7.892354,51.404872],[7.892065,51.404244],[7.88994,51.402361],[7.891982,51.40099],[7.891473,51.4007],[7.892173,51.400528],[7.891861,51.399826],[7.892777,51.398897],[7.893242,51.398758],[7.892555,51.397152],[7.893766,51.396844],[7.896529,51.395457],[7.893943,51.393652],[7.892502,51.393218],[7.892546,51.393073],[7.891964,51.392535],[7.890992,51.392739],[7.890822,51.392231],[7.890282,51.391811],[7.88918,51.391757],[7.888744,51.391538],[7.888183,51.392302],[7.887771,51.392536],[7.88749,51.391571],[7.887089,51.391413],[7.886327,51.390408],[7.883578,51.39079],[7.881378,51.391939],[7.877036,51.391176],[7.875622,51.391732],[7.873727,51.394505],[7.873626,51.394853],[7.873778,51.395292],[7.872927,51.395614],[7.871458,51.396993],[7.870772,51.397951],[7.869798,51.397397],[7.869707,51.397038],[7.870967,51.395224],[7.869585,51.395014],[7.868585,51.395857],[7.867278,51.396387],[7.866009,51.396394],[7.864282,51.396008],[7.863848,51.396106],[7.863978,51.396742],[7.863104,51.396588],[7.861811,51.395982],[7.860329,51.394696],[7.858241,51.394172],[7.856694,51.393402],[7.856135,51.393352],[7.854213,51.392573],[7.853313,51.391962],[7.852663,51.39113],[7.852165,51.390891],[7.849808,51.389946],[7.847085,51.38928],[7.843631,51.390355],[7.843189,51.390676],[7.84268,51.391517],[7.842445,51.392426],[7.841785,51.392343],[7.840619,51.394366],[7.838535,51.396543],[7.836451,51.395994],[7.83521,51.395916],[7.835065,51.396315],[7.834729,51.396424],[7.833507,51.39644],[7.831086,51.397013],[7.826399,51.397575],[7.823918,51.397637],[7.820216,51.398173],[7.818906,51.398577],[7.816686,51.39854],[7.816335,51.398892],[7.813835,51.399145],[7.812243,51.399801],[7.811985,51.400117],[7.811647,51.399996],[7.810889,51.401101],[7.809893,51.401414],[7.809433,51.402811],[7.80963,51.403372],[7.809139,51.404241],[7.80942,51.404972],[7.803392,51.405833],[7.803426,51.407425],[7.80324,51.40766],[7.801084,51.407649],[7.799049,51.408874],[7.795511,51.408971],[7.794526,51.409342],[7.793901,51.410253],[7.794389,51.411176],[7.793534,51.41336],[7.792309,51.413674],[7.791815,51.414338],[7.789736,51.414039],[7.790033,51.416468],[7.789472,51.416467],[7.78943,51.416921],[7.788356,51.416674],[7.787531,51.416743],[7.785163,51.416432],[7.783474,51.415287],[7.779828,51.414025],[7.772904,51.414919],[7.766022,51.416502],[7.762434,51.416358],[7.762388,51.41619],[7.761552,51.416168],[7.760763,51.416344],[7.759723,51.416149],[7.75905,51.416394],[7.758736,51.416115],[7.75762,51.416705],[7.756728,51.416595],[7.756667,51.416842],[7.755729,51.41689],[7.755581,51.417298],[7.755212,51.417237],[7.755097,51.417499],[7.755094,51.417227],[7.754593,51.417103],[7.75163,51.413704],[7.74611,51.410959],[7.743084,51.41057],[7.741589,51.41066],[7.738391,51.411475],[7.736975,51.411561],[7.735406,51.4109],[7.733026,51.409024],[7.732165,51.407359],[7.731138,51.406608],[7.72731,51.405488],[7.72646,51.405414],[7.72431,51.404291],[7.724382,51.404104],[7.726002,51.403344],[7.727564,51.403028],[7.72767,51.401381],[7.727899,51.401156],[7.726437,51.400644],[7.724599,51.400349],[7.724188,51.400046],[7.723864,51.399711],[7.723888,51.399047],[7.723261,51.398432],[7.723292,51.397723],[7.72442,51.397731],[7.724457,51.397229],[7.72313,51.396593],[7.722398,51.396667],[7.724957,51.393788],[7.726994,51.394147],[7.727638,51.392687],[7.734735,51.392858],[7.734494,51.392295],[7.734989,51.392508],[7.735965,51.39253],[7.737297,51.392309],[7.738362,51.39275],[7.739997,51.392969],[7.740857,51.392685],[7.742326,51.392537],[7.742568,51.391421],[7.744563,51.390033],[7.745005,51.389367],[7.742098,51.388503],[7.742547,51.38816],[7.743123,51.388042],[7.743462,51.387575],[7.739609,51.386528],[7.739729,51.38487],[7.738707,51.384908],[7.738503,51.38385],[7.737929,51.383001],[7.73794,51.381283],[7.737794,51.381275],[7.738043,51.380628],[7.737895,51.380074],[7.738638,51.38008],[7.739639,51.379745],[7.739769,51.377827],[7.739424,51.377796],[7.739855,51.376368],[7.740204,51.375506],[7.740511,51.375548],[7.740734,51.375018],[7.741524,51.375076],[7.742553,51.373324],[7.741416,51.372761],[7.74238,51.371278],[7.741541,51.370703],[7.739999,51.370288],[7.739827,51.370394],[7.738585,51.369845],[7.736514,51.369398],[7.736818,51.368476],[7.735868,51.368111],[7.735907,51.368644],[7.733847,51.368621],[7.734284,51.368169],[7.729577,51.368737],[7.729585,51.368871],[7.726165,51.369134],[7.727269,51.365937],[7.726632,51.364416],[7.726746,51.36292],[7.728443,51.362634],[7.72946,51.360555],[7.728159,51.35932],[7.727342,51.35737],[7.729746,51.355467],[7.728953,51.355331],[7.72844,51.355025],[7.728284,51.354025],[7.727974,51.353712],[7.728303,51.353008],[7.7282,51.352131],[7.726758,51.351232],[7.726402,51.350653],[7.725657,51.350333],[7.725347,51.349763],[7.724691,51.349158],[7.724247,51.348288],[7.724022,51.347285],[7.72421,51.345271],[7.724035,51.343122],[7.724483,51.340718],[7.724019,51.340054],[7.723889,51.339057],[7.723577,51.338369],[7.72183,51.336267],[7.721635,51.332125],[7.721302,51.331516],[7.720307,51.331068],[7.720187,51.330844],[7.721985,51.32889],[7.720994,51.327777],[7.722128,51.32751],[7.721535,51.326058],[7.722031,51.325466],[7.721916,51.324425],[7.720714,51.322925],[7.720471,51.321821],[7.720423,51.320192],[7.720836,51.317212],[7.718523,51.315343],[7.717578,51.315169],[7.716757,51.314706],[7.716511,51.31432],[7.716541,51.313846],[7.715064,51.313365],[7.713237,51.312085],[7.710873,51.311469],[7.710975,51.311338],[7.709018,51.30992],[7.709383,51.309496],[7.709555,51.308922],[7.708877,51.308915],[7.706975,51.309688],[7.706641,51.309739],[7.706613,51.309534],[7.70547,51.310093],[7.704963,51.308691],[7.704405,51.308638],[7.70485,51.307869],[7.704923,51.306026],[7.701502,51.307389],[7.700513,51.308487],[7.700279,51.307846],[7.699377,51.306556],[7.700517,51.305321],[7.700814,51.304701],[7.700798,51.304204],[7.700282,51.303296],[7.69493,51.304159],[7.694854,51.304474],[7.695186,51.304543],[7.69389,51.30671],[7.692782,51.306238],[7.692276,51.305119],[7.691411,51.30415],[7.690446,51.30425],[7.686214,51.303503],[7.68516,51.302899],[7.684718,51.302433],[7.684927,51.30223],[7.684386,51.302279],[7.684139,51.301714],[7.683204,51.302598],[7.682939,51.303283],[7.681951,51.303891],[7.681201,51.304251],[7.67975,51.304337],[7.679904,51.304924],[7.687392,51.304827],[7.687198,51.305461],[7.688106,51.305842],[7.688902,51.305766],[7.689354,51.305956],[7.689395,51.306264],[7.686887,51.30609],[7.686018,51.306664],[7.685398,51.307378],[7.685759,51.307927],[7.687116,51.309002],[7.686996,51.309726],[7.6864,51.310324],[7.685226,51.310376],[7.684751,51.3113],[7.684828,51.311558],[7.6846,51.3115],[7.684458,51.311781],[7.684417,51.312479],[7.684873,51.313551],[7.686889,51.313792],[7.685722,51.314],[7.682917,51.313793],[7.683514,51.313964],[7.68401,51.315023],[7.684636,51.315537],[7.681113,51.31551],[7.677423,51.315056],[7.673674,51.316565],[7.67362,51.316302],[7.67138,51.316359],[7.667163,51.315977],[7.666269,51.31616],[7.665606,51.315801],[7.665136,51.315899],[7.664552,51.31668],[7.664428,51.317074],[7.664643,51.317532],[7.662447,51.318163],[7.661424,51.317912],[7.660605,51.317383],[7.659852,51.316416],[7.658499,51.316686],[7.656178,51.316701],[7.656358,51.31891],[7.656645,51.319267],[7.658185,51.320163],[7.658393,51.320462],[7.658363,51.320814],[7.66098,51.321392],[7.658133,51.324172],[7.6566,51.323718],[7.656084,51.324479],[7.660158,51.326419],[7.661239,51.32645],[7.662329,51.327137],[7.66103,51.327468],[7.660957,51.32863],[7.65999,51.329187],[7.657608,51.329976],[7.657333,51.330337],[7.658083,51.330905],[7.658257,51.330687],[7.659471,51.330642],[7.661136,51.330226],[7.661522,51.330366],[7.664639,51.33005],[7.667275,51.331277],[7.666118,51.331864],[7.66517,51.331671],[7.661494,51.33182],[7.659807,51.331701],[7.658913,51.332],[7.657112,51.332004],[7.654426,51.332746],[7.654028,51.33333],[7.653189,51.333988],[7.652448,51.334422],[7.651293,51.334758],[7.65151,51.335518],[7.650311,51.335846],[7.649684,51.336451],[7.649741,51.336861],[7.647246,51.338235],[7.647199,51.339932],[7.646784,51.340627],[7.645502,51.340791],[7.645246,51.34133],[7.645437,51.341663],[7.642859,51.341196],[7.64159,51.340474],[7.640466,51.341404],[7.641002,51.341789],[7.64072,51.342835],[7.641278,51.343801],[7.640764,51.344356],[7.64081,51.344594],[7.641636,51.345348],[7.641121,51.346339],[7.641447,51.347265],[7.641986,51.347947],[7.643074,51.348352],[7.642722,51.348954],[7.642814,51.34978],[7.64304,51.350374],[7.643805,51.350976],[7.641751,51.351491],[7.641821,51.351702],[7.64123,51.351841],[7.637685,51.347745],[7.635953,51.343332],[7.634992,51.342444],[7.634455,51.341622],[7.634213,51.340649],[7.634254,51.339696],[7.629993,51.339561],[7.629296,51.339279],[7.62999,51.337099],[7.629929,51.335909],[7.627624,51.336023],[7.625605,51.335738],[7.622542,51.334521],[7.620937,51.334478],[7.619226,51.333798],[7.616923,51.333291],[7.616193,51.333299],[7.616027,51.33305],[7.615503,51.33314],[7.61512,51.333483],[7.612345,51.334834],[7.611855,51.335491],[7.608537,51.336499],[7.60584,51.336346],[7.605092,51.336503],[7.602595,51.336039],[7.599647,51.337416],[7.59813,51.337523],[7.596663,51.337352],[7.594796,51.337612],[7.593004,51.33814],[7.593218,51.338311],[7.593453970145763,51.340302085267446],[7.593276,51.339262],[7.589186,51.338909],[7.588981,51.337921],[7.587845,51.336917],[7.583506,51.336126],[7.582594,51.335004],[7.58214,51.333867],[7.583275,51.332936],[7.578822,51.331543],[7.576755,51.330214],[7.576615,51.328289],[7.579639,51.324946],[7.577877,51.322672],[7.58098,51.321789],[7.580368,51.320525],[7.581399,51.320515],[7.582109,51.319843],[7.582825,51.319646],[7.584321,51.319557],[7.58362,51.318273],[7.583204,51.318322],[7.583562,51.317787],[7.582241,51.317546],[7.580546,51.317574],[7.580613,51.316942],[7.578496,51.316388],[7.579107,51.315175],[7.579353,51.312695],[7.579716,51.31237],[7.579727,51.311209],[7.58031,51.310695],[7.580342,51.310043],[7.580651,51.309479],[7.58187,51.308113],[7.584084,51.307701],[7.58519,51.30711],[7.585395,51.306758],[7.585353,51.306288],[7.585665,51.306159],[7.584627,51.306071],[7.584451,51.305857],[7.584929,51.305802],[7.584724,51.305532],[7.583961,51.30514],[7.583496,51.304401],[7.582807,51.304211],[7.58252,51.303639],[7.582449,51.30273],[7.582857,51.302237],[7.582912,51.301667],[7.583275,51.301393],[7.583253,51.300383],[7.582871,51.29968],[7.583274,51.298907],[7.582847,51.298396],[7.582208,51.296939],[7.582563,51.296295],[7.582572,51.295903],[7.582421,51.295757],[7.58039,51.296208],[7.580001,51.295807],[7.580345,51.295299],[7.580358,51.294835],[7.578808,51.293876],[7.576251,51.292815],[7.574797,51.292779],[7.572058,51.292271],[7.572311,51.291814],[7.57353,51.291495],[7.573515,51.291354],[7.572918,51.291277],[7.572307,51.290285],[7.570101,51.290964],[7.568985,51.290345],[7.568755,51.290026],[7.569056,51.28959],[7.56795,51.288851],[7.568435,51.286959],[7.56691,51.285418],[7.566964,51.285172],[7.566503,51.284148],[7.565905,51.283309],[7.566092,51.281649],[7.565721,51.281165],[7.56554,51.280403],[7.565047,51.279984],[7.560755,51.279502],[7.560685,51.278976],[7.558795,51.279142],[7.558811,51.278598],[7.557218,51.277941],[7.556381,51.277306],[7.554961,51.277014],[7.553607,51.276212],[7.5528,51.276644],[7.550897,51.276223],[7.550321,51.275808],[7.550223,51.275584],[7.550407,51.275212],[7.549253,51.27412],[7.549784,51.273573],[7.548551,51.272842],[7.549136,51.272698],[7.54892,51.271719],[7.548365,51.270821],[7.548814,51.270538],[7.549057,51.270113],[7.549059,51.269087],[7.548814,51.269278],[7.54621,51.268917],[7.545336,51.269192],[7.543516,51.268752],[7.542947,51.268419],[7.541949,51.269451],[7.541935,51.270064],[7.539929,51.269121],[7.539507,51.26913],[7.539586,51.268866],[7.53729,51.268287],[7.536719,51.268828],[7.53656,51.269398],[7.536228,51.269577],[7.536411,51.269624],[7.535972,51.270314],[7.535133,51.270089],[7.534751,51.270613],[7.534127,51.270142],[7.533068,51.270507],[7.530793,51.269405],[7.530345,51.269918],[7.529888,51.270123],[7.528129,51.269151],[7.528247,51.26868],[7.528109,51.268329],[7.52847,51.267884],[7.527998,51.267065],[7.527534,51.266784],[7.525245,51.266837],[7.524687,51.266136],[7.524981,51.266127],[7.523459,51.265467],[7.521581,51.26569],[7.521311,51.265401],[7.520206,51.26536],[7.520341,51.265037],[7.51943,51.264901],[7.518975,51.265221],[7.518756,51.265654],[7.51895,51.266937],[7.520265,51.26866],[7.520914,51.270034],[7.517889,51.270567],[7.517497,51.271679],[7.517634,51.272173],[7.517472,51.272525],[7.517651,51.273027],[7.518295,51.27337],[7.518526,51.274161],[7.51771,51.274937],[7.517328,51.275076],[7.518052,51.275567],[7.516366,51.276431],[7.517008,51.276899],[7.516322,51.277188],[7.514947,51.275937],[7.51461,51.275551],[7.514942,51.275479],[7.514476,51.274026],[7.513804,51.274033],[7.513922,51.274417],[7.51264,51.27446],[7.512066,51.275337],[7.511505,51.274859],[7.511504,51.2745],[7.510884,51.274328],[7.5104,51.272936],[7.509045,51.272326],[7.508727,51.272],[7.505506,51.272846],[7.505306,51.272639],[7.50513,51.273074],[7.505239,51.273455],[7.502492,51.273555],[7.502476,51.273691],[7.500439,51.273603],[7.500209,51.273188],[7.499247,51.273268],[7.49904,51.27311],[7.496851,51.273883],[7.496718,51.273767],[7.496106,51.273931],[7.495142,51.274397],[7.493822,51.274351],[7.49349,51.274663],[7.493321,51.274578],[7.490945,51.275304],[7.491107,51.275448],[7.489792,51.275782],[7.490009,51.276233],[7.489599,51.276496],[7.489609,51.276829],[7.489081,51.277133],[7.489059,51.277556],[7.488643,51.277816],[7.487379,51.278095],[7.486049,51.277822],[7.484351,51.27874],[7.48338,51.279505],[7.481813,51.279676],[7.481466,51.280296],[7.481594,51.280611],[7.481415,51.28202],[7.480437,51.282969],[7.481241,51.28415],[7.481138,51.28458],[7.481379,51.285026],[7.481352,51.285284],[7.479378,51.286535],[7.479801,51.286773],[7.480756,51.286331],[7.481048,51.286496],[7.480314,51.287826],[7.480221,51.288538],[7.48197,51.288401],[7.482156,51.289569],[7.482971,51.289549],[7.485177,51.29081],[7.484648,51.292075],[7.483725,51.292836],[7.48595,51.294245],[7.486465,51.294394],[7.486042,51.29501],[7.488733,51.29581],[7.488929,51.295157],[7.489907,51.293706],[7.490769,51.29321],[7.495476,51.293105],[7.49645,51.293749],[7.494965,51.295018],[7.495797,51.294832],[7.496702,51.295012],[7.495836,51.295701],[7.496403,51.296534],[7.496988,51.297046],[7.49915,51.296683],[7.498852,51.296357],[7.499072,51.295584],[7.499597,51.295558],[7.499412,51.296116],[7.499615,51.296987],[7.500943,51.298808],[7.501001,51.299814],[7.501487,51.299991],[7.501734,51.300425],[7.503357,51.300995],[7.504013,51.30172],[7.505322,51.302528],[7.506221,51.304748],[7.507144,51.305696],[7.508079,51.305557],[7.508087,51.306426],[7.507248,51.306553],[7.506197,51.307813],[7.505475,51.308854],[7.505461,51.309688],[7.504936,51.310268],[7.503463,51.310935],[7.503052,51.31166],[7.503723,51.314089],[7.503979,51.315878],[7.500314,51.316012],[7.497306,51.316936],[7.496553,51.316918],[7.495745,51.316578],[7.495852,51.316254],[7.494858,51.315878],[7.494324,51.317005],[7.490982,51.315063],[7.489028,51.313319],[7.484695,51.313998],[7.484664,51.314668],[7.485238,51.315085],[7.48534,51.315924],[7.481954,51.316359],[7.482674,51.316613],[7.480812,51.317111],[7.480415,51.316755],[7.478625,51.317624],[7.478509,51.317181],[7.470865,51.317683],[7.470569,51.317353],[7.469409,51.317212],[7.46954,51.317343],[7.469189,51.31766],[7.468062,51.316904],[7.467231,51.317044],[7.466811,51.316675],[7.467193,51.317357],[7.466923,51.317909],[7.466351,51.318214],[7.464241,51.318195],[7.463852,51.318388],[7.464668,51.318362],[7.463746,51.31881],[7.463002,51.318817],[7.462314,51.318672],[7.462091,51.318427],[7.460438,51.315477],[7.460261,51.315538],[7.460025,51.315026],[7.460306,51.315021],[7.460488,51.314244],[7.46093,51.313967],[7.460174,51.313534],[7.460431,51.313439],[7.460051,51.313096],[7.460236,51.313039],[7.45917,51.313167],[7.458905,51.312873],[7.459153,51.312259],[7.458689,51.312829],[7.45915,51.313408],[7.457862,51.314382],[7.457322,51.315222],[7.455383,51.316199],[7.454166,51.316564],[7.453464,51.317206],[7.453108,51.317],[7.453192,51.316887],[7.452175,51.316545],[7.451787,51.316929],[7.449865,51.316001],[7.44938,51.315641],[7.449145,51.31515],[7.448589,51.315062],[7.44748,51.315359],[7.445109,51.315434],[7.443603,51.315856],[7.442487,51.315584],[7.440364,51.31545],[7.440216,51.315031],[7.439979,51.315048],[7.4404,51.315944],[7.440128,51.316194],[7.439728,51.316152],[7.439405,51.315676],[7.439373,51.31518],[7.439143,51.315192],[7.439068,51.314628],[7.439393,51.31233],[7.439635,51.31204],[7.440329,51.311798],[7.439236,51.312155],[7.438716,51.31284],[7.438311,51.312775],[7.436552,51.313297],[7.435815,51.312014],[7.434878,51.311018],[7.433614,51.310062],[7.433637,51.309313],[7.434394,51.308477],[7.43406,51.30702],[7.435324,51.306082],[7.434067,51.305912],[7.43381,51.305089],[7.432852,51.304282],[7.431152,51.303365],[7.43143,51.30315],[7.429689,51.302604],[7.429836,51.302449],[7.428533,51.30176],[7.427952,51.301077],[7.427412,51.299438],[7.429037,51.297775],[7.432493,51.29732],[7.434239,51.298754],[7.437854,51.299713],[7.43852,51.297901],[7.435841,51.297223],[7.433498,51.294852],[7.43697,51.29307],[7.435652,51.292389],[7.435478,51.291801],[7.436568,51.291262],[7.436513,51.290937],[7.435116,51.29156],[7.4344,51.290769],[7.432378,51.289938],[7.432775,51.289568],[7.430692,51.288664],[7.430882,51.288305],[7.428427,51.288047],[7.427929,51.287675],[7.428105,51.286979],[7.428662,51.286034],[7.4267,51.285254],[7.426372,51.284839],[7.425741,51.284524],[7.425354,51.283675],[7.424996,51.283687],[7.424909,51.283467],[7.422708,51.283131],[7.422126,51.282884],[7.421437,51.282204],[7.420842,51.284302],[7.419602,51.283829],[7.418976,51.282662],[7.418797,51.281908],[7.417699,51.282411],[7.41594,51.28225],[7.413156,51.28151],[7.413993,51.280286],[7.414621,51.279951],[7.414776,51.27974],[7.414594,51.279414],[7.414878,51.279327],[7.414492,51.278492],[7.413552,51.277308],[7.412751,51.277168],[7.411365,51.277498],[7.41034,51.277492],[7.409459,51.277276],[7.409289,51.276864],[7.407818,51.276938],[7.405617,51.276009],[7.404476,51.275782],[7.404804,51.275258],[7.40458,51.274471],[7.40304,51.273383],[7.401095,51.273962],[7.400468,51.274525],[7.399624,51.274837],[7.398498,51.274716],[7.397874,51.274421],[7.398074,51.273448],[7.397214,51.272517],[7.397084,51.272131],[7.397498,51.271488],[7.39855,51.270803],[7.400012,51.270553],[7.400972,51.269805],[7.403179,51.268866],[7.404985,51.269405],[7.405996,51.270071],[7.407447,51.270442],[7.408248,51.270359],[7.409552,51.269772],[7.411772,51.269249],[7.412702,51.268332],[7.412334,51.267884],[7.411646,51.265534],[7.41186,51.265244],[7.412602,51.26494],[7.41333,51.263891],[7.416018,51.262195],[7.416842,51.262159],[7.417674,51.26182],[7.418546,51.26063],[7.420874,51.261107],[7.42292,51.261144],[7.423328,51.260611],[7.424105,51.260318],[7.424953,51.259425],[7.425942,51.259021],[7.425686,51.25818],[7.425177,51.257707],[7.424547,51.257465],[7.424026,51.257539],[7.422875,51.258399],[7.421774,51.258651],[7.420925,51.257505],[7.420793,51.256783],[7.419249,51.256845],[7.419052,51.256528],[7.418624,51.256361],[7.417824,51.256597],[7.417099,51.255591],[7.417561,51.255078],[7.417743,51.254512],[7.416915,51.2542],[7.41581,51.254084],[7.414999,51.253615],[7.415549,51.252243],[7.412871,51.251094],[7.412766,51.250855],[7.413049,51.250449],[7.412406,51.24998],[7.409435,51.249227],[7.406792,51.249436],[7.40397,51.250523],[7.402931,51.250634],[7.397437,51.249533],[7.395984,51.250002],[7.394288,51.251113],[7.39306,51.25297],[7.392181,51.252881],[7.391839,51.253926],[7.390376,51.254161],[7.388882,51.254675],[7.387189,51.25603],[7.386471,51.255924],[7.384949,51.255026],[7.381781,51.25483],[7.377719,51.253747],[7.371733,51.253167],[7.371417,51.251459],[7.370307,51.250362],[7.370066,51.249664],[7.36966,51.249547],[7.368646,51.248489],[7.367987,51.248162],[7.367976,51.24774],[7.367566,51.2474],[7.365658,51.246785],[7.365066,51.245878],[7.363765,51.245416],[7.363802,51.245234],[7.363434,51.245056],[7.362785,51.244969],[7.362542,51.244172],[7.362271,51.24409],[7.362122,51.243718],[7.361286,51.243796],[7.357423,51.242744],[7.355349,51.242779],[7.356526,51.240043],[7.354628,51.239281],[7.352816,51.238824],[7.350302,51.24013],[7.347204,51.240926],[7.344826,51.240465],[7.341352,51.239035],[7.340261,51.238944],[7.33926,51.239293],[7.338632,51.239821],[7.338737,51.241153],[7.338247,51.241731],[7.338443,51.24192],[7.338647,51.243253],[7.338334,51.243888],[7.338867,51.246098],[7.338438,51.246879],[7.338479,51.247504],[7.337817,51.247756],[7.336528,51.249418],[7.335062,51.249599],[7.333879,51.250493],[7.332758,51.250449],[7.33219,51.250208],[7.331027,51.250334],[7.328103,51.249634],[7.328002,51.249353],[7.327058,51.248965],[7.3269,51.248436],[7.326373,51.248379],[7.326107,51.247175],[7.326499,51.246152],[7.325338,51.245334],[7.323119,51.244421],[7.320381,51.243864],[7.316569,51.245038],[7.314729,51.245284],[7.313946,51.245142],[7.312371,51.243968],[7.312511,51.24375],[7.311871,51.24328],[7.310024,51.240859],[7.309002,51.240277],[7.307715,51.240334],[7.306592,51.240125],[7.306175676092702,51.240628512160136],[7.307646,51.23827],[7.307057,51.237778],[7.307762,51.236721],[7.307948,51.235058],[7.30981,51.235257],[7.309543,51.235671],[7.309775,51.235781],[7.310725,51.235176],[7.312707,51.23459],[7.313416,51.234163],[7.312018,51.233826],[7.310838,51.23118],[7.310521,51.230925],[7.308172,51.230089],[7.307528,51.229711],[7.306876,51.22874],[7.305785,51.228541],[7.304288,51.227489],[7.299897,51.22579],[7.300147,51.225226],[7.300411,51.225096],[7.299102,51.22429],[7.298785,51.224455],[7.296838,51.223925],[7.297518,51.223129],[7.297906,51.223378],[7.299072,51.223345],[7.299471,51.223171],[7.299823,51.222713],[7.299761,51.222254],[7.300113,51.22129],[7.29945,51.221123],[7.299774,51.220815],[7.298802,51.220661],[7.299057,51.220318],[7.298421,51.22025],[7.298185,51.220671],[7.296001,51.220431],[7.295327,51.220655],[7.294997,51.219807],[7.295324,51.219498],[7.297018,51.218983],[7.298222,51.217707],[7.29879,51.217393],[7.29751,51.21657],[7.298108,51.215265],[7.298011,51.21488],[7.298154,51.214681],[7.298578,51.214852],[7.29924,51.213363],[7.299755,51.213432],[7.300291,51.212886],[7.300594,51.212112],[7.300053,51.210775],[7.300201,51.210632],[7.30084,51.210906],[7.30126,51.210187],[7.300694,51.210107],[7.299924,51.209626],[7.300007,51.208874],[7.299542,51.207853],[7.298289,51.206661],[7.297361,51.206083],[7.29757,51.205672],[7.295938754313567,51.20548632161153],[7.295973,51.20394],[7.296255,51.203904],[7.295353,51.203425],[7.295685,51.203149],[7.296583,51.203481],[7.297202,51.204025],[7.298912,51.204383],[7.298167,51.203897],[7.298854,51.203288],[7.297786,51.202452],[7.296684,51.201892],[7.297079,51.20119],[7.296293,51.200613],[7.296758,51.200509],[7.296041,51.200159],[7.296046,51.199982],[7.296658,51.199685],[7.297687,51.199995],[7.298127,51.199178],[7.298513,51.199016],[7.298541,51.198619],[7.298949,51.198404],[7.298939,51.197729],[7.298207,51.196727],[7.29752,51.196624],[7.298625,51.19587],[7.300164,51.196061],[7.300332,51.195818],[7.300809,51.195759],[7.300823,51.195426],[7.301664,51.195474],[7.301677,51.196049],[7.302381,51.196058],[7.302393,51.196211],[7.304108,51.196055],[7.305106,51.195683],[7.30577,51.194942],[7.305792,51.194471],[7.305335,51.193799],[7.303379,51.192979],[7.304083,51.192396],[7.301604,51.190484],[7.300271,51.189071],[7.298971,51.186914],[7.29912,51.186885],[7.298954,51.186588],[7.299232,51.186148],[7.300366,51.185699],[7.303159,51.185521],[7.304965,51.187937],[7.305889,51.188872],[7.3069,51.189561],[7.308287,51.189472],[7.308887,51.189],[7.309008,51.188506],[7.307337,51.187676],[7.307168,51.187345],[7.307997,51.185391],[7.309264,51.183767],[7.309,51.18238],[7.308068,51.181424],[7.305346,51.180712],[7.305214,51.180501],[7.305487,51.179577],[7.305213,51.179479],[7.305361,51.179329],[7.305018,51.179256],[7.304946,51.179023],[7.305574,51.178589],[7.305655,51.178144],[7.304129,51.177365],[7.304293,51.177079],[7.303683,51.175347],[7.303192,51.175113],[7.302496,51.174145],[7.302599,51.173562],[7.302245,51.172678],[7.302804,51.171209],[7.300547,51.170386],[7.299964,51.169902],[7.299963,51.168379],[7.299396,51.167896],[7.29813,51.167441],[7.298396,51.166908],[7.299512,51.166586],[7.301051,51.165753],[7.301108,51.164811],[7.299428,51.163892],[7.297811,51.164101],[7.296776,51.163925],[7.295578,51.163333],[7.294104,51.162188],[7.294306,51.162104],[7.293088,51.160837],[7.293195,51.160358],[7.293855,51.160281],[7.294919,51.158898],[7.294931,51.15874],[7.293953,51.158051],[7.293809,51.157578],[7.29447,51.15681],[7.295247,51.156689],[7.295961,51.155541],[7.295875,51.155178],[7.295319,51.154938],[7.295297,51.154017],[7.295061,51.15357],[7.295125,51.153006],[7.296997,51.151191],[7.295914,51.149727],[7.295351,51.14807],[7.294579,51.14779],[7.294226,51.147242],[7.291935,51.145494],[7.289406,51.144942],[7.28924,51.144483],[7.287621,51.144214],[7.287277,51.143823],[7.285753,51.144615],[7.28573,51.144274],[7.284099,51.144076],[7.280434,51.144195],[7.278611,51.144479],[7.278549,51.144159],[7.275326,51.145229],[7.274917,51.145168],[7.273584,51.145769],[7.269829,51.146963],[7.269531,51.146682],[7.269728,51.146162],[7.268367,51.145295],[7.267878,51.14596],[7.264486,51.146595],[7.262484,51.146646],[7.260454,51.147088],[7.260852,51.149521],[7.259419,51.149201],[7.25754,51.151073],[7.257944,51.151237],[7.257788,51.151427],[7.257033,51.151458],[7.256784,51.151912],[7.257666,51.15204],[7.25788,51.152693],[7.257479,51.153215],[7.257639,51.153314],[7.257166,51.153684],[7.254971,51.154958],[7.255775,51.155921],[7.25537,51.156299],[7.255492,51.156771],[7.254575,51.157266],[7.254182,51.157159],[7.252592,51.157984],[7.250821,51.158395],[7.250637,51.158647],[7.249789,51.15865],[7.247953,51.158086],[7.246999,51.158623],[7.245543,51.159013],[7.245558,51.158872],[7.244887,51.158858],[7.244823,51.158677],[7.241958,51.158456],[7.240492,51.15855],[7.239006,51.158062],[7.239191,51.157046],[7.238857,51.156922],[7.238168,51.157594],[7.237381,51.157903],[7.234955,51.15767],[7.233945,51.157334],[7.232359,51.157752],[7.231227,51.158411],[7.230824,51.158012],[7.228854,51.158759],[7.228574,51.159023],[7.227614,51.158957],[7.227625,51.159361],[7.227338,51.159546],[7.226642,51.159176],[7.225226,51.15898],[7.225013,51.158558],[7.224465,51.158131],[7.223357,51.15864],[7.223354,51.158874],[7.22308,51.158895],[7.222689,51.159567],[7.222432,51.159571],[7.222297,51.159937],[7.221746,51.160034],[7.221311,51.160633],[7.219649,51.161073],[7.21828,51.160444],[7.217234,51.160362],[7.217088,51.15987],[7.217281,51.159812],[7.216726,51.159184],[7.216035,51.158876],[7.214949,51.158843],[7.214168,51.15804],[7.212924,51.157625],[7.212536,51.157264],[7.212175,51.155934],[7.211432,51.155168],[7.210148,51.154962],[7.20901,51.15548],[7.206869,51.15602],[7.205902,51.156247],[7.205167,51.156195],[7.202664,51.154728],[7.202316,51.154353],[7.202478,51.153875],[7.201503,51.1526],[7.200231,51.151868],[7.199817,51.151895],[7.199739,51.151482],[7.199189,51.151504],[7.198424,51.151135],[7.196857,51.151058],[7.196377,51.151561],[7.193424,51.153304],[7.191938,51.154462],[7.190881,51.154621],[7.190282,51.154497],[7.190171,51.154069],[7.190471,51.153897],[7.190515,51.153456],[7.189907,51.153401],[7.188472,51.153793],[7.187759,51.154414],[7.185906,51.155193],[7.185541,51.15565],[7.185158,51.155781],[7.184128,51.155301],[7.182438,51.153334],[7.180983,51.153282],[7.179197,51.152871],[7.177276,51.154111],[7.17608,51.153624],[7.173831,51.15307],[7.172411,51.152351],[7.17045,51.152245],[7.168687,51.152863],[7.168395,51.153247],[7.167692,51.153598],[7.165358235991989,51.15371421957309],[7.165618,51.153589],[7.163955,51.152237],[7.164593,51.151605],[7.163829,51.150602],[7.164378,51.150093],[7.16338,51.149828],[7.16375,51.1496],[7.1636,51.149232],[7.163245,51.148791],[7.162405,51.148527],[7.163194,51.146663],[7.16268,51.146735],[7.16065,51.146307],[7.15996,51.144922],[7.16016,51.14473],[7.162654,51.144955],[7.164178,51.145606],[7.165287,51.14569],[7.167428,51.144774],[7.167106,51.142018],[7.167279,51.141395],[7.167677,51.140425],[7.168851,51.140175],[7.169649,51.139705],[7.169785,51.138971],[7.168982,51.139118],[7.168936,51.138546],[7.166742,51.137797],[7.163861,51.136238],[7.163524,51.136314],[7.163219,51.135823],[7.161179,51.134879],[7.160013,51.133799],[7.159746,51.133284],[7.164606,51.131009],[7.165793,51.131892],[7.16595,51.131784],[7.165332,51.131405],[7.165163,51.131094],[7.165249,51.130643],[7.165014,51.130056],[7.162696,51.129341],[7.165935,51.128264],[7.166834,51.128382],[7.168319,51.129062],[7.168251,51.128481],[7.169729,51.126445],[7.170328,51.126732],[7.170736,51.12727],[7.172039,51.128165],[7.173913,51.128191],[7.174095,51.12771],[7.172151,51.126755],[7.171861,51.12622],[7.172326,51.125632],[7.171712,51.125194],[7.172025,51.125337],[7.173219,51.124221],[7.168582,51.12296],[7.164295,51.122069],[7.163887,51.12177],[7.160346,51.120931],[7.158636,51.120294],[7.156989,51.119995],[7.156172,51.120044],[7.155536,51.119102],[7.154418,51.119052],[7.15422,51.118847],[7.154251,51.118495],[7.151404,51.116933],[7.148221,51.114196],[7.147257,51.114341],[7.148168,51.115151],[7.145798,51.11563],[7.14484,51.114833],[7.144174,51.115313],[7.144744,51.115645],[7.144571,51.116372],[7.145996,51.116856],[7.146167,51.117808],[7.145089,51.118499],[7.144776,51.119093],[7.140748,51.118238],[7.140384,51.118741],[7.140317,51.119327],[7.13684,51.118418],[7.135905,51.116854],[7.135201,51.117063],[7.13364,51.117096],[7.133558,51.118404],[7.133006,51.118034],[7.132546,51.118139],[7.130387,51.117926],[7.129673,51.11931],[7.12941,51.119273],[7.129961,51.119755],[7.128594,51.120791],[7.129221,51.121064],[7.128436,51.12176],[7.127727,51.121661],[7.126607,51.122029],[7.126158,51.121702],[7.122159,51.121606],[7.121314,51.122021],[7.119712,51.122412],[7.119347,51.122849],[7.119621,51.123124],[7.11957,51.12388],[7.116321,51.124788],[7.116499,51.125351],[7.117202,51.126341],[7.117991,51.12691],[7.118111,51.127825],[7.117932,51.128257],[7.118548,51.129916],[7.11865,51.131073],[7.117888,51.131161],[7.118222,51.132355],[7.116919,51.132327],[7.116746,51.133397],[7.113572,51.133421],[7.111439,51.133821],[7.111019,51.134821],[7.110804,51.136871],[7.11043,51.137266],[7.109489,51.137717],[7.108259,51.137844],[7.104522,51.136626],[7.103225,51.136552],[7.102393,51.136829],[7.10009,51.138164],[7.096822,51.138394],[7.096359,51.137999],[7.096156,51.137121],[7.096721,51.134222],[7.096153,51.133569],[7.095531,51.133469],[7.094332,51.133604],[7.091445,51.134554],[7.087897,51.135093],[7.08611,51.136073],[7.083464,51.138047],[7.082455,51.138176],[7.079194,51.13671],[7.076086,51.136157],[7.075189,51.135445],[7.074595,51.134131],[7.074651,51.133269],[7.076633,51.130468],[7.077346,51.127908],[7.077021,51.127319],[7.076426,51.126856],[7.075595,51.126421],[7.074328,51.126085],[7.071812,51.126097],[7.064093,51.12734],[7.062491,51.127423],[7.061852,51.12725],[7.060339,51.126224],[7.059307,51.124946],[7.057735,51.124808],[7.055427,51.125323],[7.052738,51.126521],[7.044322,51.132069],[7.043372,51.132224],[7.040787,51.131885],[7.035169,51.131874],[7.032825,51.130949],[7.030443,51.130326],[7.027948,51.130136],[7.025605,51.130208],[7.021488,51.128995],[7.019892,51.128286],[7.015388,51.12544],[7.012289,51.123869],[7.011608,51.123711],[7.009957,51.123771],[7.008799,51.12338],[7.00855,51.123543],[7.008361,51.123354],[7.007198,51.123213],[7.00342,51.122971],[7.003355,51.122217],[7.002055,51.122385],[7.000441,51.121473],[6.999882,51.120467],[6.999665,51.120377],[6.999757,51.120217],[6.998329682713929,51.11966569256717],[6.998677,51.119194],[6.997963,51.118045],[7.000986,51.115242],[6.997434,51.114032],[6.995336,51.113007],[6.995458,51.111902],[6.994996,51.111885],[6.99409,51.110748],[6.995433,51.110348],[6.99535,51.109376],[6.994469,51.109504],[6.993785,51.109347],[6.994016,51.108934],[6.99303,51.108729],[6.989836,51.109381],[6.988133,51.107255],[6.988761440302595,51.09085485051242],[6.988752,51.091395],[6.998645,51.086333],[7.002536,51.083987],[7.003318,51.084707],[7.004054,51.084948],[7.007006,51.084575],[7.007789,51.083898],[7.008794,51.082327],[7.009677,51.081908],[7.009653,51.081733],[7.009434,51.081718],[7.009347,51.081228],[7.009548,51.080999],[7.009955,51.080948],[7.010162,51.081183],[7.012997,51.08184],[7.019158,51.084208],[7.020854,51.085151],[7.022718,51.085719],[7.023108,51.08611],[7.02304,51.086628],[7.024339,51.086811],[7.025831,51.087696],[7.027065,51.088033],[7.026822,51.088227],[7.027282,51.088893],[7.027431,51.089475],[7.028685,51.089259],[7.030786,51.089335],[7.031376,51.090237],[7.0308,51.090662],[7.031219,51.091408],[7.030298,51.091621],[7.03061,51.092241],[7.030477,51.092303],[7.030999,51.092951],[7.031159,51.092886],[7.031173,51.093447],[7.032525,51.093256],[7.033368,51.093374],[7.034051,51.093608],[7.034983,51.094408],[7.036196,51.09455],[7.036575,51.094773],[7.037619,51.094525],[7.037929,51.094763],[7.038955,51.0948],[7.038931,51.095551],[7.038546,51.096186],[7.038755,51.09655],[7.039183,51.096488],[7.039499,51.096192],[7.040262,51.096214],[7.040872,51.095868],[7.041009,51.095514],[7.042353,51.095746],[7.043162,51.096309],[7.043661,51.097085],[7.044096,51.09721],[7.045068,51.096762],[7.045781,51.096032],[7.048873,51.095461],[7.05006,51.095876],[7.051379,51.095698],[7.052336,51.095821],[7.052918,51.095573],[7.053677,51.095621],[7.054541,51.095968],[7.055087,51.095742],[7.056245,51.095686],[7.058759,51.096369],[7.060564,51.096414],[7.061492,51.096777],[7.063374,51.096291],[7.065487,51.096558],[7.065952,51.09609],[7.066554,51.095958],[7.068725,51.096179],[7.069309,51.096056],[7.069448,51.096211],[7.072171,51.096299],[7.073305,51.096726],[7.073253,51.09686],[7.074464,51.09697],[7.074615,51.096702],[7.07389,51.096597],[7.073192,51.09549],[7.072702,51.095078],[7.073005,51.091166],[7.072688,51.091124],[7.072871,51.089785],[7.072244,51.089783],[7.072399,51.08932],[7.071347,51.089198],[7.071331,51.088311],[7.070129,51.0882],[7.070352,51.087828],[7.070793,51.087895],[7.070939,51.087468],[7.069996,51.087363],[7.070101,51.087156],[7.069142,51.086916],[7.069345,51.086632],[7.067947,51.086329],[7.068178,51.085606],[7.067529,51.085506],[7.067672,51.085206],[7.06713,51.0851],[7.067257,51.08469],[7.06629,51.084796],[7.065928,51.084121],[7.065093,51.084243],[7.064707,51.08381],[7.064275,51.083816],[7.063989,51.083521],[7.06464,51.083564],[7.064709,51.083192],[7.064553,51.083126],[7.064649,51.082811],[7.064342,51.082618],[7.06446,51.082052],[7.062966,51.081618],[7.063512,51.080975],[7.060792,51.078992],[7.059671,51.0787],[7.057599,51.077524],[7.059399,51.076053],[7.059304,51.075455],[7.059811,51.074576],[7.060181,51.074589],[7.061006,51.074175],[7.062351,51.073297],[7.062802,51.07336],[7.063185,51.072805],[7.064206,51.07328],[7.06473,51.072999],[7.066516,51.071038],[7.067648,51.070159],[7.068405,51.068676],[7.069071,51.06894],[7.069364,51.068584],[7.07062,51.068842],[7.072332,51.069836],[7.073966,51.068929],[7.073978,51.068437],[7.074472,51.068054],[7.074528,51.067623],[7.074892,51.067459],[7.074647,51.067189],[7.07494,51.06687],[7.077115,51.06672],[7.077594,51.06616],[7.07842,51.066561],[7.079062,51.066448],[7.08014,51.066851],[7.079842,51.067112],[7.080829,51.067464],[7.08377,51.067139],[7.086842,51.066491],[7.087445,51.066937],[7.089024,51.066001],[7.090429,51.066724],[7.091005,51.067257],[7.093643,51.066018],[7.094881,51.064799],[7.096169,51.065449],[7.100956,51.065565],[7.101015,51.066867],[7.099951,51.067582],[7.099862,51.068104],[7.102052,51.067829],[7.103664,51.06717],[7.105638,51.066723],[7.10627,51.066183],[7.107442,51.065603],[7.108609,51.064574],[7.110812,51.064011],[7.114754,51.063544],[7.113615,51.063023],[7.111829,51.061318],[7.111932,51.060908],[7.112837,51.060939],[7.112985,51.060689],[7.113307,51.060796],[7.11427,51.059653],[7.114378,51.059045],[7.114792,51.058532],[7.11611,51.058133],[7.113389,51.057253],[7.112893,51.057167],[7.112881,51.057322],[7.112122,51.057003],[7.112243,51.056818],[7.111216,51.056268],[7.109371,51.05642],[7.108646,51.056223],[7.108883,51.055892],[7.107874,51.055637],[7.108266,51.055007],[7.107274,51.054848],[7.106159,51.054037],[7.10423,51.053471],[7.102105,51.052222],[7.101278,51.052148],[7.10019,51.051695],[7.098425,51.050513],[7.097264,51.05026],[7.099549,51.049309],[7.100619,51.04938],[7.10081,51.049219],[7.101927,51.049208],[7.10202,51.049042],[7.101921,51.048147],[7.101692,51.047678],[7.10139,51.047691],[7.10128,51.046698],[7.100447,51.04673],[7.10034,51.046354],[7.099682,51.046395],[7.098586,51.04597],[7.098314,51.044853],[7.098421,51.043768],[7.098855,51.043239],[7.098541,51.043178],[7.098622,51.042994],[7.097819,51.04294],[7.097369,51.042506],[7.097346,51.042348],[7.097686,51.042412],[7.097834,51.042003],[7.098641,51.041859],[7.099506,51.041177],[7.100766,51.040605],[7.098446,51.038125],[7.097656,51.037714],[7.095328,51.035898],[7.092395,51.034561],[7.092707,51.034124],[7.09319,51.034292],[7.09401,51.032922],[7.097021,51.032008],[7.097698,51.031471],[7.098168,51.030751],[7.095672,51.029348],[7.096055,51.029079],[7.094738,51.027999],[7.094534,51.027769],[7.094641,51.027576],[7.091102,51.025872],[7.088096,51.025522],[7.090826,51.025789],[7.09144,51.025397],[7.091914,51.024538],[7.092482,51.024305],[7.092683,51.023679],[7.092443,51.023598],[7.093647,51.023325],[7.094754,51.023407],[7.098338,51.02424],[7.098567,51.023926],[7.09978,51.023778],[7.10247,51.022508],[7.103428,51.021129],[7.103417,51.020584],[7.104074,51.019625],[7.10336,51.018803],[7.103582,51.017921],[7.104181,51.017127],[7.10424,51.016596],[7.099878,51.012229],[7.101248,51.010896],[7.10316,51.010366],[7.108108,51.010502],[7.110708,51.011092],[7.113639,51.012034],[7.114011,51.012108],[7.115054,51.011802],[7.116276,51.012137],[7.116549,51.011686],[7.116559,51.011264],[7.117177,51.010259],[7.120075,51.010394],[7.120664,51.010828],[7.12252,51.01129],[7.123592,51.012084],[7.125118,51.012815],[7.129227,51.013107],[7.129111,51.013312],[7.12945,51.013459],[7.133512,51.014027],[7.13422,51.012837],[7.137682,51.013793],[7.141595,51.01555],[7.142353,51.01613],[7.145393,51.016693],[7.147035,51.016423],[7.150415,51.015042],[7.152913,51.014382],[7.160286,51.013024],[7.163555,51.013464],[7.166268,51.014127],[7.167086,51.013917],[7.170414,51.014599],[7.170928,51.014358],[7.17212,51.014503],[7.17316,51.013694],[7.174308,51.014123],[7.17503,51.013032],[7.177341,51.014003],[7.178449,51.013236],[7.179736,51.013399],[7.180578,51.01503],[7.18143,51.014413],[7.181299,51.014244],[7.182537,51.012943],[7.184489,51.012345],[7.184323,51.012112],[7.186594,51.010986],[7.189459,51.012059],[7.190872,51.012044],[7.190685,51.012701],[7.191733,51.012986],[7.191871,51.013532],[7.19244,51.01368],[7.192122,51.014133],[7.192913,51.014298],[7.193576,51.0159],[7.194365,51.016567],[7.19571,51.017223],[7.195488,51.017703],[7.19887,51.01833],[7.198848,51.017804],[7.199089,51.017309],[7.200404,51.017309],[7.201183,51.016885],[7.202631,51.016677],[7.2024,51.016434],[7.203355,51.015887],[7.203359,51.01539],[7.201945,51.014787],[7.20131,51.015314],[7.199581,51.015012],[7.200028,51.012837],[7.198362,51.012781],[7.198362,51.012495],[7.199762,51.012235],[7.199669,51.011552],[7.199845,51.011086],[7.198854,51.010582],[7.197248,51.010981],[7.197158,51.009756],[7.195843,51.010069],[7.195664,51.009777],[7.196555,51.009513],[7.196851,51.009159],[7.19659,51.009094],[7.197262,51.008294],[7.196914,51.008163],[7.197965,51.006813],[7.198669,51.006986],[7.199542,51.00611],[7.200338,51.004806],[7.201475,51.005031],[7.204144,51.00468],[7.204263,51.004845],[7.206922,51.004043],[7.208503,51.003807],[7.21216,51.00255],[7.214384,51.002477],[7.214828,51.002072],[7.215218,51.002296],[7.217209,51.002151],[7.216954,50.999772],[7.217636,50.998817],[7.219713,50.998429],[7.224761,50.999049],[7.225596,50.998701],[7.226885,50.997543],[7.227736,50.997117],[7.228883,50.996895],[7.230899,50.996873],[7.231479,50.99646],[7.232613,50.995129],[7.232843,50.993716],[7.233153,50.993578],[7.233531,50.992795],[7.234547,50.991658],[7.234948,50.99186],[7.235143,50.991649],[7.235671,50.991591],[7.236156,50.991822],[7.23701,50.991799],[7.237733,50.991557],[7.237891,50.991667],[7.239069,50.991463],[7.239455,50.991488],[7.23955,50.991753],[7.239928,50.991656],[7.240131,50.991957],[7.24042,50.992019],[7.241762,50.991754],[7.242909,50.991929],[7.24481,50.991251],[7.245825,50.991129],[7.2472,50.990465],[7.247424,50.99031],[7.247168,50.989441],[7.247285,50.989115],[7.24835,50.98834],[7.249341,50.987973],[7.248056,50.9873],[7.244708,50.986642],[7.241658,50.98717],[7.240709,50.983155],[7.240996,50.983108],[7.242562,50.981487],[7.242327,50.981392],[7.242835,50.980633],[7.242706,50.980587],[7.244497,50.979985],[7.244291,50.979925],[7.244698,50.979311],[7.244283,50.979289],[7.245295,50.977406],[7.246779,50.977785],[7.247685,50.97521],[7.2486,50.975391],[7.251652,50.975206],[7.252657,50.974301],[7.254583,50.973383],[7.253059,50.97279],[7.253052,50.972539],[7.249907,50.973104],[7.249176,50.971984],[7.248304,50.972158],[7.24316,50.971984],[7.241988,50.972222],[7.241195,50.971946],[7.241782,50.971852],[7.241614,50.971091],[7.242178,50.971026],[7.242166,50.970215],[7.24104,50.969828],[7.240519,50.969239],[7.241027,50.96857],[7.241467,50.968335],[7.239203,50.968413],[7.239035,50.967943],[7.241783,50.967237],[7.240963,50.96649],[7.237893,50.967293],[7.237135,50.967204],[7.236618,50.966802],[7.236617,50.965731],[7.237293,50.966012],[7.239098,50.965327],[7.237948,50.963991],[7.236775,50.963604],[7.236621,50.963944],[7.236046,50.963845],[7.236124,50.963718],[7.232765,50.964595],[7.23217,50.96441],[7.231119,50.964994],[7.230002,50.964728],[7.230034,50.964361],[7.229379,50.963526],[7.229197,50.963514],[7.227928,50.963818],[7.227844,50.964113],[7.225529,50.964831],[7.224336,50.964829],[7.224015,50.965311],[7.222658,50.965279],[7.222384,50.965004],[7.221473,50.965225],[7.220772,50.963417],[7.221478,50.963082],[7.222382,50.962988],[7.222599,50.962285],[7.222444,50.961898],[7.224072,50.960551],[7.223837,50.960089],[7.224097,50.95987],[7.223732,50.958988],[7.223522,50.959066],[7.223101,50.958534],[7.222376,50.958608],[7.221974,50.958043],[7.221771,50.958007],[7.221694,50.958278],[7.221186,50.95771],[7.218319,50.957568],[7.218635,50.957299],[7.219803,50.957342],[7.22006,50.956313],[7.219029,50.956247],[7.217853,50.955704],[7.216213,50.95567],[7.21611,50.954889],[7.215607,50.954888],[7.214472,50.954193],[7.2143,50.952616],[7.213875,50.952088],[7.213068,50.952635],[7.212116,50.951172],[7.210852,50.950098],[7.210164,50.949771],[7.210789,50.949328],[7.207456,50.949659],[7.207073,50.949303],[7.205256,50.949123],[7.204462,50.948136],[7.204513,50.947905],[7.203418,50.947813],[7.200269,50.94872],[7.198221,50.948632],[7.196762,50.948958],[7.196222,50.947761],[7.195504,50.947193],[7.19573,50.946842],[7.195665,50.945784],[7.195232,50.945832],[7.195002,50.944992],[7.194136,50.943898],[7.193839,50.94313],[7.190272,50.940784],[7.189941,50.940987],[7.18761,50.940331],[7.188096,50.939389],[7.187071,50.938638],[7.186891,50.938056],[7.187202,50.937829],[7.184436,50.937654],[7.18401,50.937357],[7.184593,50.936451],[7.184626,50.936086],[7.184375,50.936099],[7.183208,50.935378],[7.180679,50.934725],[7.180122,50.934183],[7.180268,50.933356],[7.18002,50.932281],[7.178311,50.931753],[7.177918,50.932252],[7.17787,50.93282],[7.176549,50.932836],[7.175457,50.932241],[7.174922,50.932902],[7.174506,50.932166],[7.174234,50.932414],[7.172331,50.932772],[7.171075,50.93268],[7.170171,50.932891],[7.169688,50.934103],[7.168362,50.934525],[7.166883,50.934459],[7.164747,50.93401],[7.162836,50.932978],[7.160139,50.932111],[7.158614,50.931388],[7.157859,50.930891],[7.156786,50.929532],[7.155733,50.928961],[7.155553,50.928418],[7.154806,50.92797],[7.154261,50.927216],[7.1537,50.927273],[7.153365,50.926768],[7.152915,50.926844],[7.152349,50.926557],[7.152429,50.926283],[7.152174,50.926212],[7.152086,50.92578],[7.15165,50.925414],[7.150658,50.925403],[7.150673,50.925131],[7.150045,50.924981],[7.149313,50.924197],[7.148408,50.924065],[7.148595,50.923761],[7.148443,50.923487],[7.148143,50.923606],[7.147867,50.923356],[7.147271,50.923422],[7.146693,50.922954],[7.146789,50.922756],[7.146405,50.922769],[7.145797,50.922366],[7.145178,50.922277],[7.144929,50.922157],[7.145058,50.921984],[7.144588,50.921708],[7.143998,50.921786],[7.143077,50.921517],[7.14301,50.921167],[7.142339,50.920912],[7.142424,50.920706],[7.141562,50.920333],[7.141248,50.920416],[7.141203,50.920622],[7.14074,50.920567],[7.139651,50.919942],[7.139345,50.92077],[7.13966,50.919867],[7.138161,50.918449],[7.138299,50.917174],[7.138163,50.916333],[7.1388,50.91422],[7.137482,50.909545],[7.136502,50.907815],[7.136626,50.905871],[7.134954,50.90612],[7.133602,50.903434],[7.137102,50.902483],[7.138473,50.900656],[7.139742,50.896909],[7.139415,50.893462],[7.140898,50.889418],[7.140836,50.887559],[7.139102,50.885325],[7.138581,50.884157],[7.137358,50.883011],[7.137452,50.881335],[7.142605,50.877995],[7.148122,50.875995],[7.152134,50.873686],[7.153456,50.873496],[7.15735,50.87416],[7.158779,50.873866],[7.159656,50.873346],[7.161834,50.870553],[7.162043,50.869948],[7.161807,50.869302],[7.159889,50.867476],[7.159579220594671,50.86692950236984],[7.163145,50.868424],[7.171106,50.869273],[7.174176,50.871505],[7.185984,50.874543],[7.187082,50.873514],[7.190022,50.874018],[7.191168,50.873944],[7.193356,50.874196],[7.194044,50.872735],[7.19502,50.871713],[7.196689,50.870413],[7.208776,50.862265],[7.208406,50.861027],[7.210109,50.860498],[7.211442,50.859416],[7.213297,50.857512],[7.213248,50.857041],[7.213937,50.856605],[7.214079,50.856005],[7.214485,50.855419],[7.214728,50.854365],[7.214635,50.853],[7.214874,50.852875],[7.214748,50.852358],[7.214003,50.851805],[7.213589,50.850651],[7.20957,50.848335],[7.204258,50.846341],[7.203293,50.845813],[7.202393,50.844676],[7.202183,50.842627],[7.201188,50.841076],[7.200134,50.840006],[7.197328,50.838011],[7.196671,50.836542],[7.19633,50.836578],[7.195528,50.834874],[7.195462,50.834241],[7.194774,50.833033],[7.193085,50.831675],[7.191468,50.829593],[7.190746,50.827373],[7.194647,50.823716],[7.193391,50.822859],[7.192893,50.822153],[7.192885,50.821184],[7.193353,50.818212],[7.193276,50.816935],[7.192735,50.81556],[7.190645,50.813688],[7.189126,50.812862],[7.187396,50.812479],[7.18409,50.812133],[7.182694,50.811377],[7.178922,50.807597],[7.176647,50.805814],[7.175765,50.804333],[7.175635,50.802203],[7.175132,50.801435],[7.174175,50.800677],[7.174260613654601,50.80051265959711],[7.176589,50.800497],[7.178425,50.799987],[7.178968,50.799456],[7.179509,50.79711],[7.180435,50.796061],[7.184577,50.794396],[7.189667,50.791167],[7.191272,50.790577],[7.1928,50.79027],[7.194996,50.790085],[7.198355,50.790138],[7.200096,50.789835],[7.201555,50.788977],[7.203286,50.786889],[7.204851,50.785906],[7.210598,50.784259],[7.212619,50.783174],[7.214415,50.781568],[7.215365,50.780959],[7.218592,50.779885],[7.220542,50.779973],[7.22143,50.78046],[7.221973,50.781034],[7.222432,50.783545],[7.223773,50.786462],[7.224268,50.787049],[7.225955,50.788259],[7.228452,50.789464],[7.232388,50.791834],[7.23468,50.792626],[7.23594,50.792671],[7.24061,50.790951],[7.242815,50.790435],[7.242739,50.789433],[7.24213,50.788941],[7.243564,50.787554],[7.245675,50.782617],[7.244682,50.782663],[7.244841,50.780792],[7.244542,50.779181],[7.243692,50.777284],[7.242115,50.769269],[7.24224,50.769256],[7.241546,50.761819],[7.24185,50.760745],[7.231002,50.757515],[7.232484,50.756119],[7.230118,50.754997],[7.230705,50.753738],[7.228368,50.752695],[7.228048,50.752359],[7.228644,50.752245],[7.228107,50.752015],[7.228579,50.751708],[7.229108,50.751737],[7.229005,50.75132],[7.230463,50.750206],[7.231035,50.750053],[7.232388,50.75021],[7.233021,50.749763],[7.233896,50.74844],[7.235416,50.74868],[7.236613,50.74774],[7.237443,50.747677],[7.237092,50.747015],[7.237841,50.74558],[7.236411,50.745242],[7.236069,50.744943],[7.23399,50.745519],[7.232449,50.744733],[7.230579,50.744644],[7.23025,50.743546],[7.225614,50.744327],[7.225589,50.744183],[7.223753,50.744239],[7.223387,50.743997],[7.22148,50.744204],[7.22121,50.743757],[7.220275,50.744239],[7.220054,50.743986],[7.220233,50.743773],[7.219436,50.743234],[7.21937,50.742779],[7.216607,50.742707],[7.213177,50.74293],[7.212837,50.742776],[7.212106,50.741886],[7.211229,50.741502],[7.210522,50.740579],[7.209298,50.740441],[7.207,50.739386],[7.206869,50.739291],[7.209103,50.736805],[7.205934,50.735444],[7.204524,50.734576],[7.198066,50.731928],[7.192618,50.728782],[7.194247,50.72742],[7.191994,50.727269],[7.191467,50.727031],[7.190881,50.72732],[7.190741,50.727206],[7.191957,50.72641],[7.195798,50.719177],[7.195823,50.717167],[7.195476,50.717102],[7.195841,50.714325],[7.196174,50.714321],[7.196425,50.713792],[7.197026,50.713345],[7.196245,50.712557],[7.195927,50.712554],[7.195394,50.712092],[7.195533,50.712046],[7.195304,50.711556],[7.194091,50.710649],[7.190339,50.711019],[7.189091,50.711398],[7.187936,50.711124],[7.187825,50.71088],[7.187121,50.710825],[7.185324,50.710013],[7.185028,50.710282],[7.184412,50.709948],[7.183623,50.709815],[7.183403,50.709351],[7.182645,50.709108],[7.181901,50.709227],[7.180232,50.708283],[7.179052,50.707969],[7.178906,50.708192],[7.177422,50.707885],[7.178688,50.706149],[7.174782,50.705145],[7.174559,50.705511],[7.171613,50.704482],[7.171775,50.704297],[7.168246,50.703379],[7.169519,50.70112],[7.173613,50.691147],[7.174968,50.688677],[7.176836,50.686078],[7.179345,50.683358],[7.185715,50.677524],[7.188439,50.674386],[7.191368,50.670506],[7.195401,50.665941],[7.20794,50.653736],[7.209698,50.651521],[7.210683,50.649725],[7.205394,50.649053],[7.205162,50.649538],[7.203253,50.649146],[7.202915,50.649888],[7.200533,50.649234],[7.200774,50.648873],[7.199004,50.648286],[7.199849,50.647609],[7.197352,50.646044],[7.195126,50.642951],[7.194289,50.642492],[7.192556,50.644447],[7.192604,50.644886],[7.191306,50.645187],[7.188741,50.647684],[7.188785,50.648489],[7.186976,50.648784],[7.18724,50.649327],[7.185755,50.649701],[7.186101,50.650532],[7.180833,50.652268],[7.179778,50.652307],[7.179244,50.652061],[7.178005,50.652189],[7.177263,50.652741],[7.176248,50.652106],[7.17533,50.651202],[7.174702,50.651031],[7.173302,50.651068],[7.172656,50.652011],[7.172021,50.651531],[7.172024,50.651841],[7.1702,50.651646],[7.170161,50.652425],[7.168157,50.652226],[7.168018,50.652353],[7.165656,50.652251],[7.165339,50.652942],[7.163576,50.652534],[7.163,50.653318],[7.162448,50.653443],[7.162732,50.653946],[7.161529,50.654591],[7.161737,50.654751],[7.161628,50.654859],[7.159736,50.654986],[7.15876,50.654733],[7.158025,50.655118],[7.155919,50.6548],[7.155726,50.654596],[7.153918,50.654463],[7.152587,50.653653],[7.152151,50.653749],[7.150624,50.653413],[7.149886,50.653455],[7.14688,50.652451],[7.146074,50.651816],[7.145648,50.651794],[7.145344,50.652016],[7.144067,50.651218],[7.142605,50.65109],[7.140865,50.650431],[7.139116,50.650188],[7.139403,50.649537],[7.138377,50.649332],[7.138306,50.648898],[7.131575,50.648188],[7.127724,50.647161],[7.125044,50.651734],[7.121429,50.654198],[7.123705,50.654581],[7.123325,50.654994],[7.123835,50.655211],[7.12268,50.655962],[7.120845,50.656582],[7.117401,50.656862],[7.10915,50.658219],[7.108775,50.658424],[7.107849,50.658449],[7.106668,50.658809],[7.105383,50.659603],[7.104011,50.65786],[7.09992,50.656074],[7.098643,50.655215],[7.097558,50.653805],[7.094411,50.651548],[7.091293,50.650551],[7.088423,50.648733],[7.087405,50.648861],[7.087185,50.648222],[7.082364,50.646105],[7.081867,50.644938],[7.081866,50.644337],[7.080547,50.644285],[7.076928,50.642824],[7.075988,50.642164],[7.07517,50.641185],[7.074709,50.639526],[7.075353,50.63826],[7.075197,50.637217],[7.068565,50.634706],[7.068535,50.634503],[7.06367,50.632881],[7.061856,50.633059],[7.059494,50.632723],[7.057107,50.633048],[7.059322,50.638413],[7.051678,50.639595],[7.050697,50.640888],[7.050214,50.641223],[7.048282,50.641809],[7.045855,50.644112],[7.042859,50.646085],[7.040036,50.647516],[7.038045,50.649032],[7.036239,50.649952],[7.032516,50.654619],[7.02929,50.654705],[7.026693,50.655118],[7.025902,50.654357],[7.024262,50.658697],[7.02347,50.661469],[7.023749,50.661517],[7.023524,50.662469],[7.024075,50.663721],[7.024852,50.664017],[7.02485,50.664535],[7.023895,50.664247],[7.024816,50.665418],[7.025673,50.665369],[7.026884,50.664956],[7.028979,50.663666],[7.033933,50.661518],[7.036419,50.661434],[7.037517,50.66173],[7.040868,50.663937],[7.040856,50.664592],[7.03975,50.666048],[7.039871,50.666612],[7.040231,50.667433],[7.041103,50.668194],[7.042854,50.671066],[7.043637,50.672489],[7.044251,50.674376],[7.0431,50.674629],[7.03942,50.677187],[7.033967,50.677795],[7.03144,50.678537],[7.031277,50.680061],[7.032563,50.680703],[7.032929,50.681076],[7.033577,50.682744],[7.035682,50.686365],[7.03543,50.686565],[7.037381,50.686926],[7.037386,50.687071],[7.037151,50.687069],[7.036993,50.688251],[7.038533,50.688009],[7.039008,50.688524],[7.038446,50.688838],[7.035233,50.689644],[7.036443,50.690963],[7.030788,50.693065],[7.031195,50.694213],[7.031865,50.694865],[7.031824,50.695266],[7.032204,50.696459],[7.033079,50.697537],[7.03266,50.697923],[7.032084,50.699078],[7.029795,50.698764],[7.02964,50.699135],[7.029364,50.699251],[7.029382,50.699698],[7.028905,50.699939],[7.029081,50.700202],[7.028565,50.700375],[7.028789,50.700648],[7.028029,50.701037],[7.028001,50.701642],[7.027852,50.70171],[7.028016,50.701861],[7.027596,50.702233],[7.027603,50.702488],[7.026302,50.703178],[7.025721,50.703186],[7.024998,50.703974],[7.025025,50.704194],[7.023041,50.704556],[7.023267,50.705232],[7.022531,50.706466],[7.022768,50.706744],[7.024901,50.707804],[7.026129,50.708765],[7.027631,50.711082],[7.030625,50.713256],[7.031332,50.713898],[7.03209,50.714973],[7.033498,50.715565],[7.034231,50.715607],[7.04033,50.71887],[7.039251,50.719834],[7.038941,50.719675],[7.038436,50.720022],[7.038551,50.720261],[7.035284,50.722525],[7.035579,50.722719],[7.033579,50.723991],[7.033821,50.724129],[7.034864,50.723987],[7.033099,50.725298],[7.033642,50.725506],[7.029613,50.726098],[7.031389,50.728637],[7.031669,50.729643],[7.031571,50.730984],[7.032239,50.732517],[7.033174,50.733838],[7.032799,50.73474],[7.033362,50.735716],[7.034116,50.738669],[7.034665,50.739869],[7.035562,50.744129],[7.036279,50.746599],[7.038389,50.750023],[7.036704,50.7507],[7.039735,50.753276],[7.036867,50.755197],[7.039435,50.756604],[7.037114,50.757909],[7.038393,50.759045],[7.039894,50.758148],[7.044606,50.761765],[7.048208,50.763849],[7.04865,50.763851],[7.04883,50.763658],[7.051362,50.76514],[7.052795,50.764011],[7.054102,50.764665],[7.056324,50.763088],[7.064947,50.768999],[7.066629,50.770843],[7.075787,50.767275],[7.054991,50.775445],[7.048568,50.778317],[7.040953,50.782472],[7.03646,50.785469],[7.034024,50.787584],[7.0316,50.790653],[7.030472,50.792811],[7.029862,50.794742],[7.029532,50.797275],[7.0295363923498595,50.80067702137777],[7.027066,50.800682],[7.024563,50.80044],[7.022631,50.800544],[7.023328,50.801909],[7.021256,50.801893],[7.019253,50.802478],[7.017509,50.801264],[7.014107,50.800567],[7.016338,50.798461],[7.016079,50.798356],[7.010269,50.796485],[7.009471,50.797297],[7.005334,50.796004],[7.004577,50.796943],[7.000962,50.795774],[6.996563,50.793473],[6.991334,50.792695],[6.990506,50.795574],[6.990625,50.798984],[6.986849,50.797587],[6.984919,50.799368],[6.985253,50.799512],[6.984136,50.800361],[6.982127,50.798303],[6.980747,50.797678],[6.977774,50.799504],[6.975504,50.798404],[6.973281,50.799943],[6.972634,50.799541],[6.96943,50.801551],[6.966266,50.799489],[6.961797,50.803136],[6.960089,50.803445],[6.960145,50.803673],[6.958195,50.804285],[6.956625,50.80347],[6.954778,50.80286],[6.95073,50.802662],[6.947571,50.803194],[6.946435,50.802912],[6.941722,50.803975],[6.934092,50.805338],[6.930065,50.803857],[6.92965,50.804134],[6.92719,50.803007],[6.92685,50.803228],[6.923581,50.801969],[6.917536,50.800189],[6.917143,50.800763],[6.915296,50.800325],[6.91483,50.800669],[6.914696,50.800369],[6.912252,50.801514],[6.908516,50.802792],[6.896104,50.798023],[6.891099,50.797231],[6.891235,50.797041],[6.889849,50.796844],[6.88903,50.797191],[6.88876,50.796768],[6.888014,50.796622],[6.887894,50.796933],[6.887324,50.796987],[6.886073,50.796452],[6.885891,50.796651],[6.883756,50.796046],[6.883013,50.793375],[6.877741,50.792089],[6.870238,50.790784],[6.866447,50.785796],[6.863913,50.784811],[6.860111,50.788482],[6.857961,50.789444],[6.855794,50.789661],[6.853613,50.789214],[6.852086,50.788512],[6.851649,50.789739],[6.849673,50.790988],[6.848648,50.792278],[6.848147,50.793281],[6.848413,50.793912],[6.848884,50.794383],[6.848737,50.794574],[6.849156,50.794907],[6.848705,50.795854],[6.847675,50.796018],[6.846813,50.796422],[6.844878,50.79772],[6.845388,50.798233],[6.845256,50.798708],[6.845402,50.799169],[6.846271,50.800574],[6.845224,50.800813],[6.844528,50.801528],[6.842413,50.801951],[6.841606,50.802316],[6.843412,50.803657],[6.843831,50.8061],[6.844702,50.806855],[6.84521,50.807861],[6.844926,50.810392],[6.844951,50.811917],[6.844423,50.813018],[6.844507,50.813269],[6.842838,50.815199],[6.842724,50.81608],[6.843097,50.81613],[6.843743,50.817289],[6.842219,50.818989],[6.84156,50.820269],[6.842717,50.820256],[6.840029,50.823382],[6.838858,50.824258],[6.841703,50.825386],[6.840549,50.826752],[6.839613,50.826984],[6.838678,50.826973],[6.83747,50.828124],[6.833425,50.829664],[6.842102350206927,50.83689860000433],[6.837854,50.83799],[6.831929,50.840885],[6.829322,50.841676],[6.827544,50.843334],[6.825386,50.847294],[6.820789,50.851443]],[[6.780017632629397,50.87911417091438],[6.779572,50.878959],[6.778614,50.878408],[6.780017632629397,50.87911417091438]],[[7.297709,51.715634],[7.29744229118234,51.71595790661229],[7.298226,51.714402],[7.297709,51.715634]],[[7.086204,51.026546],[7.085858911427808,51.02663966215338],[7.088096,51.025522],[7.086204,51.026546]],[[6.931582,51.644846],[6.902192,51.635813],[6.899569,51.634925],[6.931582,51.644846]],[[6.868167,51.626299],[6.866769399975897,51.6278452410969],[6.866778,51.627791],[6.868167,51.626299]],[[6.871394,51.622099],[6.871522,51.622382],[6.869296,51.619912],[6.871394,51.622099]],[[6.850852273376518,51.60808947477535],[6.851037,51.608342],[6.850884,51.608158],[6.850852273376518,51.60808947477535]],[[6.862797,51.600628],[6.86277888494268,51.60063758332167],[6.863105,51.599747],[6.862797,51.600628]],[[6.865729,51.596324],[6.865745601083395,51.59633793825298],[6.86478,51.596051],[6.865729,51.596324]],[[6.86208,51.593464],[6.8619972596927505,51.59352345411299],[6.861938448713755,51.59347993623752],[6.86208,51.593464]],[[6.840182620174333,51.582487393524275],[6.84022601912565,51.5825114699743],[6.840222,51.582515],[6.840182620174333,51.582487393524275]],[[6.839996,51.582093],[6.839965708530806,51.582335331753555],[6.839931,51.582311],[6.839996,51.582093]],[[6.834646,51.580558],[6.83541744180762,51.581145202193284],[6.835412,51.58115],[6.834646,51.580558]],[[6.827624,51.577524],[6.832659630727734,51.5799933779212],[6.8326,51.579992],[6.827624,51.577524]],[[6.833179,51.579903],[6.833154354663723,51.579905468580485],[6.832998,51.579754],[6.833179,51.579903]],[[6.833451,51.579614],[6.833428333694307,51.579621005039286],[6.833754,51.578829],[6.833451,51.579614]],[[6.834324,51.578426],[6.834302497976228,51.578441202308035],[6.834111,51.578089],[6.834324,51.578426]],[[6.928363711072253,51.49773938841991],[6.928609,51.497038],[6.9284132911183836,51.49775683593958],[6.928363711072253,51.49773938841991]],[[6.894394247144606,51.47613081126847],[6.89459,51.476398],[6.894338,51.476249],[6.894394247144606,51.47613081126847]],[[6.905662,51.470197],[6.90561161242705,51.47017516684938],[6.905963133626076,51.470104295639906],[6.905662,51.470197]],[[6.906146,51.470048],[6.906046069697201,51.470078763667594],[6.906423,51.469533],[6.906146,51.470048]],[[6.913045,51.466913],[6.913028671909052,51.46691413281014],[6.913959,51.46549],[6.913045,51.466913]],[[6.907581900240335,51.36551613001227],[6.905052,51.367601],[6.904187,51.368152],[6.907581900240335,51.36551613001227]],[[6.901790978553113,51.36783163404895],[6.903525,51.367743],[6.90188,51.367905],[6.901790978553113,51.36783163404895]],[[6.844886,51.354715],[6.8448976980609615,51.35475733583967],[6.843092,51.354846],[6.844886,51.354715]],[[6.809009383691787,51.347755349112504],[6.81019,51.347273],[6.809031,51.347757],[6.809009383691787,51.347755349112504]],[[6.805882,51.350429],[6.806255,51.350395],[6.793824,51.352188],[6.805882,51.350429]],[[6.804015,51.283225],[6.804006248059225,51.28334851558304],[6.803744,51.28131],[6.804015,51.283225]],[[6.871482298211599,51.27162167351227],[6.870659,51.271733],[6.87137,51.271562],[6.871482298211599,51.27162167351227]],[[6.907894828078889,51.267970134614735],[6.90782181845762,51.26762459770029],[6.907875,51.267682],[6.907894828078889,51.267970134614735]],[[6.935066,51.274866],[6.934775,51.27431],[6.937367,51.273869],[6.937409,51.2736],[6.939783,51.272856],[6.939917,51.272545],[6.939289,51.272265],[6.938266,51.270707],[6.937127,51.269669],[6.935739,51.269966],[6.933801,51.267908],[6.932715,51.26717],[6.932844,51.26706],[6.932463,51.266641],[6.934118,51.265839],[6.932615,51.264274],[6.931067,51.265628],[6.927759,51.265535],[6.927633,51.264804],[6.927785,51.264412],[6.92871,51.264342],[6.928581,51.263464],[6.929274,51.262469],[6.928851,51.262263],[6.929326,51.261625],[6.928979,51.261621],[6.930014,51.257457],[6.930416,51.257196],[6.928075,51.255722],[6.928002,51.255224],[6.928446,51.255189],[6.928044,51.254954],[6.928709,51.254734],[6.928237,51.25402],[6.927779,51.253974],[6.927479,51.254365],[6.926918,51.253476],[6.928307,51.252112],[6.929214,51.252117],[6.929359,51.25148],[6.933534,51.248402],[6.933191,51.248178],[6.933294,51.24808],[6.934266,51.248452],[6.932706,51.247],[6.933055,51.245896],[6.932601,51.245766],[6.931535,51.244534],[6.931661,51.243037],[6.931473,51.242439],[6.93238,51.240921],[6.932137,51.240262],[6.931278,51.239718],[6.931058,51.239069],[6.931174,51.238079],[6.931001,51.236521],[6.931601,51.236391],[6.931373,51.236148],[6.931537,51.23599],[6.932044,51.235875],[6.933797,51.234475],[6.933529,51.234232],[6.935607,51.233915],[6.936721,51.233285],[6.936853,51.233393],[6.937631,51.230659],[6.939315,51.231105],[6.943361,51.229571],[6.943332,51.229111],[6.942936,51.228761],[6.941794,51.229414],[6.940947,51.229423],[6.939721,51.229778],[6.938979,51.229657],[6.938626,51.228534],[6.938679,51.228135],[6.940409,51.228478],[6.944862,51.228233],[6.946633,51.227484],[6.947133,51.226792],[6.947774,51.226428],[6.949015,51.22634],[6.949884,51.226799],[6.950188,51.226784],[6.951172,51.226138],[6.951261,51.225822],[6.951077,51.22519],[6.950631,51.224698],[6.950124,51.224522],[6.951423,51.223918],[6.953368,51.224284],[6.954158,51.224047],[6.954322,51.223447],[6.954073,51.223266],[6.954195,51.222249],[6.954482,51.221836],[6.956798,51.221502],[6.956927,51.221739],[6.957642,51.221959],[6.957805,51.222492],[6.959072,51.223903],[6.960124,51.223914],[6.962069,51.223482],[6.964387,51.224596],[6.965907,51.224649],[6.967029,51.223959],[6.967359,51.224164],[6.968472,51.22426],[6.968613,51.224169],[6.968439,51.223719],[6.968849,51.223413],[6.970022,51.223236],[6.968303,51.222972],[6.969602,51.222453],[6.970572,51.222452],[6.970616,51.222066],[6.972738,51.222094],[6.975785,51.223086],[6.975126,51.222473],[6.97403,51.221859],[6.973314,51.220984],[6.974156,51.220853],[6.974399,51.220096],[6.975236,51.219208],[6.975037,51.218741],[6.975899,51.219127],[6.977113,51.219002],[6.979032,51.219653],[6.980627,51.219772],[6.981798,51.218487],[6.982574,51.217963],[6.982227,51.217873],[6.981853,51.217173],[6.982029,51.216652],[6.982384,51.21649],[6.983042,51.213447],[6.984319,51.213204],[6.986142,51.21375],[6.987478,51.214515],[6.989682,51.215229],[6.990945,51.216266],[6.991376,51.216117],[6.99184,51.216366],[6.99242,51.216358],[6.992334,51.216637],[6.993822,51.216276],[6.995264,51.21557],[6.994354,51.214978],[6.993581,51.21533],[6.99267,51.214494],[6.993084,51.214408],[6.992332,51.213928],[6.991953,51.213079],[6.994932,51.212868],[6.9949,51.212243],[6.9924,51.212246],[6.991828,51.211511],[6.990792,51.211612],[6.988169,51.209323],[6.987402,51.208857],[6.987761,51.208798],[6.985973,51.207446],[6.988661,51.20611],[6.988388,51.205917],[6.98855,51.2058],[6.988469,51.20529],[6.988994,51.204719],[6.989375,51.204702],[6.989401,51.20444],[6.988521,51.203785],[6.988506,51.203367],[6.985907,51.202916],[6.985706,51.202975],[6.985606,51.203336],[6.984418,51.203244],[6.983231,51.202669],[6.982626,51.202991],[6.981652,51.202391],[6.980872,51.20146],[6.978607,51.202291],[6.977468,51.202925],[6.976437,51.202435],[6.975653,51.201627],[6.974542,51.201636],[6.974386,51.201378],[6.975245,51.201243],[6.975499,51.200892],[6.974268,51.2004],[6.97268,51.200393],[6.972705,51.200115],[6.972266,51.199722],[6.972177,51.199377],[6.971615,51.199166],[6.9523360544371915,51.1973506304396],[6.959373,51.19797],[6.959864,51.197551],[6.962749,51.197669],[6.963427,51.197313],[6.963302,51.197013],[6.966999,51.196395],[6.967988,51.196561],[6.969713,51.19628],[6.970225,51.195854],[6.971027,51.195912],[6.970222,51.194961],[6.968891,51.194242],[6.967425,51.194355],[6.967344,51.19288],[6.966321,51.191646],[6.966629,51.191324],[6.972102,51.191932],[6.975402,51.191958],[6.976779,51.191256],[6.977894,51.190983],[6.981532,51.179061],[6.981951,51.178737],[6.981608,51.178125],[6.98249,51.177598],[6.981687,51.176897],[6.981879,51.176829],[6.981534,51.175679],[6.982019,51.175744],[6.981091,51.174657],[6.981698,51.174567],[6.981514,51.173433],[6.981087,51.173272],[6.981131,51.17233],[6.983455,51.172186],[6.98528,51.172401],[6.985177,51.172124],[6.98575,51.172149],[6.986181393134982,51.17194496270643],[6.986326,51.172402],[6.986465,51.172388],[6.986081,51.173576],[6.98688,51.173328],[6.989753,51.174611],[6.990619,51.174125],[6.991812,51.174573],[6.992312,51.174555],[6.992573,51.175245],[6.992428,51.175459],[6.993861,51.176017],[6.995717,51.176204],[6.997444,51.176855],[7.000126,51.177542],[7.001681,51.178992],[7.003045,51.179175],[7.004128,51.179647],[7.006211,51.179328],[7.007931,51.180859],[7.00949,51.181191],[7.010259,51.181907],[7.011723,51.182125],[7.013284,51.182022],[7.013472,51.182158],[7.013349,51.182364],[7.013716,51.182484],[7.013908,51.183007],[7.014764,51.183798],[7.01583,51.183876],[7.016282,51.18432],[7.017207,51.184508],[7.018734,51.186281],[7.021816,51.186683],[7.022331,51.186961],[7.023858,51.187168],[7.024254,51.187588],[7.025776,51.188192],[7.026827,51.188209],[7.027233,51.187895],[7.029456,51.18859],[7.029601,51.188692],[7.029314,51.188658],[7.029795,51.189772],[7.028746,51.189237],[7.028337,51.189245],[7.027989,51.190507],[7.028307,51.191396],[7.029662,51.19245],[7.029901,51.192987],[7.031591,51.193821],[7.032145,51.194346],[7.032671,51.193894],[7.033226,51.194051],[7.033917,51.194592],[7.035745,51.19509],[7.03649,51.195951],[7.037313,51.196546],[7.03744,51.196479],[7.037613,51.196912],[7.03792,51.197004],[7.037674,51.197218],[7.038192,51.198096],[7.038975,51.199215],[7.039715,51.199767],[7.039397,51.199842],[7.039885,51.201312],[7.041646,51.201921],[7.04128,51.202384],[7.043762,51.203345],[7.042523,51.20438],[7.042861,51.204401],[7.042114,51.205361],[7.042537,51.205627],[7.042655,51.205367],[7.04302,51.205432],[7.043878,51.206083],[7.04403,51.205742],[7.044621,51.20592],[7.044447,51.206146],[7.044514,51.206888],[7.047999,51.208899],[7.046771,51.20931],[7.044834,51.210475],[7.044989,51.210599],[7.044669,51.210499],[7.043578,51.211378],[7.042241,51.212028],[7.04146,51.213824],[7.039183,51.214457],[7.037962,51.214569],[7.036356,51.215201],[7.034956,51.216472],[7.034639,51.217223],[7.036096,51.217356],[7.035808,51.217671],[7.037771,51.218365],[7.039032,51.218581],[7.038355,51.220232],[7.036602,51.220124],[7.035742,51.220632],[7.038557,51.221203],[7.040797,51.220916],[7.04169,51.221113],[7.042055,51.221422],[7.042013,51.221582],[7.04072,51.222632],[7.040476,51.22383],[7.041963,51.224512],[7.041465,51.225256],[7.043575,51.22548],[7.043617,51.225295],[7.045401,51.226424],[7.044678,51.226779],[7.045014,51.227063],[7.045454,51.228017],[7.044959,51.22875],[7.04726,51.229683],[7.047488,51.229536],[7.04863,51.230308],[7.050026,51.230944],[7.051145,51.231059],[7.051831,51.230914],[7.051711,51.232428],[7.051023,51.232338],[7.050509,51.232524],[7.04877,51.23202],[7.047327,51.231312],[7.047117,51.231546],[7.04402,51.229904],[7.041616,51.227899],[7.040666,51.227555],[7.037927,51.230399],[7.037749,51.231019],[7.037037,51.231999],[7.037652,51.232156],[7.037815,51.233384],[7.037406,51.233726],[7.036393,51.234101],[7.038669,51.235311],[7.036332,51.236457],[7.035952,51.237056],[7.035239,51.23766],[7.032655,51.237939],[7.032564,51.238912],[7.03291,51.239332],[7.030269,51.240961],[7.02718,51.241938],[7.024018,51.243427],[7.023451,51.244122],[7.022082,51.243726],[7.02195,51.243326],[7.021516,51.243435],[7.021878,51.242706],[7.021445,51.242619],[7.014955,51.244599],[7.014077,51.245387],[7.014791,51.245825],[7.015335,51.246992],[7.015997,51.247665],[7.021173,51.249963],[7.024142,51.24899],[7.024615,51.248635],[7.026165,51.249537],[7.027173,51.249527],[7.027189,51.248727],[7.029241,51.246951],[7.029558,51.246863],[7.032537,51.247424],[7.033928,51.247496],[7.034259,51.247237],[7.034728,51.247199],[7.033505,51.248705],[7.03344,51.249067],[7.035744,51.249334],[7.036375,51.249053],[7.038653,51.250377],[7.03895,51.251028],[7.040649,51.252921],[7.040935,51.254051],[7.040905,51.254714],[7.041415,51.254686],[7.041737,51.254947],[7.042762,51.2551],[7.04447,51.25592],[7.046001,51.256355],[7.051523,51.256007],[7.053794,51.256989],[7.054319,51.256187],[7.055315,51.256297],[7.055885,51.255608],[7.056969,51.255946],[7.057128,51.256526],[7.057804,51.256735],[7.058965,51.256388],[7.059551,51.256836],[7.059828,51.257682],[7.060077,51.257836],[7.061651,51.257596],[7.06229,51.258098],[7.062873,51.260243],[7.063249,51.260273],[7.064418,51.262211],[7.065278,51.262769],[7.065697,51.263286],[7.06836,51.264838],[7.069268,51.265701],[7.07192,51.267354],[7.072039,51.267262],[7.072913,51.267706],[7.072841,51.268353],[7.07323,51.269122],[7.074169,51.270242],[7.075264,51.272707],[7.076905,51.274996],[7.077908,51.277018],[7.078732,51.278025],[7.07889,51.278802],[7.080867,51.280574],[7.0838,51.28138],[7.084227,51.280869],[7.08471,51.281022],[7.085145,51.280717],[7.08674,51.281438],[7.0872,51.280996],[7.089213,51.281672],[7.091124,51.28096],[7.092045,51.281707],[7.094713,51.282131],[7.095571,51.282565],[7.097706,51.282602],[7.09733,51.282944],[7.095805,51.28345],[7.095424,51.28459],[7.097154,51.284502],[7.097454,51.284897],[7.098019,51.285085],[7.098116,51.285552],[7.09773,51.285833],[7.096101,51.286063],[7.095652,51.286743],[7.095256,51.288117],[7.096897,51.288783],[7.096743,51.288941],[7.097755,51.289385],[7.098988,51.289728],[7.098507,51.291305],[7.098018,51.29117],[7.096469,51.291728],[7.095668,51.292569],[7.096432,51.294168],[7.095937,51.294349],[7.094345,51.294171],[7.093709,51.294698],[7.093523,51.295187],[7.091794,51.294664],[7.092475,51.294059],[7.092432,51.293304],[7.088795,51.292952],[7.089222,51.293909],[7.088906,51.293978],[7.086716,51.293738],[7.085833,51.29312],[7.084164,51.293983],[7.080615,51.296648],[7.079505,51.297094],[7.077951,51.297369],[7.07524,51.296285],[7.073281,51.294651],[7.073009,51.294031],[7.072561,51.293746],[7.072662,51.293466],[7.071824,51.293242],[7.071403,51.293399],[7.071338,51.293678],[7.069719,51.29477],[7.066672,51.296099],[7.066089,51.297011],[7.064993,51.297985],[7.064297,51.298902],[7.063816,51.300505],[7.06349,51.300696],[7.062561,51.300854],[7.062061,51.300594],[7.057214,51.301494],[7.053832,51.30259],[7.053105,51.303188],[7.052537,51.303358],[7.050202,51.303651],[7.047577,51.30441],[7.046237,51.304317],[7.044841,51.304775],[7.043232,51.306434],[7.042193,51.308411],[7.043217,51.310268],[7.042866,51.310563],[7.043607,51.311347],[7.043308,51.312077],[7.043801,51.312373],[7.044087,51.313713],[7.044248,51.313686],[7.044949,51.314456],[7.045799,51.314805],[7.04562,51.315104],[7.046532,51.315135],[7.047501,51.315796],[7.048349,51.316118],[7.049546,51.317035],[7.051944,51.318104],[7.052419,51.31854],[7.053048,51.318692],[7.053536,51.319336],[7.052906,51.319308],[7.053378,51.32013],[7.053612,51.320106],[7.053456,51.320908],[7.05322,51.321064],[7.053628,51.321365],[7.053158,51.321316],[7.053196,51.322033],[7.052927,51.323119],[7.051798,51.323907],[7.051448,51.324819],[7.050781,51.324817],[7.05067,51.325051],[7.050304,51.325054],[7.049962,51.324525],[7.050321,51.32442],[7.050051,51.323598],[7.050963,51.323251],[7.051713,51.32231],[7.051688,51.322127],[7.051284,51.322164],[7.05006,51.319781],[7.048397,51.318732],[7.048247,51.319126],[7.049043,51.320343],[7.048076,51.320724],[7.047367,51.320092],[7.046831,51.320319],[7.046572,51.319477],[7.045348,51.318184],[7.044489,51.317638],[7.042893,51.317083],[7.042548,51.317244],[7.043682,51.320651],[7.042394,51.320818],[7.043182,51.322046],[7.0423,51.322374],[7.042745,51.322701],[7.042581,51.32281],[7.041185,51.322483],[7.041003,51.322758],[7.039779,51.323266],[7.039517,51.323582],[7.036386,51.322097],[7.036098,51.321769],[7.034333,51.322034],[7.022315,51.320318],[7.022043,51.321007],[7.019899,51.320634],[7.019681,51.320967],[7.01904,51.320526],[7.01839,51.319685],[7.017735,51.319806],[7.018051,51.317563],[7.016768,51.317058],[7.016564,51.316752],[7.015738,51.316566],[7.014089,51.315625],[7.013804,51.31529],[7.013256,51.31563],[7.013106,51.315474],[7.01026,51.315388],[7.007942,51.315175],[7.008008,51.315001],[7.006129,51.314942],[7.005735,51.315348],[7.005518,51.315972],[7.005621,51.316272],[7.003884,51.317697],[7.002374,51.318438],[7.001122,51.318229],[7.000491,51.31686],[6.999316,51.317883],[7.000384,51.319899],[7.002331,51.321059],[7.003853,51.324668],[7.005124,51.324448],[7.005537,51.325457],[7.006531,51.325375],[7.006806,51.326572],[7.007818,51.327028],[7.007453,51.325009],[7.009284,51.325033],[7.010364,51.325326],[7.010768,51.325021],[7.0116,51.325524],[7.011532,51.327714],[7.012468,51.327841],[7.012561,51.327996],[7.012344,51.329783],[7.010408,51.329594],[7.00859,51.329922],[7.008702,51.331007],[7.008203,51.331164],[7.010691,51.330993],[7.011383,51.330782],[7.012173,51.331642],[7.010911,51.332003],[7.011235,51.332491],[7.009827,51.332942],[7.008531,51.332315],[7.005767,51.334103],[7.003795,51.335136],[7.00418,51.336004],[7.005471,51.33596],[7.005618,51.336154],[7.006979,51.336475],[7.00819,51.336319],[7.009929,51.336667],[7.010398,51.336488],[7.010666,51.337691],[7.009136,51.337694],[7.007477,51.340327],[7.006582,51.341122],[7.006868,51.342267],[7.005648,51.342782],[7.006028,51.343057],[7.005277,51.343671],[7.006594,51.344824],[7.006956,51.345583],[7.008634,51.345327],[7.009561,51.346008],[7.007395,51.346706],[7.00736,51.347091],[7.008056,51.348492],[7.006861,51.348599],[7.006906,51.348112],[7.005242,51.347513],[7.00439,51.348448],[7.004442,51.348673],[7.001895,51.34797],[7.001274,51.348575],[7.002176,51.34888],[7.001925,51.349983],[7.00234,51.350245],[7.00215,51.350508],[7.002459,51.35065],[7.002612,51.351161],[7.003212,51.351503],[7.002253,51.353012],[7.003577,51.35301],[7.004779,51.352705],[7.005515,51.353464],[7.004179,51.354102],[7.003883,51.354601],[7.006183,51.355134],[7.008105,51.35412],[7.009142,51.354277],[7.008701,51.355056],[7.008067,51.355293],[7.006374,51.356488],[7.005272,51.356194],[7.004374,51.356434],[7.003899,51.356366],[7.003479,51.357665],[7.003527007956974,51.35751651824736],[7.004366,51.3575439],[7.004895,51.357277],[7.0076195,51.357464],[7.0079035,51.3576859],[7.0070866,51.3593338],[7.0107201,51.3605506],[7.0095083,51.3611375],[7.011259,51.3624194],[7.0151353,51.3637797],[7.0159933,51.3638732],[7.0173271,51.3646472],[7.0181834,51.3648111],[7.0185679,51.3645292],[7.0211205,51.3653151],[7.0214265,51.3647082],[7.0233172,51.3652461],[7.0242061,51.3644532],[7.0237923,51.3641948],[7.0265727,51.3635063],[7.0292053,51.3623734],[7.0305311,51.3626404],[7.0326338,51.3635603],[7.0333347,51.3632743],[7.0340716,51.3625034],[7.0356074,51.3619085],[7.0359053,51.3615875],[7.0359733,51.3619655],[7.0362912,51.362205],[7.0376711,51.3625984],[7.0396488,51.3648532],[7.0421314,51.3668639],[7.0423903,51.3670509],[7.0433132,51.3670349],[7.0432722,51.3674929],[7.0438431,51.3682748],[7.0441011,51.3683708],[7.0440835,51.3691909],[7.0450172,51.3707492],[7.0465636,51.3718372],[7.0488407,51.3718706],[7.0498049,51.3716751],[7.0519721,51.3728274],[7.0523924,51.3725136],[7.0534984,51.3726115],[7.0599107,51.375467],[7.0640693,51.3810096],[7.0640447,51.382421],[7.0670395,51.3838015],[7.0669733,51.3869524],[7.0691102,51.3868021],[7.0713023,51.3869834],[7.0726449,51.3873555],[7.0739823,51.3883354],[7.074563,51.3923092],[7.0771286,51.3957405],[7.0808486,51.3994293],[7.0819293,51.4010555],[7.0822591,51.4031574],[7.0812447,51.4073565],[7.080532,51.4093159],[7.0794529,51.4103126],[7.0770666,51.4118679],[7.0750292,51.4135994],[7.0731412,51.4165881],[7.0713332,51.4188709],[7.0683451,51.4203509],[7.0576236,51.4247145],[7.0566402,51.4260321],[7.0564331,51.4271],[7.0580889,51.4326646],[7.0600869,51.43609],[7.0623346,51.4380361],[7.0670799,51.4387367],[7.0680531,51.4396677],[7.0627581,51.440293],[7.0600177,51.4389521],[7.0593996,51.4396401],[7.0594324,51.4405709],[7.0582589,51.4414666],[7.057339,51.4411493],[7.0570908,51.4413357],[7.0567575,51.4411017],[7.0551138,51.4413786],[7.0549016,51.4423403],[7.0539573,51.4422514],[7.0538395,51.4428387],[7.052812,51.442868],[7.0525557,51.4421205],[7.0511078,51.4409753],[7.0489327,51.4414605],[7.0490824,51.44167],[7.0480548,51.441904],[7.0446799,51.4434571],[7.0417227,51.444222],[7.0385752,51.4445352],[7.0370412,51.4444121],[7.0365417,51.4434684],[7.0347154,51.4423495],[7.0341535,51.442797],[7.030294,51.4391421],[7.029139867886446,51.43752746793789],[7.0272498,51.4381036],[7.0267581,51.4386144],[7.0235582,51.4395193],[7.0179164,51.4423302],[7.0162101,51.4412389],[7.0153784,51.4411539],[7.0150952,51.4413553],[7.0129871,51.4411609],[7.011292,51.4413648],[7.0056594,51.4401651],[7.0055302,51.4404642],[7.0048347,51.4405132],[7.004927,51.4406548],[7.0043294,51.4408696],[7.0004627,51.4417645],[7.0007607,51.4416975],[7.0011819,51.442378],[7.000976,51.4427947],[7.0013031,51.4431375],[7.0012087,51.4434864],[7.002004,51.4442124],[7.0010817,51.4453796],[7.0002836,51.4451054],[7.0013835,51.4468746],[7.0008166,51.4468359],[7.000835,51.4471805],[7.0021351,51.4472662],[7.0025469,51.4475632],[7.0013765,51.4487198],[6.9999162,51.4490359],[6.9999667,51.4492057],[6.9979754,51.4495862],[6.9981034,51.450002],[6.9978552,51.4500617],[6.9979897,51.4506116],[6.9991553,51.4505471],[6.9992587,51.4508847],[6.9931199,51.4518709],[6.9885478,51.4530025],[6.9878241,51.4524076],[6.9830109,51.4507459],[6.9828993,51.4485658],[6.983328,51.4468],[6.9819473,51.4466891],[6.981795,51.4461899],[6.9814171,51.4458137],[6.9779904,51.443859],[6.9783909,51.4436076],[6.9777035,51.4435204],[6.9757546,51.4423531],[6.975859,51.4422793],[6.974408,51.4415893],[6.9738744,51.4400968],[6.974443,51.4392332],[6.974073,51.4385189],[6.9730758,51.4375045],[6.9735385,51.4373404],[6.9732633,51.4368331],[6.975595071655927,51.436209738222836],[6.9722653,51.4370405],[6.9615013,51.4383085],[6.9599901,51.4387052],[6.9595089,51.4390222],[6.9590291,51.4383665],[6.9593644,51.4374582],[6.9567303,51.4369788],[6.9574217,51.4359532],[6.9578681,51.4346472],[6.9578233,51.4332618],[6.9558095,51.4330804],[6.9556338,51.4326285],[6.9511874,51.4318485],[6.9524036,51.4308036],[6.9546675,51.4293634],[6.9539637,51.4260326],[6.9543789,51.4253298],[6.9540686,51.4252659],[6.9543582,51.4233544],[6.9554425,51.4238971],[6.9543609,51.423343],[6.9514633,51.4221872],[6.9484105,51.4198488],[6.9471479,51.4181538],[6.944153651545929,51.41511410200163],[6.925,51.417],[6.9135,51.4105],[6.9135,51.4015],[6.9255,51.393],[6.944775940206102,51.393593105852496],[6.9456017,51.3927211],[6.9432565,51.3893212],[6.9436553,51.3893096],[6.9429324,51.3892178],[6.9404541,51.3880705],[6.9375593,51.387506],[6.9340143,51.3872591],[6.9333039,51.3877095],[6.9307231,51.3864275],[6.9275055,51.3853668],[6.9290182,51.383381],[6.9267635,51.3821026],[6.9261809,51.382872],[6.9221545,51.3819766],[6.9196872,51.3818152],[6.9198387,51.3816503],[6.9193766,51.3811652],[6.9178314,51.3807727],[6.9154554,51.3793698],[6.9149897,51.3796951],[6.9135261,51.3789899],[6.912404,51.3799145],[6.9109271,51.3791517],[6.9109875,51.3785946],[6.9098105,51.3779288],[6.9124637,51.3763435],[6.9163369,51.3746676],[6.9151328,51.373737],[6.9147799,51.3727703],[6.9136509,51.3716174],[6.9120371,51.3725463],[6.9092158,51.3705921],[6.9089093,51.3707114],[6.9062795,51.3687938],[6.9072506,51.3682524],[6.9050932,51.3676016],[6.9073821,51.3656845],[6.9133035,51.3620655],[6.9129891,51.3617192],[6.9150693,51.3613736],[6.9189879,51.3599905],[6.9228091,51.358302],[6.9249531,51.3577044],[6.924164,51.3566786],[6.9235065,51.3563355],[6.9227376,51.3555373],[6.9223861,51.3558454],[6.9209098,51.3552763],[6.9221834,51.3549252],[6.9215422,51.3540642],[6.9219108,51.3538625],[6.9224823,51.3538821],[6.9227948,51.3541935],[6.9258883,51.3534693],[6.9267226,51.353668],[6.9270248,51.3529554],[6.9286869,51.3530346],[6.9286607,51.3527099],[6.9290285,51.352438],[6.9286207562288915,51.35208685890876],[6.927073,51.351597],[6.926765496233888,51.35136737056427],[6.928637,51.352092],[6.928618333495226,51.352084772497136],[6.9285898,51.3520602],[6.9242263,51.3503806],[6.925981,51.3484867],[6.9288099,51.3496567],[6.929270468952275,51.348132702735214],[6.930566656927851,51.34926016279328],[6.930702576580655,51.34942363987004],[6.931315,51.350349],[6.930632,51.349317],[6.928312,51.347299],[6.924974,51.346175],[6.92451,51.345971],[6.924184,51.345502],[6.922534,51.345219],[6.921979,51.344865],[6.919961,51.344322],[6.921694,51.343547],[6.918019,51.341397],[6.919614,51.340432],[6.918232,51.339479],[6.922436,51.337172],[6.921067,51.336584],[6.922005,51.335996],[6.92117,51.335009],[6.921956,51.334548],[6.922492,51.3337],[6.923984,51.333306],[6.922603,51.33207],[6.92643,51.332343],[6.926353,51.331515],[6.926571,51.331183],[6.928524,51.331042],[6.928675,51.33128],[6.92998,51.33106],[6.930854,51.33081],[6.93183,51.330189],[6.931965,51.326144],[6.932918,51.324342],[6.93472,51.323045],[6.936818,51.324218],[6.937948,51.325126],[6.940118,51.324582],[6.939873,51.323927],[6.940162,51.323885],[6.94039,51.322606],[6.939693,51.322691],[6.939481,51.320255],[6.942202,51.319414],[6.942455,51.31895],[6.940665,51.318702],[6.937981,51.316923],[6.936537,51.31639],[6.936095,51.315948],[6.93642,51.315232],[6.936932,51.315319],[6.938078,51.314953],[6.938648,51.3145],[6.93805,51.313937],[6.93835,51.31353],[6.938331,51.313033],[6.937751,51.31291],[6.937329,51.312282],[6.936298,51.311888],[6.933554,51.312585],[6.931338,51.312034],[6.931863,51.309143],[6.93059,51.308852],[6.931598,51.307779],[6.932814,51.307126],[6.931845,51.306398],[6.934698,51.304812],[6.933608,51.304425],[6.933243,51.303984],[6.935711,51.304046],[6.938319,51.304673],[6.940632,51.304088],[6.939823,51.30248],[6.94019,51.302342],[6.939533,51.30215],[6.940271,51.300546],[6.941724,51.301233],[6.943526,51.300297],[6.943222,51.299965],[6.948086,51.300913],[6.948955,51.300294],[6.950393,51.299649],[6.948872,51.297831],[6.948076,51.296259],[6.95106,51.29543],[6.952301,51.297755],[6.955323,51.297451],[6.956925,51.297081],[6.959625,51.298506],[6.962272,51.297429],[6.963083,51.29955],[6.965175,51.300132],[6.96618,51.299678],[6.967189,51.298806],[6.972589,51.2992],[6.972997,51.300326],[6.971743,51.300258],[6.971333,51.30135],[6.973179,51.301945],[6.973598,51.300685],[6.973408,51.300344],[6.978387,51.30163],[6.978381,51.301095],[6.980587,51.301091],[6.980611,51.300704],[6.981837,51.300128],[6.982273,51.299549],[6.982584,51.297861],[6.982367,51.296913],[6.981675,51.295844],[6.980504,51.29491],[6.975704,51.293906],[6.969036,51.292892],[6.968482,51.293099],[6.966791,51.292279],[6.964828,51.292029],[6.964304,51.29148],[6.964418,51.291408],[6.96244,51.290485],[6.962332,51.290178],[6.961308,51.289385],[6.961233,51.289256],[6.962499,51.287859],[6.96192,51.287233],[6.960142,51.287286],[6.960478,51.286814],[6.958143,51.285757],[6.957914,51.285878],[6.957543,51.285286],[6.957968,51.28531],[6.958117,51.285041],[6.957478,51.284408],[6.955696,51.284363],[6.95452,51.284643],[6.954394,51.284933],[6.952733,51.285033],[6.952869,51.284623],[6.95166,51.284382],[6.951098,51.284066],[6.949805,51.283117],[6.94942,51.28231],[6.946098,51.281688],[6.943185,51.282461],[6.941666,51.283446],[6.940299,51.283304],[6.940561,51.282346],[6.941446,51.281651],[6.941201,51.281462],[6.94095,51.281285],[6.939874,51.28187],[6.937711,51.280061],[6.936137,51.280439],[6.935771,51.279865],[6.935577,51.279331],[6.935944,51.275345],[6.935066,51.274866]],[[7.098590157637812,51.29732041757867],[7.098529,51.29727],[7.095937,51.294349],[7.098590157637812,51.29732041757867]],[[7.058071225210943,51.21058883707124],[7.057709838385502,51.21018775245057],[7.057783,51.21017],[7.058071225210943,51.21058883707124]],[[7.058617,51.211951],[7.058211582850605,51.21079279904434],[7.058242,51.210837],[7.058617,51.211951]],[[7.090951,51.220326],[7.086417,51.219781],[7.091361020114855,51.22031639765539],[7.090951,51.220326]],[[7.092232,51.220296],[7.092083446059764,51.22029947901499],[7.0923645272231495,51.22021232815148],[7.092232,51.220296]],[[7.092704,51.219998],[7.0926087547612955,51.22005813364647],[7.092954,51.219214],[7.092704,51.219998]],[[7.096093,51.217261],[7.095135029937257,51.21759249415411],[7.095156,51.217581],[7.096093,51.217261]],[[7.102231,51.216241],[7.101195,51.216458],[7.102244072347698,51.216229604175226],[7.102231,51.216241]],[[7.102892865783166,51.215225878894685],[7.102808,51.215738],[7.102869,51.215243],[7.102892865783166,51.215225878894685]],[[7.136295,51.167478],[7.135934,51.165687],[7.136322729035709,51.16751412438446],[7.136295,51.167478]],[[7.137091,51.168515],[7.136452897398668,51.16768370301811],[7.137709776190611,51.16903137617039],[7.137091,51.168515]],[[7.137798,51.169105],[7.137761932648114,51.16907490136123],[7.139969,51.169996],[7.137798,51.169105]],[[7.142141,51.171236],[7.142152062490609,51.171245709940614],[7.139969,51.169996],[7.142141,51.171236]],[[7.144046,51.173012],[7.142381413125072,51.17144701913214],[7.144163316493758,51.17301105895861],[7.144046,51.173012]],[[7.144794,51.173006],[7.144488643827914,51.17300844938106],[7.144933921923302,51.17287693701335],[7.144794,51.173006]],[[7.147251,51.171315],[7.146071190042272,51.171846881538315],[7.146077,51.171841],[7.147251,51.171315]],[[7.145245,51.185609],[7.145504,51.18507],[7.145269316210792,51.18563515688013],[7.145245,51.185609]],[[7.145939821716848,51.18635641778307],[7.145610507931035,51.18600217586207],[7.145937,51.18632],[7.145939821716848,51.18635641778307]],[[7.145949742073101,51.186747153902914],[7.1459630729464,51.18665650396448],[7.145969,51.186733],[7.145949742073101,51.186747153902914]],[[7.142129,51.188888],[7.143843,51.187956],[7.142089322993464,51.18892526598632],[7.142129,51.188888]],[[7.141372,51.189599],[7.141825523099858,51.1891730357675],[7.141373398155149,51.189628300468776],[7.141372,51.189599]],[[7.141395,51.190081],[7.14138805909386,51.18993554274958],[7.141424357976627,51.19010031120762],[7.141395,51.190081]],[[7.162699,51.208526],[7.162931,51.207919],[7.162706021689758,51.20853121973805],[7.162699,51.208526]],[[7.174881330059797,51.213691546937504],[7.171286,51.213393],[7.174864,51.213683],[7.174881330059797,51.213691546937504]],[[7.242126,51.222706],[7.24179354707483,51.222905426198004],[7.241952,51.222763],[7.242126,51.222706]],[[7.249302,51.222703],[7.247335,51.222694],[7.251733,51.222482],[7.249302,51.222703]],[[7.253328,51.221677],[7.252965,51.221545],[7.252853,51.221916],[7.252877,51.221509],[7.253328,51.221677]],[[7.260741,51.218194],[7.260680537801279,51.21819199766703],[7.260899,51.217591],[7.260741,51.218194]],[[6.534309,51.479651],[6.536526821616776,51.47967662816091],[6.536522,51.479681],[6.534309,51.479651]],[[6.545541,51.475969],[6.547866182819344,51.47489028682961],[6.547829,51.474936],[6.545541,51.475969]],[[6.550804248671574,51.47246714137776],[6.549214302026433,51.473325495261356],[6.54926,51.473271],[6.550804248671574,51.47246714137776]],[[6.563987498334579,51.47359889574935],[6.565387,51.473778],[6.565512289376322,51.47387773145477],[6.563987498334579,51.47359889574935]],[[6.565740672679147,51.474059526589386],[6.565838,51.474137],[6.565902550310037,51.47432606068584],[6.565740672679147,51.474059526589386]],[[6.56779182921045,51.477436788473874],[6.569184,51.478924],[6.567812,51.47747],[6.56779182921045,51.477436788473874]],[[6.571384893682276,51.47989605359493],[6.571218,51.479871],[6.569184,51.478924],[6.571384893682276,51.47989605359493]],[[6.575264410768732,51.4804784354339],[6.575957180489903,51.480468573943206],[6.575488,51.480512],[6.575264410768732,51.4804784354339]],[[6.577417797169031,51.48002190160752],[6.577576,51.479995],[6.577897210276424,51.47999536772785],[6.577417797169031,51.48002190160752]],[[6.57950795108502,51.47999721173564],[6.581038621140042,51.47999896407686],[6.580213,51.480086],[6.57950795108502,51.47999721173564]],[[6.581578887563496,51.48014409311616],[6.581789,51.480204],[6.581803727050445,51.480249880426385],[6.581578887563496,51.48014409311616]],[[6.57173424743522,51.48636939369855],[6.571623505372711,51.48655875417185],[6.571656,51.486427],[6.57173424743522,51.48636939369855]],[[6.571511752870728,51.487011870873886],[6.571495,51.488994],[6.571473,51.487169],[6.571511752870728,51.487011870873886]],[[6.577198687289238,51.49948058118478],[6.577514903450529,51.49963972265157],[6.577294,51.49957],[6.577198687289238,51.49948058118478]],[[6.581183493443685,51.49989884226858],[6.581362,51.499912],[6.581349766285408,51.50006024383564],[6.581183493443685,51.49989884226858]],[[6.581544882672361,51.500249643922196],[6.582048,51.500581],[6.582117,51.500805],[6.581544882672361,51.500249643922196]],[[6.589800600625072,51.52223418656718],[6.589805,51.522236],[6.587754,51.524239],[6.589800600625072,51.52223418656718]],[[6.605958,51.522895],[6.607934,51.520297],[6.608107504024799,51.52012157260495],[6.605958,51.522895]],[[6.609040622946455,51.51917810963982],[6.614429,51.51373],[6.61574,51.512507],[6.609040622946455,51.51917810963982]],[[6.686041,51.529628],[6.68374640835214,51.53095247516516],[6.684012,51.530781],[6.686041,51.529628]],[[6.68206790511483,51.53203617498089],[6.681091327067671,51.53270322744361],[6.681286,51.532541],[6.68206790511483,51.53203617498089]],[[6.680034707818909,51.53358374348424],[6.678874372977603,51.53461929292412],[6.67906,51.534396],[6.680034707818909,51.53358374348424]],[[6.678546297680509,51.53501393854992],[6.677625635874656,51.53632474219034],[6.677961,51.535718],[6.678546297680509,51.53501393854992]],[[6.677091104230964,51.53729181909508],[6.676736870235641,51.53834950360236],[6.676918,51.537605],[6.677091104230964,51.53729181909508]],[[6.676417074700815,51.53966396966232],[6.67635034888689,51.540103333483245],[6.676347,51.539952],[6.676417074700815,51.53966396966232]],[[6.676368733191155,51.54093410528679],[6.67643760211538,51.54188329872068],[6.676384,51.541624],[6.676368733191155,51.54093410528679]],[[6.676640610593554,51.542865346505614],[6.677135027977165,51.54470861721868],[6.676827,51.543767],[6.676640610593554,51.542865346505614]],[[6.677426196107406,51.54559869521578],[6.678239054732043,51.54759213422382],[6.6776,51.54613],[6.677426196107406,51.54559869521578]],[[6.678489,51.548164],[6.678452225669436,51.54807986165538],[6.68028365736429,51.551151909937296],[6.678489,51.548164]],[[6.684570243426754,51.556573915920254],[6.684633,51.556653],[6.685945,51.558752],[6.684570243426754,51.556573915920254]],[[6.775963,51.534528],[6.775931928998704,51.53453242710999],[6.775973,51.534065],[6.775963,51.534528]],[[6.784559,51.538104],[6.78395946006787,51.538152962427795],[6.783968,51.53811],[6.784559,51.538104]],[[6.782656,51.545574],[6.7830182861268025,51.54662700841401],[6.782856,51.546301],[6.782656,51.545574]],[[6.783079487171459,51.54674995210549],[6.787259,51.550544],[6.783082,51.546755],[6.783079487171459,51.54674995210549]],[[6.911811,51.210765],[6.910926,51.208951],[6.911041873327846,51.208926233181835],[6.911811,51.210765]],[[6.9110226910584815,51.208880373739326],[6.910211930572091,51.20787306525623],[6.910992,51.208807],[6.9110226910584815,51.208880373739326]],[[6.90879435917257,51.20617588403824],[6.908364874072264,51.20576924670003],[6.908741,51.206112],[6.90879435917257,51.20617588403824]],[[6.905842375578641,51.20338094016194],[6.905759,51.203302],[6.905628071742316,51.20305642292408],[6.905842375578641,51.20338094016194]],[[6.9054012203364135,51.202630926504014],[6.905381,51.202593],[6.905139,51.201512],[6.9054012203364135,51.202630926504014]],[[6.9188855438999,51.1928982262218],[6.919095,51.192813],[6.91945237266838,51.192813823818966],[6.9188855438999,51.1928982262218]],[[6.920925827214536,51.192817220440794],[6.921264,51.192818],[6.927361974841517,51.19323129912719],[6.920925827214536,51.192817220440794]],[[6.898253,51.158751],[6.8980007949762845,51.158446365258094],[6.89805,51.158453],[6.898253,51.158751]],[[6.897821880887761,51.15842224071326],[6.897291,51.158451],[6.8967302523762894,51.15827504693332],[6.897821880887761,51.15842224071326]],[[6.8965544723927845,51.15825134498716],[6.89399,51.158926],[6.8965,51.158244],[6.8965544723927845,51.15825134498716]],[[6.893647709373428,51.15920623411984],[6.893614,51.159319],[6.893483433855842,51.1593407268623],[6.893647709373428,51.15920623411984]],[[6.893418017007919,51.15935161255442],[6.892977,51.159425],[6.892472936519518,51.15928489289839],[6.893418017007919,51.15935161255442]],[[6.892245464201799,51.1592688340812],[6.891345,51.159421],[6.892092,51.159258],[6.892245464201799,51.1592688340812]],[[6.8953601506274715,51.15413729282155],[6.895681,51.153913],[6.896558786081276,51.15343937441658],[6.8953601506274715,51.15413729282155]],[[6.899510603646283,51.15184666709733],[6.899712,51.151738],[6.899843631721228,51.151720382851316],[6.899510603646283,51.15184666709733]],[[6.897832,51.064725],[6.897626135629215,51.06480749864155],[6.957903,51.035424],[6.897832,51.064725]],[[6.893891902718404,51.066303965180154],[6.891369,51.067315],[6.8909822811167,51.06742126714813],[6.893891902718404,51.066303965180154]],[[6.887786971464697,51.06829931179182],[6.883927,51.06936],[6.883120296389531,51.069516705289686],[6.887786971464697,51.06829931179182]],[[6.865590064206258,51.072371205042835],[6.863402001997717,51.07279822375837],[6.864706,51.0725],[6.865590064206258,51.072371205042835]],[[6.862476,51.07301],[6.862732828786379,51.07295126337172],[6.85935111499312,51.074208082360165],[6.862476,51.07301]],[[6.85836,51.074695],[6.858750925285681,51.074502945174096],[6.856462963028252,51.07597536234647],[6.85836,51.074695]],[[6.855294505842482,51.077196998995824],[6.8541555043530495,51.07844513558073],[6.854207,51.078334],[6.855294505842482,51.077196998995824]],[[6.853888686111168,51.07902097066618],[6.853553699660697,51.0798170935279],[6.8536,51.079644],[6.853888686111168,51.07902097066618]],[[6.853291969247766,51.08079557103398],[6.853109949490517,51.081576924138275],[6.853122,51.081431],[6.853291969247766,51.08079557103398]],[[6.791267,51.067413],[6.790072,51.067829],[6.789561652407958,51.067934676438774],[6.791267,51.067413]],[[6.773854,51.064115],[6.773862643578571,51.06420053541295],[6.77256,51.061616],[6.773854,51.064115]],[[6.772976365681375,51.05993968414062],[6.772982,51.059917],[6.773868,51.059193],[6.772976365681375,51.05993968414062]],[[6.776569349261859,51.05647070040613],[6.776622,51.05643],[6.777243,51.056166],[6.776569349261859,51.05647070040613]],[[6.788322886836926,51.04983112414116],[6.789484,51.048583],[6.78834,51.049821],[6.788322886836926,51.04983112414116]],[[6.805127,50.93868],[6.805211,50.94009],[6.805049,50.939438],[6.805127,50.93868]],[[6.826992,50.928904],[6.833284489962102,50.928112281781225],[6.833049,50.928152],[6.826992,50.928904]],[[6.833572131715604,50.928063767534624],[6.840611,50.92668],[6.83781,50.927349],[6.833572131715604,50.928063767534624]],[[6.842235,50.925812],[6.841619,50.926244],[6.840611,50.92668],[6.842235,50.925812]],[[6.842694215056542,50.925049075144535],[6.84264,50.925242],[6.842235,50.925812],[6.842694215056542,50.925049075144535]],[[6.84295606637418,50.924117274445074],[6.842996303743834,50.92383331357923],[6.843016,50.923904],[6.84295606637418,50.924117274445074]],[[6.920617,50.852928],[6.9186273526574285,50.85018851929748],[6.91862735265743,50.85018851929748],[6.920617,50.852928]],[[6.931949521448123,50.837469670857146],[6.928867,50.837495],[6.931256,50.837364],[6.931949521448123,50.837469670857146]],[[6.581064679256347,51.479996217063615],[6.579225,51.479034],[6.579266552600424,51.47897279922426],[6.581064679256347,51.479996217063615]],[[6.854560042281754,51.08631873749431],[6.854049,51.085692],[6.853223,51.084131],[6.854560042281754,51.08631873749431]],[[6.410868,51.21873],[6.417343,51.220028],[6.410813612046315,51.218728357575316],[6.410868,51.21873]],[[6.457819,51.247879],[6.472016,51.239228],[6.461273,51.245846],[6.433981,51.261979],[6.457819,51.247879]],[[6.562096,51.219744],[6.562822,51.21681],[6.569325,51.217923],[6.569607,51.211453],[6.570344,51.209861],[6.569934,51.209864],[6.570538,51.208862],[6.569683,51.208719],[6.570327,51.207563],[6.5694,51.207471],[6.570341,51.205823],[6.569032,51.205682],[6.573347,51.203099],[6.571872,51.202056],[6.572427,51.200328],[6.577081,51.200474],[6.5773,51.200237],[6.577372,51.199456],[6.578924,51.196484],[6.586597,51.196703],[6.587558,51.193798],[6.582749,51.192721],[6.582881,51.192509],[6.578399,51.191324],[6.579504,51.189478],[6.579791,51.189549],[6.582618,51.186829],[6.585875,51.18918],[6.586533,51.18822],[6.590518,51.184699],[6.591833,51.183896],[6.595429,51.18248],[6.597227,51.181367],[6.597014,51.181197],[6.600637,51.178554],[6.619707,51.181449],[6.621428,51.180411],[6.628643,51.181702],[6.632394,51.182713],[6.635693,51.183738],[6.639452,51.185299],[6.636442,51.185984],[6.634747,51.184504],[6.631041,51.18692],[6.629146,51.189756],[6.628854,51.190748],[6.631965,51.19181],[6.63195,51.192672],[6.634174,51.193205],[6.634432,51.193865],[6.633193,51.194962],[6.633592,51.197394],[6.632593,51.197313],[6.632579,51.197582],[6.632693,51.198057],[6.634422,51.198104],[6.634133,51.204355],[6.63453,51.204371],[6.634391,51.207292],[6.633992,51.207338],[6.640772,51.207524],[6.640626,51.209669],[6.645078,51.209799],[6.644446,51.210976],[6.644482,51.211392],[6.642609,51.211919],[6.644455,51.214397],[6.643143,51.216131],[6.645352,51.215978],[6.644826,51.216844],[6.644914,51.217536],[6.64432,51.21804],[6.64282,51.218126],[6.642392,51.218403],[6.640392,51.221974],[6.639279,51.225404],[6.638952,51.228027],[6.639185,51.230304],[6.63989,51.231145],[6.640966,51.231598],[6.642354,51.231696],[6.647768,51.231089],[6.653534,51.230732],[6.659315,51.230829],[6.666308,51.231645],[6.682276,51.234897],[6.675833,51.233596],[6.67551,51.234086],[6.673206,51.234949],[6.667609,51.235954],[6.662968,51.238312],[6.662309,51.238922],[6.660719,51.241429],[6.660664,51.242218],[6.659622,51.243774],[6.658761,51.244546],[6.656462,51.245777],[6.6552,51.246791],[6.65494,51.247517],[6.655807,51.248484],[6.654426,51.249858],[6.650276,51.253056],[6.649804,51.254744],[6.649897,51.256543],[6.650851,51.258663],[6.651729,51.259628],[6.652955,51.260563],[6.650952,51.260839],[6.647258,51.260912],[6.645499,51.26],[6.641148,51.258233],[6.636846,51.254921],[6.62596,51.250348],[6.622788,51.249708],[6.618846,51.249297],[6.619449,51.247502],[6.605261,51.247665],[6.60519,51.245011],[6.601286,51.245048],[6.601202,51.242497],[6.596924,51.242536],[6.596905,51.241869],[6.58243,51.241729],[6.582622,51.240913],[6.578593,51.240659],[6.575255,51.240651],[6.567776,51.241063],[6.567198,51.239266],[6.566522,51.238172],[6.572052,51.237934],[6.572047,51.237266],[6.571801,51.237222],[6.571735,51.236659],[6.567434,51.23436],[6.566501,51.234484],[6.565731,51.234154],[6.565851,51.233734],[6.562317,51.22868],[6.555183,51.228968],[6.561508,51.228693],[6.55982,51.219595],[6.559312,51.21908],[6.562096,51.219744]],[[6.688796016623957,51.23547372400305],[6.688062,51.235467],[6.682276,51.234897],[6.688796016623957,51.23547372400305]],[[6.695304778285435,51.23544658611798],[6.694066,51.235522],[6.69242269652291,51.235506946420514],[6.695304778285435,51.23544658611798]],[[6.698972,51.235013],[6.697302,51.235325],[6.69587966551969,51.23541158834754],[6.698972,51.235013]],[[6.7296589128536,51.20992705762648],[6.731082229166774,51.20693849887204],[6.731005,51.207209],[6.7296589128536,51.20992705762648]],[[6.731468559860795,51.20522790043464],[6.731393,51.20585],[6.7312200493630225,51.20645577297848],[6.731468559860795,51.20522790043464]],[[6.731645575690897,51.198627942288255],[6.731649,51.198643],[6.731899,51.201684],[6.731645575690897,51.198627942288255]],[[6.73033,51.193082],[6.7303267908943285,51.19282885093334],[6.731621174809968,51.19852064431362],[6.73033,51.193082]],[[6.730304,51.191031],[6.730476966327496,51.190512549698006],[6.7303144661585526,51.19185661889197],[6.730304,51.191031]],[[6.734713,51.18478],[6.734867875000959,51.18469563927928],[6.733214,51.185969],[6.734713,51.18478]],[[6.737733,51.183135],[6.73858711825863,51.18285363161703],[6.737509097871217,51.18325695993439],[6.737733,51.183135]],[[6.741145,51.182011],[6.742987509519972,51.181659296996294],[6.740730255816345,51.182147627333656],[6.741145,51.182011]],[[6.745949,51.181094],[6.746809691312078,51.181050430040834],[6.7455347085066535,51.18117308103651],[6.745949,51.181094]],[[6.750611,51.180858],[6.751495659265681,51.180905252514194],[6.749832199682538,51.180897424469094],[6.750611,51.180858]],[[6.754449,51.181063],[6.754887026179426,51.1811231875627],[6.753623788072235,51.1810189227605],[6.754449,51.181063]],[[6.758852,51.181668],[6.7591342779914445,51.18172854832823],[6.757774417144028,51.18151993331187],[6.758852,51.181668]],[[6.765887,51.183177],[6.767962365752569,51.18371588940716],[6.760717691430857,51.18206818882291],[6.765887,51.183177]],[[6.774878159249138,51.18526431683068],[6.774712,51.185251],[6.774344294995462,51.185167370602194],[6.774878159249138,51.18526431683068]],[[6.780968650479445,51.1854865307047],[6.779678,51.185649],[6.779540716841444,51.18563799744319],[6.780968650479445,51.1854865307047]],[[6.783907466317804,51.18504562809084],[6.783364,51.185185],[6.783131152511606,51.185214311241076],[6.783907466317804,51.18504562809084]],[[6.787629655875623,51.184028807589065],[6.78724,51.184191],[6.7867025324942505,51.184328833514115],[6.787629655875623,51.184028807589065]],[[6.79051083355779,51.182807206198696],[6.790404,51.182874],[6.789872143027041,51.18309538294355],[6.79051083355779,51.182807206198696]],[[6.795162442348101,51.17912287913844],[6.795041,51.179287],[6.79500142561467,51.1793235938156],[6.795162442348101,51.17912287913844]],[[6.797101539719696,51.176186104185895],[6.796754,51.176972],[6.7965538962158485,51.17724242630491],[6.797101539719696,51.176186104185895]],[[6.797448907794253,51.17540059651503],[6.797958644212162,51.17370735178246],[6.797944,51.173823],[6.797448907794253,51.17540059651503]],[[6.79833968962965,51.17008897426237],[6.798372,51.170443],[6.798139688457123,51.17227760984795],[6.79833968962965,51.17008897426237]],[[6.797906959462269,51.16688914463492],[6.798116,51.167638],[6.7982438629595565,51.169038998443575],[6.797906959462269,51.16688914463492]],[[6.796865919560938,51.16382932151047],[6.797357,51.164919],[6.797571433569351,51.165687175065955],[6.796865919560938,51.16382932151047]],[[6.796529176402177,51.163082108330286],[6.794339799759853,51.15919731153898],[6.796375,51.16274],[6.796529176402177,51.163082108330286]],[[6.793613,51.157604],[6.793335715758912,51.156695098990035],[6.793957520610505,51.15835926808683],[6.793613,51.157604]],[[6.792994,51.155575],[6.792867400632874,51.15441792740586],[6.79310679823996,51.15594473768801],[6.792994,51.155575]],[[6.792772,51.153546],[6.792835642467138,51.15298373933266],[6.792786782397285,51.153681105784194],[6.792772,51.153546]],[[6.79302,51.151355],[6.793295895738334,51.150665129150006],[6.792996626967343,51.15156149320384],[6.79302,51.151355]],[[6.794069,51.148732],[6.79476630509883,51.1478686215091],[6.7939554812368685,51.14901585101592],[6.794069,51.148732]],[[6.795442,51.147032],[6.795922888888844,51.14667133333337],[6.79533330123657,51.147166586961276],[6.795442,51.147032]],[[6.797682,51.145352],[6.799883,51.144263],[6.797405231647017,51.14555957626474],[6.797682,51.145352]],[[6.804336,51.143014],[6.807814,51.142732],[6.804252119861737,51.14303752712614],[6.804336,51.143014]],[[6.811235,51.142982],[6.812180260298696,51.14325600878782],[6.811188566960689,51.14297860676416],[6.811235,51.142982]],[[6.815285,51.144156],[6.815719836432184,51.14438853653826],[6.8151591384965995,51.14411951570247],[6.815285,51.144156]],[[6.8197,51.146517],[6.819971242537714,51.14675338336247],[6.819232294935361,51.14626688637427],[6.8197,51.146517]],[[6.83643315557211,51.1606638706058],[6.835185,51.16012],[6.83502352468257,51.160024115048245],[6.83643315557211,51.1606638706058]],[[6.837783310258342,51.1612003033426],[6.837457,51.16111],[6.837311204302039,51.16104647106471],[6.837783310258342,51.1612003033426]],[[6.840223561366368,51.16187562024184],[6.844163329886105,51.16241426372623],[6.843954,51.162424],[6.840223561366368,51.16187562024184]],[[6.848212885879964,51.162102735278516],[6.84748,51.16226],[6.84503253736277,51.1623738354715],[6.848212885879964,51.162102735278516]],[[6.851767500610465,51.161291832083435],[6.851567,51.161383],[6.851466206422872,51.16140462857038],[6.851767500610465,51.161291832083435]],[[6.854678886308769,51.15989224907471],[6.854481,51.160058],[6.854046614316419,51.160255515796415],[6.854678886308769,51.15989224907471]],[[6.857023,51.157507],[6.85647,51.158392],[6.856372018815545,51.15847406971005],[6.857023,51.157507]],[[6.852312,51.147619],[6.852168386277134,51.14741817915101],[6.856215,51.152241],[6.852312,51.147619]],[[6.850625,51.14526],[6.849844,51.14391],[6.851715199884798,51.14678447037833],[6.850625,51.14526]],[[6.848258,51.138317],[6.848265263597342,51.138205976759245],[6.848809,51.141318],[6.848258,51.138317]],[[6.84843,51.135688],[6.8484924106970695,51.13552087979583],[6.848331863136291,51.13718801055053],[6.84843,51.135688]],[[6.759383,51.064967],[6.756880615181296,51.06499047114188],[6.757165,51.064916],[6.759383,51.064967]],[[6.765780847078501,51.06449742890723],[6.764255,51.064558],[6.765452,51.064456],[6.765780847078501,51.06449742890723]],[[6.773902,51.06459],[6.773469,51.065466],[6.773890382643794,51.06447503657921],[6.773902,51.06459]],[[6.788340684116519,50.88207556707602],[6.788608,50.882168],[6.789201081592684,50.88252527806788],[6.788340684116519,50.88207556707602]],[[6.789393120287772,50.88264096402878],[6.789438,50.882668],[6.790359,50.883712],[6.789393120287772,50.88264096402878]],[[6.8404184520294065,50.89990936874092],[6.840926,50.900113],[6.841820343949459,50.90059783872854],[6.8404184520294065,50.89990936874092]],[[6.843806,50.901972],[6.84397556771513,50.902152963829444],[6.842190558318825,50.90079853809509],[6.843806,50.901972]],[[6.850112,50.905691],[6.851231,50.903621],[6.851245871921251,50.90363031968658],[6.850112,50.905691]],[[6.902256,50.848025],[6.902793,50.848042],[6.896625,50.848069],[6.902256,50.848025]],[[6.594118,51.151938],[6.5887065981227595,51.15204756472722],[6.594187495188059,51.15187290388532],[6.594118,51.151938]],[[6.596718314003412,51.1495022869196],[6.595784915363513,51.15037660104991],[6.596419,51.149735],[6.596718314003412,51.1495022869196]],[[6.648837,51.138216],[6.6486260966768524,51.13831556783079],[6.648866085689488,51.13815757122554],[6.648837,51.138216]],[[6.649631413028253,51.13711552103982],[6.649370205578297,51.1372623523056],[6.649382,51.137235],[6.649631413028253,51.13711552103982]],[[6.657753,51.138522],[6.657744609320167,51.13799711636156],[6.657769,51.138018],[6.657753,51.138522]],[[6.655642,51.139274],[6.655726786908863,51.13925445103529],[6.655606409685409,51.139342340087644],[6.655642,51.139274]],[[6.655429,51.139683],[6.65550948401012,51.1395284555862],[6.6555,51.140257],[6.655429,51.139683]],[[6.711906,51.123211],[6.711237545045366,51.12449927766578],[6.711243,51.124463],[6.711906,51.123211]],[[6.714245,51.120667],[6.714150654262589,51.12076961460281],[6.714911,51.118915],[6.714245,51.120667]],[[6.714916,51.118474],[6.715352,51.116758],[6.714911,51.118915],[6.714916,51.118474]],[[6.882171586422165,51.109416995922906],[6.882952079828325,51.10776746574098],[6.882767,51.108298],[6.882171586422165,51.109416995922906]],[[6.879961876466834,51.112490707162316],[6.8817803198506935,51.110152326312644],[6.881706,51.110292],[6.879961876466834,51.112490707162316]],[[6.878884,51.113551],[6.8780776430196,51.114181251990345],[6.879551610395345,51.1128942804757],[6.878884,51.113551]],[[6.87659,51.115344],[6.875458399611232,51.116015121401155],[6.877198091222902,51.11486871335542],[6.87659,51.115344]],[[6.860848908975177,51.123533633699616],[6.861038,51.123432],[6.871191,51.118546],[6.860848908975177,51.123533633699616]],[[6.856715338857281,51.12590546111065],[6.85757,51.125296],[6.8601947312645795,51.12388524478744],[6.856715338857281,51.12590546111065]],[[6.856772008014143,51.08848213433086],[6.855595,51.087588],[6.855182863414889,51.087082559530806],[6.856772008014143,51.08848213433086]],[[6.857638,51.08914],[6.857315422258814,51.08889494828472],[6.859788927097053,51.090318137715684],[6.857638,51.08914]],[[6.87538,51.096083],[6.862453,51.091491],[6.860871931979392,51.09079493231797],[6.87538,51.096083]],[[6.877528,51.097116],[6.878499199607108,51.09775341586414],[6.87538,51.096083],[6.877528,51.097116]],[[6.879364,51.098321],[6.880756,51.099508],[6.87905111456385,51.098115647630415],[6.879364,51.098321]],[[6.882024,51.10107],[6.882077479385611,51.101173864922465],[6.880756,51.099508],[6.882024,51.10107]],[[6.882992,51.10295],[6.883090290052642,51.10331619568285],[6.882571081458496,51.10213251357642],[6.882992,51.10295]],[[6.883331,51.104213],[6.883362574624741,51.10525998585219],[6.883175159719854,51.103632391522645],[6.883331,51.104213]],[[6.8831049709524255,51.10732920091239],[6.8833697474480156,51.10549783015123],[6.883375,51.105672],[6.8831049709524255,51.10732920091239]],[[6.4915558426651225,51.20244496189199],[6.4915,51.202564],[6.488488,51.207648],[6.4915558426651225,51.20244496189199]],[[6.492682097223761,51.19998797964306],[6.492662,51.200087],[6.492176578299602,51.20112175865051],[6.492682097223761,51.19998797964306]],[[6.493271095421866,51.196922123634316],[6.493279,51.197047],[6.49294671469889,51.198684191759114],[6.493271095421866,51.196922123634316]],[[6.493027076084336,51.19372177143175],[6.493081,51.193919],[6.493187468521087,51.19560098754524],[6.493027076084336,51.19372177143175]],[[6.492460721645345,51.19171593221433],[6.492497,51.191783],[6.492695986325365,51.19251079929962],[6.492460721645345,51.19171593221433]],[[6.48685088889807,51.17345592473258],[6.48667,51.173598],[6.486450992431179,51.17360421298068],[6.48685088889807,51.17345592473258]],[[6.490007,51.17059],[6.490759,51.170755],[6.489775,51.170571],[6.490007,51.17059]],[[6.533893336822353,51.14601023140596],[6.53402,51.146013],[6.536511,51.146502],[6.533893336822353,51.14601023140596]],[[6.752939858552441,51.34994692453379],[6.748995,51.352307],[6.748821224364445,51.352338911525806],[6.752939858552441,51.34994692453379]],[[6.537929,51.404443],[6.537071289579196,51.40475988321599],[6.538595,51.404011],[6.537929,51.404443]],[[6.580733678356834,51.394156634606276],[6.574386,51.393359],[6.580733678356835,51.394156634606276],[6.580733678356834,51.394156634606276]],[[6.609636,51.397024],[6.608721192388949,51.39700022781549],[6.615671,51.396592],[6.609636,51.397024]],[[6.636094451537174,51.391070645782875],[6.635603,51.393548],[6.636737,51.387186],[6.636094451537174,51.391070645782875]],[[6.647223863504739,51.3825463850547],[6.646091,51.383238],[6.647016,51.382618],[6.647223863504739,51.3825463850547]],[[6.648109001023308,51.38233037482261],[6.647589400394097,51.382420447101495],[6.647939,51.3823],[6.648109001023308,51.38233037482261]],[[6.651182,51.383493],[6.648385096106767,51.38237970593262],[6.648633,51.382424],[6.651182,51.383493]],[[6.66245377809153,51.365986995535906],[6.668679,51.368228],[6.662776,51.36614],[6.66245377809153,51.365986995535906]],[[6.659014798134202,51.36431522970564],[6.660459815435636,51.365040178514526],[6.659139,51.364413],[6.659014798134202,51.36431522970564]],[[6.656266702687746,51.362117703593725],[6.657236490769167,51.36291536639907],[6.656329,51.362201],[6.656266702687746,51.362117703593725]],[[6.654575335971077,51.35929163525319],[6.65535,51.360892],[6.654628,51.359483],[6.654575335971077,51.35929163525319]],[[6.654243259961905,51.35794083085714],[6.654384371694194,51.35859773030056],[6.654254,51.358124],[6.654243259961905,51.35794083085714]],[[6.654199560216005,51.35675246138448],[6.654204967235039,51.3572877562688],[6.654181,51.356879],[6.654199560216005,51.35675246138448]],[[6.654435341778509,51.35535422037445],[6.654302673199109,51.35604946449474],[6.654384,51.355495],[6.654435341778509,51.35535422037445]],[[6.654971286303069,51.35403540720152],[6.6546083289358045,51.35487988800936],[6.654822,51.354294],[6.654971286303069,51.35403540720152]],[[6.655778150051398,51.352769535623096],[6.6552652657747915,51.35352617780321],[6.655524,51.353078],[6.655778150051398,51.352769535623096]],[[6.656725317745395,51.35170563895834],[6.656278763658595,51.3521619360434],[6.656516,51.351874],[6.656725317745395,51.35170563895834]],[[6.659578184498862,51.34950190647795],[6.658249263542704,51.3504798799985],[6.659332,51.349609],[6.659578184498862,51.34950190647795]],[[6.664989451397063,51.34737810415989],[6.660081147111583,51.349283111070825],[6.662348,51.348297],[6.664989451397063,51.34737810415989]],[[6.666318727941333,51.346965435163476],[6.665652141805676,51.347147570499324],[6.665878,51.347069],[6.666318727941333,51.346965435163476]],[[6.68885,51.341743],[6.681704342157879,51.34335003329834],[6.69262628753333,51.34078353051689],[6.68885,51.341743]],[[6.697863,51.339453],[6.696365863197482,51.33983338869164],[6.698798281398998,51.339144613786004],[6.697863,51.339453]],[[6.70701,51.336437],[6.706584514873772,51.336577293335594],[6.70793288607195,51.336053480004544],[6.70701,51.336437]],[[6.714732,51.333228],[6.713771257290341,51.33362725192376],[6.715231940173698,51.33297841957813],[6.714732,51.333228]],[[6.73007,51.324313],[6.729718576177638,51.32458666765114],[6.7304125582332475,51.32390846666279],[6.73007,51.324313]],[[6.727978938222981,51.3259413926373],[6.727182,51.326562],[6.7269809337750255,51.326681446538956],[6.727978938222981,51.3259413926373]],[[6.721430795629482,51.25804600952078],[6.7200981684198196,51.258509716617105],[6.720965,51.258177],[6.721430795629482,51.25804600952078]],[[6.717985732898142,51.25932053433151],[6.713574608635118,51.26115457979593],[6.715671,51.260209],[6.717985732898142,51.25932053433151]],[[6.71167314930029,51.26201223526995],[6.709718241328453,51.263089474462554],[6.710962,51.262333],[6.71167314930029,51.26201223526995]],[[6.708272793993039,51.263968619284796],[6.707280941902413,51.26474922715102],[6.707968,51.264154],[6.708272793993039,51.263968619284796]],[[6.705095,51.266643],[6.705458951534416,51.266327693571476],[6.7038041002997515,51.268267782697016],[6.705095,51.266643]],[[6.703640339853561,51.268556097098205],[6.703061537675368,51.26987069488061],[6.703257,51.269231],[6.703640339853561,51.268556097098205]],[[6.702725837081502,51.27096935136963],[6.702641476249351,51.27228809541244],[6.702597,51.271391],[6.702725837081502,51.27096935136963]],[[6.702724013346597,51.27395288622497],[6.702835842134568,51.27445256052035],[6.702738,51.274235],[6.702724013346597,51.27395288622497]],[[6.703929345136136,51.276884059823594],[6.704963,51.278428],[6.703959,51.27695],[6.703929345136136,51.276884059823594]],[[6.72929973617498,51.30048830743326],[6.729552,51.300747],[6.729952772515603,51.30128887216594],[6.72929973617498,51.30048830743326]],[[6.730841725112296,51.302490797573086],[6.731171,51.302936],[6.733131,51.30675],[6.730841725112296,51.302490797573086]],[[6.7342,51.310409],[6.734260146832174,51.310793395186685],[6.733131,51.30675],[6.7342,51.310409]],[[6.734438512255187,51.31193331906299],[6.734686,51.313515],[6.734725,51.315372],[6.734438512255187,51.31193331906299]],[[6.734354036311463,51.31747137968921],[6.73432,51.317664],[6.734085087938186,51.318316441274156],[6.734354036311463,51.31747137968921]],[[6.732596,51.32133],[6.732566004338864,51.3213654224296],[6.733818037859085,51.31905814220056],[6.732596,51.32133]],[[6.579649,51.28687],[6.585017,51.286554],[6.579983,51.286857],[6.579649,51.28687]],[[6.585279,51.284741],[6.585121,51.286111],[6.585017,51.286554],[6.585279,51.284741]],[[6.656808,51.310729],[6.659649,51.311822],[6.659665577828348,51.3118309091591],[6.656808,51.310729]],[[6.674262,51.319931],[6.659717806127867,51.31185897738493],[6.675806,51.320505],[6.674262,51.319931]],[[6.587326425566317,51.285799015237586],[6.585935,51.285826],[6.586746,51.285789],[6.587326425566317,51.285799015237586]],[[6.619889,51.289114],[6.603015297442478,51.28656525947806],[6.604093,51.286656],[6.619889,51.289114]],[[6.63808022335592,51.30885955349579],[6.635612,51.309571],[6.637632,51.308956],[6.63808022335592,51.30885955349579]],[[6.640556084210457,51.30841184813155],[6.639632817713172,51.30852547385393],[6.640202,51.308403],[6.640556084210457,51.30841184813155]],[[6.810207,51.448807],[6.810356,51.449111],[6.810344426463105,51.44970431396498],[6.810207,51.448807]],[[6.810335902765761,51.45014127880232],[6.810322,51.450854],[6.809955,51.455441],[6.810335902765761,51.45014127880232]],[[6.810221246936853,51.45559771201283],[6.810118,51.45555],[6.809955,51.455441],[6.810221246936853,51.45559771201283]],[[6.812365409635851,51.456588562892485],[6.812929995409564,51.456800353343205],[6.812784,51.456782],[6.812365409635851,51.456588562892485]],[[6.814173752975574,51.45695670832413],[6.815251456948669,51.45705278821281],[6.815067,51.457069],[6.814173752975574,51.45695670832413]],[[6.816706114890412,51.456924939383335],[6.8180341659242,51.456788121603005],[6.817957,51.456815],[6.816706114890412,51.456924939383335]],[[6.819149511017977,51.4563996251452],[6.820360135683395,51.45595535472903],[6.820248,51.456017],[6.819149511017977,51.4563996251452]],[[6.8216066308040375,51.4552701087203],[6.822262460737272,51.45488247292736],[6.822158,51.454967],[6.8216066308040375,51.4552701087203]],[[6.82287571783365,51.45438624029019],[6.823801342257037,51.45358937726954],[6.823662,51.45375],[6.82287571783365,51.45438624029019]],[[6.817815,51.424464],[6.818558,51.426405],[6.818565978592352,51.426545367560784],[6.817815,51.424464]],[[6.579875866949487,51.47807537017169],[6.580109,51.477732],[6.5801586915583155,51.477691494686994],[6.579875866949487,51.47807537017169]],[[6.598801187510575,51.467061636655956],[6.599181,51.465135],[6.59895,51.466782],[6.598801187510575,51.467061636655956]],[[6.598004,51.462845],[6.5979333901843065,51.46099960292499],[6.597987,51.461066],[6.598004,51.462845]],[[6.596767,51.459555],[6.596486,51.458959],[6.596495313250549,51.458937445818655],[6.596767,51.459555]],[[6.590966700940745,51.42633409775184],[6.592425,51.427401],[6.591239,51.426602],[6.590966700940745,51.42633409775184]],[[6.589346634929646,51.42480297654135],[6.58800845937027,51.42435828211489],[6.58928,51.42474],[6.589346634929646,51.42480297654135]],[[6.5861521519744795,51.42380101660826],[6.583443,51.423365],[6.585799,51.423695],[6.5861521519744795,51.42380101660826]],[[6.626796,51.412105],[6.625798,51.411914],[6.625793644074398,51.41182559084335],[6.626796,51.412105]],[[6.668851327833638,51.43869887226233],[6.668677,51.438352],[6.668635343547376,51.438165462929135],[6.668851327833638,51.43869887226233]],[[6.673053264639384,51.441812027809185],[6.673111,51.44164],[6.673417,51.441531],[6.673053264639384,51.441812027809185]],[[6.673783,51.443813],[6.673013,51.441932],[6.673026109378282,51.44189293940349],[6.673783,51.443813]],[[6.678346,51.449076],[6.677849,51.451595],[6.6783173460272796,51.44905861972146],[6.678346,51.449076]],[[6.677445,51.4557],[6.677413889844177,51.45577516904246],[6.677711,51.454812],[6.677445,51.4557]],[[6.676508,51.457964],[6.676851,51.456974],[6.676916307988077,51.45697743726253],[6.676508,51.457964]],[[6.642091,51.496657],[6.641886368086573,51.49686579807214],[6.642267,51.496349],[6.642091,51.496657]],[[6.6399150047840845,51.49822841162212],[6.64148600012668,51.49727431723601],[6.641256,51.497509],[6.6399150047840845,51.49822841162212]],[[6.635642898397748,51.49969465253938],[6.6357,51.499649],[6.63684,51.499142],[6.635642898397748,51.49969465253938]],[[6.633471,51.501952],[6.63336593814161,51.50202249842717],[6.634508,51.500602],[6.633471,51.501952]],[[6.632322,51.502723],[6.632152909537172,51.502778890979336],[6.632836171064742,51.50237798181818],[6.632322,51.502723]],[[6.6281595059792755,51.50358609323868],[6.628469,51.503514],[6.630652,51.503275],[6.6281595059792755,51.50358609323868]],[[6.68706,51.562047],[6.687082380058911,51.56223561482804],[6.686536,51.560087],[6.68706,51.562047]],[[6.586979,51.621449],[6.586921,51.619866],[6.587167109888488,51.622354444428034],[6.586979,51.621449]],[[6.587263,51.622816],[6.58722159798082,51.622616716337255],[6.58740576459504,51.62313629888061],[6.587263,51.622816]],[[6.588425,51.625423],[6.588241780428782,51.62501193853514],[6.588696656257093,51.625760435979316],[6.588425,51.625423]],[[6.590366,51.627834],[6.590107664835574,51.627513110725694],[6.590504925784656,51.62794785861677],[6.590366,51.627834]],[[6.64752559278521,51.63119798980839],[6.641831,51.629592],[6.647352,51.631131],[6.64752559278521,51.63119798980839]],[[6.64896878906726,51.631863802794506],[6.64767613394524,51.63125608394781],[6.649026,51.631777],[6.64896878906726,51.631863802794506]],[[6.654172,51.63431],[6.649661164149523,51.63218931064211],[6.650493,51.632451],[6.654172,51.63431]],[[6.657955,51.635211],[6.657926273138848,51.63520415810153],[6.659058,51.635353],[6.657955,51.635211]],[[6.678993879288159,51.635168467504776],[6.67810168645887,51.6350823409482],[6.678306,51.635086],[6.678993879288159,51.635168467504776]],[[6.682679,51.636061],[6.680466445859326,51.63534500849509],[6.680775,51.635382],[6.682679,51.636061]],[[6.700872685030312,51.64322367685619],[6.699097,51.643527],[6.700637,51.643195],[6.700872685030312,51.64322367685619]],[[6.703393679548416,51.643605520196125],[6.701898376157176,51.64334847730238],[6.703193,51.643506],[6.703393679548416,51.643605520196125]],[[6.70405,51.643931],[6.7045662413241445,51.64450230329095],[6.703617488271131,51.643716510519525],[6.70405,51.643931]],[[6.676421,51.690701],[6.6763761284688785,51.690648745665236],[6.6776,51.691547],[6.676421,51.690701]],[[6.681051444116719,51.69721732821976],[6.680040862699504,51.69491932887789],[6.680265,51.695229],[6.681051444116719,51.69721732821976]],[[6.681539,51.698326],[6.681473779363759,51.69817769232622],[6.681940447023948,51.69882307113871],[6.681539,51.698326]],[[6.683382,51.700608],[6.683233170675025,51.70042371973978],[6.683705317088532,51.700762450838475],[6.683382,51.700608]],[[6.684952,51.701358],[6.684765807839284,51.7012690547003],[6.685126606577091,51.70138272642159],[6.684952,51.701358]],[[6.690823443150422,51.70218946798426],[6.686593751699233,51.70159049207069],[6.69073,51.702133],[6.690823443150422,51.70218946798426]],[[6.696624,51.710308],[6.6964229264706,51.70996069117649],[6.697095172529873,51.71087374179431],[6.696624,51.710308]],[[6.69775,51.71166],[6.697655271073569,51.71154625798532],[6.700028,51.712639],[6.69775,51.71166]],[[6.699741397931139,51.713383928293396],[6.699741397931137,51.713383928293396],[6.700475,51.713143],[6.699741397931139,51.713383928293396]],[[6.778751,51.659895],[6.778720127145587,51.65987471080376],[6.77953165651566,51.65996756957357],[6.778751,51.659895]],[[6.780214,51.660031],[6.780131048676887,51.66002328887222],[6.78445,51.659284],[6.780214,51.660031]],[[6.78733293237055,51.659917209228595],[6.786748779294836,51.65962906903222],[6.786853,51.659659],[6.78733293237055,51.659917209228595]],[[6.788714,51.66096],[6.787795798911243,51.660166236841135],[6.787879,51.660211],[6.788714,51.66096]],[[6.792046,51.665277],[6.791982488615283,51.665194713491054],[6.79317,51.665994],[6.792046,51.665277]],[[6.843479,51.648581],[6.8433781827117555,51.64865985708684],[6.843376,51.648476],[6.843479,51.648581]],[[6.843883,51.648329],[6.8438698086466525,51.648332824711915],[6.843880924665644,51.64832452378864],[6.843883,51.648329]],[[6.843789386715059,51.64812708899326],[6.843845934944242,51.648249055762086],[6.843761,51.648121],[6.843789386715059,51.64812708899326]],[[6.844895,51.647005],[6.84505633186742,51.647235350848135],[6.845012,51.647261],[6.844895,51.647005]],[[6.845712,51.646856],[6.845694727855515,51.64686599316931],[6.845601,51.646608],[6.845712,51.646856]],[[6.845611846153846,51.645800538461536],[6.846083,51.646479],[6.845601,51.645815],[6.845611846153846,51.645800538461536]],[[6.870276,51.635414],[6.869922,51.637041],[6.870252967530011,51.635394771331946],[6.870276,51.635414]],[[6.86948,51.633272],[6.86946080032488,51.6332839922261],[6.868609,51.632574],[6.86948,51.633272]],[[6.58725289724321,51.61787553847753],[6.587281,51.617707],[6.58750431448203,51.61706808718859],[6.58725289724321,51.61787553847753]],[[6.587998474531456,51.615654272985424],[6.588123,51.615298],[6.588663668839036,51.61424506421892],[6.587998474531456,51.615654272985424]],[[6.5890897494593785,51.6134152854368],[6.58917,51.613259],[6.592265,51.608393],[6.5890897494593785,51.6134152854368]],[[6.596135357303921,51.600053523402906],[6.596813526691975,51.59781418872184],[6.596252,51.599768],[6.596135357303921,51.600053523402906]],[[6.597429382787805,51.59567134029994],[6.597705124517133,51.594261826718956],[6.597518,51.595363],[6.597429382787805,51.59567134029994]],[[6.598173775037572,51.59150395490632],[6.598533,51.587829],[6.598342,51.590514],[6.598173775037572,51.59150395490632]],[[6.598292302732243,51.57583803825136],[6.598321,51.575687],[6.598386646499984,51.57555281290703],[6.598292302732243,51.57583803825136]],[[6.599167313329711,51.573957062752925],[6.599251,51.573786],[6.599458922864817,51.57353624280503],[6.599167313329711,51.573957062752925]],[[6.600287528166966,51.57254092112076],[6.600583,51.572186],[6.600784421541609,51.572017421299144],[6.600287528166966,51.57254092112076]],[[6.602429,51.570641],[6.6045,51.569415],[6.605120715517981,51.56915608993655],[6.602429,51.570641]],[[6.606521734108252,51.568571703367176],[6.607842,51.568021],[6.6086086897847816,51.56785812807681],[6.606521734108252,51.568571703367176]],[[6.616666029056454,51.56684473967457],[6.616922,51.566833],[6.617451459996249,51.566885204013644],[6.616666029056454,51.56684473967457]],[[6.620100491606516,51.56714639481806],[6.620918,51.567227],[6.621538763392512,51.567353118897394],[6.620100491606516,51.56714639481806]],[[6.641423037370361,51.574289433603184],[6.644189435337836,51.57527062461313],[6.642389,51.574714],[6.641423037370361,51.574289433603184]],[[6.64705,51.576155],[6.646159806735561,51.57587978684959],[6.651994106722956,51.57710345713535],[6.64705,51.576155]],[[6.653471079872197,51.577305146964854],[6.657285541434812,51.57765998059858],[6.655125,51.577531],[6.653471079872197,51.577305146964854]],[[6.659179326259816,51.57777303628749],[6.661752537752741,51.577780518226525],[6.659765,51.577808],[6.659179326259816,51.57777303628749]],[[6.663372837864526,51.57775811426435],[6.664984037694497,51.5776594781289],[6.664032,51.577749],[6.663372837864526,51.57775811426435]],[[6.668717042738479,51.57730845673731],[6.669477850035462,51.57721551786472],[6.669243,51.577259],[6.668717042738479,51.57730845673731]],[[6.672592833681653,51.57663878326885],[6.6734058919633386,51.5764777902919],[6.673283,51.576511],[6.672592833681653,51.57663878326885]],[[6.679582932544754,51.57444967682798],[6.680029617892962,51.57421579912208],[6.679818,51.574352],[6.679582932544754,51.57444967682798]],[[6.68339,51.572053],[6.684926009825805,51.57048550022333],[6.68463,51.570865],[6.68339,51.572053]],[[6.685761,51.569415],[6.685316943834738,51.56998430277598],[6.686512703085931,51.56804879415752],[6.685761,51.569415]],[[6.686678136939422,51.56754637571507],[6.6870721757326725,51.56611246188832],[6.687051,51.566414],[6.686678136939422,51.56754637571507]],[[6.68718765323377,51.56446808583953],[6.687150521750499,51.56280989988655],[6.687247,51.563623],[6.68718765323377,51.56446808583953]],[[6.546016,51.554522],[6.546283955277283,51.554445859702625],[6.545610052922979,51.554784389105436],[6.546016,51.554522]],[[6.54724,51.553206],[6.546855,51.554159],[6.5468058670391915,51.55418368154589],[6.54724,51.553206]],[[6.57838351290259,51.534236955104426],[6.578351,51.534243],[6.577821,51.533947],[6.57838351290259,51.534236955104426]],[[6.579179455290327,51.53404893415947],[6.579104,51.534103],[6.578600609050591,51.53419659194278],[6.579179455290327,51.53404893415947]],[[6.720246701731451,51.588865935145314],[6.719174,51.589108],[6.718960492702625,51.589102672887236],[6.720246701731451,51.588865935145314]],[[6.721949,51.588209],[6.730762,51.585489],[6.721735,51.588281],[6.721949,51.588209]],[[6.717208,51.596269],[6.722019,51.588466],[6.718485,51.594293],[6.717208,51.596269]],[[6.685363,51.63467],[6.685359653739472,51.63467290914478],[6.685366176013619,51.634662025823424],[6.685363,51.63467]],[[6.687456,51.629415],[6.686042032948709,51.63296511794292],[6.686357,51.63192],[6.687456,51.629415]],[[6.687463310821135,51.621877850716615],[6.6873205369498026,51.62268442159163],[6.687316,51.622459],[6.687463310821135,51.621877850716615]],[[6.68817,51.620502],[6.687568087505708,51.62146450093901],[6.687589,51.621382],[6.68817,51.620502]],[[6.5020135627380204,51.72282672704776],[6.500634209527284,51.72232589993794],[6.500704,51.722329],[6.5020135627380204,51.72282672704776]],[[6.5023101338927844,51.72285169505052],[6.503160215885972,51.72280391526636],[6.502777,51.722891],[6.5023101338927844,51.72285169505052]],[[6.5083156142076755,51.72179598124207],[6.509151,51.72156],[6.509248725422775,51.721661095264935],[6.5083156142076755,51.72179598124207]],[[6.509352796994022,51.72164605118943],[6.510983,51.721001],[6.50945,51.721632],[6.509352796994022,51.72164605118943]],[[6.533968,51.716697],[6.535774,51.716137],[6.536290135158445,51.71604318675422],[6.533968,51.716697]],[[6.537249434876346,51.715868823472164],[6.538793935305988,51.715588093519855],[6.538486,51.715743],[6.537249434876346,51.715868823472164]],[[6.539024219044597,51.71547224956598],[6.5394,51.715008],[6.539142,51.715413],[6.539024219044597,51.71547224956598]],[[6.539696,51.713178],[6.540255,51.712501],[6.540349540801996,51.71246529089495],[6.539696,51.713178]],[[6.586986,51.695587],[6.587864,51.695499],[6.5879422024407095,51.695508836312754],[6.586986,51.695587]],[[6.729856555169042,51.727771950499935],[6.733101,51.728757],[6.729938,51.727816],[6.729856555169042,51.727771950499935]],[[6.73373691980787,51.72860412445353],[6.733949,51.72848],[6.734163268082638,51.72850163004357],[6.73373691980787,51.72860412445353]],[[6.734738443190275,51.72855969311338],[6.735425,51.728629],[6.736012096994384,51.72882255218464],[6.734738443190275,51.72855969311338]],[[6.736790924601072,51.729079313479915],[6.737157,51.7292],[6.737220283967299,51.7292430348779],[6.736790924601072,51.729079313479915]],[[6.761747,51.736228],[6.764264,51.737298],[6.764490716473441,51.737461594424],[6.761747,51.736228]],[[6.764704870738588,51.73761612419028],[6.764871,51.737736],[6.765453,51.739364],[6.764704870738588,51.73761612419028]],[[6.765731128945141,51.73955826237091],[6.765868593758754,51.739588242580666],[6.765778,51.739591],[6.765731128945141,51.73955826237091]],[[6.772423280001435,51.741723303738446],[6.772457,51.741736],[6.772658987524519,51.742080750311914],[6.772423280001435,51.741723303738446]],[[6.772764783234546,51.74226132138489],[6.772781,51.742289],[6.772782,51.74273],[6.772764783234546,51.74226132138489]],[[7.077285299045825,50.768695826383635],[7.08207024027782,50.767709323546455],[7.08084,50.768069],[7.077285299045825,50.768695826383635]],[[7.083731945971804,50.767143407776544],[7.083354,50.767334],[7.082954872439016,50.76745069003871],[7.083731945971804,50.767143407776544]],[[7.091192,50.763426],[7.092816323745419,50.762888434890556],[7.090806458589072,50.7636222517632],[7.091192,50.763426]],[[7.096081,50.761808],[7.096459299331197,50.76177845278122],[7.0956277543017885,50.761958000314934],[7.096081,50.761808]],[[7.099269,50.761559],[7.100884695312719,50.76167128159922],[7.097912436203596,50.76166495495148],[7.099269,50.761559]],[[7.102334,50.761772],[7.103170268867941,50.76197239622642],[7.102100792444036,50.76175579340639],[7.102334,50.761772]],[[7.105155,50.762448],[7.1052130019456365,50.76248247668097],[7.104823203926078,50.762368491263395],[7.105155,50.762448]],[[7.106585,50.763298],[7.107144,50.764202],[7.106500852379327,50.763247982183515],[7.106585,50.763298]],[[7.112428113685689,50.770934385228074],[7.11128,50.770526],[7.111057764416928,50.770376955017056],[7.112428113685689,50.770934385228074]],[[7.114451,50.771431],[7.113113,50.771178],[7.112918428327426,50.77110879065438],[7.114451,50.771431]],[[7.124228,50.773575],[7.12446446323578,50.77375068803571],[7.121542,50.772232],[7.124228,50.773575]],[[7.125368,50.774422],[7.125725459203638,50.77479596457584],[7.125068354163264,50.774199368400254],[7.125368,50.774422]],[[7.126126,50.775215],[7.12622943723143,50.77537822205327],[7.126059027081932,50.77514493466487],[7.126126,50.775215]],[[7.126706173700525,50.776130503454034],[7.128326189730892,50.7801849242779],[7.128221,50.780019],[7.126706173700525,50.776130503454034]],[[7.128972490502183,50.78108552426193],[7.128725,50.780814],[7.128515585457743,50.78048367348989],[7.128972490502183,50.78108552426193]],[[7.130706305101203,50.782901434185625],[7.130455,50.782712],[7.1298984926962525,50.782101450368486],[7.130706305101203,50.782901434185625]],[[7.1319804019038395,50.78381500913849],[7.131836,50.783753],[7.131480511705847,50.783485032357554],[7.1319804019038395,50.78381500913849]],[[7.142601,50.786732],[7.134528,50.784909],[7.134461087253721,50.784880266294685],[7.142601,50.786732]],[[7.144251,50.787448],[7.144360324873383,50.78754464952574],[7.142601,50.786732],[7.144251,50.787448]],[[7.145217,50.788302],[7.145242593963386,50.78837336778252],[7.14483474895457,50.787964067916356],[7.145217,50.788302]],[[7.145529,50.789172],[7.145511216603119,50.789292993578776],[7.145387848765818,50.788778405212376],[7.145529,50.789172]],[[7.145422,50.7899],[7.145349631573106,50.79004737149056],[7.145465916176203,50.7896012058292],[7.145422,50.7899]],[[7.1442034343930985,50.79238149417548],[7.144212,50.792248],[7.14516587017835,50.79042158427662],[7.1442034343930985,50.79238149417548]],[[7.14419784041184,50.79313056370656],[7.144159,50.793074],[7.144170917881811,50.7928882609363],[7.14419784041184,50.79313056370656]],[[7.145540491874916,50.79458404561682],[7.14488,50.794124],[7.14479932625699,50.79400651396649],[7.145540491874916,50.79458404561682]],[[7.147463852487745,50.79580633903085],[7.147035,50.795625],[7.146718648578357,50.79540465499588],[7.147463852487745,50.79580633903085]],[[7.150442113218695,50.79698355650288],[7.14988,50.796828],[7.149370854022978,50.796612709100046],[7.150442113218695,50.79698355650288]],[[7.153516976921828,50.79778297579264],[7.153237,50.797757],[7.152471154000572,50.79754506346932],[7.153516976921828,50.79778297579264]],[[7.15541959936417,50.797933405874005],[7.155231,50.797942],[7.154789208134509,50.7979010112863],[7.15541959936417,50.797933405874005]],[[7.160137,50.797702],[7.160285954302734,50.797711655033694],[7.157106545911569,50.79785653482387],[7.160137,50.797702]],[[7.162482,50.797854],[7.163843089339651,50.798039760036716],[7.160915839815518,50.79775248343367],[7.162482,50.797854]],[[7.166424,50.798392],[7.166475346186557,50.79841104646746],[7.165899727756867,50.79832044787752],[7.166424,50.798392]],[[7.071691,51.020957],[7.068329,51.018371],[7.068001,51.018084],[7.071691,51.020957]],[[7.080781148712814,51.026177482879284],[7.0804716360935815,51.02625505594128],[7.080536,51.026219],[7.080781148712814,51.026177482879284]],[[7.082873378690938,51.02619315322018],[7.081353204047725,51.026080602540304],[7.081528,51.026051],[7.082873378690938,51.02619315322018]],[[7.0835150005282115,51.02630229038911],[7.083320857063002,51.026240433953824],[7.083383,51.026247],[7.0835150005282115,51.02630229038911]],[[7.085165,51.026828],[7.085008976224084,51.02677828895468],[7.085325487060194,51.026784441433136],[7.085165,51.026828]],[[7.02923,50.8109],[7.029170504294426,50.8110988027235],[7.029546865454587,50.808788790092514],[7.02923,50.8109]],[[7.029114688410939,50.81128530945613],[7.028738,50.812544],[7.0284954904153345,50.81304310596379],[7.029114688410939,50.81128530945613]],[[7.027919817530387,50.81422789117741],[7.027619,50.814847],[7.027337636147786,50.815262284321406],[7.027919817530387,50.81422789117741]],[[7.026498771352187,50.8165004227484],[7.026329,50.816751],[7.026092535582497,50.816985606794994],[7.026498771352187,50.8165004227484]],[[7.024165,50.818898],[7.023046,50.81972],[7.022466087311579,50.82006223358866],[7.024165,50.818898]],[[7.02169813331755,50.82051543914279],[7.021138,50.820846],[7.0199665888444525,50.821344540682354],[7.02169813331755,50.82051543914279]],[[7.018176025631285,50.82210658618778],[7.017832,50.822253],[7.017641696658824,50.822302796040944],[7.018176025631285,50.82210658618778]],[[7.012442485725361,50.82366325623519],[7.011832,50.823823],[7.008105,50.824361],[7.012442485725361,50.82366325623519]],[[6.989562657357646,50.826220929959355],[6.988784094205268,50.82648212967154],[6.989259,50.826293],[6.989562657357646,50.826220929959355]],[[6.987048979262817,50.82717313349333],[6.983723,50.828921],[6.986065,50.827565],[6.987048979262817,50.82717313349333]],[[6.982257646952678,50.83008323951977],[6.98181903112108,50.8305350567308],[6.982118,50.830194],[6.982257646952678,50.83008323951977]],[[6.980734387442647,50.83177239296591],[6.980306260933991,50.832357526171506],[6.98047,50.832074],[6.980734387442647,50.83177239296591]],[[6.979776042500089,50.83327563817916],[6.979495938341363,50.83386933721125],[6.979561,50.833648],[6.979776042500089,50.83327563817916]],[[6.9790323593179915,50.83713708817697],[6.979604,50.839235],[6.979031,50.837265],[6.9790323593179915,50.83713708817697]],[[7.068173,50.830869],[7.079152,50.830734],[7.079231396702702,50.83074505159621],[7.068173,50.830869]],[[7.086329,50.831733],[7.090596,50.833294],[7.095156,50.835],[7.086329,50.831733]],[[7.112097609534384,50.84252750732701],[7.112554,50.842732],[7.112625335233293,50.842820729303874],[7.112097609534384,50.84252750732701]],[[7.1128274106748,50.84307207793523],[7.112919,50.843186],[7.113483,50.845638],[7.1128274106748,50.84307207793523]],[[7.094732,50.829074],[7.094834083286407,50.82895340609972],[7.093716,50.830971],[7.094732,50.829074]],[[6.953325,50.8366],[6.950066997315222,50.83968822356913],[6.950069,50.839686],[6.953325,50.8366]],[[6.939908,50.838367],[6.937984,50.838361],[6.9376286965126335,50.83830613378491],[6.939908,50.838367]],[[7.099242,50.951247],[7.099201805156274,50.951356358944196],[7.099204281950549,50.95124056881185],[7.099242,50.951247]],[[7.097887,50.949098],[7.096018,50.951828],[7.096611,50.950673],[7.097887,50.949098]],[[6.984718,51.167335],[6.986273,51.170633],[6.986351,51.171043],[6.984718,51.167335]],[[6.98613008477847,51.17165210781245],[6.986106,51.171544],[6.986351,51.171043],[6.98613008477847,51.17165210781245]],[[7.138327651030422,51.16448828823496],[7.138498450253467,51.1643437188926],[7.138472,51.164416],[7.138327651030422,51.16448828823496]],[[7.138426338955398,51.16314984136657],[7.138034604947591,51.16263815570396],[7.138323,51.162885],[7.138426338955398,51.16314984136657]],[[7.137537110148831,51.162212337880945],[7.132862,51.159888],[7.137268,51.161982],[7.137537110148831,51.162212337880945]],[[7.131641,51.158915],[7.131107,51.158209],[7.131115594337939,51.15816455499523],[7.131641,51.158915]],[[7.131158329647182,51.157943552396],[7.131177,51.157847],[7.131206737947752,51.1578314489631],[7.131158329647182,51.157943552396]],[[7.144159090795956,51.14287842565583],[7.144173,51.142874],[7.144666,51.143609],[7.144159090795956,51.14287842565583]],[[7.144767,51.142986],[7.145355,51.142546],[7.145985,51.142298],[7.144767,51.142986]],[[7.147718544945087,51.14480740842861],[7.148308,51.145212],[7.147799,51.144912],[7.147718544945087,51.14480740842861]],[[7.164041,51.155148],[7.165033,51.153871],[7.165111497034379,51.15383316040394],[7.164041,51.155148]],[[6.988821,51.087447],[6.988808406250249,51.088167581507484],[6.98824,51.073946],[6.988821,51.087447]],[[6.997992913297189,51.12012306004382],[6.997316641171106,51.12114716091288],[6.997412,51.120912],[6.997992913297189,51.12012306004382]],[[6.931356,51.193502],[6.931846770089823,51.19360275507086],[6.931141192986037,51.19348744114174],[6.931356,51.193502]],[[6.93479,51.194207],[6.935885,51.194793],[6.934326429103665,51.19411182892198],[6.93479,51.194207]],[[6.939056,51.197021],[6.93911496702996,51.19698590234787],[6.938257,51.197817],[6.939056,51.197021]],[[6.939849,51.196549],[6.940360858621086,51.19634164121555],[6.939426885414561,51.196800246007975],[6.939849,51.196549]],[[6.941219,51.195994],[6.941488491631106,51.195942476423006],[6.941013507127246,51.19607724711268],[6.941219,51.195994]],[[6.94249,51.195751],[6.942739819287462,51.195773398982965],[6.942194362565902,51.195807522341845],[6.94249,51.195751]],[[6.9463136988714025,51.196942881563274],[6.94555,51.197273],[6.944067,51.197611],[6.9463136988714025,51.196942881563274]],[[6.947423,51.196613],[6.947596025876596,51.196639196441126],[6.947311871606481,51.1966460471206],[6.947423,51.196613]],[[7.297355584117102,51.7160632086867],[7.297294,51.716138],[7.297170360304848,51.71619916791888],[7.297355584117102,51.7160632086867]],[[7.295113,51.717217],[7.293884,51.718578],[7.29386080485188,51.71859422082467],[7.295113,51.717217]],[[7.293539570557388,51.71881886630409],[7.293149,51.719092],[7.2931106172128946,51.71909454181737],[7.293539570557388,51.71881886630409]],[[7.250383049484888,51.70667595330697],[7.250336,51.706724],[7.247959548332155,51.70567031620158],[7.250383049484888,51.70667595330697]],[[7.246411,51.702848],[7.246982621635339,51.70523716123924],[7.246874,51.705189],[7.246411,51.702848]],[[7.208858,51.698522],[7.199177,51.698232],[7.199176602766099,51.698231775998615],[7.208858,51.698522]],[[7.190344540152035,51.693251349489],[7.190312,51.693233],[7.190332212352168,51.693137514060446],[7.190344540152035,51.693251349489]],[[7.191466,51.65406],[7.195718552457639,51.650765699867804],[7.195718552457641,51.650765699867804],[7.191466,51.65406]],[[7.208756516417912,51.649521],[7.209309,51.648867],[7.20879,51.649521],[7.208756516417912,51.649521]],[[7.236612,51.626953],[7.238062,51.626432],[7.238115677868046,51.62643759144459],[7.236612,51.626953]],[[7.27223982744922,51.62407231200893],[7.272123458544304,51.623974527818554],[7.272315806235471,51.624063110133704],[7.27223982744922,51.62407231200893]],[[7.271980161295692,51.623854115879915],[7.271911,51.623796],[7.271989,51.623444],[7.271980161295692,51.623854115879915]],[[7.27146149157915,51.62215432299279],[7.271436,51.622092],[7.271679866151873,51.62190174517374],[7.27146149157915,51.62215432299279]],[[7.271799598559938,51.621808334635546],[7.271809,51.621801],[7.273955,51.621446],[7.271799598559938,51.621808334635546]],[[7.282358,51.620668],[7.290796,51.620672],[7.285341,51.620673],[7.282358,51.620668]],[[7.280106,51.606765],[7.2800087979257,51.60609863879185],[7.28005,51.606098],[7.280106,51.606765]],[[7.260045,51.582895],[7.258543,51.582841],[7.258430391215232,51.58281091563379],[7.260045,51.582895]],[[7.257496565115719,51.58256143628446],[7.25678,51.58237],[7.256736950317674,51.58234012761494],[7.257496565115719,51.58256143628446]],[[7.2560694457768555,51.581876942950316],[7.255287,51.581334],[7.255236507219395,51.581255912099124],[7.2560694457768555,51.581876942950316]],[[7.253535730936646,51.57862563410327],[7.252770090871474,51.57744155937422],[7.252805,51.577478],[7.253535730936646,51.57862563410327]],[[7.252586554953964,51.577249971558395],[7.251666108297584,51.57647249259724],[7.25203,51.576669],[7.252586554953964,51.577249971558395]],[[7.251173418652328,51.57620643222292],[7.249714865191506,51.575715112567636],[7.250793,51.576001],[7.251173418652328,51.57620643222292]],[[7.256994882551617,51.52731829598543],[7.256588,51.527406],[7.256553774908753,51.52737203716999],[7.256994882551617,51.52731829598543]],[[7.2564329115361605,51.52725209995351],[7.256327,51.527147],[7.256274,51.526724],[7.2564329115361605,51.52725209995351]],[[7.255337,51.521378],[7.255436,51.520005],[7.255512,51.520488],[7.255337,51.521378]],[[7.254485794941794,51.51989592716585],[7.255044,51.519871],[7.255436,51.520005],[7.254485794941794,51.51989592716585]],[[7.17131375266234,51.504531845483406],[7.170287265648534,51.5044121821521],[7.170881,51.504422],[7.17131375266234,51.504531845483406]],[[7.168754379040016,51.504386834709216],[7.1681847246074,51.50445895124018],[7.168462,51.504382],[7.168754379040016,51.504386834709216]],[[7.166672604838393,51.50487860438874],[7.166422367372933,51.50496794758168],[7.166473,51.504934],[7.166672604838393,51.50487860438874]],[[7.152615274848971,51.50376524611262],[7.152538354383091,51.50357991425187],[7.152617,51.50374],[7.152615274848971,51.50376524611262]],[[7.152252,51.50313],[7.151829,51.502136],[7.152310696960558,51.50311651005677],[7.15167,51.503411],[7.152252,51.50313]],[[7.151006,51.504131],[7.151570661729579,51.503518716196844],[7.150223,51.505273],[7.151006,51.504131]],[[7.102112,51.480932],[7.102305,51.481425],[7.101936,51.480783],[7.102226790724357,51.48086549961562],[7.102112,51.480932]],[[7.098003,51.482755],[7.101297,51.481038],[7.101936,51.480783],[7.098003,51.482755]],[[7.113395,51.4724],[7.11405050410264,51.47194134106428],[7.114043,51.472021],[7.113395,51.4724]],[[7.114052366128024,51.47192157494867],[7.113755,51.471835],[7.114056,51.471883],[7.114052366128024,51.47192157494867]],[[7.132867,51.442012],[7.133876859441563,51.44215987922458],[7.133901,51.442178],[7.132867,51.442012]],[[7.137553,51.425283],[7.142194,51.42349],[7.142986826737097,51.423318305037824],[7.137553,51.425283]],[[7.1446504527144175,51.422716792009396],[7.14633,51.421896],[7.144979,51.422598],[7.1446504527144175,51.422716792009396]],[[7.228654638358392,51.41047751777732],[7.228716,51.410453],[7.229505383152179,51.41056935954484],[7.228654638358392,51.41047751777732]],[[7.2303313954876725,51.41069111843863],[7.230412,51.410703],[7.231749290625429,51.411128708740335],[7.2303313954876725,51.41069111843863]],[[7.233431537481331,51.411647883176876],[7.236537,51.412043],[7.233487,51.411665],[7.233431537481331,51.411647883176876]],[[7.250413911361205,51.411950143480865],[7.250529,51.411975],[7.2518470832426685,51.4129345886204],[7.250413911361205,51.411950143480865]],[[7.252689020690259,51.41354753442507],[7.252724,51.413573],[7.253867,51.415025],[7.252689020690259,51.41354753442507]],[[7.254692,51.411469],[7.255662,51.409925],[7.255794,51.409783],[7.254692,51.411469]],[[7.252742,51.388619],[7.254331,51.385565],[7.254574,51.38517],[7.252742,51.388619]],[[7.256504,51.385699],[7.257133872666321,51.38512664995161],[7.257136,51.385168],[7.256504,51.385699]],[[7.257611,51.383657],[7.257987334686223,51.383804780206056],[7.255909,51.383295],[7.25712,51.384857],[7.257130326384609,51.385057719100836],[7.2556781444137854,51.38318290334678],[7.257611,51.383657]],[[7.259243241972636,51.38429795355511],[7.259251,51.384301],[7.25925113338739,51.38430109229261],[7.259243241972636,51.38429795355511]],[[7.297077,51.374779],[7.2972,51.374461],[7.296288,51.37339],[7.301135,51.374004],[7.302093,51.373074],[7.298034,51.37122],[7.300118,51.370145],[7.297729,51.369059],[7.300001,51.366375],[7.298273,51.365443],[7.298469,51.365218],[7.298253,51.36518],[7.298719,51.364904],[7.297581,51.363952],[7.298235,51.363616],[7.297254,51.363411],[7.296928,51.363057],[7.29636,51.363137],[7.295466,51.362138],[7.295848,51.362025],[7.29604,51.361683],[7.29584,51.361554],[7.295696,51.360249],[7.29601,51.360089],[7.295949,51.359955],[7.301674,51.360907],[7.301977,51.360287],[7.303832,51.360157],[7.308429,51.360844],[7.30853,51.360559],[7.308764,51.360591],[7.30976,51.361021],[7.310772,51.361165],[7.310881,51.360969],[7.310735,51.360683],[7.311252,51.360927],[7.311401,51.360626],[7.311233,51.360472],[7.31159,51.360125],[7.312139,51.360137],[7.312375,51.360557],[7.313547,51.361172],[7.313482,51.361286],[7.314648,51.361408],[7.314828,51.362314],[7.316008,51.36253],[7.315684,51.362947],[7.32368,51.364017],[7.329577,51.365756],[7.329384,51.366284],[7.32997,51.366062],[7.330412,51.366463],[7.331248,51.366215],[7.332099,51.36551],[7.332881,51.3642],[7.337252,51.364068],[7.341631,51.361549],[7.341251,51.361251],[7.34148,51.36068],[7.343403,51.360971],[7.345441,51.359394],[7.346931,51.357679],[7.342797,51.356772],[7.343851,51.355555],[7.343008,51.355313],[7.344547,51.354375],[7.344722,51.354004],[7.346172,51.353756],[7.346501,51.353318],[7.34693,51.353191],[7.347499,51.352449],[7.348599,51.352793],[7.351452,51.350702],[7.350398,51.350314],[7.350552,51.349589],[7.351824,51.348518],[7.352493,51.348865],[7.353931,51.349204],[7.356427,51.349257],[7.357682,51.349871],[7.360188,51.350296],[7.362741,51.35119],[7.362867,51.350901],[7.363446,51.350971],[7.36358,51.351137],[7.363469,51.351358],[7.363951,51.351542],[7.364114,51.351368],[7.366458,51.351449],[7.36751,51.351684],[7.367978,51.351033],[7.369869,51.350956],[7.369901,51.349668],[7.370354,51.349726],[7.369633,51.349481],[7.369743,51.347976],[7.36859,51.347895],[7.367766,51.347242],[7.368477,51.346519],[7.377664912818935,51.346951645935434],[7.3779,51.347118],[7.377955,51.347491],[7.377212,51.348415],[7.379907,51.351175],[7.380434,51.351311],[7.380642,51.351007],[7.381096,51.351116],[7.380939,51.351441],[7.384505,51.352398],[7.387888,51.351903],[7.389797,51.352243],[7.390301,51.352611],[7.393098,51.353642],[7.394514,51.353224],[7.39432,51.354536],[7.392902,51.354161],[7.391587,51.355447],[7.390687,51.355169],[7.390373,51.355551],[7.390081,51.355506],[7.389853,51.356156],[7.387847,51.357676],[7.387817,51.357952],[7.389564,51.359231],[7.395976,51.360463],[7.393022,51.363472],[7.392537,51.36326],[7.392009,51.363654],[7.392005,51.36416],[7.391308,51.364941],[7.39073,51.364978],[7.390263,51.365442],[7.390991,51.365593],[7.390377,51.366215],[7.391509,51.366626],[7.391304,51.366813],[7.393473,51.368946],[7.392773,51.369744],[7.395002,51.370559],[7.39572,51.371782],[7.394943,51.372017],[7.395366,51.372563],[7.397827,51.373942],[7.396813,51.374427],[7.396924,51.374569],[7.399144,51.374006],[7.401269,51.374418],[7.402334,51.37518],[7.404054,51.377191],[7.406436,51.379278],[7.407171,51.379516],[7.406119,51.380437],[7.40506,51.380507],[7.407563,51.38199],[7.40707,51.382275],[7.406703,51.383281],[7.407028,51.383573],[7.403895,51.383428],[7.40394,51.388565],[7.403249,51.391046],[7.402244,51.392826],[7.402531,51.394343],[7.404093,51.39612],[7.413823,51.401184],[7.414701,51.401479],[7.416339,51.401555],[7.420157,51.400462],[7.424529,51.397404],[7.426647,51.396517],[7.429017,51.395838],[7.428739,51.395543],[7.429655,51.395201],[7.430511,51.394525],[7.430374,51.393579],[7.431627,51.392736],[7.433239,51.392039],[7.434966,51.391857],[7.435251,51.393024],[7.436164,51.393902],[7.438872,51.393421],[7.440715,51.393955],[7.445152,51.3966],[7.450666,51.399172],[7.45039,51.399755],[7.450352,51.40074],[7.45048,51.404193],[7.450833,51.406351],[7.452166,51.408992],[7.454078,51.410906],[7.455184,51.411421],[7.45492,51.411765],[7.459535,51.41507],[7.462566,51.416475],[7.465077182102864,51.416876853933765],[7.464562,51.41728],[7.463757,51.41889],[7.463919,51.421897],[7.463586,51.424248],[7.464248,51.42532],[7.464912,51.425982],[7.464893,51.427186],[7.464653,51.427424],[7.464639,51.427869],[7.464935,51.428644],[7.465725,51.429819],[7.46753,51.431365],[7.466806,51.434528],[7.462594,51.433856],[7.462266,51.434205],[7.46144,51.436339],[7.458482,51.435924],[7.455791,51.436315],[7.452604,51.436147],[7.449217,51.435713],[7.445603,51.434813],[7.443616,51.434614],[7.441963,51.434719],[7.439739,51.435487],[7.438652,51.435662],[7.435148,51.435202],[7.42971,51.433872],[7.423422,51.431661],[7.422524,51.43413],[7.423448,51.43157],[7.413841,51.42842],[7.408363,51.426871],[7.404332,51.426824],[7.387847,51.421857],[7.388175,51.419802],[7.387141,51.418386],[7.386543,51.417176],[7.385516,51.415938],[7.382795,51.413854],[7.378198,51.411944],[7.370801,51.410064],[7.369246,51.410222],[7.368162,51.410642],[7.360882,51.407943],[7.360836,51.4077],[7.361185,51.407237],[7.359171,51.406911],[7.358553,51.406516],[7.356945,51.406197],[7.355915,51.406186],[7.355469,51.406573],[7.354918,51.406615],[7.355202,51.407501],[7.354697,51.407482],[7.354775,51.407801],[7.354344,51.408885],[7.354696,51.40892],[7.354644,51.409043],[7.353375,51.408951],[7.354346,51.404756],[7.361685,51.39843],[7.360232,51.397725],[7.356347,51.39982],[7.351342,51.401369],[7.349634,51.402144],[7.349155,51.402511],[7.349107,51.402967],[7.347689,51.402748],[7.345978,51.404785],[7.34462,51.406972],[7.344334,51.407876],[7.344094,51.409716],[7.344202,51.410083],[7.343677,51.409577],[7.343741,51.408389],[7.34335,51.408293],[7.339685,51.408739],[7.337377,51.408236],[7.335861,51.408966],[7.335044,51.409134],[7.333883,51.40908],[7.333051,51.409629],[7.331243,51.409529],[7.330837,51.408971],[7.330607,51.409079],[7.329581,51.408224],[7.327844,51.407215],[7.328941,51.406235],[7.327981,51.405144],[7.324441,51.403511],[7.323595,51.403884],[7.322364,51.403194],[7.321777,51.403622],[7.321167,51.403359],[7.322172,51.402707],[7.31858,51.401108],[7.31758,51.39956],[7.315494,51.397538],[7.315235,51.394047],[7.317793,51.393714],[7.318769,51.393128],[7.319497,51.391934],[7.318609,51.391255],[7.317595,51.391391],[7.31658,51.390746],[7.316581,51.3898],[7.315928,51.389048],[7.314239,51.387917],[7.311421,51.386501],[7.310616,51.384195],[7.310131,51.383696],[7.309107,51.383193],[7.309079,51.382363],[7.309532,51.380722],[7.308678,51.379741],[7.308856,51.379393],[7.306374,51.378723],[7.304375,51.378999],[7.303184,51.378613],[7.301648,51.378444],[7.299825,51.377329],[7.297902,51.376621],[7.2956,51.377463],[7.297796,51.376626],[7.297209,51.3759],[7.297077,51.374779]],[[7.497450575904269,51.417426359455895],[7.497723299843777,51.41751029875777],[7.497488,51.417449],[7.497450575904269,51.417426359455895]],[[7.500451368855766,51.41822099723878],[7.5020514228401245,51.41842862717099],[7.50115,51.418403],[7.500451368855766,51.41822099723878]],[[7.579479397819076,51.394168082250594],[7.579535840744971,51.39414654587178],[7.579529,51.394155],[7.579479397819076,51.394168082250594]],[[7.579603407250384,51.39406304386981],[7.579312,51.393517],[7.579635,51.394024],[7.579603407250384,51.39406304386981]],[[7.584509,51.390812],[7.586309900558099,51.39038681177067],[7.586042,51.39053],[7.584509,51.390812]],[[7.613446579215812,51.38583144530734],[7.613521,51.385875],[7.614017,51.38688],[7.613446579215812,51.38583144530734]],[[7.614105154755397,51.38797945818529],[7.614095,51.387975],[7.614017,51.38688],[7.614105154755397,51.38797945818529]],[[7.617625291254826,51.39122038559168],[7.618252,51.391325],[7.617627,51.391228],[7.617625291254826,51.39122038559168]],[[7.63026226136926,51.40363127731718],[7.630344,51.403656],[7.630967,51.4044],[7.63026226136926,51.40363127731718]],[[7.63139,51.404548],[7.632061,51.405542],[7.632057627348687,51.40554598947839],[7.63139,51.404548]],[[7.632372,51.407174],[7.632171,51.407487],[7.631884658453188,51.40764479812797],[7.632372,51.407174]],[[7.630279,51.408129],[7.631408115528917,51.407907413114096],[7.631202,51.408021],[7.630120395510127,51.40823389043597],[7.630279,51.408129]],[[7.634145025190423,51.452270014873214],[7.627154806183187,51.45085726467327],[7.627262,51.450853],[7.634145025190423,51.452270014873214]],[[7.635116366593714,51.452574948418224],[7.635451,51.45268],[7.635637520123834,51.45279916563467],[7.635116366593714,51.452574948418224]],[[7.687161,51.471331],[7.695522282891779,51.473588420267916],[7.694639,51.473417],[7.687161,51.471331]],[[6.982724247193085,51.62338019557033],[6.982111466230145,51.62312821539535],[6.983164341669585,51.6233857055515],[6.982724247193085,51.62338019557033]],[[6.987532,51.622126],[6.987495,51.622804],[6.98733,51.623594],[6.987532,51.622126]],[[7.03314069566935,51.62940968872079],[7.033151,51.62944],[7.0331,51.631116],[7.03314069566935,51.62940968872079]],[[7.066923620341185,51.61500302805717],[7.066775,51.615056],[7.065281,51.615263],[7.066923620341185,51.61500302805717]],[[7.067548185386515,51.614721891210735],[7.06767,51.614737],[7.067493288164617,51.61479998444188],[7.067548185386515,51.614721891210735]],[[7.111351,51.590914],[7.105295,51.594073],[7.104853,51.594266],[7.111351,51.590914]],[[7.143996629668815,51.552367096062405],[7.151223,51.550994],[7.144581,51.552345],[7.143996629668815,51.552367096062405]],[[7.167871788787844,51.55227481143916],[7.167835,51.552276],[7.168113,51.55171],[7.167871788787844,51.55227481143916]],[[7.169744,51.551105],[7.169766978870051,51.551111158109094],[7.169467,51.55122],[7.169744,51.551105]],[[7.179709,51.552667],[7.177607,51.55471],[7.179882,51.552448],[7.179709,51.552667]],[[7.205332646748353,51.559946069838],[7.203823,51.559508],[7.19693,51.556901],[7.205332646748353,51.559946069838]],[[7.221451,51.563114],[7.2222840815347915,51.56337974013638],[7.215277,51.561922],[7.221451,51.563114]],[[7.225981,51.564559],[7.226212370621924,51.56468211135954],[7.2258799515138765,51.564526767094385],[7.225981,51.564559]],[[7.22986,51.566623],[7.230307442723993,51.56698758296029],[7.229063482343889,51.5661991762201],[7.22986,51.566623]],[[7.235383551599773,51.57087142592964],[7.23475,51.570534],[7.234417939337617,51.57026299939455],[7.235383551599773,51.57087142592964]],[[7.237576783464032,51.57189716866227],[7.237005,51.571735],[7.236381118784871,51.57140272446148],[7.237576783464032,51.57189716866227]],[[7.255285,51.38293],[7.255277301825993,51.382857508861434],[7.255343839480457,51.38296785047176],[7.255285,51.38293]],[[7.255198095015493,51.382111644729235],[7.255307,51.382286],[7.2552437320566,51.38254139353299],[7.255198095015493,51.382111644729235]],[[7.250417,51.37928],[7.255104,51.381961],[7.255119686870768,51.38198611444827],[7.250417,51.37928]],[[7.225192,51.364701],[7.225242022257119,51.364675642182526],[7.223575,51.367517],[7.225192,51.364701]],[[7.22825,51.362926],[7.2282696445381225,51.3629204021233],[7.228257,51.363326],[7.22825,51.362926]],[[7.229553,51.362299],[7.2297208201214325,51.36212048773787],[7.229573,51.362549],[7.229553,51.362299]],[[7.229914,51.361915],[7.230009684697163,51.36190858936273],[7.2298460365084605,51.36198729357549],[7.229914,51.361915]],[[7.230451732118804,51.36169599309385],[7.230564,51.361536],[7.231718,51.361087],[7.230451732118804,51.36169599309385]],[[7.232127364825828,51.360312022769754],[7.232089,51.360555],[7.231822356039849,51.36093735737682],[7.232127364825828,51.360312022769754]],[[7.232229844782555,51.35957671000373],[7.232242,51.359586],[7.232228468085107,51.359671702127656],[7.232229844782555,51.35957671000373]],[[7.231663,51.356018],[7.232002,51.356586],[7.231987611500933,51.356603269691234],[7.231663,51.356018]],[[7.177696337171181,51.310179269191295],[7.177817,51.310196],[7.177843245579142,51.31021366725755],[7.177696337171181,51.310179269191295]],[[7.177698,51.307957],[7.177374,51.308586],[7.177135013457078,51.30872872807424],[7.177698,51.307957]],[[7.179577,51.303839],[7.180709,51.30539],[7.180712335944379,51.305440873151774],[7.179577,51.303839]],[[7.195583,51.294719],[7.197091,51.294902],[7.195518925488449,51.29474516375888],[7.195583,51.294719]],[[7.199017677354829,51.29487808241335],[7.198967,51.294907],[7.19784,51.294573],[7.199017677354829,51.29487808241335]],[[7.265860672490008,51.31172084708868],[7.265849,51.311741],[7.26478,51.31263],[7.265860672490008,51.31172084708868]],[[7.262892134406858,51.304954352069146],[7.26293,51.305089],[7.262852,51.305771],[7.262892134406858,51.304954352069146]],[[7.263476,51.303873],[7.262644,51.304072],[7.262735651821863,51.30439790875117],[7.262638,51.304135],[7.262137852537314,51.300550207155524],[7.262729,51.30399],[7.263476,51.303873]],[[7.261136,51.29624],[7.261763,51.298369],[7.261931651476713,51.29935035605652],[7.261136,51.29624]],[[7.264763,51.285188],[7.263712,51.285935],[7.263627278435513,51.28589806298147],[7.264763,51.285188]],[[7.275501,51.275206],[7.275525841263265,51.27517344028328],[7.274722,51.277877],[7.275501,51.275206]],[[7.2732773457876645,51.25971557745958],[7.273216,51.259719],[7.272297,51.259429],[7.2732773457876645,51.25971557745958]],[[7.274914700076093,51.25954264633141],[7.274632,51.25964],[7.273524502963929,51.25970178832334],[7.274914700076093,51.25954264633141]],[[7.275524646056823,51.25916051792162],[7.275387,51.25938],[7.2752181573045585,51.259438144504394],[7.275524646056823,51.25916051792162]],[[7.282916,51.250024],[7.283144103201167,51.24994956212246],[7.280229,51.252741],[7.282916,51.250024]],[[7.284059,51.249651],[7.284738328234355,51.24961787072586],[7.283838076217866,51.24972309498752],[7.284059,51.249651]],[[7.285966,51.249558],[7.288704,51.249722],[7.2852279909588695,51.24959399100201],[7.285966,51.249558]],[[7.298867,51.250056],[7.29919119275375,51.25015856279846],[7.298718942939211,51.25006388469554],[7.298867,51.250056]],[[7.299417,51.25023],[7.300038,51.250749],[7.299384799509043,51.25021981293559],[7.299417,51.25023]],[[7.301847998415223,51.252811285261494],[7.301805,51.252799],[7.301786690061345,51.25277926331288],[7.301847998415223,51.252811285261494]],[[7.303244845138363,51.253161285269584],[7.303156,51.253185],[7.302915816,51.253116376],[7.303244845138363,51.253161285269584]],[[7.304689522591893,51.252775668937794],[7.306483923986147,51.251725934648015],[7.306479,51.251735],[7.304689522591893,51.252775668937794]],[[7.306548065511748,51.251395323045266],[7.30663,51.251457],[7.306523040031193,51.25165391967767],[7.306548065511748,51.251395323045266]],[[7.304699556770467,51.25003596151088],[7.304818,51.250093],[7.305154407723836,51.250346234070264],[7.304699556770467,51.25003596151088]],[[7.296798,51.246554],[7.2968510351117875,51.24650910444688],[7.296497,51.247679],[7.296798,51.246554]],[[7.303211587484037,51.24324604469987],[7.303194,51.243282],[7.303175970610982,51.24329699898237],[7.303211587484037,51.24324604469987]],[[7.3037177215953,51.242521958100504],[7.305912669879389,51.240946598208694],[7.305828,51.241049],[7.3037177215953,51.242521958100504]],[[6.955393,51.501873],[6.942529826348037,51.49853498114929],[6.942656,51.498547],[6.955393,51.501873]],[[6.997653,51.531937],[6.997479,51.531666],[6.997983323730072,51.532055008029126],[6.997653,51.531937]],[[6.999041854693879,51.53352589632653],[6.998826,51.532961],[6.999089,51.533489],[6.999041854693879,51.53352589632653]],[[7.001379539810526,51.533936219357685],[7.001235100930425,51.5339201545123],[7.001292,51.533914],[7.001379539810526,51.533936219357685]],[[7.002143,51.534202],[7.002049040733051,51.53410615210457],[7.002295885960811,51.53416880636866],[7.002143,51.534202]],[[7.009567,51.532656],[7.00792,51.532702],[7.014032,51.532408],[7.009567,51.532656]],[[7.073694,51.493387],[7.071889,51.494907],[7.073698119901038,51.49337507605565],[7.073694,51.493387]],[[7.122511,51.30194],[7.12381,51.301608],[7.123998824663151,51.30167454507849],[7.122511,51.30194]],[[7.16742578181757,51.3127720338484],[7.166782,51.313034],[7.167115943714384,51.312787888057066],[7.16742578181757,51.3127720338484]],[[7.168183358642063,51.31260229107118],[7.168506,51.31253],[7.169273452007862,51.31251966891528],[7.168183358642063,51.31260229107118]],[[7.170128269715997,51.31245487916042],[7.170324889521182,51.312283989848254],[7.170285,51.312443],[7.170128269715997,51.31245487916042]],[[7.170382393907001,51.31205476220039],[7.170302,51.311962],[7.170426970364515,51.31187706868431],[7.170382393907001,51.31205476220039]],[[7.170676992042119,51.31098686490814],[7.17068,51.310972],[7.171374,51.310859],[7.170676992042119,51.31098686490814]],[[7.171733167223031,51.310501534218275],[7.171756,51.310493],[7.172393,51.310666],[7.171733167223031,51.310501534218275]],[[7.174723528304263,51.31020675465434],[7.174716,51.310213],[7.172957,51.310098],[7.174723528304263,51.31020675465434]],[[6.907690733020923,51.365431630015294],[6.907707,51.365419],[6.913246,51.362068],[6.907690733020923,51.365431630015294]],[[7.04885,51.362481],[7.050439,51.362077],[7.048821625147896,51.362514415407766],[7.04885,51.362481]],[[7.051901,51.362382],[7.051857227319185,51.362372868216376],[7.054439,51.362291],[7.054652148640252,51.362319640630815],[7.051901,51.362382]],[[7.055533,51.362438],[7.056017,51.362578],[7.055283411849567,51.36240446301817],[7.055533,51.362438]],[[7.099457,51.371071],[7.098921,51.371315],[7.09961,51.370893],[7.099457,51.371071]],[[7.101827,51.374934],[7.10128,51.374354],[7.101280682947906,51.37426658266803],[7.101827,51.374934]],[[7.115166385857746,51.37657682623251],[7.11508,51.376635],[7.115031927667293,51.37660861184601],[7.115166385857746,51.37657682623251]],[[7.115943,51.375657],[7.11587,51.376103],[7.115848113209314,51.376117738952715],[7.115943,51.375657]],[[7.1591,51.328629],[7.160424,51.328616],[7.159087495274913,51.32863489404001],[7.1591,51.328629]],[[7.162376773557597,51.327985854183446],[7.161376,51.328281],[7.160721,51.328303],[7.162376773557597,51.327985854183446]],[[7.163418,51.327581],[7.163647331717892,51.32761114411756],[7.163344101355133,51.327700572112875],[7.163418,51.327581]],[[7.164310258103138,51.32729513047882],[7.16417,51.327457],[7.1639873029810905,51.3275108805811],[7.164310258103138,51.32729513047882]],[[7.166621852420301,51.325377916174745],[7.166533,51.325553],[7.166519365927371,51.325564803308914],[7.166621852420301,51.325377916174745]],[[7.166674,51.324711],[7.166872,51.324885],[7.166866129107821,51.3248965686017],[7.166674,51.324711]],[[7.16977263971281,51.31733412551222],[7.169783,51.317352],[7.168835,51.317827],[7.16977263971281,51.31733412551222]],[[7.168988392018664,51.316000818549895],[7.169004,51.316008],[7.169257487186664,51.31644533861216],[7.168988392018664,51.316000818549895]],[[7.117315,51.382589],[7.117836650222099,51.38208420741524],[7.117852,51.382115],[7.117315,51.382589]],[[7.133724,51.552915],[7.134263,51.552531],[7.1342886585296945,51.552536610518956],[7.133724,51.552915]],[[7.142816908285109,51.551901271366596],[7.14287,51.55189],[7.143049609741033,51.551960081370915],[7.142816908285109,51.551901271366596]],[[7.143242509184011,51.55203534820965],[7.143298,51.552057],[7.143076,51.552261],[7.143242509184011,51.55203534820965]],[[7.143476950256607,51.55238674604822],[7.143338,51.552392],[7.143076,51.552261],[7.143476950256607,51.55238674604822]],[[6.997852,51.61986],[6.997834068336073,51.619880611107966],[6.997154,51.618448],[6.997852,51.61986]],[[6.979709,51.621217],[6.981699001357472,51.62295860671448],[6.98152,51.622885],[6.979709,51.621217]],[[6.976448,51.546382],[6.975723097207612,51.546472896082285],[6.983051,51.544867],[6.976448,51.546382]],[[6.997058,51.538966],[6.996986691253844,51.539014152572676],[6.997251198098618,51.538421954154295],[6.997058,51.538966]],[[6.998305521988674,51.534588361784266],[6.998568,51.534969],[6.998309,51.534636],[6.998305521988674,51.534588361784266]],[[6.9982880596170975,51.53417465955771],[6.998284374920026,51.534298711025805],[6.998276,51.534184],[6.9982880596170975,51.53417465955771]],[[7.066765,51.615828],[7.067265930565773,51.61890359534379],[7.067222,51.618809],[7.066765,51.615828]],[[7.11678,51.625678],[7.120569,51.625801],[7.120596212384751,51.62581675346731],[7.11678,51.625678]],[[7.128546,51.629846],[7.131676,51.631303],[7.131950803843222,51.63145054099471],[7.128546,51.629846]],[[7.134049,51.633462],[7.134753,51.63415],[7.13594,51.635319],[7.134049,51.633462]],[[7.174018380843659,51.65058532365328],[7.174239613212084,51.6505138591015],[7.174058,51.650598],[7.174018380843659,51.65058532365328]],[[7.174748608945344,51.65027804278706],[7.175272,51.649714],[7.174889,51.650213],[7.174748608945344,51.65027804278706]],[[7.149596,51.629149],[7.154025,51.627263],[7.1486864077152745,51.629591379658095],[7.149596,51.629149]],[[7.160668,51.606262],[7.16084692784549,51.60601519774742],[7.160711369475184,51.60645478014388],[7.160668,51.606262]],[[7.161849,51.604633],[7.162065988270712,51.604491196261684],[7.161455777144145,51.6051753878342],[7.161849,51.604633]],[[7.162533,51.604186],[7.163585,51.603923],[7.1621951217717985,51.604406806385974],[7.162533,51.604186]],[[7.149941,51.717383],[7.14656,51.720033],[7.146437761813635,51.7200595124715],[7.149941,51.717383]],[[7.043782,51.647029],[7.043663123094758,51.6471655380267],[7.043807117254603,51.646940785237526],[7.043782,51.647029]],[[7.056656,51.689138],[7.056871,51.689374],[7.055013,51.688325],[7.056656,51.689138]],[[7.056762,51.689491],[7.056113218772242,51.689607392645506],[7.056871,51.689374],[7.056762,51.689491]],[[7.0527829911101465,51.691087091717264],[7.0528,51.691046],[7.054489,51.690932],[7.0527829911101465,51.691087091717264]],[[7.140666,51.715347],[7.1407097930973285,51.715364733120396],[7.135834,51.715157],[7.140666,51.715347]],[[7.142090226008014,51.71884191759695],[7.142069,51.718795],[7.142041,51.716259],[7.142090226008014,51.71884191759695]],[[7.142581168789822,51.71968609959572],[7.142435,51.719604],[7.142224106029289,51.7191378436549],[7.142581168789822,51.71968609959572]],[[7.1434566492062865,51.720101977031476],[7.14327,51.720073],[7.143048276581379,51.71994846313373],[7.1434566492062865,51.720101977031476]],[[7.145170851886411,51.72033429496248],[7.14508,51.720354],[7.144393805176539,51.72024746920144],[7.145170851886411,51.72033429496248]],[[7.299817,51.313146],[7.298748,51.31173],[7.300260163526469,51.31358258839996],[7.299817,51.313146]],[[7.300411825974261,51.313732000663066],[7.30179,51.314522],[7.300491,51.31381],[7.300411825974261,51.313732000663066]],[[7.302601752465117,51.341931766145045],[7.302346485674524,51.342897787625084],[7.302435,51.342342],[7.302601752465117,51.341931766145045]],[[7.302321189162375,51.34305662618974],[7.304266,51.343777],[7.302306,51.343152],[7.302321189162375,51.34305662618974]],[[7.309944719539258,51.355148998005454],[7.310145,51.35652],[7.309911,51.355163],[7.309944719539258,51.355148998005454]],[[7.377218651956396,51.3463061920059],[7.377204,51.346285],[7.377349,51.346114],[7.377218651956396,51.3463061920059]],[[7.375951724928268,51.342750316498694],[7.375923,51.342724],[7.376767208478977,51.34203832465815],[7.375951724928268,51.342750316498694]],[[7.376980542358057,51.34186505255284],[7.377004,51.341846],[7.378434,51.341515],[7.376980542358057,51.34186505255284]],[[7.392869542103294,51.324930797193474],[7.393563,51.325658],[7.393266,51.326319],[7.3935,51.325738],[7.392869542103294,51.324930797193474]],[[7.410343,51.326791],[7.410914,51.326733],[7.411083,51.326721],[7.410343,51.326791]],[[7.422586,51.326847],[7.421610070890315,51.324625036148255],[7.421634,51.324638],[7.422586,51.326847]],[[7.420994,51.324733],[7.420789,51.324486],[7.420795334922687,51.32433142788643],[7.420994,51.324733]],[[7.421498241123393,51.322313818141886],[7.421576,51.322229],[7.421650463585828,51.32219684444863],[7.421498241123393,51.322313818141886]],[[7.42408927106227,51.31986027026597],[7.422939,51.318963],[7.424097,51.319835],[7.42408927106227,51.31986027026597]],[[7.401148,51.30063],[7.400617,51.300269],[7.40051276512638,51.30005392023639],[7.401148,51.30063]],[[7.40046116427556,51.29994744628567],[7.400412,51.299846],[7.400480816803301,51.299860216644994],[7.40046116427556,51.29994744628567]],[[7.308909,51.307788],[7.306148,51.307592],[7.308854,51.307727],[7.308858935089294,51.307362093691644],[7.308909,51.307788]],[[7.309687,51.307602],[7.309973150575255,51.30762746418603],[7.308909,51.307788],[7.309687,51.307602]],[[7.308569,51.305548],[7.308556,51.304785],[7.308688617845349,51.305913190905336],[7.308569,51.305548]],[[7.312689381584725,51.29967100967996],[7.312666,51.299755],[7.309981,51.300603],[7.312689381584725,51.29967100967996]],[[7.313706717545703,51.29517889971445],[7.313348,51.295492],[7.310568,51.29687],[7.313706717545703,51.29517889971445]],[[7.315724,51.292882],[7.314905,51.294133],[7.3144384210852325,51.294540245179945],[7.315724,51.292882]],[[7.320145251517946,51.27898139505113],[7.320181,51.279131],[7.31969,51.281084],[7.320145251517946,51.27898139505113]],[[7.318687,51.276989],[7.320035,51.27852],[7.320085869840116,51.27873288679665],[7.318687,51.276989]],[[7.319093,51.272606],[7.319087294414982,51.272617031446806],[7.318912411017048,51.27217221932597],[7.319093,51.272606]],[[7.311714,51.268202],[7.311256881552965,51.268047102935874],[7.312225,51.268218],[7.311714,51.268202]],[[7.303555,51.264949],[7.303427467925143,51.26482366404944],[7.303585590030808,51.264947597591714],[7.303555,51.264949]],[[7.302742,51.26415],[7.302746490066367,51.26413282788448],[7.302794584773395,51.26420167925454],[7.302742,51.26415]],[[7.30293,51.263431],[7.303316,51.26297],[7.302920236989766,51.26346833832105],[7.30293,51.263431]],[[7.3039987895067435,51.26205158091738],[7.304042,51.262146],[7.303992536171661,51.262264562153426],[7.3039987895067435,51.26205158091738]],[[7.30375793750347,51.260216168119],[7.30382,51.260337],[7.303958,51.261113],[7.30375793750347,51.260216168119]],[[7.302969,51.259373],[7.303575,51.25986],[7.3036467739162045,51.25999973942053],[7.302969,51.259373]],[[7.311917206394992,51.307802201399625],[7.311642187006251,51.307775989675164],[7.311912,51.3078],[7.311917206394992,51.307802201399625]],[[7.324554,51.310393],[7.324487487513362,51.31038474173823],[7.324543248310633,51.31037290363246],[7.324554,51.310393]],[[7.353828,51.317765],[7.352206,51.316641],[7.354004813116484,51.317839294713266],[7.353828,51.317765]],[[7.35468,51.318123],[7.354529118308901,51.31805960135515],[7.364669,51.321132],[7.35468,51.318123]],[[7.39150102369441,51.32332593656178],[7.391091892943275,51.32324211465179],[7.391129,51.323137],[7.39150102369441,51.32332593656178]],[[7.391941101552577,51.32374207416829],[7.391691724964414,51.3234227864206],[7.391765,51.32346],[7.391941101552577,51.32374207416829]],[[7.30127755156506,51.62600686071394],[7.301249,51.626025],[7.301192872757564,51.626002268587726],[7.30127755156506,51.62600686071394]],[[7.338835,51.604705],[7.338765,51.604576],[7.338866043563879,51.604707446052124],[7.338835,51.604705]],[[7.336884,51.602125],[7.337087,51.601875],[7.33690123991974,51.60233041180967],[7.336884,51.602125]],[[7.341855,51.5995],[7.341756,51.600171],[7.341728207963218,51.60018387830863],[7.341855,51.5995]],[[7.368828,51.591865],[7.369030859598628,51.59179550758365],[7.364216,51.594019],[7.368828,51.591865]],[[7.413216,51.596236],[7.41323137228289,51.59624852741236],[7.406214,51.594202],[7.413216,51.596236]],[[7.414448,51.59724],[7.414546076407904,51.597380919207076],[7.413785471203883,51.596700082052514],[7.414448,51.59724]],[[7.414915,51.597911],[7.414912425792881,51.59791340421231],[7.414889435775864,51.59787426853449],[7.414915,51.597911]],[[7.414809,51.59801],[7.418953,51.600037],[7.426337,51.603125],[7.419022,51.600071],[7.414809,51.59801]],[[7.485445,51.590995],[7.488563,51.592131],[7.485237711591629,51.5909488492062],[7.485445,51.590995]],[[7.497969,51.592254],[7.490497,51.592488],[7.490452359335646,51.59247975971191],[7.497969,51.592254]],[[7.590692,51.565873],[7.592172,51.565162],[7.590756781150204,51.565891808936264],[7.590692,51.565873]],[[7.739069,51.56509],[7.739083451612909,51.565099290322586],[7.734482,51.564179],[7.739069,51.56509]],[[7.740287,51.565873],[7.739672,51.565551],[7.73915939929946,51.56514811383536],[7.740287,51.565873]],[[7.742284194378157,51.56575077340167],[7.742165,51.565785],[7.740834,51.565607],[7.742284194378157,51.56575077340167]],[[7.7464446919034815,51.56631123265787],[7.746381,51.566294],[7.744554,51.565099],[7.7464446919034815,51.56631123265787]],[[7.747889089352797,51.56665864991601],[7.747767,51.566669],[7.747736609780275,51.56666077753795],[7.747889089352797,51.56665864991601]],[[7.806791370285647,51.572499777182365],[7.80674,51.572476],[7.805715,51.571792],[7.806791370285647,51.572499777182365]],[[7.824241910042431,51.57790535898161],[7.824267070772123,51.57796033983538],[7.821745,51.57799],[7.824241910042431,51.57790535898161]],[[7.901523135524848,51.59566929731479],[7.901316,51.59566],[7.899089,51.595286],[7.901523135524848,51.59566929731479]],[[7.905448389076057,51.59575290346814],[7.905148,51.595832],[7.9016895112264836,51.59567676511768],[7.905448389076057,51.59575290346814]],[[7.906399928129278,51.59537877272859],[7.906162,51.595565],[7.905956195065343,51.59561919124019],[7.906399928129278,51.59537877272859]],[[7.910795,51.59217],[7.909469,51.595491],[7.909963,51.594046],[7.910795,51.59217]],[[7.930734832296652,51.59065348935353],[7.933835724287193,51.59267933272443],[7.933766,51.592687],[7.930734832296652,51.59065348935353]],[[7.979489,51.574358],[7.979539196082159,51.57433516801877],[7.979323,51.574577],[7.979489,51.574358]],[[7.314419,51.523115],[7.31437454437393,51.523189463173665],[7.313933,51.522655],[7.314419,51.523115]],[[7.29312525038363,51.444161852429666],[7.293228,51.444266],[7.293233668966168,51.44436950157927],[7.29312525038363,51.444161852429666]],[[7.293267523589859,51.44498760493605],[7.293294,51.445471],[7.292995,51.446879],[7.293267523589859,51.44498760493605]],[[7.293708,51.456204],[7.296725,51.456745],[7.295856,51.456697],[7.293708,51.456204]],[[7.297608,51.456379],[7.298383285525633,51.45639774099871],[7.298372,51.456406],[7.297608,51.456379]],[[7.256577249846958,51.41782750127492],[7.256658,51.417911],[7.256752023396298,51.4181018427857],[7.256577249846958,51.41782750127492]],[[7.258224769607129,51.421009836504766],[7.258427330202974,51.42128463097347],[7.258298,51.421172],[7.258224769607129,51.421009836504766]],[[7.259241717894756,51.42199386421054],[7.259497095466897,51.42217408319341],[7.25939,51.422123],[7.259241717894756,51.42199386421054]],[[7.2602051290771765,51.422511806338065],[7.2609533504516435,51.42284538191288],[7.260824,51.422807],[7.2602051290771765,51.422511806338065]],[[7.262231350560208,51.42322460044829],[7.263553251106976,51.42360409585248],[7.263483,51.423596],[7.262231350560208,51.42322460044829]],[[7.2669970992079795,51.42406290485481],[7.267493,51.424127],[7.26793383234654,51.42427537002879],[7.2669970992079795,51.42406290485481]],[[7.268717048037943,51.42453897531001],[7.269451,51.424786],[7.271271,51.425684],[7.268717048037943,51.42453897531001]],[[7.276598261462452,51.43478050793474],[7.280893,51.437106],[7.276642,51.434836],[7.276598261462452,51.43478050793474]],[[7.28501,51.437985],[7.285373034537968,51.43863766865022],[7.285359,51.438626],[7.28501,51.437985]],[[7.28542296268129,51.43867918010163],[7.286070964631085,51.43917840152076],[7.28597,51.439134],[7.28542296268129,51.43867918010163]],[[7.511654,51.433345],[7.511648001321667,51.43309330545496],[7.511692758116661,51.43335558255132],[7.511654,51.433345]],[[7.515712,51.434453],[7.5119753525201265,51.433432742383516],[7.515939904023337,51.43449625185844],[7.515712,51.434453]],[[7.571714,51.47494],[7.570142,51.474498],[7.571747564833625,51.474933107085505],[7.571714,51.47494]],[[7.586667,51.464912],[7.584413,51.464366],[7.584741,51.46441],[7.586667,51.464912]],[[7.5911449948220895,51.46644637637018],[7.590362,51.466107],[7.590776,51.466268],[7.5911449948220895,51.46644637637018]],[[7.605819,51.477597],[7.604812069195082,51.47664100343813],[7.6058792871314616,51.47763246393227],[7.605819,51.477597]],[[7.6187,51.517078],[7.606346,51.51133],[7.6188087802916105,51.51709381251976],[7.6187,51.517078]],[[7.63794,51.520346],[7.632874120796198,51.519141163737245],[7.633319,51.519205],[7.63794,51.520346]],[[7.643622,51.518131],[7.643523,51.519624],[7.643617718021238,51.51811837812074],[7.643622,51.518131]],[[7.64345,51.517624],[7.643582767771429,51.51801535616345],[7.643338754606649,51.51745877477443],[7.64345,51.517624]],[[7.642339,51.515254],[7.642388846972648,51.51538436900539],[7.641482,51.514234],[7.642339,51.515254]],[[7.667682,51.49272],[7.663418,51.491558],[7.668009487959286,51.492746663946576],[7.667682,51.49272]],[[7.670556,51.492954],[7.668504124087626,51.492786937034275],[7.6685080090126325,51.49278100076132],[7.670556,51.492954]],[[7.656874,51.470902],[7.655717,51.470489],[7.655753123212664,51.470473739625135],[7.657571148102195,51.47101940010304],[7.656874,51.470902]],[[7.605221,51.47073],[7.605675,51.47029],[7.605908126595235,51.47025681391976],[7.605221,51.47073]],[[7.616913,51.467451],[7.617212,51.467148],[7.617238190958509,51.467138853951],[7.616913,51.467451]],[[7.618252599446244,51.46678461606639],[7.618976,51.466532],[7.619214,51.466463],[7.618252599446244,51.46678461606639]],[[7.620133,51.46682],[7.622002297689969,51.46642275007726],[7.622007,51.46643],[7.620133,51.46682]],[[7.634530240307019,51.45977396857726],[7.634385,51.458024],[7.634555,51.459717],[7.634530240307019,51.45977396857726]],[[7.697844,51.474039],[7.696705614452972,51.47381807151006],[7.698032744606409,51.47404757930029],[7.697844,51.474039]],[[7.700814,51.474174],[7.699552725521669,51.47411666934189],[7.701088275100449,51.47415795296991],[7.700814,51.474174]],[[7.702301,51.474087],[7.701451829815471,51.47413668245195],[7.707917,51.473169],[7.702301,51.474087]],[[7.794679014059826,51.46813855680972],[7.792811,51.468672],[7.794558,51.468143],[7.794679014059826,51.46813855680972]],[[7.797511436062844,51.4680530260809],[7.796110289770771,51.46808600564056],[7.797445,51.468037],[7.797511436062844,51.4680530260809]],[[7.80519,51.473651],[7.803708,51.472583],[7.805298132244995,51.473691646633625],[7.80519,51.473651]],[[7.80714,51.474384],[7.806305375812127,51.47407026690784],[7.807230259817887,51.47438846094652],[7.80714,51.474384]],[[7.8199172280285065,51.47223061140142],[7.8196479643268075,51.47221714821634],[7.819802,51.472204],[7.8199172280285065,51.47223061140142]],[[7.831761,51.477323],[7.829532,51.475875],[7.831842180682701,51.4773524298617],[7.831761,51.477323]],[[7.833394,51.477915],[7.832398039343485,51.4775539413909],[7.833653642437844,51.47795669303523],[7.833394,51.477915]],[[7.7515276559889665,51.51841983769903],[7.751633,51.518341],[7.753259,51.518008],[7.7515276559889665,51.51841983769903]],[[7.828107,51.514992],[7.83052,51.514867],[7.830544437544064,51.51488287581203],[7.828107,51.514992]],[[7.333929,51.520522],[7.334731,51.520338],[7.3347661643173945,51.52035205660916],[7.333929,51.520522]],[[7.335634752245249,51.520699266563035],[7.3369643568918415,51.521230763666786],[7.336845,51.521209],[7.335634752245249,51.520699266563035]],[[7.355693,51.524894],[7.3559849550485135,51.525816835831584],[7.355873,51.52571],[7.355693,51.524894]],[[7.356123665346332,51.52594920351141],[7.357576,51.526629],[7.356376,51.52619],[7.356123665346332,51.52594920351141]],[[7.358455726799091,51.5272918397916],[7.359013,51.527169],[7.358522,51.527321],[7.358455726799091,51.5272918397916]],[[7.36016906727719,51.52793502349186],[7.361428,51.528321],[7.360246,51.527986],[7.36016906727719,51.52793502349186]],[[7.632251810432591,51.54791357581143],[7.63224,51.547849],[7.632299960295533,51.54777075290717],[7.632251810432591,51.54791357581143]],[[7.633063,51.546775],[7.633453543634316,51.545606320308394],[7.633474,51.545619],[7.633063,51.546775]],[[7.832673,51.534191],[7.832847057507986,51.534025963765295],[7.832467,51.534749],[7.832673,51.534191]],[[7.913491,51.597543],[7.914118405883153,51.59574543235065],[7.914135,51.595748],[7.913491,51.597543]],[[8.014745,51.565139],[8.016651,51.564644],[8.016851869803599,51.56467622510218],[8.014745,51.565139]],[[8.01688393400435,51.56468136909161],[8.017025,51.564704],[8.019014,51.565397],[8.01688393400435,51.56468136909161]],[[8.022216513226066,51.56729909449141],[8.023808,51.5675],[8.022244,51.567315],[8.022216513226066,51.56729909449141]],[[8.086243440541994,51.62392850828535],[8.086431,51.62388],[8.086780003652708,51.62388909375715],[8.086243440541994,51.62392850828535]],[[7.686366,51.607764],[7.687091,51.606762],[7.687725,51.607005],[7.689156,51.607091],[7.690072,51.610359],[7.690552444444571,51.613411700503775],[7.689556,51.612842],[7.689937,51.614558],[7.689506,51.618061],[7.689176,51.61863],[7.688585,51.618729],[7.688219,51.620576],[7.688892,51.620578],[7.686925,51.626295],[7.685568,51.632155],[7.685377,51.634673],[7.685343,51.640761],[7.684667,51.645732],[7.683693,51.650411],[7.683262,51.650817],[7.68283,51.65065],[7.682145,51.652637],[7.681539,51.652423],[7.681428,51.652553],[7.681435,51.653832],[7.681004,51.654923],[7.680319,51.654385],[7.679402,51.655752],[7.67841,51.656113],[7.678803,51.656415],[7.678822,51.656996],[7.678477,51.657274],[7.677524,51.657353],[7.677383,51.658044],[7.676946,51.65871],[7.676272,51.659063],[7.675058,51.658837],[7.674759,51.659264],[7.67404,51.6589],[7.673035,51.658906],[7.672333,51.659202],[7.672288,51.65959],[7.673056,51.660415],[7.673016,51.660911],[7.672636,51.661135],[7.671938,51.66118],[7.669341,51.660906],[7.666524,51.660156],[7.66282,51.660069],[7.662028,51.659678],[7.661373,51.658424],[7.660597,51.657988],[7.658586,51.658944],[7.657745,51.658851],[7.656788,51.658182],[7.655809,51.657965],[7.654335,51.658111],[7.652592,51.658796],[7.651152,51.658724],[7.649611,51.657709],[7.649538,51.65714],[7.648355,51.655461],[7.647451,51.65375],[7.646642,51.653601],[7.645548,51.654284],[7.644826,51.654003],[7.644782,51.653273],[7.645834,51.651912],[7.645709,51.651242],[7.643885,51.649259],[7.641374,51.648134],[7.634397,51.647511],[7.63182,51.646581],[7.627666,51.645906],[7.626211,51.645424],[7.624663,51.646186],[7.620309,51.646011],[7.618476,51.646842],[7.616175,51.64705],[7.613985,51.648576],[7.612392,51.648612],[7.612074,51.648374],[7.611296,51.646692],[7.609307,51.645403],[7.609092,51.644012],[7.608768,51.643538],[7.6081,51.643238],[7.605835,51.643101],[7.603489,51.641692],[7.603459,51.641427],[7.603793,51.64111],[7.605366,51.640562],[7.605844,51.640222],[7.60612,51.639449],[7.605662,51.638815],[7.602107,51.637985],[7.601105,51.637934],[7.599382,51.638474],[7.597712,51.638685],[7.597451,51.63889],[7.597281,51.639648],[7.597004,51.639932],[7.594971,51.640248],[7.594422,51.641037],[7.593947,51.641348],[7.591993,51.641673],[7.590996,51.641569],[7.590573,51.641214],[7.591617,51.638829],[7.591458,51.638361],[7.590944,51.638018],[7.589731,51.638095],[7.587487,51.639092],[7.586995,51.638933],[7.586471,51.638082],[7.585842,51.637953],[7.583792,51.639583],[7.58273,51.639713],[7.582163,51.639185],[7.582518,51.638204],[7.581962,51.637416],[7.581088,51.637228],[7.579311,51.637527],[7.578634,51.637423],[7.578322,51.636974],[7.578617,51.635615],[7.578202,51.635114],[7.576008,51.633988],[7.571718,51.633026],[7.570015,51.631814],[7.56782,51.629197],[7.567734344913877,51.62897872835196],[7.568196,51.629636],[7.569437,51.629411],[7.570633,51.628861],[7.572733,51.6269],[7.572219,51.626664],[7.573975,51.625656],[7.574444,51.625816],[7.575426,51.625717],[7.576066,51.624928],[7.576658,51.624902],[7.578562,51.625206],[7.578739,51.625018],[7.580844,51.625472],[7.581935,51.624003],[7.577962,51.622901],[7.570853,51.620327],[7.566647,51.619385],[7.566783,51.619156],[7.566589,51.619126],[7.567036,51.618523],[7.568882,51.616435],[7.56892,51.615955],[7.567891,51.615324],[7.566806,51.615083],[7.566966,51.614807],[7.566806,51.613767],[7.566219,51.613106],[7.565655,51.613125],[7.565565,51.612871],[7.565666,51.612638],[7.566103,51.612548],[7.565966,51.612354],[7.565394,51.61177],[7.564608,51.61181],[7.564044,51.610404],[7.562884,51.610534],[7.561396,51.608857],[7.561014,51.608848],[7.5606,51.607896],[7.561255,51.60343],[7.567999,51.602313],[7.579171,51.602788],[7.580972,51.602426],[7.581703,51.601878],[7.581951,51.601333],[7.581513,51.597611],[7.58178,51.596717],[7.582354,51.596117],[7.583307,51.595606],[7.592418,51.594434],[7.591115,51.591083],[7.592477,51.594573],[7.598835,51.592791],[7.600289,51.592551],[7.608533,51.59256],[7.611514,51.59226],[7.616668,51.591034],[7.624415,51.588543],[7.629263,51.587608],[7.629956,51.588965],[7.630801,51.588944],[7.631162,51.590293],[7.633241,51.592187],[7.633942,51.593201],[7.634092,51.593966],[7.634241,51.593953],[7.632562,51.597263],[7.634026,51.597371],[7.637978,51.599793],[7.643489,51.60169],[7.644505,51.601626],[7.644781,51.602022],[7.647341,51.601667],[7.648221,51.601377],[7.650617,51.602423],[7.655649,51.603224],[7.660692,51.603644],[7.660448,51.604288],[7.66119,51.604467],[7.661103,51.605039],[7.664398,51.606314],[7.665515,51.605765],[7.666416,51.604951],[7.667291,51.603769],[7.668525,51.60445],[7.673023,51.605032],[7.673754,51.605308],[7.674101,51.605661],[7.674615,51.605008],[7.680845,51.608104],[7.682022,51.607833],[7.686366,51.607764]],[[7.711757,51.613216],[7.706988,51.611537],[7.7119600007550435,51.613264510703175],[7.711757,51.613216]],[[7.71323,51.613568],[7.712541456970431,51.61340346018574],[7.71333249310752,51.6135475013785],[7.71323,51.613568]],[[7.715552853176047,51.61292315278523],[7.714888,51.613615],[7.715552853176046,51.61292315278523],[7.715552853176047,51.61292315278523]],[[7.824401,51.578253],[7.823924,51.579697],[7.8243392020869145,51.57811796011585],[7.824401,51.578253]],[[7.451492,51.610408],[7.45158,51.609895],[7.4515670681532225,51.61047139088494],[7.451492,51.610408]],[[7.451762,51.610636],[7.451642216510945,51.61053484949813],[7.4520113728094985,51.610611616880846],[7.451762,51.610636]],[[7.453622,51.611353],[7.452396885240801,51.610691785580315],[7.452773,51.61077],[7.453622,51.611353]],[[7.464696,51.630559],[7.465190296996942,51.630003999863085],[7.465193,51.630068],[7.464696,51.630559]],[[7.46141650532129,51.63870530222269],[7.461590124566756,51.63876174985914],[7.461522,51.638771],[7.46141650532129,51.63870530222269]],[[7.460239,51.637972],[7.459148536633468,51.636997993886204],[7.459186,51.637008],[7.4611145264736285,51.638517242129716],[7.460239,51.637972]],[[7.458557,51.63684],[7.458903009753013,51.63693241595947],[7.458380585529535,51.636861424514464],[7.458557,51.63684]],[[7.4543080215479725,51.638007855565704],[7.457643,51.636951],[7.458044975198774,51.63690218244304],[7.4543080215479725,51.638007855565704]],[[7.453423,51.639061],[7.453527,51.638595],[7.453489333658811,51.63922062874023],[7.453423,51.639061]],[[7.453578,51.639434],[7.453537195607035,51.63933580620274],[7.454033,51.639915],[7.453578,51.639434]],[[7.456689762862537,51.64048850172241],[7.456468810228806,51.64041189405743],[7.456636,51.640446],[7.456689762862537,51.64048850172241]],[[7.456985920425429,51.640939523542954],[7.45677075963508,51.64055253295476],[7.456932,51.64068],[7.456985920425429,51.640939523542954]],[[7.4569398940074,51.64132015166549],[7.457015743590466,51.641083064944766],[7.457039,51.641195],[7.4569398940074,51.64132015166549]],[[7.472663,51.647553],[7.472543130759819,51.647460578580095],[7.473886,51.647962],[7.472663,51.647553]],[[7.560636,51.630729],[7.5583337348991195,51.63143016235246],[7.558354,51.631404],[7.560636,51.630729]],[[7.567561,51.628537],[7.567596,51.627725],[7.567659504867806,51.62878801626545],[7.567561,51.628537]],[[7.714390974360222,51.610452461588984],[7.714371,51.61043],[7.714354,51.608955],[7.714390974360222,51.610452461588984]],[[7.714091,51.607004],[7.714414766685649,51.606742458743426],[7.714417,51.606781],[7.714091,51.607004]],[[7.323024,51.618705],[7.324279,51.618371],[7.324437061917659,51.618356478014654],[7.323024,51.618705]],[[7.332138806903667,51.62667993253154],[7.332207945068486,51.62681773692832],[7.332153,51.62677],[7.332138806903667,51.62667993253154]],[[7.332481735725517,51.627055609504104],[7.333209,51.62701],[7.332557,51.627121],[7.332481735725517,51.627055609504104]],[[7.342302,51.621744],[7.343566,51.62184],[7.3436876998918414,51.621868517320195],[7.342302,51.621744]],[[7.417378,51.661791],[7.417623461296971,51.661830745788755],[7.415708316899424,51.661953451715284],[7.417378,51.661791]],[[7.418715435308577,51.66200756131499],[7.418959,51.662047],[7.419023295229373,51.66207442230265],[7.418715435308577,51.66200756131499]],[[7.420619,51.662755],[7.423266374142939,51.662702749194544],[7.423068,51.66273],[7.420619,51.662755]],[[7.423593513659655,51.66265780979269],[7.425242,51.661892],[7.423745,51.662637],[7.423593513659655,51.66265780979269]],[[7.426419,51.661682],[7.426512658379606,51.661692831241176],[7.425242,51.661892],[7.426419,51.661682]],[[7.427742,51.661835],[7.429698834459756,51.66250256846408],[7.429626,51.662502],[7.427742,51.661835]],[[7.430162619323469,51.66250618824838],[7.4320058898580355,51.662449368165845],[7.431676,51.662518],[7.430162619323469,51.66250618824838]],[[7.439376,51.661294],[7.443574925797082,51.65973509406097],[7.443371,51.659876],[7.439376,51.661294]],[[7.44378614527466,51.65958914843145],[7.444732547829583,51.65856609197805],[7.444002,51.65944],[7.44378614527466,51.65958914843145]],[[7.443606,51.647841],[7.443795,51.647153],[7.44382103478877,51.64713880675171],[7.443606,51.647841]],[[7.451687,51.642459],[7.452237,51.642345],[7.454262522580715,51.642459],[7.451687,51.642459]],[[7.45659,51.641762],[7.4550717941176385,51.642459],[7.456687217796947,51.64163923275976],[7.45659,51.641762]],[[7.675983091594827,51.66103375646552],[7.676017,51.661067],[7.675992046701974,51.66115116787033],[7.675983091594827,51.66103375646552]],[[7.675639,51.662342],[7.675837590176986,51.66250521378918],[7.675766,51.662511],[7.675639,51.662342]],[[7.676020009568286,51.662490469908114],[7.676703213751385,51.6622124659763],[7.676397,51.66246],[7.676020009568286,51.662490469908114]],[[7.676816315103328,51.66212103823145],[7.677174,51.661488],[7.676851,51.662093],[7.676816315103328,51.66212103823145]],[[7.677285781844706,51.66040614614646],[7.677289,51.660375],[7.677584,51.659914],[7.677285781844706,51.66040614614646]],[[7.678219,51.6598],[7.678357314936204,51.659830937171186],[7.677584,51.659914],[7.678219,51.6598]],[[7.679070539610334,51.65999046552328],[7.679292,51.66004],[7.679332214589055,51.66007358581064],[7.679070539610334,51.65999046552328]],[[7.679368,51.662686],[7.67921507671689,51.66217837575066],[7.679453674877948,51.66276103937586],[7.679368,51.662686]],[[7.679598759321639,51.662888113336884],[7.6800441636115835,51.663144592928006],[7.679803,51.663067],[7.679598759321639,51.662888113336884]],[[7.68117140005478,51.663507274410556],[7.681819245556222,51.66367784242905],[7.681615,51.66365],[7.68117140005478,51.663507274410556]],[[7.682634740689241,51.66378900942729],[7.686824297214941,51.664292685563375],[7.68664,51.664335],[7.682634740689241,51.66378900942729]],[[7.6872497935300075,51.66419499208025],[7.687402989850754,51.66413472298507],[7.687363,51.664169],[7.6872497935300075,51.66419499208025]],[[7.6877470113894955,51.66383984738044],[7.687958896156223,51.66363176134458],[7.687944,51.663671],[7.6877470113894955,51.66383984738044]],[[7.688136969045887,51.66202507767961],[7.688136,51.661936],[7.688172216663371,51.66192102478142],[7.688136969045887,51.66202507767961]],[[7.688379652235189,51.66183525230158],[7.688818,51.661654],[7.68892147170393,51.66165771436886],[7.688379652235189,51.66183525230158]],[[7.716310561970089,51.66847555595788],[7.716582,51.668481],[7.716623926071487,51.66849962170967],[7.716310561970089,51.66847555595788]],[[7.71682826048126,51.668590378031936],[7.716967,51.668652],[7.716946051047937,51.66868109576676],[7.71682826048126,51.668590378031936]],[[7.721048,51.670788],[7.721203,51.670875],[7.721166600127002,51.67102070782495],[7.721048,51.670788]],[[7.721030489535626,51.6715655552815],[7.720879282924131,51.67217083174715],[7.720864,51.672143],[7.721030489535626,51.6715655552815]],[[7.721008569517445,51.67240627568085],[7.721118061590208,51.672550344197646],[7.721082,51.67254],[7.721008569517445,51.67240627568085]],[[7.72696,51.673423],[7.727105879684826,51.673730162814635],[7.727075,51.673718],[7.72696,51.673423]],[[7.727741117399879,51.67413935826272],[7.727895,51.674233],[7.728128,51.674641],[7.727741117399879,51.67413935826272]],[[7.24532,51.701242],[7.243644201417327,51.69692665116547],[7.243737,51.697068],[7.24532,51.701242]],[[7.293716748320917,51.635889827081144],[7.293604,51.63547],[7.29374,51.635855],[7.293716748320917,51.635889827081144]],[[7.415301873242498,51.661992996626054],[7.413089944648331,51.66256064374386],[7.41332,51.662458],[7.415301873242498,51.661992996626054]],[[7.543928,51.679348],[7.543995,51.679102],[7.54394227684396,51.67936219219864],[7.543928,51.679348]],[[7.545447,51.682427],[7.546059099800998,51.681364031733594],[7.546115,51.681432],[7.545447,51.682427]],[[7.544508,51.652955],[7.544551,51.651602],[7.54452098154024,51.65297800746194],[7.544508,51.652955]]],[[[7.000635,51.357318],[6.999715,51.35739],[6.99961,51.357048],[6.999117,51.357042],[6.997161253024644,51.357516939541895],[6.9990418,51.357182],[6.9997117,51.357392],[7.000798331566814,51.357427463836665],[7.000635,51.357318]]],[[[6.991214,51.359094],[6.990083,51.358148],[6.988257,51.358464],[6.987318,51.357947],[6.986744992437384,51.357550007200636],[6.9879705,51.3586468],[6.9899036,51.3582409],[6.9909141,51.3591675],[6.991387,51.3593411],[6.991815753559046,51.35916699961208],[6.991824,51.359168],[6.991214,51.359094]]],[[[6.986403,51.357001],[6.986379247358108,51.35698052977888],[6.9862567,51.357113],[6.986309659376025,51.357160397065556],[6.986403,51.357001]]],[[[6.980342,51.353964],[6.979988,51.354015],[6.9798334689621235,51.35434084372692],[6.979845247998363,51.35431600648309],[6.9799757,51.3541723],[6.980435337211461,51.35401574653692],[6.980728,51.354178],[6.980342,51.353964]]],[[[6.979767,51.354481],[6.979844058500955,51.35465198779798],[6.9797967742047256,51.35441821819275],[6.979767,51.354481]]],[[[6.97994247765568,51.355362176867864],[6.9799991,51.3554185],[6.979981359789178,51.35533079388167],[6.980105,51.355231],[6.97994247765568,51.355362176867864]]],[[[6.977313,51.355877],[6.977790855164045,51.35584448387849],[6.977837,51.3560261],[6.978339380967637,51.35580715890427],[6.979488,51.355729],[6.977313,51.355877]]],[[[6.976133,51.352746],[6.975919,51.35256],[6.975299525445246,51.35244334931922],[6.9756963,51.3525965],[6.976253739637388,51.35310578324225],[6.976827,51.354814],[6.976133,51.352746]]],[[[6.971871,51.351403],[6.969450323411276,51.350392558351814],[6.9695562,51.3505097],[6.9718949,51.3514636],[6.9725268,51.3519096],[6.97256081916156,51.35191480131341],[6.971871,51.351403]]],[[[6.968668,51.350066],[6.969450323411273,51.350392558351814],[6.969450323411276,51.350392558351814],[6.968668,51.350066]]],[[[6.966512926292914,51.34833877383934],[6.966512926293084,51.348338773839394],[6.969779,51.349419],[6.966512926292914,51.34833877383934]]],[[[6.964506,51.347675],[6.964041,51.347757],[6.963801,51.348],[6.963288,51.347779],[6.963241845416439,51.34784077613492],[6.9637921,51.348038],[6.964078239291604,51.34775043307116],[6.964440413591474,51.34768656577527],[6.966512926292914,51.34833877383934],[6.964506,51.347675]]],[[[6.962081,51.348924],[6.962537286618286,51.348749646576756],[6.9625433,51.3487479],[6.96254384816261,51.34874713931998],[6.962573,51.348736],[6.962081,51.348924]]],[[[6.961114591304353,51.347739052173914],[6.9620303,51.3488969],[6.962053421085449,51.34889018451904],[6.962081,51.348924],[6.961114591304353,51.347739052173914]]],[[[6.961002,51.347601],[6.961114591304283,51.34773905217383],[6.961114591304353,51.347739052173914],[6.961002,51.347601]]],[[[6.953273,51.349454],[6.953251374567257,51.349464761664834],[6.954329981458828,51.349200592490206],[6.961002,51.347601],[6.953273,51.349454]]],[[[6.95108,51.349186],[6.950329,51.349798],[6.946869,51.351438],[6.946875040535795,51.35143513685587],[6.9469816,51.3514636],[6.9505551,51.3497018],[6.951104,51.3492588],[6.9521703,51.3499926],[6.952205168661941,51.34997480871803],[6.952214,51.349981],[6.95108,51.349186]]],[[[6.945795,51.351098],[6.945211,51.351433],[6.944680467722734,51.35099028620549],[6.9446729,51.3510096],[6.9452378,51.3514716],[6.9458098,51.3511506],[6.9467784955296095,51.351409348677905],[6.945795,51.351098]]],[[[6.944786,51.350694],[6.943254,51.349825],[6.942604,51.350256],[6.943173033509502,51.3498786870114],[6.944102,51.3504107],[6.944025,51.3505827],[6.944453,51.3505137],[6.944747459553098,51.35075384541444],[6.944625,51.350944],[6.944786,51.350694]]],[[[6.939487,51.350566],[6.938851209840997,51.35082833175615],[6.9392087,51.3510896],[6.939504284695948,51.35094280637167],[6.939487,51.350566]]],[[[6.938421,51.350522],[6.93745,51.350311],[6.937649905910976,51.35035443990444],[6.938432086797215,51.350532002219225],[6.938421,51.350522]]],[[[6.935638,51.349342],[6.935574141263979,51.3493619027966],[6.9374167,51.3503015],[6.937443694444101,51.350307627989146],[6.935638,51.349342]]],[[[6.934284,51.349764],[6.933715,51.349526],[6.932324,51.350367],[6.931315,51.350349],[6.931474311167775,51.35035184202282],[6.9315294,51.3504181],[6.9323697,51.3503747],[6.933732996535585,51.349533527549156],[6.934172262819073,51.34971726283118],[6.9342808,51.3497668],[6.934348556804759,51.349743879636925],[6.934284,51.349764]]],[[[6.986530209767854,51.43258778446565],[6.9900368,51.4320228],[6.9873097,51.4324049],[6.986530209767854,51.43258778446565]]],[[[6.9832894,51.4304383],[6.983342565516735,51.430458518709365],[6.983215369202072,51.430348119957586],[6.9832894,51.4304383]]],[[[6.9855512,51.4224149],[6.985520205214871,51.422456481931995],[6.9862432,51.4219155],[6.9855512,51.4224149]]],[[[6.9795586,51.4187378],[6.9787959,51.4194309],[6.9816385,51.4170495],[6.9795586,51.4187378]]],[[[6.9817454,51.397031],[6.9828273952946835,51.39810163075289],[6.9828271,51.3980157],[6.9817454,51.397031]]],[[[6.98240923871468,51.38977209230684],[6.9823229,51.3910565],[6.9824692,51.3898856],[6.98240923871468,51.38977209230684]]],[[[6.9821297,51.3892875],[6.982178885759343,51.38933603039733],[6.982098841787213,51.38918450584979],[6.9821297,51.3892875]]],[[[6.98196924172955,51.3887519452249],[6.98192013731857,51.388340412028754],[6.9818522,51.3883613],[6.98196924172955,51.3887519452249]]],[[[6.9820475,51.3872991],[6.982007416317347,51.387191539629846],[6.9818522,51.3883613],[6.9820475,51.3872991]]],[[[7.0140382,51.3878307],[7.0157628,51.3890516],[7.0154299,51.3886744],[7.0140382,51.3878307]]],[[[6.9773067,51.4184307],[6.9764203,51.4178245],[6.9736292,51.4159365],[6.9773067,51.4184307]]],[[[6.9578731,51.3820422],[6.9584295,51.3822537],[6.958756428426138,51.38222769257319],[6.9578731,51.3820422]]],[[[6.969751350141121,51.433102696068644],[6.9697356,51.4332793],[6.969893151531798,51.43369806740481],[6.969751350141121,51.433102696068644]]],[[[6.970288084734976,51.43474778841152],[6.9705291,51.4353884],[6.9704156,51.4348901],[6.970288084734976,51.43474778841152]]],[[[6.979893865998124,51.43506052445913],[6.9807861,51.434822],[6.982936760983961,51.433832926694734],[6.979893865998124,51.43506052445913]]],[[[6.984884962459915,51.43304696208288],[6.985554342517956,51.432816743024965],[6.9853184,51.4328721],[6.984884962459915,51.43304696208288]]],[[[6.9919873,51.4227573],[6.99298797699382,51.422809783059115],[6.99072722002243,51.42257263480874],[6.9919873,51.4227573]]],[[[7.0350771,51.409694],[7.0342333,51.4097804],[7.034048005587822,51.40987465128668],[7.0350771,51.409694]]],[[[7.042110439003711,51.37004393436531],[7.0396737,51.3707353],[7.041701,51.3702841],[7.042110439003711,51.37004393436531]]],[[[7.040740950048408,51.42852390363512],[7.0400867,51.4280236],[7.04035769041922,51.42842678663459],[7.040740950048408,51.42852390363512]]]]},"properties":{"status":"normal","zone_type":"magenta","label":"Normal / Stadt · Rhein-Ruhr-Megaplex","basis":"Kommunaler Arbeitsumriss abzüglich der bereits erfassten S-K-Enklave","topology":"disjoint","source":"Code for Germany / Click That Hood","source_url":"https://github.com/codeforgermany/click_that_hood"}}]}
